method,state,display_label,duration_us,draw_id,selected_start_id,converged_start_count,optimizer_failure,residual_failure,eta_hat,d_hat_um,sigma_y_hat_um,y0_hat_um,d_peak_hat_um,d_peak_truth_um,d_peak_bias_um,nu_vp_hat,nu_vp_truth,nu_vp_bias,d_peak_conditional_sd_um,nu_vp_conditional_sd,d_peak_multistart_shift_sd,nu_vp_multistart_shift_sd,d_peak_supported,nu_vp_supported,support_reasons_json,topology_valid,physical_censored,nuisance_censored,morphology_rank_after_projection,raw_objective,reduced_raw_objective,maximum_absolute_whitened_residual,active_physical_bounds,active_nuisance_bounds
dgi,connected_modulated,SSP,25,0,4,5,false,false,0.7844794813080465,2.829049985068501,0.9245449637109163,-0.061196230798330836,2.7935550574845003,2.751540046488,0.04201501099650029,0.606855898489984,0.6494770333465083,-0.0426211348565243,0.03836212099591862,0.049510484228564064,0.019052465857594958,0.06754801878644326,false,false,"[""calibration_bound""]",true,false,true,3,5949.988204212647,0.9859135383948049,3.8866829940718897,0,2
dgi,connected_modulated,SSP,25,1,2,5,false,false,0.9474344795120138,2.8443576464266647,0.9474017967240483,0.040855842971878366,2.8011339376690003,2.751540046488,0.04959389118100033,0.6321325514896255,0.6494770333465083,-0.017344481856882754,0.04176583590501218,0.05141968006173598,0.006346242802448531,0.043828420297127066,true,true,[],true,false,false,3,6136.244876510059,1.016776284425859,4.715121603331029,0,2
dgi,connected_modulated,SSP,25,2,2,5,false,false,1.2814161873260956,2.8081310765912453,0.9810374048316516,-0.07747715999646544,2.7404244879795,2.751540046488,-0.0111155585085001,0.6940002421602667,0.6494770333465083,0.044523208813758375,0.05156363720814299,0.05604073078032718,0.041868965435567444,0.045185449276823865,true,true,[],true,false,false,3,5735.955803729752,0.9504483519021959,3.624759608503209,0,0
dgi,connected_modulated,SSP,25,3,1,5,false,false,0.7747779204680861,2.8090853214331455,0.930611135484549,0.07959983097501444,2.768639275761,2.751540046488,0.017099229273000116,0.6249790367398669,0.6494770333465083,-0.024497996606641426,0.0410119544256551,0.05107612971838224,0.1791237484991611,0.028764358882938594,false,false,"[""calibration_bound""]",true,false,true,3,5986.2788498696245,0.9919269013868475,3.862107002265602,0,1
dgi,connected_modulated,SSP,25,4,2,5,false,false,0.7400525398931453,2.73581060774864,0.8932489752918429,0.06003223096425058,2.701807299714,2.751540046488,-0.04973274677400008,0.6056237034350316,0.6494770333465083,-0.043853329911476724,0.03963106974990975,0.05197926836258011,0.1327028814182383,0.06022025459480263,true,true,[],true,false,false,3,5990.877197398668,0.9926888479533832,3.7197183300087486,0,2
dgi,connected_modulated,SSP,25,5,2,5,false,false,1.0776854918771677,2.8843627268768226,0.9365309520110302,0.09176894123427001,2.8504981806879996,2.751540046488,0.09895813419999966,0.5981947059473047,0.6494770333465083,-0.051282327399203576,0.04093661478425449,0.05210995314015325,0.08439798463326412,0.059462468628187215,true,true,[],true,false,false,3,6024.920354842986,0.9983298019623837,3.895921750214815,0,2
dgi,connected_modulated,SSP,25,6,0,5,false,false,1.2281022191840596,2.7743843965016453,0.9264473286558419,-0.030006945613043345,2.731145783214,2.751540046488,-0.020394263273999957,0.6354902107455564,0.6494770333465083,-0.013986822600951854,0.042431111108071885,0.054965296320148085,0.06867363230434051,0.042752763528085276,true,true,[],true,false,false,3,5797.199008664645,0.9605963560339097,3.535001592117008,0,1
dgi,connected_modulated,SSP,25,7,3,5,false,false,0.7972289636241779,2.789320925275938,0.9461081771899623,-0.011582261774834162,2.738634432299,2.751540046488,-0.012905614189000048,0.6560046118355702,0.6494770333465083,0.006527578489061936,0.04124492919757346,0.04939131440379956,0.10907763382134082,0.010067744272600031,false,false,"[""calibration_bound""]",true,false,true,3,6079.230326331966,1.0073289687376912,3.8491534479232414,0,2
dgi,connected_modulated,SSP,25,8,3,5,false,false,0.8026509183235782,2.8851231757808815,1.047323260957876,-0.010893659723493472,2.7858914228985,2.751540046488,0.03435137641050012,0.7412689869342144,0.6494770333465083,0.09179195358770609,0.05352410278691632,0.04652160092005615,0.16553856715307358,0.6469524862601992,true,false,"[""nu_vp_multistart_ambiguity""]",true,false,false,3,5965.552097812881,0.9884924768538328,4.088529450110302,0,2
dgi,connected_modulated,SSP,25,9,3,5,false,false,1.1205712014038163,2.8095527370595508,0.9298070463372548,0.02423542441484343,2.7695157824315,2.751540046488,0.017975735943500215,0.6236118945649998,0.6494770333465083,-0.025865138781508534,0.04219824399132604,0.053481769804060685,0.16622552241609873,0.07495467625655562,true,true,[],true,false,false,3,5785.9508166066935,0.9587325296779939,3.6811830557226863,0,1
dgi,connected_modulated,SSP,25,10,3,5,false,false,1.1504855448094062,2.790609166071293,0.9247983544673103,0.02331487299359497,2.7502948319725,2.751540046488,-0.0012452145154999705,0.6254208252613043,0.6494770333465083,-0.024056208085204034,0.04005238026609156,0.05393919712222306,0.11152762832879076,0.06585647838519557,true,true,[],true,false,false,3,5847.24655898124,0.9688892392678111,3.5658952005219957,0,0
dgi,connected_modulated,SSP,25,11,2,5,false,false,1.1438237013499033,2.7931615790606505,0.9255984315693171,-0.006001439135742906,2.7528303518259998,2.751540046488,0.0012903053379997864,0.6253552525948852,0.6494770333465083,-0.02412178075162308,0.042427306774710925,0.05510245776409085,0.009433662467081038,0.0025051023365848424,true,true,[],true,false,false,3,5881.795067427022,0.9746139299796226,3.809444984412426,0,1
dgi,connected_modulated,SSP,25,12,3,5,false,false,1.2980060063696308,2.833394732394545,0.8581092170385716,-0.023281401732987747,2.817734716555,2.751540046488,0.06619467006699997,0.5047393880461529,0.6494770333465083,-0.14473764530035538,0.0360875851437767,0.053717433883638054,0.16306058026758183,0.08471113869347476,true,true,[],true,false,false,3,5872.9454121174595,0.9731475413616337,4.242914535693548,0,1
dgi,connected_modulated,SSP,25,13,3,5,false,false,0.8017640215211063,2.7787097372078127,0.9214854597977099,-0.014307120860055565,2.738291358194,2.751540046488,-0.013248688293999944,0.6263280708512874,0.6494770333465083,-0.023148962495220915,0.03767436874933787,0.048558348058779906,0.09088815590467976,0.052211670193227845,false,false,"[""calibration_bound""]",true,false,true,3,5909.804838307869,0.9792551513351896,5.0245698183139975,0,2
dgi,connected_modulated,SSP,25,14,2,5,false,false,1.1765230592343763,2.7408640764384042,0.8978668516585399,-0.11169346030286559,2.7056293809835,2.751540046488,-0.04591066550450007,0.6100409718534272,0.6494770333465083,-0.0394360614930811,0.04056826501675786,0.05509259755398487,0.03418115720322677,0.15200199222115365,true,true,[],true,false,false,3,6057.220023708391,1.0036818597694102,4.076112158292634,0,2
dgi,connected_modulated,SSP,25,15,4,5,false,false,1.295931323058937,2.7987934900708265,0.9619083942988673,-0.01816060179307966,2.741033163814,2.751540046488,-0.010506882674000018,0.6730905294535092,0.6494770333465083,0.02361349610700092,0.049716276896040516,0.05807715737238122,0.006197825043179943,0.019995668857483103,true,true,[],true,false,false,3,6019.150955757099,0.9973738120558573,3.778564095513014,0,1
dgi,connected_modulated,SSP,25,16,2,5,false,false,0.7871177701849859,2.8522137999886907,0.950828175485844,-0.019522929369849843,2.808501996756,2.751540046488,0.056961950268000106,0.6332582394310704,0.6494770333465083,-0.0162187939154379,0.04211585543600673,0.050097460866154936,0.08718742030729197,0.03325939435030164,false,false,"[""calibration_bound""]",true,false,true,3,5921.907420264113,0.9812605501680386,4.446018600022145,0,2
dgi,connected_modulated,SSP,25,17,0,5,false,false,1.0844685463401729,2.8798459747442586,0.9459233077003724,0.04235206769391771,2.8418056076680003,2.751540046488,0.09026556118000029,0.6136067279126661,0.6494770333465083,-0.035870305433842176,0.041270299388601744,0.05211333175054552,0.12250205871770732,0.0822313695696327,true,true,[],true,false,false,3,6094.629084025522,1.0098805441633012,3.6969466078912343,0,0
dgi,connected_modulated,SSP,25,18,1,5,false,false,0.8125958313453465,2.7701966097594406,0.9417096267636083,0.009942008508825257,2.71875953339,2.751540046488,-0.0327805130979999,0.6588981907856173,0.6494770333465083,0.009421157439108985,0.043359583324548034,0.05103535644682328,0.14382024531517154,0.10962085769320326,true,true,[],true,false,false,3,5907.319407537312,0.9788433152505902,3.8544009925794995,0,1
dgi,connected_modulated,SSP,25,19,2,5,false,false,0.8216485272470431,2.7908099561874797,0.9527031993598073,0.06817885236311692,2.736842470979,2.751540046488,-0.014697575508999972,0.6643483524726056,0.6494770333465083,0.014871319126097293,0.042949959582826915,0.049841691421720145,0.05686861442302706,0.08442140939218791,true,true,[],true,false,false,3,6124.058494426527,1.0147569999049755,3.9219521862394537,0,1
dgi,connected_modulated,SSP,25,20,2,5,false,false,1.1301100950494816,2.765896659907734,0.8958570668197158,0.023758936043270687,2.7342365728205,2.751540046488,-0.017303473667499958,0.5948991939062168,0.6494770333465083,-0.05457783944029149,0.037403439877763366,0.05152784274597204,0.07457746503038819,0.06330213885201041,true,true,[],true,false,false,3,5998.959587079156,0.9940281005930665,3.6285071612375144,0,1
dgi,connected_modulated,SSP,25,21,3,5,false,false,0.7953984663987163,2.816715782247897,0.9430411622795826,-0.01843067056401743,2.771668159963,2.751540046488,0.02012811347500021,0.6389316639658318,0.6494770333465083,-0.010545369380676517,0.04267239208325347,0.049957850953314724,0.27579988340092937,0.11174142882709824,false,false,"[""calibration_bound""]",true,false,true,3,5804.576604815308,0.9618188243273087,4.280063355990663,0,1
dgi,connected_modulated,SSP,25,22,3,5,false,false,0.7755719843137295,2.733233659313207,0.9734366037047554,0.04748549660223927,2.6543442029465,2.751540046488,-0.0971958435414999,0.7180807983014099,0.6494770333465083,0.06860376495490161,0.051795941248199966,0.05181177638579124,0.029330127870835214,0.03814009036777165,true,true,[],true,false,false,3,6015.005154836017,0.9966868524997543,3.6149771639256607,0,2
dgi,connected_modulated,SSP,25,23,2,5,false,false,1.0025400194049392,2.8259237741855983,0.955889111482413,0.050403077345260616,2.7759316192405,2.751540046488,0.024391572752500146,0.6524099804327778,0.6494770333465083,0.002932947086269455,0.04209214581235556,0.05110461496030367,0.21674570457090955,0.2354693008021586,true,true,[],true,false,false,3,5933.334465401731,0.9831540124940731,4.157496311070014,0,0
dgi,connected_modulated,SSP,25,24,1,5,false,false,1.149267908007693,2.782530261574809,0.9015827996932676,0.07736091072865071,2.7505562343375,2.751540046488,-0.0009838121504999187,0.5954014652572697,0.6494770333465083,-0.054075568089238635,0.038262987760942946,0.053164215065925606,0.028751300444003737,0.11218061908187885,true,true,[],true,false,false,3,5781.835706862678,0.9580506556524736,4.03194799337859,0,0
dgi,connected_modulated,SSP,25,25,2,5,false,false,0.7772152152710675,2.7634962855715637,0.9231580115357296,-0.003491243666821294,2.7202667298575003,2.751540046488,-0.0312733166304997,0.6359856260436971,0.6494770333465083,-0.013491407302811176,0.04062620584819476,0.050436784792828274,0.16702669691469454,0.07382913694776957,true,true,[],true,false,false,3,6179.700356207106,1.023976861011948,3.855299876564953,0,2
dgi,connected_modulated,SSP,25,26,1,5,false,false,0.7758433251177127,2.7673987950180856,0.9556586935848854,0.07110212307936568,2.7076245713505003,2.751540046488,-0.043915475137499715,0.6792151129060624,0.6494770333465083,0.029738079559554098,0.04531742642896615,0.05107439178874767,0.04002508109861324,0.052856977699628604,true,true,[],true,false,false,3,5937.938274612474,0.983916864061719,3.612829583747705,0,0
dgi,connected_modulated,SSP,25,27,2,5,false,false,0.7743043211151126,2.74414080951498,0.9758954791113441,-0.022061744323955367,2.6660008397809998,2.751540046488,-0.08553920670700021,0.7162775688569927,0.6494770333465083,0.06680053551048437,0.049172571958214076,0.04977964219152471,0.04043774035633617,0.029064986312877617,true,true,[],true,false,false,3,6073.886912877394,1.0064435646855665,4.054964711818756,0,1
dgi,connected_modulated,SSP,25,28,3,5,false,false,0.8561347364850371,2.778041195981293,0.9664155871119262,-0.09858486577573862,2.713692494665,2.751540046488,-0.037847551822999925,0.6886133351739526,0.6494770333465083,0.03913630182744432,0.04651051658657663,0.050747272797935845,0.09284878675689627,0.05363847316230535,true,true,[],true,false,false,3,5896.596421622254,0.9770665155960653,3.690835386764955,0,1
dgi,connected_modulated,SSP,25,29,3,5,false,false,1.28529970239227,2.788910089852704,0.9623067509214466,0.07832808417640613,2.7291355379324997,2.751540046488,-0.022404508555500247,0.6781747065470543,0.6494770333465083,0.028697673200545948,0.05114202673720705,0.05848893551823054,0.10643329747116888,0.07965121477707345,true,true,[],true,false,false,3,5989.09430358105,0.9923934223000911,3.7504903552999824,0,1
dgi,connected_modulated,SSP,25,30,1,5,false,false,0.757236130544809,2.800134494276687,0.9273661236589337,-0.04087465408423774,2.759938964905,2.751540046488,0.008398918416999912,0.624579118995984,0.6494770333465083,-0.024897914350524353,0.04139531722478819,0.05226134873598544,0.1562189702613903,0.009372810226909082,true,true,[],true,false,false,3,5846.835027025973,0.968821048388728,3.7043203231114568,0,0
dgi,connected_modulated,SSP,25,31,3,5,false,false,0.7864601231168094,2.8589435622397508,1.0969247154078,-0.008085912506698777,2.6971183193305,2.751540046488,-0.054421727157500044,0.8037544729911694,0.6494770333465083,0.15427743964466112,0.08133826804513829,0.04678038963032494,0.042419231622751956,0.05565179514429261,false,false,"[""calibration_bound""]",true,false,true,3,5702.932813871445,0.9449764397467184,4.299639997763226,0,2
dgi,connected_modulated,SSP,25,32,3,5,false,false,1.2382089790852255,2.7852065137781357,0.927042457759699,0.01678782835229527,2.7431791849155003,2.751540046488,-0.008360861572499712,0.6311956315190812,0.6494770333465083,-0.018281401827427102,0.04135549875287369,0.05508236527533947,0.1975420032005385,0.22340595731687815,true,true,[],true,false,false,3,6076.624929416823,1.0068972542529946,3.575266337273987,0,2
dgi,connected_modulated,SSP,25,33,4,5,false,false,0.8925354436368574,2.8329855172833214,1.0141338519148002,-0.048189536868570866,2.7472615343035,2.751540046488,-0.004278512184499927,0.7243638889146158,0.6494770333465083,0.07488685556810748,0.05039532252354995,0.047998130103260046,0.18274955623503705,0.49648559139397574,true,true,[],true,false,false,3,6163.780698575233,1.0213389724234023,4.126667096378317,0,2
dgi,connected_modulated,SSP,25,34,3,5,false,false,1.1920088290650228,2.7818963780630197,0.8747528625877216,0.025933167746498217,2.7585882799185,2.751540046488,0.007048233430499984,0.5551415276882228,0.6494770333465083,-0.09433550565828552,0.036390951354392215,0.0533573938145879,0.08978988462487217,0.04630605985065948,true,true,[],true,false,false,3,6022.804088612278,0.9979791364726227,4.432874397597563,0,0
dgi,connected_modulated,SSP,25,35,2,5,false,false,0.7795595288698874,2.838752540364487,0.9709496118596599,-0.08891918953447972,2.7828213294874997,2.751540046488,0.03128128299949973,0.6668609830337734,0.6494770333465083,0.017383949687265088,0.04429034810664716,0.05023329401455258,0.009159570873604668,0.026818094302478914,false,false,"[""calibration_bound""]",true,false,true,3,6215.575291449312,1.0299213407538215,4.070635294158023,0,3
dgi,connected_modulated,SSP,25,36,3,5,false,false,1.160071040337599,2.721115238816676,0.8373470389697968,0.008285976426008826,2.703117819388,2.751540046488,-0.048422227100000104,0.526093904466054,0.6494770333465083,-0.12338312888045433,0.03527091200994072,0.05167874571174163,0.039938609670848835,0.032730630070580774,true,true,[],true,false,false,3,5926.202338123043,0.9819722184130975,4.053645593347777,0,2
dgi,connected_modulated,SSP,25,37,1,5,false,false,0.90766510035195,2.7591656445560866,0.96777616638758,-0.018870462223558034,2.6901002800865,2.751540046488,-0.06143976640150006,0.6990289635564559,0.6494770333465083,0.04955193020994764,0.046437752699894176,0.05020744544307251,0.00825917182036759,0.203401071996385,true,true,[],true,false,false,3,5817.533076513137,0.9639657127610831,3.6338648084973904,0,0
dgi,connected_modulated,SSP,25,38,2,5,false,false,1.0287131841168367,2.751504252577157,0.9353385584622077,-0.018063738536885237,2.70042312617,2.751540046488,-0.05111692031799997,0.6588749014964211,0.6494770333465083,0.009397868149912836,0.04493696106361906,0.05411968308390709,0.08249298684777694,0.047450650265889315,true,true,[],true,false,false,3,6167.477836028873,1.0219515884057784,3.8982959654655502,0,1
dgi,connected_modulated,SSP,25,39,2,5,false,false,1.0744936557043017,2.7683632479149707,0.9178937950417511,0.0019226554855847865,2.7281657576335,2.751540046488,-0.02337428885449988,0.6260963273005282,0.6494770333465083,-0.023380706045980082,0.04197184122054467,0.05466834025631095,0.06078248500214421,0.07124094804578575,true,true,[],true,false,false,3,6131.819820095842,1.0160430522114072,4.0265885404367525,0,2
dgi,connected_modulated,SSP,25,40,2,5,false,false,0.7851471914412878,2.8410364390145624,0.9662572607069231,0.017632693968567797,2.7880363842265004,2.751540046488,0.03649633773850036,0.6595263964247648,0.6494770333465083,0.010049363078256546,0.04369601481819243,0.05003825937119855,0.02446484530564027,0.01716361352430193,true,true,[],true,false,false,3,6017.672671473302,0.9971288602275563,4.462205549164755,0,2
dgi,connected_modulated,SSP,25,41,2,5,false,false,0.8043136645400489,2.7984176060128343,0.9736994430041502,-0.043416562992045674,2.733473649563,2.751540046488,-0.018066396925000117,0.6888686841107208,0.6494770333465083,0.03939165076421247,0.04562745657125105,0.049077833312721995,0.046060237583434326,0.05663144609076303,true,true,[],true,false,false,3,6122.854111871422,1.0145574336158114,4.485508753471935,0,2
dgi,connected_modulated,SSP,25,42,3,5,false,false,0.8826675817116582,2.7918955406687567,0.9284332821628989,-0.008451290593470443,2.7501431869445,2.751540046488,-0.0013968595435001063,0.6300057480977541,0.6494770333465083,-0.01947128524875419,0.037418190049066734,0.05008699605860438,0.12343791657061476,0.37613996675999517,true,true,[],true,false,false,3,5920.969566485681,0.9811051477192512,3.9008088112295427,0,1
dgi,connected_modulated,SSP,25,43,2,5,false,false,0.864746682872198,2.820470529923407,0.990130078808785,-0.013205922476428525,2.7492982750325003,2.751540046488,-0.0022417714554996415,0.7001121344805245,0.6494770333465083,0.05063510113401615,0.0500527748983227,0.05187123801637235,0.09500753679811239,0.024608151488279113,true,true,[],true,false,false,3,6041.286590192778,1.0010416885157876,3.9844808902998143,0,0
dgi,connected_modulated,SSP,25,44,2,5,false,false,1.4803563032135445,2.774130254358585,0.8721730489750765,0.016814708866287498,2.7509267259115,2.751540046488,-0.0006133205764999872,0.5549290551276,0.6494770333465083,-0.09454797821890826,0.03868990155285009,0.05663862643780598,0.026304347016997298,0.05148667782856699,true,true,[],true,false,false,3,6043.275857253069,1.0013713102324886,3.958066510361414,0,1
dgi,connected_modulated,SSP,25,45,2,5,false,false,0.8135523786876794,2.833319793730424,0.9505734512587479,-0.03081626436247505,2.7870673536234998,2.751540046488,0.035527307135499786,0.6416673153259386,0.6494770333465083,-0.007809718020569734,0.042570984587672174,0.05050727730470262,0.11433588738064886,0.0441850373082515,true,true,[],true,false,false,3,5924.092303188829,0.9816225854496816,4.112375657012516,0,2
dgi,connected_modulated,SSP,25,46,2,5,false,false,1.3862220805785705,2.7746278888114975,0.8436039789788918,0.009683844259430927,2.7585953809815,2.751540046488,0.007055334493499821,0.509969303829169,0.6494770333465083,-0.13950772951733925,0.035740426518621624,0.05329072191339885,0.05389175768499244,0.028571589935867458,true,true,[],true,false,false,3,6114.120224900408,1.0131102278211115,3.4868337014115687,0,1
dgi,connected_modulated,SSP,25,47,4,5,false,false,1.3038524207613615,2.813278594811442,0.8450816408489015,-0.0017363598750654548,2.799122439844,2.751540046488,0.04758239335600001,0.49383236500211003,0.6494770333465083,-0.15564466834439827,0.03467315358889613,0.05178204263824449,0.06394519119282978,0.03370728902067638,true,true,[],true,false,false,3,5909.691435588356,0.9792363604951709,3.950724559190895,0,1
dgi,connected_modulated,SSP,25,48,1,5,false,false,1.1242206073760208,2.708052705949239,0.8775854204484665,0.0015091238113681407,2.6768852660705003,2.751540046488,-0.07465478041749973,0.5956066308572178,0.6494770333465083,-0.053870402489290536,0.038302444101341974,0.052689756501427855,0.34326481503928413,0.13811170438041684,true,true,[],true,false,false,3,5996.853957557389,0.9936791976068581,3.6924450352331877,0,0
dgi,connected_modulated,SSP,25,49,2,5,false,false,1.0057898569092047,2.8221257924613337,0.9377144118008035,0.012021130403546448,2.7802662720355,2.751540046488,0.02872622554750004,0.6289169549399088,0.6494770333465083,-0.020560078406599458,0.04147983306551574,0.05229624966793747,0.08329220708394233,0.0332547683129542,true,true,[],true,false,false,3,5888.267798560545,0.9756864620647133,3.846381427115268,0,2
dgi,connected_modulated,SSP,25,50,1,5,false,false,1.0435649951209651,2.7014730670012708,0.9270162428960668,-0.08109406665818573,2.646548141316,2.751540046488,-0.10499190517200008,0.6710818669566725,0.6494770333465083,0.021604833610164187,0.04496986785182567,0.05420643531240834,0.1385265825224576,0.1138222565945193,true,true,[],true,false,false,3,6011.3989203053625,0.9960892991392482,4.152284020587833,0,1
dgi,connected_modulated,SSP,25,51,2,5,false,false,0.808903915788377,2.8642418760742374,1.0459108314738184,0.10231340149512219,2.760277818987,2.751540046488,0.008737772498999874,0.7483045849723122,0.6494770333465083,0.09882755162580392,0.05758376113873862,0.04790292618054811,0.04784569306547599,0.04575509492018326,true,true,[],true,false,false,3,6029.243097873539,0.9990460808406859,3.5871238153826495,0,1
dgi,connected_modulated,SSP,25,52,2,5,false,false,1.0221049874423995,2.7797270570439356,0.9750564269787465,0.008066815898644122,2.7101011904545,2.751540046488,-0.04143885603349995,0.69911729428996,0.6494770333465083,0.04964026094345164,0.04804680595511897,0.05155439184403785,0.02283141120815724,0.035381508531315005,true,true,[],true,false,false,3,5898.739413306439,0.9774216094956817,4.200350227321204,0,2
dgi,connected_modulated,SSP,25,53,3,5,false,false,1.2702577491052474,2.7542020144843837,0.9499677486297716,-0.03186971982849508,2.6953864084785,2.751540046488,-0.05615363800950002,0.6776839724115998,0.6494770333465083,0.02820693906509153,0.04558444924883024,0.054121326857325174,0.030797694436028963,0.030990937189551686,true,true,[],true,false,false,3,5903.571028975204,0.9782222086122956,4.7772025763791,0,0
dgi,connected_modulated,SSP,25,54,3,5,false,false,1.2189584380912422,2.7466873168042785,0.9007061365845087,-0.05539172157585652,2.711004627345,2.751540046488,-0.04053541914300007,0.6114204307723934,0.6494770333465083,-0.03805660257411492,0.040352227749010455,0.055234625693922144,0.09543463787063722,0.08553559498967,true,true,[],true,false,false,3,6088.265927498688,1.008826168599617,3.837244581552008,0,1
dgi,connected_modulated,SSP,25,55,4,5,false,false,1.0555938683292785,2.782182895451156,0.9226211355892638,0.026394777043141655,2.741721063277,2.751540046488,-0.009818983210999832,0.6263049389724182,0.6494770333465083,-0.02317209437409007,0.04045277803965194,0.05211863721733121,0.029411989587814963,0.0714675158665891,true,true,[],true,false,false,3,5816.040949382947,0.9637184671719878,4.488414824152667,0,1
dgi,connected_modulated,SSP,25,56,4,5,false,false,1.3442745034458798,2.7705211203510567,0.9182522231943644,0.000697452054567641,2.7304485236925,2.751540046488,-0.021091522795499973,0.6255810488962427,0.6494770333465083,-0.02389598445026564,0.04382393584602662,0.058101551085798155,0.16382637504821185,0.28569210151538005,true,true,[],true,false,false,3,5965.727990588877,0.9885216223013881,3.83270698675898,0,0
dgi,connected_modulated,SSP,25,57,3,5,false,false,0.8614146105817672,2.8083995855387256,0.9424929103165516,-0.117383446016602,2.762419390477,2.751540046488,0.010879343989000034,0.6420583593478792,0.6494770333465083,-0.007418673998629055,0.040706027803054476,0.04935174830970205,0.06756300649884725,0.14452436904369567,true,true,[],true,false,false,3,5958.9280777627355,0.9873948761827234,3.6524532774238927,0,0
dgi,connected_modulated,SSP,25,58,3,5,false,false,1.1181051210558828,2.7711684424166667,0.877175406351597,0.09894307413129204,2.7462412561585,2.751540046488,-0.0052987903294998695,0.5640567121278253,0.6494770333465083,-0.08542032121868304,0.03733089508895332,0.05269463052539984,0.04791814785683484,0.04526961290320584,true,true,[],true,false,false,3,5957.824982506201,0.9872120932073242,3.827713154916235,0,0
dgi,connected_modulated,SSP,25,59,1,5,false,false,1.273069610385563,2.7559347618379935,0.9223086544733643,-0.03185386512907837,2.712039746212,2.751540046488,-0.03950030027599993,0.6383847434774654,0.6494770333465083,-0.01109228986904287,0.04430219283520809,0.05725209970741362,0.017407491720977584,0.03139951919823228,true,true,[],true,false,false,3,5882.4013817783725,0.9747143963178745,3.9475786538293662,0,0
dgi,connected_modulated,SSP,25,60,2,5,false,false,0.7744893588817505,2.7686909791045076,0.9732167290816024,-0.0051432114037847435,2.6979686697555,2.751540046488,-0.05357137673250012,0.7017464781146727,0.6494770333465083,0.05226944476816442,0.048227382653225605,0.05025183452381496,0.12322943178842552,0.05894878701876806,true,true,[],true,false,false,3,6204.9577454797645,1.0281620125070032,3.679985047190471,0,2
dgi,connected_modulated,SSP,25,61,3,5,false,false,1.1961302163648606,2.8058371072444617,0.9860496721066302,-0.001880565536188181,2.7343185254455,2.751540046488,-0.017221521042499965,0.7014607439484193,0.6494770333465083,0.05198371060191098,0.0480062427671427,0.051051427595055605,0.05547225655458026,0.09988571730192186,true,true,[],true,false,false,3,6213.178782347054,1.0295242389970263,4.537368090883226,0,1
dgi,connected_modulated,SSP,25,62,2,5,false,false,1.1383979617540283,2.7553957286935926,0.9219933976562021,0.01909203389859676,2.7115727464625,2.751540046488,-0.03996730002549986,0.6381919931638627,0.6494770333465083,-0.011285040182645645,0.04303563036262223,0.056001407023904035,0.0645736932649554,0.09596571591357529,true,true,[],true,false,false,3,6067.538560174746,1.0053916421167763,4.057400546922157,0,1
dgi,connected_modulated,SSP,25,63,2,5,false,false,0.9489134207010798,2.799247333625451,0.8946406574829665,-0.05131897125470138,2.7713637828150004,2.751540046488,0.019823736327000407,0.5770032446545155,0.6494770333465083,-0.07247378869199284,0.03932312439853565,0.05313322434662304,0.15520874630012382,0.03399937244790716,true,true,[],true,false,false,3,5819.671154095007,0.9643199923935389,4.3740961731606784,0,1
dgi,separated_droplets,ID,25,0,3,5,false,false,1.1026954981601924,2.7866936089205945,0.546048580668801,-0.0006752674729973853,2.786686095888,2.799987273455,-0.013301177567,0.07667147951594436,0.08736061642362755,-0.010689136907683194,0.021895783749384806,0.015847713453553083,0.12532589853408893,0.08772016268882508,true,true,[],true,false,false,3,6005.240235853967,0.9950688046154046,4.700734042462935,0,0
dgi,separated_droplets,ID,25,1,3,5,false,false,0.9758210778034477,2.7822836293721602,0.5450751748391798,0.008974198884622885,2.7822761672995,2.799987273455,-0.0177111061555002,0.0765714853082779,0.08736061642362755,-0.010789131115349654,0.022556835535285855,0.018145675484449106,0.08400083799590125,0.19117792523801017,true,true,[],true,false,false,3,6153.7165289999175,1.0196713386909557,3.8708079141447604,0,1
dgi,separated_droplets,ID,25,2,3,5,false,false,0.9580915196185757,2.7893282739185215,0.5923262214566947,-0.014916558324855493,2.789276218577,2.799987273455,-0.01071105487800006,0.12432754186151594,0.08736061642362755,0.03696692543788839,0.020908645560293586,0.019769154455833233,0.061548259679903614,0.31977680559822613,true,true,[],true,false,false,3,6225.4117255237525,1.031551238694905,5.10390198731028,0,1
dgi,separated_droplets,ID,25,3,3,5,false,false,0.9177271537063068,2.804218577558557,0.5665091010143696,-0.009363844121380223,2.8042022315085,2.799987273455,0.004214958053499807,0.09296387736261913,0.08736061642362755,0.005603260938991578,0.020156475996632717,0.016739515302612595,0.2051254918861169,0.3945822703950891,true,true,[],true,false,false,3,5797.600385700068,0.9606628642419334,4.043756949005893,0,2
dgi,separated_droplets,ID,25,4,4,5,false,false,0.9053840013024338,2.8096861879302737,0.571533353372938,-0.002637756716385106,2.8096668237845,2.799987273455,0.009679550329499964,0.09693691259585964,0.08736061642362755,0.009576296172232088,0.022376909115615656,0.019069106333805888,0.09614153165141405,0.07088530775823244,true,true,[],true,false,false,3,5922.700493628212,0.9813919624901759,4.491012360176227,0,1
dgi,separated_droplets,ID,25,5,2,5,false,false,0.989973709474741,2.791120862318705,0.5687513000880654,-0.00881472632136024,2.7911007964929997,2.799987273455,-0.008886476962000511,0.09796501979122563,0.08736061642362755,0.010604403367598075,0.022832581505698047,0.019728903405019906,0.014208113038770608,0.05201220250236914,true,true,[],true,false,false,3,6036.221739441,1.000202442326595,4.388613491305651,0,1
dgi,separated_droplets,ID,25,6,3,5,false,false,1.009861344366794,2.822274137845119,0.577971425604496,-0.0020124275272470783,2.822251275073,2.799987273455,0.022264001617999796,0.10093137437290987,0.08736061642362755,0.013570757949282322,0.022049252064887212,0.018664945476535473,0.10325880965485038,0.01816687463109595,true,true,[],true,false,false,3,5907.552263765319,0.9788818995468632,3.9388822811355495,0,0
dgi,separated_droplets,ID,25,7,3,5,false,false,1.0268272541743424,2.807654779301386,0.5514799627992606,-0.010371114234815303,2.8076467218829997,2.799987273455,0.007659448427999482,0.07787761495896448,0.08736061642362755,-0.009483001464663077,0.020108297511607098,0.015065358746537959,0.04354858833744569,0.0678765059747998,true,true,[],true,false,false,3,6038.829880520218,1.0006346115195057,4.742012941688562,0,0
dgi,separated_droplets,ID,25,8,3,5,false,false,1.0475554834095233,2.794054526097864,0.5857813850942097,0.024478207035518087,2.7940154188165,2.799987273455,-0.00597185463850014,0.11570664818640712,0.08736061642362755,0.02834603176277957,0.021567933801945827,0.019645217801578466,0.09788720685473797,0.17413762618951495,true,true,[],true,false,false,3,6140.479135847703,1.0174779015489153,4.072171797266167,0,0
dgi,separated_droplets,ID,25,9,1,5,false,false,0.9570079089521225,2.7371088375934307,0.5591598325526272,0.03063606663974331,2.7370879252665,2.799987273455,-0.06289934818850007,0.0994661128206986,0.08736061642362755,0.01210549639707105,0.02187547410510546,0.019362100259776697,0.011163815436728097,0.09586252548047836,true,true,[],true,false,false,3,5874.342148480944,0.9733789806927828,3.5406677321960984,0,1
dgi,separated_droplets,ID,25,10,3,5,false,false,0.9940248914105496,2.806298174546571,0.5487118472349782,-0.0022802327747770902,2.8062910206135,2.799987273455,0.006303747158499906,0.07560621480033092,0.08736061642362755,-0.011754401623296634,0.020838774652999707,0.015323358776686375,0.030125776872868354,0.17740562114037103,true,true,[],true,false,false,3,6006.490675828421,0.9952760026227707,4.086616969246781,0,1
dgi,separated_droplets,ID,25,11,3,5,false,false,1.0479360164109648,2.772141150969916,0.5644180531114579,-0.008084389584492603,2.7721216139335,2.799987273455,-0.02786565952150033,0.09747954777672754,0.08736061642362755,0.010118931353099991,0.022458164112708293,0.018965776201246645,0.09213242552313589,0.07415664931121063,true,true,[],true,false,false,3,5713.608249692681,0.9467453603467574,3.895736986190824,0,0
dgi,separated_droplets,ID,25,12,3,5,false,false,1.1175427912267788,2.7835686787574945,0.5948235230566588,0.012135918778637771,2.7835090248735,2.799987273455,-0.016478248581500043,0.12869767618044764,0.08736061642362755,0.04133705975682009,0.023764636701809932,0.022341268906201896,0.1100007021694122,0.06417561927518003,true,true,[],true,false,false,3,5943.379797724273,0.9848185248921745,3.7687915561374044,0,0
dgi,separated_droplets,ID,25,13,3,5,false,false,0.8688718962944854,2.804692092855282,0.5659701371243144,-0.024074582996846984,2.804676187408,2.799987273455,0.0046889139529997514,0.09232742609118183,0.08736061642362755,0.004966809667554278,0.021873649222927758,0.01870206508560328,0.08421936903279885,0.04525343714601641,true,true,[],true,false,false,3,5880.256591250849,0.9743590043497679,4.027884807449733,0,2
dgi,separated_droplets,ID,25,14,2,5,false,false,1.0190404281812042,2.774806490310718,0.534491136924568,0.012521429937815706,2.774801737234,2.799987273455,-0.02518553622100006,0.06845516143128869,0.08736061642362755,-0.018905454992338866,0.020855286080292607,0.014843445166077439,0.10941611906999985,0.11212086861146653,true,true,[],true,false,false,3,5870.188055214572,0.9726906470943781,3.7923720863159858,0,0
dgi,separated_droplets,ID,25,15,4,5,false,false,1.0967175071271988,2.7941114341631783,0.5734159003173873,0.014996843455723155,2.794087630709,2.799987273455,-0.0058996427460003,0.10220907825728114,0.08736061642362755,0.014848461833653584,0.022132515757102515,0.018338311030261782,0.07164830315283817,0.2556631809378917,true,true,[],true,false,false,3,6121.047708987282,1.0142581125082488,4.024945150092027,0,2
dgi,separated_droplets,ID,25,16,1,5,false,false,0.9942027938662538,2.7644397151353126,0.5787610691619208,0.016325996150639576,2.764402238319,2.799987273455,-0.03558503513600009,0.11478740477602664,0.08736061642362755,0.02742678835239909,0.023008629278042574,0.021422884105743265,0.016706853778843674,0.02167575475078367,true,true,[],true,false,false,3,6094.562262916821,1.0098694719000532,4.811761199612354,0,2
dgi,separated_droplets,ID,25,17,1,5,false,false,0.8784719309467031,2.8325027469847472,0.5617467693439734,-0.022680128579735448,2.832492337115,2.799987273455,0.032505063659999944,0.08284321158487863,0.08736061642362755,-0.00451740483874892,0.021490228865351537,0.01742346469102077,0.024668977367401302,0.022941255012242756,true,true,[],true,false,false,3,5798.569943336248,0.9608235200225763,4.042748948560916,0,0
dgi,separated_droplets,ID,25,18,3,5,false,false,0.8581710309857521,2.7870978525455894,0.5898392785842843,0.013215187557945225,2.787049638058,2.799987273455,-0.012937635397000324,0.12199434815729324,0.08736061642362755,0.034633731733665685,0.023649023143300616,0.023997554450348308,0.11016348447938153,0.069598881016014,true,true,[],true,false,false,3,5956.796296923509,0.9870416399210453,3.819535485249082,0,0
dgi,separated_droplets,ID,25,19,2,5,false,false,0.9702482217209136,2.8041080488082373,0.5776956166962185,-0.014676861479919492,2.804081873356,2.799987273455,0.004094599900999807,0.10457044865035914,0.08736061642362755,0.017209832226731586,0.023734304678512518,0.020773112440968043,0.21750752741342833,0.09413944481546521,true,true,[],true,false,false,3,6038.315014190632,1.0005492981260367,3.917476416861231,0,1
dgi,separated_droplets,ID,25,20,2,5,false,false,1.0908548256855226,2.8081180146039966,0.53431347797061,-0.0022561207574034285,2.8081145726525,2.799987273455,0.00812729919749966,0.06296223355722635,0.08736061642362755,-0.024398382866401197,0.021275221140832384,0.014039180164669035,0.09981181807433928,0.15366343725563575,true,true,[],true,false,false,3,6181.4312715990145,1.0242636738357935,3.4952058342740195,0,1
dgi,separated_droplets,ID,25,21,4,5,false,false,1.0222577169479692,2.7730481666879734,0.5625368387032329,-0.03210102742099658,2.773030283272,2.799987273455,-0.02695699018300024,0.0953413597062941,0.08736061642362755,0.007980743282666541,0.023812190001519844,0.02025837429024864,0.05613049864018212,0.08778633944568819,true,true,[],true,false,false,3,5982.654212292458,0.9913262986400097,3.9823269677232016,0,0
dgi,separated_droplets,ID,25,22,3,5,false,false,0.9086355437339821,2.7962805501526096,0.5880325010558004,0.005263810062729996,2.79623861774,2.799987273455,-0.003748655715000382,0.11771691535257181,0.08736061642362755,0.03035629892894426,0.022408505835799064,0.02205260371353467,0.07249260396491145,0.227372774902019,true,true,[],true,false,false,3,5741.309847752907,0.9513355174404154,3.569561985773951,0,1
dgi,separated_droplets,ID,25,23,3,5,false,false,0.9322549508956878,2.8064022392250676,0.5956770737271435,0.019650805629358878,2.8063503987735,2.799987273455,0.006363125318499918,0.12400998863997313,0.08736061642362755,0.03664937221634558,0.023454790439739366,0.023006794404211463,0.0396083247423019,0.07820502443219142,true,true,[],true,false,false,3,5896.184196732125,0.9769982098976181,4.195307431601649,0,0
dgi,separated_droplets,ID,25,24,1,5,false,false,0.9964025712290168,2.814702491460497,0.5606031176346379,-0.00037270484849447977,2.8146909670805,2.799987273455,0.014703693625499614,0.0851097196469046,0.08736061642362755,-0.002250896776722952,0.021768920336048162,0.017479929650978263,0.04962211985364694,0.16115151721973014,true,true,[],true,false,false,3,5898.767018548815,0.9774261836866305,3.7169436909615197,0,1
dgi,separated_droplets,ID,25,25,3,5,false,false,1.1059733708751531,2.8384092212872494,0.5826734540882396,-0.007336667643443088,2.8383848756995,2.799987273455,0.03839760224449984,0.10238262525022866,0.08736061642362755,0.01502200882660111,0.021806851016949527,0.018098244413805756,0.01534105863060533,0.13854329197234524,true,true,[],true,false,false,3,5933.094851959213,0.9831143085267958,3.6779510016942476,0,1
dgi,separated_droplets,ID,25,26,1,5,false,false,0.9529191753932436,2.818401474997451,0.5715238820952463,0.007975967203945895,2.818383463222,2.799987273455,0.01839618976699997,0.09512551799665869,0.08736061642362755,0.007764901573031141,0.02259123517225262,0.019370466000924548,0.06984251316801998,0.02073697519942026,true,true,[],true,false,false,3,5868.739113005621,0.97245055725031,4.334850339913835,0,0
dgi,separated_droplets,ID,25,27,3,5,false,false,0.967322530105893,2.782071816968852,0.554595622774808,0.012504904943377962,2.7820601689145,2.799987273455,-0.01792710454050006,0.08558605975509864,0.08736061642362755,-0.0017745566685289094,0.022341674793982996,0.01846958112995213,0.09424494286646895,0.018400486465991305,true,true,[],true,false,false,3,6063.540677130773,1.0047291925651654,4.689110746409292,0,1
dgi,separated_droplets,ID,25,28,4,5,false,false,0.9524576711669622,2.834100828398164,0.5621279211922401,0.0036436435132640495,2.8340903823575,2.799987273455,0.0341031089024999,0.08290336379527322,0.08736061642362755,-0.004457252628354336,0.02205943860936599,0.01768236200670592,0.05677370547264253,0.04670087222557444,true,true,[],true,false,false,3,6032.440468946143,0.9995758854923186,3.5369794924687734,0,1
dgi,separated_droplets,ID,25,29,1,5,false,false,1.0072354273935782,2.780726973011303,0.5524787657713518,0.009545535374683294,2.7807162724115,2.799987273455,-0.019271001043500213,0.0838008452051951,0.08736061642362755,-0.003559771218432456,0.021605530289970396,0.017183283328308298,0.04150367181296031,0.08587760756728371,true,true,[],true,false,false,3,6126.216150780243,1.0151145237415482,4.030433174586136,0,1
dgi,separated_droplets,ID,25,30,3,5,false,false,0.9549243208137514,2.7505592611546485,0.5468188690738421,-0.0026490830823500794,2.7505485116940003,2.799987273455,-0.04943876176099993,0.08412529837941535,0.08736061642362755,-0.0032353180442122043,0.022452681506268553,0.01818562188539442,0.06266658060896642,0.08253792746512074,true,true,[],true,false,false,3,6262.075914310448,1.03762649781449,3.9421768489537152,0,0
dgi,separated_droplets,ID,25,31,4,5,false,false,1.014779826379606,2.8000209336628035,0.564153355304153,-0.009216375325446145,2.8000056481069997,2.799987273455,1.8374651999497615e-05,0.09145294319579847,0.08736061642362755,0.004092326772170918,0.022069984338036613,0.017857971730076083,0.04908585012601728,0.07339000740850925,true,true,[],true,false,false,3,6123.446913922429,1.014655660964777,3.9038046440543854,0,2
dgi,separated_droplets,ID,25,32,2,5,false,false,1.0699842394781724,2.796793056417622,0.5703122155925804,-0.009636919484906643,2.796772602986,2.799987273455,-0.003214670469000147,0.09838453147014875,0.08736061642362755,0.011023915046521199,0.02292636837583951,0.019294335265641786,0.012879341558135658,0.009716130117529814,true,true,[],true,false,false,3,6012.398147997685,0.9962548712506519,4.488877025626345,0,0
dgi,separated_droplets,ID,25,33,0,5,false,false,1.0345322652256796,2.8163042415693127,0.5350635948587856,-0.0018678255360380952,2.816300930631,2.799987273455,0.01631365717599964,0.06230918706067404,0.08736061642362755,-0.025051429362953515,0.021304250162741768,0.01438670235590522,0.2722475078772478,0.14946019735699492,true,true,[],true,false,false,3,6059.630470403266,1.0040812709864568,4.446368711148852,0,1
dgi,separated_droplets,ID,25,34,2,5,false,false,0.9426125273863788,2.774369239726582,0.5740269986770536,0.011466233014854546,2.7743405982300002,2.799987273455,-0.02564667522499997,0.10723454558489318,0.08736061642362755,0.019873929161265624,0.02276631978813419,0.020870879842351458,0.061935109171010805,0.04274495200269677,true,true,[],true,false,false,3,5746.934256359558,0.95226748241252,3.7338114630331036,0,2
dgi,separated_droplets,ID,25,35,2,5,false,false,1.1243727234622334,2.7874385709356484,0.5430374032213658,0.016573050013047787,2.787432114754,2.799987273455,-0.012555158701000213,0.07381614610159042,0.08736061642362755,-0.013544470322037136,0.021489554829850904,0.015314168001866043,0.0618210397571465,0.02138780928074296,true,true,[],true,false,false,3,6086.103400733298,1.0084678377354264,4.297338073536872,0,1
dgi,separated_droplets,ID,25,36,4,5,false,false,0.9523579160405847,2.8027962814113807,0.5749867401348788,0.014167363156460546,2.8027726116665,2.799987273455,0.0027853382114999548,0.10198622267117508,0.08736061642362755,0.014625606247547523,0.021198204027846824,0.018357989035878174,0.17239492962232256,0.17098921242701753,true,true,[],true,false,false,3,6073.558587224818,1.006389161097733,4.006518862893241,0,1
dgi,separated_droplets,ID,25,37,4,5,false,false,0.9318338524467937,2.7763658545116767,0.5671303944252003,0.008069669784123705,2.7763446863025,2.799987273455,-0.023642587152500116,0.09941446135379989,0.08736061642362755,0.012053844930172336,0.02213174296842311,0.01985571659495435,0.04451912869699309,0.09393127942876554,true,true,[],true,false,false,3,5949.347767255772,0.9858074179379904,4.261546076545764,0,1
dgi,separated_droplets,ID,25,38,3,5,false,false,1.0157927297360163,2.8104646327048126,0.5560736319474104,-0.006435195173545188,2.8104549017135003,2.799987273455,0.010467628258500117,0.08161796538076266,0.08736061642362755,-0.005742651042864894,0.019925963410840276,0.015032794355195847,0.04550078396747453,0.7120152222062337,true,false,"[""nu_vp_multistart_ambiguity""]",true,false,false,3,5815.022273118743,0.963549672430612,3.9257396807820295,0,1
dgi,separated_droplets,ID,25,39,3,5,false,false,0.7921372973564929,2.8069401837974444,0.5805034681349848,0.026131074833909723,2.8069115107530003,2.799987273455,0.006924237298000069,0.10695172528417828,0.08736061642362755,0.019591108860550724,0.022215058826753658,0.020416535285408023,0.08777184720538175,0.16144423124378407,true,true,[],true,false,false,3,6038.868746005895,1.0006410515337028,3.950780803400511,0,1
dgi,separated_droplets,ID,25,40,2,5,false,false,0.8956018673435271,2.7978163119884343,0.600235672844058,0.01879073539392269,2.7977509520615,2.799987273455,-0.0022363213935001625,0.1314997759131335,0.08736061642362755,0.04413915948950595,0.023030048383737064,0.023104472423619904,0.018757209985063618,0.02203404994128219,true,true,[],true,false,false,3,5725.317316362749,0.9486855536640844,3.5399112431500632,0,0
dgi,separated_droplets,ID,25,41,3,5,false,false,0.9330966351414302,2.788197767752676,0.5579166941292354,-0.02615577006795354,2.788184936514,2.799987273455,-0.011802336941000302,0.0876320900832048,0.08736061642362755,0.00027147365957724823,0.020192088631025725,0.01633345924652227,0.0913212607271545,0.25090196943599097,true,true,[],true,false,false,3,5906.83279178252,0.978762682979705,3.6343425930592006,0,0
dgi,separated_droplets,ID,25,42,2,5,false,false,0.9425064056378367,2.8274120287520605,0.5806092485835698,-0.01483645552351814,2.8273875851175,2.799987273455,0.0274003116624999,0.10258493377757819,0.08736061642362755,0.015224317353950634,0.023256601985824292,0.020371599143243067,0.10647784818305457,0.047018941135916446,true,true,[],true,false,false,3,6123.460944299797,1.0146579857994693,3.770470201170601,0,1
dgi,separated_droplets,ID,25,43,3,5,false,false,0.9271498490195809,2.7829494290717576,0.5718764062219397,-0.004863531750583981,2.7829249699745002,2.799987273455,-0.017062303480499974,0.10300826334416274,0.08736061642362755,0.01564764692053519,0.02218030803197908,0.019371232747659763,0.1301734273183993,0.061197860779663674,true,true,[],true,false,false,3,5949.635318347506,0.9858550651777143,3.8649926181025775,0,0
dgi,separated_droplets,ID,25,44,3,5,false,false,0.883280847552028,2.837652512265167,0.585087159981904,0.005038066319023649,2.8376255059555,2.799987273455,0.03763823250049958,0.10507738287344703,0.08736061642362755,0.017716766449819482,0.023780216073201264,0.02180182223932408,0.04026074717123044,0.021023144099792664,true,true,[],true,false,false,3,5911.1374558547395,0.9794759661731134,3.880360706894571,0,0
dgi,separated_droplets,ID,25,45,4,5,false,false,1.0835983837815995,2.7761071664504913,0.5529331751013641,-0.017552661282499517,2.7760957912424997,2.799987273455,-0.02389148221250048,0.0851262760107905,0.08736061642362755,-0.0022343404128370575,0.022860000336080304,0.01808657135497146,0.09244728792343936,0.0322916445259685,true,true,[],true,false,false,3,5780.852853138762,0.9578877967089912,3.762815088895827,0,0
dgi,separated_droplets,ID,25,46,2,5,false,false,0.8903283961436715,2.7917193949481853,0.5843032344242975,-0.005343139000166045,2.79168179746,2.799987273455,-0.008305475995000311,0.1145981664590584,0.08736061642362755,0.027237550035430852,0.023138956934787493,0.02186257654568492,0.4099504308571032,0.0325520860067258,true,true,[],true,false,false,3,5814.805695026991,0.9635137854228651,4.389041217996211,0,0
dgi,separated_droplets,ID,25,47,4,5,false,false,0.8798097141484436,2.787039283999919,0.5739212053538886,-0.0230994507509384,2.787013542031,2.799987273455,-0.012973731424000157,0.10429404684165136,0.08736061642362755,0.01693343041802381,0.022461236864550895,0.0198055458189504,0.08444276100810637,0.08687541035829069,true,true,[],true,false,false,3,5845.633770099635,0.9686220000165094,4.234545600843686,0,2
dgi,separated_droplets,ID,25,48,4,5,false,false,0.9393849866999968,2.7985682731184593,0.5467181551377246,-0.0019171300593262093,2.798561301697,2.799987273455,-0.0014259717580000775,0.07517130185480371,0.08736061642362755,-0.012189314568823842,0.022289838568495365,0.016737924907227295,0.18268318018486102,0.0255151195478318,true,true,[],true,false,false,3,6249.064084403126,1.0354704365208163,3.8131815529193442,0,0
dgi,separated_droplets,ID,25,49,3,5,false,false,1.1410028511660377,2.80352393076477,0.5629740694292855,0.008761758834852286,2.803509839892,2.799987273455,0.0035225664369997745,0.08958403997613903,0.08736061642362755,0.002223423552511483,0.02214350759163011,0.017311936375120438,0.15375524981357053,0.23848610208912271,true,true,[],true,false,false,3,5997.924605845657,0.9938566041169274,3.7970972043716342,0,1
dgi,separated_droplets,ID,25,50,3,5,false,false,1.126167054787448,2.77580504802104,0.5636116572691842,0.02230420855941558,2.7757867445805,2.799987273455,-0.024200528874500193,0.09587219799917024,0.08736061642362755,0.008511581575542687,0.022191881688343244,0.01734421730332215,0.3224832290926885,0.1940235147904496,true,true,[],true,false,false,3,5964.784879062507,0.9883653486433317,3.923806199866775,0,2
dgi,separated_droplets,ID,25,51,3,5,false,false,1.0760990352800828,2.811483408494106,0.5253654029022058,-0.012116226688875801,2.811481336492,2.799987273455,0.011494063036999957,0.05544507253926746,0.08736061642362755,-0.03191554388436009,0.02082060186304887,0.013168511050994118,0.04288056442231323,0.12799990240295256,true,true,[],true,false,false,3,6088.448927171688,1.0088564916605947,3.7354309189875288,0,0
dgi,separated_droplets,ID,25,52,3,5,false,false,0.9803343409207245,2.7995749819851405,0.5958595541712275,-0.007112926275613894,2.7995200303985,2.799987273455,-0.000467243056500255,0.12590495716631264,0.08736061642362755,0.03854434074268509,0.022860859546826894,0.02216722902094036,0.12099924824934594,0.04991128172856506,true,true,[],true,false,false,3,5973.513445085313,0.9898116727564727,3.7807482616433523,0,1
dgi,separated_droplets,ID,25,53,4,5,false,false,0.9978025087688119,2.8311031291288105,0.5754757279225072,-0.03935356476096048,2.8310839539805,2.799987273455,0.031096680525499742,0.09651634710080799,0.08736061642362755,0.009155730677180438,0.021627367980346444,0.01809988317842486,0.08284134711297081,0.16504815874619583,true,true,[],true,false,false,3,5895.463547652687,0.9768787982854494,4.0573051525790245,0,2
dgi,separated_droplets,ID,25,54,1,5,false,false,1.0665568000988128,2.832335094387324,0.5522156666518704,-0.024051562333739937,2.8323283977345,2.799987273455,0.032341124279499756,0.07419697322395592,0.08736061642362755,-0.013163643199671629,0.021163923260680007,0.01514461478132762,0.18966849631597604,0.04663151527314212,true,true,[],true,false,false,3,5987.692813457939,0.9921611952705782,3.5751814963181197,0,1
dgi,separated_droplets,ID,25,55,3,5,false,false,0.9003964207885133,2.8109102445466037,0.5858814258255366,-0.011576525206175648,2.8108758273515,2.799987273455,0.010888553896499786,0.11190406220169644,0.08736061642362755,0.024543445778068884,0.021173306028652885,0.020231977353940913,0.3945348906162994,0.06661112413417582,true,true,[],true,false,false,3,5947.854262322246,0.9855599440467682,3.899304914158931,0,1
dgi,separated_droplets,ID,25,56,1,5,false,false,1.087877630302754,2.8394744921850403,0.5625698352795857,-0.004606504355753313,2.8394643174455,2.799987273455,0.039477043990499894,0.08232101812045753,0.08736061642362755,-0.005039598303170023,0.02169931800173167,0.016316867609404553,0.021421586520041957,0.05635469405223793,true,true,[],true,false,false,3,6340.712445222221,1.0506565775016108,3.509857986029098,0,2
dgi,separated_droplets,ID,25,57,3,5,false,false,1.041316684162404,2.782981464487485,0.5540400943886008,-0.013978895906685279,2.7829701964205,2.799987273455,-0.017017077034500172,0.0848727399303204,0.08736061642362755,-0.002487876493307145,0.022070919504661047,0.017348726778451742,0.03458323951291981,0.035083390077805685,true,true,[],true,false,false,3,6042.16471254922,1.0011871934630026,3.925741447109511,0,1
dgi,separated_droplets,ID,25,58,3,5,false,false,1.0134801445451043,2.8269528895491867,0.5471146264578948,0.006470267214943452,2.8269473928010003,2.799987273455,0.026960119346000067,0.07065820705790805,0.08736061642362755,-0.016702409365719498,0.019555673998477012,0.01393295796280817,0.028262096517012978,0.07823229494952108,true,true,[],true,false,false,3,5930.888921770829,0.9827487857118192,3.791479883512617,0,1
dgi,separated_droplets,ID,25,59,3,5,false,false,0.9143601141021883,2.8253912278546993,0.5768188679298444,0.016748248156817653,2.825369975772,2.799987273455,0.025382702316999683,0.09907847183830228,0.08736061642362755,0.011717855414674724,0.02280804689829292,0.020584065015766578,0.48723116961985297,0.06223115763148169,true,true,[],true,false,false,3,5968.463206054979,0.988974847730734,3.9834086406585776,0,1
dgi,separated_droplets,ID,25,60,3,5,false,false,0.991269116368984,2.7529108653965935,0.5672965760379086,-0.01530807736654551,2.7528850088855,2.799987273455,-0.047102264569500285,0.10473169076646249,0.08736061642362755,0.01737107434283494,0.022557937663546614,0.019650256093616203,0.13789293185372795,0.05080534690020005,true,true,[],true,false,false,3,5833.7532243995465,0.9666533926097012,3.6092041251668396,0,1
dgi,separated_droplets,ID,25,61,4,5,false,false,0.9471568690443438,2.8366346264430224,0.561766535433346,-0.015549263188470736,2.8366245722384997,2.799987273455,0.03663729878349953,0.08209675725245244,0.08736061642362755,-0.0052638591711751115,0.022293863664678528,0.017834313435433756,0.023136571760673012,0.028938385529854203,true,true,[],true,false,false,3,5781.910004910979,0.9580629668452327,4.288904964437265,0,0
dgi,separated_droplets,ID,25,62,4,5,false,false,0.9994325134885028,2.779998060226745,0.5298899878315656,-0.0010295451909927457,2.7799944841890003,2.799987273455,-0.0199927892659999,0.0637265621717085,0.08736061642362755,-0.023634054251919057,0.020259797485824196,0.013748790722760385,0.031847117126960825,0.056456518503245685,true,true,[],true,false,false,3,5836.926893158428,0.9671792697859865,3.570904007445921,0,0
dgi,separated_droplets,ID,25,63,3,5,false,false,1.0368552797994828,2.7887034233421746,0.5569059978825572,-0.0019349477111736384,2.7886912146795,2.799987273455,-0.011296058775500217,0.08654578913814834,0.08736061642362755,-0.0008148272854792138,0.021320717641447915,0.016706736113130807,0.20163953105605076,0.11051866715191475,true,true,[],true,false,false,3,6018.15591159064,0.9972089331550357,4.115542577613118,0,1
dgi,connected_modulated,SSP,50,0,4,5,false,false,0.8699388433084893,2.8101018054395053,0.9406392911471141,0.00680328133987813,2.765248435569,2.751540046488,0.013708389081000139,0.6386690685344638,0.6494770333465083,-0.01080796481204449,0.02762888089306692,0.034299147207806545,0.14700398893171113,0.03430692595325361,true,true,[],true,false,false,3,6164.254688521178,1.0214175125967155,3.8121116716554337,0,0
dgi,connected_modulated,SSP,50,1,2,5,false,false,0.83661378283417,2.793289090715999,0.9471771525604383,-0.014709263248946964,2.7426747636110003,2.751540046488,-0.008865282876999725,0.655623098203175,0.6494770333465083,0.006146064856666689,0.02971194841913702,0.035035727584296156,0.03879919679914613,0.04447945052390142,true,true,[],true,false,false,3,5780.900326278917,0.9578956630122482,4.045911652619308,0,0
dgi,connected_modulated,SSP,50,2,3,5,false,false,0.867652935999431,2.8056142967673385,0.9339623535188932,0.04047079437891993,2.7632215431039997,2.751540046488,0.011681496615999709,0.6313758218089549,0.6494770333465083,-0.018101211537553397,0.028661000394123316,0.035770209433273616,0.004944218940422252,0.02465651125325372,true,true,[],true,false,false,3,5979.464415111928,0.9907977489829211,3.7196581454624225,0,2
dgi,connected_modulated,SSP,50,3,3,5,false,false,0.9607196943448856,2.8200677125047062,0.9272085981903582,0.06269593474126557,2.7824406730165,2.751540046488,0.03090062652850012,0.6149287224973223,0.6494770333465083,-0.03454831084918597,0.028043971518525175,0.03525462508671239,0.16054867626454564,0.1027765306456522,true,true,[],true,false,false,3,5927.600699576771,0.9822039270218345,4.1141414147549495,0,1
dgi,connected_modulated,SSP,50,4,1,5,false,false,0.8759779957452305,2.8146427814688044,0.9452994575159495,-0.016268349693178162,2.7682173073435,2.751540046488,0.01667726085549992,0.6430482225454743,0.6494770333465083,-0.006428810801033968,0.028712671501171676,0.0343891960491865,0.010056615560432582,0.02505315243775402,true,true,[],true,false,false,3,6007.391725445485,0.9954253066189701,3.771490281488618,0,1
dgi,connected_modulated,SSP,50,5,4,5,false,false,0.8379177574741838,2.8134164660051257,0.9942391632314189,0.037716358156182614,2.7378687979535,2.751540046488,-0.01367124853450008,0.7084405030593848,0.6494770333465083,0.05896346971287647,0.034519724810881475,0.034739608559592995,0.0558549648950863,0.08019658635940187,true,true,[],true,false,false,3,6043.136630920677,1.0013482404176763,3.8414987241445635,0,2
dgi,connected_modulated,SSP,50,6,4,5,false,false,1.002039287078427,2.7565400278678434,0.9255268811001199,0.035975806595781104,2.7111979216144997,2.751540046488,-0.04034212487350031,0.6426807460429093,0.6494770333465083,-0.006796287303599047,0.0290553335551963,0.03648337664304479,0.0811075480865798,0.1424358141381306,true,true,[],true,false,false,3,6181.435046861763,1.0242642993971438,4.170659085741769,0,1
dgi,connected_modulated,SSP,50,7,3,5,false,false,0.9145277902910158,2.8095433495344575,0.9607181971848978,0.01604343246047729,2.7543212942095,2.751540046488,0.002781247721499902,0.6665362539469668,0.6494770333465083,0.017059220600458502,0.029149717987393076,0.034150009875533245,0.3059268682241293,0.24932623591547481,true,true,[],true,false,false,3,5973.2120757332195,0.9897617358298624,3.8318527117189216,0,0
dgi,connected_modulated,SSP,50,8,4,5,false,false,1.0131592281495616,2.7546882003221236,0.9456647780271902,-0.0124430626330534,2.698460352983,2.751540046488,-0.05307969350499997,0.6716111363602029,0.6494770333465083,0.02213410301369456,0.03051923077960439,0.035684275383749346,0.027387529342930716,0.08168244313263291,true,true,[],true,false,false,3,5949.984138828306,0.9859128647602826,3.66256804121903,0,1
dgi,connected_modulated,SSP,50,9,2,5,false,false,0.8616701087261158,2.7513124939826468,0.981294866283386,-0.00314503323151169,2.6708300706565,2.751540046488,-0.08070997583150019,0.7198650836384914,0.6494770333465083,0.07038805029198314,0.03468371310800901,0.03423386037694916,0.08829194434758379,0.13475412690850413,true,true,[],true,false,false,3,5910.8566585975,0.9794294380443248,4.048360436122497,0,1
dgi,connected_modulated,SSP,50,10,2,5,false,false,1.080314271693935,2.8035199864032974,0.9418544280802457,-0.031480775825353406,2.7571372721225,2.751540046488,0.005597225634499825,0.64345379630343,0.6494770333465083,-0.006023237043078278,0.030084740125361588,0.03695968418047105,0.03180671720986606,0.026562137259605326,true,true,[],true,false,false,3,6062.038318055691,1.0044802515419538,3.543578826424986,0,1
dgi,connected_modulated,SSP,50,11,4,5,false,false,1.2211542247311364,2.8207206691606426,0.938816310619751,-0.052169116013366844,2.7781786008085003,2.751540046488,0.02663855432050033,0.6311296273888675,0.6494770333465083,-0.01834740595764084,0.02924860177499504,0.03757773705836401,0.08014846473802421,0.051866641065128755,true,true,[],true,false,false,3,6200.449986748283,1.0274150765117287,4.252210272782385,0,1
dgi,connected_modulated,SSP,50,12,3,5,false,false,0.8013424417170073,2.809605253371578,0.9705942987378058,0.0516794632807014,2.7487039236785,2.751540046488,-0.0028361228095001856,0.679691690081542,0.6494770333465083,0.03021465673503365,0.0322028134510177,0.0346439478582435,0.22430495513961002,0.08612651945924152,false,false,"[""calibration_bound""]",true,false,true,3,6117.522773348373,1.0136740303808407,3.945832790062126,0,2
dgi,connected_modulated,SSP,50,13,2,5,false,false,1.0322042276382108,2.7743732802048675,0.9370489148071119,0.01219497297080448,2.7260054515960004,2.751540046488,-0.025534594891999607,0.6504527186007665,0.6494770333465083,0.000975685254258174,0.030318889657547716,0.03681787352156026,0.14205062225714693,0.0757512988874749,true,true,[],true,false,false,3,6137.898006857775,1.0170502082614374,4.214863573144907,0,2
dgi,connected_modulated,SSP,50,14,3,5,false,false,0.9764091521736219,2.7782893593583595,0.8918199778737032,0.004675862353920717,2.749321222933,2.751540046488,-0.0022188235549998048,0.5828527902070257,0.6494770333465083,-0.06662424313948256,0.026429484594644146,0.0354116134543192,0.18908325807884027,0.057267212019555196,true,true,[],true,false,false,3,5935.09271075114,0.9834453538941408,3.3386363108302386,0,1
dgi,connected_modulated,SSP,50,15,4,5,false,false,1.1344865960733488,2.813308854122631,0.9488495048634794,0.014572481526232361,2.7649401753495,2.751540046488,0.013400128861499994,0.6485905277394552,0.6494770333465083,-0.0008865056070530564,0.030029491330218334,0.03699910445793372,0.04003976223832563,0.06520959193489725,true,true,[],true,false,false,3,6074.489610400386,1.0065434317150597,3.7792575421738284,0,0
dgi,connected_modulated,SSP,50,16,2,5,false,false,1.3171902472903199,2.776022879878606,0.9488921005857566,-0.0407546821485649,2.7216610692814998,2.751540046488,-0.029878977206500235,0.6660395486975945,0.6494770333465083,0.016562515351086216,0.032364715554213365,0.03906721234866149,0.18641082032355757,0.12151598002540015,true,true,[],true,false,false,3,5841.530270917167,0.9679420498619996,4.206027143595099,0,1
dgi,connected_modulated,SSP,50,17,3,5,false,false,1.1188167505125637,2.771539186025243,0.9491852499074825,0.019811285412053736,2.716248671201,2.751540046488,-0.035291375287000104,0.6685323850919186,0.6494770333465083,0.019055351745410287,0.032242732465219595,0.0376729050963309,0.01273230986061042,0.037566809353024505,true,true,[],true,false,false,3,5934.292014492287,0.9833126784577112,4.013214208196035,0,1
dgi,connected_modulated,SSP,50,18,1,5,false,false,0.9505967343879282,2.7986119071930653,0.9460141685141951,-0.02046066373708422,2.74942713932,2.751540046488,-0.0021129071680001665,0.6515302735588879,0.6494770333465083,0.0020532402123796256,0.028980002806318756,0.035103002598307544,0.02165630514925671,0.02076359460661778,true,true,[],true,false,false,3,5817.590981179253,0.9639753075690559,3.605105647908348,0,0
dgi,connected_modulated,SSP,50,19,2,5,false,false,1.1099685423482455,2.7626355668643376,0.8915822124667333,-0.00457077108516915,2.7321700794045,2.751540046488,-0.01936996708350014,0.5900724545980307,0.6494770333465083,-0.0594045787484776,0.026668559306078962,0.03654543442034695,0.0364092665957567,0.07698741148747892,true,true,[],true,false,false,3,6105.691803301129,1.0117136376638158,5.009921625451901,0,1
dgi,connected_modulated,SSP,50,20,3,5,false,false,0.8654436893143168,2.8284867602843895,0.9443739339335654,0.002728289431543075,2.7844696099835,2.751540046488,0.0329295634954998,0.6352949413075382,0.6494770333465083,-0.01418209203897014,0.02840188135702644,0.03476895941439936,0.024248929369923074,0.0037577291907806704,true,true,[],true,false,false,3,6058.289899743622,1.0038591383170874,4.07340763499123,0,2
dgi,connected_modulated,SSP,50,21,3,5,false,false,1.1879633325344765,2.8147444074324137,0.9536304411834705,0.007977167075608815,2.7641676023445,2.751540046488,0.012627555856500106,0.6544983388368787,0.6494770333465083,0.005021305490370387,0.03196347064608794,0.03806483829122222,0.15416276749357127,0.09626144426614788,true,true,[],true,false,false,3,6029.990201300487,0.9991698759404286,4.707992960660479,0,2
dgi,connected_modulated,SSP,50,22,3,5,false,false,0.922826837632925,2.822064067517843,0.9699621108436043,0.04652611586782614,2.763791280065,2.751540046488,0.012251233576999976,0.6731648605933537,0.6494770333465083,0.023687827246845372,0.030161312148486205,0.03438158122825339,0.08786276420779125,0.2410122461456343,true,true,[],true,false,false,3,5929.632472900946,0.9825405920299827,3.65501421480816,0,1
dgi,connected_modulated,SSP,50,23,2,5,false,false,1.272218601705689,2.7982243501284896,0.9662317843555097,0.05823808395719314,2.7378271598439996,2.751540046488,-0.013712886644000388,0.6791197547742499,0.6494770333465083,0.029642721427741603,0.034203138324553975,0.038821208010120296,0.038305867858306586,0.06460394017567445,true,true,[],true,false,false,3,5899.54031062849,0.9775543182483,4.240832126541944,0,2
dgi,connected_modulated,SSP,50,24,3,5,false,false,1.0289703088212667,2.8095728227458507,0.9496506903799724,0.008496196910904417,2.760230261891,2.751540046488,0.008690215402999968,0.6514357777874615,0.6494770333465083,0.0019587444409532306,0.029407412369004866,0.03605175519624457,0.11326913042205468,0.05287307324004575,true,true,[],true,false,false,3,6170.55180780517,1.0224609457837897,3.873019580571899,0,2
dgi,connected_modulated,SSP,50,25,1,5,false,false,1.1231770569656707,2.8014753283181553,0.9243010372619983,0.0465792414262144,2.762762566067,2.751540046488,0.01122251957899989,0.6195488217674583,0.6494770333465083,-0.029928211579050013,0.02861452210435311,0.036726791705556455,0.012706314093739549,0.03949811097873935,true,true,[],true,false,false,3,5957.5118676448465,0.9871602100488561,3.663304717958122,0,0
dgi,connected_modulated,SSP,50,26,2,5,false,false,0.8625247449881872,2.823686198191998,0.9594581704759374,0.038719930328025995,2.771486141077,2.751540046488,0.019946094589000207,0.6583079654271535,0.6494770333465083,0.008830932080645226,0.029859300991518116,0.03499585823834953,0.07584680810657936,0.1548996429797027,true,true,[],true,false,false,3,6066.029331846859,1.005141562857806,3.778297216734675,0,0
dgi,connected_modulated,SSP,50,27,1,5,false,false,1.1136573114199897,2.808830175987842,0.9723021051431139,0.017728296435261047,2.746754366798,2.751540046488,-0.004785679689999878,0.6822971899322772,0.6494770333465083,0.03282015658576887,0.03287502818051044,0.03653733157507873,0.026356977361121737,0.0201450150334058,true,true,[],true,false,false,3,6007.951248490712,0.9955180196339207,3.7241133343379733,0,0
dgi,connected_modulated,SSP,50,28,3,5,false,false,1.0065680100700014,2.755527143784241,0.928944508729557,-0.09717556197920403,2.7083597547264997,2.751540046488,-0.04318029176150029,0.6480024692074363,0.6494770333465083,-0.0014745641390719877,0.028131421790766237,0.03578713597283287,0.03215556441576399,0.24026869358618227,true,true,[],true,false,false,3,5996.44847048348,0.9936120083651169,3.9889261876118827,0,1
dgi,connected_modulated,SSP,50,29,1,5,false,false,1.3150763373707604,2.7947127894156734,0.9272130869756787,0.012609410180928145,2.7538767326849998,2.751540046488,0.002336686196999782,0.6269293069943991,0.6494770333465083,-0.02254772635210922,0.028920024300135735,0.03832493486572842,0.06301403605638656,0.06059189592925077,true,true,[],true,false,false,3,5882.994165769634,0.9748126206743386,4.651002579682861,0,1
dgi,connected_modulated,SSP,50,30,3,5,false,false,1.0747559177034198,2.7973616232790213,0.9290696884939215,-0.03907023826246154,2.7560545418635,2.751540046488,0.004514495375500083,0.628323924912106,0.6494770333465083,-0.021153108434402323,0.02840761160156027,0.03619015811857522,0.07765931474432107,0.07129377886394382,true,true,[],true,false,false,3,5938.89175893859,0.9840748564935526,3.673387422003188,0,1
dgi,connected_modulated,SSP,50,31,1,5,false,false,1.0948705065898523,2.812179810606945,0.9223212687735178,-0.007759258250424339,2.7755905550405,2.751540046488,0.024050508552500016,0.6116206043893728,0.6494770333465083,-0.03785642895713548,0.029004746494431206,0.03789056435884123,0.09331735235195311,0.11461303156771815,true,true,[],true,false,false,3,5885.590379175068,0.9752428134507155,3.566576956439905,0,1
dgi,connected_modulated,SSP,50,32,0,5,false,false,0.9858338399925192,2.801558050852269,0.960807632493831,-0.014160206325681234,2.7449123165715,2.751540046488,-0.006627729916500069,0.6703387678018069,0.6494770333465083,0.020861734455298597,0.031519903691316215,0.03621979161782078,0.018092859914324248,0.0831967088475701,true,true,[],true,false,false,3,5899.218639112313,0.9775010172514189,3.3627381868994064,0,1
dgi,connected_modulated,SSP,50,33,3,5,false,false,1.063892846158271,2.759050706725086,0.9376615865498599,-0.0009860186503859978,2.707957822551,2.751540046488,-0.04358222393699984,0.6585384053572676,0.6494770333465083,0.009061372010759294,0.03162641189949736,0.037983244603182295,0.0460847056293369,0.12660800293581176,true,true,[],true,false,false,3,5865.815213644905,0.9719660668839942,3.6878115503499447,0,0
dgi,connected_modulated,SSP,50,34,4,5,false,false,0.8040719918360707,2.803377188254952,0.9713410365689914,0.007915395728272488,2.7408569184865,2.751540046488,-0.010683128001499842,0.6835177431723964,0.6494770333465083,0.03404070982588814,0.031197731041819058,0.03393102449291363,0.040368671356654943,0.01892049111156213,true,true,[],true,false,false,3,5912.447110946406,0.9796929761303075,4.637481662974552,0,2
dgi,connected_modulated,SSP,50,35,3,5,false,false,0.8945760211626145,2.8457159856422014,0.9314035861976827,0.020031451411603337,2.80945585531,2.751540046488,0.05791580882199998,0.6088800948468882,0.6494770333465083,-0.040596938499620094,0.025076512585652373,0.03307763218211084,0.12246534511170605,0.2848341563034346,true,true,[],true,false,false,3,5922.270948901605,0.9813207868933894,3.701855554372009,0,0
dgi,connected_modulated,SSP,50,36,3,5,false,false,0.8547389363698812,2.801979271236088,0.9803510478260501,-0.011096463135517466,2.7334638733275,2.751540046488,-0.01807617316049992,0.6958893388608212,0.6494770333465083,0.04641230551431286,0.0322701596718919,0.03425317682644645,0.10983585439422415,0.11023786535434768,true,true,[],true,false,false,3,5955.384549159242,0.986807713199543,4.007273897339622,0,1
dgi,connected_modulated,SSP,50,37,3,5,false,false,1.0635629461510505,2.8023978279085267,0.9378115719894554,-0.01931191855018687,2.7577846771520003,2.751540046488,0.0062446306640002724,0.6383193490320344,0.6494770333465083,-0.011157684314473948,0.028981204826274958,0.03688730496240052,0.06633064886445172,0.11796521398656244,true,true,[],true,false,false,3,5756.729133519695,0.9538904943694607,3.8186340541034407,0,0
dgi,connected_modulated,SSP,50,38,2,5,false,false,0.8350496497986053,2.840561426658337,0.9649978869972383,-0.040561462298312104,2.7881520115134997,2.751540046488,0.03661196502549968,0.6580456611399201,0.6494770333465083,0.008568627793411832,0.03041550549905564,0.03531427589195854,0.038101870295580716,0.016472017582186606,true,true,[],true,false,false,3,5883.276197430389,0.9748593533438922,4.040466123875101,0,2
dgi,connected_modulated,SSP,50,39,3,5,false,false,0.7892879096641741,2.814110791731575,0.9593747660236476,-0.045120551978545205,2.7603912522985,2.751540046488,0.00885120581050014,0.6626137936913035,0.6494770333465083,0.013136760344795162,0.028957618616993773,0.03380039802891995,0.04535762915702248,0.07507516349250654,false,false,"[""calibration_bound""]",true,false,true,3,5917.6003130614135,0.9805468621477073,3.800365012021121,0,3
dgi,connected_modulated,SSP,50,40,3,5,false,false,1.0962638835292569,2.8214602307521486,0.9866472019047545,-0.04072950904226184,2.7528098118295,2.751540046488,0.0012697653415001398,0.6952234034497156,0.6494770333465083,0.04574637010320726,0.033836575118898884,0.03611158397209915,0.09327764200157304,0.06449727922129363,true,true,[],true,false,false,3,5987.443939786989,0.9921199568826825,4.709312822614204,0,1
dgi,connected_modulated,SSP,50,41,3,5,false,false,1.1311893916647726,2.772278855183344,0.8997329674924837,-0.0653405593759508,2.739880693709,2.751540046488,-0.011659352779000098,0.5975923676899371,0.6494770333465083,-0.05188466565657124,0.026663446643388242,0.03708467547633481,0.018213227400623547,0.020362402865790077,true,true,[],true,false,false,3,5739.01087880601,0.9509545780954448,3.862455237126081,0,1
dgi,connected_modulated,SSP,50,42,3,5,false,false,0.795578202800753,2.7652773604542955,0.9978524888518718,0.047567637509232166,2.6752125340074997,2.751540046488,-0.07632751248050029,0.7341023868059362,0.6494770333465083,0.0846253534594279,0.03658220284089921,0.03359143139685512,0.01154062248073524,0.025799598172720418,false,false,"[""calibration_bound""]",true,false,true,3,5786.263464001277,0.9587843353771792,4.488474840510033,0,2
dgi,connected_modulated,SSP,50,43,4,5,false,false,0.9762332820970032,2.7749255094306524,0.9249746749981418,-0.010516812515490595,2.7324385183124997,2.751540046488,-0.01910152817550026,0.6331321410989489,0.6494770333465083,-0.016344892247559417,0.02884966464408745,0.03619720174334941,0.11758140005607197,0.033912859330470474,true,true,[],true,false,false,3,5874.298198884893,0.9733716982410759,3.9454307457641007,0,0
dgi,connected_modulated,SSP,50,44,1,5,false,false,0.9761373903733954,2.825014443191041,0.9459482726260586,-0.05250733048971301,2.7797732911675,2.751540046488,0.028233244679499947,0.6391109138262792,0.6494770333465083,-0.010366119520229145,0.028851582293775727,0.03508603011728901,0.05578253033446254,0.06407066748086672,true,true,[],true,false,false,3,5966.841357184043,0.9887061072384495,3.8572653471167495,0,0
dgi,connected_modulated,SSP,50,45,3,5,false,false,1.0605179330970136,2.8098455437457974,0.9005062217303872,0.03216050552610048,2.7810351098329997,2.751540046488,0.02949506334499974,0.5807036318455729,0.6494770333465083,-0.06877340150093536,0.025372557399267637,0.03504807850338242,0.028853685557971236,0.04185068096916525,true,true,[],true,false,false,3,5940.2524456683805,0.9843003223974118,3.8829185932348165,0,0
dgi,connected_modulated,SSP,50,46,3,5,false,false,1.1041523982431787,2.827444508653808,0.9320028141445953,0.02124894392139013,2.7887369489535,2.751540046488,0.03719690246549989,0.618313954766923,0.6494770333465083,-0.031163078579585335,0.028545985802958345,0.036210815391088474,0.029846528330844044,0.10944667412549978,true,true,[],true,false,false,3,6089.09522951106,1.0089635840117748,4.021208043624188,0,1
dgi,connected_modulated,SSP,50,47,3,5,false,false,0.8221060278365474,2.831491399981497,0.9549073704932504,-0.026168865580002667,2.782847359074,2.751540046488,0.03130731258600017,0.6484881569468246,0.6494770333465083,-0.0009888763996837024,0.027680716062547833,0.033215828237791234,0.028345627827218244,0.049666352433159484,true,true,[],true,false,false,3,5900.757384296536,0.9777559874559297,4.94472368097002,0,0
dgi,connected_modulated,SSP,50,48,4,5,false,false,1.0692020178678945,2.7839424386559317,0.9427899363787415,0.03419110763516541,2.7341280320145,2.751540046488,-0.017412014473499937,0.6539375868577972,0.6494770333465083,0.004460553511288934,0.030854399547596934,0.037360838958453935,0.025999427124250636,0.035017432102125906,true,true,[],true,false,false,3,6081.4813045279225,1.0077019560112548,4.081683246714239,0,1
dgi,connected_modulated,SSP,50,49,3,5,false,false,1.1215159986038592,2.8294605190117217,0.9404353230045077,0.0025198699963963136,2.7873656378805,2.751540046488,0.035825591392499856,0.6293164143983907,0.6494770333465083,-0.020160618948117603,0.029022299943550118,0.03718789212172177,0.014966040711621094,0.052359306166284834,true,true,[],true,false,false,3,5971.986801462145,0.9895587077816314,3.9624903875793667,0,1
dgi,connected_modulated,SSP,50,50,1,5,false,false,0.9466563128023481,2.769985700090223,0.9525950413171471,0.0447383569434006,2.7124807906025,2.751540046488,-0.039059255885499855,0.6738856163097782,0.6494770333465083,0.024408582963269865,0.031219983005497266,0.0357228969812004,0.24718696653810387,0.09456501895399595,true,true,[],true,false,false,3,5970.000112016023,0.9892295131758116,4.119832088917714,0,1
dgi,connected_modulated,SSP,50,51,3,5,false,false,0.7920252012446682,2.8274908282081923,0.9458005161878852,0.018083146683555717,2.7826700282985,2.751540046488,0.031129981810499974,0.637750446338925,0.6494770333465083,-0.011726587007583333,0.02817144466341776,0.03409925481601156,0.022678252806459836,0.00649355504786638,false,false,"[""calibration_bound""]",true,false,true,3,5912.54884174985,0.9797098329328666,4.387524747164338,0,1
dgi,connected_modulated,SSP,50,52,2,5,false,false,1.280925333644744,2.753922473039422,0.9382425873352094,-0.024691603633405307,2.7016832412185003,2.751540046488,-0.04985680526949965,0.6617650811866418,0.6494770333465083,0.012288047840133487,0.03204285269152275,0.03923908436829824,0.11881807252473327,0.04199162394490767,true,true,[],true,false,false,3,6299.248110592804,1.0437859338181945,4.122549598038948,0,1
dgi,connected_modulated,SSP,50,53,1,5,false,false,1.035277057968484,2.848431072230973,0.9564760834108776,-0.010571797008823531,2.8015310274044998,2.751540046488,0.04999098091649978,0.6428129432996897,0.6494770333465083,-0.00666409004681856,0.029822899340137654,0.03624615465209906,0.017058684459130013,0.01576544378737308,true,true,[],true,false,false,3,6045.612326511911,1.0017584633822554,3.8287275350748446,0,2
dgi,connected_modulated,SSP,50,54,1,5,false,false,1.0251806295351023,2.8171099494650114,0.9331847302213805,0.056522704515167194,2.776585291669,2.751540046488,0.02504524518099993,0.6248584744296205,0.6494770333465083,-0.0246185589168878,0.02914802202185505,0.03638271764155184,0.03165256833921896,0.08708254642153261,true,true,[],true,false,false,3,5919.504916430298,0.9808624550837279,3.607813488705062,0,0
dgi,connected_modulated,SSP,50,55,2,5,false,false,0.8947534180133713,2.8281713897132237,0.9604556975642757,-0.058715515722046356,2.776166076536,2.751540046488,0.024626030048000125,0.6575938765236569,0.6494770333465083,0.008116843177148558,0.02997371157535365,0.03493358249225262,0.04409734310603426,0.026992843229330352,true,true,[],true,false,false,3,6081.333710876805,1.0076774997310365,3.779693767115068,0,1
dgi,connected_modulated,SSP,50,56,2,5,false,false,1.2252459706168628,2.8337936070058607,0.9150504875779056,0.009513707950913376,2.8023645638475,2.751540046488,0.05082451735950011,0.5908100377492909,0.6494770333465083,-0.05866699559721744,0.028099620375649798,0.03769091164913556,0.06422380873387545,0.028455502202160327,true,true,[],true,false,false,3,5962.527889687397,0.9879913653168844,4.148125717810684,0,0
dgi,connected_modulated,SSP,50,57,4,5,false,false,0.8381170223119426,2.8390706220134967,0.9768473277833756,0.028533932705197423,2.779845137453,2.751540046488,0.028305090965,0.6745372380277155,0.6494770333465083,0.025060204681207177,0.029826350051491646,0.0334591461395784,0.11123034177070029,0.14479111714338191,true,true,[],true,false,false,3,6085.907400258768,1.008435360440558,4.44563153144014,0,2
dgi,connected_modulated,SSP,50,58,2,5,false,false,0.7677147138500409,2.7323539818018245,0.9184330419877885,-0.041674884072607186,2.6869120266874997,2.751540046488,-0.06462801980050026,0.6441509464551142,0.6494770333465083,-0.005326086891394133,0.028360323979792226,0.03508147080705576,0.052496447521563565,0.011073580274419835,false,false,"[""calibration_bound""]",true,false,true,3,5801.401773310656,0.9612927544839529,4.147617881624115,0,2
dgi,connected_modulated,SSP,50,59,3,5,false,false,1.0676291705181096,2.799758693264394,0.9328186346046081,0.002770312909101748,2.757089164602,2.751540046488,0.005549118114000162,0.6325178546641081,0.6494770333465083,-0.016959178682400156,0.02638161394641783,0.034366677954401126,0.24446979959601342,0.06644282047704365,true,true,[],true,false,false,3,5984.941709010571,0.9917053370357201,3.893153005200431,0,1
dgi,connected_modulated,SSP,50,60,1,5,false,false,1.0859949878553148,2.7597875102567255,0.963916121749639,0.05233042079818751,2.693397462335,2.751540046488,-0.05814258415299989,0.6936952479708045,0.6494770333465083,0.044218214624296204,0.033257875145945526,0.03615779494156605,0.046789754987997687,0.06168995229442788,true,true,[],true,false,false,3,6005.5452398090265,0.9951193437960276,3.6328927775076227,0,1
dgi,connected_modulated,SSP,50,61,3,5,false,false,1.1647441863405954,2.8255014797360323,0.9362318546150987,-0.05862942969874292,2.7847396552139996,2.751540046488,0.033199608725999585,0.6252371886074457,0.6494770333465083,-0.0242398447390626,0.028069120129466104,0.03604873448422739,0.02872139170312116,0.049796638630288444,true,true,[],true,false,false,3,6133.540508945978,1.0163281704964338,4.199392399039481,0,1
dgi,connected_modulated,SSP,50,62,3,5,false,false,0.8807389140808793,2.8003682125421556,0.8986305323529188,-0.03750560474179509,2.771263665703,2.751540046488,0.0197236192150001,0.582439701608798,0.6494770333465083,-0.06703733173771032,0.02667964449200394,0.03536522157074875,0.12441544730834096,0.014913569286715505,true,true,[],true,false,false,3,6116.609392589498,1.0135226831134214,4.938669130875264,0,0
dgi,connected_modulated,SSP,50,63,2,5,false,false,1.1670389939673373,2.791809788484345,0.9599127982117323,-0.03441281684967053,2.7339602199820003,2.751540046488,-0.01757982650599965,0.6736339254015286,0.6494770333465083,0.02415689205502025,0.03279451851580043,0.037744962772673585,0.09725651734950135,0.0829502191430575,true,true,[],true,false,false,3,6107.639275076978,1.0120363338984222,3.9074618607093003,0,1
dgi,separated_droplets,ID,50,0,4,5,false,false,0.8873055119903707,2.78702905228552,0.5630806298034906,0.011453729012181868,2.787012775182,2.799987273455,-0.012974498273000012,0.09300853075952288,0.08736061642362755,0.005647914335895329,0.01377249459800561,0.011610665728346355,0.1621638400804543,0.3654839711851453,true,true,[],true,false,false,3,5799.711589943201,0.9610126909599339,3.7739591257752516,0,1
dgi,separated_droplets,ID,50,1,4,5,false,false,0.9982989799971125,2.771733217400296,0.5528317436372213,0.013258828088208014,2.771721454665,2.799987273455,-0.028265818790000008,0.0858757045688992,0.08736061642362755,-0.001484911854728349,0.015290892704925053,0.012489615621677162,0.08018561395733126,0.040387671479974865,true,true,[],true,false,false,3,5991.82540423685,0.9928459659050289,4.04867198114592,0,1
dgi,separated_droplets,ID,50,2,1,5,false,false,1.0096600713600077,2.782776682351388,0.568386596530204,-0.02090731894433413,2.7827555129395,2.799987273455,-0.017231760515500127,0.09935859905927398,0.08736061642362755,0.011997982635646429,0.015433437888122908,0.013508939852766206,0.04759106984616195,0.03136613942787517,true,true,[],true,false,false,3,5997.411131205654,0.9937715213265375,3.7426681975198077,0,1
dgi,separated_droplets,ID,50,3,2,5,false,false,0.9371807535633825,2.7921718004729623,0.5608495978833706,0.0022222327018592484,2.7921576700579998,2.799987273455,-0.00782960339700045,0.0897377254080637,0.08736061642362755,0.0023771089844361465,0.014134242407853093,0.011729696527583272,0.28965537938735847,0.35812957957814523,true,true,[],true,false,false,3,6054.840895150883,1.0032876379703202,4.397053041080643,0,1
dgi,separated_droplets,ID,50,4,1,5,false,false,1.028112523392101,2.8007642821247836,0.5678354901225974,0.004161502752160711,2.8007464686335,2.799987273455,0.0007591951784999829,0.09501168554317754,0.08736061642362755,0.007651069119549991,0.014769848239992592,0.012159411006106163,0.03784710529294233,0.04501548375747752,true,true,[],true,false,false,3,6039.840353770903,1.000802047020862,4.348955230141878,0,1
dgi,separated_droplets,ID,50,5,4,5,false,false,0.8902658843362284,2.8103911032863023,0.5600990381320977,0.00652099768926902,2.8103794114725,2.799987273455,0.010392138017499608,0.08544976488314471,0.08736061642362755,-0.0019108515404828441,0.015246466643220673,0.012755087283819055,0.2410433556508094,0.09546392422038212,true,true,[],true,false,false,3,5881.282719533476,0.9745290338912139,3.450032737051781,0,1
dgi,separated_droplets,ID,50,6,3,5,false,false,1.0891957028033221,2.804722323715335,0.5548196045141622,-0.006901649961149841,2.8047126651710004,2.799987273455,0.004725391716000171,0.08150734258135228,0.08736061642362755,-0.0058532738422752695,0.01547937184905357,0.011599887783528749,0.20894308070378373,0.042632408887007,true,true,[],true,false,false,3,5856.305793762505,0.9703903552216248,3.973177309219785,0,1
dgi,separated_droplets,ID,50,7,4,5,false,false,1.0751379881022456,2.7988576702168007,0.5707974140641214,-0.0032125960590942922,2.79883714625,2.799987273455,-0.0011501272050002953,0.0984510407513094,0.08736061642362755,0.011090424327681841,0.015215945618135116,0.012515113383413821,0.0451283437936001,0.0950181031344974,true,true,[],true,false,false,3,5906.960435083412,0.9787838334852382,3.8985216960603353,0,0
dgi,separated_droplets,ID,50,8,3,5,false,false,0.9099188769532766,2.786532193106903,0.5705067015349083,0.030286505941945895,2.786509756449,2.799987273455,-0.013477517006000195,0.10077845342696852,0.08736061642362755,0.013417837003340968,0.015240568920675514,0.013698062622268642,0.04386902083379666,0.052825963690409476,true,true,[],true,false,false,3,5949.802946555988,0.9858828411857478,3.839863548105499,0,2
dgi,separated_droplets,ID,50,9,2,5,false,false,0.9451584250281659,2.783340676640512,0.5544751286099898,0.001531560105091539,2.783329219194,2.799987273455,-0.0166580542610002,0.08522421101192468,0.08736061642362755,-0.002136405411702874,0.014828793006532505,0.012100297727270231,0.13126039884989968,0.02529237421783332,true,true,[],true,false,false,3,6026.244476332743,0.99854920900294,4.0052581641786,0,2
dgi,separated_droplets,ID,50,10,0,5,false,false,1.0440806863876282,2.786738621671788,0.5513484682497867,-0.00807736717413002,2.78672898658,2.799987273455,-0.013258286875000191,0.08158888561000888,0.08736061642362755,-0.005771730813618675,0.014955786545270395,0.011546910028801332,0.0361382137184356,0.04443569058773662,true,true,[],true,false,false,3,6134.120942879067,1.0164243484472357,3.9370605091192536,0,1
dgi,separated_droplets,ID,50,11,1,5,false,false,0.8402842892063803,2.7993166773988762,0.5669368901509171,-0.0271696775074969,2.7992993297725,2.799987273455,-0.0006879436825002472,0.09439683733411353,0.08736061642362755,0.007036220910485974,0.014923874027913942,0.01297449311723932,0.0469526584511269,0.16785036982738066,true,true,[],true,false,false,3,5898.363044664336,0.977359245180503,4.190213659681587,0,1
dgi,separated_droplets,ID,50,12,3,5,false,false,0.8705529728819449,2.799375603041364,0.5610535149816863,0.006151389606572827,2.7993621940524998,2.799987273455,-0.0006250794025004502,0.08851329890699836,0.08736061642362755,0.0011526824833708038,0.015400274480495458,0.012954420458199256,0.20571358101521917,0.12949841765575887,true,true,[],true,false,false,3,6014.952246499832,0.9966780855840649,3.6628095076019176,0,2
dgi,separated_droplets,ID,50,13,1,5,false,false,1.0028467271114692,2.797905030347035,0.5836793296483439,0.008685013287134762,2.797870078461,2.799987273455,-0.0021171949940002044,0.11246607106819431,0.08736061642362755,0.02510545464456676,0.016123037841365553,0.014468005484454474,0.08117668322667734,0.03868280555174782,true,true,[],true,false,false,3,6128.935233379529,1.015565075953526,3.568174306525046,0,2
dgi,separated_droplets,ID,50,14,3,5,false,false,1.0889973519234106,2.783853835882709,0.540696394265129,-0.004412151972427402,2.7838478847644996,2.799987273455,-0.016139388690500578,0.07235192031751515,0.08736061642362755,-0.015008696106112399,0.014419127385703747,0.010584848488188596,0.1168389813013321,0.06413948204345223,true,true,[],true,false,false,3,5905.963435456761,0.9786186305645005,4.182268411962359,0,0
dgi,separated_droplets,ID,50,15,4,5,false,false,1.0288371836364751,2.772278755528288,0.5569404894467888,-0.011493404325714954,2.7722646715434998,2.799987273455,-0.027722601911500444,0.08982429473727993,0.08736061642362755,0.0024636783136523788,0.01547397867819208,0.012630599296339504,0.16624503716847758,0.06834128589774016,true,true,[],true,false,false,3,6005.286825833173,0.995076524578819,4.333522917069518,0,1
dgi,separated_droplets,ID,50,16,3,5,false,false,0.9576050610919589,2.814903034610674,0.5537605473186638,0.027757826319575796,2.8148946260464998,2.799987273455,0.014907352591499556,0.07866153312603391,0.08736061642362755,-0.00869908329759364,0.01414818127152994,0.010969828101062576,0.12756098507385652,0.028586735666041037,true,true,[],true,false,false,3,5934.073568798212,0.9832764819881048,3.974459194779965,0,2
dgi,separated_droplets,ID,50,17,3,5,false,false,0.9480603413405023,2.8050322672075554,0.5585161938168555,-0.015078777308794493,2.8050208655490003,2.799987273455,0.005033592094000117,0.08495536258680411,0.08736061642362755,-0.00240525383682344,0.014811282829482398,0.01185630303669839,0.16395539430698458,0.09260717477317386,true,true,[],true,false,false,3,5968.648130359018,0.9890054897032341,3.948601025364214,0,2
dgi,separated_droplets,ID,50,18,1,5,false,false,1.0215850368958705,2.790107663972143,0.5591787282014505,-0.015906715741367233,2.7900943096655,2.799987273455,-0.009892963789499998,0.08849626568742713,0.08736061642362755,0.0011356492637995819,0.014677070030469317,0.011748244262469799,0.08194918955232688,0.03993483991166732,true,true,[],true,false,false,3,5843.215551148656,0.9682213009359828,4.114087749220975,0,1
dgi,separated_droplets,ID,50,19,2,5,false,false,0.9935595367819315,2.8058835961816695,0.557478674423372,0.004875487212288145,2.8058727979149998,2.799987273455,0.005885524459999569,0.08380251559382847,0.08736061642362755,-0.003558100829799085,0.0147008635949972,0.011681588950403138,0.17269203085212342,0.07202044763085243,true,true,[],true,false,false,3,6063.299711084763,1.0046892644713774,3.609175926848902,0,1
dgi,separated_droplets,ID,50,20,3,5,false,false,1.0460313247510122,2.793946298929288,0.5753918376496394,0.007663158673574486,2.7939204420175,2.799987273455,-0.0060668314375003085,0.1043456528442985,0.08736061642362755,0.01698503642067095,0.015807931759670105,0.01394973407675724,0.12152228714707866,0.07214950655863213,true,true,[],true,false,false,3,5890.497685508533,0.9760559545167412,3.677662780513214,0,0
dgi,separated_droplets,ID,50,21,4,5,false,false,0.8671455651525051,2.7543044193439576,0.5496520122728058,-0.028489181646188872,2.754292571023,2.799987273455,-0.045694702432000245,0.08616712785798393,0.08736061642362755,-0.0011934885656436217,0.014831779478324245,0.012358818789357597,0.04223845378200708,0.03967644840891812,true,true,[],true,false,false,3,5988.854037420279,0.9923536101773454,4.001638492104853,0,1
dgi,separated_droplets,ID,50,22,3,5,false,false,0.7381181653478714,2.8054627034165245,0.57673450954187,0.0015307870411955036,2.8054378106674998,2.799987273455,0.005450537212499551,0.1032534864914337,0.08736061642362755,0.015892870067806153,0.015083439114577112,0.013526415858844199,0.07763948845511266,0.10902651095175941,true,true,[],true,false,false,3,6199.987083017993,1.0273383733252681,3.9976823188738115,0,1
dgi,separated_droplets,ID,50,23,2,5,false,false,0.9359165946557951,2.8267029239446786,0.5560512595007173,-0.012478386990569936,2.8266944921385,2.799987273455,0.02670721868349979,0.07863356900598487,0.08736061642362755,-0.008727047417642686,0.014911774926408503,0.011587744574823283,0.2550407899306967,0.06375877206918906,true,true,[],true,false,false,3,5986.968050273455,0.9920411019508626,3.5726097650542923,0,0
dgi,separated_droplets,ID,50,24,2,5,false,false,1.0086885762539162,2.826675244811196,0.5615129282030572,0.011982454055118495,2.826664413879,2.799987273455,0.026677140423999823,0.08371121588522469,0.08736061642362755,-0.003649400538402861,0.014535659523298885,0.011321672726131169,0.07346961472840174,0.06421454943523663,true,true,[],true,false,false,3,6009.741433096582,0.9958146533714304,4.110940852732677,0,1
dgi,separated_droplets,ID,50,25,3,5,false,false,1.0098042800500473,2.8007383978163154,0.5653210056255629,0.007431787826504116,2.8007224118625,2.799987273455,0.0007351384074998357,0.0924765650972986,0.08736061642362755,0.005115948673671045,0.015196654988800079,0.012767432713991762,0.09349660445324864,0.11532608733725377,true,true,[],true,false,false,3,5983.77443064259,0.9915119189134367,4.054042377491367,0,1
dgi,separated_droplets,ID,50,26,4,5,false,false,0.8787280151051118,2.7896142262718584,0.5611551086046369,-0.006125440366327919,2.7895995889445,2.799987273455,-0.010387684510499984,0.0905522617778304,0.08736061642362755,0.0031916453542028544,0.014992385624588635,0.012782319367089786,0.029081933583977315,0.07547756052292087,true,true,[],true,false,false,3,6157.835124168135,1.0203537902515551,3.471495333980375,0,1
dgi,separated_droplets,ID,50,27,2,5,false,false,0.9118370988881016,2.778383556593742,0.5793215447614399,0.006719768632506437,2.7783492393835,2.799987273455,-0.021638034071500112,0.1121483709990799,0.08736061642362755,0.024787754575452348,0.015263559095699658,0.014491742209464276,0.17703369440627165,0.0818249136497366,true,true,[],true,false,false,3,6078.6293932468025,1.0072293940756922,4.480833579630024,0,2
dgi,separated_droplets,ID,50,28,4,5,false,false,1.02771111587225,2.7891506381677713,0.5488305680091543,-0.008423594512325466,2.789142252956,2.799987273455,-0.010845020499000046,0.078787630788682,0.08736061642362755,-0.008572985634945546,0.014544917508404568,0.010930532405848327,0.04016333321675591,0.08804733129272109,true,true,[],true,false,false,3,6043.42515856922,1.0013960494729446,3.7175016173248663,0,2
dgi,separated_droplets,ID,50,29,1,5,false,false,1.02120260758821,2.8200682206191794,0.5516502912263158,-0.00097194640198004,2.820060947251,2.799987273455,0.02007367379599989,0.07582688687454658,0.08736061642362755,-0.011533729549080968,0.014888782053177714,0.010954797219662672,0.06913846074334848,0.04935632358082431,true,true,[],true,false,false,3,5724.118417117397,0.9484868959598007,3.5503450390111193,0,0
dgi,separated_droplets,ID,50,30,0,5,false,false,0.9999267521500861,2.795997729402268,0.5699638498969442,-0.012482489550606097,2.7959774418415,2.799987273455,-0.004009831613500214,0.09819154807586697,0.08736061642362755,0.010830931652239417,0.015502252523553915,0.013265772414615244,0.06347329009155277,0.09535610297384525,true,true,[],true,false,false,3,6042.661672457965,1.0012695397610547,4.70871960914911,0,1
dgi,separated_droplets,ID,50,31,4,5,false,false,0.9262434039630588,2.809633214796666,0.5643809111736919,-0.0077831381625169315,2.8096189810655,2.799987273455,0.009631707610499696,0.08976129150578559,0.08736061642362755,0.0024006750821580353,0.014335223418430753,0.011788674774762094,0.035609221119212206,0.26563742186630845,true,true,[],true,false,false,3,5894.422011887285,0.976706215722831,4.012718099655261,0,2
dgi,separated_droplets,ID,50,32,3,5,false,false,0.9996317432584096,2.784753863761959,0.5693523857743896,0.003986055159136638,2.7847321723164997,2.799987273455,-0.015255101138500482,0.09994745633782937,0.08736061642362755,0.012586839914201814,0.014033537547972735,0.011891324083937145,0.17895430331913229,0.19530659594846234,true,true,[],true,false,false,3,5938.864020063787,0.9840702601596997,3.568108765454278,0,1
dgi,separated_droplets,ID,50,33,2,5,false,false,1.0044503842146175,2.8141308517579366,0.5595175770106926,0.00660117812994336,2.814119823723,2.799987273455,0.014132550267999644,0.08418283114791211,0.08736061642362755,-0.003177785275715439,0.014917091020670925,0.011778422489247995,0.008385956271663133,0.03774016021129171,true,true,[],true,false,false,3,5940.996240915687,0.984423569331514,3.6541098281092257,0,1
dgi,separated_droplets,ID,50,34,1,5,false,false,1.0400288797813566,2.7913565875547435,0.5734076974041036,-0.0019037929882970202,2.7913322527439997,2.799987273455,-0.00865502071100055,0.10279973746630164,0.08736061642362755,0.015439121042674087,0.01563286433056502,0.013798705640675693,0.18766392383155392,0.06340658465539942,true,true,[],true,false,false,3,5860.575154710337,0.9710977886843972,4.112341308140244,0,0
dgi,separated_droplets,ID,50,35,4,5,false,false,1.049422558484725,2.806702427214773,0.5493722159593175,0.010647990125528995,2.8066950715475,2.799987273455,0.006707798092499662,0.07613072808769261,0.08736061642362755,-0.01122988833593494,0.0153915505571903,0.011522562140638917,0.04482229824320933,0.11260666304242019,true,true,[],true,false,false,3,6158.2823377823515,1.0204278935844824,3.859911301279011,0,2
dgi,separated_droplets,ID,50,36,1,5,false,false,0.9619064473966915,2.7979470871885757,0.5627752511073505,-0.006381989703148431,2.797932442256,2.799987273455,-0.0020548311990000734,0.09049654455145348,0.08736061642362755,0.0031359281278259266,0.015416948732592105,0.01268880471118676,0.029915642225957273,0.02100546500895948,true,true,[],true,false,false,3,5876.510412938069,0.9737382622929691,3.369489951880778,0,0
dgi,separated_droplets,ID,50,37,3,5,false,false,1.045936482051272,2.8101267460519286,0.5513437664739876,0.010681521947585723,2.8101189139905003,2.799987273455,0.010131640535500086,0.07731049101347671,0.08736061642362755,-0.010050125410150837,0.014258238194104217,0.010711718205322265,0.28834357236365443,0.037781894571805835,true,true,[],true,false,false,3,5958.461218756691,0.9873175176067425,3.8046989484247282,0,1
dgi,separated_droplets,ID,50,38,2,5,false,false,1.0439085505235168,2.794418184696081,0.5230779122292144,-0.004575025215673219,2.7944160211774998,2.799987273455,-0.005571252277500438,0.05613259355227451,0.08736061642362755,-0.03122802287135304,0.014574052403929923,0.009224311433455078,0.2264036132880927,0.1271131846001925,true,true,[],true,false,false,3,5995.9623455685505,0.9935314574264376,4.144013744244468,0,1
dgi,separated_droplets,ID,50,39,3,5,false,false,0.8893862434579618,2.7968745683790655,0.5565181002275862,0.003125818792843634,2.79686339094,2.799987273455,-0.003123882515000176,0.08459631095425357,0.08736061642362755,-0.002764305469373979,0.015461799975490544,0.012768422130903945,0.1338797400549558,0.016305318300170263,true,true,[],true,false,false,3,6118.526878850839,1.0138404107457895,3.783032948954388,0,0
dgi,separated_droplets,ID,50,40,2,5,false,false,0.9785042034409762,2.807853228311535,0.5872938275656586,0.019337904102984627,2.8078159772860003,2.799987273455,0.007828703831000094,0.11416897985166505,0.08736061642362755,0.026808363428037496,0.015514477136148607,0.014204676790557634,0.02925191290800515,0.03757645988527206,true,true,[],true,false,false,3,5807.441714439262,0.9622935732293723,3.5933176539739913,0,1
dgi,separated_droplets,ID,50,41,1,5,false,false,0.982509205663323,2.80334471372704,0.5688280493859709,-0.0013341998961973892,2.8033265223640003,2.799987273455,0.0033392489090000588,0.09548933931375111,0.08736061642362755,0.008128722890123563,0.015515042123959915,0.013332044507379808,0.019550933834174035,0.010964425807518146,true,true,[],true,false,false,3,5886.011484396551,0.9753125906208039,4.223149717478897,0,1
dgi,separated_droplets,ID,50,42,2,5,false,false,1.0821329429505893,2.7946814612285285,0.562835990578007,-0.0018766159778869646,2.7946663653195003,2.799987273455,-0.005320908135499902,0.09121158992014719,0.08736061642362755,0.0038509734965196385,0.01519914659173738,0.012064355449291566,0.1521366782038682,0.049204564106010006,true,true,[],true,false,false,3,5821.694456677093,0.9646552537990212,4.502047429701044,0,2
dgi,separated_droplets,ID,50,43,2,5,false,false,0.9790860398910636,2.812888268171534,0.5512129239146105,-0.016380664967845706,2.8128806732075,2.799987273455,0.01289339975249959,0.0767000371303153,0.08736061642362755,-0.010660579293312253,0.014815092555294647,0.011135166946211599,0.0900665879082392,0.07007042191934444,true,true,[],true,false,false,3,6004.971342166618,0.9950242489091331,4.044067426828383,0,2
dgi,separated_droplets,ID,50,44,3,5,false,false,1.0024353401876074,2.778535299244594,0.5341127968101725,0.009593364383257016,2.7785307962559997,2.799987273455,-0.021456477199000457,0.06751402261217997,0.08736061642362755,-0.019846593811447585,0.01550867774055874,0.011252123560215117,0.10035353935622808,0.052603996366208446,true,true,[],true,false,false,3,5776.012497962463,0.9570857494552549,3.910951248441616,0,0
dgi,separated_droplets,ID,50,45,4,5,false,false,1.0413361290419527,2.814476599391688,0.5797688801801453,0.003450392966342112,2.8144503941755,2.799987273455,0.014463120720499933,0.10450373548061945,0.08736061642362755,0.017143119056991896,0.015281841361927392,0.013161747912852071,0.01291821223143582,0.027242553406266055,true,true,[],true,false,false,3,5930.2017010334785,0.982634913178704,4.1922096737158245,0,1
dgi,separated_droplets,ID,50,46,3,5,false,false,1.041036618771984,2.8137789626381697,0.5481755385084736,0.0008857017402103443,2.813772443377,2.799987273455,0.013785169921999962,0.07382200540941708,0.08736061642362755,-0.013538611014210472,0.01465858511405509,0.010609718934334208,0.023771911121595022,0.035659459603265296,true,true,[],true,false,false,3,6112.15159200038,1.0127840251864757,3.6800474990115126,0,1
dgi,separated_droplets,ID,50,47,4,5,false,false,0.9645201626744682,2.789738570993858,0.5861087763657588,0.003946269140937178,2.789697612557,2.799987273455,-0.010289660898000097,0.11709637141117088,0.08736061642362755,0.029735754987543328,0.015395556253032475,0.014399849087446922,0.05058729715249896,0.02630800507654141,true,true,[],true,false,false,3,6073.797771400156,1.0064287939354029,4.284404005794556,0,1
dgi,separated_droplets,ID,50,48,3,5,false,false,1.0356074698447373,2.8281323907126974,0.5687956585144643,0.00975571567568407,2.828117620576,2.799987273455,0.028130347120999932,0.09044641175075135,0.08736061642362755,0.0030857953271238026,0.01492021650011181,0.012175238710314881,0.08285831961557777,0.012899277945916459,true,true,[],true,false,false,3,5965.367542632535,0.9884618960451591,3.9111038048563285,0,2
dgi,separated_droplets,ID,50,49,3,5,false,false,0.936042316707836,2.8008276180107625,0.553656878642244,0.01117818596062581,2.8008181460235,2.799987273455,0.0008308725684997853,0.08113921663824815,0.08736061642362755,-0.006221399785379403,0.015128224375672926,0.012186554092128685,0.010488436187869099,0.02266370818074881,true,true,[],true,false,false,3,5956.698134398596,0.9870253743825346,3.9927748117542876,0,1
dgi,separated_droplets,ID,50,50,1,5,false,false,1.0691242286118179,2.7962672115805427,0.552050343063727,0.014383935275336993,2.7962580593105,2.799987273455,-0.003729214144500226,0.08047874374126163,0.08736061642362755,-0.006881872682365925,0.015115534347192958,0.01145529293459089,0.14231454827130682,0.021665785028131823,true,true,[],true,false,false,3,5773.224719831986,0.9566238143880672,3.680180472458996,0,0
dgi,separated_droplets,ID,50,51,3,5,false,false,0.9792424879885193,2.8167597083511082,0.5476137553133869,0.0024124389093580106,2.8167535316115,2.799987273455,0.01676625815649979,0.0728137458084061,0.08736061642362755,-0.014546870615221447,0.014186328739840041,0.010174044426896484,0.14553602382706984,0.12655880333888778,true,true,[],true,false,false,3,6219.956129737185,1.0306472460210745,3.8376320334763907,0,1
dgi,separated_droplets,ID,50,52,2,5,false,false,1.078769171611487,2.819867614492465,0.5613504682965544,0.01807407470871048,2.8198562139885004,2.799987273455,0.01986894053350019,0.08484130739233067,0.08736061642362755,-0.002519309031296879,0.015361205461173599,0.011778166561603283,0.12223171711663755,0.03541112696298834,true,true,[],true,false,false,3,6154.75573412875,1.0198435350669015,4.0493803364086,0,2
dgi,separated_droplets,ID,50,53,2,5,false,false,1.0456000931142415,2.8182421197984073,0.5532156146066733,-0.0005851062493711771,2.8182341613219997,2.799987273455,0.01824688786699946,0.07756453884068149,0.08736061642362755,-0.009796077582946067,0.014925869801040615,0.01105766333902943,0.05895167073871364,0.027194532140869317,true,true,[],true,false,false,3,6068.17311156122,1.0054967873340879,3.590091296006853,0,2
dgi,separated_droplets,ID,50,54,3,5,false,false,0.9489274726151489,2.7789266465443587,0.5701805115430204,-0.010285445758899765,2.778903089629,2.799987273455,-0.021084183826000302,0.10208244797449963,0.08736061642362755,0.014721831550872075,0.0146554630979225,0.01310126788046307,0.02054871507558659,0.134524796066792,true,true,[],true,false,false,3,6102.950497245985,1.0112594030233613,3.820400618597859,0,0
dgi,separated_droplets,ID,50,55,2,5,false,false,1.0718992606052775,2.7736331120282243,0.5501829029410116,0.008026846130513075,2.7736228659695,2.799987273455,-0.026364407485500063,0.08294971566838424,0.08736061642362755,-0.004410900755243308,0.015374858604698342,0.011963134136028536,0.06964257974854969,0.034822671422555525,true,true,[],true,false,false,3,6027.571534888013,0.9987691027154951,3.9224300803052228,0,2
dgi,separated_droplets,ID,50,56,2,5,false,false,0.9891163979714819,2.8038469210138226,0.5558566153534362,0.0002955547555485968,2.8038367136274998,2.799987273455,0.003849440172499552,0.08264730640283627,0.08736061642362755,-0.004713310020791284,0.015340636819346868,0.01205359798786069,0.12136440402862571,0.055946442204885885,true,true,[],true,false,false,3,6188.6108704269545,1.0254533339564134,3.8892522451267983,0,1
dgi,separated_droplets,ID,50,57,3,5,false,false,1.0776723478420778,2.7851227062392496,0.5461282700900917,-0.0009649149095158628,2.7851150574315,2.799987273455,-0.014872216023500417,0.07702627256611212,0.08736061642362755,-0.01033434385751543,0.014480197700354294,0.010571683907606474,0.03655433174691035,0.07449038994411154,true,true,[],true,false,false,3,5912.2282503197675,0.979656710906341,3.9226462964401874,0,1
dgi,separated_droplets,ID,50,58,4,5,false,false,0.9276315570128335,2.7954362497098235,0.5639671775002144,0.002494349615335866,2.79542048982,2.799987273455,-0.004566783635000071,0.09219169165650037,0.08736061642362755,0.004831075232872822,0.014782681645682399,0.012625407039816773,0.04297274146366924,0.05758242105678352,true,true,[],true,false,false,3,5941.494889320089,0.9845061954134364,4.421041339815002,0,2
dgi,separated_droplets,ID,50,59,4,5,false,false,1.0436805727210217,2.805416918240925,0.5620429033678017,0.017195641873024303,2.805403611501,2.799987273455,0.005416338045999947,0.08829658232492746,0.08736061642362755,0.0009359659012999066,0.014983786048455811,0.011799409164062741,0.031070926466399286,0.022549762756400207,true,true,[],true,false,false,3,5982.49521826114,0.9912999533158475,3.630550651205794,0,1
dgi,separated_droplets,ID,50,60,3,5,false,false,0.8412730675760468,2.800362723722907,0.559088926022797,0.0003283423312102518,2.8003505437455,2.799987273455,0.00036327029049987303,0.08640480318300786,0.08736061642362755,-0.0009558132406196906,0.014274622028873715,0.011766885343925414,0.03178675880751916,0.08748418217030735,true,true,[],true,false,false,3,6026.256272666284,0.9985511636563851,4.5067357356076485,0,0
dgi,separated_droplets,ID,50,61,2,5,false,false,1.044916418652617,2.7947097840652435,0.5551331952319583,-0.0007819886413362356,2.7946990902045004,2.799987273455,-0.005288183250499845,0.08368270072366818,0.08736061642362755,-0.003677915699959372,0.014971300574333787,0.01165123307231738,0.03404576683032511,0.028783936199687665,true,true,[],true,false,false,3,6126.575390373966,1.015174049771991,3.762335974488761,0,1
dgi,separated_droplets,ID,50,62,3,5,false,false,1.1123808725737478,2.8004988610120707,0.553457531095482,0.0003906124058977187,2.800489448805,2.799987273455,0.000502175349999856,0.08101332114989993,0.08736061642362755,-0.006347295273727627,0.01538011612909933,0.011599585254414053,0.01551043135809701,0.013869947712359705,true,true,[],true,false,false,3,5748.297006235171,0.9524932901798129,3.36287349478586,0,0
dgi,separated_droplets,ID,50,63,3,5,false,false,1.0466458993927545,2.7740191722541288,0.5520121687934256,-0.0041576848964078005,2.7740080649295003,2.799987273455,-0.025979208525499953,0.08463675559366551,0.08736061642362755,-0.002723860829962038,0.014894524354347037,0.011980976090443825,0.14404189576381954,0.07025810931824719,true,true,[],true,false,false,3,6059.104000933173,1.0039940349516443,3.4391331440030766,0,2
dgi,connected_modulated,SSP,100,0,3,5,false,false,0.8819563312407388,2.838414183753037,0.9517071473133356,-0.0073451798634457804,2.7923540483775,2.751540046488,0.040814001889499796,0.6408719273236457,0.6494770333465083,-0.008605106022862574,0.019635371586427686,0.023908154244086544,0.08500350933789302,0.015563481094044988,true,true,[],true,false,false,3,6072.5165217164895,1.0062164907566677,3.5155534363176577,0,0
dgi,connected_modulated,SSP,100,1,4,5,false,false,1.0261689340296716,2.790148690968284,0.9506411517542567,-0.009614880886786572,2.737191791173,2.751540046488,-0.014348255314999836,0.6618423839720018,0.6494770333465083,0.012365350625493488,0.021492487558621397,0.02513026445016331,0.054796553855747145,0.07245515691554352,true,true,[],true,false,false,3,6108.337877204229,1.0121520923287868,3.8417264793020287,0,0
dgi,connected_modulated,SSP,100,2,4,5,false,false,0.9144224883618873,2.771544622661523,0.9244860936022063,-0.05018070275642362,2.7288171635635,2.751540046488,-0.022722882924500087,0.6340445488924595,0.6494770333465083,-0.015432484454048767,0.019728814291764922,0.024552311320136206,0.13621227050233892,0.1299583412921599,true,true,[],true,false,false,3,5963.1837027288975,0.9881000335921951,4.888466692891614,0,1
dgi,connected_modulated,SSP,100,3,3,5,false,false,1.0964556063367972,2.820961461708122,0.9261892297692743,-0.0035185938363075982,2.783858593704,2.751540046488,0.03231854721600014,0.6130422070600827,0.6494770333465083,-0.03643482628642558,0.019190613072912602,0.025022295843269215,0.05755824859808436,0.03413125442182033,true,true,[],true,false,false,3,6093.896946104077,1.00975922884906,3.872365673309833,0,1
dgi,connected_modulated,SSP,100,4,2,5,false,false,1.07917116547025,2.811003855344257,0.9497655621212611,-0.0006350705362696711,2.7618231769875,2.751540046488,0.010283130499499915,0.6509277312893873,0.6494770333465083,0.001450697942878998,0.02070697849810994,0.0249867116081233,0.02974231020987289,0.027153933554390712,true,true,[],true,false,false,3,6063.565773391185,1.0047333510175949,4.144398466718435,0,2
dgi,connected_modulated,SSP,100,5,3,5,false,false,1.1341072573230242,2.7994090947428205,0.9296637282580701,0.0143761529910904,2.7581099331630003,2.751540046488,0.006569886675000358,0.6282014828603085,0.6494770333465083,-0.02127555048619978,0.019527915152959686,0.024950664211213194,0.0719610418210121,0.05969619025982178,true,true,[],true,false,false,3,5973.484503839705,0.9898068771896777,3.9133246762557437,0,0
dgi,connected_modulated,SSP,100,6,2,5,false,false,0.9387135689343674,2.8338390272577176,0.9911260240078293,-0.022243585740116905,2.764789029434,2.751540046488,0.013248982946000076,0.6954148550111108,0.6494770333465083,0.045937821664602474,0.023227982571025787,0.024216335348747536,0.06069856534846131,0.05893916042975531,true,true,[],true,false,false,3,5994.978817522502,0.9933684867477219,3.6475008406391605,0,1
dgi,connected_modulated,SSP,100,7,1,5,false,false,0.9023976370924192,2.8189441296082096,0.9559000187592248,0.009844159217358612,2.7678527098285004,2.751540046488,0.01631266334050041,0.6556551692052099,0.6494770333465083,0.006178135858701639,0.02110829235920814,0.0246943683781091,0.04198659677994423,0.01927314850760886,true,true,[],true,false,false,3,5713.676124677124,0.946756607237303,4.2617639102516796,0,0
dgi,connected_modulated,SSP,100,8,3,5,false,false,1.0095827098583838,2.7692220940757712,0.9278072262075748,0.018374470802894158,2.7246181773395,2.751540046488,-0.026921869148500033,0.6398789054638299,0.6494770333465083,-0.009598127882678442,0.019632651914114566,0.024587577887735815,0.024535954903464798,0.027502138037671237,true,true,[],true,false,false,3,6076.229266518058,1.0068316928778887,4.75543248146457,0,1
dgi,connected_modulated,SSP,100,9,1,5,false,false,0.8767208086927821,2.811329365582823,0.9496738481580929,0.005169067681289919,2.762245029877,2.751540046488,0.010704983389000056,0.6506497849216119,0.6494770333465083,0.0011727515751035478,0.020854907832132306,0.02464301036315513,0.02182739907863518,0.014754652114528762,true,true,[],true,false,false,3,5812.515655573758,0.9631343256957345,3.799022417954401,0,1
dgi,connected_modulated,SSP,100,10,4,5,false,false,1.07715256542854,2.8078750496151885,0.947915223671097,-0.03205579607923824,2.7591494401515,2.751540046488,0.007609393663499997,0.6498327173364356,0.6494770333465083,0.0003556839899272468,0.021427046760378845,0.025738390349055267,0.02809691992240991,0.02065258021349069,true,true,[],true,false,false,3,6119.609508338127,1.014019802541529,3.8272540057233617,0,1
dgi,connected_modulated,SSP,100,11,2,5,false,false,0.7852432352804233,2.7915577974523047,0.9626614940288136,-0.0061288993539607385,2.732057264892,2.751540046488,-0.01948278159599992,0.6774293071394641,0.6494770333465083,0.02795227379295584,0.021509841094192517,0.023799240852096847,0.01869220710368088,0.02841332698890202,true,true,[],true,false,false,3,5837.587156980986,0.9672886755560872,3.97520273110516,0,1
dgi,connected_modulated,SSP,100,12,1,5,false,false,1.070785417757122,2.8340483125018925,0.9503665825139821,0.014299613584175442,2.788000112593,2.751540046488,0.03646006610500008,0.6410426686457629,0.6494770333465083,-0.008434364700745434,0.02032551543911822,0.024849033302657392,0.06758611992471185,0.030213167296986344,true,true,[],true,false,false,3,6076.932894463761,1.0069482840867872,4.050013895216703,0,0
dgi,connected_modulated,SSP,100,13,2,5,false,false,1.1447347455508667,2.8021145755929995,0.9445507268385172,-0.00014556970097454793,2.754199170442,2.751540046488,0.00265912395399992,0.6478645706958697,0.6494770333465083,-0.0016124626506386353,0.020820751705791132,0.025658972882328827,0.09621867117518156,0.07007726512419607,true,true,[],true,false,false,3,5706.573001653365,0.9455796191637722,3.6444233354058695,0,2
dgi,connected_modulated,SSP,100,14,1,5,false,false,0.7863254805351525,2.8045214248046464,0.9617240929709069,0.04114138805878568,2.747872333789,2.751540046488,-0.003667712698999903,0.6702046521506396,0.6494770333465083,0.02072761880413132,0.021410589284148317,0.023895143069761853,0.04879511916440072,0.11394398977225334,true,true,[],true,false,false,3,6026.219811643779,0.9985451220619352,3.8926921346429486,0,1
dgi,connected_modulated,SSP,100,15,1,5,false,false,1.0088299794386621,2.7818202183364966,0.9108111633533014,0.0003763466841386979,2.7462470324595,2.751540046488,-0.0052930140285001315,0.6093497121255169,0.6494770333465083,-0.040127321220991385,0.019064787003685982,0.025014842002980226,0.029632928728266686,0.097248454922788,true,true,[],true,false,false,3,6070.363465591958,1.005859729178452,3.839721856559885,0,2
dgi,connected_modulated,SSP,100,16,1,5,false,false,0.8653768059977315,2.778745427547611,0.948958504001423,-0.012298712509517582,2.7248063487214997,2.751540046488,-0.026733697766500253,0.6648594223795146,0.6494770333465083,0.01538238903300626,0.020825574914286247,0.024316028614248985,0.0704347981286079,0.09039287892857525,true,true,[],true,false,false,3,5846.445264864365,0.9687564647662577,4.447286443131073,0,1
dgi,connected_modulated,SSP,100,17,1,5,false,false,0.8345166111527799,2.813738920165282,0.9504647786549256,0.025166756894430622,2.7646241516965,2.751540046488,0.01308410520850023,0.6506180787848516,0.6494770333465083,0.0011410454383432578,0.020435303702798533,0.02395120771186607,0.02940450135899111,0.12547184685617624,true,true,[],true,false,false,3,6046.29998380727,1.0018724082530688,3.5528708040269996,0,1
dgi,connected_modulated,SSP,100,18,3,5,false,false,0.9752571208340478,2.7772429416786375,0.9736625208960269,0.009346644183711993,2.7080290013905,2.751540046488,-0.043511045097500034,0.6984410759162711,0.6494770333465083,0.04896404256976283,0.02286761821043496,0.02415973204566275,0.020319371861293335,0.0978863898761492,true,true,[],true,false,false,3,5985.141462011892,0.9917384361245886,4.189222388976011,0,1
dgi,connected_modulated,SSP,100,19,1,5,false,false,0.9736687256275524,2.8027701508672846,0.9393763792646093,0.0032458937045840627,2.7574693841844997,2.751540046488,0.005929337696499726,0.6403402856213747,0.6494770333465083,-0.00913674772513362,0.020627145502252295,0.025325696522010405,0.011180649643205113,0.05099001935830747,true,true,[],true,false,false,3,5933.735569997288,0.9832204755587883,3.6034458920776262,0,1
dgi,connected_modulated,SSP,100,20,4,5,false,false,0.9109299169615848,2.8119375003585265,0.9534830080541549,0.0010819840692757126,2.760994441305,2.751540046488,0.009454394816999834,0.6555989571435337,0.6494770333465083,0.006121923797025364,0.02029913726064577,0.024185315083096806,0.04189981035049953,0.023781261123568095,true,true,[],true,false,false,3,5802.266071217715,0.9614359687187597,3.89816548106941,0,0
dgi,connected_modulated,SSP,100,21,1,5,false,false,1.0451306834641683,2.771189701142537,0.9601385703437753,0.005228127834873557,2.7094177607445,2.751540046488,-0.042122285743499965,0.6834513916220066,0.6494770333465083,0.03397435827549833,0.023258821756106583,0.02587220375896242,0.032946915670773576,0.011419701015572029,true,true,[],true,false,false,3,5933.537402730744,0.9831876392263039,4.118247521980618,0,1
dgi,connected_modulated,SSP,100,22,2,5,false,false,0.886908807005033,2.792623624030113,0.958158031228988,-0.01050028491764567,2.735923248941,2.751540046488,-0.015616797547000072,0.670897634550268,0.6494770333465083,0.02142060120375966,0.0213567010500999,0.02425768122745716,0.022656489167726668,0.04516351851569924,true,true,[],true,false,false,3,5966.424031824978,0.988636956391877,4.0633706227888755,0,1
dgi,connected_modulated,SSP,100,23,3,5,false,false,0.9443091158791083,2.795735658751873,0.9588953099113395,-0.003943050569268531,2.7391597490104997,2.751540046488,-0.012380297477500246,0.6704526018395837,0.6494770333465083,0.02097556849307536,0.021940570434955158,0.02466918566171394,0.07769594956764807,0.09536651467123046,true,true,[],true,false,false,3,5978.491330732253,0.9906365088205887,3.5112506317252343,0,1
dgi,connected_modulated,SSP,100,24,3,5,false,false,1.1545218623518454,2.7904097221627415,0.9319221316519888,0.017775688772929482,2.746864169998,2.751540046488,-0.004675876489999897,0.6356650748681909,0.6494770333465083,-0.013811958478317399,0.020701162493608948,0.026006682664158426,0.007019817198429232,0.03865273623061193,true,true,[],true,false,false,3,6077.541102380626,1.007049064189002,4.083222153329904,0,0
dgi,connected_modulated,SSP,100,25,2,5,false,false,1.1021218364761052,2.785155552744253,0.9457152552292207,0.022739889098363074,2.7340107304725,2.751540046488,-0.017529316015500118,0.657411781192865,0.6494770333465083,0.007934747846356727,0.021351711313937045,0.025640057231206787,0.06619034410031482,0.03606029415029254,true,true,[],true,false,false,3,6130.382975010877,1.0158049668617857,3.799153942496414,0,1
dgi,connected_modulated,SSP,100,26,1,5,false,false,1.0101784161605132,2.786296022541439,0.9260898281621901,0.027105174455190714,2.7448427773445,2.751540046488,-0.006697269143499884,0.6293181346201923,0.6494770333465083,-0.020158898726316044,0.019803986524332934,0.025187752557736875,0.12484157275416868,0.01994797931310171,true,true,[],true,false,false,3,5927.876596940761,0.9822496432379058,4.600718003007727,0,0
dgi,connected_modulated,SSP,100,27,3,5,false,false,0.9172588072387454,2.8057433739873257,0.938260995976269,0.01711971763120164,2.761391440407,2.751540046488,0.009851393918999918,0.6373782124596745,0.6494770333465083,-0.012098820886833783,0.019521111882820734,0.024109196103932477,0.060246205367785,0.11067127024754277,true,true,[],true,false,false,3,5926.096702649178,0.9819547146063261,3.2889942362522895,0,0
dgi,connected_modulated,SSP,100,28,2,5,false,false,1.1398553717449589,2.7800857123288174,0.905526809133529,-0.010532994179961104,2.746370632771,2.751540046488,-0.005169413717000193,0.6024149213141003,0.6494770333465083,-0.047062112032407954,0.01894589978294951,0.02575536486114255,0.05998769488492106,0.05726823656315037,true,true,[],true,false,false,3,5980.38155972846,0.9909497199218658,3.6710385288448526,0,1
dgi,connected_modulated,SSP,100,29,3,5,false,false,0.968787332986805,2.802996656601805,0.9485988445430901,0.009611314293087666,2.753172186964,2.751540046488,0.0016321404760000213,0.653050971519159,0.6494770333465083,0.0035739381726507258,0.021603057127810014,0.02539296122882215,0.1362191613015717,0.2453014311883443,true,true,[],true,false,false,3,5885.8437346341625,0.9752847944712779,3.7777943896156696,0,1
dgi,connected_modulated,SSP,100,30,2,5,false,false,1.1079591137538802,2.793406751487177,0.9388551382934633,0.031236853329927323,2.7469979475389996,2.751540046488,-0.004542098949000373,0.6440113972911606,0.6494770333465083,-0.005465636055347667,0.020425528778931168,0.02548709657669873,0.1361439284190442,0.09677679925626008,true,true,[],true,false,false,3,6107.301798832348,1.011980414056727,3.54936669920648,0,1
dgi,connected_modulated,SSP,100,31,4,5,false,false,0.9235024557832311,2.7796585773540516,0.9358443343346657,-0.02957462294442082,2.7326899905535003,2.751540046488,-0.018850055934499732,0.6462722009066989,0.6494770333465083,-0.003204832439809402,0.020297933452582323,0.024926001129847303,0.07609641110057182,0.12353924488360969,true,true,[],true,false,false,3,6202.642860632261,1.0277784358959836,3.8862576038329224,0,2
dgi,connected_modulated,SSP,100,32,1,5,false,false,0.9298196571209826,2.8428455490695024,0.945071760886569,0.016263555721787306,2.8004676942040003,2.751540046488,0.04892764771600033,0.6295791634180394,0.6494770333465083,-0.01989786992846887,0.01957908660743026,0.024443419052116652,0.08061412948657766,0.30812670819150906,true,true,[],true,false,false,3,5800.272237953511,0.961105590381692,3.7832318526805087,0,1
dgi,connected_modulated,SSP,100,33,3,5,false,false,1.1018416196841043,2.7780197104900757,0.9111503809699589,-0.010424004906840775,2.741861733085,2.751540046488,-0.009678313403000072,0.6116684708966066,0.6494770333465083,-0.03780856244990172,0.01944188671383961,0.025534235171414073,0.10702699990629057,0.07483806866485015,true,true,[],true,false,false,3,6035.4618493861,1.000076528481541,3.9829524095616966,0,1
dgi,connected_modulated,SSP,100,34,1,5,false,false,1.0583157750300964,2.7795153617382917,0.9155839655701679,0.05869173362531708,2.741722911151,2.751540046488,-0.009817135336999794,0.6174137499139494,0.6494770333465083,-0.03206328343255893,0.0193619822336205,0.025215889119825148,0.04352138646408544,0.05678245995470113,true,true,[],true,false,false,3,6076.551793644089,1.0068851356493933,4.411086660148209,0,1
dgi,connected_modulated,SSP,100,35,3,5,false,false,0.9966962939854381,2.8356647230761203,0.9541197552271908,0.007253344658017866,2.788035200081,2.751540046488,0.03649515359300004,0.6454738666420117,0.6494770333465083,-0.00400316670449663,0.02062696388354976,0.024833042155985953,0.033360219462493144,0.02712452066331064,true,true,[],true,false,false,3,6112.518461913821,1.012844815561528,3.509648314576301,0,1
dgi,connected_modulated,SSP,100,36,3,5,false,false,0.8887759587606231,2.801457422918554,0.963552154481474,-0.022530462222367802,2.7432215835225,2.751540046488,-0.008318462965500206,0.6740648197137955,0.6494770333465083,0.0245877863672872,0.021654012771994125,0.02453886776491275,0.05085140895566867,0.03571209792957226,true,true,[],true,false,false,3,6029.748162638226,0.9991297701140391,3.69117259132978,0,1
dgi,connected_modulated,SSP,100,37,1,5,false,false,1.0166483554258405,2.7824214991831195,0.9253364236768495,-0.008443499027610659,2.7407867506284997,2.751540046488,-0.010753295859500245,0.6300825218826727,0.6494770333465083,-0.01939451146383564,0.020038286914087294,0.02553594524702687,0.008348899445178061,0.03029785112305018,true,true,[],true,false,false,3,5880.227540703842,0.974354190671722,4.056306855922578,0,1
dgi,connected_modulated,SSP,100,38,3,5,false,false,1.1228394101778587,2.790159793672679,0.9330335269804424,0.01432152168964522,2.7460617820985,2.751540046488,-0.005478264389500165,0.6373553117614963,0.6494770333465083,-0.012121721585012013,0.020373551313441523,0.02571284663874153,0.08600720431808308,0.005238087616405893,true,true,[],true,false,false,3,5917.252391247342,0.9804892114742902,4.206647539768342,0,2
dgi,connected_modulated,SSP,100,39,1,5,false,false,1.2418556592719165,2.818547691544683,0.95258355318964,-0.01965844271037823,2.7690986220765,2.751540046488,0.017558575588500158,0.6512974846524631,0.6494770333465083,0.0018204513059547622,0.02168048522776093,0.026296496379782406,0.02621024935698974,0.08271920688656123,true,true,[],true,false,false,3,6036.113265396252,1.0001844681683931,3.3965578947542876,0,2
dgi,connected_modulated,SSP,100,40,1,5,false,false,0.923728908159043,2.7878555941955634,0.9476339791093024,0.014045653238404817,2.7361323456285,2.751540046488,-0.01540770085949994,0.6587900422068715,0.6494770333465083,0.009313008860363237,0.02067086612667855,0.02444651137593123,0.02953038879740234,0.1456016967535744,true,true,[],true,false,false,3,6005.419328141681,0.9950984802223166,3.441636713087635,0,0
dgi,connected_modulated,SSP,100,41,4,5,false,false,0.8271950208650392,2.752872031874744,0.954563813297958,-0.02132804254080874,2.6910348640195,2.751540046488,-0.060505182468499896,0.6844849593380264,0.6494770333465083,0.03500792599151814,0.022438053819746465,0.024644425131328095,0.13360729377792377,0.25069096820106956,true,true,[],true,false,false,3,6213.719824636812,1.0296138897492646,4.130113559647338,0,2
dgi,connected_modulated,SSP,100,42,4,5,false,false,1.0175292280048427,2.7731419558865142,0.9271134691998293,0.03977788162869762,2.729420085281,2.751540046488,-0.022119961206999772,0.637029281193925,0.6494770333465083,-0.012447752152583313,0.020383365669936142,0.025405020514932358,0.09926344776731781,0.021394175808982493,true,true,[],true,false,false,3,5920.230916006096,0.9809827532735867,3.9852698990881312,0,0
dgi,connected_modulated,SSP,100,43,1,5,false,false,1.0764337294887893,2.75376641625016,0.9463585455070483,0.00517222926392198,2.6969783082355,2.751540046488,-0.0545617382525001,0.6729888548052614,0.6494770333465083,0.02351182145875308,0.02215912070219146,0.025696089725689014,0.014769642189266742,0.060630636077801024,true,true,[],true,false,false,3,6086.015996269289,1.0084533548084986,3.608383234235151,0,1
dgi,connected_modulated,SSP,100,44,4,5,false,false,0.8964233069421367,2.816704238902474,0.9445302629221236,-0.0385197631978809,2.770947494256,2.751540046488,0.019407447768000186,0.6410145563334606,0.6494770333465083,-0.008462477013047698,0.01987403559138311,0.0243775444771884,0.09984639052677541,0.13785792560998147,true,true,[],true,false,false,3,5983.124743417809,0.9914042656864639,4.692234859706237,0,1
dgi,connected_modulated,SSP,100,45,1,5,false,false,1.0939408006175957,2.7826104386716177,0.9517896018232538,-0.008455089823166876,2.7277617779375003,2.751540046488,-0.023778268550499693,0.6669188041916558,0.6494770333465083,0.01744177084514753,0.022071313670158202,0.025873327084434513,0.059163362703022845,0.2027052344020209,true,true,[],true,false,false,3,5913.55801688762,0.9798770533368054,3.810423354416748,0,2
dgi,connected_modulated,SSP,100,46,3,5,false,false,1.0237197089177754,2.7990971412613797,0.9328899922274607,0.0142946094458331,2.7563047999570003,2.751540046488,0.0047647534690002935,0.6329312044188083,0.6494770333465083,-0.016545828927699957,0.02059302770895814,0.02552064289359074,0.033426622992439536,0.07903478585594124,true,true,[],true,false,false,3,6233.193331126449,1.0328406513879784,3.8729273061609772,0,2
dgi,connected_modulated,SSP,100,47,2,5,false,false,0.8325597507835435,2.809582397508232,0.9682488571640437,-0.006761814209184533,2.7500678954095,2.751540046488,-0.0014721510785000724,0.6765955005562332,0.6494770333465083,0.027118467209724884,0.021941623226077886,0.024147596815588562,0.08608019293008554,0.02601736683706822,true,true,[],true,false,false,3,6002.847384784709,0.9946723089949808,4.171816654196627,0,1
dgi,connected_modulated,SSP,100,48,2,5,false,false,0.8836802836955799,2.8120671862265345,0.9684121780363167,0.026256356283996675,2.752906258116,2.751540046488,0.0013662116279999914,0.6756754873300876,0.6494770333465083,0.02619845398357934,0.02231014303280763,0.02475990026834707,0.02786302678947056,0.027439114940219198,true,true,[],true,false,false,3,5822.462974828278,0.9647825973203443,3.897055668356795,0,1
dgi,connected_modulated,SSP,100,49,4,5,false,false,0.956149923012793,2.770618250733799,0.9314641482018433,-0.008834415340989723,2.724457481392,2.751540046488,-0.027082565095999822,0.6443896601467998,0.6494770333465083,-0.005087373199708534,0.020600156122298798,0.025274502135872574,0.010673126489659518,0.06351431261943323,true,true,[],true,false,false,3,6070.384789807587,1.0058632626027486,3.794347122616715,0,1
dgi,connected_modulated,SSP,100,50,3,5,false,false,1.127652742981915,2.793721006697464,0.9339948965397286,0.038272822757696494,2.7496739992535,2.751540046488,-0.0018660472345000123,0.6370313480605023,0.6494770333465083,-0.01244568528600598,0.02025742581800482,0.025820659536953245,0.12873242942752597,0.12897720086242723,true,true,[],true,false,false,3,6015.899969008191,0.9968351232822189,3.7321123357159,0,1
dgi,connected_modulated,SSP,100,51,1,5,false,false,1.0757629371508055,2.7922400430652856,0.9196868058207112,0.027540230314032233,2.754311518456,2.751540046488,0.0027714719679998723,0.6172854620658828,0.6494770333465083,-0.03219157128062555,0.019134815164976053,0.024984318728878754,0.03425503070443224,0.05113435588191169,true,true,[],true,false,false,3,5932.134076171147,0.982955107899113,3.9453037536903315,0,1
dgi,connected_modulated,SSP,100,52,2,5,false,false,0.810188379651038,2.794644306262678,0.9335490933490141,-0.0464218815897098,2.750934021975,2.751540046488,-0.0006060245129999586,0.6359657688786698,0.6494770333465083,-0.013511264467838457,0.019332110982793933,0.023933552039434945,0.15595673442924474,0.14638851443411596,true,true,[],true,false,false,3,6125.085897586881,1.0149272406937666,4.014127607494272,0,1
dgi,connected_modulated,SSP,100,53,1,5,false,false,1.0559701218804673,2.7973980749153786,0.9508658192997894,-0.004673138570992912,2.745504033179,2.751540046488,-0.0060360133090000545,0.6587738912561653,0.6494770333465083,0.009296857909656953,0.021562355055982498,0.025435792407188122,0.08674326030916843,0.11617487415210326,true,true,[],true,false,false,3,6080.512872168622,1.0075414866890842,3.5259579998330444,0,2
dgi,connected_modulated,SSP,100,54,3,5,false,false,1.0465150846018172,2.799240240535392,0.9642494620911944,0.0016119461229130688,2.740200187846,2.751540046488,-0.011339858642000156,0.6760151857602665,0.6494770333465083,0.02653815241375823,0.02239764445336051,0.02517523501926787,0.021313731160169005,0.042779335006867716,true,true,[],true,false,false,3,5819.17502264175,0.9642377833706296,4.568798398904051,0,0
dgi,connected_modulated,SSP,100,55,4,5,false,false,0.9626520498204743,2.7728862866448036,0.941802795168662,0.03204139153377505,2.721833288823,2.751540046488,-0.029706757665000083,0.65776283342536,0.6494770333465083,0.008285800078851713,0.02040282894031331,0.02456864368577243,0.019456124156180282,0.0544437985913204,true,true,[],true,false,false,3,5897.271661833525,0.9771784029550166,3.600423487473385,0,0
dgi,connected_modulated,SSP,100,56,4,5,false,false,1.1362308062954092,2.7834282135622757,0.9363932778629677,-0.0025526743191735994,2.7367498122100002,2.751540046488,-0.014790234277999748,0.6452630196667231,0.6494770333465083,-0.0042140136797852445,0.020332062299475664,0.0253385066928479,0.012336768612352838,0.11511436459403245,true,true,[],true,false,false,3,5957.846351441212,0.9872156340416259,3.886695261016203,0,0
dgi,connected_modulated,SSP,100,57,3,5,false,false,0.8001134029306959,2.808093960414229,0.9595257312978513,0.02120664549853622,2.7532856264315,2.751540046488,0.0017455799434999975,0.665595470484478,0.6494770333465083,0.016118437137969677,0.020716872698180323,0.023565915104961487,0.037673497775004644,0.01115110685314528,true,true,[],true,false,false,3,5983.015533841936,0.9913861696506937,3.951129955569264,0,1
dgi,connected_modulated,SSP,100,58,2,5,false,false,0.8595381596080511,2.807262896215993,0.9564658096909094,0.022770707630102666,2.753984611951,2.751540046488,0.0024445654630000924,0.6618337121880237,0.6494770333465083,0.012356678841515367,0.020870253334605265,0.024057655683622333,0.050664616741689546,0.02746998243172683,true,true,[],true,false,false,3,6029.803064044234,0.9991388672815632,4.93436509138817,0,1
dgi,connected_modulated,SSP,100,59,3,5,false,false,1.1230899672727044,2.765230995395513,0.9221748530006595,0.03711554867955752,2.7226949949145,2.751540046488,-0.028845051573500147,0.633750643477779,0.6494770333465083,-0.015726389868729318,0.01962378426875202,0.025300645259594474,0.015917199517808903,0.014922268190809385,true,true,[],true,false,false,3,6114.388847813438,1.013154738660056,4.144581355878633,0,0
dgi,connected_modulated,SSP,100,60,4,5,false,false,0.9687871246446705,2.793487948067646,0.9127283088068988,0.006280888978464183,2.7585154110715,2.751540046488,0.00697536458350001,0.6065710388200276,0.6494770333465083,-0.042905994526480695,0.01873886197221992,0.024673318704297818,0.09018150208402603,0.03216446580391043,true,true,[],true,false,false,3,5632.1471102630785,0.9332472427942134,3.9209967917292916,0,0
dgi,connected_modulated,SSP,100,61,2,5,false,false,1.1544807037742004,2.77199371282811,0.9366688531675551,0.012531289123592226,2.7234530988055,2.751540046488,-0.028086947682500085,0.6510448332916001,0.6494770333465083,0.001567799945091819,0.021101144452332174,0.025970666310047272,0.009559152464718829,0.02052919516141912,true,true,[],true,false,false,3,5942.0316311737015,0.9845951335830492,4.003805059027821,0,1
dgi,connected_modulated,SSP,100,62,1,5,false,false,1.1189766222430628,2.7495845718444145,0.9568806810767058,0.009891825068319315,2.6856649017715,2.751540046488,-0.0658751447164998,0.6890980657833885,0.6494770333465083,0.0396210324368802,0.023872716681696944,0.026408443624881255,0.007438295601966696,0.06209128845461452,true,true,[],true,false,false,3,6099.078431259186,1.0106178013685478,4.148976764055893,0,2
dgi,connected_modulated,SSP,100,63,1,5,false,false,1.0198114894821797,2.749988497053766,0.90953943899699,-0.014071438096458479,2.7110395424895,2.751540046488,-0.040500503998500026,0.6228022923279612,0.6494770333465083,-0.026674741018547055,0.019504715237746714,0.025190984070021575,0.17775011845804048,0.033490316752654625,true,true,[],true,false,false,3,5950.878192035048,0.9860610094507123,3.9905314430808057,0,0
dgi,separated_droplets,ID,100,0,3,5,false,false,0.991168109039043,2.802855446720159,0.5586668306395304,-0.003685093822161656,2.8028437496145,2.799987273455,0.002856476159499799,0.08551678399664425,0.08736061642362755,-0.0018438324269832995,0.010255034310109405,0.008166527577982256,0.26960492499516153,0.0892654483624923,true,true,[],true,false,false,3,5953.262141569272,0.9864560300860434,4.480684907278546,0,0
dgi,separated_droplets,ID,100,1,2,5,false,false,1.0102712072432882,2.799535411103595,0.5595707523427549,-0.004068166166150008,2.799522876516,2.799987273455,-0.0004643969390003555,0.08703308198862346,0.08736061642362755,-0.00032753443500409263,0.01013297631537875,0.008073670550242648,0.08576395112860764,0.2358420238307503,true,true,[],true,false,false,3,5903.306505707084,0.9781783770848524,4.179831037836865,0,1
dgi,separated_droplets,ID,100,2,4,5,false,false,1.0123617305779886,2.8096801701193415,0.5595903187309277,0.009550248453151123,2.809668672782,2.799987273455,0.009681399326999962,0.08509773819362093,0.08736061642362755,-0.002262878230006621,0.010089709651538629,0.007858159176117792,0.04597567457547636,0.17951256464338833,true,true,[],true,false,false,3,6031.054328450815,0.999346201897401,3.6992766182120094,0,2
dgi,separated_droplets,ID,100,3,1,5,false,false,0.9962499824741502,2.79774129272175,0.5482147345768038,0.00799636498119247,2.797733749411,2.799987273455,-0.0022535240440002546,0.07667273234997604,0.08736061642362755,-0.01068788407365151,0.010339145946725949,0.007772222147445847,0.03059904460484142,0.11929571514433591,true,true,[],true,false,false,3,5922.7392136019935,0.9813983783930396,3.9282727154615062,0,0
dgi,separated_droplets,ID,100,4,3,5,false,false,1.0334323953422124,2.792479062396322,0.545305157326053,-0.012388279609883241,2.792472180447,2.799987273455,-0.007515093008000129,0.07496983455286728,0.08736061642362755,-0.012390781870760273,0.010273717332045363,0.0076882960942814904,0.050995414519145965,0.032931663842322455,true,true,[],true,false,false,3,5877.550334226458,0.9739105773366128,3.5474446797816435,0,1
dgi,separated_droplets,ID,100,5,3,5,false,false,1.035619353444397,2.800109386122101,0.5442942772090298,-0.0017870590430388573,2.800103270455,2.799987273455,0.00011599699999997881,0.07274084906799193,0.08736061642362755,-0.014619767355635624,0.0101901964238322,0.007359180123632899,0.02112198725595396,0.013061983102574556,true,true,[],true,false,false,3,5730.668086364276,0.9495721766966488,4.3570837849864645,0,1
dgi,separated_droplets,ID,100,6,1,5,false,false,0.9869865838045638,2.79346067619566,0.5752085592451228,0.001920368413582475,2.7934349118905,2.799987273455,-0.006552361564500231,0.104256686616889,0.08736061642362755,0.016896070193261448,0.010810712529382214,0.009527053125374078,0.020565023433550274,0.034109048422642355,true,true,[],true,false,false,3,6102.969155341661,1.0112624946713604,3.6633667253653353,0,2
dgi,separated_droplets,ID,100,7,3,5,false,false,1.0159229971812622,2.791848476857851,0.5542900077772307,-0.013302637560892103,2.7918379273919998,2.799987273455,-0.00814934606300044,0.0834202531161178,0.08736061642362755,-0.003940363307509756,0.01037477518216646,0.008079128882798681,0.04107621457015575,0.11314560726136319,true,true,[],true,false,false,3,5802.649582455785,0.9614995165626818,4.454222091879177,0,0
dgi,separated_droplets,ID,100,8,3,5,false,false,1.0127590674833191,2.794138089261345,0.5427962519933487,-0.021641313462595776,2.7941320862165,2.799987273455,-0.0058551872385002035,0.07244238660013519,0.08736061642362755,-0.014918229823492363,0.010663865628626009,0.007923150247475478,0.10609366170772343,0.04560211078309192,true,true,[],true,false,false,3,5834.198139141901,0.9667271150193706,3.6480951640783217,0,0
dgi,separated_droplets,ID,100,9,3,5,false,false,0.9433579471316412,2.799785838171257,0.5619050182854054,-0.014015318189884246,2.799771962527,2.799987273455,-0.00021531092800008977,0.08926990658764813,0.08736061642362755,0.0019092901640205828,0.01076992752360986,0.00895394354164018,0.10878245911422547,0.10609053624900931,true,true,[],true,false,false,3,5939.701753700173,0.984209072692655,5.206724724325436,0,0
dgi,separated_droplets,ID,100,10,3,5,false,false,0.9626525609242949,2.805503735740286,0.5548132509488409,0.008542294643775795,2.80549414587,2.799987273455,0.005506872414999808,0.08135647069801677,0.08736061642362755,-0.006004145725610782,0.01056291507930349,0.008362404778157457,0.0947284401595268,0.053384199374029995,true,true,[],true,false,false,3,5951.421182112183,0.9861509829514802,3.5793211976018253,0,1
dgi,separated_droplets,ID,100,11,3,5,false,false,0.9657038895135274,2.792833918170471,0.5758129315218762,-0.0035712831321313885,2.792807374454,2.799987273455,-0.007179899001000134,0.10504176038193641,0.08736061642362755,0.01768114395830886,0.010715153073390384,0.00933512088731501,0.09735680235784398,0.03167678674940048,true,true,[],true,false,false,3,5898.794741000994,0.9774307772992533,5.0970826800042595,0,1
dgi,separated_droplets,ID,100,12,3,5,false,false,1.053563593971668,2.804820544431667,0.5513436129023378,0.003986876722366155,2.8048123345515004,2.799987273455,0.004825061096500161,0.07826302981285464,0.08736061642362755,-0.00909758661077291,0.010411376798204555,0.007694497162623561,0.07065009722119363,0.050716481762575524,true,true,[],true,false,false,3,5803.0262668198175,0.9615619331930103,3.520570502876055,0,0
dgi,separated_droplets,ID,100,13,4,5,false,false,0.9515611579024665,2.8017607635558566,0.5673898453917057,0.012143522210910626,2.8017434321229997,2.799987273455,0.0017561586679994967,0.09435423511054766,0.08736061642362755,0.006993618686920111,0.010296795797593862,0.008612427738277731,0.0911271951919884,0.16880241436833834,true,true,[],true,false,false,3,5952.712472616524,0.986364949895033,3.470735120804306,0,1
dgi,separated_droplets,ID,100,14,2,5,false,false,0.9590163465729372,2.80011209515919,0.5633014724233122,0.01693143152365073,2.8000973804105,2.799987273455,0.00011010695549984462,0.09058664344107821,0.08736061642362755,0.0032260270174506583,0.010421001185349553,0.008619874956186699,0.018302854553731897,0.03206690035190352,true,true,[],true,false,false,3,6068.73260300696,1.0055894951130009,4.160952921536875,0,1
dgi,separated_droplets,ID,100,15,4,5,false,false,1.008582488471776,2.7982346655048733,0.5642094824684067,-0.006326711245922322,2.798219109767,2.799987273455,-0.0017681636880002571,0.09186885471919887,0.08736061642362755,0.004508238295571315,0.010337555876197179,0.0084331041974617,0.014049318063150322,0.07348122020442638,true,true,[],true,false,false,3,6157.001558874104,1.0202156684132733,3.851013811152625,0,2
dgi,separated_droplets,ID,100,16,4,5,false,false,0.9697278772589611,2.805413814363488,0.577125763612993,-0.013373188028545804,2.8053885091605,2.799987273455,0.005401235705499996,0.10367874339651283,0.08736061642362755,0.016318126972885275,0.010698327927178383,0.009462018514533784,0.06595488251089966,0.049834195164230925,true,true,[],true,false,false,3,5895.555461913271,0.9768940284860432,3.7523174032080986,0,1
dgi,separated_droplets,ID,100,17,1,5,false,false,1.0020770029472474,2.8052946482960737,0.5555031492098714,0.0015415495132019557,2.805284731076,2.799987273455,0.005297457620999868,0.08204326051602664,0.08736061642362755,-0.005317355907600907,0.010385863367160828,0.008118029351073744,0.031390895631316196,0.1355721653037935,true,true,[],true,false,false,3,6059.847647918504,1.0041172573187247,4.281732335838432,0,1
dgi,separated_droplets,ID,100,18,4,5,false,false,1.0065950292004309,2.7881457667180434,0.5677510512321092,0.008153548849399062,2.788126054668,2.799987273455,-0.011861218787000194,0.09755657718891618,0.08736061642362755,0.010195960765288628,0.010687524382769572,0.009073573126160394,0.05048227710898447,0.015311148170873255,true,true,[],true,false,false,3,5980.3230213979605,0.9909400201156521,3.969766149215606,0,1
dgi,separated_droplets,ID,100,19,1,5,false,false,1.016072920591054,2.7997864561910886,0.5668871631588503,0.005006428707094947,2.799769213446,2.799987273455,-0.0002180600090002649,0.09424996047474785,0.08736061642362755,0.006889344051120294,0.010527813644187022,0.008709755580629214,0.011514595869273368,0.028998510834231765,true,true,[],true,false,false,3,5907.46433420322,0.9788673296111383,4.0012925668211174,0,1
dgi,separated_droplets,ID,100,20,1,5,false,false,1.0029862398836127,2.8029555412120994,0.5496719741011956,0.010557622874659136,2.8029478263265,2.799987273455,0.0029605528714999885,0.07706900379768253,0.08736061642362755,-0.010291612625945024,0.010357102339452586,0.00797242383523258,0.13630500445304006,0.0399226290186249,true,true,[],true,false,false,3,5907.909445862123,0.9789410846498962,4.632777006023922,0,0
dgi,separated_droplets,ID,100,21,1,5,false,false,1.1124294829710306,2.8087585613097414,0.5584021152736142,0.010234964229730636,2.8087475779010003,2.799987273455,0.008760304446000067,0.08413774279012154,0.08736061642362755,-0.0032228736335060126,0.010409579720259465,0.008042825986155328,0.06727543818476425,0.1364089098450613,true,true,[],true,false,false,3,5982.163256137719,0.9912449471644936,3.7393716337223983,0,1
dgi,separated_droplets,ID,100,22,4,5,false,false,0.9875485960949866,2.8151247001599433,0.5526095944136553,-0.020509322409889053,2.815116748275,2.799987273455,0.015129474819999711,0.07756993132457157,0.08736061642362755,-0.009790685099055979,0.010435301707116814,0.00796862513809096,0.055021393689888114,0.08916310008793182,true,true,[],true,false,false,3,5727.430288178948,0.9490356732690883,3.6237619234341456,0,1
dgi,separated_droplets,ID,100,23,1,5,false,false,1.0097291690798318,2.8213984242929024,0.5645381634695377,-0.018677418606171548,2.821385452876,2.799987273455,0.021398179420999863,0.08761081449164757,0.08736061642362755,0.0002501980680200133,0.010507866975632798,0.008460864978347464,0.0492019192571782,0.03118341946453953,true,true,[],true,false,false,3,5802.923284244896,0.9615448689718138,3.6973879851464364,0,0
dgi,separated_droplets,ID,100,24,1,5,false,false,1.0153747993893913,2.792906083394126,0.566091260101072,-0.0012434865367715916,2.7928884348395,2.799987273455,-0.0070988386155002026,0.0948576776711531,0.08736061642362755,0.007497061247525555,0.01070309580085508,0.008882735810780265,0.1405795626794224,0.08598420743576903,true,true,[],true,false,false,3,6056.084488123646,1.003493701428939,4.363988745932702,0,0
dgi,separated_droplets,ID,100,25,1,5,false,false,1.0666624750019293,2.8128119200840005,0.5462227036679123,0.0072455692404092,2.8128059356244997,2.799987273455,0.01281866216949945,0.07226587775923056,0.08736061642362755,-0.015094738664396992,0.010374928459479025,0.007283175486635889,0.141221814851352,0.0354908058614545,true,true,[],true,false,false,3,5998.003959044093,0.9938697529484827,4.407965279249298,0,1
dgi,separated_droplets,ID,100,26,3,5,false,false,0.9693503997318039,2.818473986286177,0.5666727126179464,0.010023966697018792,2.8184593820429997,2.799987273455,0.018472108587999525,0.09026862667411362,0.08736061642362755,0.002908010250486065,0.01065093241210114,0.008987660426103732,0.17983148393873405,0.04794096369882716,true,true,[],true,false,false,3,6185.71569311555,1.0249736028360479,3.695630246270313,0,2
dgi,separated_droplets,ID,100,27,1,5,false,false,1.0028542430644776,2.7990878763403386,0.5623874260331133,0.0011507611231050376,2.799073617834,2.799987273455,-0.0009136556210003199,0.08988472227139459,0.08736061642362755,0.002524105847767036,0.01050204647954739,0.008582984014651074,0.018679516642989655,0.021633510312038768,true,true,[],true,false,false,3,6111.881454346085,1.012739263354778,3.492734423464971,0,1
dgi,separated_droplets,ID,100,28,3,5,false,false,0.9660972608771264,2.818250053951369,0.5575152690083903,-0.008265260843596422,2.8182403400715,2.799987273455,0.018253066616499947,0.08152570049603089,0.08736061642362755,-0.005834915927596662,0.010636277399470075,0.008330378018043006,0.1470264908263789,0.03634206677162951,true,true,[],true,false,false,3,5773.681651313265,0.956699527972372,4.019070237183645,0,1
dgi,separated_droplets,ID,100,29,2,5,false,false,0.958464807498483,2.80532885771099,0.5658045927051867,-0.011590146493218144,2.8053131504725,2.799987273455,0.00532587701749998,0.09203336293300074,0.08736061642362755,0.004672746509373188,0.010695032585235529,0.00888328259600023,0.18883056086131192,0.07881044909751458,true,true,[],true,false,false,3,5947.1583963757685,0.9854446390017844,4.036444531898246,0,2
dgi,separated_droplets,ID,100,30,1,5,false,false,0.9770337704144173,2.7917189610411453,0.5622492107792024,-0.0005023371222989406,2.7917038746165,2.799987273455,-0.008283398838500045,0.09122143972472457,0.08736061642362755,0.0038608233010970217,0.010482037212408275,0.008576657332387744,0.04737688532646763,0.06320809257851576,true,true,[],true,false,false,3,5824.16152548617,0.965064047305082,3.799783385835686,0,1
dgi,separated_droplets,ID,100,31,2,5,false,false,0.9957353982071666,2.794356828260424,0.5563307610166616,-0.009187982419438434,2.7943455007635,2.799987273455,-0.005641772691500346,0.08489779444114373,0.08736061642362755,-0.0024628219824838204,0.010474626282001163,0.008313618736219868,0.0142006483568203,0.057677579188793446,true,true,[],true,false,false,3,6080.886061950443,1.0076033242668505,4.166376285604583,0,2
dgi,separated_droplets,ID,100,32,2,5,false,false,1.00546815859034,2.790961520964029,0.5655410812673933,0.00917201352078614,2.790944002776,2.799987273455,-0.009043270679000237,0.0946985908529854,0.08736061642362755,0.007337974429357852,0.010757295349662247,0.009074535737225735,0.07549592040581418,0.1319238152067327,true,true,[],true,false,false,3,6049.122499085767,1.0023400992685612,4.055510060825943,0,2
dgi,separated_droplets,ID,100,33,3,5,false,false,0.9884533166387417,2.7914758261692083,0.5471869530626366,-0.0015003414322971834,2.7914682277965,2.799987273455,-0.008519045658500257,0.07685526009557134,0.08736061642362755,-0.010505356328056215,0.01068297271043395,0.008212472616084064,0.022921491904640157,0.08012661287038947,true,true,[],true,false,false,3,6056.045504693072,1.003487241871263,3.8297212759180823,0,0
dgi,separated_droplets,ID,100,34,3,5,false,false,0.9808988216191618,2.8090746059105793,0.5498562386030318,-0.008117729284928134,2.809067237137,2.799987273455,0.009079963681999814,0.07614852416683104,0.08736061642362755,-0.011212092256796508,0.0103232155929966,0.007773846619386304,0.03635107967274966,0.017688712625061387,true,true,[],true,false,false,3,6038.069378245967,1.0005085962296547,3.901093472859292,0,2
dgi,separated_droplets,ID,100,35,1,5,false,false,1.0273629285993549,2.7956506224760225,0.5674736650289145,0.0018018798571886492,2.795632319743,2.799987273455,-0.004354953712000231,0.0957007708376324,0.08736061642362755,0.008340154414004847,0.0105470379957518,0.008873653192918702,0.0399017356502873,0.020075066680100437,true,true,[],true,false,false,3,6102.190291703389,1.01113343690197,4.127409967780214,0,2
dgi,separated_droplets,ID,100,36,1,5,false,false,0.9739975664450169,2.7845145427780227,0.5486793969337453,-0.010996522377670527,2.7845058663615,2.799987273455,-0.0154814070935001,0.07949569836642545,0.08736061642362755,-0.007864918057202103,0.010278557061079305,0.008050302277992699,0.041547940140023006,0.10105199333991181,true,true,[],true,false,false,3,5974.9837206531165,0.9900552975398702,3.648918818123103,0,2
dgi,separated_droplets,ID,100,37,3,5,false,false,1.040571351857191,2.802703265884984,0.5573430948674531,0.021971363528180975,2.8026922338710003,2.799987273455,0.0027049604160001017,0.08427606917813141,0.08736061642362755,-0.0030845472454961442,0.010364057704066692,0.008195104445645914,0.06559227779424205,0.01991385304327258,true,true,[],true,false,false,3,6116.832496088,1.0135596513816072,3.9492257480940887,0,1
dgi,separated_droplets,ID,100,38,3,5,false,false,1.0462865140149111,2.790962486578737,0.5538391575811946,-0.014374555936793983,2.7909520724925,2.799987273455,-0.009035200962500323,0.08315804081951678,0.08736061642362755,-0.004202575604110775,0.010088513238035302,0.00777627821456296,0.10715722738256117,0.05173224949100519,true,true,[],true,false,false,3,6025.9957753155995,0.9985079992237944,3.881845980457305,0,1
dgi,separated_droplets,ID,100,39,3,5,false,false,0.991236780913986,2.8157379942553304,0.5618988689860963,0.004647968977026937,2.8157258886410004,2.799987273455,0.01573861518600017,0.08615471987376856,0.08736061642362755,-0.0012058965498589896,0.010935509956892468,0.008734550645595323,0.04831849681298092,0.029904026331222106,true,true,[],true,false,false,3,5816.3982708442345,0.9637776753677273,3.589671932555102,0,1
dgi,separated_droplets,ID,100,40,3,5,false,false,1.0801742396219898,2.8096085876510024,0.5550235096899558,0.002891529468319238,2.809599246395,2.799987273455,0.009611972939999713,0.08079468459244868,0.08736061642362755,-0.006565931831178873,0.009905072110580091,0.007447550099175328,0.08887560814016449,0.2028635873686255,true,true,[],true,false,false,3,5974.3008483236235,0.9899421455382972,4.281766149038989,0,1
dgi,separated_droplets,ID,100,41,2,5,false,false,1.0036040061514593,2.7851465501387804,0.5592885036384551,-0.006091010360424768,2.7851325486615,2.799987273455,-0.01485472479350003,0.08958879064021139,0.08736061642362755,0.0022281742165838336,0.010284942665723062,0.008408593154371908,0.07165703732663034,0.1572841980208102,true,true,[],true,false,false,3,6084.813147146613,1.008254042609215,3.715913000919545,0,1
dgi,separated_droplets,ID,100,42,3,5,false,false,1.0217842160353543,2.784347124297348,0.5494390312849239,0.007150525836812275,2.78433812021,2.799987273455,-0.015649153245000047,0.080236742692277,0.08736061642362755,-0.007123873731350552,0.01042328400525256,0.0081563548165491,0.07162311802347994,0.047469950719308145,true,true,[],true,false,false,3,5983.225198607364,0.9914209111196958,4.073800202579256,0,1
dgi,separated_droplets,ID,100,43,3,5,false,false,1.0856809807111458,2.795427548956493,0.5556893794403828,0.004217275987615337,2.7954166487105,2.799987273455,-0.004570624744500318,0.08407799150164424,0.08736061642362755,-0.003282624921983307,0.010394528525317167,0.007867519690670647,0.0684648199065868,0.044374337233934004,true,true,[],true,false,false,3,5767.188243179823,0.9556235697066815,3.932121544005633,0,1
dgi,separated_droplets,ID,100,44,1,5,false,false,1.045725068724043,2.79909986548235,0.5566727116910823,-0.0004993752386385632,2.7990888245105,2.799987273455,-0.0008984489445000854,0.0843202667975449,0.08736061642362755,-0.0030403496260826557,0.010735282533765678,0.008394264629607948,0.1474015337298202,0.04028829656630972,true,true,[],true,false,false,3,5913.29633007362,0.9798336918100448,3.6003334724077525,0,1
dgi,separated_droplets,ID,100,45,1,5,false,false,1.0084690902337303,2.788532146263212,0.546200667701233,-0.01108425572894878,2.788524702549,2.799987273455,-0.011462570906000114,0.07648147801102673,0.08736061642362755,-0.010879138412600825,0.01036684180529939,0.00771178401647214,0.025599724630144587,0.09637025066836433,true,true,[],true,false,false,3,5939.261691515207,0.984136154352147,4.4039851756894155,0,1
dgi,separated_droplets,ID,100,46,4,5,false,false,0.9568035259229885,2.807723025128432,0.5640964042218495,-0.011690226485626044,2.8077087389455,2.799987273455,0.007721465490500012,0.0898590984084375,0.08736061642362755,0.0024984819848099526,0.010700907021138342,0.008926927026994897,0.07682652385221403,0.16523110413367917,true,true,[],true,false,false,3,5954.273104934073,0.9866235467993493,4.014216545515216,0,1
dgi,separated_droplets,ID,100,47,3,5,false,false,0.9784469958239906,2.7911374201838832,0.5671946064623384,0.001164092731864395,2.7911186422455,2.799987273455,-0.008868631209500322,0.09635454349346283,0.08736061642362755,0.008993927069835275,0.010613807889806079,0.008999988039493683,0.02180875501072197,0.06261279207016472,true,true,[],true,false,false,3,5947.3764548066465,0.985480771301847,3.8423451668566977,0,1
dgi,separated_droplets,ID,100,48,1,5,false,false,1.039123366433415,2.800812593195211,0.5515163854629836,0.00755523644555107,2.8008040173515,2.799987273455,0.000816743896499883,0.07914890319781753,0.08736061642362755,-0.008211713225810019,0.010245712871355242,0.007810586933615669,0.1268020310360534,0.061963341391405795,true,true,[],true,false,false,3,6029.836924349833,0.9991444779370062,3.6436473923097976,0,0
dgi,separated_droplets,ID,100,49,4,5,false,false,0.9846973745811246,2.8034306565426106,0.5658449559721438,-0.011538453372925186,2.803414668735,2.799987273455,0.00342739527999969,0.09245704509948277,0.08736061642362755,0.005096428675855219,0.010470574163387989,0.0086028765612795,0.060278446640185425,0.06478202310003327,true,true,[],true,false,false,3,6022.89031707727,0.9979934245364159,3.8581453913588533,0,1
dgi,separated_droplets,ID,100,50,2,5,false,false,0.9486924102031311,2.8115021473749686,0.5606780833550524,-0.006392164919585183,2.8114902616365,2.799987273455,0.011502988181499862,0.08579326984824606,0.08736061642362755,-0.0015673465753814897,0.01072025272517949,0.008672839032172497,0.17921501458516165,0.114115885646786,true,true,[],true,false,false,3,5946.177185124026,0.9852820522160773,4.65436679350161,0,0
dgi,separated_droplets,ID,100,51,1,5,false,false,1.0069176607007417,2.785588545525102,0.5659238457325799,0.004237940696030683,2.785569919398,2.799987273455,-0.014417354057000065,0.09620713856490422,0.08736061642362755,0.008846522141276666,0.010384479162335822,0.00876806916378335,0.25091127881986575,0.08638351325106597,true,true,[],true,false,false,3,5956.217016647294,0.9869456531312832,3.8222244454738084,0,1
dgi,separated_droplets,ID,100,52,4,5,false,false,1.0166780695941857,2.8074910529265225,0.5695779905218639,0.010860894534278472,2.8074729055355,2.799987273455,0.007485632080499904,0.09539637913840228,0.08736061642362755,0.008035762714774727,0.010698662784093291,0.008996318903950714,0.009712619847651,0.04015375787465272,true,true,[],true,false,false,3,5958.92277730723,0.9873939978968069,3.577541423682904,0,1
dgi,separated_droplets,ID,100,53,1,5,false,false,1.0395221041546163,2.7941110524630464,0.5448991740356912,-0.010903718262655376,2.7941044026745,2.799987273455,-0.0058828707805003155,0.0743187974009176,0.08736061642362755,-0.013041819022709955,0.010389115344970265,0.007587990208935743,0.012864339268749277,0.07481584285180738,true,true,[],true,false,false,3,6021.80290464077,0.9978132402055957,4.952716657780309,0,0
dgi,separated_droplets,ID,100,54,3,5,false,false,0.9567443942478125,2.8024133005357643,0.5699030251903067,0.010171935894555548,2.8023941097555003,2.799987273455,0.0024068363005000926,0.09678199177170452,0.08736061642362755,0.009421375348076966,0.01082205750580258,0.009512328501830902,0.07036461861267831,0.05780716609632344,true,true,[],true,false,false,3,6184.885677958828,1.0248360692558123,3.541843132106667,0,1
dgi,separated_droplets,ID,100,55,4,5,false,false,1.0567720544360746,2.797374717917067,0.5573334306101361,0.010129333148474843,2.7973631700875,2.799987273455,-0.0026241033675002967,0.08528446150447888,0.08736061642362755,-0.0020761549191486706,0.010388475161735047,0.00802258485437497,0.08002677554282737,0.04022217570653146,true,true,[],true,false,false,3,5967.957719158782,0.9888910885101545,3.8353123896374344,0,0
dgi,separated_droplets,ID,100,56,2,5,false,false,0.9919878771110093,2.794958129176571,0.5641072123765186,0.011032074751910937,2.7949422088539997,2.799987273455,-0.005045064601000515,0.09242925279491146,0.08736061642362755,0.005068636371283908,0.010625325949619778,0.008943857495343597,0.19279667647021898,0.07821458144263149,true,true,[],true,false,false,3,6067.682671221343,1.0054155213291371,3.6056448202015807,0,2
dgi,separated_droplets,ID,100,57,3,5,false,false,1.0280528535297908,2.8073884034328613,0.5543118407517065,0.00978570352275665,2.8073791866895004,2.799987273455,0.007391913234500169,0.08054011805985004,0.08736061642362755,-0.006820498363777516,0.010289949416431394,0.007846651104516437,0.019899978436573096,0.02762642109226166,true,true,[],true,false,false,3,6048.780719251859,1.0022834663217663,3.807622987906586,0,2
dgi,separated_droplets,ID,100,58,3,5,false,false,1.0129767600270514,2.7954660121886477,0.5631459659655986,0.011961453460505148,2.7954508112425,2.799987273455,-0.0045364622125001475,0.09136335078787264,0.08736061642362755,0.004002734364245086,0.010708460606089184,0.008787030417686826,0.018500632190552715,0.012898729943785516,true,true,[],true,false,false,3,5919.7900997257775,0.9809097099794163,4.921538911794585,0,1
dgi,separated_droplets,ID,100,59,3,5,false,false,0.9731970188890312,2.796162467865528,0.5576369292831749,-0.016517061382598543,2.7961506374139997,2.799987273455,-0.003836636041000485,0.08581060599312546,0.08736061642362755,-0.0015500104305020967,0.010033898760169167,0.007772388388576135,0.15377456952468657,0.039384045053482766,true,true,[],true,false,false,3,5604.439462254698,0.928656083223645,3.772601232066926,0,0
dgi,separated_droplets,ID,100,60,2,5,false,false,1.007551723103438,2.8100819268698243,0.5695531140041878,-0.0045632873878220445,2.8100641845745002,2.799987273455,0.010076911119500043,0.09483792437985467,0.08736061642362755,0.007477307956227114,0.010780450347129513,0.008976732427188844,0.05971268961612521,0.038560319456789026,true,true,[],true,false,false,3,6035.032198563862,1.0000053353046996,3.5389944596207257,0,1
dgi,separated_droplets,ID,100,61,4,5,false,false,1.004815424585802,2.79752619583184,0.5575605759732724,0.001478311731151253,2.7975145441505003,2.799987273455,-0.002472729304499932,0.08547431772875501,0.08736061642362755,-0.001886298694872543,0.010406168965871519,0.008332472835752613,0.028818319737432117,0.014202309391845174,true,true,[],true,false,false,3,5971.248106167635,0.9894363059101301,4.613233021237562,0,0
dgi,separated_droplets,ID,100,62,3,5,false,false,1.001448280010706,2.8007100447676367,0.5376413054365674,-0.008910670762292502,2.8007056706165,2.799987273455,0.0007183971614996842,0.06689297686741989,0.08736061642362755,-0.02046763955620766,0.010184521680536218,0.007080093417801834,0.06664470225408398,0.036226738410525955,true,true,[],true,false,false,3,6033.3605817047455,0.9997283482526504,3.6914427145155138,0,1
dgi,separated_droplets,ID,100,63,2,5,false,false,1.013156672847244,2.7954030594851886,0.5578256188170004,0.010446073239422381,2.7953910495615,2.799987273455,-0.004596223893500007,0.08613990977050201,0.08736061642362755,-0.0012207066531255417,0.010455484215466505,0.008269980854286952,0.18468916486369472,0.050784069419915485,true,true,[],true,false,false,3,5850.684893249286,0.9694589715408924,3.8432831091419697,0,0
dgi,connected_modulated,SSP,200,0,3,5,false,false,1.0459661073854072,2.7878772948817825,0.9354613358748713,0.023950809411749426,2.7423024679615002,2.751540046488,-0.009237578526499757,0.6418554233052693,0.6494770333465083,-0.007621610041238958,0.014304617034365098,0.017567328990721647,0.0891127844204086,0.024757656943288766,true,true,[],true,false,false,3,5934.370955276396,0.9833257589521782,3.9894709778293747,0,1
dgi,connected_modulated,SSP,200,1,2,5,false,false,1.0154838294944948,2.773186148863915,0.9478413095611492,-0.003886758193924872,2.718924727749,2.751540046488,-0.03261531873899992,0.6659286023990514,0.6494770333465083,0.01645156905254308,0.015219158550181914,0.01767191331405349,0.142361309323109,0.11291099970597664,true,true,[],true,false,false,3,5911.765792091217,0.9795800815395554,4.191193128374553,0,2
dgi,connected_modulated,SSP,200,2,1,5,false,false,1.133527455044254,2.813033464828228,0.9251850052900428,0.009127033714107778,2.7753814237350003,2.751540046488,0.023841377247000306,0.615344808948606,0.6494770333465083,-0.03413222439790231,0.013677908149677507,0.017798952217393752,0.008288530801630174,0.005526472412548265,true,true,[],true,false,false,3,5866.350976179268,0.9720548427803262,3.6597570168151186,0,1
dgi,connected_modulated,SSP,200,3,3,5,false,false,0.9528480067953728,2.805427775886775,0.9512615065450839,-0.022731228929585567,2.7546100166085,2.751540046488,0.003069970120499921,0.6555795342843869,0.6494770333465083,0.006102500937878563,0.014689510514991112,0.017173176776969466,0.06203251072048745,0.04649268986135574,true,true,[],true,false,false,3,5770.073230826121,0.9561016123986945,4.138593186953893,0,0
dgi,connected_modulated,SSP,200,4,4,5,false,false,0.9125586369311405,2.8051411051942776,0.9599606954624074,0.03154419148774362,2.7495898076095,2.751540046488,-0.001950238878499988,0.6675454726336674,0.6494770333465083,0.018068439287159066,0.015124932223976664,0.017172710976072453,0.05186396903362074,0.03647299229891682,true,true,[],true,false,false,3,6000.175788072098,0.9942296251983592,4.56162591624323,0,1
dgi,connected_modulated,SSP,200,5,3,5,false,false,0.9705607270233602,2.8176306245893423,0.9434804722162311,0.018154035518690888,2.772505522041,2.751540046488,0.02096547555299999,0.6391174073398794,0.6494770333465083,-0.010359626006628875,0.014167709338650228,0.017335783676874283,0.007404049906223349,0.05830480982670355,true,true,[],true,false,false,3,5907.415382965777,0.9788592183870385,4.612941881136383,0,1
dgi,connected_modulated,SSP,200,6,3,5,false,false,0.955651958762367,2.8038861871299705,0.9497160155888674,0.0017787786446344107,2.7536261992725,2.751540046488,0.0020861527844999728,0.6541742789182934,0.6494770333465083,0.00469724557178508,0.014156694217880274,0.01685460762008385,0.11789492496007166,0.15623616687761807,true,true,[],true,false,false,3,5863.451238771978,0.9715743560516947,4.313620647199416,0,2
dgi,connected_modulated,SSP,200,7,4,5,false,false,1.1655106294068995,2.7730336149144974,0.9198144485504332,0.033686653040394976,2.7326049872575,2.751540046488,-0.018935059230499984,0.6266325399458723,0.6494770333465083,-0.02284449340063599,0.014167729651108237,0.018252142361362054,0.056190989989542986,0.05796966510380271,true,true,[],true,false,false,3,5986.238301111384,0.9919201824542476,3.6470970000141083,0,1
dgi,connected_modulated,SSP,200,8,1,5,false,false,1.225404588237114,2.7905446905685416,0.9324529463024764,-0.005977756103345523,2.7467715196215,2.751540046488,-0.004768526866500089,0.6363525293844629,0.6494770333465083,-0.013124503962045453,0.01462674399726962,0.018564416528764206,0.0061725042167171075,0.0421662189685797,true,true,[],true,false,false,3,5941.118065877326,0.9844437557377509,3.6516163630152665,0,1
dgi,connected_modulated,SSP,200,9,4,5,false,false,1.0724476454115306,2.81957239058347,0.9494843692719502,0.009373185233635924,2.7718297367455,2.751540046488,0.020289690257500048,0.6465514030571848,0.6494770333465083,-0.0029256302893234665,0.014467006183076858,0.017515695705537442,0.01288649881259588,0.01919656058949647,true,true,[],true,false,false,3,5977.482727934139,0.9904693832533784,4.316385639855992,0,1
dgi,connected_modulated,SSP,200,10,1,5,false,false,1.108633297240671,2.8120408455509462,0.9313673492235525,0.017871111883290734,2.7716492018235,2.751540046488,0.020109155335500173,0.6246617119690178,0.6494770333465083,-0.02481532137749054,0.014075157495740226,0.017842116842525478,0.008831800677007506,0.02347547358952767,true,true,[],true,false,false,3,6149.176001428137,1.0189189728961288,4.730616801965057,0,1
dgi,connected_modulated,SSP,200,11,2,5,false,false,0.9496757732345049,2.8082559566834906,0.9492187888496593,0.0033487101602961205,2.758929816484,2.751540046488,0.007389769996000162,0.6514539803430783,0.6494770333465083,0.001976946996570028,0.014442914528948924,0.017158788323738898,0.007866579371657636,0.008422023345897223,true,true,[],true,false,false,3,5976.495833434788,0.9903058547530719,4.103454742369891,0,1
dgi,connected_modulated,SSP,200,12,0,5,false,false,0.9702069550762392,2.8131058975763876,0.9487228070276352,0.0020130968652694995,2.7647697945429996,2.751540046488,0.013229748054999657,0.6485100695123118,0.6494770333465083,-0.000966963834196477,0.014472304384480918,0.017308934365861027,0.012970164703064566,0.023662096137554867,true,true,[],true,false,false,3,5956.97436943406,0.987071146550797,4.5108902553599854,0,2
dgi,connected_modulated,SSP,200,13,1,5,false,false,1.0382050453445144,2.7925666117229446,0.9516416716789404,0.009653787974615947,2.7394684357195,2.751540046488,-0.01207161076849994,0.662083713094545,0.6494770333465083,0.012606679748036642,0.01509649221522545,0.017653128652363983,0.04463373159098751,0.025435994865045237,true,true,[],true,false,false,3,5841.90267043611,0.9680037564931417,4.7319066942586465,0,1
dgi,connected_modulated,SSP,200,14,3,5,false,false,0.9451959188550817,2.784120171746005,0.9342520961513182,-0.020163150999623455,2.7385820474745,2.751540046488,-0.012957999013500032,0.6419278624122268,0.6494770333465083,-0.007549170934281535,0.014190590720445534,0.017219628602518123,0.03165495872223929,0.06118092153861902,true,true,[],true,false,false,3,5899.468704195851,0.9775424530564791,4.199776057870313,0,0
dgi,connected_modulated,SSP,200,15,3,5,false,false,0.9057851424875129,2.8087607625274016,0.9659099652942245,0.0013379674316927822,2.7504623236905,2.751540046488,-0.0010777227975000692,0.6738592361327636,0.6494770333465083,0.024382202786255247,0.015388241282115526,0.01704855626109294,0.03690739007063712,0.022822108668479932,true,true,[],true,false,false,3,5909.1316240187125,0.9791435996717005,3.6081725159135285,0,0
dgi,connected_modulated,SSP,200,16,2,5,false,false,1.0316617454816193,2.796737185535304,0.9564228853012613,0.0003881216921512043,2.7417204066275,2.751540046488,-0.00981963986049994,0.6666496673504092,0.6494770333465083,0.0171726340039009,0.014836901209023243,0.017223570680871443,0.16051233454675432,0.21374883523805013,true,true,[],true,false,false,3,5957.963764629887,0.987235089416717,4.188570235908695,0,0
dgi,connected_modulated,SSP,200,17,4,5,false,false,1.0536123156099548,2.7817008697051455,0.9375622425184771,-0.011446779415012164,2.734187894724,2.751540046488,-0.017352151763999846,0.6477144835489401,0.6494770333465083,-0.0017625497975681803,0.014518713358653733,0.017799510629165852,0.048152054781305936,0.19928238059568343,true,true,[],true,false,false,3,5919.258187114479,0.9808215720156552,3.7457856461585335,0,0
dgi,connected_modulated,SSP,200,18,3,5,false,false,1.025808409693265,2.785213613606717,0.9506714944175557,-0.016801268187899118,2.731420692603,2.751540046488,-0.02011935388500019,0.6641828443283904,0.6494770333465083,0.014705810981882061,0.015128264036002129,0.017552996370532523,0.015415236569429613,0.04350469564518598,true,true,[],true,false,false,3,6077.881845667469,1.0071055253798622,4.153477271192218,0,1
dgi,connected_modulated,SSP,200,19,1,5,false,false,0.9826723021622353,2.8280143068437362,0.9579267354035802,-0.020353446259484466,2.7773021162525,2.751540046488,0.025762069764499795,0.654226343134934,0.6494770333465083,0.004749309788425693,0.014705634243431109,0.017224607391614348,0.05307943595491315,0.032983913993617324,true,true,[],true,false,false,3,6016.230160299077,0.9968898360064752,4.170760091834789,0,2
dgi,connected_modulated,SSP,200,20,1,5,false,false,0.9899188083615825,2.809600036251739,0.9473792240074752,0.005484552006878044,2.761404613626,2.751540046488,0.009864567137999991,0.6482870352885616,0.6494770333465083,-0.0011899980579467284,0.014414639640099513,0.01737883016535911,0.03618964695092392,0.15059510551071068,true,true,[],true,false,false,3,5912.751284337094,0.9797433776863453,3.675562182399444,0,1
dgi,connected_modulated,SSP,200,21,1,5,false,false,1.0602737683443482,2.7922243065627725,0.9409884229547181,-0.00666194599602552,2.74459154111,2.751540046488,-0.006948505377999847,0.6475462934241163,0.6494770333465083,-0.0019307399223920108,0.01461319481280737,0.017766557409068278,0.039473935534916724,0.05859727640876198,true,true,[],true,false,false,3,5764.070886602487,0.9551070234635438,4.027028426830754,0,1
dgi,connected_modulated,SSP,200,22,3,5,false,false,0.8945385248867403,2.803963941619706,0.9620459461622229,-0.0010408187000391805,2.7470350136035,2.751540046488,-0.004505032884499993,0.6708936291939929,0.6494770333465083,0.021416595847484565,0.015179921036351747,0.017036948471140095,0.10376544760858768,0.096702479358869,true,true,[],true,false,false,3,6090.167130429574,1.0091411980827796,3.9120776147300598,0,1
dgi,connected_modulated,SSP,200,23,3,5,false,false,0.9380150415937321,2.8029929523905976,0.9580770528882184,0.002788622725432413,2.7481217210805,2.751540046488,-0.003418325407499978,0.6659937226558225,0.6494770333465083,0.01651668930931416,0.01497682239243926,0.017091041605182346,0.06747083153033104,0.06307550052132574,true,true,[],true,false,false,3,6058.9879040738215,1.0039747976924311,4.013477418236289,0,1
dgi,connected_modulated,SSP,200,24,1,5,false,false,0.9610894978150818,2.79421106027684,0.9413951519866157,-0.0009759665331800276,2.7466747417075004,2.751540046488,-0.004865304780499624,0.6471802230752055,0.6494770333465083,-0.002296810271302796,0.014346093492862196,0.017205824219440738,0.012312643409681755,0.09727407280587913,true,true,[],true,false,false,3,5929.695401537858,0.9825510193103327,4.048849496419189,0,0
dgi,connected_modulated,SSP,200,25,3,5,false,false,1.107467137253557,2.7868940559432342,0.9340769438118076,0.023731035996518945,2.7418396092095003,2.751540046488,-0.009700437278499674,0.640370722701112,0.6494770333465083,-0.009106310645396354,0.014706501673802714,0.018196374245429334,0.06737762477295077,0.038577529467851715,true,true,[],true,false,false,3,6075.4095299277815,1.0066958624569646,3.7346302360089827,0,0
dgi,connected_modulated,SSP,200,26,2,5,false,false,1.0852061247958686,2.8008862232243708,0.9563728119739173,0.016089903861932105,2.7465979629085,2.751540046488,-0.0049420835794999896,0.6646601936855352,0.6494770333465083,0.015183160339026891,0.015432317149617568,0.017892582765651564,0.05552607927844479,0.08255870381477248,true,true,[],true,false,false,3,5957.250375552264,0.9871168807874505,3.909272444054453,0,2
dgi,connected_modulated,SSP,200,27,3,5,false,false,1.0988866233692056,2.7927221305599392,0.9472386009899042,0.013605153982525224,2.7419859438514997,2.751540046488,-0.00955410263650025,0.6559726178081555,0.6494770333465083,0.006495584461647219,0.014622488961104014,0.017520194756232982,0.014365274684702299,0.09744098675357823,true,true,[],true,false,false,3,6041.585879599634,1.0010912807952996,4.356892853072743,0,1
dgi,connected_modulated,SSP,200,28,2,5,false,false,1.023115128773719,2.8044210698099423,0.9390722744752781,6.845799787814532e-05,2.7595004270075,2.751540046488,0.007960380519500099,0.6391384584584536,0.6494770333465083,-0.010338574888054675,0.014193789761154579,0.017512723337662055,0.012615749494186087,0.022936321746435975,true,true,[],true,false,false,3,6224.4836257914085,1.0313974524923626,4.401508144853978,0,1
dgi,connected_modulated,SSP,200,29,3,5,false,false,1.0157043313315486,2.788296524821764,0.9331927433862566,0.0028400771417556015,2.7438607319655004,2.751540046488,-0.007679314522499592,0.6384607344024924,0.6494770333465083,-0.011016298944015901,0.014180360563170673,0.017607372442181884,0.06331260009228713,0.030447316694953177,true,true,[],true,false,false,3,5851.989580469304,0.9696751583213429,3.9607560972097726,0,1
dgi,connected_modulated,SSP,200,30,4,5,false,false,1.0149636458765257,2.8012068632894556,0.949017489234776,0.00684912181885757,2.750886981796,2.751540046488,-0.0006530646919999938,0.6544619344452465,0.6494770333465083,0.00498490109873817,0.014851941011003796,0.017583090954385205,0.025267078977882364,0.03681286130168041,true,true,[],true,false,false,3,5899.290319726857,0.9775128947351875,3.945453147485476,0,0
dgi,connected_modulated,SSP,200,31,1,5,false,false,0.9378550926156812,2.8111912381903683,0.963963836679375,0.013940500085032241,2.754434294584,2.751540046488,0.0028942480960001404,0.6701410382570112,0.6494770333465083,0.02066400491050291,0.015210803410358902,0.017142808802672403,0.030869716367500848,0.07138445196261638,true,true,[],true,false,false,3,5942.432074398861,0.9846614870586348,4.2458197709473735,0,1
dgi,connected_modulated,SSP,200,32,2,5,false,false,0.8142675684784956,2.830854112145705,0.9800487261526315,0.00587363200209106,2.7682168990645,2.751540046488,0.01667685257649998,0.682457573120727,0.6494770333465083,0.032980539774218665,0.015712063143349452,0.01670315383161986,0.09943537250621644,0.04765488538480991,true,true,[],true,false,false,3,5885.819314042318,0.9752807479771861,3.992939269706103,0,2
dgi,connected_modulated,SSP,200,33,4,5,false,false,0.9373951502581447,2.819099713328313,0.9545007429857878,-0.017004393774213863,2.7687567692915,2.751540046488,0.017216722803500062,0.6536702969256811,0.6494770333465083,0.0041932635791728234,0.014676589866132808,0.01720019745334895,0.01637521762154099,0.014383764430850376,true,true,[],true,false,false,3,5811.544746939719,0.9629734460546344,3.700385852935353,0,0
dgi,connected_modulated,SSP,200,34,1,5,false,false,0.9219556941304307,2.8199865913856383,0.9448272333606303,-0.013380078294545147,2.7745594347265,2.751540046488,0.023019388238500138,0.6398952680155079,0.6494770333465083,-0.009581765331000414,0.014101936511436196,0.017084726437214384,0.021039055718284582,0.033960380656091964,true,true,[],true,false,false,3,5900.463801945173,0.9777073408359856,3.991884128266498,0,1
dgi,connected_modulated,SSP,200,35,3,5,false,false,1.1762475657106797,2.7947346423015857,0.9375580882477353,-0.00133972189052981,2.7491457168,2.751540046488,-0.0023943296879997966,0.6415689303552395,0.6494770333465083,-0.007908102991268762,0.013836653467979406,0.017411296726357977,0.14541234173107176,0.10170301853073921,true,true,[],true,false,false,3,6100.998853536197,1.0109360154989557,4.188695968394941,0,2
dgi,connected_modulated,SSP,200,36,0,5,false,false,0.9583077361687612,2.8009284296922075,0.9553933328845403,-0.024419999776307537,2.7471821966395,2.751540046488,-0.004357849848500184,0.6633108282837799,0.6494770333465083,0.013833794937271549,0.014908039593079243,0.017264673604846598,0.016618635867791883,0.04923911928021606,true,true,[],true,false,false,3,5987.620014743262,0.9921491325175248,3.6426334967841782,0,0
dgi,connected_modulated,SSP,200,37,1,5,false,false,0.9084862403793532,2.786765397893935,0.9562450061364465,0.005087650418607102,2.7301288221545,2.751540046488,-0.021411224333499845,0.6710285577239222,0.6494770333465083,0.021551524377413922,0.01497336438899486,0.01696603850575624,0.03515835114427862,0.014159059163441486,true,true,[],true,false,false,3,5993.501791938467,0.9931237434860758,4.058106595104733,0,1
dgi,connected_modulated,SSP,200,38,2,5,false,false,1.0878754947219125,2.7993135059747116,0.9644634774731051,0.013733861004460954,2.7401612501695,2.751540046488,-0.01137879631850014,0.6762669444469065,0.6494770333465083,0.02678991110039819,0.015694558427678515,0.0176679407881336,0.06322284979040556,0.12105679496563611,true,true,[],true,false,false,3,5953.574422071892,0.9865077749911999,4.68436527227222,0,1
dgi,connected_modulated,SSP,200,39,1,5,false,false,1.089996776281287,2.7923485899308678,0.938689283103401,-0.019194721240754112,2.745864985504,2.751540046488,-0.005675060984000169,0.6442770553116379,0.6494770333465083,-0.005199978034870378,0.014478538814081014,0.017861922908486077,0.009770664555049345,0.019531766793141194,true,true,[],true,false,false,3,5970.7226729727645,0.9893492415862079,3.669447314521744,0,0
dgi,connected_modulated,SSP,200,40,2,5,false,false,1.0402564786907351,2.8042467728707887,0.9489392938906607,0.013688995822776944,2.7544424172559996,2.751540046488,0.002902370767999596,0.6529371744146883,0.6494770333465083,0.003460141068180045,0.014707667199710957,0.017589928858429724,0.024056985461754544,0.010421561720879876,true,true,[],true,false,false,3,6247.559871548599,1.035221188326197,3.843192856837383,0,1
dgi,connected_modulated,SSP,200,41,2,5,false,false,1.1155384188740403,2.786321213656531,0.9195319563528142,-0.006064288388522136,2.7477204371505,2.751540046488,-0.0038196093375000295,0.6198823229961525,0.6494770333465083,-0.02959471035035577,0.0135533041354678,0.017673061397750902,0.03534739707835344,0.01777850770603613,true,true,[],true,false,false,3,5999.1082108749815,0.9940527275683482,4.091337313161338,0,1
dgi,connected_modulated,SSP,200,42,3,5,false,false,1.0085383975971411,2.8004283996058046,0.932394334274992,0.011788875751840238,2.758042412949,2.751540046488,0.006502366460999998,0.6316003382565286,0.6494770333465083,-0.01787669508997969,0.013517565499762714,0.017096511225272414,0.11827668421713174,0.12329113887322213,true,true,[],true,false,false,3,5953.346729205543,0.9864700462643816,3.595119363052343,0,1
dgi,connected_modulated,SSP,200,43,3,5,false,false,0.8978323263885043,2.8004636166009456,0.9530806657797812,-0.010648563966631127,2.7478883190145,2.751540046488,-0.003651727473500177,0.6603766565240526,0.6494770333465083,0.010899623177544338,0.014589994766840413,0.016933527558203095,0.032494189687940066,0.015575613644767294,true,true,[],true,false,false,3,6036.247070248078,1.0002066396434264,3.7555412766660488,0,1
dgi,connected_modulated,SSP,200,44,4,5,false,false,0.914746090640144,2.798691023171968,0.9251051502354869,0.02653362580143046,2.7592848661645,2.751540046488,0.007744819676500203,0.6220244375228101,0.6494770333465083,-0.02745259582369819,0.013454257565888975,0.017081436031478867,0.047248819445179904,0.0446357087483834,true,true,[],true,false,false,3,5859.311301337573,0.9708883680758199,3.973755103386808,0,1
dgi,connected_modulated,SSP,200,45,3,5,false,false,1.1139421443051596,2.799600156874661,0.9319093360951292,-0.008871963879441853,2.7573213045280003,2.751540046488,0.005781258040000292,0.6313035081281153,0.6494770333465083,-0.018173525218392994,0.01383897665955782,0.0175713047046028,0.04028233515479773,0.05866115105066699,true,true,[],true,false,false,3,6053.587514314105,1.0030799526618235,4.10975728493673,0,1
dgi,connected_modulated,SSP,200,46,4,5,false,false,1.0360693368004488,2.7957858831496014,0.9361724802246462,-0.025674514202226884,2.751007464721,2.751540046488,-0.0005325817670001065,0.6391268283297712,0.6494770333465083,-0.010350205016737113,0.013942223826533135,0.017334391005406433,0.019050439607410187,0.044772713289227675,true,true,[],true,false,false,3,5745.065295499623,0.9519577954431853,3.806936901350287,0,1
dgi,connected_modulated,SSP,200,47,1,5,false,false,1.030354959221965,2.788592442163197,0.9369841877307294,-0.02365699948574283,2.7423864882810003,2.751540046488,-0.009153558206999701,0.6436568129953694,0.6494770333465083,-0.005820220351138938,0.014332699037050305,0.017472126208312382,0.03361388687184419,0.07093542751014419,true,true,[],true,false,false,3,6023.75471538216,0.9981366554071516,4.247891773846584,0,1
dgi,connected_modulated,SSP,200,48,1,5,false,false,1.0467892941184005,2.7974566643850087,0.9482947582977834,0.00704322471344202,2.7469204279215003,2.751540046488,-0.004619618566499728,0.6552163569792431,0.6494770333465083,0.005739323632734772,0.014923982154712974,0.017712504686448843,0.014917932606195923,0.013535984079434137,true,true,[],true,false,false,3,5997.073929406202,0.9937156469604312,4.059764791782849,0,1
dgi,connected_modulated,SSP,200,49,2,5,false,false,0.9575455137736304,2.8207872473205304,0.9649778438507693,0.0016840783016210633,2.765113872413,2.751540046488,0.013573825925000005,0.6670931379312707,0.6494770333465083,0.01761610458476237,0.0150915745772438,0.017172604448828885,0.04040501601600585,0.03978159969574311,true,true,[],true,false,false,3,6120.077687769487,1.014097379912094,3.6537745420058982,0,2
dgi,connected_modulated,SSP,200,50,3,5,false,false,1.0648836656530172,2.80242510059874,0.9406454984385694,0.003333675863093879,2.75646687948,2.751540046488,0.00492683299200003,0.6422787492899472,0.6494770333465083,-0.007198284056561088,0.01412194007491606,0.01744075796608238,0.031889153268661735,0.015609556459095316,true,true,[],true,false,false,3,5925.340015091697,0.9818293314153599,3.52259082166052,0,1
dgi,connected_modulated,SSP,200,51,3,5,false,false,0.9870459538728522,2.7991571226481247,0.933167352974081,0.0019558901523368945,2.7562463729960003,2.751540046488,0.004706326508000291,0.6332956354684243,0.6494770333465083,-0.016181397878084036,0.013566051398235308,0.01702564998827556,0.026471098107958717,0.01510270291976642,true,true,[],true,false,false,3,5924.366386104611,0.9816680010115345,4.437937840744172,0,0
dgi,connected_modulated,SSP,200,52,3,5,false,false,1.0671907673804524,2.7933164410527676,0.9376637701264892,0.02991763389424626,2.7474711691450002,2.751540046488,-0.004068877342999766,0.6423848263188537,0.6494770333465083,-0.007092207027654562,0.014507009550424771,0.017841300315793056,0.13437288734280275,0.07588955218399528,true,true,[],true,false,false,3,6094.112822612053,1.009794999604317,4.046973341800664,0,1
dgi,connected_modulated,SSP,200,53,4,5,false,false,1.0031351270592732,2.7967860604138517,0.9629979048742376,0.0029929237872324786,2.738035309056,2.751540046488,-0.013504737432000091,0.6754726800215456,0.6494770333465083,0.025995646675037287,0.015783016214070755,0.017682450619562178,0.011018094554380868,0.048261088986045676,true,true,[],true,false,false,3,6131.8724965124065,1.016051780697996,3.954010091398479,0,1
dgi,connected_modulated,SSP,200,54,1,5,false,false,0.9286613785143754,2.827174423439253,0.968380307871265,0.02373015118524774,2.7706947167714997,2.751540046488,0.01915467028349971,0.6687211803428499,0.6494770333465083,0.019244146996341582,0.015080545349021292,0.017033468710545997,0.010515018444593389,0.08079296553918229,true,true,[],true,false,false,3,5968.404516073642,0.9889651227959639,4.3636792126744135,0,1
dgi,connected_modulated,SSP,200,55,3,5,false,false,1.1351717397104184,2.802502997080564,0.9224196323338006,0.012102893627311782,2.7647038241515,2.751540046488,0.013163777663499854,0.6163520826483638,0.6494770333465083,-0.03312495069814447,0.013928932791821743,0.018101976787603263,0.011325191732740953,0.01051982675393782,true,true,[],true,false,false,3,5864.015728670502,0.9716678920746482,4.194250122565692,0,0
dgi,connected_modulated,SSP,200,56,1,5,false,false,1.04873322392537,2.7924618740346094,0.9205579704463069,0.017468237969017752,2.754197039804,2.751540046488,0.0026569933160001113,0.6184387109151103,0.6494770333465083,-0.031038322431398035,0.01383250630476678,0.017801864158492057,0.014425936240591339,0.04412446454502869,true,true,[],true,false,false,3,6156.334122318964,1.0201050741207893,3.9461103138493243,0,1
dgi,connected_modulated,SSP,200,57,1,5,false,false,0.9901042362609576,2.8043913224303383,0.9478668475530865,-0.008883420469324459,2.7551562458155,2.751540046488,0.0036161993274999027,0.6513909627783065,0.6494770333465083,0.0019139294317982447,0.014650743165813038,0.01738289513952986,0.20681063658057455,0.03942179860110837,true,true,[],true,false,false,3,6105.416890527727,1.0116680845944868,3.7728634483340353,0,2
dgi,connected_modulated,SSP,200,58,3,5,false,false,0.9516384274575446,2.801482150478536,0.952165691493846,-0.011503690900687598,2.749559145636,2.751540046488,-0.0019809008520002003,0.658653051177787,0.6494770333465083,0.009176017831278749,0.014802685202558048,0.017346518557760125,0.011053773471586932,0.004424508325907351,true,true,[],true,false,false,3,5737.348956438038,0.9506791974213816,4.004173147195254,0,0
dgi,connected_modulated,SSP,200,59,1,5,false,false,0.9865328218413241,2.8109256421954854,0.9276353826304123,-0.0005139383697275745,2.7719909511825,2.751540046488,0.02045090469450006,0.6198587753657168,0.6494770333465083,-0.02961825798079154,0.013716396277544077,0.01740962221611484,0.03586105173303603,0.00809232579233889,true,true,[],true,false,false,3,5943.087418918401,0.984770077699818,4.516401234558556,0,1
dgi,connected_modulated,SSP,200,60,1,5,false,false,0.9689357805965592,2.8067954427738204,0.9513209099188608,0.012673832506782983,2.7561628969595002,2.751540046488,0.004622850471500239,0.6550248823423305,0.6494770333465083,0.005547848995822169,0.01437050339406545,0.017108619757329344,0.1779523194751962,0.35574476996296517,true,true,[],true,false,false,3,5927.232605742627,0.9821429338430202,4.178046607163076,0,1
dgi,connected_modulated,SSP,200,61,2,5,false,false,1.013395526355525,2.8068242826208616,0.9269414645437745,-0.008652707739027217,2.7676669431720002,2.751540046488,0.016126896684000247,0.6208043384932951,0.6494770333465083,-0.02867269485321322,0.013838145252524551,0.017617101041977598,0.02372265831222357,0.03370456491639588,true,true,[],true,false,false,3,6122.395208321283,1.0144813932595331,3.761762885102946,0,2
dgi,connected_modulated,SSP,200,62,1,5,false,false,0.9089703300003477,2.786335892261759,0.9511272906139278,0.01751081187822353,2.7324815146,2.751540046488,-0.019058531888000108,0.6642820696231171,0.6494770333465083,0.014805036276608785,0.014827658372427303,0.01716837151754342,0.15723311833483167,0.10141481965283151,true,true,[],true,false,false,3,5966.013368832437,0.9885689094999895,4.11127829723666,0,1
dgi,connected_modulated,SSP,200,63,1,5,false,false,0.8698761108541241,2.8011755980721267,0.9501254928662766,-0.005645503103958822,2.75027559702,2.751540046488,-0.001264449468000084,0.6559995805780622,0.6494770333465083,0.006522547231553877,0.014541062122440654,0.016907887326418302,0.02266569902010462,0.07630606200276284,true,true,[],true,false,false,3,5964.188422703692,0.9882665157752596,4.07464060981581,0,0
dgi,separated_droplets,ID,200,0,1,5,false,false,1.011344005895424,2.812242133765895,0.5586352286357185,0.0016464977182726436,2.812231363314,2.799987273455,0.012244089858999718,0.08370116332149079,0.08736061642362755,-0.0036594531021367643,0.00717664761553059,0.005625012974879149,0.0227927730694636,0.06849663726857456,true,true,[],true,false,false,3,6143.073192918306,1.0179077370204317,3.773570065270921,0,2
dgi,separated_droplets,ID,200,1,2,5,false,false,1.023209131967203,2.8089405623132633,0.5576936031431666,0.010188526290585705,2.8089299433575,2.799987273455,0.008942669902499922,0.08342988376586458,0.08736061642362755,-0.003930732657762975,0.007405607491380704,0.005754002419442766,0.17885297783357604,0.05197931846478675,true,true,[],true,false,false,3,5889.435433392768,0.9758799392531512,4.409908856114489,0,1
dgi,separated_droplets,ID,200,2,3,5,false,false,0.9992590235498932,2.7925826555653805,0.5662278158405325,-0.004598802389099969,2.7925648550739997,2.799987273455,-0.007422418381000551,0.09506381958505343,0.08736061642362755,0.007703203161425878,0.007493751539294733,0.006213808298731375,0.07191760751257882,0.0529780844019982,true,true,[],true,false,false,3,5868.8751755111825,0.9724731028187543,3.6923148394435685,0,1
dgi,separated_droplets,ID,200,3,3,5,false,false,1.0071379353879921,2.7982465169030752,0.5644369932204891,0.007601017592487709,2.7982308077515,2.799987273455,-0.0017564657035000764,0.09209431466209451,0.08736061642362755,0.004733698238466963,0.0072173283209472265,0.00604480854608794,0.5378760417803055,0.07281975584972238,false,true,"[""d_peak_multistart_ambiguity""]",true,false,false,3,6049.80493816112,1.0024531794798872,4.65574525200656,0,2
dgi,separated_droplets,ID,200,4,1,5,false,false,0.9756039203025715,2.8077206026182098,0.5668447189299985,-0.004258405262156634,2.8077044972455,2.799987273455,0.007717223790499883,0.0925910756775752,0.08736061642362755,0.0052304592539476474,0.0073114471237182245,0.00592628702464795,0.08063315948592914,0.05326428270939476,true,true,[],true,false,false,3,6079.195491608214,1.0073231966210794,5.249856518922432,0,1
dgi,separated_droplets,ID,200,5,3,5,false,false,1.0058848135611214,2.791559452022377,0.5501162691669834,-0.007007314701798287,2.7915507338005003,2.799987273455,-0.008436539654499864,0.07954100258907482,0.08736061642362755,-0.007819613834552736,0.0072518584307786835,0.005611789928720932,0.03402290707338652,0.030253151952871607,true,true,[],true,false,false,3,5879.896615987849,0.9742993564188648,4.769917245928888,0,1
dgi,separated_droplets,ID,200,6,2,5,false,false,1.0118633680724085,2.7997883841508497,0.5568904063612067,-0.004866043525578101,2.7997772998925,2.799987273455,-0.00020997356250029853,0.08439756530131921,0.08736061642362755,-0.0029630511223083383,0.00731125344977312,0.005790962976734954,0.023009261429036122,0.13953929682504482,true,true,[],true,false,false,3,5873.100257062082,0.9731731991817866,3.8627658403074734,0,2
dgi,separated_droplets,ID,200,7,2,5,false,false,1.0314163651461297,2.794020270965,0.5691693272086418,0.006450366920379438,2.7940003306615,2.799987273455,-0.005986942793500205,0.09778617105587034,0.08736061642362755,0.01042555463224279,0.007381130202939424,0.006239244318345182,0.02093330563906306,0.013200220786257601,true,true,[],true,false,false,3,5983.943390366565,0.9915399155536976,3.6625607714848596,0,2
dgi,separated_droplets,ID,200,8,1,5,false,false,1.018020314781587,2.802961890803217,0.5588755874068859,-0.014451022340355318,2.8029500940395,2.799987273455,0.0029628205844995925,0.08569745581672902,0.08736061642362755,-0.0016631606068985283,0.007295629558470736,0.005871240426381571,0.08172640664137594,0.07725817265348432,true,true,[],true,false,false,3,5812.7261354563925,0.9631692022297254,3.7765710209561734,0,1
dgi,separated_droplets,ID,200,9,2,5,false,false,0.9826604783487561,2.7922502044739086,0.5652411651179889,-0.0006743875258549651,2.7922330970535,2.799987273455,-0.0077541764015003345,0.09412796198531392,0.08736061642362755,0.006767345561686372,0.007440153727143737,0.006208644216732381,0.08187678687033091,0.05298092677007369,true,true,[],true,false,false,3,5851.590696838059,0.9696090632705979,3.830465011687292,0,1
dgi,separated_droplets,ID,200,10,1,5,false,false,1.0075681645707601,2.7958490822066597,0.5617275080931441,0.0046707790731726154,2.795834845968,2.799987273455,-0.0041524274870003985,0.0898756235477296,0.08736061642362755,0.0025150071241020477,0.007316767322797003,0.005948559258667904,0.028546194895282345,0.08637557809382253,true,true,[],true,false,false,3,5804.1509987973905,0.9617483013748783,3.716295179148714,0,1
dgi,separated_droplets,ID,200,11,1,5,false,false,1.0215384778058114,2.787082886803344,0.5532180231592939,0.009582990718981346,2.787072415952,2.799987273455,-0.012914857503000032,0.08330002961339625,0.08736061642362755,-0.004060586810231304,0.007309017580814707,0.005688508974137431,0.06275313103688242,0.013129020582769152,true,true,[],true,false,false,3,5755.6913608211125,0.953718535347326,4.051774928437872,0,0
dgi,separated_droplets,ID,200,12,1,5,false,false,1.0512805209564877,2.819698003160629,0.5604566545336915,0.0012310852410703517,2.819687036705,2.799987273455,0.01969976324999978,0.08402361433683034,0.08736061642362755,-0.003337002086797214,0.0073922681132512205,0.005762305303817001,0.06684321887811742,0.02837025321855092,true,true,[],true,false,false,3,6267.9808948562295,1.038604953580154,3.8309591268539,0,2
dgi,separated_droplets,ID,200,13,4,5,false,false,0.9926546879488594,2.801719073940427,0.5588357451509769,-0.0049912489755859326,2.8017071715245,2.799987273455,0.0017198980694996813,0.08589812137019578,0.08736061642362755,-0.0014624950534317671,0.007091605601738312,0.005612351786397955,0.16192423493186775,0.09153690504183112,true,true,[],true,false,false,3,5946.920936940461,0.9854052919536803,4.038497340671675,0,1
dgi,separated_droplets,ID,200,14,1,5,false,false,0.9723366892560777,2.7964198566288947,0.5623276148150224,0.00466957331965262,2.7964053097969996,2.799987273455,-0.0035819636580005643,0.09035701498697316,0.08736061642362755,0.0029963985633456036,0.007459053448514151,0.006086201547590071,0.017845240876529535,0.06126015718713726,true,true,[],true,false,false,3,6057.105279248986,1.0036628466029804,3.981825887213304,0,2
dgi,separated_droplets,ID,200,15,1,5,false,false,0.9600063575059176,2.81347072416978,0.5651459458654008,-0.004440276951371627,2.8134564746345,2.799987273455,0.013469201179499901,0.08975556730466588,0.08736061642362755,0.0023949508810383324,0.007368979156591899,0.006064929036542758,0.129537382548567,0.04107158674980564,true,true,[],true,false,false,3,6073.4601158849455,1.0063728443885576,4.001797602661598,0,1
dgi,separated_droplets,ID,200,16,3,5,false,false,1.0154027181933962,2.7928534173854636,0.5610473703345641,-0.005717262584844262,2.792839245468,2.799987273455,-0.007148027987000205,0.08979803530177438,0.08736061642362755,0.0024374188781468298,0.007417963269397354,0.006016297073592143,0.006429336499529131,0.02046477212155049,true,true,[],true,false,false,3,5798.224887437771,0.9607663442316108,3.849495848787098,0,1
dgi,separated_droplets,ID,200,17,3,5,false,false,0.9820994418480111,2.7860402379755436,0.5705545406059533,-0.004427222036557733,2.7860176654935,2.799987273455,-0.013969607961500152,0.10093498821736088,0.08736061642362755,0.01357437179373333,0.007521187550997031,0.0066528262015579055,0.039913910464870674,0.12534043835589487,true,true,[],true,false,false,3,6162.874202448587,1.021188765940114,4.321299669367434,0,2
dgi,separated_droplets,ID,200,18,4,5,false,false,0.9759402513099569,2.804426378873169,0.5719582909151347,-0.002537893558618505,2.8044057922735,2.799987273455,0.004418518818499972,0.09847710322698999,0.08736061642362755,0.011116486803362441,0.007737159743626062,0.006690548527766088,0.09465181898347023,0.051542225136234306,true,true,[],true,false,false,3,6047.2707663455585,1.0020332670000927,3.9691213126267946,0,2
dgi,separated_droplets,ID,200,19,2,5,false,false,0.9914482196487217,2.8011223991919807,0.5564765900554323,-0.007960519252847301,2.801111646757,2.799987273455,0.0011243733019998814,0.08374902518531196,0.08736061642362755,-0.003611591238315587,0.0073931144181330595,0.0058060771191063305,0.09031694124227323,0.06872777246067473,true,true,[],true,false,false,3,5722.97480788988,0.9482973998160531,5.060840134995376,0,0
dgi,separated_droplets,ID,200,20,1,5,false,false,0.9716416750447174,2.7940187925325293,0.5563668931576213,0.01142104858108226,2.79400741316,2.799987273455,-0.005979860295000083,0.08499735360987914,0.08736061642362755,-0.002363262813748407,0.007187630551143438,0.005732010334301246,0.051525961561970555,0.06046043069806352,true,true,[],true,false,false,3,5981.935249847151,0.9912071665032561,3.920557738291378,0,2
dgi,separated_droplets,ID,200,21,4,5,false,false,0.9892016340119252,2.7896674479483243,0.5652051061559396,0.0010776693548223487,2.7896499934529997,2.799987273455,-0.010337280002000515,0.09462340863868267,0.08736061642362755,0.007262792215055117,0.0074918196917740055,0.006348777758888213,0.013741332244506257,0.02240410119841434,true,true,[],true,false,false,3,6123.5351399496085,1.0146702800247902,4.192678729852585,0,1
dgi,separated_droplets,ID,200,22,4,5,false,false,0.9912856882992316,2.7851759298021244,0.5567728455175207,-0.006721946399321489,2.7851634189284997,2.799987273455,-0.01482385452650048,0.08710376519215057,0.08736061642362755,-0.00025685123147697886,0.007222374433527201,0.005799932104688018,0.029425186821247215,0.019526685837958847,true,true,[],true,false,false,3,5740.03478002855,0.95112423861285,3.7403626719916674,0,0
dgi,separated_droplets,ID,200,23,3,5,false,false,0.9869758405713306,2.8015216425376543,0.5563467841525176,0.0012190947651536282,2.801510990533,2.799987273455,0.0015237170779998088,0.0835498901590806,0.08736061642362755,-0.003810726264546954,0.007177261822959053,0.0056624172445349725,0.10778970721468163,0.05437851509815524,true,true,[],true,false,false,3,5687.826493798818,0.9424733212591248,3.8315029122395408,0,1
dgi,separated_droplets,ID,200,24,1,5,false,false,1.01653392858198,2.805395368799295,0.5679447288811518,-0.004040348576260496,2.8053781493785,2.799987273455,0.005390875923499738,0.09417098514291242,0.08736061642362755,0.006810368719284865,0.007422167778718991,0.0062200744567188545,0.09389328391340981,0.02992927253993553,true,true,[],true,false,false,3,6026.8660039060505,0.9986521961733307,3.776125283755948,0,0
dgi,separated_droplets,ID,200,25,3,5,false,false,1.0217882789144817,2.8197526107856508,0.5672533472396373,0.011703073776787216,2.8197377923265003,2.799987273455,0.019750518871500145,0.09058740451488356,0.08736061642362755,0.003226788091256011,0.00771701296496159,0.00625305679463049,0.2282485952139666,0.12958616281196583,true,true,[],true,false,false,3,6025.145483798682,0.9983671058489946,4.985392304819402,0,1
dgi,separated_droplets,ID,200,26,3,5,false,false,0.9968683220103076,2.8022248856968632,0.5641778210865549,-0.009921043318083767,2.8022098659520003,2.799987273455,0.0022225924970000754,0.09103504428769368,0.08736061642362755,0.003674427864066132,0.007524278525600806,0.006147233453347479,0.08218628901046252,0.05547891311477737,true,true,[],true,false,false,3,5927.682300578343,0.9822174483145555,4.3492419159259175,0,2
dgi,separated_droplets,ID,200,27,4,5,false,false,1.0198940484991748,2.805184418402876,0.5612024759639881,0.0006504986845744557,2.8051715738964997,2.799987273455,0.005184300441499534,0.08752178773651095,0.08736061642362755,0.00016117131288340136,0.007356240127736117,0.0058607831218721726,0.012691284457700945,0.015225465618623904,true,true,[],true,false,false,3,5967.29623256712,0.9887814801271118,3.973304934654319,0,1
dgi,separated_droplets,ID,200,28,2,5,false,false,1.0104465030300844,2.8038153311521388,0.5664004025757062,0.000777956319584203,2.8037990066995,2.799987273455,0.003811733244500015,0.09293651010179349,0.08736061642362755,0.0055758936781659385,0.007466503725977777,0.0061337472107758206,0.026206404989710334,0.020728752550900464,true,true,[],true,false,false,3,6083.34160477108,1.0080102079156719,4.019986114824566,0,1
dgi,separated_droplets,ID,200,29,2,5,false,false,1.0075955733616548,2.799503471841558,0.5611264601866316,-0.0018020977815072837,2.7994900340575,2.799987273455,-0.0004972393975002376,0.08855974544764883,0.08736061642362755,0.0011991290240212782,0.007289665431204462,0.005906095694369742,0.0653461612189823,0.041076598820276755,true,true,[],true,false,false,3,6141.802634433074,1.017697205374163,4.793577927379494,0,0
dgi,separated_droplets,ID,200,30,3,5,false,false,1.002042970746622,2.803162504452252,0.5698357148171921,-0.0015614938641821674,2.803143486703,2.799987273455,0.0031562132479998617,0.09655676850252295,0.08736061642362755,0.009196152078895403,0.007687612504659776,0.0065519901528115765,0.14900483756249075,0.05542816658885171,true,true,[],true,false,false,3,5892.228988364095,0.9763428315433463,3.6337618274270187,0,0
dgi,separated_droplets,ID,200,31,4,5,false,false,1.026672020921683,2.7864836176616903,0.5534324188393677,-0.008616715984959169,2.7864729878279997,2.799987273455,-0.013514285627000522,0.08361879048577496,0.08736061642362755,-0.0037418259378525914,0.007348937187289881,0.0057862299934400676,0.007674264803544272,0.07980597518114174,true,true,[],true,false,false,3,5919.192642528569,0.9808107112723395,3.5985963611817033,0,1
dgi,separated_droplets,ID,200,32,1,5,false,false,1.0285595214925924,2.7980390937120325,0.5555710594769749,-0.01096874668093807,2.7980284957299997,2.799987273455,-0.0019587777250005267,0.08346974378364497,0.08736061642362755,-0.0038908726399825844,0.007279617953974085,0.005629157535137105,0.12208449346100836,0.0467036472483369,true,true,[],true,false,false,3,6043.119343009483,1.0013453758093591,4.948871226997505,0,0
dgi,separated_droplets,ID,200,33,3,5,false,false,0.9839465751999231,2.7957207985748784,0.5572596097626066,0.0041606168521159176,2.795709123409,2.799987273455,-0.004278150046000295,0.08553113098276556,0.08736061642362755,-0.0018294854408619915,0.007272893570029059,0.005803851388092976,0.14162578306442342,0.07185739105162414,true,true,[],true,false,false,3,5964.1405362598925,0.9882585809875547,4.013843201997682,0,1
dgi,separated_droplets,ID,200,34,3,5,false,false,1.03756035151287,2.793130849239288,0.5581152405886848,-0.0015160640454394752,2.7931184413235,2.799987273455,-0.0068688321315000245,0.08686216219239984,0.08736061642362755,-0.0004984542312277129,0.007270020995230157,0.005704248042939239,0.012295878107965001,0.050054273914176536,true,true,[],true,false,false,3,5904.174979904605,0.9783222833313346,3.7583394712238514,0,2
dgi,separated_droplets,ID,200,35,1,5,false,false,1.0083471426119264,2.798982048733767,0.5596063763475513,0.0033745079247816567,2.798969434391,2.799987273455,-0.0010178390640001034,0.08717543746921091,0.08736061642362755,-0.00018517895441663712,0.007305069929884529,0.005873852352208979,0.04296520943840988,0.09088306689637986,true,true,[],true,false,false,3,5731.8226833572135,0.949763493514037,3.8411825313743764,0,0
dgi,separated_droplets,ID,200,36,1,5,false,false,0.9900219956038598,2.798675818165048,0.5550241741185878,0.004794340772579329,2.7986655392005,2.799987273455,-0.0013217342545002175,0.08282995292966672,0.08736061642362755,-0.004530663493960835,0.007482507890631008,0.005869563008833047,0.0789937024643749,0.12099367291642221,true,true,[],true,false,false,3,5933.241456012882,0.983138600830635,4.712295359710188,0,1
dgi,separated_droplets,ID,200,37,4,5,false,false,0.9683692408124271,2.7907353104776194,0.5614520933272285,-0.002304913877600785,2.7907206211285,2.799987273455,-0.009266652326500147,0.09062347142737952,0.08736061642362755,0.003262855003751966,0.007352366474334238,0.006166913976935178,0.04964601809145819,0.08455403291497962,true,true,[],true,false,false,3,6121.829979807115,1.0143877348479065,3.670436275210683,0,2
dgi,separated_droplets,ID,200,38,4,5,false,false,0.9577029797398413,2.7899141358742434,0.5586289218057646,-0.007417292257846553,2.7899010833449998,2.799987273455,-0.010086190110000448,0.08799378766062826,0.08736061642362755,0.0006331712370007125,0.007432476416552359,0.006058206057010696,0.07735415543592812,0.05822779142904676,true,true,[],true,false,false,3,6162.166684458694,1.0210715301505708,3.927378222850812,0,1
dgi,separated_droplets,ID,200,39,1,5,false,false,0.9364642923349069,2.80103833352554,0.556649787264869,0.011464730393723716,2.8010274880784998,2.799987273455,0.001040214623499569,0.08393010280917237,0.08736061642362755,-0.0034305136144551773,0.007422752313361522,0.005949583036525081,0.09511338970981988,0.09010144034387493,true,true,[],true,false,false,3,6185.3434605788325,1.0249119238738744,4.0051381061226,0,2
dgi,separated_droplets,ID,200,40,2,5,false,false,0.9779660209959676,2.802474692075387,0.5706032445278663,-0.002708896930693613,2.802454933599,2.799987273455,0.0024676601439996837,0.09748899350034484,0.08736061642362755,0.010128377076717293,0.007484193251984253,0.0064129206136570695,0.011338154446701068,0.0123469844548793,true,true,[],true,false,false,3,5849.638342740791,0.9692855580349281,4.293346021412166,0,0
dgi,separated_droplets,ID,200,41,1,5,false,false,0.9868539789657393,2.8057179454103616,0.564232505343709,0.008719948278985456,2.805703327704,2.799987273455,0.005716054249000013,0.0903918108838207,0.08736061642362755,0.0030311944601931484,0.007341604695897304,0.0060754591129143325,0.14112055768662274,0.10466621986343456,true,true,[],true,false,false,3,5740.793507416181,0.951249959803841,3.4320149023891897,0,0
dgi,separated_droplets,ID,200,42,4,5,false,false,0.9569049046277391,2.7910741216107944,0.5533725792219132,-0.0051407050686144385,2.7910639382055002,2.799987273455,-0.008923335249499953,0.08269303836089992,0.08736061642362755,-0.004667578062727634,0.0072889932273672514,0.005811921246506387,0.029700286205083994,0.007808462620727302,true,true,[],true,false,false,3,5966.3619466585005,0.988626668874648,4.215996161422258,0,1
dgi,separated_droplets,ID,200,43,2,5,false,false,0.9795024938066798,2.8030709761941734,0.5602231131954175,0.0006844065579451075,2.8030584562080003,2.799987273455,0.0030711827530001123,0.08698030195342185,0.08736061642362755,-0.0003803144702057004,0.007370964878255125,0.005907425293959551,0.037741694689247145,0.02823475937058164,true,true,[],true,false,false,3,5969.1271750033775,0.9890848674404934,3.842012846066117,0,1
dgi,separated_droplets,ID,200,44,2,5,false,false,0.9869076306559039,2.810711659196967,0.5566556320955004,0.014788012510902879,2.8107016864289998,2.799987273455,0.010714412973999554,0.08211825743549873,0.08736061642362755,-0.005242358988128817,0.007251032158113356,0.005660184169103175,0.02491284848292219,0.019348840641027033,true,true,[],true,false,false,3,6113.019133055024,1.012927776811106,3.832755406172323,0,2
dgi,separated_droplets,ID,200,45,2,5,false,false,1.0213382644160645,2.8082461856301597,0.5593366905786246,0.013601857940292549,2.8082346775885,2.799987273455,0.008247404133499892,0.0851283879530417,0.08736061642362755,-0.002232228470585851,0.007361610900967192,0.005817896695641963,0.05304411347639125,0.03335188722126322,true,true,[],true,false,false,3,5929.156891210598,0.9824617881044901,4.326732062619271,0,2
dgi,separated_droplets,ID,200,46,3,5,false,false,1.036709685272362,2.7886832041940157,0.5474724357706842,0.005331432882236046,2.788675307066,2.799987273455,-0.011311966389000006,0.07761893505952985,0.08736061642362755,-0.009741681364097698,0.007304937819287664,0.005462075738524823,0.08594259869570683,0.013592760676274313,true,true,[],true,false,false,3,5829.982766477618,0.9660286274196549,3.6503328957893184,0,1
dgi,separated_droplets,ID,200,47,1,5,false,false,0.9900882523238178,2.792070898306559,0.5607714229488213,0.00446109487096899,2.792056804526,2.799987273455,-0.007930468929000067,0.08968034441083397,0.08736061642362755,0.0023197279872064214,0.007392096770834229,0.006044377347851941,0.022519397359183242,0.044299833215290796,true,true,[],true,false,false,3,6074.958998999156,1.0066212094447649,4.366079953584085,0,1
dgi,separated_droplets,ID,200,48,1,5,false,false,0.9788848465824946,2.8101929588726287,0.5719886864425847,-0.0013732744295507895,2.8101733008745002,2.799987273455,0.010186027419500032,0.09729800127558007,0.08736061642362755,0.009937384851952516,0.00742738984039784,0.006345749252942669,0.031251363801734086,0.033726536266854325,true,true,[],true,false,false,3,5896.156012551901,0.9769935397766198,3.6412289026433893,0,0
dgi,separated_droplets,ID,200,49,2,5,false,false,0.9868459163742328,2.8029359945655066,0.5545816460572777,-0.000830062990154891,2.802926290707,2.799987273455,0.0029390172519998536,0.08161572688090117,0.08736061642362755,-0.005744889542726381,0.007304361072237318,0.005658552369630959,0.14593442108876203,0.03784875635994694,true,true,[],true,false,false,3,5762.535831562145,0.9548526647161798,4.026066897466764,0,0
dgi,separated_droplets,ID,200,50,3,5,false,false,1.0426070366704365,2.7915174129212987,0.5596371360639053,-0.003479562346522712,2.7915039469245,2.799987273455,-0.00848332653049999,0.08866944210756253,0.08736061642362755,0.0013088256839349777,0.007118773245005253,0.005684123817688547,0.10510575772660621,0.07455742280694487,true,true,[],true,false,false,3,5955.366248591677,0.9868046807939812,4.380474141813776,0,1
dgi,separated_droplets,ID,200,51,4,5,false,false,0.9980465890175694,2.789950587924792,0.5622375144915774,-0.0007568300691838782,2.789935281649,2.799987273455,-0.010051991806000249,0.09156630255608444,0.08736061642362755,0.004205686132456893,0.007350285514136093,0.006079189428348024,0.035981806691934355,0.010320153787719805,true,true,[],true,false,false,3,6093.123326804849,1.0096310400670836,3.8100448592801204,0,1
dgi,separated_droplets,ID,200,52,1,5,false,false,1.0328861366356996,2.810413977965364,0.5590703874423871,0.008694585766130476,2.8104028181365,2.799987273455,0.010415544681499966,0.08446100101558818,0.08736061642362755,-0.0028996154080393743,0.007347930965559839,0.0057954467016742214,0.012541583805232981,0.09693354316030028,true,true,[],true,false,false,3,5830.01958192781,0.966034727742802,3.939256018572634,0,0
dgi,separated_droplets,ID,200,53,1,5,false,false,1.041234926049631,2.799508496294314,0.5588207245462576,0.0044220040404795245,2.7994963733085,2.799987273455,-0.0004909001465001062,0.08631017761015061,0.08736061642362755,-0.0010504388134769393,0.007393421116903802,0.0058235876633627144,0.07354501825374546,0.04177227826742792,true,true,[],true,false,false,3,5739.640731864767,0.9510589447994643,3.9728859074932616,0,1
dgi,separated_droplets,ID,200,54,0,5,false,false,0.9837586921725484,2.7996226158758923,0.558718925269298,-0.01887353139633847,2.7996105600625,2.799987273455,-0.00037671339250033853,0.08618954779865022,0.08736061642362755,-0.001171068624977331,0.0073442218174837,0.005894287890020732,0.014205135219600125,0.01319949754804922,true,true,[],true,false,false,3,6277.729677656613,1.0402203276978645,4.927553794373909,0,1
dgi,separated_droplets,ID,200,55,1,5,false,false,0.9907966059154324,2.8068396490706338,0.569831511040747,0.0008716475305009477,2.8068212051385,2.799987273455,0.006833931683499994,0.09578906373203888,0.08736061642362755,0.00842844730841133,0.007516530107828105,0.006268097870721223,0.18981668868912333,0.027626778922879146,true,true,[],true,false,false,3,6051.389474879792,1.0027157373454503,3.9258086156271195,0,1
dgi,separated_droplets,ID,200,56,2,5,false,false,1.0221716225249056,2.802683204399282,0.5555960921923702,-0.0005900159984998778,2.8026730151745003,2.799987273455,0.00268574171950009,0.08261910539270029,0.08736061642362755,-0.0047415110309272646,0.0074547414049872885,0.0057700966110704735,0.29618385904347144,0.14853417297290505,true,true,[],true,false,false,3,5940.5257240089995,0.9843456046410936,3.7325964278531325,0,1
dgi,separated_droplets,ID,200,57,3,5,false,false,1.0233674440645761,2.806390219611776,0.5652349286079972,0.00404288223923495,2.80637503342,2.799987273455,0.006387759964999962,0.0912522100804519,0.08736061642362755,0.0038915936568243437,0.0072298096791924065,0.005897275104254802,0.06610143208544791,0.04744330954468657,true,true,[],true,false,false,3,5936.9408643203005,0.9837515930936703,3.8859925976501537,0,1
dgi,separated_droplets,ID,200,58,4,5,false,false,0.9950666709387109,2.804972864990489,0.5523029946545773,-0.00869130278548548,2.8049642894745,2.799987273455,0.004977016019499736,0.07911879479308238,0.08736061642362755,-0.008241821630545168,0.007300561843498345,0.005588727315065232,0.05639574355039064,0.02738441730251417,true,true,[],true,false,false,3,6133.917544220916,1.0163906452727285,3.78780560545072,0,2
dgi,separated_droplets,ID,200,59,4,5,false,false,0.974239056558438,2.793309384336968,0.5579502389989459,0.0041161243228486615,2.7932970869365,2.799987273455,-0.006690186518500063,0.08666680425573035,0.08736061642362755,-0.0006938121678971981,0.0071747239425412595,0.005798866755813293,0.15548532444376556,0.10800094395483714,true,true,[],true,false,false,3,5970.109841715399,0.9892476953960893,4.095319531342972,0,1
dgi,separated_droplets,ID,200,60,1,5,false,false,0.990141368826543,2.7957584054951945,0.5534008821108735,0.005252407607549396,2.7957486189615004,2.799987273455,-0.004238654493499805,0.0818413582506641,0.08736061642362755,-0.005519258172963448,0.007293671267263755,0.005732872572959652,0.055088401955156414,0.04205939643295838,true,true,[],true,false,false,3,5950.396433909471,0.9859811820893903,3.7649525645022774,0,1
dgi,separated_droplets,ID,200,61,4,5,false,false,1.0067019545019742,2.8023368161735074,0.5593858694261871,0.0004377812508865623,2.8023246806279998,2.799987273455,0.0023374071729995727,0.08631073211459823,0.08736061642362755,-0.001049884309029317,0.007472561944940805,0.005993730260899547,0.01194647259642679,0.03681986513065561,true,true,[],true,false,false,3,6103.470557997043,1.0113455771328985,3.8496026468314355,0,1
dgi,separated_droplets,ID,200,62,1,5,false,false,1.0008228611715797,2.802680878855156,0.5633195832622783,-0.001081115396764146,2.802666469439,2.799987273455,0.0026791959839997936,0.09009261378818434,0.08736061642362755,0.0027319973645567874,0.007478926809738163,0.006086816411784226,0.014419628075423253,0.008179523719776635,true,true,[],true,false,false,3,6050.037563292688,1.002491725483461,4.302767908569218,0,1
dgi,separated_droplets,ID,200,63,2,5,false,false,1.017756710871066,2.802782545271663,0.559705872502639,0.004356128116917045,2.802770281422,2.799987273455,0.0027830079669999286,0.08653441835180059,0.08736061642362755,-0.0008261980718269613,0.007335005407703338,0.0058313881205924135,0.06349279313566772,0.013979664332226307,true,true,[],true,false,false,3,5941.975247867856,0.9845857908645991,4.35167603417916,0,1
dgi,connected_modulated,SSP,400,0,4,5,false,false,1.0377825754653804,2.7972082087942756,0.9304316746340269,-0.003968835421677635,2.7552724361795002,2.751540046488,0.0037323896915002486,0.6303352171035164,0.6494770333465083,-0.019141816242991938,0.009874477842942266,0.012397473088715477,0.00962662603651989,0.008115443380858114,true,true,[],true,false,false,3,5822.8406929379635,0.9648451852424131,4.622725624657104,0,1
dgi,connected_modulated,SSP,400,1,4,5,false,false,0.9459301303371473,2.807030228986123,0.9527466830023659,0.007495503658455164,2.7556917017915,2.751540046488,0.004151655303500146,0.6568696861566596,0.6494770333465083,0.0073926528101513345,0.010382333819270373,0.012075518951637889,0.016770652247493665,0.03130935044981617,true,true,[],true,false,false,3,5771.923107664384,0.9564081371440569,4.6683058393404355,0,1
dgi,connected_modulated,SSP,400,2,2,5,false,false,1.0305195963806935,2.803298929819261,0.9453852819290234,-0.006204487520307485,2.7551463679825003,2.751540046488,0.003606321494500353,0.6484683209569171,0.6494770333465083,-0.0010087123895912153,0.010285192981803208,0.012323299719358447,0.03314358720379606,0.03637822884869092,true,true,[],true,false,false,3,6039.718586049942,1.0007818700994104,3.8839843735572646,0,2
dgi,connected_modulated,SSP,400,3,4,5,false,false,0.9463109000303562,2.8116839566128546,0.9523395603457983,0.006885042259259568,2.7612933090264997,2.751540046488,0.00975326253849973,0.6541500436969199,0.6494770333465083,0.004673010350411566,0.010226560593607485,0.01199929775932908,0.013760197938673262,0.04516026344259836,true,true,[],true,false,false,3,5802.513551530608,0.9614769762271099,3.666074379753779,0,1
dgi,connected_modulated,SSP,400,4,3,5,false,false,0.986726429831034,2.805022649506278,0.9337049229002423,-0.017601173468371988,2.7626661589195,2.751540046488,0.01112611243150008,0.6312901810232487,0.6494770333465083,-0.01818685232325956,0.009787624087519714,0.012163011299527949,0.02346502603148652,0.04580577217302672,true,true,[],true,false,false,3,6014.511439563461,0.9966050438381874,3.883355652094528,0,1
dgi,connected_modulated,SSP,400,5,3,5,false,false,1.1193728770609808,2.7983872068071456,0.9325141224186887,-0.029752265946078753,2.755669188753,2.751540046488,0.004129142265000052,0.6327338912004242,0.6494770333465083,-0.016743142146084078,0.010020392717513479,0.012573454882613942,0.016037059377833417,0.016932066112074286,true,true,[],true,false,false,3,5883.355515542151,0.9748724963615826,3.447119946340216,0,1
dgi,connected_modulated,SSP,400,6,1,5,false,false,0.9188685105212633,2.7952649446032853,0.9523624842197056,-0.0036298500684187216,2.7422227206605,2.751540046488,-0.00931732582749989,0.661812573792681,0.6494770333465083,0.012335540446172688,0.010444711750920327,0.012027511426818098,0.05863185438753967,0.05286829807844438,true,true,[],true,false,false,3,5935.415178510437,0.9834987868285728,4.288008369761204,0,1
dgi,connected_modulated,SSP,400,7,1,5,false,false,1.0257009657194815,2.7993968740867645,0.9446408055192556,0.0029171453765277485,2.7510254506844998,2.751540046488,-0.0005145958035002174,0.6492612263476882,0.6494770333465083,-0.00021580699882006726,0.010201727572131064,0.01232190247339276,0.0377912228859835,0.03535221459283775,true,true,[],true,false,false,3,6066.476987277612,1.00521573939977,4.402245539416489,0,2
dgi,connected_modulated,SSP,400,8,1,5,false,false,1.0536516196996761,2.794428268058935,0.959365814846309,0.003332232835633698,2.737355820006,2.751540046488,-0.014184226482000017,0.6716899105152458,0.6494770333465083,0.022212877168737544,0.010835033374458144,0.012314752706729156,0.0427905339537752,0.024053798854970252,true,true,[],true,false,false,3,5726.145330263274,0.9488227556360024,4.114828198103148,0,0
dgi,connected_modulated,SSP,400,9,3,5,false,false,1.0091219362353698,2.789283179910032,0.9490000668163592,-0.004264599882367067,2.737065007164,2.751540046488,-0.014475039324000072,0.6599988976277636,0.6494770333465083,0.010521864281255344,0.010604410977747452,0.012405797040747226,0.08434992470367315,0.019826361196959047,true,true,[],true,false,false,3,6042.229594895701,1.0011979444731898,3.944173545874709,0,2
dgi,connected_modulated,SSP,400,10,4,5,false,false,1.0006082970626438,2.7999697960278103,0.9574362588025354,-0.007648661780966819,2.744940499882,2.751540046488,-0.00659954660600004,0.6665250517392525,0.6494770333465083,0.01704801839274417,0.010699479172033212,0.012237375364322116,0.0732775621031304,0.05612411056140452,true,true,[],true,false,false,3,5967.036658927385,0.9887384687535021,3.748152928322953,0,2
dgi,connected_modulated,SSP,400,11,2,5,false,false,1.0524261479541894,2.8082632241953216,0.9435135662096877,-0.006397918021127409,2.761770210838,2.751540046488,0.010230164349999793,0.6435452143744457,0.6494770333465083,-0.00593181897206263,0.010202039298637725,0.012349809185453623,0.1542618766141885,0.1045086899953095,true,true,[],true,false,false,3,5807.574505938064,0.9623155767917256,3.609548893497425,0,2
dgi,connected_modulated,SSP,400,12,4,5,false,false,0.9638531364220732,2.802294930700813,0.9464340205232765,-0.015964038550574267,2.7534632789995,2.751540046488,0.0019232325114999504,0.6503898178460711,0.6494770333465083,0.0009127844995627798,0.010202451316920123,0.01211986924387845,0.007809765028550018,0.007262280399907463,true,true,[],true,false,false,3,6067.860129364756,1.0054449261582032,4.195215717758503,0,0
dgi,connected_modulated,SSP,400,13,3,5,false,false,1.0064382088346226,2.790483468532266,0.9356012726502096,0.00987458924025777,2.745217803398,2.751540046488,-0.006322243090000068,0.640822795590113,0.6494770333465083,-0.008654237756395289,0.00988528535673092,0.01215634424158838,0.01892599077807572,0.03225624723372264,true,true,[],true,false,false,3,5906.270941516318,0.978669584344046,4.120840267479705,0,0
dgi,connected_modulated,SSP,400,14,3,5,false,false,1.0316184626623432,2.7881999959674704,0.943330211367726,0.012831700790879294,2.738772240011,2.751540046488,-0.012767806477000043,0.6526892060170113,0.6494770333465083,0.0032121726705029996,0.010382247998287734,0.012431207953900156,0.051177176329007965,0.08062223318277487,true,true,[],true,false,false,3,5832.63187024464,0.9664675841333289,3.4532116928055143,0,1
dgi,connected_modulated,SSP,400,15,1,5,false,false,0.928150867084351,2.8115220153625367,0.9502369438662386,-0.0033032817226915402,2.762182069961,2.751540046488,0.010642023472999806,0.6513358413488801,0.6494770333465083,0.0018588080023718145,0.010205687029026352,0.012015688036639133,0.018120586685992313,0.015503976437381061,true,true,[],true,false,false,3,5913.921580984914,0.9799372959378482,5.167562546358201,0,1
dgi,connected_modulated,SSP,400,16,4,5,false,false,0.9623312008424695,2.7919767700388527,0.9448077943417031,0.003203185795336329,2.7423797849394997,2.751540046488,-0.009160261548500248,0.6529656628756677,0.6494770333465083,0.003488629529159404,0.010349536097327305,0.012212951448511377,0.054659475621013795,0.08484044359624064,true,true,[],true,false,false,3,6113.5284297211965,1.0130121673108858,3.9401672270033674,0,1
dgi,connected_modulated,SSP,400,17,2,5,false,false,0.9798682195471606,2.7979379471711314,0.9475984927364565,0.005285569771877744,2.7478375833779998,2.751540046488,-0.0037024631100002203,0.6540326244645613,0.6494770333465083,0.004555591118053037,0.010180272571609982,0.012065288855301646,0.05305178846640231,0.09359953033600646,true,true,[],true,false,false,3,5960.684351114511,0.9876858908226198,4.024948809874119,0,0
dgi,connected_modulated,SSP,400,18,3,5,false,false,1.035853671859479,2.784997100000991,0.9548202437333816,0.014792690383205798,2.728860404768,2.751540046488,-0.02267964171999992,0.6699224136099409,0.6494770333465083,0.020445380263432567,0.010564988841090838,0.0120943098594082,0.008187931554049446,0.0780592276758267,true,true,[],true,false,false,3,5914.002508436766,0.979950705623325,4.0509282269545555,0,0
dgi,connected_modulated,SSP,400,19,2,5,false,false,0.9670506193425548,2.79812439969862,0.9474828009917438,0.02019568954308698,2.748112825684,2.751540046488,-0.0034272208039998198,0.6537860685826689,0.6494770333465083,0.004309035236160552,0.010288104451565968,0.012149738923381885,0.018380429785720645,0.029728296591761075,true,true,[],true,false,false,3,6057.480216259391,1.003724973696668,4.472959098158993,0,2
dgi,connected_modulated,SSP,400,20,1,5,false,false,1.0323014280045073,2.80272755184732,0.9396961310926188,-0.010248274891201765,2.7572682222915,2.751540046488,0.005728175803500157,0.6408082675651021,0.6494770333465083,-0.008668765781406185,0.010025636898621485,0.012213903172206119,0.11026727266092536,0.08434083893083909,true,true,[],true,false,false,3,5892.803108586241,0.9764379633117218,4.074625168198336,0,0
dgi,connected_modulated,SSP,400,21,4,5,false,false,0.9914668151937855,2.821287692504106,0.9467759799951264,-0.004233686841963544,2.775116755151,2.751540046488,0.0235767086630001,0.641999802292262,0.6494770333465083,-0.007477231054246358,0.010050100327286234,0.012141462823271757,0.021335706163840843,0.015205152580400385,true,true,[],true,false,false,3,5806.430578100463,0.9621260278542607,3.478339757692398,0,1
dgi,connected_modulated,SSP,400,22,1,5,false,false,0.9034926961576953,2.7979290550490834,0.9397832231664014,-0.00019928434426322962,2.751732288825,2.751540046488,0.0001922423369999926,0.6431840219658951,0.6494770333465083,-0.006293011380613223,0.009922622058923471,0.011927655922389818,0.008830829288842521,0.0502318551936824,true,true,[],true,false,false,3,6118.880791978976,1.0138990541804433,4.302712537258093,0,2
dgi,connected_modulated,SSP,400,23,3,5,false,false,1.077224351236527,2.7982258249503342,0.9409669175946531,0.008773229860505941,2.7514971321145003,2.751540046488,-4.2914373499680636e-05,0.6446985838817022,0.6494770333465083,-0.0047784494648061004,0.010400617075785447,0.012586740493231703,0.08582899312567073,0.05376790174164159,true,true,[],true,false,false,3,6242.788387205894,1.034430552975293,4.1141557845314844,0,2
dgi,connected_modulated,SSP,400,24,1,5,false,false,1.1081297809190898,2.8017308498129756,0.9387020285197452,-0.003755321095853054,2.756601896029,2.751540046488,0.005061849541000196,0.639883094051253,0.6494770333465083,-0.009593939295255316,0.010211013568491155,0.012524773650911605,0.05245714305509362,0.037044862808019455,true,true,[],true,false,false,3,6005.2800790751535,0.9950754066404562,3.814124656357466,0,0
dgi,connected_modulated,SSP,400,25,2,5,false,false,1.0613903146492487,2.790713002742658,0.9336852819237855,0.007213003285751667,2.7463874226915,2.751540046488,-0.005152623796500055,0.6380144821061371,0.6494770333465083,-0.01146255124037121,0.010076991862745199,0.012455357330651132,0.08006857790396961,0.10596694638181649,true,true,[],true,false,false,3,6096.648814954704,1.0102152137456013,4.898809903720461,0,1
dgi,connected_modulated,SSP,400,26,3,5,false,false,1.0273973158811265,2.793213911445868,0.9315219100015094,0.0004720643470692947,2.750240566786,2.751540046488,-0.0012994797019998394,0.6337719892783293,0.6494770333465083,-0.015705044068178964,0.00983169330882041,0.012254117298695757,0.04818162086842505,0.03287763205082192,true,true,[],true,false,false,3,5868.668503143609,0.9724388571903246,4.547643745192687,0,1
dgi,connected_modulated,SSP,400,27,1,5,false,false,0.8604150970030351,2.8059390555258044,0.9511483465942956,0.002802089138354259,2.7552609049675,2.751540046488,0.003720858479499878,0.6551864237066399,0.6494770333465083,0.005709390360131628,0.010189259486543738,0.011763950786776783,0.029079907268158574,0.04731119244037424,true,true,[],true,false,false,3,5835.157785613412,0.9668861285192066,4.151651305526281,0,2
dgi,connected_modulated,SSP,400,28,3,5,false,false,1.015255502662168,2.7992944646705555,0.9441970046522806,0.0033117843507476214,2.7511296812765,2.751540046488,-0.00041036521150017435,0.648693456784472,0.6494770333465083,-0.0007835765620363144,0.01012149710634641,0.01215579707119451,0.038501974797381405,0.029546051699062215,true,true,[],true,false,false,3,6290.33207176736,1.0423085454461243,4.700433184020887,0,1
dgi,connected_modulated,SSP,400,29,3,5,false,false,1.093467006557214,2.794928592541589,0.9368535114573506,0.0010943644803449054,2.7497044076765,2.751540046488,-0.0018356388114999511,0.6404882672735668,0.6494770333465083,-0.008988766072941523,0.010144328727860561,0.01251398030099192,0.010992036978657109,0.023484682321589363,true,true,[],true,false,false,3,5864.015532448969,0.9716678595607239,4.119326958813705,0,0
dgi,connected_modulated,SSP,400,30,1,5,false,false,1.0581046727349228,2.800685486828727,0.9388378184842615,-0.010395569932825588,2.755342122448,2.751540046488,0.0038020759599999288,0.6405648368575638,0.6494770333465083,-0.00891219648894448,0.01011067933277204,0.012363342325508819,0.021541836738335575,0.03999466389036516,true,true,[],true,false,false,3,6057.932407091292,1.003799901754978,3.9515601192865972,0,2
dgi,connected_modulated,SSP,400,31,1,5,false,false,1.0698600994633338,2.7912125776185714,0.9310062506949862,-0.010662908493702501,2.748200427138,2.751540046488,-0.003339619350000156,0.6339873084609327,0.6494770333465083,-0.01548972488557565,0.009969558247041986,0.01246467669810651,0.01842765225376909,0.11182503880270889,true,true,[],true,false,false,3,5878.556484191667,0.9740772964692074,4.399465583403202,0,0
dgi,connected_modulated,SSP,400,32,2,5,false,false,0.9431777871966145,2.8017640686692817,0.9451839611537225,-0.007205515464480815,2.7534797971,2.751540046488,0.001939750611999802,0.6489069227300183,0.6494770333465083,-0.0005701106164900382,0.0101176541844934,0.012030583980323428,0.027619008507755505,0.014936835641857977,true,true,[],true,false,false,3,5666.716492378958,0.9389753922748895,4.245953238411895,0,0
dgi,connected_modulated,SSP,400,33,3,5,false,false,1.0177704923864015,2.8127509932222594,0.9521155626801404,0.012471823199033796,2.762642514387,2.751540046488,0.011102467899000157,0.6533469866438361,0.6494770333465083,0.003869953297327755,0.010174507232739062,0.012048433202226814,0.018049877335487994,0.02233540204816568,true,true,[],true,false,false,3,6059.9929782507115,1.004141338566812,3.8766948351581343,0,2
dgi,connected_modulated,SSP,400,34,1,5,false,false,0.977125136940732,2.8002459762817202,0.9334619934042584,-0.0008542875174367655,2.7573497637625,2.751540046488,0.00580971727449997,0.633198898876963,0.6494770333465083,-0.01627813446954529,0.009775614571209375,0.012067266275721118,0.01183329218408018,0.01866961504970131,true,true,[],true,false,false,3,6065.969686344073,1.0051316795930527,4.204716553043187,0,0
dgi,connected_modulated,SSP,400,35,3,5,false,false,0.9753081047516634,2.812792142480756,0.950221478232908,0.017445871282241177,2.7636552176044997,2.751540046488,0.012115171116499734,0.6507234831533117,0.6494770333465083,0.0012464498068034402,0.01021755443477949,0.01209608580485126,0.030606258620477698,0.016782214771667817,true,true,[],true,false,false,3,6061.832943250343,1.0044462209196923,3.8273866066305056,0,2
dgi,connected_modulated,SSP,400,36,1,5,false,false,1.0203330078892747,2.794229676012102,0.9528743160142927,0.0023017576414663178,2.7407392154775003,2.751540046488,-0.010800831010499667,0.6629918766565928,0.6494770333465083,0.013514843310084457,0.010613343416379917,0.012296522943832556,0.06424684458506354,0.033221726119932765,true,true,[],true,false,false,3,5900.514391350899,0.9777157235047057,4.234574509980397,0,0
dgi,connected_modulated,SSP,400,37,3,5,false,false,1.124634005116143,2.780511594412116,0.9332915331506929,-0.017457378308695863,2.7349120718855,2.751540046488,-0.016627974602500206,0.6422807123245783,0.6494770333465083,-0.007196321021930019,0.010263221710982607,0.012647919743672468,0.0812898377813336,0.10667965982494394,true,true,[],true,false,false,3,5978.386168345551,0.9906190834043994,3.913840290501812,0,0
dgi,connected_modulated,SSP,400,38,1,5,false,false,0.9989713077931114,2.797389312000702,0.9419150645456988,-0.0027212770333094665,2.7500712236264997,2.751540046488,-0.0014688228615002963,0.6464132164261974,0.6494770333465083,-0.00306381692031088,0.01011238892435398,0.012229275849704246,0.0161247147157875,0.008192907168307046,true,true,[],true,false,false,3,5869.869562089144,0.9726378727571076,4.718592427697445,0,1
dgi,connected_modulated,SSP,400,39,0,5,false,false,1.0369678141315848,2.79614292525767,0.934621616384632,0.014347517114796607,2.752143124425,2.751540046488,0.000603077936999874,0.6367731957801335,0.6494770333465083,-0.012703837566374832,0.00997845461342811,0.012371102507672623,0.023543937373231624,0.037154365685450684,true,true,[],true,false,false,3,5873.132807015563,0.9731785927117752,4.096547572646854,0,1
dgi,connected_modulated,SSP,400,40,2,5,false,false,1.038994357975249,2.795104478384328,0.9463642456086983,-0.002761737510890829,2.7451962640580003,2.751540046488,-0.006343782429999667,0.6536535833692337,0.6494770333465083,0.004176550022725434,0.010430726237602854,0.012408696718389125,0.017935682591887797,0.02308483512908528,true,true,[],true,false,false,3,6273.488311834519,1.0395175330297464,5.478686267334184,0,1
dgi,connected_modulated,SSP,400,41,1,5,false,false,1.0662171642256897,2.7848328469095844,0.9346264281739864,0.006409485618258468,2.739218071018,2.751540046488,-0.012321975469999913,0.6421181196581061,0.6494770333465083,-0.007358913688402247,0.010104732413287215,0.012445197691313515,0.004762981050013631,0.010968173955727363,true,true,[],true,false,false,3,6108.436207171643,1.012168385612534,4.68596258129812,0,2
dgi,connected_modulated,SSP,400,42,4,5,false,false,1.1236479457614867,2.7891797063561534,0.9402664980577843,-0.005742627026332375,2.7414477103649997,2.751540046488,-0.010092336123000312,0.6479704333640134,0.6494770333465083,-0.0015065999824949161,0.010346966624382453,0.012601474224649774,0.02509896981673036,0.018594945717344234,true,true,[],true,false,false,3,6010.75302350327,0.9959822739856289,3.677931887239143,0,0
dgi,connected_modulated,SSP,400,43,3,5,false,false,0.9600115841343093,2.794903748622068,0.9393906098476258,-0.002540311983907398,2.748454344693,2.751540046488,-0.0030857017949998955,0.6440566241565184,0.6494770333465083,-0.005420409189989872,0.010114886144408756,0.012166524137936802,0.1535363292110743,0.12452890644063903,true,true,[],true,false,false,3,5942.419576854221,0.9846594162144526,4.549471042098974,0,1
dgi,connected_modulated,SSP,400,44,1,5,false,false,1.003287263533011,2.786920098638348,0.9474716386011061,-0.00914590414060007,2.7351316691985,2.751540046488,-0.016408377289499843,0.6590039877659215,0.6494770333465083,0.009526954419413203,0.010408696638189259,0.012217544075935552,0.03320161846507016,0.034767445226206235,true,true,[],true,false,false,3,5896.705793287233,0.9770846384900138,3.653146593573863,0,1
dgi,connected_modulated,SSP,400,45,3,5,false,false,0.9642112399653664,2.800437828491572,0.9422336648897756,-0.011512727770381934,2.7534163062025,2.751540046488,0.001876259714499895,0.6454275362854964,0.6494770333465083,-0.004049497061011875,0.010151671308341166,0.012131114181976162,0.10134032222405646,0.06909267119406208,true,true,[],true,false,false,3,5975.680118201308,0.990170690671302,4.340540187322647,0,1
dgi,connected_modulated,SSP,400,46,2,5,false,false,0.9297257074614009,2.8065443907370984,0.9431858129875096,-0.009737924215596515,2.7599585741085,2.751540046488,0.008418527620499994,0.6438932077472996,0.6494770333465083,-0.005583825599208669,0.010058538180539553,0.01206177695040578,0.0335271382329001,0.03333260177810996,true,true,[],true,false,false,3,6061.64758915943,1.0044155077314714,4.449876916381483,0,2
dgi,connected_modulated,SSP,400,47,3,5,false,false,0.9730995376170671,2.7846177994271244,0.9329901213899316,-0.010196738213565483,2.7397541841845,2.751540046488,-0.011785862303499872,0.639913736037002,0.6494770333465083,-0.009563297309506336,0.009794420337679811,0.012081443814381471,0.030969519536904737,0.011800925942320342,true,true,[],true,false,false,3,5810.8389062434,0.9628564881927755,4.132609444684774,0,0
dgi,connected_modulated,SSP,400,48,3,5,false,false,0.9339008438121194,2.804499942495499,0.9616877349649567,-0.011022787253037764,2.747867700702,2.751540046488,-0.003672345786000175,0.6701657035880929,0.6494770333465083,0.020688670241584606,0.010550374174403979,0.011893127740921864,0.00912312628999146,0.02980869450940975,true,true,[],true,false,false,3,6022.628803412199,0.9979500917004472,4.069539884437029,0,2
dgi,connected_modulated,SSP,400,49,4,5,false,false,1.0163839508125343,2.7994857746027404,0.944280718404987,0.008725250744937105,2.751308110314,2.751540046488,-0.00023193617399996924,0.6487200815724674,0.6494770333465083,-0.0007569517740408926,0.010220064285335288,0.012288095842940407,0.009780992585679152,0.006146219410674368,true,true,[],true,false,false,3,5911.396504886857,0.9795188906191975,4.410986345340385,0,1
dgi,connected_modulated,SSP,400,50,3,5,false,false,0.9921691175500202,2.8158458033280334,0.9497418182237823,0.0036803222937637245,2.767415187413,2.751540046488,0.015875140924999975,0.6486411308583311,0.6494770333465083,-0.0008359024881772203,0.010328595937835023,0.012189218050463982,0.02836189451721052,0.03142130248675197,true,true,[],true,false,false,3,6033.393128108095,0.999733741194382,4.350974811724215,0,1
dgi,connected_modulated,SSP,400,51,1,5,false,false,0.9970961493883191,2.7986099693870026,0.9442630847968413,-0.0011917388468444697,2.750308370548,2.751540046488,-0.0012316759400001764,0.6491055911431176,0.6494770333465083,-0.0003714422033906928,0.010217482484238885,0.01221733164721063,0.055701951667489175,0.08399346710356127,true,true,[],true,false,false,3,5835.864723481232,0.9670032681824743,3.5496656987829396,0,0
dgi,connected_modulated,SSP,400,52,3,5,false,false,0.9446918897182904,2.8096431199310405,0.9449719852024488,0.006626940336422013,2.762642774923,2.751540046488,0.011102728435000042,0.6449289528651112,0.6494770333465083,-0.004548080481397099,0.010204365497070895,0.012161685290090153,0.04866005330192136,0.05970304920487223,true,true,[],true,false,false,3,5853.02345841426,0.9698464719824789,3.7284805652796766,0,0
dgi,connected_modulated,SSP,400,53,1,5,false,false,1.0014329121454029,2.8002492737206466,0.9446428130512965,0.01323517734349011,2.7520061813375003,2.751540046488,0.00046613484950031037,0.6488651344009304,0.6494770333465083,-0.0006118989455778934,0.010260336895166615,0.012260109888784796,0.023044778735391576,0.055057513744389455,true,true,[],true,false,false,3,5937.551860268697,0.9838528351729406,4.083634871614402,0,2
dgi,connected_modulated,SSP,400,54,2,5,false,false,1.1095660111494334,2.801109636782903,0.9336169714702846,0.00909265732345093,2.7582608714745,2.751540046488,0.0067208249865000624,0.6330108114128885,0.6494770333465083,-0.016466221933619796,0.010037589892485007,0.01255837370898606,0.05017952973724071,0.039428690099091904,true,true,[],true,false,false,3,5806.680115037844,0.9621673761454589,3.581005548704397,0,1
dgi,connected_modulated,SSP,400,55,3,5,false,false,1.0170725067195183,2.8002228958541515,0.9392405862940109,-0.004272413535937651,2.754620476971,2.751540046488,0.0030804304830001072,0.6413466935340583,0.6494770333465083,-0.008130339812450038,0.0097061129708292,0.01198547244266714,0.11452854369622327,0.17300000967988635,true,true,[],true,false,false,3,5866.711450647579,0.9721145734295906,4.216805659157929,0,1
dgi,connected_modulated,SSP,400,56,3,5,false,false,1.0062902781972847,2.7839906074059972,0.9338784460637439,-0.0012315448685624056,2.738613044171,2.751540046488,-0.012927002316999836,0.6414628400899349,0.6494770333465083,-0.008014193256573376,0.009731755690225366,0.012030143234234044,0.04905146072254084,0.01917683036230094,true,true,[],true,false,false,3,5916.260612253349,0.9803248736128167,3.9085762102775683,0,0
dgi,connected_modulated,SSP,400,57,3,5,false,false,1.0127212318036027,2.8140757322734142,0.9598706252642472,0.00021129721735873024,2.7600811563235,2.751540046488,0.008541109835499938,0.6633010393675138,0.6494770333465083,0.01382400602100553,0.010535546172485482,0.012123337580816893,0.07384701659149327,0.009471521830767398,true,true,[],true,false,false,3,5991.087207289891,0.9927236466097582,3.873217764808278,0,2
dgi,connected_modulated,SSP,400,58,3,5,false,false,1.0765821892229774,2.79754583457947,0.943487757381225,-0.007630864599180741,2.749470802286,2.751540046488,-0.0020692442020000534,0.6485275682773116,0.6494770333465083,-0.0009494650691966866,0.010214906474231613,0.012351809098638988,0.02994994029282918,0.011806603269369274,true,true,[],true,false,false,3,6066.566149154713,1.0052305135301927,3.7148020064458724,0,1
dgi,connected_modulated,SSP,400,59,3,5,false,false,0.9583038134835101,2.7983535262900747,0.9565722634601735,-0.0016382459208705887,2.743528347893,2.751540046488,-0.008011698594999839,0.6661034463651851,0.6494770333465083,0.016626413018676844,0.010674669028528731,0.012174002734905284,0.051035632865434284,0.08605573928464717,true,true,[],true,false,false,3,6104.690247015412,1.0115476797042935,3.947555721772971,0,1
dgi,connected_modulated,SSP,400,60,2,5,false,false,1.0411407905641397,2.791667882646034,0.9509496921296264,-0.0036228897589940076,2.7387948319905,2.751540046488,-0.01274521449749999,0.6615566493142603,0.6494770333465083,0.012079615967751978,0.010601788716704919,0.012375305710196608,0.01964115703153824,0.09031955549269885,true,true,[],true,false,false,3,6209.993285587871,1.0289964019201112,4.4206568081514845,0,1
dgi,connected_modulated,SSP,400,61,4,5,false,false,1.0426521311130923,2.803037591897528,0.9377936181516113,0.007565451876559487,2.758523342969,2.751540046488,0.006983296481000156,0.6379932797795976,0.6494770333465083,-0.01148375356691067,0.01000048806892578,0.01232217447530734,0.033799266662809156,0.016806106741985422,true,true,[],true,false,false,3,6161.019284909329,1.0208814059501787,4.079373380437241,0,0
dgi,connected_modulated,SSP,400,62,1,5,false,false,1.0141768929915551,2.7888545769300706,0.9230882425165732,0.0024395401926802516,2.7490559044214997,2.751540046488,-0.0024841420665002723,0.6238003841565793,0.6494770333465083,-0.025676649189928957,0.009615615219260916,0.012234624788636123,0.018595998271839272,0.019845746028227865,true,true,[],true,false,false,3,6240.4983121755,1.034051087353024,3.773483228631269,0,0
dgi,connected_modulated,SSP,400,63,1,5,false,false,0.8657454994712804,2.8078526849043164,0.9625542859534569,-0.003426701673030406,2.751312859413,2.751540046488,-0.0002271870750001348,0.6697856589856352,0.6494770333465083,0.020308625639126943,0.01048698174794234,0.011724956174679144,0.008135696623768193,0.01077054756056158,true,true,[],true,false,false,3,6098.202667857673,1.01047268730036,3.5440275891919177,0,2
dgi,separated_droplets,ID,400,0,2,5,false,false,0.9999418840449139,2.80649462869574,0.5535117547106874,-0.007997746975762094,2.8064856775114997,2.799987273455,0.006498404056499485,0.07996020758111308,0.08736061642362755,-0.007400408842514472,0.005148432952583616,0.003947531808600339,0.0035815251300307894,0.008616411999128847,true,true,[],true,false,false,3,5960.101512435398,0.9875893144052027,4.63012219169229,0,2
dgi,separated_droplets,ID,400,1,2,5,false,false,0.9903441824744397,2.801541221377589,0.5647754096402093,0.001668745017503253,2.8015257154775,2.799987273455,0.001538442022499975,0.09176813782220467,0.08736061642362755,0.004407521398577113,0.005229057129354484,0.004311387336617366,0.08740125374316707,0.016543431255129224,true,true,[],true,false,false,3,5815.327357204071,0.963600224888827,3.8755422927516237,0,0
dgi,separated_droplets,ID,400,2,1,5,false,false,0.9991082326136561,2.799915065371051,0.5589105986489464,0.0003819625281124226,2.7999029358770002,2.799987273455,-8.43375779999711e-05,0.0863186209483627,0.08736061642362755,-0.0010419954752648453,0.005188710125367369,0.00414958290124973,0.10232146105142124,0.02046287451505649,true,true,[],true,false,false,3,5949.514174810528,0.9858349916836003,4.322472299234479,0,1
dgi,separated_droplets,ID,400,3,1,5,false,false,0.9890034597579707,2.7948856568240505,0.5627286481355325,-2.187410448633393e-05,2.7948706577194997,2.799987273455,-0.005116615735500485,0.09106342231858128,0.08736061642362755,0.0037028058949537257,0.005230639799097722,0.004317868415172599,0.013244455393800548,0.03590379398964912,true,true,[],true,false,false,3,5958.385740568519,0.9873050108647091,3.6009112346721164,0,1
dgi,separated_droplets,ID,400,4,3,5,false,false,0.9921158888083077,2.7980649070963013,0.553328020128563,0.00342656975948473,2.7980553489005002,2.799987273455,-0.0019319245544999752,0.08134318958866107,0.08736061642362755,-0.006017426834966477,0.004995774224304831,0.003891275267637305,0.032994682825769034,0.07764689610855688,true,true,[],true,false,false,3,5959.3426395204415,0.9874635691003217,4.110966696638809,0,0
dgi,separated_droplets,ID,400,5,3,5,false,false,0.9831904481654848,2.8082494322732434,0.5591725692125898,-0.0023137970661000415,2.8082380093995,2.799987273455,0.008250735944499876,0.0849704939453593,0.08736061642362755,-0.002390122478268253,0.005140963571491884,0.0040820434150000305,0.07848853768143682,0.04529113920363451,true,true,[],true,false,false,3,5998.453249573516,0.9939442004264317,4.2814633532800945,0,0
dgi,separated_droplets,ID,400,6,1,5,false,false,0.9741389493826496,2.809806818491904,0.5659285078478068,-0.0037321152474805077,2.8097916102065,2.799987273455,0.009804336751499942,0.09125761606202751,0.08736061642362755,0.003896999638399956,0.005214747904160347,0.004321822249699405,0.017851942837979272,0.01115627808756466,true,true,[],true,false,false,3,6091.906747667827,1.0094294528032854,4.917193396016613,0,1
dgi,separated_droplets,ID,400,7,4,5,false,false,0.9984735640635594,2.7986680115186697,0.5606898616472377,-0.003314692514096197,2.798654737352,2.799987273455,-0.0013325361030003258,0.08829564879930671,0.08736061642362755,0.0009350323756791568,0.005118173118307382,0.0041421231157251475,0.03789251399214329,0.007634246461888654,true,true,[],true,false,false,3,5861.443316509762,0.9712416431664891,4.20725295316124,0,1
dgi,separated_droplets,ID,400,8,0,5,false,false,1.033210690214832,2.7947786706782587,0.5488110878330159,-0.008175119630012813,2.7947707029839997,2.799987273455,-0.005216570471000548,0.07774924847591931,0.08736061642362755,-0.009611367947708241,0.005116589462969681,0.0038318558729328283,0.033522700959458564,0.11644043315850816,true,true,[],true,false,false,3,5835.402208829654,0.9669266294663884,3.666618805531983,0,1
dgi,separated_droplets,ID,400,9,1,5,false,false,0.9941273423095512,2.8006948425389373,0.5543873038053194,0.0035010334964478583,2.8006850345315,2.799987273455,0.0006977610764997699,0.08185010455860131,0.08736061642362755,-0.005510511865026241,0.005109449140813492,0.004012644574580759,0.01465881691667801,0.03491941169111591,true,true,[],true,false,false,3,5735.506299780072,0.9503738690604925,4.242883940534855,0,1
dgi,separated_droplets,ID,400,10,3,5,false,false,1.0298219185456892,2.7967261177467893,0.5509498368222084,0.0015050495871587867,2.7967174584405,2.799987273455,-0.003269815014500299,0.07936965351032178,0.08736061642362755,-0.007990962913305769,0.004993448112239282,0.003734462661259695,0.061197623692250534,0.04942271189701036,true,true,[],true,false,false,3,6077.202185087801,1.0069929055655014,3.906342122490963,0,2
dgi,separated_droplets,ID,400,11,0,5,false,false,0.9979305217288531,2.8046130595000043,0.5599390683947575,-0.00626625040858001,2.8046008601784997,2.799987273455,0.004613586723499541,0.08640632032899091,0.08736061642362755,-0.0009542960946366391,0.005173655045393855,0.004132582908579228,0.053876202231170095,0.028458035077278208,true,true,[],true,false,false,3,5633.82653692179,0.9335255239307025,3.973451194172185,0,0
dgi,separated_droplets,ID,400,12,3,5,false,false,1.0045568549080002,2.8030764018394536,0.5654189991523533,0.00626316521951697,2.8030606602595,2.799987273455,0.003073386804499645,0.09210208318173672,0.08736061642362755,0.004741466758109172,0.005260776738314628,0.00435692081813746,0.07054751474186272,0.08067843354301915,true,true,[],true,false,false,3,5807.58485999854,0.9623172924604043,4.4236864872798485,0,0
dgi,separated_droplets,ID,400,13,1,5,false,false,0.9819134785307357,2.7981174632993002,0.5617715099367234,0.009735174267760922,2.798103471997,2.799987273455,-0.001883801458000267,0.089468584117596,0.08736061642362755,0.0021079676939684544,0.005198845242212623,0.004285207315929354,0.03878743347902431,0.09289977604112562,true,true,[],true,false,false,3,5758.119274836896,0.9541208409008941,3.9016256404678846,0,0
dgi,separated_droplets,ID,400,14,1,5,false,false,1.0022957898411398,2.7984665876978387,0.5622028489280981,0.002283493674532126,2.7984523698435,2.799987273455,-0.0015349036115002157,0.08982560202001803,0.08736061642362755,0.0024649855963904815,0.005170299728420503,0.004231128987324039,0.024488177407675227,0.01850475993656126,true,true,[],true,false,false,3,6160.806820556765,1.0208462005893564,4.736750028604325,0,2
dgi,separated_droplets,ID,400,15,0,5,false,false,0.9970472965860252,2.7967309762602635,0.5602916032567067,-0.0013807794401006629,2.796717717291,2.799987273455,-0.0032695561640001536,0.08828565137928518,0.08736061642362755,0.0009250349556576276,0.005171488504391711,0.00419012042345858,0.026517167230201387,0.040417053772559344,true,true,[],true,false,false,3,5846.335055099177,0.9687382029990351,3.6058050051153945,0,0
dgi,separated_droplets,ID,400,16,3,5,false,false,0.9937516465205563,2.7954676110374783,0.5617432161169429,-0.0006062547610882426,2.795453318649,2.799987273455,-0.004533954806000384,0.08996713574288659,0.08736061642362755,0.0026065193192590375,0.005160869230376486,0.00425031951481694,0.140530894239861,0.2187019888323791,true,true,[],true,false,false,3,5772.342878826674,0.9564776932604264,3.7829457335956063,0,1
dgi,separated_droplets,ID,400,17,1,5,false,false,0.9953774104544102,2.8076979364380112,0.5663851203422193,0.00854087888117368,2.807682145695,2.799987273455,0.0076948722399996505,0.09213593996487993,0.08736061642362755,0.004775323541252374,0.00516579634989497,0.004245393362922753,0.006444995455661369,0.008396545922522992,true,true,[],true,false,false,3,6050.589167375458,1.0025831263256766,3.8365676668696755,0,2
dgi,separated_droplets,ID,400,18,4,5,false,false,0.9702686224966661,2.793534061818193,0.5665673542578369,-0.003568380502954976,2.793516142814,2.799987273455,-0.0064711306410001335,0.09521346473688877,0.08736061642362755,0.007852848313261218,0.005316314351701027,0.0045294734370727,0.0844343309677236,0.032162701342218866,true,true,[],true,false,false,3,6196.6591518170635,1.0267869348495549,4.182311684629634,0,2
dgi,separated_droplets,ID,400,19,4,5,false,false,1.0244203060035213,2.8015405964530378,0.557222887623677,0.004491407951835831,2.8015295133265,2.799987273455,0.0015422398714997065,0.0843822188970087,0.08736061642362755,-0.0029783975266188534,0.005126824364472725,0.004023397618829331,0.050613618499995155,0.029935196110488622,true,true,[],true,false,false,3,6147.054045967776,1.0185673647005429,3.8097803673282105,0,1
dgi,separated_droplets,ID,400,20,4,5,false,false,0.995884756922297,2.797621696163379,0.5620391584119557,0.0010753687090467624,2.797607478812,2.799987273455,-0.0023797946430001993,0.08983158475022279,0.08736061642362755,0.002470968326595241,0.005304170093622684,0.0043939302352373555,0.06472499447422382,0.19293229105052545,true,true,[],true,false,false,3,5875.511453606272,0.9735727346489266,3.7069080039491853,0,0
dgi,separated_droplets,ID,400,21,1,5,false,false,1.0325170328360938,2.8010964445942594,0.5537631367088209,0.004942309184481179,2.8010869484155,2.799987273455,0.0010996749604998968,0.08118900570398008,0.08736061642362755,-0.0061716107196474745,0.005054758520644342,0.0038418822346721823,0.06866203639254007,0.07231342723112312,true,true,[],true,false,false,3,6118.108518990396,1.0137710884822528,5.085934319422432,0,2
dgi,separated_droplets,ID,400,22,2,5,false,false,0.9950149201302819,2.803209437851809,0.5543876048970202,-0.003343975575001324,2.803199843409,2.799987273455,0.0032125699539999886,0.08138279886290302,0.08736061642362755,-0.005977817560724533,0.005114788749368418,0.003958320151548948,0.05727294573728416,0.011841264997935832,true,true,[],true,false,false,3,5946.940518004738,0.9854085365376534,3.6778543001635895,0,1
dgi,separated_droplets,ID,400,23,3,5,false,false,1.0095697267493289,2.799413272394376,0.5580691380681815,0.005152045697407618,2.7994015429775,2.799987273455,-0.0005857304775003236,0.0856020331242959,0.08736061642362755,-0.0017585832993316508,0.00522589442359816,0.004145937138322312,0.034685273717208594,0.021665859635079134,true,true,[],true,false,false,3,6127.553642068824,1.0153361461588772,3.8246063112018893,0,2
dgi,separated_droplets,ID,400,24,1,5,false,false,0.9971110184485186,2.798446260562796,0.5639792027262941,-0.003403357503292552,2.7984308878085002,2.799987273455,-0.0015563856464999581,0.09159589883299478,0.08736061642362755,0.0042352824093672276,0.005163611396977746,0.004250086143172843,0.07813240443228732,0.04249800904437449,true,true,[],true,false,false,3,5896.227717512985,0.9770054212946122,4.452411429549952,0,2
dgi,separated_droplets,ID,400,25,4,5,false,false,1.0022441125184733,2.8039938000235662,0.5616990047919206,-0.007665539741521869,2.8039805346755,2.799987273455,0.003993261220499811,0.0882390593592341,0.08736061642362755,0.0008784429356065437,0.005111739168043166,0.00411922220009655,0.10946696214436448,0.07349930634687152,true,true,[],true,false,false,3,6086.79649751862,1.0085826839301772,3.738083497235559,0,2
dgi,separated_droplets,ID,400,26,3,5,false,false,0.9953827033975858,2.798698494964552,0.5665653424488309,0.010969056730582457,2.7986813341185,2.799987273455,-0.0013059393365000282,0.09414704738295489,0.08736061642362755,0.006786430959327336,0.005232255379915544,0.004389837783278654,0.026411747509670094,0.08536205233401951,true,true,[],true,false,false,3,5948.073783298602,0.9855963186907377,3.785163113867392,0,1
dgi,separated_droplets,ID,400,27,4,5,false,false,1.0343319384351743,2.7977366788231244,0.5581110895720476,0.009549793367374071,2.797724755968,2.799987273455,-0.0022625174870003484,0.08596550776849729,0.08736061642362755,-0.0013951086551302616,0.005164044880819729,0.004065905018308646,0.027792868248151352,0.015091196877219092,true,true,[],true,false,false,3,5938.469016751809,0.9840048080781788,4.267615768270053,0,1
dgi,separated_droplets,ID,400,28,1,5,false,false,0.9848813697811083,2.798543668128602,0.5658745947027319,0.0047530400871389055,2.798526989629,2.799987273455,-0.0014602838260002748,0.09348004963560685,0.08736061642362755,0.006119433211979303,0.005211461846005524,0.0043760831266153235,0.012612083411970901,0.05565356485370757,true,true,[],true,false,false,3,5992.046932386781,0.9928826731378262,4.4761367550264755,0,1
dgi,separated_droplets,ID,400,29,4,5,false,false,0.9882255847424343,2.8016034115645874,0.5623800567140211,-0.006446338210034177,2.801589459163,2.799987273455,0.0016021857079997481,0.08937855100947759,0.08736061642362755,0.002017934585850034,0.005167131675790408,0.0042243706951633425,0.00848765703131783,0.01418225658192001,true,true,[],true,false,false,3,6089.602997148742,1.0090477211514073,3.790818291744184,0,0
dgi,separated_droplets,ID,400,30,1,5,false,false,1.001820676094168,2.789733742963474,0.5572605787590038,-0.0025550315539265684,2.789721447731,2.799987273455,-0.010265825724000255,0.08669072889845904,0.08736061642362755,-0.0006698875251685138,0.005129022367388423,0.004126893025706221,0.14373555410625563,0.06779236869184127,true,true,[],true,false,false,3,6095.09891013809,1.0099583943890786,4.563529924635066,0,1
dgi,separated_droplets,ID,400,31,2,5,false,false,1.0025585722759287,2.803449784188386,0.5610583058197435,0.000667979015396817,2.8034368311455,2.799987273455,0.003449557690499816,0.08771956348646652,0.08736061642362755,0.0003589470628389685,0.0051279031982948845,0.0041391617816688734,0.09322423123337861,0.026772279914572206,true,true,[],true,false,false,3,5828.010199453361,0.9657017729003083,3.980564160718804,0,1
dgi,separated_droplets,ID,400,32,4,5,false,false,1.0182333544527056,2.800890490558036,0.5521515258567512,0.0023853153101481258,2.8008816626965,2.799987273455,0.000894389241499649,0.07972329311183618,0.08736061642362755,-0.007637323311791372,0.005172357860294175,0.003972262269834938,0.020308998301681556,0.03334255716156953,true,true,[],true,false,false,3,6012.337030213303,0.9962447440287162,3.788987302986398,0,1
dgi,separated_droplets,ID,400,33,3,5,false,false,1.0077165464192794,2.8035745692790535,0.561041580110007,-0.0006787654638579895,2.8035616396789997,2.799987273455,0.0035743662239995366,0.08767889217395408,0.08736061642362755,0.0003182757503265299,0.005138551021777022,0.004112105183636538,0.03433827469104127,0.010461220497711145,true,true,[],true,false,false,3,6083.5560767924435,1.0080457459473808,4.045801549393466,0,1
dgi,separated_droplets,ID,400,34,0,5,false,false,1.0102429750310107,2.7958351406637254,0.5598266237988578,0.0005417951346152138,2.7958220533620004,2.799987273455,-0.0041652200929997996,0.08800567233092502,0.08736061642362755,0.0006450559072974649,0.0051583449868894205,0.004155605637163862,0.019362580295456875,0.025174359755869704,true,true,[],true,false,false,3,6065.736669909379,1.0050930687505184,3.7100896067822258,0,2
dgi,separated_droplets,ID,400,35,1,5,false,false,0.9992844136430609,2.803222989335915,0.555486657757082,0.004730033816475893,2.8032128987235003,2.799987273455,0.0032256252685001208,0.08241460023447447,0.08736061642362755,-0.00494601618915308,0.005093945336919492,0.0039706474002153625,0.04540952899965203,0.036073268889219974,true,true,[],true,false,false,3,6100.797034726862,1.010902574105528,4.095390409303819,0,2
dgi,separated_droplets,ID,400,36,1,5,false,false,0.9785220980322098,2.805485101674015,0.5653933499327894,-0.00911190496180447,2.8054696932135004,2.799987273455,0.005482419758500168,0.09159150172135203,0.08736061642362755,0.004230885297724474,0.005236993606528629,0.004343395686396542,0.04620109545254191,0.0586787365118199,true,true,[],true,false,false,3,5992.62850505323,0.9929790397768401,5.565088308073509,0,1
dgi,separated_droplets,ID,400,37,3,5,false,false,1.005821424492159,2.7945297772656272,0.5594950854452463,-0.001263648741187609,2.7945167369285002,2.799987273455,-0.005470536526499981,0.08793691204270572,0.08736061642362755,0.0005762956190781682,0.0052460294603370785,0.004169378886072022,0.2347307040134472,0.08601100338119935,true,true,[],true,false,false,3,6256.933434096436,1.0367743884169736,3.9650758781901647,0,2
dgi,separated_droplets,ID,400,38,3,5,false,false,1.0031895406415805,2.795936040862786,0.5574405456221954,-0.0026350868078252134,2.795924291803,2.799987273455,-0.004062981652000364,0.08566443476108368,0.08736061642362755,-0.001696181662543872,0.005167392031220851,0.004114978636842769,0.05136876637113538,0.017344931824129377,true,true,[],true,false,false,3,5723.367765925188,0.9483625129950601,4.365236230510268,0,0
dgi,separated_droplets,ID,400,39,1,5,false,false,1.0189731816609564,2.8049413799503102,0.5525649788282939,-0.003101584326727356,2.8049326965235,2.799987273455,0.004945423068499988,0.07936664795000847,0.08736061642362755,-0.007993968473619079,0.005112911655714935,0.003910426919446294,0.03039915393929958,0.10744230735765414,true,true,[],true,false,false,3,6019.077171294216,0.9973615859642446,3.575758570961527,0,0
dgi,separated_droplets,ID,400,40,3,5,false,false,0.9834351885689374,2.8049062898136103,0.5668410936806936,0.002704584606659165,2.8048898027435003,2.799987273455,0.0049025292885001015,0.09315792165733192,0.08736061642362755,0.005797305233704364,0.005104322128479608,0.004130154494620296,0.13658145576473807,0.1713942976990481,true,true,[],true,false,false,3,5867.679303252367,0.9722749466863906,3.956701266957476,0,0
dgi,separated_droplets,ID,400,41,4,5,false,false,0.9937662446143276,2.7985041169748315,0.5579285394153887,-0.002803051699860131,2.798492369853,2.799987273455,-0.0014949036019999973,0.085641253919331,0.08736061642362755,-0.001719362504296551,0.005077572488372274,0.004020665246706439,0.020107740112786796,0.04261003682112597,true,true,[],true,false,false,3,6000.956361812946,0.9943589663318884,4.630661138590918,0,1
dgi,separated_droplets,ID,400,42,1,5,false,false,1.0088792939874267,2.7972790191366976,0.565237553555696,-0.013007626809082642,2.7972626211165004,2.799987273455,-0.0027246523384998333,0.09309526062006598,0.08736061642362755,0.005734644196438432,0.0051771699873524885,0.004259847588614317,0.017714488847098222,0.021351696555053316,true,true,[],true,false,false,3,5881.442469256575,0.9745555044335668,4.703297204518849,0,2
dgi,separated_droplets,ID,400,43,3,5,false,false,1.0072095830340906,2.809563635637133,0.5600909587798637,-0.004853304185894604,2.809551864578,2.799987273455,0.00956459112300001,0.08560042204347075,0.08736061642362755,-0.0017601943801568015,0.005206007769273947,0.004119425801091835,0.024967066274316583,0.011377597001636926,true,true,[],true,false,false,3,5789.579623425116,0.9593338232684533,3.6432587272453656,0,1
dgi,separated_droplets,ID,400,44,3,5,false,false,1.00773245345647,2.7984529767040223,0.5579163354742257,-0.0007639081435720708,2.798441230861,2.799987273455,-0.001546042594000152,0.08563931568624752,0.08736061642362755,-0.001721300737380027,0.005176701051416418,0.004115978814984716,0.0472732847753022,0.010935494354556263,true,true,[],true,false,false,3,5870.132728647615,0.9726814794776496,4.046973983626092,0,0
dgi,separated_droplets,ID,400,45,1,5,false,false,0.9655361172736655,2.807955761649231,0.5661156054391067,0.002895454014284615,2.807940188422,2.799987273455,0.007952914966999902,0.09181505555369121,0.08736061642362755,0.004454439130063659,0.0051741478861923006,0.004287504560056942,0.03124966700914073,0.0635434189332917,true,true,[],true,false,false,3,5928.096672115872,0.9822861097126548,3.7937103987582903,0,1
dgi,separated_droplets,ID,400,46,1,5,false,false,0.9972330623525336,2.8013261397296545,0.5631315321688292,0.0030671456135429966,2.8013116838455,2.799987273455,0.0013244103904996862,0.09017601748451119,0.08736061642362755,0.0028154010608836405,0.005203026807501321,0.004291328269802639,0.04493887157435137,0.018920279191586408,true,true,[],true,false,false,3,6233.683569586372,1.0329218839414038,3.7838896589094926,0,1
dgi,separated_droplets,ID,400,47,4,5,false,false,1.0216854826268675,2.792190181962175,0.5553656870549467,-0.0012566334594634994,2.7921791345265,2.799987273455,-0.007808138928500075,0.08438470012080757,0.08736061642362755,-0.0029759163028199864,0.005184802545858054,0.0040764382579388,0.045138657341364956,0.018650285906407348,true,true,[],true,false,false,3,6235.467228214511,1.0332174363238626,4.0621732730005835,0,2
dgi,separated_droplets,ID,400,48,4,5,false,false,1.0094054559723082,2.8094796267258877,0.5609461303255471,0.0011434012059201616,2.809467386842,2.799987273455,0.009480113386999722,0.0864405669122422,0.08736061642362755,-0.0009200495113853568,0.005199994305408101,0.004120110404818391,0.08712172858121275,0.033609582755457175,true,true,[],true,false,false,3,6037.850936480161,1.0004724004109629,4.757700523441555,0,1
dgi,separated_droplets,ID,400,49,1,5,false,false,1.0151433972050503,2.8048627930547787,0.5562537281810517,-0.006097200631474156,2.8048524901545,2.799987273455,0.004865216699499797,0.08283238805268049,0.08736061642362755,-0.00452822837094706,0.005129949678858018,0.004042798061870368,0.15954634201837034,0.03576189454490923,true,true,[],true,false,false,3,6052.653607818147,1.0029252042780692,3.915502199903627,0,2
dgi,separated_droplets,ID,400,50,4,5,false,false,1.030845654928341,2.795199424034672,0.5623768969589611,-0.0017011337472124528,2.7951846939219998,2.799987273455,-0.004802579533000451,0.09065003360646726,0.08736061642362755,0.0032894171828397045,0.005189269156764901,0.004204958731482727,0.024437349878894503,0.030626424106783283,true,true,[],true,false,false,3,5919.717278780942,0.9808976435428239,4.190231292632159,0,2
dgi,separated_droplets,ID,400,51,2,5,false,false,0.998029330760204,2.793701618634813,0.565211428985058,-0.0017339692546740094,2.7936847398585,2.799987273455,-0.006302533596500126,0.09379985278901116,0.08736061642362755,0.006439236365383613,0.005217852739042681,0.004366497944490649,0.0669229266259727,0.06592556376986239,true,true,[],true,false,false,3,6102.196471221913,1.0111344608487014,4.450870406847979,0,2
dgi,separated_droplets,ID,400,52,1,5,false,false,0.9910560841665588,2.7942766312131626,0.5670883256391918,0.002199725400070535,2.794258420641,2.799987273455,-0.005728852814000263,0.09559187793050675,0.08736061642362755,0.008231261506879195,0.005298013746916042,0.004495669333814726,0.01910683103812862,0.06390925792666828,true,true,[],true,false,false,3,5999.6218320674925,0.9941378346425008,3.9822405755237043,0,1
dgi,separated_droplets,ID,400,53,3,5,false,false,1.0192838019818584,2.8001487461081367,0.559212342431423,0.003228090605482577,2.8001364759515,2.799987273455,0.0001492024964999672,0.08656587169913789,0.08736061642362755,-0.0007947447244896627,0.005168396865093495,0.004122631439397821,0.03840633656458,0.003570527121851012,true,true,[],true,false,false,3,5752.495962291046,0.9531890575461551,3.510877735817844,0,0
dgi,separated_droplets,ID,400,54,4,5,false,false,0.9568045514660731,2.8023787026250484,0.559976272194131,0.0007332244357151424,2.8023662463020003,2.799987273455,0.0023789728470000604,0.0868749327493143,0.08736061642362755,-0.00048568367431325865,0.005107120823775663,0.004122302585524528,0.01873849039445325,0.019345974130841753,true,true,[],true,false,false,3,5977.098153647974,0.990405659262299,3.9609965439432036,0,1
dgi,separated_droplets,ID,400,55,1,5,false,false,0.9892548938495688,2.801450705832531,0.5580451112943563,0.00037184774211184205,2.801439193482,2.799987273455,0.0014519200269997867,0.08518790916298791,0.08736061642362755,-0.0021727072606396447,0.0051149087549189325,0.004052042213452281,0.008431369075425185,0.01745764431601851,true,true,[],true,false,false,3,5906.267275418514,0.9786689768713362,4.164012209394228,0,1
dgi,separated_droplets,ID,400,56,0,5,false,false,0.9704007260539231,2.7981743105231094,0.5633134556436333,0.004625382438063694,2.79815934455,2.799987273455,-0.0018279289050000536,0.09098638006800874,0.08736061642362755,0.0036257636443811914,0.005173778656341733,0.004283844036864162,0.11605076606133835,0.014825985722870923,true,true,[],true,false,false,3,5892.6505313712805,0.9764126812545618,3.8931387305738645,0,2
dgi,separated_droplets,ID,400,57,3,5,false,false,0.9572930378986241,2.8070840693630066,0.5665381228563026,-0.0006131617721761485,2.8070680913799997,2.799987273455,0.007080817924999483,0.0924127682862815,0.08736061642362755,0.005052151862653953,0.005182538560925195,0.004316418999001446,0.016503122262262884,0.020617906087187488,true,true,[],true,false,false,3,5862.887384970414,0.9714809254300604,4.203394042597599,0,1
dgi,separated_droplets,ID,400,58,1,5,false,false,0.9996132132333417,2.8016945162000932,0.5638268695878466,-0.0012480359619333817,2.8016796589329998,2.799987273455,0.0016923854779995473,0.09079226350419092,0.08736061642362755,0.0034316470805633714,0.00522003685749074,0.004220878711539699,0.1640441732267501,0.10507121502517229,true,true,[],true,false,false,3,5947.334173294987,0.9854737652518619,4.302224450771892,0,2
dgi,separated_droplets,ID,400,59,1,5,false,false,0.9797013126938577,2.7961823059822732,0.5621143842346032,-0.000987369587751683,2.796167865913,2.799987273455,-0.003819407542000164,0.09019276695519254,0.08736061642362755,0.002832150531564992,0.0051943359577268835,0.004242468631679132,0.015688620578822903,0.031171317578387755,true,true,[],true,false,false,3,5911.5151692127965,0.979538553307837,3.594159065791065,0,0
dgi,separated_droplets,ID,400,60,1,5,false,false,0.9790934040860437,2.7959843670046616,0.5565891061026038,-0.004596999181879043,2.7959730666100002,2.799987273455,-0.004014206844999979,0.08483464701820848,0.08736061642362755,-0.0025259694054190762,0.005136028689038084,0.004119063870755949,0.05226567865021313,0.008445366560240223,true,true,[],true,false,false,3,5769.0468808720725,0.9559315461262755,3.9245482576811397,0,1
dgi,separated_droplets,ID,400,61,4,5,false,false,0.9838257674228128,2.7986168551289183,0.5617535252970377,-0.0018614070118517544,2.798602934233,2.799987273455,-0.0013843392220000972,0.08935188727307555,0.08736061642362755,0.0019912708494480014,0.005290766863334497,0.004321729288842446,0.10662118291570902,0.016919770664587302,true,true,[],true,false,false,3,5857.417181808227,0.9705745123128794,4.339621596794915,0,0
dgi,separated_droplets,ID,400,62,1,5,false,false,0.9818725156855435,2.8033334434284405,0.5594280290251704,-0.0011313059560452098,2.803321388672,2.799987273455,0.003334115216999667,0.08615913569717135,0.08736061642362755,-0.0012014807264562055,0.005171633577624085,0.00416771678774674,0.09189737272882088,0.08448818012206842,true,true,[],true,false,false,3,5910.358629045389,0.9793469145062782,3.9141652146774444,0,2
dgi,separated_droplets,ID,400,63,2,5,false,false,0.9745862746969601,2.804835204550273,0.5567528476363601,0.006755669620478918,2.8048246616685,2.799987273455,0.0048373882134997714,0.08331056764905959,0.08736061642362755,-0.004050048774567966,0.0051565663986543895,0.004061135085379086,0.0781229909314809,0.01711000295173892,true,true,[],true,false,false,3,5862.285682879479,0.9713812233437414,4.086789720560225,0,1
