method,state,display_label,duration_us,draw_id,selected_start_id,converged_start_count,optimizer_failure,residual_failure,eta_hat,d_hat_um,sigma_y_hat_um,y0_hat_um,d_peak_hat_um,d_peak_truth_um,d_peak_bias_um,nu_vp_hat,nu_vp_truth,nu_vp_bias,d_peak_conditional_sd_um,nu_vp_conditional_sd,d_peak_multistart_shift_sd,nu_vp_multistart_shift_sd,d_peak_supported,nu_vp_supported,support_reasons_json,topology_valid,physical_censored,nuisance_censored,morphology_rank_after_projection,raw_objective,reduced_raw_objective,maximum_absolute_whitened_residual,active_physical_bounds,active_nuisance_bounds
dpfi,connected_modulated,SSP,25,0,1,5,false,false,1.006310988666273,2.8457537230184533,0.9433761138397151,-0.0995702004306046,2.8045103096175,2.751540046488,0.05297026312950015,0.6258467040637289,0.6494770333465083,-0.023630329282779416,0.05470643097021996,0.06117369994487585,0.01520264734420052,0.0745139792465538,true,true,[],true,false,false,3,7070.951803238579,0.9763810830210685,4.482576274364424,0,0
dpfi,connected_modulated,SSP,25,1,4,5,false,false,1.0173849603430083,2.779733499107993,0.864185288526285,0.03929051235763382,2.7591496902765,2.751540046488,0.00760964378849982,0.5398433671772305,0.6494770333465083,-0.10963366616927783,0.0471611873236625,0.056364898917556715,0.09079755727123821,0.069066962490278,true,true,[],true,false,false,3,7039.92792339066,0.9720972001367937,4.209234030974519,0,2
dpfi,connected_modulated,SSP,25,2,1,5,false,false,0.9939451089681643,2.789784215033317,0.9738031230964858,-0.037614452952606584,2.7230549172875,2.751540046488,-0.028485129200499948,0.6929277940976158,0.6494770333465083,0.04345076075110754,0.06423439438743112,0.06363793187477045,0.21971302947726246,0.2567085953088034,true,true,[],true,false,false,3,7536.5621533981575,1.0406741443521343,3.9664082115614403,0,1
dpfi,connected_modulated,SSP,25,3,1,5,false,false,0.9618031123098291,2.773719802108664,0.913941896279518,-0.007397043855648482,2.7358948108780003,2.751540046488,-0.01564523560999964,0.6178022986917544,0.6494770333465083,-0.0316747346547539,0.05279644309525617,0.06208026254711446,0.260873324290994,0.26911868528441385,true,true,[],true,false,false,3,7168.469774184526,0.9898466962419947,3.8213343032760654,0,2
dpfi,connected_modulated,SSP,25,4,1,5,false,false,1.034671608196202,2.755607191141533,0.9272241453239748,0.025705328129770808,2.709302026244,2.751540046488,-0.04223802024400003,0.645532556309755,0.6494770333465083,-0.003944477036753269,0.05625339636531007,0.06397728480635842,0.18522303104752147,0.10636355856090414,true,true,[],true,false,false,3,7196.39229271411,0.9937023326034397,3.686550558015193,0,1
dpfi,connected_modulated,SSP,25,5,1,5,false,false,0.9841872690993343,2.6523189715040494,0.9217209427659075,0.10093516161676465,2.5914845728299998,2.751540046488,-0.1600554736580002,0.6872894261796316,0.6494770333465083,0.03781239283312332,0.06202041426310658,0.06658100832440889,0.09147868854005818,0.04609581954133031,true,true,[],true,false,false,3,7301.992228613175,1.008283931042968,4.196384318536191,0,1
dpfi,connected_modulated,SSP,25,6,4,5,false,false,0.9700127868399068,2.806733708636,0.9333125358783073,-0.05493484070310012,2.764784156927,2.751540046488,0.013244110438999979,0.6299276153468087,0.6494770333465083,-0.01954941799969956,0.057150754275851715,0.0644459778150542,0.05294269917060897,0.022499875863802556,true,true,[],true,false,false,3,7011.5758629100255,0.968182251161285,3.9650997150767195,0,0
dpfi,connected_modulated,SSP,25,7,3,5,false,false,1.0138945794110747,2.8133789519881156,0.9680249690937043,-0.029842859648474947,2.7546792839625,2.751540046488,0.0031392374745000673,0.6745604502384399,0.6494770333465083,0.02508341689193161,0.060975571171022896,0.06349379358706415,0.15273836530990648,0.050580814503147796,true,true,[],true,false,false,3,7146.21566825984,0.9867737735790997,3.8079560535798227,0,2
dpfi,connected_modulated,SSP,25,8,1,5,false,false,1.0069396393623062,2.7604632953936656,0.9634490130570791,0.012285937997339284,2.6945124584635,2.751540046488,-0.05702758802449992,0.6927707880998913,0.6494770333465083,0.04329375475338304,0.06691402008783473,0.06752703995437263,0.06095077543759614,0.1062363446713956,true,true,[],true,false,false,3,7202.341308322994,0.9945237929194966,3.821889458755782,0,0
dpfi,connected_modulated,SSP,25,9,1,5,false,false,0.9682233766011286,2.7563075097167813,0.9448970601286384,-0.0204938055831452,2.7007983431585,2.751540046488,-0.0507417033294999,0.6698032636077405,0.6494770333465083,0.020326230261232148,0.060642634344797185,0.06498765513169959,0.12125683540874782,0.11956446743856958,true,true,[],true,false,false,3,7200.359892423396,0.99425019227056,4.183212437702442,0,1
dpfi,connected_modulated,SSP,25,10,1,5,false,false,1.0344186625535983,2.7950554925887587,1.0202096284332869,0.014716619637822337,2.693996806889,2.751540046488,-0.057543239599000096,0.7477977357082262,0.6494770333465083,0.09832070236171786,0.08088457443304849,0.06526319568400131,0.08079062836522537,0.11194351122100615,true,true,[],true,false,false,3,7387.154612804137,1.020043442806426,3.854256099591393,0,1
dpfi,connected_modulated,SSP,25,11,1,5,false,false,1.115618688615099,2.877707041201487,0.9805483333458811,-0.17107993494969218,2.8230478866295003,2.751540046488,0.07150784014150036,0.6619416287602375,0.6494770333465083,0.01246459541372924,0.057607385148505885,0.061869027853082785,0.6323668682511713,0.4326408450982164,false,true,"[""d_peak_multistart_ambiguity""]",true,false,false,3,7293.723639245662,1.00714217609026,3.7031299469598333,0,1
dpfi,connected_modulated,SSP,25,12,1,5,false,false,1.035507867645389,2.681652311756513,0.8881982786545545,-0.058057059301444724,2.6431263692165,2.751540046488,-0.10841367727149986,0.6246863652909314,0.6494770333465083,-0.024790668055576948,0.0527606169865047,0.06277064068105148,0.12027185920936054,0.08734487749383794,true,true,[],true,false,false,3,7451.885235835732,1.0289816674724843,4.277946545547484,0,1
dpfi,connected_modulated,SSP,25,13,1,5,false,false,1.0676748498204187,2.8213737227364084,0.941117431101393,0.005526680110464103,2.7778734066995,2.751540046488,0.0263333602114999,0.6340588182041463,0.6494770333465083,-0.015418215142361968,0.05256710736071358,0.059790874528877276,0.24169659007136723,0.08627055619139141,true,true,[],true,false,false,3,7195.987803739987,0.9936464793896695,3.913743760355396,0,0
dpfi,connected_modulated,SSP,25,14,3,5,false,false,0.9902335988614327,2.8385189622897684,0.9285708783284703,0.03988350121214319,2.802539171965,2.751540046488,0.05099912547699992,0.6081949132890442,0.6494770333465083,-0.04128212005746412,0.05283370742307438,0.060211800387250485,0.19399733473036032,0.047329794295610586,true,true,[],true,false,false,3,7387.786312128757,1.0201306699984476,4.194259173843831,0,1
dpfi,connected_modulated,SSP,25,15,1,5,false,false,1.0320448108611386,2.7628164297897118,0.9618308649030433,0.048117270864078805,2.6983705039585,2.751540046488,-0.053169542529500013,0.6895548147848972,0.6494770333465083,0.040077781438388915,0.061094792344854855,0.0628701278186159,0.4007195501182846,0.42406184205637804,true,true,[],true,false,false,3,7193.975901735279,0.9933686691156143,3.955286242916588,0,1
dpfi,connected_modulated,SSP,25,16,1,5,false,false,1.0386757125117467,2.807398630194788,0.9662944829097154,0.1227395493633253,2.7486334454245,2.751540046488,-0.0029066010635001582,0.6749965076896451,0.6494770333465083,0.02551947434313684,0.060519822978688506,0.06328536364554498,0.29557183256797415,0.09375507053858016,true,true,[],true,false,false,3,7225.42669312766,0.9977115013984618,3.808730153089314,0,1
dpfi,connected_modulated,SSP,25,17,1,5,false,false,1.0478613651323767,2.790027765923342,0.9930002566186535,0.04513327466821871,2.7099958039720002,2.751540046488,-0.04154424251599975,0.7172562381913472,0.6494770333465083,0.0677792048448389,0.07072017411537293,0.0649431636558835,0.022174308415044176,0.010002127647051273,true,true,[],true,false,false,3,7230.752947384277,0.9984469687081299,4.383421954769977,0,2
dpfi,connected_modulated,SSP,25,18,3,5,false,false,1.0474843573220582,2.810502130708586,0.9732790954935222,-0.015313994840425482,2.7481470371965,2.751540046488,-0.003393009291499993,0.6828207573989789,0.6494770333465083,0.03334372405247055,0.06329006542745401,0.06470713866648525,0.038129367258528814,0.07599041295078289,true,true,[],true,false,false,3,7238.757703020138,0.9995522926015104,3.7977297719566403,0,1
dpfi,connected_modulated,SSP,25,19,0,5,false,false,1.0170071175256863,2.816926099268575,0.8879690045679098,0.09518777514518334,2.7926865453780003,2.751540046488,0.04114649889000033,0.5584796232886919,0.6494770333465083,-0.09099741005781636,0.04841192127373361,0.05763241259742696,0.15863781377474515,0.29621255854048645,true,true,[],true,false,false,3,7310.098954401159,1.0094033353218943,3.747924483999783,0,2
dpfi,connected_modulated,SSP,25,20,1,5,false,false,0.9786118702987541,2.720432539717324,0.9128723072497891,0.04241468564717834,2.675940187195,2.751540046488,-0.07559985929299984,0.6419156494923841,0.6494770333465083,-0.007561383854124193,0.056464383053916295,0.06503774410576896,0.046924306522036593,0.13964995761076668,true,true,[],true,false,false,3,7312.691173039081,1.0097612776911187,4.023788646245685,0,1
dpfi,connected_modulated,SSP,25,21,3,5,false,false,0.9907014929386883,2.7515603559193478,0.9380061273860615,0.0700379279233072,2.6990588133255002,2.751540046488,-0.05248123316249975,0.6625525719319427,0.6494770333465083,0.01307553858543442,0.0586399802882396,0.06338003622765552,0.10118063285212534,0.09009223589747749,true,true,[],true,false,false,3,7352.874092456979,1.0153098719217037,4.232480033872825,0,1
dpfi,connected_modulated,SSP,25,22,3,5,false,false,0.9769796243829193,2.784716251774272,0.9466417415415327,0.02578914884688729,2.733011557287,2.751540046488,-0.01852848920100003,0.6588930466648721,0.6494770333465083,0.009416013318363836,0.05970586845516198,0.06494099105010928,0.009210118590150548,0.0794020853033356,true,true,[],true,false,false,3,7129.3662834140905,0.9844471531916723,3.908149204368148,0,1
dpfi,connected_modulated,SSP,25,23,4,5,false,false,1.0123993752543294,2.804770399692966,0.91818828376169,0.01892813743162482,2.7689581750565,2.751540046488,0.017418128568500002,0.6091505705664655,0.6494770333465083,-0.040326462780042815,0.05274474685650619,0.06230925142532579,0.14438793657913998,0.33074186996971905,true,true,[],true,false,false,3,7311.049243075002,1.009534554415217,3.8407398408937685,0,1
dpfi,connected_modulated,SSP,25,24,3,5,false,false,0.9628482282856349,2.8414240399102906,1.0126640721400222,-0.004385187169801107,2.758888428068,2.751540046488,0.007348381579999952,0.7189282749612567,0.6494770333465083,0.06945124161474836,0.07128925645513824,0.06235568548980821,0.19969273367241197,0.2723628778349574,true,true,[],true,false,false,3,7279.558501114912,1.0051862056220535,4.574395302779253,0,1
dpfi,connected_modulated,SSP,25,25,4,5,false,false,1.046810388141132,2.818999819898566,0.9282369552895777,-0.03274377581257535,2.7808174682265,2.751540046488,0.02927742173850012,0.6169075627399194,0.6494770333465083,-0.03256947060658888,0.0523401420658912,0.059733774307004404,0.045584467166636986,0.037958277345065156,true,true,[],true,false,false,3,7409.788911150321,1.0231688637324388,4.128189696246497,0,2
dpfi,connected_modulated,SSP,25,26,3,5,false,false,1.0422465241275936,2.827564038205927,1.0114104049830417,-0.030280618634797977,2.742612474134,2.751540046488,-0.008927572354000102,0.723416219073963,0.6494770333465083,0.07393918572745473,0.07427416855930076,0.0655311197261496,0.03616042743522139,0.015484370329042619,true,true,[],true,false,false,3,7106.7994437565285,0.9813310471909042,4.463379305060188,0,1
dpfi,connected_modulated,SSP,25,27,3,5,false,false,0.9994964012680972,2.7466801678426136,0.9730197352379376,0.022361743065498985,2.6712337673305,2.751540046488,-0.0803062791575,0.7114711639682242,0.6494770333465083,0.06199413062171588,0.06740170646764776,0.0649382279789726,0.043648422772685956,0.032060966068104435,true,true,[],true,false,false,3,7062.077134587323,0.9751556385787521,3.803371152681673,0,0
dpfi,connected_modulated,SSP,25,28,2,5,false,false,0.9714242331920531,2.8475503895830583,0.9591090656831663,0.03436918141911724,2.799233628568,2.751540046488,0.04769358207999996,0.6468293457057201,0.6494770333465083,-0.0026476876407881544,0.05838435278383525,0.06219132901844358,0.1083792951242961,0.022673650086245105,true,true,[],true,false,false,3,7306.850251497607,1.0089547433716664,4.2718057376703245,0,0
dpfi,connected_modulated,SSP,25,29,2,5,false,false,0.9644831775172178,2.7641309780630157,0.9446589788652187,0.01303486537242175,2.7100949865275,2.751540046488,-0.041445059960500075,0.6658087188920654,0.6494770333465083,0.016331685545557084,0.060858226855645764,0.06527561624727908,0.0803847759334849,0.16858282711490646,true,true,[],true,false,false,3,7132.215375062789,0.9848405654602028,4.504701422183542,0,1
dpfi,connected_modulated,SSP,25,30,1,5,false,false,1.0365320126408157,2.855988585682853,1.0485590615059892,-0.01068102536941921,2.7471053097724996,2.751540046488,-0.004434736715500431,0.7546768949406264,0.6494770333465083,0.1051998615941181,0.08591478339639143,0.0650498026672487,0.152942118603449,0.045293724320477895,true,true,[],true,false,false,3,7254.536573697927,1.0017310927503351,4.186233675922731,0,1
dpfi,connected_modulated,SSP,25,31,1,5,false,false,0.9817016633983744,2.822898427260299,0.9766680777243333,0.013949009935117933,2.7608172754730003,2.751540046488,0.009277228985000274,0.6816369901669724,0.6494770333465083,0.03215995682046413,0.06614501703946864,0.06668359905302627,0.1577990832063931,0.1944091889718941,true,true,[],true,false,false,3,6906.704984585775,0.9537013234722141,3.9940632022085594,0,0
dpfi,connected_modulated,SSP,25,32,1,5,false,false,0.98085403886901,2.660950338633286,0.9451117373923924,-0.011513951614001535,2.5860651797539997,2.751540046488,-0.16547486673400025,0.7147086239945869,0.6494770333465083,0.0652315906480786,0.07123042304494084,0.06945688567379937,0.05977348677704741,0.06964411059731775,true,true,[],true,false,false,3,7486.218293016295,1.033722492821913,4.9272947976089325,0,1
dpfi,connected_modulated,SSP,25,33,3,5,false,false,0.9794840866263994,2.866015253035145,0.9995801967555974,-0.04424053164536843,2.7979989864715,2.751540046488,0.046458939983499814,0.6918724787728225,0.6494770333465083,0.04239544542631424,0.06676201518728285,0.0637569297843861,0.10777413627817753,0.03137222417095144,true,true,[],true,false,false,3,7501.981749987914,1.0358991645937468,5.009417458155787,0,2
dpfi,connected_modulated,SSP,25,34,1,5,false,false,0.9712994785028151,2.8054954538758765,0.9417504446406366,-0.0014994582153681423,2.7594510605764997,2.751540046488,0.007911014088499702,0.6423826047706394,0.6494770333465083,-0.00709442857586895,0.057912862604267354,0.06385653210045907,0.04340109564562567,0.19755009450893452,true,true,[],true,false,false,3,7033.111163062661,0.9711559186775285,3.7845161720317173,0,1
dpfi,connected_modulated,SSP,25,35,4,5,false,false,1.0195410696025433,2.7459292652956355,0.8732147223759283,0.01067446004071846,2.7199852029724996,2.751540046488,-0.03155484351550042,0.5702727399926348,0.6494770333465083,-0.07920429335387347,0.04903718853759818,0.06029195137991613,0.03305518980266628,0.03414552707797221,true,true,[],true,false,false,3,7379.373670188134,1.0189690237763234,4.069486294973701,0,1
dpfi,connected_modulated,SSP,25,36,1,5,false,false,0.9821140368878783,2.753245609774674,0.9588183968823517,0.04980425338505294,2.688820163964,2.751540046488,-0.06271988252400007,0.689978445066855,0.6494770333465083,0.040501411720346714,0.06307724762665516,0.06433984506558098,0.02443435293217698,0.05410719044654054,true,true,[],true,false,false,3,7296.72474826418,1.0075565794344352,4.2354421089592025,0,1
dpfi,connected_modulated,SSP,25,37,3,5,false,false,1.0338805963556073,2.828826509565055,0.9465737202569323,0.040549027511181016,2.7838312466475,2.751540046488,0.03229120015949993,0.6382050403172668,0.6494770333465083,-0.011271993029241534,0.05587677368365739,0.06269191210025195,0.15039100541264722,0.18898866315420768,true,true,[],true,false,false,3,6907.492139617644,0.9538100165172113,3.789301795053149,0,2
dpfi,connected_modulated,SSP,25,38,3,5,false,false,0.9548457840907276,2.758878169137596,0.9240409013052793,0.02976347514685328,2.714583453244,2.751540046488,-0.036956593244000135,0.6394504682295137,0.6494770333465083,-0.010026565116994623,0.0583147090584634,0.06605536252282958,0.03945951412863677,0.02989034907985206,true,true,[],true,false,false,3,7097.7912834548815,0.9800871697673131,4.122765110685347,0,1
dpfi,connected_modulated,SSP,25,39,4,5,false,false,1.009859679576841,2.853173959608315,1.0500097862672388,-0.01714606786222222,2.7420411437655,2.751540046488,-0.009498902722500091,0.7574432067106829,0.6494770333465083,0.10796617336417458,0.08807428078031586,0.06592326883698849,0.018153684092957027,0.017422624258562527,true,true,[],true,false,false,3,7261.285076755921,1.0026629490135213,3.6969356910913937,0,1
dpfi,connected_modulated,SSP,25,40,4,5,false,false,0.9903958100182632,2.791482304813779,1.0356838603250353,0.01784581341569324,2.6744846669775,2.751540046488,-0.07705537951050001,0.7668264885666458,0.6494770333465083,0.11734945522013751,0.08943521992190669,0.0650903826917055,0.307676997915673,0.23139633215952235,true,true,[],true,false,false,3,7350.213593565293,1.0149425011827249,4.477276799842391,0,1
dpfi,connected_modulated,SSP,25,41,1,5,false,false,1.016029602474016,2.7827594453313074,0.9411940562663116,0.09072124452930719,2.733579086228,2.751540046488,-0.017960960259999936,0.6522788223201281,0.6494770333465083,0.002801788973619823,0.05840043247185162,0.06501723862773173,0.1344796829164822,0.060662593974778634,true,true,[],true,false,false,3,7177.697246949041,0.991120857076642,4.041519252708592,0,0
dpfi,connected_modulated,SSP,25,42,4,5,false,false,0.9581629880355436,2.7335881615721584,0.9069030187276604,0.004064566334584857,2.6936586825855002,2.751540046488,-0.05788136390249976,0.626884744706317,0.6494770333465083,-0.02259228864019125,0.054962494245058856,0.06447454234620278,0.003423497151732937,0.07369436928718186,true,true,[],true,false,false,3,7134.10775858556,0.9851018722156255,4.036819580229873,0,1
dpfi,connected_modulated,SSP,25,43,3,5,false,false,0.9979184857553323,2.798117976244554,0.9628447961708002,-0.08219434873565733,2.739695581728,2.751540046488,-0.011844464759999784,0.6746551516998193,0.6494770333465083,0.025178118353310963,0.06359894063962919,0.06667066100382328,0.13832463388578234,0.07648481203569017,true,true,[],true,false,false,3,7012.699011963422,0.9683373394039522,3.7904150968423056,0,0
dpfi,connected_modulated,SSP,25,44,1,5,false,false,1.0682677478704974,2.7620811855327125,0.9852503789536732,-0.015280415834623598,2.6811966947985,2.751540046488,-0.07034335168950001,0.7200084215963423,0.6494770333465083,0.07053138824983396,0.0711301923446854,0.06586899048030662,0.13708214158552767,0.10986677432929541,true,true,[],true,false,false,3,7427.364429448568,1.0255957510975653,4.4057346666681765,0,2
dpfi,connected_modulated,SSP,25,45,3,5,false,false,0.979499756568556,2.878441288129502,1.0570965459239883,0.07287058166925423,2.768425141394,2.751540046488,0.01688509490600021,0.7550025636951703,0.6494770333465083,0.10552553034866197,0.0858811309442202,0.06365446948994337,0.0692057484357075,0.08297819571808403,true,true,[],true,false,false,3,7247.310011994903,1.0007332245229084,4.225841541386516,0,1
dpfi,connected_modulated,SSP,25,46,1,5,false,false,1.0033574508768341,2.7714269199110446,0.8678583278912652,-0.09857463597814058,2.749222355213,2.751540046488,-0.0023176912750000334,0.5495703211814793,0.6494770333465083,-0.099906712165029,0.04742726880707352,0.05722099830998746,0.16166739403000746,0.2161784208915092,true,true,[],true,false,false,3,7353.8212749704935,1.01544066210584,4.415070705765983,0,0
dpfi,connected_modulated,SSP,25,47,1,5,false,false,0.9753552001336274,2.8105207149684865,0.9481524448631384,0.02485015175267869,2.7620783285900004,2.751540046488,0.010538282102000363,0.6489268245437315,0.6494770333465083,-0.000550208802776786,0.05965554074246722,0.06464429012592661,0.09635805148954797,0.06789453429849551,true,true,[],true,false,false,3,7286.267280124206,1.0061125766534391,4.473742423694873,0,1
dpfi,connected_modulated,SSP,25,48,4,5,false,false,0.9934844391665201,2.7412249424893282,0.9569218436853973,0.07919986868904053,2.67561261891,2.751540046488,-0.0759274275780002,0.6930189761737702,0.6494770333465083,0.04354194282726187,0.06593964865202664,0.06733770575339078,0.031552979391498114,0.03283435458470024,true,true,[],true,false,false,3,7172.702328252083,0.9904311417083793,4.748745568843241,0,0
dpfi,connected_modulated,SSP,25,49,1,5,false,false,0.963701948811058,2.796694840591432,0.9532583637329378,-0.04657456337752347,2.7434046982905,2.751540046488,-0.008135348197499948,0.6623698332036896,0.6494770333465083,0.01289279985718128,0.061763655788986,0.0659063628824715,0.026579894665060007,0.11920240428949674,true,true,[],true,false,false,3,7111.149467948703,0.9819317133317734,4.304953190570059,0,1
dpfi,connected_modulated,SSP,25,50,3,5,false,false,1.0157748547538563,2.861939732736063,0.9392961395822129,-0.0496722175841161,2.8244386611375,2.751540046488,0.0728986146495001,0.6125498838712543,0.6494770333465083,-0.036927149475253995,0.05282741402259254,0.06058759666049257,0.31190623500808207,0.40922581050366336,true,true,[],true,false,false,3,7067.376559354088,0.9758874011811777,3.998921019736146,0,0
dpfi,connected_modulated,SSP,25,51,1,5,false,false,1.0202819443792084,2.7814699724999117,0.9856290863235618,0.04264477456485129,2.7048621457240003,2.751540046488,-0.04667790076399969,0.7118306388133048,0.6494770333465083,0.06235360546679647,0.0711539504578295,0.06660827270129142,0.14846206571145554,0.12065784558855068,true,true,[],true,false,false,3,7346.73243058887,1.0144618103547183,4.910390907450096,0,1
dpfi,connected_modulated,SSP,25,52,3,5,false,false,1.0350016690998516,2.9509550942341556,0.9504438137268693,0.011233257739300307,2.9190859863855003,2.751540046488,0.16754593989750033,0.5873749234401058,0.6494770333465083,-0.062102109906402525,0.0513583889537728,0.05847631975834515,0.07130632200702841,0.025827011935619922,true,true,[],true,false,false,3,7294.793559535012,1.0072899143240834,3.8858721061364405,0,2
dpfi,connected_modulated,SSP,25,53,1,5,false,false,0.9856047035596167,2.733295645894181,0.8900670534849383,-0.05796491904979621,2.700231568465,2.751540046488,-0.05130847802299998,0.6020856577568999,0.6494770333465083,-0.047391375589608375,0.05164921601483154,0.061717985245760325,0.10091385992195746,0.07162894737287948,true,true,[],true,false,false,3,7296.023757179726,1.0074597842004593,3.8109652163147096,0,1
dpfi,connected_modulated,SSP,25,54,3,5,false,false,1.0259640948332465,2.7988013353375574,0.9201361178983758,-0.05518835379207724,2.761491003813,2.751540046488,0.009950957325000065,0.6148125390498501,0.6494770333465083,-0.03466449429665819,0.054387360252526586,0.06182409541909689,0.07420789038594253,0.06992233828313436,true,true,[],true,false,false,3,7063.312122585601,0.9753261699234467,3.995579351144159,0,1
dpfi,connected_modulated,SSP,25,55,1,5,false,false,1.007023795008458,2.771223177460204,0.9156318481638089,0.041754193624325475,2.732372014439,2.751540046488,-0.019168032048999972,0.6214535140895292,0.6494770333465083,-0.0280235192569791,0.05281625476984383,0.06064790941279617,0.02352727861744568,0.16201771944119334,true,true,[],true,false,false,3,7190.514267556845,0.9928906748904784,3.9132341882328476,0,1
dpfi,connected_modulated,SSP,25,56,3,5,false,false,1.0399632059912627,2.9208015828944642,0.9539211075042366,-0.026460265305868796,2.884393154571,2.751540046488,0.13285310808300022,0.6060045667989767,0.6494770333465083,-0.04347246654753156,0.05352426227432748,0.057882173704809275,0.3964085851899155,0.12857982174703458,true,true,[],true,false,false,3,7275.31670459791,1.0046004839268035,4.166924008368605,0,0
dpfi,connected_modulated,SSP,25,57,3,5,false,false,1.0140709128893102,2.858673331969602,0.967395227169054,-0.001228028402404544,2.8078827043940002,2.751540046488,0.05634265790600024,0.652988968128107,0.6494770333465083,0.0035119347815987245,0.05779786391985678,0.06207011083682692,0.09973468041990949,0.18235856091171798,true,true,[],true,false,false,3,7344.069024006032,1.014094038111852,4.0597063628778045,0,2
dpfi,connected_modulated,SSP,25,58,3,5,false,false,0.9974239460136504,2.7683968532870207,0.9571517877340459,-0.066276738017273,2.7079126281850003,2.751540046488,-0.043627418302999654,0.680754373795549,0.6494770333465083,0.031277340449040736,0.062113186871659246,0.06481666881600145,0.03606043722451672,0.03469988173727752,true,true,[],true,false,false,3,6984.476336253528,0.9644402563178028,4.396354182892101,0,0
dpfi,connected_modulated,SSP,25,59,1,5,false,false,0.9708094201364554,2.7634596284012303,0.997423527409736,0.0662040300747753,2.673266123997,2.751540046488,-0.07827392249099985,0.7343773597650982,0.6494770333465083,0.08490032641858991,0.07744295904279026,0.06693838328978545,0.1150706538353739,0.1433795451457738,true,true,[],true,false,false,3,7280.034543712754,1.0052519392036392,4.567028604894032,0,1
dpfi,connected_modulated,SSP,25,60,4,5,false,false,1.0243287567964607,2.8338957541310767,0.914776913767071,0.06605056585972656,2.8025745584435002,2.751540046488,0.05103451195550024,0.5903610551508145,0.6494770333465083,-0.05911597819569381,0.05206852748979595,0.05973450288338565,0.0356970842197141,0.146378209571554,true,true,[],true,false,false,3,7128.432324447735,0.9843181889599192,4.165920887663413,0,0
dpfi,connected_modulated,SSP,25,61,1,5,false,false,1.02316960334829,2.72098115650275,1.014552054938193,-0.10085590232818617,2.601729917375,2.751540046488,-0.14981012911299985,0.7724824067281038,0.6494770333465083,0.12300537338159545,0.08879127701025719,0.06432901590967324,0.22056220946385466,0.21626011624913086,true,true,[],true,false,false,3,7081.564352305078,0.9778464999040427,3.6929221733165574,0,1
dpfi,connected_modulated,SSP,25,62,3,5,false,false,0.9799587888751968,2.803469313696242,0.925673197000693,0.15620491448161228,2.7644268404395,2.751540046488,0.012886793951500053,0.620574346350218,0.6494770333465083,-0.028902686996290283,0.054167027542960135,0.061512623153544894,0.023503067728616756,0.01722638603398681,true,true,[],true,false,false,3,7204.59296576188,0.9948347094396409,4.176024815502739,0,0
dpfi,connected_modulated,SSP,25,63,1,5,false,false,0.9786532897187628,2.7751689550512992,0.8724840107727442,0.0029341896869321876,2.7519612075369997,2.751540046488,0.0004211610489996964,0.5549050068743209,0.6494770333465083,-0.09457202647218743,0.04774817334777082,0.0583951821207353,0.19061744335660855,0.18378578668826587,true,true,[],true,false,false,3,7136.54147254453,0.9854379277194877,3.8797346810281237,0,2
dpfi,separated_droplets,ID,25,0,1,5,false,false,0.9749135636280143,2.7634968424126245,0.5259149131901347,-0.04102799051846191,2.7634934388005004,2.799987273455,-0.036493834654499846,0.06303806657630912,0.08736061642362755,-0.024322549847318437,0.033389034024314306,0.013200478357921264,21.88295656603696,59.8940026453232,false,false,"[""d_peak_multistart_ambiguity"",""nu_vp_multistart_ambiguity""]",true,false,false,3,7188.0469705820515,0.9925499821295294,4.556712430702819,0,0
dpfi,separated_droplets,ID,25,1,3,5,false,false,1.006760352624062,2.7853574281008746,0.5541754896319633,0.038444611478544576,2.7853463225095,2.799987273455,-0.014640950945500109,0.08454723370964784,0.08736061642362755,-0.002813382713979712,0.03315366517462813,0.015473749553398008,0.024348184303249337,0.006966902455974737,true,true,[],true,false,false,3,7119.812419643818,0.9831279231764455,3.630573632134468,0,1
dpfi,separated_droplets,ID,25,2,4,5,false,false,1.0397174688998976,2.734082431639673,0.5281403305277498,-0.03863735944359254,2.734077377936,2.799987273455,-0.06590989551900028,0.06976977244788748,0.08736061642362755,-0.017590843975740067,0.028728541745117946,0.010590308992766409,0.46654911522886405,1.541825510083036,true,false,"[""nu_vp_multistart_ambiguity""]",true,false,false,3,7334.609484718823,1.012787832742174,3.9252085707923214,0,0
dpfi,separated_droplets,ID,25,3,3,5,false,false,1.0020014921352087,2.7936100079027937,0.5754223545363254,0.055938179626209006,2.7935840481795,2.799987273455,-0.006403225275500191,0.10445229716687084,0.08736061642362755,0.017091680743243284,0.0340964291479346,0.017915334539461522,0.05997169055822467,0.13408233065464784,true,true,[],true,false,false,3,7022.752067870159,0.969725499567821,4.279073053892448,0,1
dpfi,separated_droplets,ID,25,4,3,5,false,false,0.9816349982163411,2.8462684632009645,0.5585922494153779,0.047873707489488986,2.8462604720874998,2.799987273455,0.04627319863249957,0.07745213859321179,0.08736061642362755,-0.009908477830415763,0.03376203973775067,0.015269621942806446,0.07181640463176243,0.030222741143531153,true,true,[],true,false,false,3,6818.97996608296,0.9415879544439326,4.539738287745367,0,0
dpfi,separated_droplets,ID,25,5,2,5,false,false,0.9624329204891291,2.8207955089797303,0.5784930948657143,-0.011437987407924092,2.820771868729,2.799987273455,0.020784595273999784,0.10179152600614529,0.08736061642362755,0.014430909582517734,0.03300556000008875,0.017821364722802137,27.927588188369512,44.713720885449725,false,false,"[""d_peak_multistart_ambiguity"",""nu_vp_multistart_ambiguity""]",true,false,false,3,7246.001004637381,1.000552472333248,4.138005926833339,0,1
dpfi,separated_droplets,ID,25,6,1,5,false,false,0.9990831143215727,2.7877424247977407,0.5418548113912897,0.006800618401712251,2.787736346701,2.799987273455,-0.01225092675400008,0.07270930140710585,0.08736061642362755,-0.014651315016521699,0.03302376183936286,0.014450646614482024,22.721618312866223,54.61086144569946,false,false,"[""d_peak_multistart_ambiguity"",""nu_vp_multistart_ambiguity""]",true,false,false,3,7211.336480535674,0.9957658769035728,4.451201094787525,0,1
dpfi,separated_droplets,ID,25,7,1,5,false,false,0.9285610741294511,2.7708138897263326,0.5342234189277297,-0.0009024417822233486,2.7708090219640003,2.799987273455,-0.02917825149099995,0.06888905397281923,0.08736061642362755,-0.018471562450808318,0.03286100622401346,0.014617981305667202,0.0496806400227253,0.022370385991960548,true,true,[],true,false,false,3,7161.549579056272,0.9888911321535863,3.4641996029712416,0,2
dpfi,separated_droplets,ID,25,8,1,5,false,false,0.9504843052326698,2.817269443166102,0.538450173135113,-0.0019517364592786242,2.8172655395605,2.799987273455,0.017278266105499984,0.06492139497143201,0.08736061642362755,-0.02243922145219554,0.03309370792904185,0.013779649726981305,0.23683575362135628,0.10044536600622792,true,true,[],true,false,false,3,6892.632013870452,0.9517580797943181,4.017961592853422,0,0
dpfi,separated_droplets,ID,25,9,3,5,false,false,1.0260441426437903,2.803386080676619,0.573464826335803,-0.014860872913844901,2.803363966341,2.799987273455,0.0033766928859999545,0.10026358997544789,0.08736061642362755,0.012902973551820338,0.03313332462973466,0.016552340413575336,27.78274564267208,48.1665305232232,false,false,"[""d_peak_multistart_ambiguity"",""nu_vp_multistart_ambiguity""]",true,false,false,3,7253.790862061121,1.0016281223503343,3.7428138679482728,0,2
dpfi,separated_droplets,ID,25,10,1,5,false,false,1.0013559554801483,2.8248776309794073,0.5503500641508943,-0.08587142597064676,2.8248710821475003,2.799987273455,0.024883808692500065,0.07383287216310708,0.08736061642362755,-0.013527744260520475,0.03291991353377095,0.014240755260820337,26.55492067382605,57.25848253251443,false,false,"[""d_peak_multistart_ambiguity"",""nu_vp_multistart_ambiguity""]",true,false,false,3,7130.580410004736,0.9846148039222227,4.019059438533424,0,1
dpfi,separated_droplets,ID,25,11,1,5,false,false,1.0416776820008804,2.8079928192069077,0.5736932246631,0.0030476120130994207,2.807971318106,2.799987273455,0.007984044650999778,0.0995207429079126,0.08736061642362755,0.01216012648428505,0.03305190140094265,0.016639703633665136,22.23199945845001,46.030947012933325,false,false,"[""d_peak_multistart_ambiguity"",""nu_vp_multistart_ambiguity""]",true,false,false,3,7058.716053676735,0.9746915290909604,3.9298614444505837,0,1
dpfi,separated_droplets,ID,25,12,2,5,false,false,0.9136492177553164,2.784928498789959,0.5367081402531743,0.042006260406011985,2.784923663931,2.799987273455,-0.01506360952400021,0.06868511198921631,0.08736061642362755,-0.01867550443441124,0.03462991349051116,0.01519654115216071,29.59270181299473,54.9438009162584,false,false,"[""d_peak_multistart_ambiguity"",""nu_vp_multistart_ambiguity""]",true,false,false,3,7091.502076747841,0.9792187347069651,4.139482392708798,0,0
dpfi,separated_droplets,ID,25,13,1,5,false,false,1.0068689539768758,2.7975817461659807,0.5731698096325829,0.015944561718994492,2.79755884163,2.799987273455,-0.002428431825000299,0.10119935444711636,0.08736061642362755,0.013838738023488811,0.03401865391169937,0.01740926974861661,0.09745383383203726,0.02372634152760205,true,true,[],true,false,false,3,7082.253165760409,0.9779416136095566,4.166294739953801,0,1
dpfi,separated_droplets,ID,25,14,2,5,false,false,0.9599739209274097,2.8298134344158843,0.544229412250655,-0.032934696689812505,2.829808788771,2.799987273455,0.029821515315999747,0.06773206500044246,0.08736061642362755,-0.019628551423185092,0.03307214286868152,0.01373299700354079,22.331023917545238,56.99647013208847,false,false,"[""d_peak_multistart_ambiguity"",""nu_vp_multistart_ambiguity""]",true,false,false,3,6986.358865461789,0.9647002023559499,3.7272736452816617,0,0
dpfi,separated_droplets,ID,25,15,3,5,false,false,0.9946847830147906,2.821297127744481,0.5874446036695539,0.053139024117920236,2.821263388992,2.799987273455,0.021276115536999818,0.11124632082197483,0.08736061642362755,0.02388570439834728,0.03387770840002746,0.018612858012998185,28.409487568401172,42.33413785451641,false,false,"[""d_peak_multistart_ambiguity"",""nu_vp_multistart_ambiguity""]",true,false,false,3,7235.602876293459,0.9991166633931868,4.007689820920421,0,2
dpfi,separated_droplets,ID,25,16,3,5,false,false,0.9736550444735425,2.7068452760199926,0.5388904994648606,-0.011719850634467916,2.7068343122645,2.799987273455,-0.09315296119049998,0.08488039774769518,0.08736061642362755,-0.002480218675932372,0.03365019065628888,0.016007270303378382,0.08041617361518116,0.021296398597226318,true,true,[],true,false,false,3,7203.361583801533,0.994664676028933,3.961457747795601,0,2
dpfi,separated_droplets,ID,25,17,1,5,false,false,0.9605504473649814,2.7959619478386815,0.5291146793289062,-0.10817561689256298,2.7959590012745,2.799987273455,-0.004028272180500281,0.06062951007048,0.08736061642362755,-0.02673110635314755,0.03250523211842621,0.013099136544932598,25.534826549000094,62.35950202738912,false,false,"[""d_peak_multistart_ambiguity"",""nu_vp_multistart_ambiguity""]",true,false,false,3,7314.980217295442,1.010077356710224,3.831882943000931,0,2
dpfi,separated_droplets,ID,25,18,1,5,false,false,0.9644832592482683,2.7894927990121268,0.547176140086048,0.0585471854738338,2.789485068365,2.799987273455,-0.010502205090000327,0.07720115139952152,0.08736061642362755,-0.01015946502410603,0.032330728209482344,0.014904549376940359,0.15495703275037312,0.04553785732394318,true,true,[],true,false,false,3,7254.750466912936,1.0017606278532085,4.55514846102937,0,1
dpfi,separated_droplets,ID,25,19,1,5,false,false,0.9696998992806707,2.7826100603289237,0.5567750450547287,0.00030257573091312735,2.782597268328,2.799987273455,-0.017390005127000396,0.08760895612914543,0.08736061642362755,0.0002483397055178804,0.03364774813728888,0.01625265734339399,26.167610379407204,49.57549015453889,false,false,"[""d_peak_multistart_ambiguity"",""nu_vp_multistart_ambiguity""]",true,false,false,3,7452.702029630258,1.0290944531386714,3.9338535714345038,0,2
dpfi,separated_droplets,ID,25,20,3,5,false,false,1.0093667556997943,2.7735104424629338,0.5678256164870505,-0.06749511617182198,2.773488124771,2.799987273455,-0.02649914868400005,0.1007625320488019,0.08736061642362755,0.013401915625174343,0.03320935848041382,0.016774616565799545,17.551255500531937,41.934515920333816,false,false,"[""d_peak_multistart_ambiguity"",""nu_vp_multistart_ambiguity""]",true,false,false,3,7172.471240014309,0.9903992322582587,4.035404582350272,0,2
dpfi,separated_droplets,ID,25,21,2,5,false,false,1.0213070199744445,2.799121144001696,0.574527015880346,0.011123795380663253,2.7990972159155003,2.799987273455,-0.0008900575394998889,0.10229672749468284,0.08736061642362755,0.014936111071055289,0.0340904074198179,0.017221862716337022,20.344719276508584,43.40317019417982,false,false,"[""d_peak_multistart_ambiguity"",""nu_vp_multistart_ambiguity""]",true,false,false,3,7169.4199382702245,0.9899778981317626,4.337795301376893,0,1
dpfi,separated_droplets,ID,25,22,3,5,false,false,1.0204322127934513,2.847920257514957,0.5972299627043487,0.017675876716239856,2.8478801594750003,2.799987273455,0.04789288602000008,0.1158779881493518,0.08736061642362755,0.028517371725724244,0.03323424890577736,0.01860158653058078,0.10708679158328396,0.04808235139097244,true,true,[],true,false,false,3,7231.717713756174,0.9985801869312585,4.018143923439049,0,1
dpfi,separated_droplets,ID,25,23,2,5,false,false,1.005053347246107,2.778530673764968,0.549233363857882,-0.020450750117654067,2.77852128416,2.799987273455,-0.02146598929500021,0.08112415708989651,0.08736061642362755,-0.0062364593337310426,0.03323833993638615,0.015036564181553018,0.3210547069866786,0.04263032055464734,true,true,[],true,false,false,3,7141.159200084396,0.9860755592494332,4.462759750840741,0,0
dpfi,separated_droplets,ID,25,24,1,5,false,false,1.0005646049923378,2.827663599427444,0.5683138388289827,-0.010674735639847829,2.82764907872,2.799987273455,0.027661805264999728,0.09006604228326684,0.08736061642362755,0.0027054258596392877,0.03242125150458313,0.016157686672337142,29.091679962637127,49.950144274657475,false,false,"[""d_peak_multistart_ambiguity"",""nu_vp_multistart_ambiguity""]",true,false,false,3,7323.557704717463,1.0112617653572857,4.036555746070649,0,2
dpfi,separated_droplets,ID,25,25,1,5,false,false,1.0143758983791695,2.8819661559771914,0.5413398287037027,-0.024015439639599623,2.8819636933724997,2.799987273455,0.08197641991749949,0.057533546345249376,0.08736061642362755,-0.029827070078378176,0.03228256508668907,0.012043368384732168,0.05762262908799711,0.043534896291396744,true,true,[],true,false,false,3,7151.487855511489,0.9875017751327657,3.759373991147078,0,0
dpfi,separated_droplets,ID,25,26,3,5,false,false,1.007138429768555,2.767072952533755,0.5812391791804722,0.03105710236266594,2.767032497079,2.799987273455,-0.03295477637600008,0.11697362754026794,0.08736061642362755,0.029613011116640386,0.03293857059946583,0.018711746708440075,28.880161859495725,42.00759732344444,false,false,"[""d_peak_multistart_ambiguity"",""nu_vp_multistart_ambiguity""]",true,false,false,3,7258.631199920325,1.002296492670578,4.941471446144417,0,2
dpfi,separated_droplets,ID,25,27,1,5,false,false,1.0327267036370635,2.82503385868231,0.5796445947378142,0.04038856967810644,2.825009907187,2.799987273455,0.025022633731999644,0.10208642012457081,0.08736061642362755,0.014725803700943257,0.033382060356001705,0.017013406020330753,29.98132809136392,47.109472392392526,false,false,"[""d_peak_multistart_ambiguity"",""nu_vp_multistart_ambiguity""]",true,false,false,3,7207.1310077499,0.9951851709127175,3.5168481180295244,0,0
dpfi,separated_droplets,ID,25,28,3,5,false,false,0.9897291860595302,2.81601054533552,0.5739160586416685,-0.032104180275650394,2.8159902214535,2.799987273455,0.016002947998499994,0.09806054136649058,0.08736061642362755,0.010699924942863023,0.033225155612599276,0.01768269596853873,0.028892697469749727,0.055248216056704394,true,true,[],true,false,false,3,7047.159768833775,0.9730957979610294,4.678919826103547,0,1
dpfi,separated_droplets,ID,25,29,0,5,false,false,0.9899110774641935,2.801974855276106,0.5550496324667983,-0.012699006089622432,2.8019648565815,2.799987273455,0.001977583126499649,0.08223550563849583,0.08736061642362755,-0.005125110785131726,0.032987783329159186,0.015329732835873047,0.13162940404853887,0.03183124396177368,true,true,[],true,false,false,3,7177.263258190151,0.9910609304322219,4.182071467467281,0,1
dpfi,separated_droplets,ID,25,30,3,5,false,false,1.0157457564152892,2.8673713614148446,0.5704561849950103,0.0077485560979448625,2.867359947451,2.799987273455,0.06737267399599967,0.08451278840972314,0.08736061642362755,-0.002847828013904416,0.03337122494699929,0.015449928365226467,28.76782712277464,52.6749381289078,false,false,"[""d_peak_multistart_ambiguity"",""nu_vp_multistart_ambiguity""]",true,false,false,3,7344.628458138906,1.014171286680324,4.578391315856333,0,2
dpfi,separated_droplets,ID,25,31,3,5,false,false,1.0375026668326062,2.8062180840514386,0.572036255762238,0.025770394315220935,2.8061977317649998,2.799987273455,0.006210458309999556,0.09818018110281057,0.08736061642362755,0.010819564679183019,0.032497365549440764,0.01652097862161136,26.813248649704608,47.64239705476279,false,false,"[""d_peak_multistart_ambiguity"",""nu_vp_multistart_ambiguity""]",true,false,false,3,7135.4707849682545,0.985290083536075,3.9616318776631756,0,1
dpfi,separated_droplets,ID,25,32,1,5,false,false,1.0682882749279663,2.7755474116200136,0.5680253257295662,0.047997478279633465,2.775525280544,2.799987273455,-0.024461992911000152,0.10053291478224502,0.08736061642362755,0.013172298358617468,0.032777038985599034,0.01652434680069263,25.528616395875076,47.600392884912765,false,false,"[""d_peak_multistart_ambiguity"",""nu_vp_multistart_ambiguity""]",true,false,false,3,7273.825219040438,1.0043945345264345,4.264937701839645,0,0
dpfi,separated_droplets,ID,25,33,2,5,false,false,0.9668990356455398,2.8525397174585514,0.5518998014571375,0.007983579517544486,2.8525342155355,2.799987273455,0.052546942080499814,0.07051586165482487,0.08736061642362755,-0.016844754768802678,0.03284997586442461,0.01458878613274036,0.06803206558578995,0.05152864300540138,true,true,[],true,false,false,3,7399.483094113337,1.0217458014517173,4.051551527926986,0,2
dpfi,separated_droplets,ID,25,34,3,5,false,false,0.9759156766892183,2.733343585408889,0.5141339157998388,-0.02075010800230906,2.7333411565155,2.799987273455,-0.06664611693950029,0.058099449132212475,0.08736061642362755,-0.029261167291415077,0.03262098881335367,0.012489355843637322,22.51520225204943,63.838810112983985,false,false,"[""d_peak_multistart_ambiguity"",""nu_vp_multistart_ambiguity""]",true,false,false,3,7065.717132909251,0.9756582619316834,3.9976806981897033,0,1
dpfi,separated_droplets,ID,25,35,1,5,false,false,1.0736518433605986,2.8136972159589875,0.5695524262808837,-0.07281713017495504,2.8136799995089996,2.799987273455,0.013692726053999404,0.09409742560934992,0.08736061642362755,0.006736809185722364,0.03247724343219703,0.016034302966853202,32.29859687800907,50.5418493490302,false,false,"[""d_peak_multistart_ambiguity"",""nu_vp_multistart_ambiguity""]",true,false,false,3,6877.781814008424,0.94970751367142,3.8591882656298906,0,0
dpfi,separated_droplets,ID,25,36,1,5,false,false,1.0159067260566659,2.7575172493779965,0.5434873207600143,-0.07240372189276512,2.7575086049525,2.799987273455,-0.04247866850250004,0.07961595456422732,0.08736061642362755,-0.0077446618594002314,0.032395369041179574,0.014752614153571719,31.625001775815427,55.942849580653125,false,false,"[""d_peak_multistart_ambiguity"",""nu_vp_multistart_ambiguity""]",true,false,false,3,6937.863846447193,0.9580038451321725,3.9988027464209233,0,0
dpfi,separated_droplets,ID,25,37,1,5,false,false,1.053076496913844,2.8596316866421883,0.5827032459441359,0.007126534276506578,2.8596111356035,2.799987273455,0.059623862148499907,0.09795630071112774,0.08736061642362755,0.010595684287500184,0.03256226866353913,0.016166423712992706,0.06948512022852635,0.18146842581952785,true,true,[],true,false,false,3,7147.280316533468,0.986920783835055,4.744100522661425,0,1
dpfi,separated_droplets,ID,25,38,1,5,false,false,0.9429843445116239,2.784046150303813,0.5399906800849413,-0.007583336317809892,2.784040412115,2.799987273455,-0.01594686134000023,0.07169487136310362,0.08736061642362755,-0.015665745060523928,0.03245894180270379,0.014666503079869329,0.04678563528752206,0.241852798565094,true,true,[],true,false,false,3,7331.547775891239,1.0123650615701794,4.218699201317464,0,2
dpfi,separated_droplets,ID,25,39,1,5,false,false,1.002689750936626,2.808741817606457,0.5604133475923707,-0.021572535005957006,2.808729790349,2.799987273455,0.008742516893999852,0.08606851803219388,0.08736061642362755,-0.0012920983914336687,0.03354716870371143,0.01586117371009128,23.3428168978047,49.989966510354854,false,false,"[""d_peak_multistart_ambiguity"",""nu_vp_multistart_ambiguity""]",true,false,false,3,7233.549131478362,0.9988330753215081,4.686152538091819,0,1
dpfi,separated_droplets,ID,25,40,1,5,false,false,0.9843184532187964,2.8347586660554875,0.5543068365538856,-0.06614572454468404,2.8347514292825,2.799987273455,0.03476415582749981,0.07563309797914872,0.08736061642362755,-0.011727518444478835,0.03294044941922848,0.014836393990907392,31.62484831662321,55.84447130603059,false,false,"[""d_peak_multistart_ambiguity"",""nu_vp_multistart_ambiguity""]",true,false,false,3,7107.058467497005,0.9813668140702851,3.926631967219204,0,2
dpfi,separated_droplets,ID,25,41,2,5,false,false,0.9439422463441175,2.8054535134571266,0.5373741852635195,0.0015959043356789035,2.805449385158,2.799987273455,0.005462111702999817,0.0659049935531099,0.08736061642362755,-0.02145562287051765,0.03410107560554138,0.014315446015256344,31.66453678794034,58.629598116054844,false,false,"[""d_peak_multistart_ambiguity"",""nu_vp_multistart_ambiguity""]",true,false,false,3,7269.7858932272775,1.0038367706748519,4.308506185301803,0,1
dpfi,separated_droplets,ID,25,42,1,5,false,false,0.9870075456731713,2.851562789867905,0.5494636859583398,-0.011158403305243968,2.85155786018,2.799987273455,0.05157058672499959,0.06861268952975805,0.08736061642362755,-0.018747926893869504,0.033020414744807346,0.01384827706405811,0.06429608896216789,0.1176858190001425,true,true,[],true,false,false,3,7167.5099326387,0.9897141580556061,3.9745049567053288,0,2
dpfi,separated_droplets,ID,25,43,1,5,false,false,1.0118283408391453,2.853446168324692,0.5927030634069331,0.03233842089846722,2.8534139017615,2.799987273455,0.05342662830649969,0.10970230215289788,0.08736061642362755,0.022341685729270325,0.034024407261281045,0.018073303067562177,0.19059765957715816,0.03095753084476494,true,true,[],true,false,false,3,6967.369570881337,0.9620780959515792,4.016851851033714,0,1
dpfi,separated_droplets,ID,25,44,1,5,false,false,0.972139094460241,2.7381760347328483,0.5625128979967245,-0.051411022705870335,2.738152133667,2.799987273455,-0.06183513978800015,0.1028318694787432,0.08736061642362755,0.015471253055115652,0.034285328990813414,0.01786296781389338,0.1437358409429512,0.1509469202359272,true,true,[],true,false,false,3,7241.45464640406,0.9999246957199752,4.23780781053708,0,1
dpfi,separated_droplets,ID,25,45,1,5,false,false,1.010191359289325,2.7881920814351573,0.5416613554581425,-0.020549496513971355,2.7881860852455,2.799987273455,-0.011801188209500157,0.07246027061929802,0.08736061642362755,-0.014900345804329529,0.03309150942632262,0.014139671397833476,24.900227111068574,56.68756447863535,false,false,"[""d_peak_multistart_ambiguity"",""nu_vp_multistart_ambiguity""]",true,false,false,3,7318.814843606124,1.0106068549580398,3.9134062906695175,0,2
dpfi,separated_droplets,ID,25,46,3,5,false,false,1.000283983417808,2.7635515164754767,0.5393219570667038,0.007435286420472331,2.7635448156805,2.799987273455,-0.03644245777450017,0.07466576775982267,0.08736061642362755,-0.01269484866380488,0.03271734479027635,0.01454117972406178,25.980129093303496,56.21022362429607,false,false,"[""d_peak_multistart_ambiguity"",""nu_vp_multistart_ambiguity""]",true,false,false,3,7202.014419342475,0.9944786549768676,3.8826848763264272,0,2
dpfi,separated_droplets,ID,25,47,2,5,false,false,0.96953315144786,2.825501173483774,0.5569843132848534,0.0060834124173660955,2.8254922757955,2.799987273455,0.025505002340499683,0.07970596992777121,0.08736061642362755,-0.007654646495856343,0.03378907989171019,0.015672203878953614,0.048648189053025266,0.02251275626553173,true,true,[],true,false,false,3,7059.305822476119,0.974772966373394,3.6238588710478625,0,0
dpfi,separated_droplets,ID,25,48,1,5,false,false,1.015815944326931,2.8088034925275687,0.5544110115261702,0.036642985975577365,2.808794347732,2.799987273455,0.008807074276999671,0.08037242241823304,0.08736061642362755,-0.006988194005394507,0.03400840012490471,0.015309461933481157,27.837100681552634,53.38864407705705,false,false,"[""d_peak_multistart_ambiguity"",""nu_vp_multistart_ambiguity""]",true,false,false,3,7083.3657560784895,0.9780952438661267,4.240032295069407,0,1
dpfi,separated_droplets,ID,25,49,3,5,false,false,0.9896468083476715,2.7740510623839576,0.5631379336987012,-0.04004701923515788,2.7740328629419997,2.799987273455,-0.025954410513000514,0.09575091944672204,0.08736061642362755,0.008390303023094486,0.03420690242768572,0.017674888235348386,0.3642668105023976,0.137954776175668,true,true,[],true,false,false,3,7240.581260757446,0.9998040956583052,4.819320646830792,0,0
dpfi,separated_droplets,ID,25,50,3,5,false,false,0.951207116805852,2.8198354501915204,0.5294907025808706,0.015100023972315382,2.8198330636169997,2.799987273455,0.0198457901619995,0.057396155456669554,0.08736061642362755,-0.029964460966957998,0.03315610007460265,0.01260589351548498,29.962520226933094,66.82612421775592,false,false,"[""d_peak_multistart_ambiguity"",""nu_vp_multistart_ambiguity""]",true,false,false,3,7299.298613491237,1.007911987502242,4.449055702778825,0,1
dpfi,separated_droplets,ID,25,51,3,5,false,false,1.0243258299511704,2.8123961513170963,0.542336324995023,-0.046028146333349146,2.8123911869975,2.799987273455,0.012403913542499811,0.0689708128636354,0.08736061642362755,-0.018389803559992146,0.03403864192637723,0.013822575580169201,23.059946184243692,57.75757098420963,false,false,"[""d_peak_multistart_ambiguity"",""nu_vp_multistart_ambiguity""]",true,false,false,3,7243.714836352963,1.0002367904381335,4.497601982875519,0,0
dpfi,separated_droplets,ID,25,52,1,5,false,false,1.039045614009404,2.7986410469030636,0.5696669333623792,-0.01634398636085442,2.7986214451985,2.799987273455,-0.0013658282565001123,0.09732842953063048,0.08736061642362755,0.009967813107002926,0.03241286580515388,0.01617653307881871,21.053608545606988,46.96982236186165,false,false,"[""d_peak_multistart_ambiguity"",""nu_vp_multistart_ambiguity""]",true,false,false,3,7136.057818126206,0.9853711430718318,4.9854347505256,0,2
dpfi,separated_droplets,ID,25,53,3,5,false,false,0.9494606065524579,2.8019370445332017,0.5484109732115603,-0.0015449042151951852,2.8019297113045,2.799987273455,0.0019424378494998784,0.076104935994398,0.08736061642362755,-0.011255680429229545,0.033129468168492625,0.015032025763666,29.960921060468156,54.84693046777233,false,false,"[""d_peak_multistart_ambiguity"",""nu_vp_multistart_ambiguity""]",true,false,false,3,7205.502863835713,0.9949603512614903,4.140074934688477,0,1
dpfi,separated_droplets,ID,25,54,2,5,false,false,0.9560897699228601,2.8155514735121225,0.5543741814526154,-0.03294834069031465,2.815542870362,2.799987273455,0.015555596906999813,0.07910798065365598,0.08736061642362755,-0.008252635769971567,0.03364917439493979,0.01589868341480509,0.17975791832234145,0.047659881684969416,true,true,[],true,false,false,3,7184.731724714574,0.9920922017004382,4.104423784127662,0,2
dpfi,separated_droplets,ID,25,55,3,5,false,false,0.9698038244376984,2.7605967658161337,0.5627120835458366,0.015324358194179174,2.7605767653299997,2.799987273455,-0.039410508125000465,0.09815452895625584,0.08736061642362755,0.010793912532628291,0.0346104128161598,0.018007586443091438,27.62432259304333,44.69429823797996,false,false,"[""d_peak_multistart_ambiguity"",""nu_vp_multistart_ambiguity""]",true,false,false,3,7541.826024059805,1.0414009975227567,4.324930556034888,0,2
dpfi,separated_droplets,ID,25,56,1,5,false,false,1.0229174814581745,2.765497061084572,0.5484549355410473,-0.033637690706134864,2.765486898956,2.799987273455,-0.03450037449900023,0.08284018645094003,0.08736061642362755,-0.00452042997268752,0.032795956083733,0.014993379752684301,26.788635634189383,54.12749649242507,false,false,"[""d_peak_multistart_ambiguity"",""nu_vp_multistart_ambiguity""]",true,false,false,3,7211.569437894829,0.9957980444483332,4.180227156004731,0,2
dpfi,separated_droplets,ID,25,57,1,5,false,false,1.0722355437575257,2.7485740450677523,0.5759990984466933,-0.009130932515054157,2.748535948303,2.799987273455,-0.05145132515200013,0.11542466605940091,0.08736061642362755,0.028064049635773358,0.032958777738018766,0.017395388496011795,18.37124639482755,41.38889072680919,false,false,"[""d_peak_multistart_ambiguity"",""nu_vp_multistart_ambiguity""]",true,false,false,3,7176.416815829169,0.9909440507911031,4.09169388260588,0,1
dpfi,separated_droplets,ID,25,58,1,5,false,false,0.9925821000183959,2.8448961190147033,0.559925122285965,-0.034202071245840314,2.8448875166285,2.799987273455,0.04490024317349972,0.07890152441251738,0.08736061642362755,-0.00845909201111017,0.0320721314054855,0.01492219149364788,0.26591789448522485,0.049121258443785044,true,true,[],true,false,false,3,7103.460321393512,0.9808699698140723,4.3286160027426055,0,0
dpfi,separated_droplets,ID,25,59,1,5,false,false,0.9964000860231204,2.796769522492496,0.5495957241818279,0.0590788293098669,2.796761399665,2.799987273455,-0.0032258737900003887,0.07811091074918955,0.08736061642362755,-0.009249705674438002,0.032478620024750424,0.015085558579459887,25.658753791014973,53.136738948134045,false,false,"[""d_peak_multistart_ambiguity"",""nu_vp_multistart_ambiguity""]",true,false,false,3,7327.851604189,1.0118546816057719,4.533646911780063,0,1
dpfi,separated_droplets,ID,25,60,1,5,false,false,0.9956086137666478,2.8103430086613037,0.562570667680493,-0.025245196820641157,2.8103299470085004,2.799987273455,0.010342673553500159,0.08784885413416232,0.08736061642362755,0.0004882377105347724,0.03337494348244659,0.015924433021263708,25.560146001136097,50.33449123005779,false,false,"[""d_peak_multistart_ambiguity"",""nu_vp_multistart_ambiguity""]",true,false,false,3,7188.48323298038,0.9926102227258189,3.8298644953777066,0,2
dpfi,separated_droplets,ID,25,61,1,5,false,false,1.0105121294495372,2.790547852089297,0.5642250722987541,0.008622499857147501,2.790531244834,2.799987273455,-0.009456028621000367,0.093446898226965,0.08736061642362755,0.006086281803337451,0.03356684924607335,0.016458798805699414,0.2057195646775869,0.07922135632898705,true,true,[],true,false,false,3,7297.9004407768625,1.0077189230567334,4.745018237378026,0,1
dpfi,separated_droplets,ID,25,62,1,5,false,false,0.9467599119553886,2.772515552911025,0.5462398699368859,-0.0125148389490509,2.77250694445,2.799987273455,-0.027480329005000304,0.0794253153322563,0.08736061642362755,-0.00793530109137125,0.0337873421285218,0.015590812505689673,0.034930560859452085,0.08814038384393989,true,true,[],true,false,false,3,7309.522028899795,1.0093236714857492,3.9038148473873853,0,1
dpfi,separated_droplets,ID,25,63,3,5,false,false,1.046119711846154,2.7772471239831487,0.5803079850550876,-0.012952690502552402,2.7772111178525,2.799987273455,-0.022776155602500125,0.11351403398736945,0.08736061642362755,0.0261534175637419,0.03173036668882206,0.017199274063339157,19.567720371262737,42.140956748963646,false,false,"[""d_peak_multistart_ambiguity"",""nu_vp_multistart_ambiguity""]",true,false,false,3,7139.885895021249,0.9858997369540526,4.3109005390506905,0,0
dpfi,connected_modulated,SSP,50,0,3,5,false,false,0.9750302188201073,2.8577244074801187,0.9246411674410874,-0.026542842530318043,2.8253613144005003,2.751540046488,0.07382126791250032,0.593512141228162,0.6494770333465083,-0.05596489211834632,0.03614017239592316,0.040128088521652346,0.1278901598438746,0.173251015201821,true,true,[],true,false,false,3,7039.858114250089,0.9720875606531467,3.745675469987134,0,1
dpfi,connected_modulated,SSP,50,1,2,5,false,false,1.032378840399536,2.8411098676140076,0.9794173447837827,0.0035040757210251863,2.780749019895,2.751540046488,0.029208973407000016,0.6769937235220912,0.6494770333465083,0.027516690175582892,0.04175869173500862,0.04191018173111235,0.14451625446733918,0.04553227294770262,true,true,[],true,false,false,3,7149.155536146117,0.9871797205393699,4.420611747109008,0,0
dpfi,connected_modulated,SSP,50,2,3,5,false,false,0.9964586051462294,2.8603934863852123,0.9450160658128568,0.0419663373653821,2.8203255773644997,2.751540046488,0.06878553087649975,0.6213435184885805,0.6494770333465083,-0.02813351485792781,0.036390492152499884,0.04045067183314225,0.14981554382812326,0.0798608579258984,true,true,[],true,false,false,3,7202.653726606982,0.9945669326991138,3.8334339167280773,0,0
dpfi,connected_modulated,SSP,50,3,3,5,false,false,1.0051838117991312,2.8028811623595566,0.9776733163957564,0.037268152617466424,2.7362909351665,2.751540046488,-0.015249111321499864,0.692018342362958,0.6494770333465083,0.0425413090164497,0.043895062097271384,0.042993149961045925,0.07325504718216806,0.29027305920208235,true,true,[],true,false,false,3,7278.420821679258,1.0050291109747662,4.830748928195607,0,0
dpfi,connected_modulated,SSP,50,4,2,5,false,false,0.9991337993215473,2.8359594273043327,0.9591637072507613,-0.009553112863080287,2.7858510075445,2.751540046488,0.03431096105650022,0.6522463448882012,0.6494770333465083,0.0027693115416929093,0.03889849584276531,0.04125677517691593,0.16490503483551916,0.11660149460591857,true,true,[],true,false,false,3,7196.541753748141,0.9937229706915411,3.4846710484122028,0,0
dpfi,connected_modulated,SSP,50,5,4,5,false,false,0.9910494502450383,2.81296941961071,0.9942750379687579,-0.010062994246983068,2.7372962905250002,2.751540046488,-0.01424375596299976,0.7086837532830226,0.6494770333465083,0.059206719936514274,0.047138162076118116,0.04381719432120016,0.03843239765212948,0.006310239129832163,true,true,[],true,false,false,3,7171.333807907644,0.9902421717629997,3.9578343388939037,0,2
dpfi,connected_modulated,SSP,50,6,0,5,false,false,1.021856590334665,2.8771574727689253,1.03116954463487,0.01248133269966382,2.7891391202015,2.751540046488,0.03759907371349991,0.7258158374263947,0.6494770333465083,0.07633880407988636,0.04971303429845679,0.042308684502125646,0.026029916595534167,0.12794831274244847,true,true,[],true,false,false,3,7402.899924305397,1.0222176089899746,4.294038028086998,0,2
dpfi,connected_modulated,SSP,50,7,0,5,false,false,1.0326537451584972,2.828072993822352,1.0025402070161622,-0.006429348670075843,2.749894090864,2.751540046488,-0.0016459556239998285,0.7123229014927487,0.6494770333465083,0.06284586814624038,0.046849833797469514,0.04275183379604646,0.029194162073509035,0.04768287337834502,true,true,[],true,false,false,3,7223.2410648018795,0.9974097024029107,4.079570495477872,0,1
dpfi,connected_modulated,SSP,50,8,1,5,false,false,1.0414803485425905,2.7899015925591435,0.898532894774835,0.05661216960909591,2.7597853246410002,2.751540046488,0.008245278153000246,0.5873170304238646,0.6494770333465083,-0.062160002922643676,0.03347386561108301,0.03922194769015863,0.07013818785610017,0.1018367112222429,true,true,[],true,false,false,3,7133.255540784836,0.984984195082137,3.8043288433967146,0,1
dpfi,connected_modulated,SSP,50,9,2,5,false,false,1.0402310291635861,2.8012492836650282,0.9510148006941959,-0.03584624224499432,2.7498957045,2.751540046488,-0.0016443419879998977,0.6571853954084276,0.6494770333465083,0.007708362061919272,0.03832929452449226,0.04143315379143798,0.06723580999784858,0.012535427355443014,true,true,[],true,false,false,3,7156.24097602521,0.9881581021851988,4.211811964039398,0,0
dpfi,connected_modulated,SSP,50,10,0,5,false,false,1.0046294176429293,2.754005503731523,0.9297933245116505,0.027958905880198004,2.7061824909089998,2.751540046488,-0.04535755557900023,0.6499228745117527,0.6494770333465083,0.0004458411652443761,0.03831610626881135,0.04228358981913801,0.08451223895982343,0.07239703674217983,true,true,[],true,false,false,3,7190.589261247679,0.9929010302744655,4.0108782809947305,0,1
dpfi,connected_modulated,SSP,50,11,3,5,false,false,0.9787936988388307,2.804087286499456,0.8958309144502932,-0.039431092840656615,2.7762721969550004,2.751540046488,0.02473215046700039,0.5764687391346,0.6494770333465083,-0.07300829421190835,0.03466997070309099,0.04101497467959302,0.04211086313002262,0.23524119248117104,true,true,[],true,false,false,3,7541.214589920868,1.0413165686165242,4.505068134580382,0,1
dpfi,connected_modulated,SSP,50,12,1,5,false,false,0.9916586542025517,2.788849474779246,0.9601205092047751,-0.028484522044708693,2.7303498553195,2.751540046488,-0.02119019116849996,0.6752788199580189,0.6494770333465083,0.025801786611510558,0.04197467704519177,0.04355025559646103,0.16191241772230663,0.03884292710282301,true,true,[],true,false,false,3,7426.132683449866,1.0254256674192026,3.7428977242927846,0,1
dpfi,connected_modulated,SSP,50,13,2,5,false,false,1.0153533262460679,2.8033756627660114,0.9069871693320876,0.04437354449754109,2.7716530087805,2.751540046488,0.020112962292500036,0.5934102695917781,0.6494770333465083,-0.05606676375473019,0.03418698092990385,0.0403790509658199,0.277833942399732,0.14606271876514226,true,true,[],true,false,false,3,7137.6601647958505,0.9855924005517607,3.846416920510153,0,0
dpfi,connected_modulated,SSP,50,14,4,5,false,false,1.0061929960093587,2.7954717911130884,0.9323426618244077,0.03259945975180015,2.752432648238,2.751540046488,0.0008926017499999439,0.6338679807449865,0.6494770333465083,-0.015609052601521789,0.03706161696537241,0.04082540712741992,0.1088872348923878,0.22082558384021675,true,true,[],true,false,false,3,6791.445546899203,0.937785908160619,4.143416131137902,0,0
dpfi,connected_modulated,SSP,50,15,1,5,false,false,1.0056186996330572,2.803503209534202,0.96144023698717,-0.039711067460460193,2.7468376928355003,2.751540046488,-0.004702353652499713,0.6702924154080157,0.6494770333465083,0.020815382061507348,0.04154723333295169,0.04335293518452766,0.22502417380184758,0.133280044430322,true,true,[],true,false,false,3,7200.836711664445,0.994316033093682,3.737797649650908,0,1
dpfi,connected_modulated,SSP,50,16,1,5,false,false,1.029898509674777,2.7818322350781512,0.9534507513088952,0.038518208433782064,2.7259199597035,2.751540046488,-0.025620086784500007,0.669536905512119,0.6494770333465083,0.02005987216561067,0.041021415631178816,0.04321009125120516,0.1812728459777493,0.05763327045827773,true,true,[],true,false,false,3,7204.470093274347,0.9948177427885042,3.757813130865463,0,2
dpfi,connected_modulated,SSP,50,17,1,5,false,false,0.9897470799893248,2.8137231533262366,0.9272995820715434,0.06541468104808747,2.775278875655,2.751540046488,0.02373882916700021,0.6180554857439562,0.6494770333465083,-0.03142154760255211,0.03616656461766417,0.04067652839997932,0.15212585269469336,0.09817388499840111,true,true,[],true,false,false,3,7256.763971973829,1.002038659482716,4.041424468621265,0,2
dpfi,connected_modulated,SSP,50,18,4,5,false,false,1.0204441070660855,2.7574432433629306,0.9182118012018311,0.0027897318924970894,2.7156493437635003,2.751540046488,-0.03589070272449968,0.6317864408680095,0.6494770333465083,-0.0176905924784988,0.036204635811146454,0.04187067315850858,0.2855044524247657,0.16983417959787975,true,true,[],true,false,false,3,7057.482099206207,0.9745211404592939,4.041438040454335,0,0
dpfi,connected_modulated,SSP,50,19,4,5,false,false,1.0333842013254277,2.7853701851476287,0.9409433600592487,0.04417117078549609,2.7367195753005,2.751540046488,-0.014820471187499962,0.6507034617159417,0.6494770333465083,0.00122642836943343,0.039509255327525396,0.04313047752598011,0.18667178387342626,0.04895888769561078,true,true,[],true,false,false,3,7411.810611056736,1.0234480269340978,4.304937051066605,0,1
dpfi,connected_modulated,SSP,50,20,1,5,false,false,0.9986516544955998,2.814593420524697,0.9649826576926143,0.03019402102039215,2.7578514021525002,2.751540046488,0.006311355664500251,0.6699431512061478,0.6494770333465083,0.020466117859639477,0.040779613609711295,0.04189585515154198,0.0939543139905414,0.03770267953474537,true,true,[],true,false,false,3,7242.961596035908,1.0001327804523485,4.156115865355475,0,1
dpfi,connected_modulated,SSP,50,21,3,5,false,false,1.0109032562367684,2.8205287138252717,1.0212128400196354,0.0664913300057534,2.725797829919,2.751540046488,-0.025742216568999776,0.7381480864428034,0.6494770333465083,0.08867105309629508,0.05144259256077426,0.042689803341564234,0.11478948061421297,0.043713336535194,true,true,[],true,false,false,3,7007.598468235117,0.9676330389719853,3.636148653393265,0,1
dpfi,connected_modulated,SSP,50,22,3,5,false,false,1.0154414834784191,2.814044474154519,0.9403048259434451,-0.04185256488552332,2.7699029167705,2.751540046488,0.018362870282500054,0.636351814821949,0.6494770333465083,-0.013125218524559279,0.03893293198392041,0.04277445053718647,0.0673005334425457,0.13672729112978094,true,true,[],true,false,false,3,7440.85316817525,1.0274583220346936,3.824831618756533,0,1
dpfi,connected_modulated,SSP,50,23,0,5,false,false,1.0001399165922664,2.7884897033428753,0.9190748716718734,0.016539298278982557,2.75035200531,2.751540046488,-0.0011880411780000877,0.6181875717396084,0.6494770333465083,-0.03128946160689994,0.036296546691466945,0.041148484518553526,0.15066283284425216,0.0709470202283257,true,true,[],true,false,false,3,7403.6591278253145,1.0223224423951,4.165967381137525,0,1
dpfi,connected_modulated,SSP,50,24,2,5,false,false,1.018122083953803,2.8224338073295128,0.9617267216919962,0.01535836081987112,2.7688179488025,2.751540046488,0.017277902314499993,0.6619580607810261,0.6494770333465083,0.012481027434517844,0.04033822148523992,0.042068227677745686,0.13185415205888673,0.08584816552862319,true,true,[],true,false,false,3,7175.239770037357,0.9907815203034185,3.6736214777669547,0,0
dpfi,connected_modulated,SSP,50,25,1,5,false,false,0.9792804004301106,2.781968237802243,0.9586411106690773,0.033493463399425,2.7230922899045,2.751540046488,-0.028447756583500183,0.6764731230798348,0.6494770333465083,0.026996089733326456,0.04262886849924756,0.04384572390086134,0.16011522864184546,0.05225169057147335,true,true,[],true,false,false,3,7224.3503417991715,0.9975628751448732,4.847926629406924,0,0
dpfi,connected_modulated,SSP,50,26,1,5,false,false,1.0035493465380105,2.779342083180776,0.9311719443656822,-0.009985720820629118,2.7345874646635,2.751540046488,-0.01695258182449999,0.6398422679270217,0.6494770333465083,-0.009634765419486602,0.03735727490667332,0.04205850681322663,0.32640572513552707,0.3190190099580852,true,true,[],true,false,false,3,7372.097973866678,1.0179643708736092,4.104512057266367,0,1
dpfi,connected_modulated,SSP,50,27,3,5,false,false,0.9732931263645361,2.7844770670148056,0.9372799422356328,-0.013317688607097403,2.737518979253,2.751540046488,-0.014021067234999851,0.6460108690177829,0.6494770333465083,-0.003466164328725374,0.038185761031610886,0.04141624659467852,0.09425660648795856,0.5359659145968186,true,false,"[""nu_vp_multistart_ambiguity""]",true,false,false,3,7068.543905114899,0.9760485922555784,3.7527042405874953,0,1
dpfi,connected_modulated,SSP,50,28,1,5,false,false,1.0055699844745174,2.817757178698967,0.9548152290129023,0.00504582552681891,2.767041375592,2.751540046488,0.015501329104000039,0.6547227342799541,0.6494770333465083,0.005245700933445785,0.03964839983011524,0.04225713159975655,0.04222949723504922,0.09381879987166832,true,true,[],true,false,false,3,7055.271250859636,0.9742158589974642,3.7959598879770926,0,0
dpfi,connected_modulated,SSP,50,29,2,5,false,false,1.0270658506215362,2.8210252329457624,0.9438520300972024,-0.07969961728428444,2.776206346956,2.751540046488,0.024666300468000113,0.6380497059212555,0.6494770333465083,-0.011427327425252765,0.03797558691033434,0.0406533603089426,0.6592281859424717,0.11236096767863053,false,true,"[""d_peak_multistart_ambiguity""]",true,false,false,3,7302.773939102117,1.0083918722869534,3.9444244410454203,0,2
dpfi,connected_modulated,SSP,50,30,1,5,false,false,1.021158094738694,2.7351873239202265,0.957923068007815,0.007925971193198458,2.6676837220815,2.751540046488,-0.08385632440649982,0.6971308837858785,0.6494770333465083,0.047653850439370204,0.04428570281621017,0.044030592963254386,0.1074117262571372,0.031950226129493796,true,true,[],true,false,false,3,7236.255459114373,0.99920677424943,4.688700742373403,0,1
dpfi,connected_modulated,SSP,50,31,2,5,false,false,1.0009163176804803,2.7593450917626616,0.9115152351345499,0.02173442052660814,2.7207422750954997,2.751540046488,-0.030797771392500284,0.6211738277704741,0.6494770333465083,-0.028303205576034163,0.03588576163174801,0.04170950271795001,0.07833327562742276,0.07936530658561873,true,true,[],true,false,false,3,7297.334880356189,1.0076408285495981,4.33278028755852,0,2
dpfi,connected_modulated,SSP,50,32,2,5,false,false,0.9875660365739644,2.839450774869625,0.938154462000468,0.003529146910305888,2.799651738963,2.751540046488,0.04811169247500002,0.6214248258171944,0.6494770333465083,-0.02805220752931392,0.03772135513813477,0.04132584295539283,0.13276767682815535,0.04527413484357781,true,true,[],true,false,false,3,7112.100994973508,0.9820631034208103,4.2629693961358255,0,0
dpfi,connected_modulated,SSP,50,33,1,5,false,false,1.005030805613141,2.8275654854837278,0.8930970922983752,-0.026271749772254518,2.8027105838975,2.751540046488,0.05117053740949995,0.5611539594091502,0.6494770333465083,-0.08832307393735805,0.03310937625339108,0.0391761382692449,0.1985014594567328,0.10127910180182804,true,true,[],true,false,false,3,7399.456165292308,1.0217420830284876,4.033480315541755,0,1
dpfi,connected_modulated,SSP,50,34,2,5,false,false,1.0080592190959634,2.780155008738639,0.9569076678537627,0.022753922887225816,2.7219657296945,2.751540046488,-0.02957431679350009,0.6749834881903283,0.6494770333465083,0.02550645484381997,0.041948775408973654,0.04289272989007625,0.19725661772786285,0.04030608615066512,true,true,[],true,false,false,3,6806.10311743335,0.9398098753705262,3.938064842480042,0,1
dpfi,connected_modulated,SSP,50,35,4,5,false,false,1.0028251988268868,2.838291155679353,0.9597098368555405,0.04130715664402644,2.78826513907,2.751540046488,0.03672509258199996,0.6519159306187536,0.6494770333465083,0.002438897272245333,0.04026109811205514,0.042271570976806026,0.12002527901873189,0.06649298299908955,true,true,[],true,false,false,3,7120.204264015316,0.9831820303804634,3.894005266145188,0,2
dpfi,connected_modulated,SSP,50,36,2,5,false,false,1.0110699863274368,2.8642341729308467,0.9579433722361208,-0.020527865380228813,2.818900227564,2.751540046488,0.06736018107599984,0.6375469918397172,0.6494770333465083,-0.011930041506791111,0.038216027722729626,0.041070345609798685,0.040250815303472534,0.1485476667173616,true,true,[],true,false,false,3,7200.657630815371,0.9942913050007416,3.85902461028836,0,1
dpfi,connected_modulated,SSP,50,37,3,5,false,false,1.0190980775716494,2.8114504941948586,0.9561664956705772,-0.04011553656870546,2.7590174674515,2.751540046488,0.007477420963499792,0.6594877759191308,0.6494770333465083,0.010010742572622466,0.03818523280675572,0.040870240367382134,0.0766537343326769,0.11608629905999687,true,true,[],true,false,false,3,7354.093250172778,1.015478217367133,3.9198257308394977,0,2
dpfi,connected_modulated,SSP,50,38,1,5,false,false,1.027326571631657,2.779197659202325,0.9695208645666807,-0.011042537870496215,2.7131002272065,2.751540046488,-0.038439819281499865,0.6921604351039665,0.6494770333465083,0.04268340175745822,0.04199889047358224,0.041765099094784486,0.05278862484223664,0.13129068613273304,true,true,[],true,false,false,3,7204.092496651338,0.9947656029620737,3.787736820842923,0,2
dpfi,connected_modulated,SSP,50,39,1,5,false,false,1.0090846411949612,2.8010782567413193,0.9690619697166112,-0.04766440306737355,2.7395113165905,2.751540046488,-0.012028729897500146,0.6815620074063276,0.6494770333465083,0.03208497405981925,0.04222943607186421,0.042600194372860514,0.10333468674727635,0.10389558252873211,true,true,[],true,false,false,3,7223.487614052276,0.9974437467622584,4.533301477679663,0,1
dpfi,connected_modulated,SSP,50,40,4,5,false,false,0.9974268181582963,2.8260612276216284,0.8982620953573114,0.028408878918111936,2.7994966206825,2.751540046488,0.04795657419450006,0.5696222456540585,0.6494770333465083,-0.0798547876924498,0.034588574704094266,0.04013315433777716,0.06494030473115064,0.08892659097077137,true,true,[],true,false,false,3,7004.564920687035,0.9672141564052796,4.234862091487067,0,2
dpfi,connected_modulated,SSP,50,41,4,5,false,false,0.9674935946264882,2.8091283117799564,0.9654901858693772,0.040320978310790984,2.751137508453,2.751540046488,-0.0004025380349998997,0.6731303863152661,0.6494770333465083,0.023653352968757813,0.04092750219963234,0.041639966884614625,0.19174536786344068,0.04264235612724798,true,true,[],true,false,false,3,6978.367186558276,0.9635966841422641,4.254304968425922,0,1
dpfi,connected_modulated,SSP,50,42,1,5,false,false,0.9709649126473034,2.8299376690742064,0.9571949006484679,0.01725617239211283,2.779901025407,2.751540046488,0.028360978918999802,0.6523390291309402,0.6494770333465083,0.0028619957844319144,0.039413326085024944,0.04136206354960697,0.026061833091273138,0.03704982489223616,true,true,[],true,false,false,3,7187.806073625263,0.9925167182581142,3.8683956938624013,0,2
dpfi,connected_modulated,SSP,50,43,1,5,false,false,1.005780457647989,2.8256107492388334,0.9177759861793249,-0.00782615688764664,2.7923163024335,2.751540046488,0.04077625594550005,0.5986631588259375,0.6494770333465083,-0.050813874520570845,0.03513111729152703,0.04059403954174342,0.02818977653861244,0.11274129892976695,true,true,[],true,false,false,3,7199.487967924412,0.9941297939691263,3.4953405570535256,0,0
dpfi,connected_modulated,SSP,50,44,4,5,false,false,0.9922449928989093,2.7688655410303125,0.9085432736164433,0.07088935841711493,2.7326672378490002,2.751540046488,-0.01887280863899976,0.6122483450782956,0.6494770333465083,-0.037228688268212684,0.035603767347583276,0.04079475290210003,0.2869048020895278,0.14240104591270306,true,true,[],true,false,false,3,7125.315611831,0.9838878226775752,3.657859810946232,0,1
dpfi,connected_modulated,SSP,50,45,4,5,false,false,0.9868221017953888,2.7834243109893486,0.9142438891827372,0.035297651437705,2.746661037235,2.751540046488,-0.0048790092529999995,0.6135944140249278,0.6494770333465083,-0.035882619321580544,0.03600506156399592,0.040904379044833204,0.09218323700407244,0.13163351762420744,true,true,[],true,false,false,3,7219.564627334055,0.9969020474087346,3.9341891094089525,0,1
dpfi,connected_modulated,SSP,50,46,3,5,false,false,1.0116290485514219,2.8748037603125836,0.9094211865439189,-0.009549641690189452,2.84911315564,2.751540046488,0.09757310915200001,0.5632311224154438,0.6494770333465083,-0.08624591093106448,0.03378528442449909,0.03824346891867727,0.11630536169618937,0.14578946925982886,true,true,[],true,false,false,3,7331.307913881381,1.0123319406077576,3.720967345088565,0,2
dpfi,connected_modulated,SSP,50,47,1,5,false,false,0.9804789292376491,2.80925114729987,0.9789848417466605,-0.00282031972759002,2.7430930887634997,2.751540046488,-0.008446957724500326,0.6908385197124516,0.6494770333465083,0.04136148636594328,0.04406053160623884,0.043119054225506964,0.07588864246765492,0.07885087942046878,true,true,[],true,false,false,3,7207.042889599368,0.9951730032586811,3.6341439000382185,0,1
dpfi,connected_modulated,SSP,50,48,2,5,false,false,0.9995476500193293,2.8220508829968622,0.9500384607476325,-0.042440904080408945,2.7744045797765002,2.751540046488,0.022864533288500244,0.646163986337528,0.6494770333465083,-0.0033130470089802744,0.03828264169394253,0.04133464692133836,0.4168418721486763,0.24635148001846074,true,true,[],true,false,false,3,7189.690167741346,0.9927768803840578,4.086810085920132,0,1
dpfi,connected_modulated,SSP,50,49,3,5,false,false,0.9809969749561749,2.769335054074473,0.9075929912605413,-0.04529365014746538,2.7335747429515003,2.751540046488,-0.01796530353649972,0.610627840589554,0.6494770333465083,-0.03884919275695431,0.03548846315919379,0.04132152187377431,0.040484102905642305,0.16976814618790786,true,true,[],true,false,false,3,7262.239683946344,1.0027947644223065,3.5923635318050047,0,1
dpfi,connected_modulated,SSP,50,50,1,5,false,false,1.0105503804031426,2.788328886654963,0.9257593650121836,-0.007886439518303938,2.7472927808655,2.751540046488,-0.004247265622499885,0.6278801053452093,0.6494770333465083,-0.021596928001298976,0.03808154746049599,0.04222993502170835,0.1674478117023668,0.07543006465882943,true,true,[],true,false,false,3,6956.259016844033,0.9605439128478366,3.6372946516392646,0,0
dpfi,connected_modulated,SSP,50,51,1,5,false,false,1.013565656111997,2.749397370112909,0.9379654621070858,-0.0009453257370884056,2.696558671108,2.751540046488,-0.05498137538000014,0.6635175152591375,0.6494770333465083,0.014040481912629188,0.03863159444016438,0.041425923146770564,0.20165298779126686,0.24773175233715192,true,true,[],true,false,false,3,7168.409428955046,0.989838363567391,4.046120186327709,0,2
dpfi,connected_modulated,SSP,50,52,3,5,false,false,1.0134422022715104,2.836405999040533,0.9758747619604555,0.008876892683430967,2.7772684646265002,2.751540046488,0.025728418138500242,0.6744636839034392,0.6494770333465083,0.024986650556930945,0.040945306908927004,0.04130678690332946,0.09946673788667532,0.12669954891518373,true,true,[],true,false,false,3,7305.667897921623,1.008791479967084,4.585755654654021,0,0
dpfi,connected_modulated,SSP,50,53,3,5,false,false,1.0060416952878057,2.782088934947251,0.9536679952868639,-0.02902569803169209,2.726098548232,2.751540046488,-0.02544149825599984,0.6697121112537778,0.6494770333465083,0.020235077907269527,0.0413644187126227,0.04284802315739956,0.07321814369110126,0.06993586332589907,true,true,[],true,false,false,3,7129.7831892993545,0.9845047209747797,4.304819461193125,0,2
dpfi,connected_modulated,SSP,50,54,1,5,false,false,1.0235692281612625,2.7743249535995345,0.9229774884593651,0.04959538801787995,2.73266148146,2.751540046488,-0.018878565027999894,0.63056087617485,0.6494770333465083,-0.018916157171658288,0.035609350929710154,0.040790486481483694,0.1227148997780267,0.140276778899501,true,true,[],true,false,false,3,7160.262261821335,0.9887133750098502,4.516156313622027,0,1
dpfi,connected_modulated,SSP,50,55,4,5,false,false,1.0093504298752696,2.8366110691745017,0.9309520535341219,0.04906714777762847,2.7994544973115,2.751540046488,0.04791445082349988,0.612505308214792,0.6494770333465083,-0.036971725131716315,0.036395673369644645,0.040594419639223556,0.019213565535604358,0.07933937710774663,true,true,[],true,false,false,3,7134.823533170384,0.9852007088056315,4.577721449958295,0,0
dpfi,connected_modulated,SSP,50,56,3,5,false,false,1.0260069389713633,2.7579995984229053,0.9160194934458066,0.009253192900229483,2.7172636043565,2.751540046488,-0.03427644213150005,0.6283569682837982,0.6494770333465083,-0.021120065062710136,0.03662878601511403,0.041205545549124,0.12746561873694887,0.018485171717733683,true,true,[],true,false,false,3,7116.343091602961,0.9826488665566088,3.777041520585963,0,0
dpfi,connected_modulated,SSP,50,57,4,5,false,false,1.016777296884292,2.852180925771739,0.9360762943687989,0.031065093664566112,2.8148146001575,2.751540046488,0.06327455366949986,0.6125257212843376,0.6494770333465083,-0.03695131206217073,0.03620321408039644,0.04014882449028971,0.10187118688716569,0.03662679908388611,true,true,[],true,false,false,3,7110.630753648375,0.9818600874963235,4.167351277188755,0,1
dpfi,connected_modulated,SSP,50,58,3,5,false,false,1.0398690740587038,2.8186149366813718,0.9704517441182084,-0.01617287381165476,2.7594420318095,2.751540046488,0.007901985321499883,0.6753900113111077,0.6494770333465083,0.02591297796459935,0.04269487442854931,0.0435678963165083,0.020371114334937476,0.013074171251098311,true,true,[],true,false,false,3,7190.912520724398,0.9929456670428608,4.037357530960094,0,2
dpfi,connected_modulated,SSP,50,59,1,5,false,false,1.0012169998596647,2.8500391084993333,0.9834207502928123,-0.019948494788755072,2.788941581509,2.751540046488,0.037401535020999965,0.6782028797668982,0.6494770333465083,0.02872584642038989,0.0425687232927258,0.04225057513447331,0.10004804254319147,0.19074309650595433,true,true,[],true,false,false,3,7128.851634336019,0.984376088695943,3.961861640616576,0,1
dpfi,connected_modulated,SSP,50,60,3,5,false,false,0.9854450450872639,2.8011303003126926,0.9225878386592931,-0.009770156199399705,2.7630923224685002,2.751540046488,0.011552275980500237,0.6172462932955689,0.6494770333465083,-0.0322307400509394,0.03634830633416033,0.040760698028799155,0.1353198720260008,0.09136991784055983,true,true,[],true,false,false,3,7218.954099483342,0.9968177436458634,3.8421944159301935,0,2
dpfi,connected_modulated,SSP,50,61,3,5,false,false,0.9876703167678437,2.81198769376834,0.9707927065763298,-0.04384305020863752,2.7514076188045,2.751540046488,-0.00013242768349996936,0.6788665508368023,0.6494770333465083,0.029389517490293948,0.04162576583662695,0.04162526739460028,0.2649634083439582,0.1578407070676399,true,true,[],true,false,false,3,7261.203790767221,1.002651724767636,4.474136367387138,0,1
dpfi,connected_modulated,SSP,50,62,1,5,false,false,0.9979434541977827,2.820759879805742,0.9478922992334138,0.015979649734490304,2.7739725338075,2.751540046488,0.022432487319500094,0.6437949753959318,0.6494770333465083,-0.0056820579505765245,0.03808219902717824,0.04062767934671613,0.1794698878240259,0.2716599097027837,true,true,[],true,false,false,3,7180.050487543094,0.9914458005444758,3.818148375670766,0,2
dpfi,connected_modulated,SSP,50,63,4,5,false,false,0.9756280352505485,2.811048258905688,0.9752998348676626,-0.03739096466658781,2.7475568805865,2.751540046488,-0.003983165901499941,0.6852226265937095,0.6494770333465083,0.03574559324720117,0.04377653135157416,0.043492412461899596,0.044403609034000494,0.07241533294577832,true,true,[],true,false,false,3,7137.596720058723,0.9855836398865953,3.8986401925628438,0,0
dpfi,separated_droplets,ID,50,0,2,5,false,false,1.0283600077569603,2.809920312348129,0.5756576972436199,0.019715151861063016,2.809897344893,2.799987273455,0.009910071437999601,0.10115745412061819,0.08736061642362755,0.013796837696990638,0.022816950482691202,0.011589677993005278,33.09773951343244,65.72447783456518,false,false,"[""d_peak_multistart_ambiguity"",""nu_vp_multistart_ambiguity""]",true,false,false,3,7200.252375919115,0.9942353460258375,4.4801282721530775,0,0
dpfi,separated_droplets,ID,50,1,3,5,false,false,0.9806438248765385,2.7902775693582176,0.5392206044655824,0.013155843034621495,2.7902723537660004,2.799987273455,-0.009714919688999846,0.06996508813615973,0.08736061642362755,-0.01739552828746782,0.022796683048380034,0.00953869062723736,45.20967209202123,87.41386030375348,false,false,"[""d_peak_multistart_ambiguity"",""nu_vp_multistart_ambiguity""]",true,false,false,3,7049.078177552779,0.9733606983640954,4.725061544184525,0,0
dpfi,separated_droplets,ID,50,2,3,5,false,false,0.9873059940393335,2.822713361768171,0.5456789638956437,-0.0010538464406057739,2.8227080360915,2.799987273455,0.022720762636499803,0.07012840626712585,0.08736061642362755,-0.0172322101565017,0.02262641513849728,0.009643677525746422,33.752272376817174,81.24494769943492,false,false,"[""d_peak_multistart_ambiguity"",""nu_vp_multistart_ambiguity""]",true,false,false,3,7154.180791319661,0.9878736248715356,5.052096121067381,0,0
dpfi,separated_droplets,ID,50,3,1,5,false,false,0.9878357176603001,2.739743014024359,0.5397735812966085,0.0031884673181033,2.7397345111585,2.799987273455,-0.06025276229650034,0.07941635694390459,0.08736061642362755,-0.007944259479722965,0.023333069525786676,0.010520273514443625,35.453990189321615,76.60442009709223,false,false,"[""d_peak_multistart_ambiguity"",""nu_vp_multistart_ambiguity""]",true,false,false,3,7218.414397552298,0.9967432197669565,3.787222084883154,0,2
dpfi,separated_droplets,ID,50,4,3,5,false,false,1.0028297289105295,2.7987073080850493,0.5550697671847973,0.009227739670874225,2.7986970104599997,2.799987273455,-0.0012902629950004574,0.08286727026500386,0.08736061642362755,-0.004493346158623693,0.022885975410101386,0.010594024066484575,37.38063674945676,76.07861329261326,false,false,"[""d_peak_multistart_ambiguity"",""nu_vp_multistart_ambiguity""]",true,false,false,3,7146.528931394691,0.9868170300185987,4.282764832123534,0,0
dpfi,separated_droplets,ID,50,5,3,5,false,false,1.0021751607441274,2.767726308101135,0.5681746287763555,-0.003900124730262498,2.7677025577815,2.799987273455,-0.03228471567350022,0.10239446829584861,0.08736061642362755,0.01503385187222106,0.023320928425153573,0.012152399581087216,0.0920585374158733,0.020626421298996646,true,true,[],true,false,false,3,7260.585772972327,1.0025663867677888,3.7182866918736086,0,1
dpfi,separated_droplets,ID,50,6,3,5,false,false,0.9812882148196932,2.8152987206508553,0.5576696330885813,0.006503097902803551,2.8152886832929997,2.799987273455,0.015301409837999547,0.08221733072987436,0.08736061642362755,-0.005143285693753191,0.02294261476235163,0.010600077719244509,35.750894411454034,75.1249269489853,false,false,"[""d_peak_multistart_ambiguity"",""nu_vp_multistart_ambiguity""]",true,false,false,3,6987.253912288089,0.9648237934670103,3.9206850140548286,0,0
dpfi,separated_droplets,ID,50,7,1,5,false,false,0.990180454199088,2.7733333424537694,0.574034217089655,-0.012527328064996188,2.773304452354,2.799987273455,-0.026682821101000176,0.10747635454076701,0.08736061642362755,0.02011573811713946,0.02330834487451713,0.01264951501784945,29.281992684396464,58.45279329449354,false,false,"[""d_peak_multistart_ambiguity"",""nu_vp_multistart_ambiguity""]",true,false,false,3,7245.062007208167,1.0004228123734007,4.203645947169344,0,1
dpfi,separated_droplets,ID,50,8,1,5,false,false,0.9844192362676839,2.7691421488175285,0.5510773607756191,-0.0027365033132498015,2.769131042871,2.799987273455,-0.030856230584000333,0.08467135373166679,0.08736061642362755,-0.0026892626919607643,0.022985638965978737,0.010998472495604058,0.12158760877331642,0.0720501422436517,true,true,[],true,false,false,3,7134.648493900469,0.9851765387876924,3.9683871067007805,0,1
dpfi,separated_droplets,ID,50,9,3,5,false,false,0.9969921945883145,2.8023058574347033,0.562038759595099,0.00552011316225607,2.8022921957595,2.799987273455,0.002304922304499968,0.08890393425773105,0.08736061642362755,0.001543317834103497,0.02321501570498871,0.011327491461996598,44.375166807107746,71.97587186902318,false,false,"[""d_peak_multistart_ambiguity"",""nu_vp_multistart_ambiguity""]",true,false,false,3,7290.275980092771,1.0066661115841993,4.438780027309249,0,1
dpfi,separated_droplets,ID,50,10,0,5,false,false,1.0070796589034479,2.7960074571051474,0.5638241292171542,0.0176690705220292,2.795991870478,2.799987273455,-0.003995402977000406,0.0919326929432053,0.08736061642362755,0.00457207651957775,0.022894744067556975,0.011342213525912359,39.54620293283813,70.76013614231523,false,false,"[""d_peak_multistart_ambiguity"",""nu_vp_multistart_ambiguity""]",true,false,false,3,7275.59647388597,1.0046391154219787,3.6986424969288,0,1
dpfi,separated_droplets,ID,50,11,3,5,false,false,1.0112165325777496,2.820792716615135,0.5548347278933705,-0.01383969200244597,2.820784323543,2.799987273455,0.020797050087999924,0.07858423555517896,0.08736061642362755,-0.008776380868448591,0.022404991647896538,0.010025546599835395,0.13541478852927227,0.017344245277211467,true,true,[],true,false,false,3,7328.786568436491,1.0119837846501645,3.9616115542962778,0,0
dpfi,separated_droplets,ID,50,12,3,5,false,false,1.0123952892300747,2.7959373437152455,0.5641267186913781,-0.0015920483389544196,2.795921540822,2.799987273455,-0.004065732633000252,0.09225035351716748,0.08736061642362755,0.004889737093539931,0.022163330557278253,0.01095447222812612,42.587720186826154,73.58071578453486,false,false,"[""d_peak_multistart_ambiguity"",""nu_vp_multistart_ambiguity""]",true,false,false,3,7043.184796041628,0.9725469201935416,3.900299887743648,0,0
dpfi,separated_droplets,ID,50,13,3,5,false,false,1.0102085119270612,2.774641108066216,0.5483893602398171,0.032578294550076055,2.774631764438,2.799987273455,-0.025355509017000344,0.08105307813680791,0.08736061642362755,-0.006307538286819639,0.022774891042596408,0.01039616499043018,33.64872631127784,75.8011988172106,false,false,"[""d_peak_multistart_ambiguity"",""nu_vp_multistart_ambiguity""]",true,false,false,3,7051.8901250576255,0.9737489816428646,4.120556210073149,0,1
dpfi,separated_droplets,ID,50,14,0,5,false,false,1.0257581145588779,2.8157756872917252,0.5782443141137714,0.03405681237291002,2.815751319692,2.799987273455,0.015764046236999896,0.10261078703925697,0.08736061642362755,0.015250170615629416,0.02292202607604776,0.011997299906351209,42.94304304546544,66.57525342107193,false,false,"[""d_peak_multistart_ambiguity"",""nu_vp_multistart_ambiguity""]",true,false,false,3,7211.85553833679,0.9958375501707802,4.748127296951344,0,0
dpfi,separated_droplets,ID,50,15,0,5,false,false,0.986074565512414,2.7953083117492117,0.5527562826687521,0.009697694980687241,2.7952987747185,2.799987273455,-0.004688498736500346,0.08131816796384757,0.08736061642362755,-0.006042448459779984,0.022703514465490713,0.0106776058762351,43.157539856035754,76.66302499564763,false,false,"[""d_peak_multistart_ambiguity"",""nu_vp_multistart_ambiguity""]",true,false,false,3,6980.844689380497,0.96393878616135,3.986894486324318,0,2
dpfi,separated_droplets,ID,50,16,1,5,false,false,1.0080236375467686,2.7767001535425058,0.5864858318390038,0.030528217145269244,2.776654184347,2.799987273455,-0.023333089108000138,0.12066241988928367,0.08736061642362755,0.033301803465656116,0.02354890914330769,0.01334571785490221,46.471327906838546,58.845588916230014,false,false,"[""d_peak_multistart_ambiguity"",""nu_vp_multistart_ambiguity""]",true,false,false,3,7268.970938971481,1.0037242390184316,4.267822112984852,0,1
dpfi,separated_droplets,ID,50,17,1,5,false,false,0.9938796292345884,2.7957640027028505,0.5449807732153319,0.0014634436731921661,2.795757425842,2.799987273455,-0.0042298476130002705,0.07410331610318906,0.08736061642362755,-0.013257300320438495,0.022958143869061854,0.00992458853163342,44.457426250383,83.59651376125998,false,false,"[""d_peak_multistart_ambiguity"",""nu_vp_multistart_ambiguity""]",true,false,false,3,7075.145047581647,0.9769601004669494,3.9880769944521517,0,1
dpfi,separated_droplets,ID,50,18,2,5,false,false,0.9986463778640172,2.8032754681782412,0.5679457827450403,0.0033352075804249635,2.8032579408740004,2.799987273455,0.0032706674190001728,0.09460677766634959,0.08736061642362755,0.007246161242722038,0.023356509036768273,0.011822538052887495,0.02276945615730112,0.032582242786712526,true,true,[],true,false,false,3,7156.367227226674,0.988175535380651,4.448620047484554,0,0
dpfi,separated_droplets,ID,50,19,0,5,false,false,1.030630885934936,2.7821389672193635,0.5512765661202389,-0.020487176596796285,2.7821289673344998,2.799987273455,-0.017858306120500433,0.08238408063163269,0.08736061642362755,-0.004976535791994863,0.02285105847268296,0.01043993899784018,28.064877241098003,70.7835970403392,false,false,"[""d_peak_multistart_ambiguity"",""nu_vp_multistart_ambiguity""]",true,false,false,3,7240.473605523812,0.9997892302573614,3.9160637963061,0,0
dpfi,separated_droplets,ID,50,20,2,5,false,false,0.991771430489224,2.7846421927433815,0.5552395013742026,0.02515876317836452,2.7846304642465,2.799987273455,-0.015356809208500355,0.08571359467716849,0.08736061642362755,-0.0016470217464590597,0.022774221916509928,0.011040620274189448,0.04351946293196813,0.011094252829915332,true,true,[],true,false,false,3,7056.063171414612,0.974325210082106,3.662644593349885,0,2
dpfi,separated_droplets,ID,50,21,3,5,false,false,1.0034507193896982,2.8314298551269386,0.568466932352277,-0.004059535835655837,2.8314156926985,2.799987273455,0.03142841924349993,0.08947577707443623,0.08736061642362755,0.0021151606508086757,0.023033763349885227,0.011194767793743796,38.62783219711831,71.67160387322392,false,false,"[""d_peak_multistart_ambiguity"",""nu_vp_multistart_ambiguity""]",true,false,false,3,7139.729633103247,0.9858781597767532,3.9011743758891466,0,1
dpfi,separated_droplets,ID,50,22,0,5,false,false,0.9863581999288089,2.813272682662244,0.5537462467001012,-0.03974890194027856,2.813264157967,2.799987273455,0.013276884511999931,0.07894305437844704,0.08736061642362755,-0.008417562045180516,0.022685686501707034,0.0104874786265246,38.49181858172082,76.76945626897344,false,false,"[""d_peak_multistart_ambiguity"",""nu_vp_multistart_ambiguity""]",true,false,false,3,7462.2299730298455,1.0304101039809233,4.450237381605535,0,1
dpfi,separated_droplets,ID,50,23,1,5,false,false,1.0338786099192603,2.8319590941320136,0.5690412222199909,0.03556575353782732,2.8319446371385,2.799987273455,0.031957363683499995,0.0899330132802051,0.08736061642362755,0.0025723968565775496,0.023112477643074152,0.010931941327502928,35.55067689260562,72.24465444126824,false,false,"[""d_peak_multistart_ambiguity"",""nu_vp_multistart_ambiguity""]",true,false,false,3,7290.006889292149,1.0066289546109015,3.9096961806453168,0,1
dpfi,separated_droplets,ID,50,24,3,5,false,false,0.9889060959158725,2.7564763562366625,0.5460946109119322,0.0018658336956548147,2.756466493296,2.799987273455,-0.04352078015900007,0.08229103173047625,0.08736061642362755,-0.005069584693151302,0.023614411870136177,0.010907970616078325,33.212991281136546,72.34092601603868,false,false,"[""d_peak_multistart_ambiguity"",""nu_vp_multistart_ambiguity""]",true,false,false,3,7247.684078045635,1.0007848768359064,3.5908365724310456,0,2
dpfi,separated_droplets,ID,50,25,1,5,false,false,0.9620852831693999,2.786739283114689,0.5480863059991283,-0.0039047191881292275,2.786731011012,2.799987273455,-0.013256262443000377,0.07853766533864716,0.08736061642362755,-0.008822951084980393,0.022939178651015024,0.010642633535676741,0.05105298652216257,0.015286811086629536,true,true,[],true,false,false,3,7174.638168546257,0.9906984491226535,4.205317347108434,0,1
dpfi,separated_droplets,ID,50,26,3,5,false,false,0.9953372025624229,2.816147755181577,0.5550642072150863,0.02503771116286198,2.8161389182630003,2.799987273455,0.016151644808000132,0.07963554259322236,0.08736061642362755,-0.007725073830405188,0.02263702007027775,0.010261561678834106,36.56467959333062,77.90911637061342,false,false,"[""d_peak_multistart_ambiguity"",""nu_vp_multistart_ambiguity""]",true,false,false,3,7172.645701900945,0.9904233225491501,4.509447595180353,0,2
dpfi,separated_droplets,ID,50,27,1,5,false,false,0.9739887389224773,2.782246788311676,0.5567073660497353,-0.003935251775836975,2.782233995106,2.799987273455,-0.0177532783490002,0.0876138760004737,0.08736061642362755,0.00025325957684614597,0.022882747421550456,0.01125319427326404,27.94122095862729,66.05278937331819,false,false,"[""d_peak_multistart_ambiguity"",""nu_vp_multistart_ambiguity""]",true,false,false,3,7381.006429416339,1.0191944807258133,4.413117198589316,0,1
dpfi,separated_droplets,ID,50,28,1,5,false,false,1.0061169651544752,2.7736761064310382,0.5538354208165142,0.0051209523978862186,2.7736640017729997,2.799987273455,-0.02632327168200055,0.08647764627892639,0.08736061642362755,-0.0008829701447011645,0.022666101632103936,0.010909658611635942,27.32055494569046,66.78369371351558,false,false,"[""d_peak_multistart_ambiguity"",""nu_vp_multistart_ambiguity""]",true,false,false,3,7030.486032359,0.9707934316982878,5.068955892540335,0,0
dpfi,separated_droplets,ID,50,29,2,5,false,false,0.9926670306603109,2.7716695649613508,0.5486860716612812,0.005478273011353229,2.7716598386165003,2.799987273455,-0.028327434838499865,0.08189218238081827,0.08736061642362755,-0.005468434042809278,0.023291858711236745,0.010673886136507672,0.030968722674436143,0.048913460854944794,true,true,[],true,false,false,3,7255.235529742171,1.0018276069790348,4.216019564367603,0,1
dpfi,separated_droplets,ID,50,30,3,5,false,false,1.0046707633075538,2.7719074922209064,0.552451074897558,0.014980758727219535,2.771895949119,2.799987273455,-0.028091324336000145,0.08547084391670773,0.08736061642362755,-0.0018897725069198235,0.023641451420947632,0.010968597122028485,35.13640304378587,72.59223813394756,false,false,"[""d_peak_multistart_ambiguity"",""nu_vp_multistart_ambiguity""]",true,false,false,3,7377.402715686779,1.0186968676728498,3.5317576388269702,0,2
dpfi,separated_droplets,ID,50,31,1,5,false,false,1.0063261681544353,2.794269642062786,0.5598071692116569,-0.01267908157575909,2.794256389652,2.799987273455,-0.005730883803000353,0.08829416032900034,0.08736061642362755,0.0009335439053727856,0.02282213205637353,0.011074441574817248,0.01567649462442292,0.033378512527196515,true,true,[],true,false,false,3,7145.883075831471,0.9867278480849863,3.9687085821159447,0,0
dpfi,separated_droplets,ID,50,32,1,5,false,false,1.0026174453823247,2.8030734124990686,0.5662655536144235,0.005809137481944865,2.8030570817490004,2.799987273455,0.0030698082940001648,0.09295161332124693,0.08736061642362755,0.0055909968976193825,0.023032104649942896,0.011464037032613781,0.07438891058983911,0.16925973015717324,true,true,[],true,false,false,3,7020.993149393579,0.9694826221200744,4.7057479670043785,0,0
dpfi,separated_droplets,ID,50,33,1,5,false,false,0.9850710997107646,2.792359425379819,0.5611913897597471,-0.029819837129109263,2.7923451029699997,2.799987273455,-0.007642170485000488,0.09003934567846095,0.08736061642362755,0.002678729254833395,0.023146999743241973,0.011358356445727597,0.25821940002162164,0.13744173664329168,true,true,[],true,false,false,3,7256.608950311337,1.0020172535641172,3.8830511990155165,0,1
dpfi,separated_droplets,ID,50,34,1,5,false,false,0.9634057509041388,2.8098214265444583,0.5413669979505361,-0.007002007717636474,2.8098165819555,2.799987273455,0.009829308500499678,0.06856697347523555,0.08736061642362755,-0.018793642948392003,0.022806542811752036,0.009802277540293678,35.50161419876772,81.43274626562962,false,false,"[""d_peak_multistart_ambiguity"",""nu_vp_multistart_ambiguity""]",true,false,false,3,7218.809040243393,0.9967977133724651,4.815645190741475,0,1
dpfi,separated_droplets,ID,50,35,3,5,false,false,1.0193683488996836,2.820699870038595,0.5616681164569229,0.022466760269969847,2.820688388046,2.799987273455,0.02070111459099966,0.0849861744731894,0.08736061642362755,-0.0023744419504381498,0.02231540755345395,0.01083375037606972,41.672273393347275,74.79202669771075,false,false,"[""d_peak_multistart_ambiguity"",""nu_vp_multistart_ambiguity""]",true,false,false,3,7493.950658674359,1.0347902041803865,3.8286558125881345,0,2
dpfi,separated_droplets,ID,50,36,1,5,false,false,0.9980300551911773,2.819588479315038,0.5553086722232624,0.00626091730838659,2.8195798077785,2.799987273455,0.019592534323499944,0.07923628098900537,0.08736061642362755,-0.008124335434622182,0.02289568046654888,0.01036513634743401,0.10437427354435357,0.020743446017324804,true,true,[],true,false,false,3,7182.594335808255,0.9917970637680551,5.0398015430827945,0,2
dpfi,separated_droplets,ID,50,37,1,5,false,false,1.0191487061225826,2.8014881681645254,0.5545258858681653,0.030993669727545622,2.8014783657085003,2.799987273455,0.0014910922535000815,0.08183273313250221,0.08736061642362755,-0.005527883291125343,0.022861264084008837,0.01045494499801189,37.44721168593755,77.28897750480745,false,false,"[""d_peak_multistart_ambiguity"",""nu_vp_multistart_ambiguity""]",true,false,false,3,7242.858803795165,1.000118586550009,3.917474999745936,0,1
dpfi,separated_droplets,ID,50,38,3,5,false,false,0.9655664977332371,2.783152199652856,0.5465177157635988,-0.0023358536651014155,2.783144268974,2.799987273455,-0.01684300448100018,0.0777397704945309,0.08736061642362755,-0.00962084592909665,0.022806849250917097,0.010594708076416222,37.97424091173725,76.42151875121988,false,false,"[""d_peak_multistart_ambiguity"",""nu_vp_multistart_ambiguity""]",true,false,false,3,7336.419433510664,1.013037756629476,3.9004080060198207,0,1
dpfi,separated_droplets,ID,50,39,0,5,false,false,1.0051041659657112,2.7885992191323394,0.5640275296206633,-0.02015395183565903,2.788582481483,2.799987273455,-0.011404791972000172,0.0936460348737094,0.08736061642362755,0.006285418450081848,0.022617744926300084,0.011441945595858868,0.06451950653148561,0.019744406330538745,true,true,[],true,false,false,3,7333.13151953361,1.0125837502808077,4.3714474835795345,0,1
dpfi,separated_droplets,ID,50,40,2,5,false,false,1.0165991124508695,2.781260104534075,0.5729247921981466,0.013069304735775267,2.7812342103464998,2.799987273455,-0.018753063108500445,0.10450196638141361,0.08736061642362755,0.01714134995778606,0.023100080400513312,0.012177451445617615,40.78459243553389,65.37553139519207,false,false,"[""d_peak_multistart_ambiguity"",""nu_vp_multistart_ambiguity""]",true,false,false,3,7180.418817905973,0.9914966608541802,3.8007457706599683,0,2
dpfi,separated_droplets,ID,50,41,3,5,false,false,0.9734297236085186,2.8185203954473814,0.551469696707273,0.008612405409655756,2.8185130838605,2.799987273455,0.018525810405499943,0.07593667898491786,0.08736061642362755,-0.011423937438709689,0.02282045020551293,0.010285653885989458,0.02695700498720131,0.05123296822285763,true,true,[],true,false,false,3,7363.946865823762,1.016838838141917,4.081914895606945,0,2
dpfi,separated_droplets,ID,50,42,3,5,false,false,0.9936562785808188,2.824701582637645,0.576906489649125,0.0015663748434131058,2.8246801329544997,2.799987273455,0.02469285949949951,0.09931390202680382,0.08736061642362755,0.011953285603176267,0.022412370487625278,0.01175568453564099,43.97638525227376,68.23428150490946,false,false,"[""d_peak_multistart_ambiguity"",""nu_vp_multistart_ambiguity""]",true,false,false,3,7162.989988719767,0.9890900288207356,4.00064820545422,0,1
dpfi,separated_droplets,ID,50,43,1,5,false,false,0.9936181475985488,2.7788823220522376,0.5506219820550187,0.014500821287344836,2.778872338162,2.799987273455,-0.021114935293000237,0.08237523871360904,0.08736061642362755,-0.004985377710018515,0.02314675595150029,0.010697894291129786,0.12800397225028545,0.041618162577403375,true,true,[],true,false,false,3,7266.014867946016,1.003316054673573,4.030160102319434,0,1
dpfi,separated_droplets,ID,50,44,3,5,false,false,0.9997169996813016,2.8202595302714,0.575931624393968,0.020454070311314212,2.8202381745430003,2.799987273455,0.020250901088000095,0.09924404921371449,0.08736061642362755,0.01188343279008694,0.02291036472775177,0.012126799563449475,0.035680015823150266,0.03356640181528626,true,true,[],true,false,false,3,7165.770633728348,0.9894739897443176,3.9750606005442823,0,1
dpfi,separated_droplets,ID,50,45,3,5,false,false,0.9846566495650801,2.7939956593539974,0.5548572435612328,-0.028370602330417133,2.7939850335255,2.799987273455,-0.00600223992950033,0.08355468472990646,0.08736061642362755,-0.003805931693721093,0.023136469050685154,0.010832744550691801,43.150745285414885,75.50950616616572,false,false,"[""d_peak_multistart_ambiguity"",""nu_vp_multistart_ambiguity""]",true,false,false,3,7237.028964108492,0.9993135824507722,3.888530533040074,0,1
dpfi,separated_droplets,ID,50,46,3,5,false,false,0.9938421373198306,2.7880817435498444,0.5601648098501142,0.010333264782111447,2.788067548196,2.799987273455,-0.011919725259000202,0.08987351302621635,0.08736061642362755,0.002512896602588799,0.021807424918096896,0.011184765263133424,48.1312851242456,72.89101035401016,false,false,"[""d_peak_multistart_ambiguity"",""nu_vp_multistart_ambiguity""]",true,false,false,3,7115.22964936247,0.9824951186636938,4.840345009237186,0,1
dpfi,separated_droplets,ID,50,47,3,5,false,false,0.9890437439028794,2.796546655250008,0.5399712394988355,0.04073175632436359,2.7965415461055,2.799987273455,-0.003445727349500327,0.06956643462139767,0.08736061642362755,-0.017794181802229886,0.022966350053353225,0.00970677894115197,35.37236553312869,82.70813127765796,false,false,"[""d_peak_multistart_ambiguity"",""nu_vp_multistart_ambiguity""]",true,false,false,3,7143.070169049859,0.9863394323460175,4.07218788600669,0,0
dpfi,separated_droplets,ID,50,48,3,5,false,false,1.019456086253505,2.8129069439853724,0.5643543933244889,0.03681507356393951,2.812893115715,2.799987273455,0.012905842259999911,0.08908950566721022,0.08736061642362755,0.0017288892435826653,0.022819032471115164,0.0112106247510784,45.217802616855415,72.69504646597365,false,false,"[""d_peak_multistart_ambiguity"",""nu_vp_multistart_ambiguity""]",true,false,false,3,7069.960535419397,0.9762442053879311,3.6858343864972203,0,0
dpfi,separated_droplets,ID,50,49,3,5,false,false,1.0030297335579124,2.812821208880803,0.5735999884188475,0.03156600876780936,2.812800621519,2.799987273455,0.012813348063999808,0.0984044976693137,0.08736061642362755,0.011043881245686143,0.022988492728500495,0.011991314752541171,34.53898389813186,65.15589458505694,false,false,"[""d_peak_multistart_ambiguity"",""nu_vp_multistart_ambiguity""]",true,false,false,3,7142.239242612646,0.9862246951964438,3.993769916571849,0,1
dpfi,separated_droplets,ID,50,50,3,5,false,false,1.0097395202388544,2.779844061554569,0.5597538578475215,0.0050289295305266995,2.7798291078115,2.799987273455,-0.020158165643500148,0.0911173087457421,0.08736061642362755,0.0037566923221145493,0.021787300115097927,0.01155286288197528,0.20528558255828444,0.10047288878414441,true,true,[],true,false,false,3,7495.479512136947,1.0350013134682334,4.476634929804092,0,0
dpfi,separated_droplets,ID,50,51,1,5,false,false,0.9596395275181374,2.7865222798228984,0.5587671053336655,0.0083766303772397,2.7865087590544997,2.799987273455,-0.013478514400500519,0.08879915618325204,0.08736061642362755,0.0014385397596244909,0.022880278688992225,0.011500892847089212,0.3076725276902911,0.05559903419531661,true,true,[],true,false,false,3,7380.515507577447,1.0191266925679987,4.277580752887383,0,1
dpfi,separated_droplets,ID,50,52,3,5,false,false,1.0182225175887032,2.802605043932465,0.5663746101713822,0.007500268892091637,2.802588571405,2.799987273455,0.002601297949999637,0.09315648574210796,0.08736061642362755,0.005795869318480404,0.023502305458638063,0.011469451837308055,32.21354618271023,67.43840341130758,false,false,"[""d_peak_multistart_ambiguity"",""nu_vp_multistart_ambiguity""]",true,false,false,3,7251.550355255193,1.0013187455475272,4.860223058417481,0,0
dpfi,separated_droplets,ID,50,53,3,5,false,false,0.9737139111038751,2.8048994528146864,0.5493778536715825,0.011162687000172162,2.8048919756129997,2.799987273455,0.004904702157999541,0.07645541747586887,0.08736061642362755,-0.010905198947758682,0.022483724814298892,0.010025319374084678,40.863264999810006,81.57431520858054,false,false,"[""d_peak_multistart_ambiguity"",""nu_vp_multistart_ambiguity""]",true,false,false,3,7103.482937293733,0.9808730926945226,3.700057478362431,0,2
dpfi,separated_droplets,ID,50,54,3,5,false,false,0.9943494475109637,2.7695932493002253,0.5645022129322561,-0.007691925554499496,2.7695732209815,2.799987273455,-0.030414052473500153,0.09810885066607183,0.08736061642362755,0.010748234242444282,0.02243714559430529,0.011532792475539273,0.055200622057482364,0.027270103981368657,true,true,[],true,false,false,3,7303.432931359174,1.0084828681799467,3.9035684231054715,0,1
dpfi,separated_droplets,ID,50,55,2,5,false,false,0.9806121601150349,2.836464333043671,0.5591441613976811,0.040822464988775065,2.8364554013629997,2.799987273455,0.03646812790799947,0.07970478417798316,0.08736061642362755,-0.007655832245644395,0.022025184670071807,0.01046466274805186,0.09904118261329854,0.04363655210841341,true,true,[],true,false,false,3,7298.78143543367,1.0078405737964196,4.056432966602179,0,1
dpfi,separated_droplets,ID,50,56,2,5,false,false,0.9953595116805658,2.8218593768349014,0.5620656346807498,-0.028120977667035838,2.821847803919,2.799987273455,0.021860530463999606,0.08514510132236525,0.08736061642362755,-0.0022155151012623053,0.022804233688369084,0.010819801976678792,47.18536276591959,75.70066705704652,false,false,"[""d_peak_multistart_ambiguity"",""nu_vp_multistart_ambiguity""]",true,false,false,3,7073.51635257685,0.9767352047192558,3.897619867382862,0,1
dpfi,separated_droplets,ID,50,57,2,5,false,false,0.9914041048682956,2.8339070160446083,0.5656395972286599,-0.011980910224388136,2.833894769966,2.799987273455,0.033907496511,0.08626468268789392,0.08736061642362755,-0.001095933735733634,0.023050585076631127,0.011218006321829057,37.50705553114128,71.4777421105552,false,false,"[""d_peak_multistart_ambiguity"",""nu_vp_multistart_ambiguity""]",true,false,false,3,7138.087401973347,0.9856513949148505,4.579933095250994,0,1
dpfi,separated_droplets,ID,50,58,3,5,false,false,0.9760709597191004,2.7825793623315107,0.5525313377232319,-0.00809519379579354,2.7825688084185,2.799987273455,-0.01741846503650013,0.08349839981062955,0.08736061642362755,-0.0038622166129980012,0.022799618248093186,0.010884803302084954,0.02527194831641664,0.04136033297510865,true,true,[],true,false,false,3,7095.318678385075,0.9797457440465445,4.11949712697754,0,2
dpfi,separated_droplets,ID,50,59,2,5,false,false,0.999861071327951,2.7623156317079425,0.5452623761772182,-0.010176033409375425,2.762306626703,2.799987273455,-0.037680646752000335,0.0803982326240811,0.08736061642362755,-0.0069623837995464455,0.022599414959618532,0.010366710548736328,30.068722321251197,74.04698762798854,false,false,"[""d_peak_multistart_ambiguity"",""nu_vp_multistart_ambiguity""]",true,false,false,3,7131.570609311522,0.984751534011533,3.8619766730360765,0,0
dpfi,separated_droplets,ID,50,60,3,5,false,false,1.0022856598001997,2.7990707390524103,0.560906324388438,0.008591292092522301,2.7990573826645,2.799987273455,-0.0009298907905002096,0.08842881355988462,0.08736061642362755,0.001068197136257068,0.022581028129094252,0.010747727553506307,44.35292426902762,75.73488700500764,false,false,"[""d_peak_multistart_ambiguity"",""nu_vp_multistart_ambiguity""]",true,false,false,3,7251.583410433137,1.001323309918964,4.055915032832387,0,0
dpfi,separated_droplets,ID,50,61,1,5,false,false,1.0289372981997242,2.7661159006921596,0.5477811025358977,0.02124997953000527,2.7661061055219998,2.799987273455,-0.033881167933000444,0.08207773665531001,0.08736061642362755,-0.005282879768317539,0.022630653020585065,0.010332867716795912,0.2675235717896591,0.19206434948209036,true,true,[],true,false,false,3,7270.036731720581,1.003871407307454,3.9000270188310098,0,1
dpfi,separated_droplets,ID,50,62,1,5,false,false,0.9551456509928414,2.8022749544897136,0.5426147354401873,-0.01149489140527387,2.8022694312,2.799987273455,0.0022821577449998465,0.07089849694452502,0.08736061642362755,-0.016462119479102533,0.02302944889882909,0.010021558989410257,0.10018472175063428,0.0810929740655364,true,true,[],true,false,false,3,7119.416991905663,0.9830733211689675,4.0189779693749115,0,0
dpfi,separated_droplets,ID,50,63,3,5,false,false,0.9845456009892479,2.816817842893661,0.5393060401544418,0.0022881418004588303,2.8168137488785003,2.799987273455,0.01682647542350013,0.06570136767035184,0.08736061642362755,-0.02165924875327571,0.022894446275495313,0.009207881863828947,39.615989697085524,89.26256630882966,false,false,"[""d_peak_multistart_ambiguity"",""nu_vp_multistart_ambiguity""]",true,false,false,3,7223.467936991148,0.9974410296867092,4.464617977439941,0,2
dpfi,connected_modulated,SSP,100,0,4,5,false,false,1.0143270417660342,2.801988418507332,0.9354493650186803,-0.023331858000182254,2.7584193718309997,2.751540046488,0.006879325342999731,0.6351858632562302,0.6494770333465083,-0.014291170090278138,0.025940804864823395,0.02828228110909065,0.02705450082050595,0.08417153384647963,true,true,[],true,false,false,3,7100.179743590321,0.9804169764692517,3.7211872763139144,0,2
dpfi,connected_modulated,SSP,100,1,4,5,false,false,1.0113118113143196,2.7941503495931346,0.940569595416045,0.004651514411031492,2.747012623627,2.751540046488,-0.004527422860999941,0.6460576693900315,0.6494770333465083,-0.0034193639564767953,0.02638788605579301,0.028561033590895003,0.10184011587051493,0.1101262879758508,true,true,[],true,false,false,3,7057.564266759509,0.9745324864346188,4.418288332803408,0,0
dpfi,connected_modulated,SSP,100,2,2,5,false,false,0.9951012054477744,2.766399263383541,0.9416047024166562,0.011040950023848648,2.714400798014,2.751540046488,-0.03713924847399985,0.6605385096950926,0.6494770333465083,0.011061476348584343,0.026666983467546465,0.028540724885612878,0.020627601155918624,0.09846079519528853,true,true,[],true,false,false,3,7121.8690183519575,0.9834119053233854,4.521350463054832,0,0
dpfi,connected_modulated,SSP,100,3,2,5,false,false,1.0143772723384585,2.8341288939750227,0.9642278543842523,-0.06039531077992122,2.781087229673,2.751540046488,0.029547183185000048,0.6599582678041818,0.6494770333465083,0.01048123445767346,0.027658583385994136,0.02841540602574811,0.031484822336950526,0.09393509649446383,true,true,[],true,false,false,3,7111.4766215400205,0.9819768878127617,3.4998230458317283,0,0
dpfi,connected_modulated,SSP,100,4,2,5,false,false,1.0194492867536893,2.8076530182753574,0.9146591741044535,0.0052108096576424165,2.773545171935,2.751540046488,0.02200512544699995,0.6026386983066713,0.6494770333465083,-0.04683833503983703,0.023780092227100418,0.027363097184352272,0.2332995945733768,0.3100274664242917,true,true,[],true,false,false,3,7173.615551858568,0.990557242731092,3.568661123019361,0,1
dpfi,connected_modulated,SSP,100,5,1,5,false,false,0.9908811646636558,2.793531511941285,0.9088637459223892,0.045443882629500845,2.7600491688775,2.751540046488,0.008509122389499968,0.6008826081615446,0.6494770333465083,-0.04859442518496371,0.02430265786907802,0.02782154109793655,0.12702287844934373,0.1353718195009195,true,true,[],true,false,false,3,7276.246539002578,1.0047288786250452,3.962082402731836,0,1
dpfi,connected_modulated,SSP,100,6,2,5,false,false,0.9846146530752355,2.806886317099512,0.9545424637697639,-0.02519883685686581,2.7545765883640003,2.751540046488,0.0030365418760003315,0.6593899050386106,0.6494770333465083,0.00991287169210231,0.027141161872929025,0.02840304112272616,0.06869075937976267,0.2736756536690879,true,true,[],true,false,false,3,7204.682032823232,0.9948470081225119,3.932313571932322,0,1
dpfi,connected_modulated,SSP,100,7,3,5,false,false,0.9920242479548171,2.785989494675806,0.9686031824126994,-0.020172505484734857,2.72181992086,2.751540046488,-0.029720125628000194,0.6878546508962922,0.6494770333465083,0.03837761754978386,0.029677264865715966,0.0294659328896426,0.09570626244877141,0.09696167019823,true,true,[],true,false,false,3,7225.328772898141,0.9976979802400084,3.5155825176563154,0,1
dpfi,connected_modulated,SSP,100,8,3,5,false,false,0.9959364167965317,2.7577118666387,0.9453907020619639,0.044187883029541734,2.7021675189604997,2.751540046488,-0.04937252752750032,0.6698199558251738,0.6494770333465083,0.020342922478665537,0.02802022107071197,0.029271500336568425,0.15246912002297022,0.26379355877588606,true,true,[],true,false,false,3,7183.796546786018,0.9919630691502371,4.2412680400074185,0,0
dpfi,connected_modulated,SSP,100,9,3,5,false,false,0.9919767399578583,2.806884757240158,0.9683472110820546,0.004713207422510754,2.7468207841945,2.751540046488,-0.004719262293499948,0.6779603531493837,0.6494770333465083,0.02848331980287544,0.0283611060145721,0.028103437527686667,0.08896194951647513,0.06367520748114075,true,true,[],true,false,false,3,7195.211623142369,0.993539301731893,4.432799246833388,0,2
dpfi,connected_modulated,SSP,100,10,3,5,false,false,1.0011404044937928,2.7852754701996547,0.9218713933098005,0.0038107267962564388,2.745541791644,2.751540046488,-0.005998254844000073,0.6237540578026308,0.6494770333465083,-0.02572297554387748,0.02525446452384896,0.027664823220507083,0.09755346149483211,0.02119965565475446,true,true,[],true,false,false,3,7278.287594436042,1.0050107145037341,3.746144780988704,0,2
dpfi,connected_modulated,SSP,100,11,4,5,false,false,0.9733771594545919,2.7819607854777946,0.9479441199413144,0.011147746009669295,2.7291092699175,2.751540046488,-0.022430776570499855,0.6619694781566137,0.6494770333465083,0.012492444810105363,0.027282925679611422,0.02851590238363291,0.1617139978245527,0.4337546246950427,true,true,[],true,false,false,3,7329.355639395923,1.0120623639044357,4.543619138958034,0,1
dpfi,connected_modulated,SSP,100,12,2,5,false,false,1.0137951388834339,2.7808540177798484,0.9757693198312725,-0.03321271359952682,2.7109867030625,2.751540046488,-0.0405533434255001,0.6995273437671304,0.6494770333465083,0.050050310420622135,0.030235297514399555,0.029051842581069184,0.031032317295793147,0.1884004591030879,true,true,[],true,false,false,3,7179.493094577418,0.9913688338273153,3.951185875856,0,1
dpfi,connected_modulated,SSP,100,13,2,5,false,false,1.0033324197613704,2.8074116318812274,0.9292987702329694,0.010135070765800554,2.7673186022819998,2.751540046488,0.015778555793999782,0.6238978734057808,0.6494770333465083,-0.02557915994072746,0.025637521749892114,0.028179797622054446,0.04911037859986671,0.10889925027838886,true,true,[],true,false,false,3,7314.3486373128535,1.0099901459973561,4.16559877603206,0,2
dpfi,connected_modulated,SSP,100,14,2,5,false,false,1.0108818570075395,2.8100821001357525,0.9637741583473839,-0.013600681835136422,2.753239549679,2.751540046488,0.0016995031909998737,0.6703966237650727,0.6494770333465083,0.020919590418564393,0.02793981929578001,0.02860282147703643,0.23899041422964917,0.1135412594640249,true,true,[],true,false,false,3,7200.348473029104,0.9942486154417431,3.9389903452228334,0,0
dpfi,connected_modulated,SSP,100,15,3,5,false,false,1.002417706024805,2.7824210833501435,0.8913123869405536,0.01852586563400837,2.754027231895,2.751540046488,0.002487185406999881,0.5800941478072454,0.6494770333465083,-0.06938288553926286,0.02356905788291992,0.027395464703764565,0.07654433957275544,0.06064711709474548,true,true,[],true,false,false,3,7370.789531974801,1.0177836967653688,3.9590833496723987,0,1
dpfi,connected_modulated,SSP,100,16,2,5,false,false,1.0084229333458812,2.7842676919940317,0.8838261592306151,0.02905244791235085,2.758455035054,2.751540046488,0.006914988565999813,0.5678715765139027,0.6494770333465083,-0.08160545683260556,0.022654716147671346,0.026990664441818326,0.0534686617834424,0.14503852079315574,true,true,[],true,false,false,3,7367.978004876313,1.01739547153774,3.530041252986572,0,2
dpfi,connected_modulated,SSP,100,17,2,5,false,false,0.9799209473784901,2.8133991944971393,0.9445128030768609,0.01461933271086623,2.767172435502,2.751540046488,0.015632389014000214,0.6425346828025696,0.6494770333465083,-0.006942350543938658,0.02678556744175219,0.028405679918238284,0.0648855992235228,0.12903323633853273,true,true,[],true,false,false,3,7130.9231403356935,0.9846621292924184,3.62795770831886,0,2
dpfi,connected_modulated,SSP,100,18,3,5,false,false,0.9882948354541954,2.763300647350129,0.9477441194796431,-0.027699260838457647,2.7073961176695,2.751540046488,-0.04414392881849993,0.6704165253353842,0.6494770333465083,0.020939491988875902,0.028240853702850066,0.029108868600516112,0.03192676382899106,0.08234317148539612,true,true,[],true,false,false,3,7223.23461684185,0.9974088120466514,4.431949592429054,0,1
dpfi,connected_modulated,SSP,100,19,4,5,false,false,1.013614016771061,2.7674744707547188,0.94449408637042,0.016524226540333635,2.7140911327154997,2.751540046488,-0.03744891377250026,0.664014491663605,0.6494770333465083,0.01453745831709674,0.027817287846501657,0.029004513027543807,0.10295921019706196,0.06539870820108998,true,true,[],true,false,false,3,7169.579834946325,0.9899999772088269,3.7533355140072353,0,1
dpfi,connected_modulated,SSP,100,20,1,5,false,false,0.9955334770289108,2.7593143977245163,0.911844027698943,0.00012307580609924817,2.720567489675,2.751540046488,-0.03097255681299993,0.6216674716040638,0.6494770333465083,-0.027809561742444533,0.025443077534538498,0.028727204889939212,0.05926056446799412,0.1291310886957653,true,true,[],true,false,false,3,7154.976597171013,0.9879835124511203,4.227435116664955,0,1
dpfi,connected_modulated,SSP,100,21,4,5,false,false,0.9899875732185339,2.8355576692837556,0.9525178670597703,-0.0006710850957350609,2.7886932518965,2.751540046488,0.03715320540849998,0.643316153765938,0.6494770333465083,-0.006160879580570322,0.02644809825306977,0.027834974751104188,0.06632342328418442,0.07674375271080003,true,true,[],true,false,false,3,7176.753735161219,0.9909905737587985,4.4834949358089125,0,2
dpfi,connected_modulated,SSP,100,22,2,5,false,false,0.9849760851195868,2.830853523309711,0.937559972796764,0.002314843076770119,2.790208283374,2.751540046488,0.038668236886000074,0.6246075896900061,0.6494770333465083,-0.024869443656502233,0.025602587393983134,0.027990269055493643,0.2337526048014405,0.20349441707863797,true,true,[],true,false,false,3,7102.135991586824,0.9806871018484983,3.790321754397152,0,0
dpfi,connected_modulated,SSP,100,23,3,5,false,false,1.0231278677431594,2.8123713324165474,0.9798048355177224,0.03252900450285819,2.746310381366,2.751540046488,-0.005229665122000071,0.6904919816425762,0.6494770333465083,0.04101494829606789,0.029590503274267686,0.028614573716987685,0.04232503320040017,0.06787168061488574,true,true,[],true,false,false,3,7235.949217082246,0.9991644873076838,4.080561662996173,0,0
dpfi,connected_modulated,SSP,100,24,1,5,false,false,0.997383014096843,2.805525375651176,0.9669820480239197,0.01698445010742505,2.7460195817015,2.751540046488,-0.0055204647865001455,0.6767701181192703,0.6494770333465083,0.027293084772762044,0.029073928918680585,0.029071043894419658,0.211196925385439,0.0479832289905908,true,true,[],true,false,false,3,7298.155945134458,1.0077542039677518,3.7818936269551267,0,0
dpfi,connected_modulated,SSP,100,25,3,5,false,false,1.0114526639744656,2.8020943350690963,0.9081407498915812,0.022627094229081907,2.769815345464,2.751540046488,0.018275298976,0.595724132651885,0.6494770333465083,-0.05375290069462335,0.024185764616592883,0.028126821314472368,0.1808214704942436,0.2536524606640861,true,true,[],true,false,false,3,7285.922307678828,1.0060649416844556,3.880875281834019,0,1
dpfi,connected_modulated,SSP,100,26,1,5,false,false,1.0083848796542194,2.8243282621857686,0.9385526163787817,-0.01880774599137058,2.7823886603735,2.751540046488,0.030848613885499976,0.6290669984171506,0.6494770333465083,-0.020410034929357668,0.025426453838094717,0.027714635552929946,0.09217743106939871,0.2555364496712384,true,true,[],true,false,false,3,7039.950155182307,0.9721002699782252,3.5749313890151835,0,1
dpfi,connected_modulated,SSP,100,27,0,5,false,false,1.0074125314254752,2.827351537724706,0.9360506513769676,-0.0062052390916752225,2.786908182739,2.751540046488,0.03536813625099988,0.6241125052259334,0.6494770333465083,-0.02536452812057488,0.025585901397795704,0.028089156368619066,0.14091029236947714,0.0946515147297254,true,true,[],true,false,false,3,7140.854029671951,0.9860334202805787,3.727814594926716,0,0
dpfi,connected_modulated,SSP,100,28,1,5,false,false,0.9851494979631387,2.762212672264063,0.933102025864399,0.005891290019348372,2.713975820411,2.751540046488,-0.03756422607699994,0.6506777219536285,0.6494770333465083,0.0012006886071201928,0.026517812638916585,0.028656204986492875,0.05359059034583759,0.09425912936859746,true,true,[],true,false,false,3,7229.154013587914,0.9982261824893557,3.8062605118918675,0,0
dpfi,connected_modulated,SSP,100,29,1,5,false,false,1.0017788874653597,2.7801881973411904,0.9499083181261795,-0.008568534361744973,2.725969727992,2.751540046488,-0.02557031849599989,0.665483549217861,0.6494770333465083,0.01600651587135271,0.02769072018824294,0.028782220432373058,0.15444080355899287,0.2856238016304713,true,true,[],true,false,false,3,7322.670536779709,1.0111392621899626,4.484892874688923,0,0
dpfi,connected_modulated,SSP,100,30,0,5,false,false,0.9786276775458014,2.7812263533928228,0.9791600077812059,0.03238989254054911,2.7091309439155,2.751540046488,-0.04240910257249997,0.7037184472195062,0.6494770333465083,0.05424141387299786,0.031128917130213197,0.029326830629780636,0.08418895898425661,0.1184333856619903,true,true,[],true,false,false,3,7046.232266648072,0.9729677253035173,4.209336958072888,0,0
dpfi,connected_modulated,SSP,100,31,3,5,false,false,0.9995447921236973,2.7705779753505055,0.937657855110952,0.04168979677841288,2.7213142584125,2.751540046488,-0.030225788075500137,0.6530931270195983,0.6494770333465083,0.003616093673090015,0.02607186395276703,0.028227190450340077,0.011400224818551472,0.12279052598977161,true,true,[],true,false,false,3,7200.093512765836,0.9942134096611207,4.187014347141134,0,2
dpfi,connected_modulated,SSP,100,32,1,5,false,false,1.0050636099647412,2.849036101544491,0.9682129570608285,-0.04881372826150694,2.7962927725115,2.751540046488,0.04475272602349989,0.658497901992659,0.6494770333465083,0.009020868646150704,0.027087791246922413,0.02800468830697892,0.26087385079072584,0.13245468293617615,true,true,[],true,false,false,3,6868.169569218381,0.9483802222063492,3.966814305483226,0,0
dpfi,connected_modulated,SSP,100,33,2,5,false,false,1.00445125796837,2.794250477353237,0.9258170860844637,0.01248654012532568,2.7539655280615003,2.751540046488,0.00242548157350031,0.6251516595604358,0.6494770333465083,-0.02432537378607247,0.025151842085876692,0.027752009436636665,0.19413996079602966,0.04964316760897687,true,true,[],true,false,false,3,7075.714098586236,0.9770386769657879,3.5785082261447125,0,1
dpfi,connected_modulated,SSP,100,34,3,5,false,false,1.0268449971214806,2.8102702948699507,0.9555544592597002,-0.03414809276416088,2.7579712744685,2.751540046488,0.006431227980499887,0.6592008117470622,0.6494770333465083,0.00972377840055394,0.027460836385011716,0.028652583061244494,0.11246023526745727,0.03894520665696598,true,true,[],true,false,false,3,7284.948574226071,1.0059304852562927,4.287588840193282,0,2
dpfi,connected_modulated,SSP,100,35,1,5,false,false,0.9961413680576631,2.831253306978262,0.9403687168909376,-0.014297096885525494,2.7894267610495,2.751540046488,0.03788671456150006,0.6283841903361487,0.6494770333465083,-0.02109284301035963,0.025893278112762774,0.027919943837961907,0.09209999891147949,0.2024986691110286,true,true,[],true,false,false,3,7229.363951105168,0.9982551713760243,4.178456926238138,0,0
dpfi,connected_modulated,SSP,100,36,1,5,false,false,0.9849168425261918,2.754555288218156,0.94654198389478,0.005261429127705873,2.6978013478745,2.751540046488,-0.0537386986135,0.6728694473749688,0.6494770333465083,0.023392414028460484,0.028397125605938933,0.0292070737747712,0.0819409456009698,0.12854721324105678,true,true,[],true,false,false,3,7267.957499555587,1.0035842998557838,3.555250117980823,0,2
dpfi,connected_modulated,SSP,100,37,1,5,false,false,0.9719413610894392,2.835944019315333,0.9670119694117357,-0.003997515970021082,2.781702547952,2.751540046488,0.030162501463999902,0.6628742808815333,0.6494770333465083,0.013397247535025025,0.02783949579408949,0.028294995751464023,0.06046325130850883,0.11751548026446286,true,true,[],true,false,false,3,7305.19033118267,1.0087255359269083,3.538865197084294,0,2
dpfi,connected_modulated,SSP,100,38,3,5,false,false,0.9905079190161294,2.7744574874102237,0.9191219396412537,-0.01283309124019224,2.7345176301205,2.751540046488,-0.017022416367499904,0.6249538302114956,0.6494770333465083,-0.02452320313501266,0.024836111246271313,0.027889932067131404,0.05749394612711019,0.11771607541115,true,true,[],true,false,false,3,7349.732090555292,1.0148760136088502,4.173706471762582,0,2
dpfi,connected_modulated,SSP,100,39,1,5,false,false,1.0126633375715688,2.796547875084458,0.9361713404059886,0.004278639773789403,2.7518782917035,2.751540046488,0.000338245215500077,0.6387662149113194,0.6494770333465083,-0.010710818435188951,0.026378669283500994,0.02876532691615068,0.2474951017936046,0.12741730208325705,true,true,[],true,false,false,3,7121.034934156225,0.9832967321397715,4.048995196266414,0,0
dpfi,connected_modulated,SSP,100,40,0,5,false,false,0.9909884351960346,2.802954509161452,0.9585745333018263,-0.018158279992793028,2.747801300754,2.751540046488,-0.0037387457340001262,0.6666840712400014,0.6494770333465083,0.017207037893493093,0.027991789290939418,0.02868461798482314,0.06397762995378127,0.13010222870249127,true,true,[],true,false,false,3,7077.108844470686,0.9772312682229612,4.079323152360935,0,0
dpfi,connected_modulated,SSP,100,41,3,5,false,false,1.0046123606931823,2.8287028398531513,0.9807972752309184,-0.029015692461700212,2.7651998450745,2.751540046488,0.013659798586500127,0.6844054953597147,0.6494770333465083,0.03492846201320643,0.02967263315399898,0.029019378208246537,0.14396844908669634,0.0392934498386517,true,true,[],true,false,false,3,7109.932533562104,0.9817636748912046,3.825416036512833,0,1
dpfi,connected_modulated,SSP,100,42,1,5,false,false,0.9974788437574312,2.79248149974138,0.972025256106001,-0.012082771737740909,2.7274278938085,2.751540046488,-0.024112152679499843,0.6893807921006486,0.6494770333465083,0.03990375875414032,0.03083826622890052,0.029990676092779854,0.08344017333530986,0.07551633919917677,true,true,[],true,false,false,3,7199.518494758948,0.9941340092183026,3.83115617678305,0,1
dpfi,connected_modulated,SSP,100,43,1,5,false,false,1.012540090878462,2.822932293217099,0.9645178991599177,-0.026880371313755445,2.7678773840015003,2.751540046488,0.016337337513500305,0.6654905170855037,0.6494770333465083,0.01601348373899536,0.027751901616346934,0.02860109734584353,0.12165970336646155,0.2293979011826358,true,true,[],true,false,false,3,7083.876614370662,0.9781657849172413,3.86567779459498,0,2
dpfi,connected_modulated,SSP,100,44,1,5,false,false,0.9827499408585403,2.8094209892863007,0.9676520617121406,-0.01805221612760713,2.7502273054895,2.751540046488,-0.0013127409984998728,0.6758764863569111,0.6494770333465083,0.026399453010402807,0.028865602533636552,0.028642853397526657,0.0858921163384923,0.14044810213871675,true,true,[],true,false,false,3,7262.759739547803,1.0028665754691803,3.8691788684112542,0,1
dpfi,connected_modulated,SSP,100,45,0,5,false,false,0.9777557561090253,2.7391305535036197,0.9147651797267303,-0.06560809116020351,2.6963996348909998,2.751540046488,-0.05514041159700023,0.6356202381982741,0.6494770333465083,-0.013856795148234236,0.025711500460881265,0.028855857787350427,0.11706660103636832,0.08247431705914346,true,true,[],true,false,false,3,7060.569973640018,0.9749475246672216,3.885866779748879,0,0
dpfi,connected_modulated,SSP,100,46,1,5,false,false,0.9897450287789945,2.7563411942443237,0.9334720870705552,-0.01599076173439406,2.7070055254709997,2.751540046488,-0.044534521017000284,0.6539787163704207,0.6494770333465083,0.004501683023912406,0.027423413527121417,0.029423016116088923,0.31066972891885425,0.09194304475274072,true,true,[],true,false,false,3,7478.574485414751,1.0326670098611916,4.685662733715751,0,0
dpfi,connected_modulated,SSP,100,47,0,5,false,false,0.992589239309159,2.7843637328405,0.9506143413585205,0.0007768268714814729,2.7304597381565,2.751540046488,-0.021080308331499875,0.664500806437726,0.6494770333465083,0.015023773091217718,0.027885986117988336,0.02906946703920714,0.037387054579630055,0.0557658432396401,true,true,[],true,false,false,3,7047.257844525969,0.9731093405862978,4.032468483160595,0,1
dpfi,connected_modulated,SSP,100,48,4,5,false,false,0.996950714619492,2.7945639982992985,0.9771260759368643,-0.03297294306183856,2.726643786195,2.751540046488,-0.024896260293000072,0.6950736698712228,0.6494770333465083,0.04559663652471446,0.029953266345539922,0.028744817086082317,0.17142071588344143,0.11908158774698134,true,true,[],true,false,false,3,7491.38454533414,1.034435866519489,4.108615753899184,0,2
dpfi,connected_modulated,SSP,100,49,3,5,false,false,1.0031527463960204,2.802440208132604,0.9542006198021213,-0.004607053736087924,2.7495881589125,2.751540046488,-0.0019518875754998,0.6609864740882787,0.6494770333465083,0.011509440741770405,0.02724817444013685,0.028532983837130946,0.03497114553833795,0.1338787514275163,true,true,[],true,false,false,3,7215.3919850307875,0.9963258747626053,3.848728798582437,0,1
dpfi,connected_modulated,SSP,100,50,2,5,false,false,1.000178586590431,2.802425338251005,0.9440912756102688,0.05453554759571613,2.7547846080165,2.751540046488,0.003244561528500167,0.6470811128079309,0.6494770333465083,-0.0023959205385774007,0.026138355063701345,0.028144916900571863,0.16024135186749774,0.07702831203390344,true,true,[],true,false,false,3,7285.74097607825,1.0060399028000897,3.834103624829179,0,1
dpfi,connected_modulated,SSP,100,51,1,5,false,false,0.9984564359079438,2.8225081909600105,0.9679567895354596,0.016977143275380756,2.7654591398555,2.751540046488,0.013919093367499968,0.6702909977318388,0.6494770333465083,0.020813964385330452,0.0285936661152578,0.028972545987887136,0.018547818172816383,0.03516320898199087,true,true,[],true,false,false,3,6976.764939282897,0.9633754403870336,3.658847304076047,0,1
dpfi,connected_modulated,SSP,100,52,3,5,false,false,1.023689603128704,2.799800654601899,0.9277056173242771,0.013331328838567432,2.7594140700755,2.751540046488,0.007874023587500112,0.6252225386474065,0.6494770333465083,-0.024254494699101792,0.025758297495632593,0.02844744418725348,0.0189422567071029,0.14237058832013405,true,true,[],true,false,false,3,7102.260517475888,0.9807042968069439,4.938409737136541,0,0
dpfi,connected_modulated,SSP,100,53,4,5,false,false,1.0045565576691466,2.8278711687409115,0.9523049996304987,0.014987333280922967,2.779975142112,2.751540046488,0.028435095623999818,0.6465872749840922,0.6494770333465083,-0.002889758362416117,0.02703071703810004,0.028283077585454924,0.08072674540687998,0.10476604033561195,true,true,[],true,false,false,3,7474.415218942626,1.0320926841953364,3.733202226711965,0,2
dpfi,connected_modulated,SSP,100,54,3,5,false,false,1.0142420875604807,2.801523151587381,0.9484095677081384,0.005827602719139402,2.751566087756,2.751540046488,2.6041268000209783e-05,0.653477374824659,0.6494770333465083,0.0040003414781506486,0.02690956403610472,0.028763563681797038,0.05489883028272048,0.05510464700541279,true,true,[],true,false,false,3,7248.208052758061,1.0008572290469568,4.242471144252636,0,2
dpfi,connected_modulated,SSP,100,55,3,5,false,false,1.004780153729447,2.771851842368986,0.9458218416950867,0.019593964694060113,2.718474781019,2.751540046488,-0.033065265468999794,0.6637864935179775,0.6494770333465083,0.014309460171469168,0.026964913498824388,0.028050621666966563,0.16121515217134458,0.1311982208862005,true,true,[],true,false,false,3,7089.819323547488,0.9789863744197029,4.449632661265185,0,2
dpfi,connected_modulated,SSP,100,56,1,5,false,false,0.9924901329519437,2.812573515666479,0.9406138272459426,0.01907584495626869,2.7680814165319996,2.751540046488,0.01654137004399958,0.637474624601038,0.6494770333465083,-0.012002408745470317,0.025477969358860427,0.027728690224550413,0.24807691403797752,0.16873168175279085,true,true,[],true,false,false,3,7153.60315164127,0.9877938624193966,4.177341141818119,0,2
dpfi,connected_modulated,SSP,100,57,3,5,false,false,1.0050317397538926,2.798441582707067,0.9203934312733868,-0.002069315890014636,2.760981731169,2.751540046488,0.009441684681000151,0.6153557741709561,0.6494770333465083,-0.0341212591755522,0.025202170849863956,0.028358005610338934,0.053707479251048594,0.020258687602507618,true,true,[],true,false,false,3,7014.65332651282,0.9686071978062442,4.049656465057892,0,1
dpfi,connected_modulated,SSP,100,58,1,5,false,false,0.9994214799303877,2.802242982646803,0.9353322937405704,0.016942626941190145,2.7587632608790003,2.751540046488,0.0072232143910002655,0.6349007471302468,0.6494770333465083,-0.014576286216261503,0.02544880036843432,0.027222202968325542,0.08979526910567906,0.16472963464881996,true,true,[],true,false,false,3,7065.194681348063,0.9755861200425383,3.7392463894727848,0,2
dpfi,connected_modulated,SSP,100,59,3,5,false,false,1.0144816590891617,2.805416173197593,0.9405543078051164,0.01861506534944397,2.7599338850385,2.751540046488,0.008393838550500021,0.6407477305105789,0.6494770333465083,-0.008729302835929431,0.025906400031908392,0.027949355720622987,0.10215958181145228,0.09179336576384468,true,true,[],true,false,false,3,7338.297084169142,1.0132970290208703,3.9606392130149124,0,0
dpfi,connected_modulated,SSP,100,60,4,5,false,false,1.0045936752313995,2.808105019832989,0.9289099196549756,0.028032966692156623,2.768268919374,2.751540046488,0.016728872886,0.6230149534500745,0.6494770333465083,-0.026462079896433788,0.025224517481116194,0.02795430908981197,0.06000594471760417,0.16816333416210014,true,true,[],true,false,false,3,7361.776648921834,1.016539167208207,3.6074582656926437,0,2
dpfi,connected_modulated,SSP,100,61,4,5,false,false,0.9906076822790806,2.7792446126522243,0.9377157359161943,0.050175030747896775,2.7312839529275,2.751540046488,-0.020256093560500066,0.6490868778311112,0.6494770333465083,-0.000390155515397117,0.027967064418676604,0.029904637347725388,0.15315684608067281,0.08444395939840713,true,true,[],true,false,false,3,7334.8670045408235,1.0128233919553746,3.720964783524256,0,2
dpfi,connected_modulated,SSP,100,62,4,5,false,false,1.0053956785511,2.736768552192319,0.9802895848121014,0.003979931201146535,2.6534881548585,2.751540046488,-0.0980518916294999,0.7251116978404017,0.6494770333465083,0.07563466449389344,0.033879035041826516,0.030381096453450794,0.025221318300382895,0.016894723966037403,true,true,[],true,false,false,3,6863.818169123575,0.9477793660761633,3.886726092123315,0,1
dpfi,connected_modulated,SSP,100,63,2,5,false,false,1.0031963440275409,2.816450492187582,0.9428433327401641,-0.004634000297095867,2.771458567378,2.751540046488,0.019918520890000124,0.6387793497886075,0.6494770333465083,-0.010697683557900795,0.02618711896179208,0.028076302454395116,0.09255679802105819,0.10743463749452431,true,true,[],true,false,false,3,7260.846101924408,1.002602333875229,3.9240287794378164,0,0
dpfi,separated_droplets,ID,100,0,3,5,false,false,1.008701946348552,2.803929589195165,0.5662354771297256,-0.020358402656339068,2.8039133964035,2.799987273455,0.0039261229484996996,0.09274770641264318,0.08736061642362755,0.005387089989015631,0.015799694357273998,0.007944294296821619,50.159671238743854,99.12151401226919,false,false,"[""d_peak_multistart_ambiguity"",""nu_vp_multistart_ambiguity""]",true,false,false,3,7335.057850162833,1.01284974456819,3.849453010324845,0,1
dpfi,separated_droplets,ID,100,1,1,5,false,false,0.9758198675195735,2.770981877303333,0.5432701866387326,0.010107645415932773,2.770974298325,2.799987273455,-0.029012975130000118,0.07694775321920763,0.08736061642362755,-0.01041286320441992,0.016069746211886032,0.007266071359247375,49.82363782243771,110.22311990523308,false,false,"[""d_peak_multistart_ambiguity"",""nu_vp_multistart_ambiguity""]",true,false,false,3,7274.870940733312,1.0045389313357238,4.529751074247231,0,1
dpfi,separated_droplets,ID,100,2,1,5,false,false,1.0255141425258867,2.810749510705667,0.5714159277021402,-0.018529726459502047,2.8107304108465003,2.799987273455,0.010743137391500124,0.09659550535886749,0.08736061642362755,0.009234888935239938,0.016030293507647963,0.008002239711932993,47.69153220468218,96.98046893822959,false,false,"[""d_peak_multistart_ambiguity"",""nu_vp_multistart_ambiguity""]",true,false,false,3,7372.648637299149,1.0180404083539283,4.072429637732375,0,0
dpfi,separated_droplets,ID,100,3,3,5,false,false,0.9802782628855418,2.7867895085711996,0.5545458733360441,0.009883874618297914,2.7867783539295,2.799987273455,-0.013208919525500296,0.08462952100089399,0.08736061642362755,-0.0027310954227335593,0.015585404533547422,0.007643485518820566,62.93450886466947,106.81169408669938,false,false,"[""d_peak_multistart_ambiguity"",""nu_vp_multistart_ambiguity""]",true,false,false,3,7194.480575555448,0.9934383561937928,3.774164833954681,0,1
dpfi,separated_droplets,ID,100,4,1,5,false,false,0.9912253346145011,2.7789128541387393,0.5554430375275724,0.003035653196336278,2.7789004150715,2.799987273455,-0.021086858383500218,0.08702751406088538,0.08736061642362755,-0.0003331023627421714,0.015929670839045756,0.007704376270877641,0.05192694732098289,0.01449470160721483,true,true,[],true,false,false,3,7103.089055192773,0.9808187041138875,4.463751370091921,0,1
dpfi,separated_droplets,ID,100,5,1,5,false,false,1.0200767433405935,2.8126191759855734,0.5614590896971405,0.024085026102496257,2.8126069846275,2.799987273455,0.012619711172499937,0.08633070776932816,0.08736061642362755,-0.0010299086542993885,0.01576707812766865,0.007510125728771945,54.14006462481578,106.73487468757546,false,false,"[""d_peak_multistart_ambiguity"",""nu_vp_multistart_ambiguity""]",true,false,false,3,7234.92450140677,0.999022991080747,3.764413251681325,0,1
dpfi,separated_droplets,ID,100,6,3,5,false,false,0.996863589757303,2.7839409423963244,0.5535473999133436,-0.016985893442317927,2.783930016548,2.799987273455,-0.016057256907000106,0.0842138995626248,0.08736061642362755,-0.003146716861002749,0.015976180526313364,0.00753389654048315,69.70776842041526,109.07264432139772,false,false,"[""d_peak_multistart_ambiguity"",""nu_vp_multistart_ambiguity""]",true,false,false,3,7134.64599891911,0.9851761942721775,4.123727200174214,0,0
dpfi,separated_droplets,ID,100,7,1,5,false,false,1.0166281036015514,2.766999230906957,0.5603821594712713,-0.005116312019973454,2.7669820907,2.799987273455,-0.033005182755000195,0.09438700705873407,0.08736061642362755,0.007026390635106516,0.015844097342255396,0.007937906136306008,52.329735783103686,99.78820068172095,false,false,"[""d_peak_multistart_ambiguity"",""nu_vp_multistart_ambiguity""]",true,false,false,3,7107.537985564395,0.9814330275565306,4.095396483635012,0,1
dpfi,separated_droplets,ID,100,8,2,5,false,false,0.991253483768774,2.780387800182719,0.5586286019151947,-0.01750525705751591,2.7803736379645,2.799987273455,-0.019613635490500325,0.08988308841733467,0.08736061642362755,0.002522471993707115,0.01637463217043467,0.008031643992086064,0.07193543441093579,0.023713447675904786,true,true,[],true,false,false,3,6982.15528759018,0.9641197580212897,3.6932968125547085,0,0
dpfi,separated_droplets,ID,100,9,3,5,false,false,1.0009761827049555,2.801086640408574,0.5540030580005036,-0.026992549091586972,2.8010770376105,2.799987273455,0.0010897641554996618,0.0814159157067608,0.08736061642362755,-0.005944700716866758,0.015915416809304077,0.007482598245635097,57.554802488710536,108.71474344327959,false,false,"[""d_peak_multistart_ambiguity"",""nu_vp_multistart_ambiguity""]",true,false,false,3,7277.551215843025,1.0049090328421741,4.286090222832905,0,2
dpfi,separated_droplets,ID,100,10,3,5,false,false,0.9803024653058748,2.8071868297384195,0.5569743865427875,0.019947859117580173,2.807176395318,2.799987273455,0.007189121862999581,0.0830781652186123,0.08736061642362755,-0.0042824512050152475,0.015910629085470335,0.007539622727682561,61.80465856403509,108.41633034689043,false,false,"[""d_peak_multistart_ambiguity"",""nu_vp_multistart_ambiguity""]",true,false,false,3,7226.833727200028,0.997905789450432,4.048603019918796,0,0
dpfi,separated_droplets,ID,100,11,1,5,false,false,1.0027934001376204,2.78409931501771,0.557875146791099,-0.012619062067489193,2.7840860484735,2.799987273455,-0.01590122498150004,0.0883981875369132,0.08736061642362755,0.0010375711132856458,0.015926664145804223,0.0077968220741928985,48.35287687427489,100.24142107909375,false,false,"[""d_peak_multistart_ambiguity"",""nu_vp_multistart_ambiguity""]",true,false,false,3,7156.397948028663,0.9881797774135134,3.9638805567060333,0,0
dpfi,separated_droplets,ID,100,12,3,5,false,false,0.9926101054619542,2.817737711023235,0.5699888984814566,0.004019690628568557,2.8177207492585,2.799987273455,0.017733475803499932,0.09371405963900668,0.08736061642362755,0.0063534432153791315,0.016362165406031682,0.008164509338551102,0.2967539589356718,0.03134344486656015,true,true,[],true,false,false,3,7205.6254819009955,0.9949772827811372,5.0048484693113595,0,1
dpfi,separated_droplets,ID,100,13,3,5,false,false,0.9869544399291789,2.787869274886512,0.5502242101753997,0.04235502759321729,2.787860221397,2.799987273455,-0.012127052058000132,0.08032114966029352,0.08736061642362755,-0.007039466763334029,0.016068874382871565,0.007372449558833549,0.25735347765915756,0.0655014183224656,true,true,[],true,false,false,3,7085.305005041303,0.9783630219609643,3.923569468112591,0,1
dpfi,separated_droplets,ID,100,14,3,5,false,false,1.0196612504967153,2.8226365407023417,0.5701092496197047,0.005956815249984209,2.822620172411,2.799987273455,0.022632898955999625,0.09284347428474987,0.08736061642362755,0.00548285786112232,0.01570397886803385,0.007828091324228088,0.010821563498516549,0.0428198920726993,true,true,[],true,false,false,3,7353.462780022135,1.0153911599036365,3.995437385919002,0,1
dpfi,separated_droplets,ID,100,15,1,5,false,false,1.013954917302817,2.7745800507507736,0.5719242529837866,0.023232332690790888,2.774553816001,2.799987273455,-0.025433457454000052,0.1049066739734518,0.08736061642362755,0.017546057549824245,0.01584599450690845,0.008485401539011356,47.25345215209131,90.33777202894393,false,false,"[""d_peak_multistart_ambiguity"",""nu_vp_multistart_ambiguity""]",true,false,false,3,7182.2599651075125,0.991750892724042,3.6862726970811934,0,1
dpfi,separated_droplets,ID,100,16,1,5,false,false,0.960700584776889,2.818403887363633,0.5581952923078305,0.02092974270798464,2.818393879886,2.799987273455,0.018406606430999783,0.08213347197304935,0.08736061642362755,-0.005227144450578203,0.01610428480956148,0.007676277508288048,0.22051733926685094,0.0680610257202595,true,true,[],true,false,false,3,7137.499365118289,0.9855701967851821,3.806673119039473,0,1
dpfi,separated_droplets,ID,100,17,1,5,false,false,0.9971620089760892,2.785635952637409,0.556639855304094,-0.0011924309291742128,2.785623565636,2.799987273455,-0.014363707819000204,0.08688387003024893,0.08736061642362755,-0.00047674639337862146,0.01618770361918609,0.007746815095479856,58.8379577806286,104.7338773258131,false,false,"[""d_peak_multistart_ambiguity"",""nu_vp_multistart_ambiguity""]",true,false,false,3,6987.88897064802,0.9649114844860563,4.519649889895401,0,0
dpfi,separated_droplets,ID,100,18,3,5,false,false,1.0177032653465676,2.7728675653674686,0.5749156837315079,-0.035832066798517505,2.7728375110185,2.799987273455,-0.027149762436500247,0.10854698518145327,0.08736061642362755,0.021186368757825716,0.015781322209522188,0.008490493517548693,50.12861012686033,91.09250234130343,false,false,"[""d_peak_multistart_ambiguity"",""nu_vp_multistart_ambiguity""]",true,false,false,3,7192.3268936725635,0.9931409684717707,4.12556632800821,0,1
dpfi,separated_droplets,ID,100,19,1,5,false,false,0.9812819358601165,2.8072408004271834,0.5581629763323703,0.011458589283799977,2.807229791757,2.799987273455,0.007242518301999734,0.08419742871516808,0.08736061642362755,-0.0031631877084594695,0.016088415154345365,0.007627622873246559,56.70938417415075,106.47890994202245,false,false,"[""d_peak_multistart_ambiguity"",""nu_vp_multistart_ambiguity""]",true,false,false,3,7153.616176343379,0.9877956609145787,4.33704649282564,0,2
dpfi,separated_droplets,ID,100,20,3,5,false,false,0.9787087211595881,2.803329729828705,0.5560839769730582,0.006360288555933941,2.803319369144,2.799987273455,0.0033320956889997255,0.08295956833524294,0.08736061642362755,-0.00440104808838461,0.015833888181560608,0.007530752992548487,66.97626221034587,109.11212991638529,false,false,"[""d_peak_multistart_ambiguity"",""nu_vp_multistart_ambiguity""]",true,false,false,3,7120.939200263334,0.9832835128781184,3.7960259728478087,0,0
dpfi,separated_droplets,ID,100,21,3,5,false,false,0.9931691904727814,2.8015892522584167,0.5667686317836421,0.010645443202273702,2.8015723539675,2.799987273455,0.0015850805124997258,0.09376086355097799,0.08736061642362755,0.0064002471273504336,0.016206145975247457,0.008050638164215898,0.07798349816978113,0.037735537570579,true,true,[],true,false,false,3,6918.052581276825,0.955268238232094,3.9367451214541993,0,1
dpfi,separated_droplets,ID,100,22,3,5,false,false,0.9971188270420696,2.7919486583611794,0.548789233564541,-0.0009561383921405132,2.791940495461,2.799987273455,-0.00804677799400011,0.07824075481305005,0.08736061642362755,-0.009119861610577498,0.016104801111653487,0.007347381023816591,45.10747349098529,106.19803361802515,false,false,"[""d_peak_multistart_ambiguity"",""nu_vp_multistart_ambiguity""]",true,false,false,3,7224.0999902076455,0.9975283057453252,4.03671383872115,0,1
dpfi,separated_droplets,ID,100,23,1,5,false,false,1.0189063663498192,2.812542595293055,0.5644653799784426,0.0027942807825663456,2.8125286563435,2.799987273455,0.012541382888499708,0.08927003925970642,0.08736061642362755,0.0019094228360788668,0.01591532663677143,0.007654264552289923,60.17833467854543,105.9809564776075,false,false,"[""d_peak_multistart_ambiguity"",""nu_vp_multistart_ambiguity""]",true,false,false,3,7211.0478116424765,0.9957260165206402,4.332771399497217,0,0
dpfi,separated_droplets,ID,100,24,1,5,false,false,0.9850471066262205,2.81466982420708,0.5619906775384741,0.009190172522912826,2.8146575571875,2.799987273455,0.0146702837324999,0.08644853392950066,0.08736061642362755,-0.0009120824941268868,0.015891668838354845,0.0077500067654475745,64.21590014851111,105.36842768215686,false,false,"[""d_peak_multistart_ambiguity"",""nu_vp_multistart_ambiguity""]",true,false,false,3,7200.004661320993,0.9942011407513108,3.5126134634894073,0,0
dpfi,separated_droplets,ID,100,25,1,5,false,false,1.033588607842783,2.8032354193175553,0.5637184180611517,0.0024188553677637723,2.8032208240555,2.799987273455,0.0032335506004996795,0.09037709876930486,0.08736061642362755,0.003016482345677307,0.01587317588168908,0.007721833169283571,42.403141590205685,97.59875541783437,false,false,"[""d_peak_multistart_ambiguity"",""nu_vp_multistart_ambiguity""]",true,false,false,3,6971.222403756026,0.9626101082236987,5.285815329157981,0,1
dpfi,separated_droplets,ID,100,26,3,5,false,false,1.0037422590506824,2.808454530449384,0.5516204533972363,0.014233371703341442,2.8084464770195,2.799987273455,0.008459203564499695,0.07786243829686054,0.08736061642362755,-0.00949817812676701,0.01585864644637559,0.007217021346800828,62.860672238539806,114.37525072664481,false,false,"[""d_peak_multistart_ambiguity"",""nu_vp_multistart_ambiguity""]",true,false,false,3,7152.696296124754,0.9876686407242135,3.6913734672550356,0,2
dpfi,separated_droplets,ID,100,27,0,5,false,false,0.9917559601943494,2.774459889429615,0.5719045067772094,0.004970366417963209,2.774433650392,2.799987273455,-0.02555362306300024,0.10491209249004177,0.08736061642362755,0.017551476066414218,0.01602919948478539,0.008632102962507557,55.24421034450404,91.46336904946834,false,false,"[""d_peak_multistart_ambiguity"",""nu_vp_multistart_ambiguity""]",true,false,false,3,7246.692947235422,1.0006480181214337,3.8809816770474606,0,1
dpfi,separated_droplets,ID,100,28,3,5,false,false,0.9958624844022111,2.805022067243592,0.5529848871114258,0.002460781512098137,2.805013218587,2.799987273455,0.00502594513199961,0.0797408042123301,0.08736061642362755,-0.007619812211297455,0.014863574861181512,0.007313138077452508,61.2776425373754,111.52556975869588,false,false,"[""d_peak_multistart_ambiguity"",""nu_vp_multistart_ambiguity""]",true,false,false,3,7489.314679950377,1.0341500524648408,4.0470178241364385,0,2
dpfi,separated_droplets,ID,100,29,2,5,false,false,1.006597471395637,2.790785886714388,0.5615959253683904,-0.021645801870319704,2.7907711104694997,2.799987273455,-0.009216162985500542,0.09075671823432924,0.08736061642362755,0.003396101810701685,0.01607921766205435,0.007810004289337659,44.66644861841736,97.31039777351265,false,false,"[""d_peak_multistart_ambiguity"",""nu_vp_multistart_ambiguity""]",true,false,false,3,7272.495192980213,1.0042108800027911,4.036979895796837,0,1
dpfi,separated_droplets,ID,100,30,0,5,false,false,0.9913520782186155,2.799109607744144,0.5520924076110932,8.382311496713691e-05,2.7991006646495,2.799987273455,-0.0008866088055001775,0.07999479745582949,0.08736061642362755,-0.00736581896779806,0.015854806215498264,0.007341280399225455,61.900019936362085,111.76560825270911,false,false,"[""d_peak_multistart_ambiguity"",""nu_vp_multistart_ambiguity""]",true,false,false,3,7349.106429878001,1.0147896202537974,4.104258484201144,0,2
dpfi,separated_droplets,ID,100,31,3,5,false,false,0.9741854779618175,2.834513268747572,0.5553047835057806,0.000878416067481625,2.8345056675444997,2.799987273455,0.03451839408949953,0.07656909496809575,0.08736061642362755,-0.010791521455531805,0.01560799383806166,0.007301937361751657,0.17710634814313644,0.0795022833373848,true,true,[],true,false,false,3,7075.69502154861,0.9770360427435253,3.764167944582822,0,2
dpfi,separated_droplets,ID,100,32,3,5,false,false,0.9988829590939164,2.813050683889964,0.5583388962188757,-0.011519945901617992,2.8130401315955,2.799987273455,0.013052858140499612,0.08326826909381162,0.08736061642362755,-0.004092347329815935,0.015467745011788462,0.007429513606418839,68.37553980237308,110.60527373621233,false,false,"[""d_peak_multistart_ambiguity"",""nu_vp_multistart_ambiguity""]",true,false,false,3,7164.387791952928,0.9892830422470212,3.9129040668127173,0,1
dpfi,separated_droplets,ID,100,33,3,5,false,false,0.9766853655600174,2.7993095304439817,0.5644247843273432,0.009769387303426212,2.7992939696965,2.799987273455,-0.0006933037585001856,0.09186743031023235,0.08736061642362755,0.004506813886604802,0.01589454649931853,0.00800638388354506,0.03760525092839073,0.00589570482860018,true,true,[],true,false,false,3,7103.074314319557,0.9808166686439598,3.909914603051728,0,0
dpfi,separated_droplets,ID,100,34,2,5,false,false,1.005321194687868,2.8289206134311744,0.5701151876824223,-0.006277770543525504,2.8289050770305,2.799987273455,0.02891780357549978,0.09159036117544586,0.08736061642362755,0.0042297447518183096,0.01596301489146345,0.007967237281240568,58.50752897467712,101.26092974734556,false,false,"[""d_peak_multistart_ambiguity"",""nu_vp_multistart_ambiguity""]",true,false,false,3,7225.552920524161,0.9977289313068436,3.6520710758199764,0,1
dpfi,separated_droplets,ID,100,35,1,5,false,false,1.0026562500777494,2.7972333095337554,0.5555690688195347,-0.01044087259094166,2.7972226379030003,2.799987273455,-0.0027646355519999055,0.08362033455250718,0.08736061642362755,-0.0037402818711203684,0.015977944017367265,0.0074654310860955,65.52520703884096,109.93158934097826,false,false,"[""d_peak_multistart_ambiguity"",""nu_vp_multistart_ambiguity""]",true,false,false,3,7404.713854587169,1.022468082654953,4.565049939489652,0,1
dpfi,separated_droplets,ID,100,36,2,5,false,false,1.0160565114212852,2.8061038514277534,0.5654568578316437,-0.014893345764786896,2.806088480584,2.799987273455,0.006101207128999864,0.09153053475006456,0.08736061642362755,0.004169918326437011,0.015695835576252856,0.007707323147761012,48.670008337643,100.35503141291616,false,false,"[""d_peak_multistart_ambiguity"",""nu_vp_multistart_ambiguity""]",true,false,false,3,7328.441059570001,1.0119360756103288,3.864544426295721,0,1
dpfi,separated_droplets,ID,100,37,1,5,false,false,0.9818739678114777,2.772600613406415,0.5547808132954054,-0.018841894766053746,2.772587862502,2.799987273455,-0.027399410953000025,0.08761740182060074,0.08736061642362755,0.0002567853969731859,0.015980571081254207,0.007831270664849722,50.41103623067607,101.45667039073125,false,false,"[""d_peak_multistart_ambiguity"",""nu_vp_multistart_ambiguity""]",true,false,false,3,7278.278371916895,1.0050094410269117,3.647922605286466,0,0
dpfi,separated_droplets,ID,100,38,3,5,false,false,0.9980950128326842,2.8262368131990816,0.5598420820031297,0.0054964734633197515,2.8262267341955,2.799987273455,0.026239460740499876,0.0822227299859378,0.08736061642362755,-0.005137886437689754,0.015938668020326854,0.007520189305605111,59.05807414195685,108.4131610002357,false,false,"[""d_peak_multistart_ambiguity"",""nu_vp_multistart_ambiguity""]",true,false,false,3,7205.220558181873,0.9949213695362983,4.122615852759742,0,1
dpfi,separated_droplets,ID,100,39,1,5,false,false,1.0135140254814197,2.785322232013443,0.5603267719866445,0.01587855585562006,2.7853075946040002,2.799987273455,-0.014679678850999966,0.09058723420449788,0.08736061642362755,0.003226617780870328,0.01595146485269481,0.007766561368411591,56.04009457322553,103.70186448399906,false,false,"[""d_peak_multistart_ambiguity"",""nu_vp_multistart_ambiguity""]",true,false,false,3,7141.087550036213,0.9860656655669998,3.6291109067487453,0,1
dpfi,separated_droplets,ID,100,40,3,5,false,false,1.021814529166706,2.801403165383463,0.5683188535164472,-0.006410378075975579,2.801385075947,2.799987273455,0.0013978024919998333,0.09537188289085081,0.08736061642362755,0.008011266467223263,0.016033687358576056,0.00805580323140934,47.754676351192145,96.5927308097393,false,false,"[""d_peak_multistart_ambiguity"",""nu_vp_multistart_ambiguity""]",true,false,false,3,7281.507742703026,1.0054553635325914,4.1990496492496,0,2
dpfi,separated_droplets,ID,100,41,3,5,false,false,0.998586988343064,2.794962481900946,0.5648881707812727,-0.014776507378442844,2.7949460129125,2.799987273455,-0.005041260542500314,0.09321506440727859,0.08736061642362755,0.005854447983651034,0.01613746921061479,0.008123386922250071,0.04041440779766804,0.062327325105488635,true,true,[],true,false,false,3,7231.04718372166,0.9984875978626981,4.31510171877206,0,1
dpfi,separated_droplets,ID,100,42,1,5,false,false,1.0019161188047294,2.7917334380629417,0.5577464979609477,-0.0011746052862196003,2.7917210861159996,2.799987273455,-0.008266187339000641,0.08677494091768875,0.08736061642362755,-0.0005856755059387986,0.016162627011979847,0.0076947385867720385,60.06254243248698,105.76843994204793,false,false,"[""d_peak_multistart_ambiguity"",""nu_vp_multistart_ambiguity""]",true,false,false,3,7261.616523059715,1.0027087162468538,4.045736129327567,0,1
dpfi,separated_droplets,ID,100,43,3,5,false,false,1.0037730024096458,2.8007026892269224,0.5573410770047782,0.006125369621343786,2.800691465371,2.799987273455,0.0007041919159997967,0.08465502221820723,0.08736061642362755,-0.0027055942054203252,0.01620433518140621,0.00760383582639763,0.12885144152014832,0.026082045402212494,true,true,[],true,false,false,3,7439.294149988623,1.0272430474991194,4.107918090470108,0,2
dpfi,separated_droplets,ID,100,44,1,5,false,false,0.9973114520541063,2.8232822741284496,0.5470732815843128,0.017739962255434012,2.8232766024245,2.799987273455,0.023289328969499756,0.0712367879194298,0.08736061642362755,-0.016123828504197746,0.01593075766457427,0.00674813382770055,64.02614038924041,123.2398847176228,false,false,"[""d_peak_multistart_ambiguity"",""nu_vp_multistart_ambiguity""]",true,false,false,3,7282.828649745216,1.005637758871198,3.9264840977155493,0,1
dpfi,separated_droplets,ID,100,45,1,5,false,false,0.9952934892572354,2.800516058146383,0.5635357085858125,0.0072348611498382785,2.8005012422325,2.799987273455,0.0005139687774997626,0.090738591090373,0.08736061642362755,0.0033779746667454424,0.01594110354825786,0.007884377862281938,67.0060140523793,103.35263148618068,false,false,"[""d_peak_multistart_ambiguity"",""nu_vp_multistart_ambiguity""]",true,false,false,3,7298.408826115438,1.0077891226340014,3.8119192722610267,0,2
dpfi,separated_droplets,ID,100,46,2,5,false,false,1.006868719686695,2.788638466280553,0.5497366416034283,-0.009960797399753476,2.7886296768665,2.799987273455,-0.011357596588500218,0.07972367520962087,0.08736061642362755,-0.007636941214006682,0.015930864339911237,0.007319797823554748,48.60946419086855,108.59802615392692,false,false,"[""d_peak_multistart_ambiguity"",""nu_vp_multistart_ambiguity""]",true,false,false,3,7035.886430834208,0.9715391370939255,4.0238191927533435,0,1
dpfi,separated_droplets,ID,100,47,2,5,false,false,1.0133333584728232,2.789337578616768,0.5652781501693804,-0.025366685643133147,2.7893200206615,2.799987273455,-0.010667252793500115,0.09476603930612387,0.08736061642362755,0.007405422882496321,0.015922754756481416,0.008082782332291993,48.033514401091615,96.3931301961056,false,false,"[""d_peak_multistart_ambiguity"",""nu_vp_multistart_ambiguity""]",true,false,false,3,7207.095882222569,0.9951803206603934,3.9333257399339256,0,0
dpfi,separated_droplets,ID,100,48,1,5,false,false,1.0120524311195072,2.7932121459238055,0.5676401788234438,0.0034142062016357185,2.7931933348055002,2.799987273455,-0.006793938649499953,0.09637915964562907,0.08736061642362755,0.009018543222001518,0.01612769949365277,0.008104626418309563,42.54565652879059,92.66326251924315,false,false,"[""d_peak_multistart_ambiguity"",""nu_vp_multistart_ambiguity""]",true,false,false,3,7179.8729364668,0.9914212836877657,3.9505912825343574,0,0
dpfi,separated_droplets,ID,100,49,3,5,false,false,0.9774067602008637,2.8029032944993513,0.5645251193787393,-0.008850115599874267,2.802888132149,2.799987273455,0.0029008586939998082,0.09124473416599889,0.08736061642362755,0.0038841177423713374,0.016173664250330132,0.008113766081209778,0.025034511272957048,0.04351304465029196,true,true,[],true,false,false,3,7172.9005480221895,0.9904585125686536,4.23142270269526,0,2
dpfi,separated_droplets,ID,100,50,1,5,false,false,1.0051205898652176,2.790180918280797,0.5576930128615691,0.0028326955960948034,2.7901684300425,2.799987273455,-0.009818843412500389,0.08702530730630495,0.08736061642362755,-0.00033530911732260194,0.015940701889913884,0.007670098558903199,48.51819566310063,102.26423990810468,false,false,"[""d_peak_multistart_ambiguity"",""nu_vp_multistart_ambiguity""]",true,false,false,3,7125.7011735589385,0.9839410623527947,3.977646130695886,0,0
dpfi,separated_droplets,ID,100,51,3,5,false,false,1.0172645580923074,2.795199880162002,0.5700286999185782,0.00630009707826008,2.7951794026770003,2.799987273455,-0.004807870777999934,0.0984274387923949,0.08736061642362755,0.011066822368767354,0.016269534229877942,0.0082949146033561,45.915412440089554,93.33751591599176,false,false,"[""d_peak_multistart_ambiguity"",""nu_vp_multistart_ambiguity""]",true,false,false,3,7254.104223995412,1.0016713924323961,3.958223709130012,0,1
dpfi,separated_droplets,ID,100,52,1,5,false,false,0.9981776659501961,2.7966643640727296,0.5690260317626734,0.016864891597531885,2.7966449734724996,2.799987273455,-0.003342299982500574,0.09708260240727362,0.08736061642362755,0.00972198598364607,0.016047047183486308,0.008243902048786087,0.02036707864461832,0.03316531068503941,true,true,[],true,false,false,3,7151.338563596295,0.9874811603971686,3.6382990191034352,0,0
dpfi,separated_droplets,ID,100,53,1,5,false,false,0.9888393884620688,2.8044569315412784,0.5499881869962572,0.011340742353592524,2.8044492045695,2.799987273455,0.004461931114499773,0.07708884288964113,0.08736061642362755,-0.010271773533986422,0.015826701313487502,0.007223461485705881,48.092824839775545,109.35042876560442,false,false,"[""d_peak_multistart_ambiguity"",""nu_vp_multistart_ambiguity""]",true,false,false,3,7167.295341845197,0.989684526628721,3.7043023637552066,0,1
dpfi,separated_droplets,ID,100,54,3,5,false,false,0.9856058149119056,2.7963280338142016,0.5591151265157844,0.006688301686038611,2.79631540921,2.799987273455,-0.0036718642450002115,0.08721382427166514,0.08736061642362755,-0.0001467921519624077,0.015861006877995926,0.007754410592869433,58.92044472507542,104.55660276714198,false,false,"[""d_peak_multistart_ambiguity"",""nu_vp_multistart_ambiguity""]",true,false,false,3,7278.056310039943,1.0049787779674044,4.527604070692726,0,1
dpfi,separated_droplets,ID,100,55,1,5,false,false,0.990990859630742,2.797298412689133,0.5542434003127643,-0.01872000240616773,2.7972883753930002,2.799987273455,-0.002698898061999966,0.08234909313587943,0.08736061642362755,-0.005011523287748121,0.01608492690291884,0.007523179297262328,55.50276672264494,107.80840710618062,false,false,"[""d_peak_multistart_ambiguity"",""nu_vp_multistart_ambiguity""]",true,false,false,3,7208.812439150604,0.995417348681387,4.290725741832374,0,2
dpfi,separated_droplets,ID,100,56,1,5,false,false,0.9767886010597748,2.790763009654627,0.5552561714659413,0.006137040829535895,2.7907518798845,2.799987273455,-0.009235393570500072,0.08455221890371957,0.08736061642362755,-0.002808397519907982,0.01612887891853741,0.007621351052274575,0.2088236533060558,0.045437188520619724,true,true,[],true,false,false,3,7425.026591851978,1.0252729345280278,4.124710019140457,0,0
dpfi,separated_droplets,ID,100,57,1,5,false,false,1.0187756268450245,2.8330093779762184,0.5576436340490433,-0.0007150500657298991,2.8330007884889996,2.799987273455,0.03301351503399941,0.07895451070143919,0.08736061642362755,-0.008406105722188362,0.01584786637170665,0.0070930369410661795,47.84305016006064,110.1708102788805,false,false,"[""d_peak_multistart_ambiguity"",""nu_vp_multistart_ambiguity""]",true,false,false,3,7181.955013705298,0.9917087839968652,3.857609563141106,0,0
dpfi,separated_droplets,ID,100,58,1,5,false,false,0.9945697177648012,2.7995741557807214,0.5593680903536367,-0.02847902764940043,2.799561738515,2.799987273455,-0.000425534940000194,0.08682850620003649,0.08736061642362755,-0.0005321102235910646,0.016192726772537518,0.007716644198128664,0.11390734540326722,0.013685422141797155,true,true,[],true,false,false,3,6895.092328890909,0.9520978084632572,3.7717958423291953,0,1
dpfi,separated_droplets,ID,100,59,1,5,false,false,0.9890131094808106,2.8001915986920736,0.5503280438258105,0.0022084342306811075,2.8001834429915,2.799987273455,0.00019616953649981284,0.07816589777187712,0.08736061642362755,-0.009194718651750436,0.015783071847178618,0.0072298665564673814,0.07725274717151012,0.06735819331387245,true,true,[],true,false,false,3,7127.539677324109,0.9841949292079687,3.7513531280078847,0,1
dpfi,separated_droplets,ID,100,60,3,5,false,false,0.9970610523537105,2.808961992801307,0.5583393636516628,-0.009469078601760914,2.808951059851,2.799987273455,0.008963786395999929,0.08403946511572559,0.08736061642362755,-0.0033211513079019622,0.016257744377089024,0.007628754698953159,58.02073674782413,106.76966095762648,false,false,"[""d_peak_multistart_ambiguity"",""nu_vp_multistart_ambiguity""]",true,false,false,3,7185.936126217519,0.9922585095577905,4.112508726264532,0,1
dpfi,separated_droplets,ID,100,61,3,5,false,false,1.0020522581131044,2.7739276972598397,0.5583380988141624,-0.017096016499692373,2.7739129225885,2.799987273455,-0.02607435086650023,0.09089180685794813,0.08736061642362755,0.003531190434320583,0.01607085073129125,0.007994914570934038,57.71738332336388,101.19564131592124,false,false,"[""d_peak_multistart_ambiguity"",""nu_vp_multistart_ambiguity""]",true,false,false,3,7089.878586368888,0.9789945576317162,3.7609909770035976,0,1
dpfi,separated_droplets,ID,100,62,3,5,false,false,0.9984889538438447,2.773595878471815,0.5540292318559003,0.005795630977635525,2.7735836586455,2.799987273455,-0.026403614809500375,0.08668314074019548,0.08736061642362755,-0.0006774756834320717,0.016069724655544997,0.007772895750464358,58.02027672737863,104.43496015760995,false,false,"[""d_peak_multistart_ambiguity"",""nu_vp_multistart_ambiguity""]",true,false,false,3,7289.333173841585,1.0065359256892552,3.712286794528261,0,2
dpfi,separated_droplets,ID,100,63,1,5,false,false,0.9998935243593429,2.805659588153555,0.5594517055384038,0.002090452322396264,2.8056477597205003,2.799987273455,0.0056604862655000865,0.08573427563540942,0.08736061642362755,-0.0016263407882181335,0.016061310861925675,0.00771290229177904,61.48428154799449,105.79137792974213,false,false,"[""d_peak_multistart_ambiguity"",""nu_vp_multistart_ambiguity""]",true,false,false,3,7129.770512745029,0.984502970553028,4.558630452888372,0,2
dpfi,connected_modulated,SSP,200,0,3,5,false,false,0.9956975289958904,2.7896689240587604,0.9411905396044328,-0.021151796520392212,2.7415495873194997,2.751540046488,-0.009990459168500276,0.6490279213589261,0.6494770333465083,-0.00044911198758224025,0.018676759158936154,0.019697676794990567,0.023404821991868226,0.08415673380908446,true,true,[],true,false,false,3,7212.349653288071,0.9959057792444174,3.8600787559487197,0,2
dpfi,connected_modulated,SSP,200,1,3,5,false,false,0.9914846018172387,2.7959739764643565,0.9524343060184752,0.003598574993918423,2.743009787749,2.751540046488,-0.00853025873899993,0.6615809332963789,0.6494770333465083,0.0121038999498706,0.019081231985833492,0.019586837294631787,0.02286468417361884,0.06152833184880544,true,true,[],true,false,false,3,7246.203337053724,1.0005804110817071,3.882122627216416,0,0
dpfi,connected_modulated,SSP,200,2,3,5,false,false,0.9971867612142066,2.8127176690220463,0.9323811529681533,-0.01521597149037283,2.7719720364185,2.751540046488,0.020431989930500105,0.6257849983192274,0.6494770333465083,-0.0236920350272809,0.018021259481479163,0.019384098121302023,0.03916811661946552,0.020756352603493976,true,true,[],true,false,false,3,7038.1892755437875,0.9718571217265656,4.223868073713708,0,0
dpfi,connected_modulated,SSP,200,3,1,5,false,false,0.986979110596595,2.827645538448507,0.9604400186990305,-0.018834232633654205,2.775564107263,2.751540046488,0.024024060774999967,0.6578149405632343,0.6494770333465083,0.008337907216726004,0.019164112719521353,0.019590758420280997,0.17195176548106839,0.16715847266423228,true,true,[],true,false,false,3,7195.942064314681,0.9936401635342007,3.614930333474203,0,2
dpfi,connected_modulated,SSP,200,4,3,5,false,false,0.98851082041787,2.796251449834258,0.9499472307490006,-0.03462114419696626,2.7446583218439997,2.751540046488,-0.0068817246440002755,0.6580489062001496,0.6494770333465083,0.00857187285364125,0.019270934188642896,0.01995584624440174,0.06221453626811628,0.06326341297917305,true,true,[],true,false,false,3,7236.289272357458,0.9992114432970806,4.016332013780731,0,2
dpfi,connected_modulated,SSP,200,5,1,5,false,false,1.0052634205371818,2.794427562331521,0.9379701827971831,-0.021521428230112622,2.748596118924,2.751540046488,-0.0029439275639999707,0.642291495625287,0.6494770333465083,-0.0071855377212213245,0.018372588302319248,0.019705855554611323,0.044845548947278976,0.1220292580743605,true,true,[],true,false,false,3,7073.565584253898,0.9767420027967272,4.125051289033814,0,1
dpfi,connected_modulated,SSP,200,6,1,5,false,false,1.0031252659741297,2.7636518647876747,0.9606493192963041,0.011152745980004871,2.700114552159,2.751540046488,-0.05142549432900001,0.6876057577137957,0.6494770333465083,0.038128724367287425,0.020161313809883098,0.020029129752170916,0.24767240880663494,0.25715727331641497,true,true,[],true,false,false,3,7269.977781462654,1.0038632672552685,4.390082785646576,0,1
dpfi,connected_modulated,SSP,200,7,4,5,false,false,0.9944134349581679,2.81460523279917,0.9085099614929663,0.00795804284429639,2.783511442249,2.751540046488,0.03197139576099994,0.5903020504363535,0.6494770333465083,-0.05917498291015477,0.01669690938293379,0.018713455193682317,0.07430333261364624,0.061305163139880964,true,true,[],true,false,false,3,7165.210357623268,0.9893966249134587,3.7692094636680897,0,0
dpfi,connected_modulated,SSP,200,8,4,5,false,false,0.9818788604552978,2.796850548210547,0.942781892732001,0.029073609270878962,2.7490223758544996,2.751540046488,-0.0025176706335003907,0.647872344989058,0.6494770333465083,-0.0016046883574503124,0.018689668385820514,0.01961259973163054,0.07584853097634892,0.10676874126460544,true,true,[],true,false,false,3,7150.2752883438025,0.9873343397326433,3.648495251163303,0,2
dpfi,connected_modulated,SSP,200,9,3,5,false,false,0.9802586793143832,2.7533483920414787,0.9142675005695009,0.016764292749137336,2.712773009622,2.751540046488,-0.038767036866000026,0.628056952010021,0.6494770333465083,-0.021420081336487318,0.01812239860847827,0.020139957013578753,0.025178673053052783,0.039697927108287824,true,true,[],true,false,false,3,7307.324804690827,1.009020271291194,3.7598539886414915,0,0
dpfi,connected_modulated,SSP,200,10,1,5,false,false,1.0041390628204772,2.8210469698562144,0.9370104500150317,-0.023255120623384043,2.7793571451425,2.751540046488,0.027817098654499883,0.628428915601173,0.6494770333465083,-0.021048117745335326,0.017688579325183137,0.019006506459480054,0.057219586711469345,0.14547088288566512,true,true,[],true,false,false,3,7077.1438050860415,0.9772360957036788,3.8624506032596138,0,1
dpfi,connected_modulated,SSP,200,11,0,5,false,false,1.0032037103074458,2.8389686205541587,0.9759695099411049,0.023353864056986903,2.780233079974,2.751540046488,0.02869303348599983,0.6734253199608299,0.6494770333465083,0.02394828661432158,0.019851711989307318,0.019583390181406417,0.08540054806923979,0.03086963833245353,true,true,[],true,false,false,3,7184.199549045748,0.9920187170734256,3.76010399959784,0,1
dpfi,connected_modulated,SSP,200,12,4,5,false,false,0.9904444870616277,2.7866527901762064,0.9539490454525474,0.02543698148360735,2.7312915824145003,2.751540046488,-0.020248464073499672,0.6679733716985455,0.6494770333465083,0.018496338352037234,0.019270533704127187,0.019708943069906316,0.04186913473115804,0.24114763338672998,true,true,[],true,false,false,3,7282.082748023689,1.0055347622236521,4.514636956523016,0,2
dpfi,connected_modulated,SSP,200,13,4,5,false,false,1.0061973971961917,2.8024559285399304,0.9593320558487076,0.011539095008821196,2.746795771064,2.751540046488,-0.004744275424000133,0.6679371586788719,0.6494770333465083,0.01846012533236363,0.018899968693681147,0.019454860373216608,0.24167048718589215,0.21748277065286126,true,true,[],true,false,false,3,7210.663131015068,0.9956728985107799,3.6814729610614254,0,1
dpfi,connected_modulated,SSP,200,14,2,5,false,false,1.0121430345464715,2.7841249286926266,0.9636156436379071,0.010460508487104139,2.722676800398,2.751540046488,-0.028863246089999794,0.6821185589439092,0.6494770333465083,0.032641525597400856,0.019600705848010436,0.019671704901567222,0.227999558977814,0.05208184420837353,true,true,[],true,false,false,3,6849.400107440024,0.9457884710632455,3.7704625285365476,0,2
dpfi,connected_modulated,SSP,200,15,1,5,false,false,0.9945658944616067,2.774869350631272,0.9323597948027595,0.01799450129807997,2.728897262698,2.751540046488,-0.022642783789999843,0.6436379965799592,0.6494770333465083,-0.005839036766549066,0.018364764974634337,0.01984686367060254,0.19718420750289006,0.10435220510218668,true,true,[],true,false,false,3,7428.171284718549,1.0257071644184685,3.6984538457103273,0,1
dpfi,connected_modulated,SSP,200,16,3,5,false,false,0.9966455407333445,2.7778174331706267,0.9475559165251395,0.04026702002097612,2.724489794049,2.751540046488,-0.027050252438999944,0.6633734715816719,0.6494770333465083,0.013896438235163622,0.018933494243139268,0.019498016815447747,0.14618523841697667,0.2062567621104219,true,true,[],true,false,false,3,7142.555853329306,0.9862684138814286,3.9788782403237364,0,1
dpfi,connected_modulated,SSP,200,17,3,5,false,false,0.9941203529115854,2.7768000326934175,0.9439495915110724,-0.005095255484567953,2.7252429019935,2.751540046488,-0.026297144494499936,0.6588915354199331,0.6494770333465083,0.009414502073424758,0.01903938220134186,0.019610161415695746,0.06879932710776854,0.05179037205830143,true,true,[],true,false,false,3,7219.605721052323,0.9969077217691692,4.3155923222974515,0,0
dpfi,connected_modulated,SSP,200,18,1,5,false,false,1.0097030817118062,2.779360561432672,0.9614920149570929,-0.00804775307837063,2.7183051414315003,2.751540046488,-0.03323490505649973,0.6814867741747812,0.6494770333465083,0.0320097408282729,0.020189225010789864,0.020261877491023914,0.14323138413950837,0.08017128730646783,true,true,[],true,false,false,3,7255.55519244541,1.0018717470927105,3.5958070017285038,0,0
dpfi,connected_modulated,SSP,200,19,1,5,false,false,1.0093800223798859,2.792514700138434,0.9698606517473465,-0.03872469444834775,2.7288270279290003,2.751540046488,-0.022713018558999654,0.6865268946080307,0.6494770333465083,0.03704986126152243,0.0202140590842284,0.019717378607394587,0.09663567546530073,0.07747051793058964,true,true,[],true,false,false,3,7249.897618614501,1.0010905300489508,4.17618059289764,0,1
dpfi,connected_modulated,SSP,200,20,1,5,false,false,1.0154188538368594,2.77212213138014,0.9680398340369314,-0.014646846662068206,2.7055550613105,2.751540046488,-0.045984985177499826,0.6934539384292803,0.6494770333465083,0.043976905082771967,0.020850887315922637,0.020239091519667497,0.09084889792932029,0.09861145031515585,true,true,[],true,false,false,3,7052.554106013615,0.9738406663923799,4.065859490900923,0,1
dpfi,connected_modulated,SSP,200,21,1,5,false,false,0.9987282451357009,2.8098162767802286,0.9444310851479095,-0.009699780788502983,2.7631052917205,2.751540046488,0.011565245232500132,0.6440959239569057,0.6494770333465083,-0.0053811093896025675,0.018356665933516536,0.019334321680844806,0.10969993596837635,0.0724512556202019,true,true,[],true,false,false,3,7177.7652594761585,0.9911302484777904,4.085823411180559,0,2
dpfi,connected_modulated,SSP,200,22,1,5,false,false,1.011012918925504,2.795041857878433,0.9541082470693448,0.012622225463826482,2.7410142107165,2.751540046488,-0.010525835771499903,0.6642944979750784,0.6494770333465083,0.014817464628570143,0.018864300943336836,0.019579967022028067,0.0987677498411695,0.06666180736984617,true,true,[],true,false,false,3,7240.44493555207,0.9997852714101174,3.8075938211909217,0,2
dpfi,connected_modulated,SSP,200,23,2,5,false,false,0.9859457755410352,2.7868913918952,0.9393931051498257,-0.021948677745372625,2.7392492869674996,2.751540046488,-0.012290759520500405,0.6478281230417883,0.6494770333465083,-0.0016489103047200304,0.018833609432445112,0.019842944958597272,0.03735029469644206,0.055922832031795384,true,true,[],true,false,false,3,7311.188224104125,1.009553745388584,3.977833047018819,0,1
dpfi,connected_modulated,SSP,200,24,2,5,false,false,1.007702527467523,2.8214744989754514,0.9640188808113763,-0.04091623205338193,2.7664485333485,2.751540046488,0.014908486860500059,0.6654892659281383,0.6494770333465083,0.01601223258162998,0.01916216839037747,0.019493071388581824,0.17199106994880423,0.045419306703388056,true,true,[],true,false,false,3,7115.693717035243,0.9825591987068825,4.313020675190589,0,2
dpfi,connected_modulated,SSP,200,25,4,5,false,false,1.0008054259588666,2.792722123584109,0.9739041832531853,-0.00232867071745251,2.7265181971095,2.751540046488,-0.02502184937850016,0.6917245238200779,0.6494770333465083,0.04224749047356957,0.020154347536780474,0.0195519728827964,0.015510223386275106,0.03249469130224213,true,true,[],true,false,false,3,7096.982847955919,0.9799755382430156,3.9311389888882124,0,1
dpfi,connected_modulated,SSP,200,26,3,5,false,false,1.0018245005831217,2.783663895844945,0.9493567511271833,0.0343508321616258,2.7303292389855,2.751540046488,-0.02121080750249993,0.6631088703746281,0.6494770333465083,0.013631837028119764,0.018999967442131248,0.019833310290801345,0.1434827852365091,0.2707899730676758,true,true,[],true,false,false,3,7202.130962105126,0.9944947475980566,3.8594964495345225,0,1
dpfi,connected_modulated,SSP,200,27,4,5,false,false,1.0007618818650825,2.7794919075666775,0.9401477465486607,0.019055050633119953,2.730339259645,2.751540046488,-0.021200786842999975,0.6523606751562078,0.6494770333465083,0.0028836418096994665,0.018328510195632194,0.019581136435643094,0.03778763083347546,0.21001567423534984,true,true,[],true,false,false,3,7200.818653116414,0.9943135395079279,3.5845193713730064,0,2
dpfi,connected_modulated,SSP,200,28,4,5,false,false,0.9926092021730792,2.788171168993629,0.9427887215108388,-0.01671994275099126,2.739015332556,2.751540046488,-0.012524713932000164,0.6519519018025393,0.6494770333465083,0.002474868456030954,0.018728312353455803,0.019615668823729164,0.1365790207214198,0.2489918435275667,true,true,[],true,false,false,3,7342.438705246751,1.0138689181506146,3.574113163340085,0,1
dpfi,connected_modulated,SSP,200,29,1,5,false,false,1.0069784981115757,2.830623191243987,0.9635520092384908,0.016552563075531112,2.7773708007105,2.751540046488,0.02583075422250003,0.660656345531001,0.6494770333465083,0.011179312184492751,0.019186711969690337,0.019585404494559564,0.16609226875526942,0.2968325822416264,true,true,[],true,false,false,3,7343.171459120553,1.0139700992986127,3.994607615081574,0,1
dpfi,connected_modulated,SSP,200,30,3,5,false,false,1.013122659368214,2.837896868714287,0.953176509235652,-0.00568826919357843,2.7910553474735,2.751540046488,0.039515300985499824,0.6431408374041255,0.6494770333465083,-0.006336195942382772,0.018249081297725716,0.019002947745747664,0.05756936343041084,0.2251070881441315,true,true,[],true,false,false,3,7447.750754647077,1.0284107642428992,3.7900734686623516,0,2
dpfi,connected_modulated,SSP,200,31,2,5,false,false,0.9955961424497538,2.8028968571771053,0.9344516344815018,0.017030630947479287,2.7599116152575,2.751540046488,0.008371568769499849,0.6333487206227255,0.6494770333465083,-0.01612831272378279,0.017806682934985548,0.01924300127250257,0.07069814207374793,0.17735037280153024,true,true,[],true,false,false,3,7100.276404314897,0.9804303237109773,3.900369424956677,0,1
dpfi,connected_modulated,SSP,200,32,1,5,false,false,0.9945007623119216,2.8068706418365648,0.9611261506625115,0.0018815910831515834,2.750964548951,2.751540046488,-0.0005754975370000359,0.6683180249227755,0.6494770333465083,0.018840991576267174,0.019601719647619514,0.01980305441883483,0.025939815161140474,0.020695958991561444,true,true,[],true,false,false,3,7084.761408921944,0.9782879603592853,4.212736305688214,0,1
dpfi,connected_modulated,SSP,200,33,1,5,false,false,1.0021752831307456,2.788782602255086,0.9534184668986802,-0.0038743678231419726,2.7340797312119998,2.751540046488,-0.017460315276000227,0.6662636513856863,0.6494770333465083,0.016786618039178025,0.01953208368624524,0.02009053989313703,0.0706327534820077,0.025760982082055045,true,true,[],true,false,false,3,7345.692048506087,1.0143181508569576,3.779434088874736,0,1
dpfi,connected_modulated,SSP,200,34,3,5,false,false,0.9947752065761138,2.7735046970971715,0.9483121757374996,-0.0012377809403926866,2.719036799501,2.751540046488,-0.03250324698699991,0.6664233221641481,0.6494770333465083,0.01694628881763982,0.019119527675944298,0.019748892500153877,0.0848462301995536,0.20138224820182601,true,true,[],true,false,false,3,7229.130151723672,0.9982228875619541,3.7720084093825035,0,0
dpfi,connected_modulated,SSP,200,35,3,5,false,false,1.0045065493641612,2.776544866374311,0.9276596792604508,0.02951181715360926,2.7330448947935,2.751540046488,-0.01849515169449978,0.6361886303748586,0.6494770333465083,-0.013288402971649682,0.01793569820186242,0.019723547988668787,0.06623627938145868,0.094351911251006,true,true,[],true,false,false,3,7330.385039117164,1.0122045069203485,4.575498487927004,0,1
dpfi,connected_modulated,SSP,200,36,3,5,false,false,1.0071852964054093,2.8103235150034664,0.9495288245821227,0.0033226582416695225,2.7611582170134996,2.751540046488,0.009618170525499625,0.6509182650183025,0.6494770333465083,0.0014412316717942186,0.01847741178343785,0.019400789369330134,0.05025109698166828,0.06268790056469879,true,true,[],true,false,false,3,7340.563579595303,1.013609994420782,3.838209426914193,0,0
dpfi,connected_modulated,SSP,200,37,3,5,false,false,1.0022198999451173,2.776607719662067,0.9168978697436511,0.009639812138936265,2.737899408508,2.751540046488,-0.013640637980000037,0.6207106110034952,0.6494770333465083,-0.028766422343013076,0.017484892945427724,0.01934050598647094,0.040005865817036045,0.07308743566394482,true,true,[],true,false,false,3,7303.634176844573,1.0085106568412832,4.136588698566985,0,2
dpfi,connected_modulated,SSP,200,38,1,5,false,false,1.0125022542027575,2.803084010021871,0.9612148778666808,0.018716928706743876,2.7464731822855,2.751540046488,-0.005066864202500021,0.6701827456485396,0.6494770333465083,0.02070571230203133,0.01981421862891275,0.01998319312324581,0.12262713746149623,0.187327629757665,true,true,[],true,false,false,3,7297.473525527256,1.0076599731465419,3.6423400603110525,0,2
dpfi,connected_modulated,SSP,200,39,3,5,false,false,1.002242248532967,2.810863927260894,0.9376834827486713,0.012401002190030121,2.767492696925,2.751540046488,0.015952650437000226,0.6341599011078847,0.6494770333465083,-0.015317132238623632,0.01820218542710137,0.019562853226630435,0.03749935167037079,0.03192354167037903,true,true,[],true,false,false,3,7096.06431506469,0.9798487040962014,4.285522668548911,0,2
dpfi,connected_modulated,SSP,200,40,2,5,false,false,1.0052323660413207,2.7942722321013966,0.9256490514418929,-0.012602841117176251,2.7540632837940002,2.751540046488,0.0025232373060002367,0.624900666575037,0.6494770333465083,-0.024576366771471347,0.017700058147678232,0.019257609643745382,0.06531415181548503,0.04001851163853455,true,true,[],true,false,false,3,7347.540948640897,1.0145734532782238,4.25330639175952,0,0
dpfi,connected_modulated,SSP,200,41,2,5,false,false,1.0037651502975045,2.7907563602106444,0.9171321206036854,-0.02756883761395328,2.753700367441,2.751540046488,0.0021603209530001166,0.6142913768163369,0.6494770333465083,-0.03518565653017136,0.017131514332191924,0.019124735539686744,0.023597711892900126,0.03048865960521559,true,true,[],true,false,false,3,7091.203389191043,0.9791774909128753,4.227786978458063,0,0
dpfi,connected_modulated,SSP,200,42,2,5,false,false,1.0028419161215476,2.797186049362203,0.9524597719873192,0.015589496273593198,2.7444072476435,2.751540046488,-0.007132798844499799,0.6610521970328901,0.6494770333465083,0.011575163686381784,0.018430728483525245,0.01917910473694832,0.18856209523170483,0.1551237504916379,true,true,[],true,false,false,3,7306.7484671985585,1.0089406886493453,3.6392304463223106,0,1
dpfi,connected_modulated,SSP,200,43,4,5,false,false,0.99254652836444,2.7793134446005325,0.9468129917108391,0.0035060568298681295,2.72663575967,2.751540046488,-0.024904286817999832,0.6616550872486684,0.6494770333465083,0.012178053902160091,0.019378162806997976,0.019743822281178977,0.14659883611226288,0.19304939851755218,true,true,[],true,false,false,3,7494.43349993796,1.0348568765448716,3.96651116987041,0,1
dpfi,connected_modulated,SSP,200,44,3,5,false,false,1.0032515770166406,2.814947993492752,0.9789404695375594,-0.0036098757433987855,2.7499422150305,2.751540046488,-0.0015978314575000319,0.6882049687036286,0.6494770333465083,0.03872793535712027,0.020421545507405388,0.019603160259468743,0.02606767767929925,0.05929450934938612,true,true,[],true,false,false,3,7276.783055395873,1.0048029626340613,4.0471878327204625,0,1
dpfi,connected_modulated,SSP,200,45,3,5,false,false,0.9965203492393951,2.8247733320088666,0.9507083990183673,-0.003514032525625409,2.7772023786144997,2.751540046488,0.02566233212649971,0.6458236403596802,0.6494770333465083,-0.0036533929868280968,0.018236845632457244,0.018967881282208412,0.06886539817854456,0.04249395914751221,true,true,[],true,false,false,3,7276.937902390616,1.004824344433943,4.510098144723942,0,0
dpfi,connected_modulated,SSP,200,46,1,5,false,false,0.9866899055454239,2.820078308382124,0.9320759398945392,0.011513345846980754,2.780413257167,2.751540046488,0.02887321067899995,0.6218837807529474,0.6494770333465083,-0.027593252593560935,0.01774884148924869,0.019233444214037634,0.030900806868551872,0.09131458850878159,true,true,[],true,false,false,3,7204.708488310998,0.9948506611862743,3.5570390741459104,0,0
dpfi,connected_modulated,SSP,200,47,0,5,false,false,0.9874510821144123,2.798395202886013,0.9472573885843488,0.0256394073878535,2.7485418232320002,2.751540046488,-0.0029982232559997435,0.6533487216382611,0.6494770333465083,0.003871688291752773,0.018930844180376882,0.019768537584121865,0.05073460976427152,0.02124277811046669,true,true,[],true,false,false,3,7255.531910191489,1.0018685321998742,3.7238284184527206,0,1
dpfi,connected_modulated,SSP,200,48,3,5,false,false,0.9879527350696357,2.7788168609772677,0.9533556991719438,-0.025133725875537583,2.7224338671805,2.751540046488,-0.029106179307500035,0.6708093379040974,0.6494770333465083,0.021332304557589055,0.019239609455048722,0.01956228424161755,0.02104651960042218,0.05079832242221398,true,true,[],true,false,false,3,7068.647513117142,0.9760628988010414,4.15861449872885,0,0
dpfi,connected_modulated,SSP,200,49,4,5,false,false,1.0012851373400236,2.8112526920857412,0.963446520770069,0.007155332513602887,2.7547986342465,2.751540046488,0.0032585877584998535,0.6694190309316973,0.6494770333465083,0.019941997585188997,0.019549571929450123,0.019727381889067412,0.09580790434998251,0.05454596888741665,true,true,[],true,false,false,3,7310.724643764934,1.0094897326380743,4.431567380933182,0,1
dpfi,connected_modulated,SSP,200,50,2,5,false,false,1.0110095126444796,2.7849530056630436,0.9460458877874692,0.009818796252087002,2.733601587111,2.751540046488,-0.017938459377000004,0.6579621163269509,0.6494770333465083,0.008485082980442593,0.01852534524418656,0.019615079783162268,0.03600924145848915,0.06646840247230063,true,true,[],true,false,false,3,7185.127190375173,0.9921468089443762,3.7279043715125235,0,1
dpfi,connected_modulated,SSP,200,51,1,5,false,false,1.0196872076833705,2.79580918272969,0.9428299019925277,-0.004828430667363571,2.7478000134345,2.751540046488,-0.0037400330535000137,0.6484272640535296,0.6494770333465083,-0.0010497692929787306,0.01842052673022717,0.019481450859570426,0.13166115923385413,0.18405455879831348,true,true,[],true,false,false,3,7371.607616029602,1.0178966605950845,3.841490443908554,0,2
dpfi,connected_modulated,SSP,200,52,3,5,false,false,0.9998507793298467,2.811616177960705,0.9352601734926026,0.009608908226314326,2.7694482303215002,2.751540046488,0.017908183833500235,0.6303861297742414,0.6494770333465083,-0.01909090357226695,0.018291538974552917,0.019829159966727277,0.033902697163031736,0.06802944498905746,true,true,[],true,false,false,3,7302.755547015115,1.0083893326450033,4.336169581889249,0,1
dpfi,connected_modulated,SSP,200,53,1,5,false,false,0.9985805755936331,2.781829317579758,0.9568951182821979,0.0036765955511039224,2.723947049947,2.751540046488,-0.02759299654099978,0.6741913476086572,0.6494770333465083,0.024714314262148873,0.01950576519805099,0.019770931461233095,0.034640030941623906,0.09254725395791691,true,true,[],true,false,false,3,7020.825302311303,0.9694594452238751,4.412743109466462,0,1
dpfi,connected_modulated,SSP,200,54,4,5,false,false,1.0089995758293047,2.8234136005730215,0.9385660106125667,-0.003353418026631895,2.7813459014395,2.751540046488,0.0298058549514999,0.6295145624917613,0.6494770333465083,-0.019962470854747005,0.01772799950348251,0.019179559833971137,0.07938608308418243,0.01086248893704241,true,true,[],true,false,false,3,7397.134694035938,1.0214215263788924,4.07095445239561,0,2
dpfi,connected_modulated,SSP,200,55,1,5,false,false,1.0027153793884818,2.790882191228072,0.9299133541636513,-0.01622485142878731,2.748324202547,2.751540046488,-0.0032158439410001627,0.6325920056973648,0.6494770333465083,-0.016885027649143458,0.01784891433132591,0.01952047199871133,0.05085472097352367,0.18850162982330443,true,true,[],true,false,false,3,7587.790689489773,1.047747954914357,3.801807568312953,0,1
dpfi,connected_modulated,SSP,200,56,3,5,false,false,0.991553963616111,2.8219207575606746,0.9572610931570276,-0.0029698132077436673,2.7705921088589998,2.751540046488,0.019052062370999767,0.6561346309121976,0.6494770333465083,0.006657597565689288,0.018780215782022477,0.019094902844464353,0.027952179016101666,0.035646611991865015,true,true,[],true,false,false,3,7277.714844124346,1.0049316271919837,4.304197897494507,0,2
dpfi,connected_modulated,SSP,200,57,3,5,false,false,0.9947922154142578,2.786223366237071,0.9455487358153822,-0.0009341936513399489,2.7353365104655003,2.751540046488,-0.016203536022499687,0.6566824201799842,0.6494770333465083,0.007205386833475935,0.01891470836124901,0.019582484347312825,0.023614677687279793,0.1424436346374046,true,true,[],true,false,false,3,7057.847518132963,0.9745715987479927,4.001275146162978,0,1
dpfi,connected_modulated,SSP,200,58,1,5,false,false,0.9946101910566221,2.7799668440901195,0.9637926180580848,-0.005954048528018086,2.717623374693,2.751540046488,-0.03391667179500013,0.6842644735507677,0.6494770333465083,0.03478744020425939,0.020325731201821982,0.020247163970602944,0.28377159491724585,0.21683272261182768,true,true,[],true,false,false,3,7348.897887535833,1.0147608240176518,4.087562578269374,0,2
dpfi,connected_modulated,SSP,200,59,3,5,false,false,0.9929288227124624,2.8217824156864593,0.931412951207035,0.023561561287739455,2.7826150058825,2.751540046488,0.031074959394500112,0.6201365477270759,0.6494770333465083,-0.029340485619432366,0.01777480081234717,0.019404778311550085,0.12840582165143657,0.14860536773884372,true,true,[],true,false,false,3,7168.9388127115,0.9899114626776443,4.03359745422883,0,2
dpfi,connected_modulated,SSP,200,60,3,5,false,false,0.9818788948370739,2.7724889219599116,0.938580440252746,-0.014606732084044205,2.723049633943,2.751540046488,-0.028490412545000066,0.6534772819161319,0.6494770333465083,0.004000248569623555,0.0184911180789852,0.019511823179478735,0.1107383281126359,0.08891517459585371,true,true,[],true,false,false,3,7043.014229601016,0.9725233677990909,4.18795183783464,0,0
dpfi,connected_modulated,SSP,200,61,1,5,false,false,1.0007821329800755,2.7915121471858138,0.9661569822153299,-0.022676560272336072,2.7299103579204997,2.751540046488,-0.02162968856750025,0.6820980832221597,0.6494770333465083,0.0326210498756514,0.02001676663549819,0.019873056948193545,0.15403463002521925,0.2992679688067969,true,true,[],true,false,false,3,7315.495793818285,1.0101485492706828,3.8637564462304024,0,1
dpfi,connected_modulated,SSP,200,62,3,5,false,false,0.9919156144373571,2.8016641840736356,0.9512837734957484,0.019458923804352712,2.7502356991575,2.751540046488,-0.0013043473305001108,0.6573609721102651,0.6494770333465083,0.007883938763756815,0.019017860993448866,0.019825268007211523,0.12925055974206817,0.17146138210452844,true,true,[],true,false,false,3,6973.849638738864,0.9629728857689677,3.9544237070455344,0,1
dpfi,connected_modulated,SSP,200,63,3,5,false,false,1.0005116173207904,2.8183370652512245,0.9364479974599386,-0.009435681919340709,2.7765370937045,2.751540046488,0.02499704721649998,0.6289063182220258,0.6494770333465083,-0.020570715124482497,0.018009313630149893,0.019288926659728683,0.014930171161557844,0.019096797989839254,true,true,[],true,false,false,3,7195.489810197343,0.9935777147469405,3.9443305884921074,0,2
dpfi,separated_droplets,ID,200,0,3,5,false,false,1.0008266747777528,2.789782808853752,0.5677721076940628,-0.0022930265540610116,2.7897633452450004,2.799987273455,-0.010223928209999844,0.09723363946585817,0.08736061642362755,0.009873023042230616,0.011373836666318327,0.005736542697303574,82.20047106928745,139.69278522684198,false,false,"[""d_peak_multistart_ambiguity"",""nu_vp_multistart_ambiguity""]",true,false,false,3,7248.675959883116,1.0009218392547798,3.5726182715646817,0,2
dpfi,separated_droplets,ID,200,1,2,5,false,false,1.000301386854903,2.8045904836001054,0.5651992060777739,0.0059824511270386875,2.8045750893449997,2.799987273455,0.004587815889999458,0.09157769262854745,0.08736061642362755,0.004217076204919901,0.011234402748043796,0.005587042800551634,84.66892889126922,144.4698337304733,false,false,"[""d_peak_multistart_ambiguity"",""nu_vp_multistart_ambiguity""]",true,false,false,3,7208.690323388872,0.9954004865215232,3.6712773608142437,0,1
dpfi,separated_droplets,ID,200,2,1,5,false,false,0.9944038509424499,2.8143958947003016,0.5497089370004221,-0.004564582820562015,2.8143889176085,2.799987273455,0.01440164415349976,0.0750806844588032,0.08736061642362755,-0.012279931964824353,0.011127708242727826,0.0049329507345908736,81.30621663659029,165.50679638103074,false,false,"[""d_peak_multistart_ambiguity"",""nu_vp_multistart_ambiguity""]",true,false,false,3,7253.524263516423,1.0015913095162141,3.6877109973468527,0,2
dpfi,separated_droplets,ID,200,3,3,5,false,false,1.0101516028086976,2.7948959554834865,0.5599453274288693,0.011083427578474714,2.7948826926195,2.799987273455,-0.005104580835500361,0.08830661203581176,0.08736061642362755,0.0009459956121842111,0.011445148073596846,0.0054552319264932455,79.05329302193617,147.91818632614908,false,false,"[""d_peak_multistart_ambiguity"",""nu_vp_multistart_ambiguity""]",true,false,false,3,6949.95814171641,0.9596738665722743,3.7011283664606167,0,1
dpfi,separated_droplets,ID,200,4,3,5,false,false,1.0241553189008674,2.8224615263605197,0.5716454561720075,-0.006061041139186513,2.8224440195455003,2.799987273455,0.02245674609050008,0.09441807928730386,0.08736061642362755,0.0070574628636763115,0.0111775974737937,0.005534053982825514,81.42252574945405,144.69550249282761,false,false,"[""d_peak_multistart_ambiguity"",""nu_vp_multistart_ambiguity""]",true,false,false,3,7034.892171646911,0.9714018464025008,3.725318682635043,0,1
dpfi,separated_droplets,ID,200,5,1,5,false,false,0.9895373193046888,2.80369028737506,0.5529341368985298,0.006045724063514681,2.8036813553295,2.799987273455,0.0036940818744999326,0.07993741875593233,0.08736061642362755,-0.007423197667695225,0.011103241428261567,0.005132258371832557,76.1678524433304,157.41709502118397,false,false,"[""d_peak_multistart_ambiguity"",""nu_vp_multistart_ambiguity""]",true,false,false,3,6953.951122716379,0.9602252309743688,4.146923864280354,0,1
dpfi,separated_droplets,ID,200,6,1,5,false,false,1.0237487535640504,2.7893101240993277,0.5680119006943776,0.01483991903855932,2.7892903839185,2.799987273455,-0.010696889536500276,0.09758116374132356,0.08736061642362755,0.010220547317696005,0.011289254134274734,0.005674253839580911,67.96802115193898,136.91869924031985,false,false,"[""d_peak_multistart_ambiguity"",""nu_vp_multistart_ambiguity""]",true,false,false,3,7144.5968691155085,0.9865502442854887,4.014964859463255,0,1
dpfi,separated_droplets,ID,200,7,3,5,false,false,0.9919815277135159,2.793345916727983,0.5541029839426358,0.01973594969168365,2.793335593202,2.799987273455,-0.006651680253000336,0.08295904659590546,0.08736061642362755,-0.004401569827722093,0.011309237812957364,0.005321858653071968,73.29085663813203,150.4810932605549,false,false,"[""d_peak_multistart_ambiguity"",""nu_vp_multistart_ambiguity""]",true,false,false,3,7127.297489754379,0.9841614871243274,3.6077877235237,0,0
dpfi,separated_droplets,ID,200,8,0,5,false,false,1.0093132558440125,2.822834930777664,0.5583935466320542,-0.006055646561141246,2.822825213874,2.799987273455,0.022837940419000002,0.08149892912755827,0.08736061642362755,-0.0058616872960692845,0.011100997009310781,0.005126720945611476,63.58159057447773,149.03575877076167,false,false,"[""d_peak_multistart_ambiguity"",""nu_vp_multistart_ambiguity""]",true,false,false,3,7059.185267969181,0.9747563197969044,4.331856660323159,0,0
dpfi,separated_droplets,ID,200,9,2,5,false,false,0.9964830818538793,2.795328152966968,0.5531510950822388,-0.0069276102678800045,2.7953184419975,2.799987273455,-0.0046688314575003,0.08168612923491247,0.08736061642362755,-0.005674487188715077,0.01124821581026501,0.005192810334455343,74.81767363953806,154.14063553757154,false,false,"[""d_peak_multistart_ambiguity"",""nu_vp_multistart_ambiguity""]",true,false,false,3,7218.79823864613,0.996796221851164,3.9563383683183675,0,1
dpfi,separated_droplets,ID,200,10,2,5,false,false,0.9899367628270174,2.803359875458184,0.5606411461654504,0.01288189254265281,2.803347151148,2.799987273455,0.0033598776929997243,0.08733060808591984,0.08736061642362755,-3.0008337707707056e-05,0.011121982156993362,0.005458112006877989,70.22616466965673,143.8434110503494,false,false,"[""d_peak_multistart_ambiguity"",""nu_vp_multistart_ambiguity""]",true,false,false,3,7328.804935066608,1.011986320776941,4.310202458042398,0,1
dpfi,separated_droplets,ID,200,11,3,5,false,false,0.9985116304009175,2.786145000156107,0.5614533167833505,-0.008337939800404879,2.786129726344,2.799987273455,-0.01385754711100029,0.09154895583731984,0.08736061642362755,0.004188339413692288,0.011585684418233466,0.005642334380693646,71.31052395491301,140.7763668719411,false,false,"[""d_peak_multistart_ambiguity"",""nu_vp_multistart_ambiguity""]",true,false,false,3,7206.893595957801,0.9951523882847005,3.8659987874665998,0,0
dpfi,separated_droplets,ID,200,12,1,5,false,false,1.0148750259269188,2.78906396938474,0.5653402865219667,0.0016373467347578442,2.7890463240135,2.799987273455,-0.010940949441500258,0.0948860345884043,0.08736061642362755,0.007525418164776754,0.011289151335531954,0.005653285336748163,60.00070778917256,133.02816530946635,false,false,"[""d_peak_multistart_ambiguity"",""nu_vp_multistart_ambiguity""]",true,false,false,3,7290.977861057272,1.0067630296958399,4.017879180021842,0,0
dpfi,separated_droplets,ID,200,13,0,5,false,false,1.0036350983950164,2.790329065952233,0.5610120020719831,-0.00840942555272605,2.7903146088134996,2.799987273455,-0.009672664641500628,0.09026664781012361,0.08736061642362755,0.0029060313864960607,0.011249816812781458,0.005521746372020759,71.21035095201083,142.58996738569172,false,false,"[""d_peak_multistart_ambiguity"",""nu_vp_multistart_ambiguity""]",true,false,false,3,7159.468972558688,0.9886038349293963,4.032958056540962,0,2
dpfi,separated_droplets,ID,200,14,1,5,false,false,0.9935874673007636,2.8068033128172907,0.5604627050706253,-0.00800763115743071,2.806791056684,2.799987273455,0.006803783228999993,0.08648982283837042,0.08736061642362755,-0.0008707935852571291,0.01104749784476057,0.005393579334285675,71.85221492593138,146.12765069969333,false,false,"[""d_peak_multistart_ambiguity"",""nu_vp_multistart_ambiguity""]",true,false,false,3,7309.688746036951,1.0093466923552818,3.8160636605113876,0,2
dpfi,separated_droplets,ID,200,15,1,5,false,false,0.9781723534728325,2.7720571954350666,0.5553887402320946,-0.0015938833354401877,2.7720440296974997,2.799987273455,-0.027943243757500458,0.08832548172152811,0.08736061642362755,0.0009648652979005606,0.011273367405630999,0.005586373514384111,68.91673473517146,140.89548435512248,false,false,"[""d_peak_multistart_ambiguity"",""nu_vp_multistart_ambiguity""]",true,false,false,3,7221.195549660548,0.997127250712586,3.8243798521507113,0,1
dpfi,separated_droplets,ID,200,16,2,5,false,false,1.006777760787028,2.799628966026533,0.5602777060578683,0.015024501857612334,2.7996160398205,2.799987273455,-0.00037123363450008995,0.08770399906855568,0.08736061642362755,0.000343382644928128,0.011202445308152564,0.005466061102684075,85.5975589956829,148.74791704829624,false,false,"[""d_peak_multistart_ambiguity"",""nu_vp_multistart_ambiguity""]",true,false,false,3,7114.635066021447,0.9824130165729698,3.91994573307923,0,1
dpfi,separated_droplets,ID,200,17,1,5,false,false,0.9971917070422759,2.786207480450743,0.5581420208097738,-0.009340875583873176,2.7861942957209997,2.799987273455,-0.013792977734000456,0.08824495733372562,0.08736061642362755,0.0008843409100980637,0.01110782705004904,0.005479194211016257,80.6676432356807,147.20273818849336,false,false,"[""d_peak_multistart_ambiguity"",""nu_vp_multistart_ambiguity""]",true,false,false,3,7261.787003429237,1.0027322567563155,3.8802402142630945,0,0
dpfi,separated_droplets,ID,200,18,1,5,false,false,1.002453026206915,2.8031985405642525,0.5596664853322216,-0.02368991283558524,2.8031863420245,2.799987273455,0.0031990685694998078,0.08641583066296342,0.08736061642362755,-0.0009447857606641324,0.011153184646556815,0.00533703028107994,74.92402746967679,150.08347732682773,false,false,"[""d_peak_multistart_ambiguity"",""nu_vp_multistart_ambiguity""]",true,false,false,3,7110.222272876424,0.9818036830815277,4.024795221794222,0,0
dpfi,separated_droplets,ID,200,19,1,5,false,false,0.9865411316729317,2.7950967825807007,0.5594655155906443,-0.0016325664646839229,2.795083822574,2.799987273455,-0.004903450881000193,0.08779678650382677,0.08736061642362755,0.0004361700801992219,0.011239439037641621,0.005510675782051889,99.75719026465445,148.46287575268465,false,false,"[""d_peak_multistart_ambiguity"",""nu_vp_multistart_ambiguity""]",true,false,false,3,7309.035532749715,1.0092564944421036,3.9785660601293067,0,2
dpfi,separated_droplets,ID,200,20,3,5,false,false,0.9895587011790733,2.802112859503842,0.5587913387237637,0.0056732100285228895,2.8021010210824997,2.799987273455,0.002113747627499496,0.08577946946289894,0.08736061642362755,-0.0015811469607286133,0.011410532341463052,0.0053975715032790975,87.5768507291107,151.18676848130298,false,false,"[""d_peak_multistart_ambiguity"",""nu_vp_multistart_ambiguity""]",true,false,false,3,7129.534202886638,0.9844703400837667,3.905680137842382,0,2
dpfi,separated_droplets,ID,200,21,1,5,false,false,0.9916360731905525,2.7823252242061733,0.5503602469993382,-0.015874317868935454,2.7823156556170003,2.799987273455,-0.017671617837999865,0.08148006155182155,0.08736061642362755,-0.0058805548718059986,0.011146724582134669,0.005217040946463715,74.42596906993153,154.1563000109369,false,false,"[""d_peak_multistart_ambiguity"",""nu_vp_multistart_ambiguity""]",true,false,false,3,7091.298474425272,0.9791906206055332,3.7080898323930414,0,1
dpfi,separated_droplets,ID,200,22,3,5,false,false,1.003064397122162,2.8348698632122105,0.5632870867563083,0.0027783230821784638,2.8348589291465,2.799987273455,0.03487165569149964,0.08384901883007523,0.08736061642362755,-0.0035115975935523236,0.011064434889544507,0.005269573127018797,0.08472027860961685,0.030254487045347285,true,true,[],true,false,false,3,7047.056018392167,0.9730814717470543,3.7497356507836366,0,1
dpfi,separated_droplets,ID,200,23,1,5,false,false,1.000484250255505,2.8015736571654366,0.5536470272257742,-0.005348038824512354,2.8015642513195003,2.799987273455,0.001576977864500062,0.08099186941271476,0.08736061642362755,-0.0063687470109127925,0.011078671860405256,0.005156497374571513,66.46787356021247,151.26793637014023,false,false,"[""d_peak_multistart_ambiguity"",""nu_vp_multistart_ambiguity""]",true,false,false,3,7216.097174974917,0.9964232497894113,3.650762294656601,0,0
dpfi,separated_droplets,ID,200,24,1,5,false,false,0.9915379177760957,2.8104444526522743,0.5563862844799226,-0.0006395835301956793,2.8104345792645002,2.799987273455,0.01044730580950004,0.08191494357924738,0.08736061642362755,-0.0054456728443801755,0.011061768607585978,0.005249088176980538,89.217401480736,156.05692794800763,false,false,"[""d_peak_multistart_ambiguity"",""nu_vp_multistart_ambiguity""]",true,false,false,3,7185.374772544887,0.9921809959327377,3.8123967709843836,0,0
dpfi,separated_droplets,ID,200,25,3,5,false,false,0.9913711555517057,2.8042089602560494,0.5569962048098162,-0.0139455280451328,2.804198241701,2.799987273455,0.004210968245999869,0.0836599798883434,0.08736061642362755,-0.0037006365352841575,0.011108378273588309,0.005267833132916836,0.11470018805796932,0.019113093159696455,true,true,[],true,false,false,3,7153.441742743556,0.9877715745296266,3.7738286945439006,0,0
dpfi,separated_droplets,ID,200,26,1,5,false,false,0.9845350086889523,2.783257654043256,0.5581395650593144,0.015989593772329593,2.7832441327975,2.799987273455,-0.016743140657500266,0.08882595417706535,0.08736061642362755,0.0014653377534377954,0.01125273249939526,0.005553119132348541,92.24977788237541,146.87812868227257,false,false,"[""d_peak_multistart_ambiguity"",""nu_vp_multistart_ambiguity""]",true,false,false,3,7491.164457952149,1.034405476104964,4.297950673108177,0,2
dpfi,separated_droplets,ID,200,27,1,5,false,false,1.0177493767992523,2.80478472858918,0.5684731739573547,0.003840138276202127,2.8047670245115,2.799987273455,0.004779751056499748,0.09483153794980488,0.08736061642362755,0.007470921526177329,0.011260770123961109,0.005599992685244898,0.0968942993675337,0.02261043965330845,true,true,[],true,false,false,3,7072.877464423609,0.9766469848693191,4.844432559800369,0,2
dpfi,separated_droplets,ID,200,28,3,5,false,false,1.0180195362781517,2.804053786778265,0.5583293205027535,-0.015598791729711724,2.804042385,2.799987273455,0.004055111544999601,0.08496299200340085,0.08736061642362755,-0.0023976244202267016,0.011212844624668723,0.005267944374782004,57.362576151634,139.54001341850272,false,false,"[""d_peak_multistart_ambiguity"",""nu_vp_multistart_ambiguity""]",true,false,false,3,7177.298131632704,0.9910657458758222,3.6507926422644323,0,0
dpfi,separated_droplets,ID,200,29,1,5,false,false,1.0236777658900644,2.8187662429499722,0.5716467322555261,0.0020367856429104794,2.818748191341,2.799987273455,0.018760917885999984,0.09517496106028751,0.08736061642362755,0.007814344636659962,0.011222274371672171,0.005612847544917199,75.96192353724987,140.87485511411737,false,false,"[""d_peak_multistart_ambiguity"",""nu_vp_multistart_ambiguity""]",true,false,false,3,7186.818523891844,0.9923803540309092,3.407327358962835,0,0
dpfi,separated_droplets,ID,200,30,1,5,false,false,0.9957659088966371,2.801781774689226,0.5714516900198899,0.012436786762466422,2.8017611791315,2.799987273455,0.0017739056764995986,0.09851102676532972,0.08736061642362755,0.011150410341702166,0.011224189995777293,0.0058215075054409236,89.49202390599217,138.23704423725354,false,false,"[""d_peak_multistart_ambiguity"",""nu_vp_multistart_ambiguity""]",true,false,false,3,7309.916205395542,1.009378100717418,3.7287460977256424,0,0
dpfi,separated_droplets,ID,200,31,2,5,false,false,1.003192901373021,2.79841160645793,0.5643311656893996,0.014683443745651168,2.7983959913065,2.799987273455,-0.0015912821485000173,0.09195495224045155,0.08736061642362755,0.004594335816824002,0.011223699905310159,0.005660110496053416,85.16947123361138,142.9895936068881,false,false,"[""d_peak_multistart_ambiguity"",""nu_vp_multistart_ambiguity""]",true,false,false,3,7074.3813070822625,0.9768546405802627,4.227957356751012,0,0
dpfi,separated_droplets,ID,200,32,1,5,false,false,1.0197863715803643,2.806881160613393,0.5624322681035981,0.007860888540601144,2.8068677901795,2.799987273455,0.006880516724499852,0.08839047638465333,0.08736061642362755,0.0010298599610257808,0.011112511667445384,0.00539871395135418,81.72268615361284,149.40906070433664,false,false,"[""d_peak_multistart_ambiguity"",""nu_vp_multistart_ambiguity""]",true,false,false,3,7427.997174994951,1.0256831227554475,4.265128221360333,0,2
dpfi,separated_droplets,ID,200,33,1,5,false,false,0.9946959073866419,2.7923703685735846,0.5631677061765268,-0.01780460071240858,2.7923547497855,2.799987273455,-0.007632523669500291,0.09200997460534752,0.08736061642362755,0.004649358181719965,0.01132766625886045,0.005649073510398171,70.78229606754496,139.5117628568093,false,false,"[""d_peak_multistart_ambiguity"",""nu_vp_multistart_ambiguity""]",true,false,false,3,6975.893087489256,0.9632550521250008,3.708219276457849,0,0
dpfi,separated_droplets,ID,200,34,0,5,false,false,0.994999635880278,2.8168576424478573,0.5588392794571897,-0.007300708981108942,2.816847197703,2.799987273455,0.016859924247999647,0.08302731554053092,0.08736061642362755,-0.004333300883096636,0.011191253522837763,0.005238786554857409,75.97642180072754,153.37131703876125,false,false,"[""d_peak_multistart_ambiguity"",""nu_vp_multistart_ambiguity""]",true,false,false,3,7291.225201266186,1.0067971832734308,3.767348738035186,0,1
dpfi,separated_droplets,ID,200,35,3,5,false,false,1.0044261373041399,2.783577069626683,0.5583210156375715,0.004150617300650678,2.7835634759375,2.799987273455,-0.016423797517500116,0.08894208399566428,0.08736061642362755,0.0015814675720367266,0.011278334066587733,0.005461686427212428,68.77197851456873,144.04017426122113,false,false,"[""d_peak_multistart_ambiguity"",""nu_vp_multistart_ambiguity""]",true,false,false,3,7013.142695959927,0.9683986047997689,3.542248912087581,0,0
dpfi,separated_droplets,ID,200,36,1,5,false,false,1.0035829557390867,2.7977219756079004,0.5633427134026394,-0.008349017637365733,2.7977069329865003,2.799987273455,-0.0022803404684998974,0.09110627394100224,0.08736061642362755,0.0037456575173746842,0.01111139721899936,0.005554514743308072,0.09160546468082775,0.025420565701777594,true,true,[],true,false,false,3,7168.06444960008,0.9897907276443081,4.065177314093099,0,2
dpfi,separated_droplets,ID,200,37,3,5,false,false,0.9972803267221623,2.794199145478528,0.5540300548296916,-0.000953904072190686,2.7941889329175,2.799987273455,-0.0057983405375003905,0.08272900160929827,0.08736061642362755,-0.004631614814329277,0.011303703279855278,0.005282621087583958,0.07412701455044604,0.040172759929458166,true,true,[],true,false,false,3,7272.278989870835,1.0041810259418442,3.9481042137257414,0,0
dpfi,separated_droplets,ID,200,38,1,5,false,false,1.0046520941334427,2.8121879463623904,0.5638335334698503,-0.01360505086881255,2.8121743492375,2.799987273455,0.012187075782499779,0.0887207078642334,0.08736061642362755,0.0013600914406058512,0.011220284945549212,0.0054338420332015105,72.58303082637413,145.63091252122678,false,false,"[""d_peak_multistart_ambiguity"",""nu_vp_multistart_ambiguity""]",true,false,false,3,7147.09232980074,0.9868948259873985,4.473539152550378,0,1
dpfi,separated_droplets,ID,200,39,1,5,false,false,1.0032221708145956,2.8050960715459285,0.5610569398313692,0.00027454153302243945,2.8050833003860003,2.799987273455,0.005096026931000086,0.0873973223383399,0.08736061642362755,3.670591471234552e-05,0.011303956058621356,0.005439980679606029,78.73221479122982,148.02860872669075,false,false,"[""d_peak_multistart_ambiguity"",""nu_vp_multistart_ambiguity""]",true,false,false,3,7130.629982480427,0.9846216490583302,4.2882701427606,0,0
dpfi,separated_droplets,ID,200,40,3,5,false,false,1.0012907643981845,2.8012617139548954,0.563210112533493,0.012568704421005363,2.801247200149,2.799987273455,0.0012599266939998799,0.09026668501182197,0.08736061642362755,0.0029060685881944215,0.011337275502732768,0.005548130889221421,78.52068657160366,144.7740356014553,false,false,"[""d_peak_multistart_ambiguity"",""nu_vp_multistart_ambiguity""]",true,false,false,3,7353.379923831977,1.0153797188389917,4.423356550805997,0,2
dpfi,separated_droplets,ID,200,41,3,5,false,false,1.008249140411074,2.796746094632515,0.5630969043913502,0.01901552848917776,2.796731089705,2.799987273455,-0.00325618375000003,0.09105711347124218,0.08736061642362755,0.0036964970476146275,0.011331980993916635,0.005557127264637553,84.84225621227449,145.72513141582755,false,false,"[""d_peak_multistart_ambiguity"",""nu_vp_multistart_ambiguity""]",true,false,false,3,6978.661313618202,0.9636372982074292,4.340393790155826,0,0
dpfi,separated_droplets,ID,200,42,1,5,false,false,1.0113056943299759,2.7979652844787313,0.5601378224049925,0.004375412561949878,2.797952254307,2.799987273455,-0.0020350191480003055,0.08789279033567378,0.08736061642362755,0.0005321739120462271,0.011146402794936535,0.005380473168892957,65.79327054748477,143.9021701599229,false,false,"[""d_peak_multistart_ambiguity"",""nu_vp_multistart_ambiguity""]",true,false,false,3,7201.710547347375,0.9944366952978977,4.478553690810119,0,2
dpfi,separated_droplets,ID,200,43,1,5,false,false,1.0234887606320084,2.791629734926306,0.5598369602775738,0.001525659281632311,2.791616161857,2.799987273455,-0.00837111159800008,0.08884419952592751,0.08736061642362755,0.0014835831022999568,0.011170251750248376,0.005386272469662682,62.356497405173734,141.52499313822617,false,false,"[""d_peak_multistart_ambiguity"",""nu_vp_multistart_ambiguity""]",true,false,false,3,7181.47691702579,0.9916427667806945,4.481637859774762,0,1
dpfi,separated_droplets,ID,200,44,1,5,false,false,0.9870716479620185,2.7964003809287337,0.5592216304858051,0.006912976586029605,2.7963877039150002,2.799987273455,-0.0035995695399999583,0.08730358940039021,0.08736061642362755,-5.7027023237343766e-05,0.011139497158833923,0.005467680284581282,96.35640003842501,149.60623492135065,false,false,"[""d_peak_multistart_ambiguity"",""nu_vp_multistart_ambiguity""]",true,false,false,3,7144.088553569706,0.9864800543454441,3.873076491977952,0,0
dpfi,separated_droplets,ID,200,45,1,5,false,false,1.011366921290463,2.809458743765386,0.5611154359138582,0.013249982545632597,2.8094464086865,2.799987273455,0.009459135231499882,0.08660823202004042,0.08736061642362755,-0.0007523844035871308,0.011095909622715821,0.005357111754960947,88.25389605627649,152.0941165269538,false,false,"[""d_peak_multistart_ambiguity"",""nu_vp_multistart_ambiguity""]",true,false,false,3,7324.633764514392,1.0114103513552046,4.116563178287839,0,0
dpfi,separated_droplets,ID,200,46,1,5,false,false,0.9801568191655834,2.7943014183600345,0.562381671406341,0.0035134146629056994,2.7942865725384998,2.799987273455,-0.005700700916500434,0.09083473432025219,0.08736061642362755,0.0034741178966246344,0.0111485201860117,0.005609121618306229,0.04507259404084886,0.03922698647242914,true,true,[],true,false,false,3,6998.865217326291,0.9664271219726996,3.8964928703484305,0,1
dpfi,separated_droplets,ID,200,47,1,5,false,false,0.9999589060756033,2.773772877723645,0.5594369986359139,0.005029434920833949,2.7737573492805,2.799987273455,-0.02622992417450032,0.09203023703419307,0.08736061642362755,0.004669620610565514,0.01121672623052889,0.005615867438865141,78.28039912828453,142.64838153346528,false,false,"[""d_peak_multistart_ambiguity"",""nu_vp_multistart_ambiguity""]",true,false,false,3,7207.194466862729,0.9951939335629286,4.260250685887823,0,0
dpfi,separated_droplets,ID,200,48,1,5,false,false,0.9968021400671604,2.7884110952131183,0.5538255848151284,-0.002018339462364727,2.7884004529885003,2.799987273455,-0.011586820466499947,0.083628684800502,0.08736061642362755,-0.003731931623125545,0.011242296379665844,0.005291083864282004,80.26806543805264,153.39085717389707,false,false,"[""d_peak_multistart_ambiguity"",""nu_vp_multistart_ambiguity""]",true,false,false,3,7101.808249184923,0.9806418460625411,3.9085320756835946,0,1
dpfi,separated_droplets,ID,200,49,3,5,false,false,0.9991562790053272,2.782862701096833,0.5597702146709023,-0.013666979218549575,2.7828481164415,2.799987273455,-0.017139157013500217,0.09052552479896114,0.08736061642362755,0.0031649083753335916,0.011331892048615662,0.005526359602747014,72.72211528869727,143.5286857206338,false,false,"[""d_peak_multistart_ambiguity"",""nu_vp_multistart_ambiguity""]",true,false,false,3,7067.848016681194,0.9759525016129791,4.542005096704306,0,0
dpfi,separated_droplets,ID,200,50,3,5,false,false,0.9891623845578164,2.8171396861564606,0.5521677857833455,-0.002039207395561128,2.8171320359115004,2.799987273455,0.017144762456500207,0.07681017450573657,0.08736061642362755,-0.01055044191789098,0.011277342420949249,0.005061786477014908,76.69617646975702,159.75231915311565,false,false,"[""d_peak_multistart_ambiguity"",""nu_vp_multistart_ambiguity""]",true,false,false,3,7128.9911444999025,0.9843953527340379,4.165775012592138,0,2
dpfi,separated_droplets,ID,200,51,1,5,false,false,0.9970238136278654,2.8007981022138124,0.5611675463285171,0.0005506403889022568,2.800784787865,2.799987273455,0.0007975144099998666,0.08834556355210817,0.08736061642362755,0.000984947128480615,0.01121196276028774,0.005445920243766618,0.07658193309748026,0.011280708802663119,true,true,[],true,false,false,3,7130.193851390239,0.9845614265935154,3.546876617638968,0,1
dpfi,separated_droplets,ID,200,52,3,5,false,false,1.0000086306518576,2.801330878596318,0.5560376314282802,-0.007184122433479458,2.8013203583115,2.799987273455,0.0013330848564998554,0.08329192782873479,0.08736061642362755,-0.004068688594892761,0.011155749422799264,0.005243340291683894,71.37001399962573,150.43638048339184,false,false,"[""d_peak_multistart_ambiguity"",""nu_vp_multistart_ambiguity""]",true,false,false,3,7223.338658255317,0.9974231784390108,3.7132574606968984,0,1
dpfi,separated_droplets,ID,200,53,3,5,false,false,1.002390902770901,2.7885057765317507,0.5681101301624275,0.021457224605147127,2.7884858213449997,2.799987273455,-0.011501452110000532,0.0978526924337518,0.08736061642362755,0.010492076010124252,0.011037762339723582,0.00585307812931404,72.79338880181226,134.35562301109076,false,false,"[""d_peak_multistart_ambiguity"",""nu_vp_multistart_ambiguity""]",true,false,false,3,7183.884934087879,0.9919752739696049,3.82448366214979,0,0
dpfi,separated_droplets,ID,200,54,1,5,false,false,1.0026547944784432,2.8067501355817615,0.5551976463700791,-0.007363192899193836,2.8067404803234997,2.799987273455,0.006753206868499451,0.08148569404862284,0.08736061642362755,-0.0058749223750047125,0.011074734896013301,0.005183382930635565,87.24698388318325,157.8288718190049,false,false,"[""d_peak_multistart_ambiguity"",""nu_vp_multistart_ambiguity""]",true,false,false,3,7059.383694397844,0.9747837191932952,4.086004285491685,0,0
dpfi,separated_droplets,ID,200,55,1,5,false,false,0.9875268630484378,2.804753133360311,0.5568675355802246,-0.019148018780905968,2.804742527667,2.799987273455,0.004755254211999738,0.08343493161038709,0.08736061642362755,-0.00392568481324046,0.011208823036526174,0.005344600518413181,78.63810348304644,151.0877651945012,false,false,"[""d_peak_multistart_ambiguity"",""nu_vp_multistart_ambiguity""]",true,false,false,3,7051.634470293069,0.9737136799631413,3.5033800532636086,0,2
dpfi,separated_droplets,ID,200,56,1,5,false,false,1.011471998297981,2.812134684368682,0.5602129741511988,2.6891868354756655e-05,2.812123107492,2.799987273455,0.012135834036999693,0.0852258692212014,0.08736061642362755,-0.0021347472024261516,0.011171864904785528,0.005281198326897831,82.43616390585775,153.74050699007142,false,false,"[""d_peak_multistart_ambiguity"",""nu_vp_multistart_ambiguity""]",true,false,false,3,7095.379175628365,0.9797540977117323,4.677885936345116,0,1
dpfi,separated_droplets,ID,200,57,3,5,false,false,0.9852378991847033,2.798495941434373,0.556754660629923,-0.007011461473668787,2.7984848011005,2.799987273455,-0.001502472354500295,0.08451380814438558,0.08736061642362755,-0.002846808279241969,0.011317503099498636,0.005410712177730229,0.08224743791241734,0.024816417747662828,true,true,[],true,false,false,3,7037.3185920944625,0.9717368947934911,4.1130688469152314,0,1
dpfi,separated_droplets,ID,200,58,1,5,false,false,1.0124652035458939,2.8176551197534665,0.5618008505046174,0.024733419114751545,2.8176432634779998,2.799987273455,0.017655990022999557,0.0856932528922754,0.08736061642362755,-0.0016673635313521479,0.011148994317067305,0.005300751175986216,0.06776643569940291,0.00325030119945328,true,true,[],true,false,false,3,7194.826406871779,0.9934861097585997,4.265406593322286,0,1
dpfi,separated_droplets,ID,200,59,3,5,false,false,1.011234374943338,2.8005353431459072,0.5585807991514179,0.008114077274609978,2.8005234558405,2.799987273455,0.0005361823854999059,0.08587992730891884,0.08736061642362755,-0.0014806891147087081,0.010973365294966978,0.00528919985934963,83.1279433787632,153.19910741150707,false,false,"[""d_peak_multistart_ambiguity"",""nu_vp_multistart_ambiguity""]",true,false,false,3,7159.1938568746245,0.9885658460196941,4.511710241565602,0,1
dpfi,separated_droplets,ID,200,60,1,5,false,false,1.0215067316739783,2.798287506815766,0.5634663965664638,-0.007260026046047982,2.798272454692,2.799987273455,-0.001714818763000281,0.09111604997435341,0.08736061642362755,0.0037554335507258563,0.011182212259152854,0.0054414855002835605,80.53765643500914,147.6844121979307,false,false,"[""d_peak_multistart_ambiguity"",""nu_vp_multistart_ambiguity""]",true,false,false,3,7363.942760599136,1.0168382712785329,4.0814933254581875,0,2
dpfi,separated_droplets,ID,200,61,1,5,false,false,1.0148017508942633,2.7991844558327363,0.5615640947579935,-0.003647411616626667,2.7991707176235,2.799987273455,-0.0008165558315003096,0.0890529202403811,0.08736061642362755,0.001692303816753546,0.01112775328919274,0.005392875144456488,92.91440964589412,151.1937430391065,false,false,"[""d_peak_multistart_ambiguity"",""nu_vp_multistart_ambiguity""]",true,false,false,3,7103.899500372612,0.9809306131417581,3.8122779102631665,0,1
dpfi,separated_droplets,ID,200,62,3,5,false,false,0.9900552571213563,2.794144940371439,0.5525719798662055,-0.005269285958610729,2.7941353871045003,2.799987273455,-0.005851886350499935,0.08136120463159754,0.08736061642362755,-0.005999411792030007,0.0109410292341211,0.005188324776805057,86.59750814852023,157.59287998384693,false,false,"[""d_peak_multistart_ambiguity"",""nu_vp_multistart_ambiguity""]",true,false,false,3,7279.649467627551,1.005198766587621,4.396859361735232,0,0
dpfi,separated_droplets,ID,200,63,3,5,false,false,0.9972185841450764,2.820122630809636,0.5562893954076464,-0.008299673101918882,2.820113598732,2.799987273455,0.020126325276999868,0.08004322379939122,0.08736061642362755,-0.007317392624236335,0.011240986138154557,0.005155595632979261,87.14884057684003,159.13664183433005,false,false,"[""d_peak_multistart_ambiguity"",""nu_vp_multistart_ambiguity""]",true,false,false,3,7225.011003255351,0.9976541015265605,3.582721358171202,0,1
dpfi,connected_modulated,SSP,400,0,3,5,false,false,1.0013101743684591,2.7956979508106543,0.9414230137180316,0.0032183728768033736,2.748370260388,2.751540046488,-0.0031697860999999605,0.6465211683769971,0.6494770333465083,-0.0029558649695111683,0.013103450901836726,0.013841563432312902,0.056475791800487396,0.10609448349323425,true,true,[],true,false,false,3,7275.910112668886,1.0046824237322405,4.262509511892729,0,1
dpfi,connected_modulated,SSP,400,1,4,5,false,false,1.0048650439324616,2.8000468494067565,0.9508322276370778,0.0077350701619839195,2.748596733056,2.751540046488,-0.00294331343200005,0.6574947874689504,0.6494770333465083,0.0080177541224421,0.013270870470314293,0.013739345852389999,0.3535241132821505,0.45938617280325406,true,true,[],true,false,false,3,7138.024866503181,0.9856427598043609,3.5782316397226217,0,0
dpfi,connected_modulated,SSP,400,2,4,5,false,false,1.0013990801537793,2.786322504997096,0.9386873057227048,0.009564788431376127,2.7389452149434996,2.751540046488,-0.012594831544500362,0.6471101931774335,0.6494770333465083,-0.0023668401690748464,0.012728350844952038,0.013604511351175998,0.10036850233486191,0.03578543214168285,true,true,[],true,false,false,3,7337.26967506738,1.013155160876468,3.6485075067252675,0,1
dpfi,connected_modulated,SSP,400,3,2,5,false,false,0.9952680979807206,2.801305952416533,0.9436965726603246,-0.01751450796257329,2.7536929652205,2.751540046488,0.0021529187325000088,0.6470566502006897,0.6494770333465083,-0.0024203831458186054,0.013148800098563796,0.013689428931334895,0.07593453440737821,0.07080037228155739,true,true,[],true,false,false,3,7216.365611115909,0.9964603163650799,3.694858649724501,0,1
dpfi,connected_modulated,SSP,400,4,1,5,false,false,0.9891036398435155,2.8121486518502694,0.9501266922380753,-0.006687788138633883,2.7629609384925002,2.751540046488,0.01142089200450025,0.6508923769618558,0.6494770333465083,0.001415343615347453,0.013058928067919601,0.013498818914724356,0.04046261283863245,0.08642774659083285,true,true,[],true,false,false,3,7053.615317603185,0.9739872020993074,4.134244025338488,0,0
dpfi,connected_modulated,SSP,400,5,1,5,false,false,1.0092280854734612,2.7807015187781743,0.927888146324703,0.015306250625104,2.737673096539,2.751540046488,-0.013866949949000063,0.6345393590405801,0.6494770333465083,-0.014937674305928184,0.0126037758909205,0.013679926337162737,0.020939513784108327,0.04667150575049382,true,true,[],true,false,false,3,7053.422836443355,0.9739606236458651,3.563038058142016,0,1
dpfi,connected_modulated,SSP,400,6,3,5,false,false,0.9958016034182983,2.8035351693410866,0.9499437294208525,-0.012747021819762542,2.7531023967020003,2.751540046488,0.0015623502140003076,0.6546508753995883,0.6494770333465083,0.005173842053080024,0.013143979839246292,0.01351460827494874,0.05852475748657745,0.03759232976239528,true,true,[],true,false,false,3,7428.050214099607,1.0256904465754773,4.069179123432784,0,1
dpfi,connected_modulated,SSP,400,7,1,5,false,false,1.005890042623403,2.7922637850407708,0.9481704630863698,0.019881197880394316,2.7409665749074996,2.751540046488,-0.010573471580500371,0.657468926014295,0.6494770333465083,0.00799189266778666,0.013048160975559029,0.013466014666692276,0.08037360080587115,0.13640756826525555,true,true,[],true,false,false,3,7279.499198147014,1.0051780168664752,4.129666651055626,0,2
dpfi,connected_modulated,SSP,400,8,3,5,false,false,1.0084999338907006,2.806404317682841,0.9552898938517931,-0.0032708803907580022,2.7536171677974997,2.751540046488,0.0020771213094996632,0.6606319138162463,0.6494770333465083,0.011154880469738004,0.013397389086931192,0.013785351138708055,0.08291998010148603,0.08922148693965011,true,true,[],true,false,false,3,7172.849778577798,0.9904515021510354,3.845161063053024,0,1
dpfi,connected_modulated,SSP,400,9,1,5,false,false,0.993103531287156,2.798866419602553,0.9250597735541892,0.002414751268817953,2.7595019997905004,2.751540046488,0.00796195330250038,0.6218761232012683,0.6494770333465083,-0.02760091014524002,0.012381220540406761,0.013391454140496032,0.042560295027481584,0.03921592881355012,true,true,[],true,false,false,3,7301.746698296948,1.0082500273815174,4.100448710238676,0,0
dpfi,connected_modulated,SSP,400,10,1,5,false,false,1.0063203586056255,2.7933997899944885,0.9303239902526281,-0.008039817146791327,2.7509979587865,2.751540046488,-0.0005420877015001047,0.6319837907874167,0.6494770333465083,-0.01749324255909157,0.012466047544973477,0.01355989870165624,0.06453397779831997,0.10896690315982271,true,true,[],true,false,false,3,7115.563642576532,0.9825412375830617,3.68730647515096,0,1
dpfi,connected_modulated,SSP,400,11,0,5,false,false,0.9875866361635145,2.80174022812178,0.9501055556515043,-0.010869278139368553,2.7509401334315,2.751540046488,-0.0005999130564999788,0.6557092237413777,0.6494770333465083,0.006232190394869441,0.013341492063669965,0.013742569971714887,0.034189003135719605,0.08396997075705537,true,true,[],true,false,false,3,7325.322031065117,1.0115053895422697,4.058214389283643,0,1
dpfi,connected_modulated,SSP,400,12,4,5,false,false,1.0090676034267239,2.7896251869918367,0.944960741619234,0.0028656573735510514,2.739582055477,2.751540046488,-0.011957991011000146,0.6542781253671841,0.6494770333465083,0.004801092020675801,0.01305194316036915,0.013688613997149657,0.04541931566939645,0.041586093776602225,true,true,[],true,false,false,3,7092.967213745729,0.979421045808579,4.0292535901379205,0,1
dpfi,connected_modulated,SSP,400,13,3,5,false,false,0.9997420029021877,2.802144465698118,0.9708278760331732,0.020096662207347564,2.7397043191675,2.751540046488,-0.011835727320499867,0.6834044590529611,0.6494770333465083,0.033927425706452796,0.014259971992835132,0.013933284387569625,0.027838632516207384,0.0516900295333366,true,true,[],true,false,false,3,7016.835736770289,0.9689085524399736,4.009758053465882,0,2
dpfi,connected_modulated,SSP,400,14,2,5,false,false,0.9894379751845124,2.7870974427841184,0.9287984439547575,-0.010512458926442389,2.7445306080435,2.751540046488,-0.00700943844449986,0.6327999620347569,0.6494770333465083,-0.016677071311751446,0.012678931769926825,0.013597652687563954,0.05268658331169724,0.17116407678765022,true,true,[],true,false,false,3,7240.779401223768,0.9998314555680431,3.3338723431036628,0,2
dpfi,connected_modulated,SSP,400,15,3,5,false,false,1.0016464014350643,2.8108947612783766,0.9570321083864041,0.01563196279234338,2.757908592615,2.751540046488,0.006368546127000219,0.6609223442785652,0.6494770333465083,0.011445310932056918,0.013544512650077148,0.013733428046941318,0.15633665973855704,0.07660895673534682,true,true,[],true,false,false,3,7327.811982618639,1.0118492105245291,3.921713192519385,0,1
dpfi,connected_modulated,SSP,400,16,0,5,false,false,0.9931281935108758,2.790607446047795,0.9269298109998462,0.004717871028678035,2.7493542013945,2.751540046488,-0.0021858450934999496,0.6284715455853753,0.6494770333465083,-0.02100548776113298,0.012546115373251987,0.013606707009021092,0.09435981156557502,0.05271128149344213,true,true,[],true,false,false,3,7454.83518146927,1.0293890060023847,4.228651608769309,0,1
dpfi,connected_modulated,SSP,400,17,3,5,false,false,0.9977551873425123,2.802289840253601,0.9717182715669757,-0.0038362122455951205,2.7393310799005,2.751540046488,-0.012208966587500036,0.684509585679351,0.6494770333465083,0.03503255233284275,0.01394298814890348,0.013457048926926314,0.05316129997271473,0.08698373394026239,true,true,[],true,false,false,3,7334.039689876259,1.0127091535316568,3.727702552432569,0,0
dpfi,connected_modulated,SSP,400,18,0,5,false,false,0.9987554656389213,2.795646318773344,0.951644120930627,0.009657093572544474,2.7430528378435,2.751540046488,-0.008487208644500033,0.6606540716851017,0.6494770333465083,0.011177038338593404,0.013462187457067036,0.013834932343627995,0.02305229198373051,0.08628397525712275,true,true,[],true,false,false,3,7268.791493786252,1.0036994606167153,3.792030812463158,0,2
dpfi,connected_modulated,SSP,400,19,3,5,false,false,1.0022653042365586,2.7972993587740524,0.9490598058837155,-0.0333301407801465,2.746339780526,2.751540046488,-0.00520026596199985,0.656342006409167,0.6494770333465083,0.0068649730626586525,0.013026465050172163,0.013521788849263104,0.04913307286628073,0.022459867378654515,true,true,[],true,false,false,3,7229.681961769846,0.9982990833705946,3.5840204257895,0,1
dpfi,connected_modulated,SSP,400,20,1,5,false,false,0.9978024970477354,2.805132217899469,0.9375230409219272,0.027214749596191246,2.7610391060195,2.751540046488,0.009499059531500098,0.6366279098129264,0.6494770333465083,-0.012849123533581919,0.012571447144357926,0.01344380049345057,0.06668571484837829,0.1427562343999169,true,true,[],true,false,false,3,7309.359148952184,1.0093011804684042,4.023442884738282,0,1
dpfi,connected_modulated,SSP,400,21,1,5,false,false,0.9916490937169934,2.7690190279558027,0.925155434634491,-0.00043282313484473465,2.7256322311980004,2.751540046488,-0.025907815289999636,0.636203148588458,0.6494770333465083,-0.013273884758050358,0.01245124256371414,0.013553339797281218,0.06764561522187876,0.05097915680235397,true,true,[],true,false,false,3,7242.96818643559,1.0001336904771596,3.7204377656081915,0,1
dpfi,connected_modulated,SSP,400,22,1,5,false,false,0.9963095590492076,2.8086921977236394,0.9559556910377648,0.00698431483407903,2.7559225090705,2.751540046488,0.0043824625824999686,0.6604781742883008,0.6494770333465083,0.011001140941792498,0.013259592075835958,0.013588830883418822,0.215721936024905,0.32924656331726715,true,true,[],true,false,false,3,7199.4566378835625,0.9941254678104892,3.8459445394085616,0,1
dpfi,connected_modulated,SSP,400,23,1,5,false,false,0.9995727446944744,2.8024158177231375,0.9410172069430193,-0.002207921247847086,2.756276994108,2.751540046488,0.004736947620000098,0.6428026165138743,0.6494770333465083,-0.006674416832634034,0.012883826391777105,0.013680221255573263,0.15044264739836766,0.05082420476112928,true,true,[],true,false,false,3,7023.562989674873,0.9698374744096759,3.9490250468088504,0,1
dpfi,connected_modulated,SSP,400,24,3,5,false,false,0.9984195554303593,2.7825032353495702,0.9500234792953127,0.02041046429299844,2.728610968097,2.751540046488,-0.02292907839099989,0.6645613464501863,0.6494770333465083,0.015084313103677971,0.01345039747867123,0.01387424389364534,0.119223472097588,0.11979302463955732,true,true,[],true,false,false,3,7228.869343742741,0.9981868743085807,3.962685687914788,0,1
dpfi,connected_modulated,SSP,400,25,4,5,false,false,0.9983853477930821,2.7945231789144125,0.9722563946007581,0.00012251614674630595,2.7297251437705,2.751540046488,-0.021814902717499862,0.6887535314997288,0.6494770333465083,0.03927649815322054,0.014661082605680522,0.01406867223799177,0.08274840802205126,0.07464961464383535,true,true,[],true,false,false,3,7106.802603479384,0.9813314834961867,4.499104624209487,0,1
dpfi,connected_modulated,SSP,400,26,3,5,false,false,0.9967738824500142,2.7945357446816854,0.9443088310824425,-0.0017251131116715365,2.7455887785044997,2.751540046488,-0.005951267983500319,0.6510766050225453,0.6494770333465083,0.0015995716760369705,0.013176007550761329,0.013855449205059135,0.028325297216380857,0.024801114280659852,true,true,[],true,false,false,3,6998.466232460749,0.9663720287849694,3.771538283422797,0,1
dpfi,connected_modulated,SSP,400,27,1,5,false,false,1.007851328000928,2.807883057240554,0.9449729827007808,-0.021845658906726226,2.7606215155405,2.751540046488,0.009081469052500069,0.6457530658749169,0.6494770333465083,-0.0037239674715914273,0.013028692397061696,0.013686986197519303,0.10126475230909236,0.1372296007397401,true,true,[],true,false,false,3,7035.626988717251,0.9715033124436967,3.710114278230428,0,2
dpfi,connected_modulated,SSP,400,28,2,5,false,false,0.9960942401736199,2.8024320347719915,0.9464613634512209,0.01623244493270321,2.7536075638834996,2.751540046488,0.0020675173954995962,0.6503635897084934,0.6494770333465083,0.0008865563619850914,0.01310450602370749,0.013651282641480618,0.08140273628551277,0.1434853397708621,true,true,[],true,false,false,3,7177.549413147395,0.9911004436823246,3.9402625989213016,0,1
dpfi,connected_modulated,SSP,400,29,1,5,false,false,1.0050607894599004,2.817129519762321,0.9426566159814023,0.03005106172961664,2.7723217626585,2.751540046488,0.020781716170500175,0.6382007182211844,0.6494770333465083,-0.011276315125323899,0.012737088703459867,0.01356317997864643,0.1246079418500681,0.19826001701068546,true,true,[],true,false,false,3,7166.932525380797,0.9896344276968789,3.950002245046302,0,2
dpfi,connected_modulated,SSP,400,30,4,5,false,false,0.9971222408764732,2.821850340331802,0.9405959883023247,-0.009620518727260975,2.7786541434765,2.751540046488,0.02711409698849998,0.6331036439717406,0.6494770333465083,-0.016373389374767733,0.01286861855708691,0.013523511309834483,0.11982717380729908,0.0853973286692224,true,true,[],true,false,false,3,7271.371749235435,1.0040557510681352,3.601423125787134,0,0
dpfi,connected_modulated,SSP,400,31,4,5,false,false,0.9955733788486483,2.8110144396195964,0.9518376325078693,0.0024084207466122287,2.7607775802245,2.751540046488,0.009237533736500048,0.653772465710773,0.6494770333465083,0.004295432364264662,0.01319878583875155,0.013675170166756484,0.10382798556187711,0.06840967171777146,true,true,[],true,false,false,3,7227.40135186297,0.997984168995163,3.624357884244587,0,1
dpfi,connected_modulated,SSP,400,32,2,5,false,false,0.9946123525391541,2.805896375461387,0.9414471883387627,0.0055240823900665455,2.760055976148,2.751540046488,0.008515929660000143,0.6417710600998452,0.6494770333465083,-0.0077059732466631115,0.01310298577729631,0.013555454301366057,0.1927543083253853,0.3864493787508919,true,true,[],true,false,false,3,7342.0955826453865,1.0138215386143865,4.977359218596013,0,0
dpfi,connected_modulated,SSP,400,33,1,5,false,false,0.989952024465572,2.780446766996319,0.92564148460639,-0.0014806960355509644,2.7384084554335,2.751540046488,-0.013131591054500014,0.6314574766601391,0.6494770333465083,-0.01801955668636923,0.012411531129630492,0.013432614264933562,0.06569097160410237,0.09248212431004019,true,true,[],true,false,false,3,7264.589908295947,1.0031192913968443,4.213956535751147,0,2
dpfi,connected_modulated,SSP,400,34,1,5,false,false,1.009264717412003,2.80466902485229,0.9472261382793618,0.004359118866540285,2.7558008976919997,2.751540046488,0.0042608512039996604,0.650376414785172,0.6494770333465083,0.0008993814386637489,0.012836117675476188,0.013423935019927757,0.031155219990252572,0.07015767477044157,true,true,[],true,false,false,3,7096.612456563871,0.9799243933393912,3.905178403398147,0,1
dpfi,connected_modulated,SSP,400,35,1,5,false,false,1.0076074082690527,2.8185883891344496,0.9441628891054772,0.04262113865792437,2.7732767024265,2.751540046488,0.02173665593850016,0.6396220943537886,0.6494770333465083,-0.00985493899271972,0.012596076750776166,0.013374071944054223,0.3032532236090296,0.22694097468116853,true,true,[],true,false,false,3,6951.646942979817,0.9599070619966608,3.921792661701698,0,0
dpfi,connected_modulated,SSP,400,36,1,5,false,false,1.0031043785512275,2.795677956115625,0.93512098475056,-0.01477962113918458,2.7513792997355,2.751540046488,-0.00016074675249999615,0.6376967792438946,0.6494770333465083,-0.01178025410261374,0.012920729428377216,0.013768306582332222,0.3377844603660609,0.45278369265975965,true,true,[],true,false,false,3,7412.99740524743,1.0236119035138678,5.371569308401059,0,2
dpfi,connected_modulated,SSP,400,37,3,5,false,false,1.013054283999697,2.7966836705281324,0.9467296940941248,0.0024608191876488916,2.7468342504805,2.751540046488,-0.004705796007499874,0.6534200303135966,0.6494770333465083,0.00394299696708833,0.01297335489815458,0.013559568847450163,0.19725495198346507,0.06294154497998393,true,true,[],true,false,false,3,7195.866070947671,0.9936296701115259,4.000989680573761,0,0
dpfi,connected_modulated,SSP,400,38,3,5,false,false,1.0063117113040645,2.805483032950609,0.9539242290050267,0.001901471959374731,2.7532744072325,2.751540046488,0.001734360744499952,0.6591974615129197,0.6494770333465083,0.009720428166411388,0.01346584189295791,0.013835632823224723,0.05130588053774721,0.021145933863872732,true,true,[],true,false,false,3,7070.9228033809795,0.9763770786220629,3.857916542273805,0,2
dpfi,connected_modulated,SSP,400,39,2,5,false,false,1.0007469328774627,2.7963302557152456,0.938086139454734,0.014869902335732958,2.7507187706655003,2.751540046488,-0.0008212758224996897,0.6415587850057771,0.6494770333465083,-0.007918248340731182,0.012782208005321805,0.013563505521116737,0.02044786091665055,0.014333314814067346,true,true,[],true,false,false,3,6842.587984286097,0.9448478299207534,3.75715089174338,0,1
dpfi,connected_modulated,SSP,400,40,3,5,false,false,0.9993702981048513,2.7996712802615797,0.9467213429161483,-0.010978755619232762,2.750290287001,2.751540046488,-0.0012497594870000128,0.6520126731556652,0.6494770333465083,0.002535639809156942,0.013146225251196145,0.01369335448432651,0.06434733338553136,0.2157217947456465,true,true,[],true,false,false,3,7346.337698255552,1.0144073043711064,3.696715983490276,0,0
dpfi,connected_modulated,SSP,400,41,3,5,false,false,0.9938948454829022,2.8008109465967554,0.9378603648691347,0.006079801375151129,2.7559495694435,2.751540046488,0.0044095229555001225,0.6391341822223373,0.6494770333465083,-0.010342851124170993,0.012764878842119333,0.013499966265225682,0.020983006600595266,0.06708742877800658,true,true,[],true,false,false,3,7297.458863579557,1.0076579485749182,3.908508897593409,0,1
dpfi,connected_modulated,SSP,400,42,4,5,false,false,0.9978246372493553,2.7776657909873275,0.9544246888059477,-0.01919316870843451,2.7204694461305,2.751540046488,-0.031070600357499867,0.6727901351010792,0.6494770333465083,0.02331310175457091,0.01363475233171502,0.013742906728993115,0.12304484472356603,0.1804846845195882,true,true,[],true,false,false,3,7378.274827032272,1.0188172917746854,3.711943167581937,0,1
dpfi,connected_modulated,SSP,400,43,2,5,false,false,1.0004844312817993,2.79743847500538,0.9472082261210564,0.015078473068089878,2.7474609380560002,2.751540046488,-0.004079108431999767,0.6537277093834901,0.6494770333465083,0.004250676036981815,0.013138376341232343,0.013668863258887847,0.020020650510261133,0.016255151723121156,true,true,[],true,false,false,3,7114.090613523715,0.9823378367196512,3.518560507907639,0,1
dpfi,connected_modulated,SSP,400,44,3,5,false,false,1.007542683746813,2.812257227530027,0.9337907343898956,-0.0022870903715460113,2.7708304880525,2.751540046488,0.019290441564499883,0.6280033013410552,0.6494770333465083,-0.021473732005453106,0.01232595464512533,0.013194132304137494,0.048241608874901525,0.050410826368228565,true,true,[],true,false,false,3,6958.725404558486,0.9608844800550242,3.806169551660788,0,1
dpfi,connected_modulated,SSP,400,45,1,5,false,false,1.0060749724334772,2.8026457611972595,0.943469462642085,-0.01614310518048902,2.7553449597815,2.751540046488,0.0038049132935000785,0.6461134973522964,0.6494770333465083,-0.003363535994211908,0.012862917360149367,0.013470798608397805,0.0555995611629917,0.08851676483707152,true,true,[],true,false,false,3,7176.341647626471,0.9909336713099242,4.582235552201424,0,1
dpfi,connected_modulated,SSP,400,46,1,5,false,false,1.0107419644390436,2.788949898591465,0.9460334983379856,0.0076188834873370795,2.738243459954,2.751540046488,-0.01329658653400001,0.656075179161272,0.6494770333465083,0.006598145814763701,0.013288732146310045,0.013818578256827812,0.024695767089522386,0.04292730660718739,true,true,[],true,false,false,3,7375.373550458658,1.01841667363417,3.649725638198452,0,1
dpfi,connected_modulated,SSP,400,47,3,5,false,false,1.0018780795189017,2.8124518819638076,0.942559954385311,0.007608933485666277,2.767023834712,2.751540046488,0.015483788223999984,0.6402545947589149,0.6494770333465083,-0.009222438587593418,0.012832239724710981,0.013613712072574427,0.04334578677866379,0.06130675578288833,true,true,[],true,false,false,3,7425.482503865527,1.0253358884100423,4.000657478099766,0,1
dpfi,connected_modulated,SSP,400,48,4,5,false,false,0.999625323499192,2.792998560331816,0.9328132289973808,-0.005660367021194551,2.749400330853,2.751540046488,-0.002139715634999817,0.6357025544337974,0.6494770333465083,-0.013774478912710886,0.012543132598010352,0.013471312954068991,0.036230641305018504,0.042784831314528614,true,true,[],true,false,false,3,7113.937924422869,0.982316752889101,3.7046677657380607,0,2
dpfi,connected_modulated,SSP,400,49,2,5,false,false,1.008259905288828,2.7986143114996778,0.9439315726876178,-0.008508985680990703,2.750479229185,2.751540046488,-0.0010608173029997836,0.6486434544936746,0.6494770333465083,-0.0008335788528337496,0.01284334428851935,0.01353853952320407,0.09595008685562878,0.07201213274682258,true,true,[],true,false,false,3,7035.612570921343,0.9715013215853829,4.403692705051132,0,0
dpfi,connected_modulated,SSP,400,50,3,5,false,false,1.0038065238605092,2.792664586101613,0.9541159644212422,-0.0030348507224162067,2.7382331938945,2.751540046488,-0.01330685259349984,0.6654085895890901,0.6494770333465083,0.0159315562425818,0.013303846104760748,0.013632784109274744,0.2466817290772416,0.24514114311279037,true,true,[],true,false,false,3,7051.283957960107,0.9736652800276314,4.901315543485208,0,1
dpfi,connected_modulated,SSP,400,51,1,5,false,false,1.001958290770709,2.8294492084120613,0.9460111152452014,-0.0002144778121537026,2.784805449544,2.751540046488,0.03326540305599979,0.6371311416665075,0.6494770333465083,-0.012345891680000776,0.012726848128859825,0.01337159063962967,0.05106287353477444,0.10359085930152168,true,true,[],true,false,false,3,7150.587919187686,0.987377508863254,3.55140710449024,0,1
dpfi,connected_modulated,SSP,400,52,1,5,false,false,0.9937661839112032,2.788132118099435,0.9430387783194013,-0.0012833515495635148,2.7388427417275,2.751540046488,-0.012697304760500128,0.6523170372358963,0.6494770333465083,0.0028400038893879875,0.013318068898238132,0.013879237747884134,0.03186446163799102,0.04360278242690697,true,true,[],true,false,false,3,7210.501762055451,0.9956506161357982,4.3280997401179535,0,1
dpfi,connected_modulated,SSP,400,53,2,5,false,false,1.0088812835534176,2.795836865661093,0.9320174251356933,-0.003150458640536415,2.7529966802065,2.751540046488,0.0014566337185000222,0.6332346318565663,0.6494770333465083,-0.01624240148994205,0.012579028539630645,0.013524365403353151,0.10694090292917673,0.039307121838778984,true,true,[],true,false,false,3,7418.839462889792,1.0244185947099962,4.2295799248406665,0,1
dpfi,connected_modulated,SSP,400,54,3,5,false,false,1.0041086662599292,2.819135323414547,0.949762348619476,-0.015758381870394803,2.7711898503465,2.751540046488,0.019649803858500015,0.6471387743871747,0.6494770333465083,-0.0023382589593335945,0.01286017646023869,0.013302736829665297,0.01958510225568715,0.047174331782679324,true,true,[],true,false,false,3,7208.435453950819,0.9953652932823555,3.774927005776503,0,1
dpfi,connected_modulated,SSP,400,55,0,5,false,false,0.996848052473983,2.808594987370923,0.9471190964311191,-0.0005179459575117871,2.7603775183805004,2.751540046488,0.008837471892500393,0.648396046921162,0.6494770333465083,-0.0010809864253462642,0.013108269564798393,0.013653181431496264,0.03954703948046082,0.05603349496454622,true,true,[],true,false,false,3,7213.465958893705,0.9960599225205337,3.9904676781588613,0,1
dpfi,connected_modulated,SSP,400,56,1,5,false,false,0.9927382388710942,2.793018965252322,0.930349878064372,-0.018266843049072706,2.750553610696,2.751540046488,-0.0009864357919999733,0.6322007839983442,0.6494770333465083,-0.017276249348164074,0.012599325219360996,0.013606456830759625,0.023146477642453728,0.03756751336516144,true,true,[],true,false,false,3,7121.277957830611,0.9833302896755883,4.0198540479803135,0,0
dpfi,connected_modulated,SSP,400,57,1,5,false,false,0.9945909092150692,2.7908225037211984,0.949526263407326,0.002090126484382917,2.7385741944395,2.751540046488,-0.012965852048500093,0.6600022843242381,0.6494770333465083,0.010525250977729828,0.013441926324162051,0.013642890681176016,0.11977335760320663,0.18697303544875135,true,true,[],true,false,false,3,7021.147406020506,0.9695039223999594,4.140233165136721,0,0
dpfi,connected_modulated,SSP,400,58,3,5,false,false,1.0058475759730499,2.8109789391049524,0.9549437954540385,0.005465659694613447,2.7591176030535,2.751540046488,0.0075775565654998545,0.6580397882135439,0.6494770333465083,0.008562754867035616,0.01340164782897542,0.013705020874686061,0.04604740244448148,0.01741622502795511,true,true,[],true,false,false,3,7134.989846025464,0.9852236738505198,3.7972094163991383,0,1
dpfi,connected_modulated,SSP,400,59,0,5,false,false,0.9999366037187355,2.8007829051649344,0.9646234272008958,-0.012313270876054647,2.741802476147,2.751540046488,-0.00973757034100009,0.6758052620983419,0.6494770333465083,0.026328228751833604,0.013966433195309156,0.013826963383784098,0.05353266564515928,0.1689669542469472,true,true,[],true,false,false,3,7311.4079382840855,1.009584084270103,4.008017507095494,0,2
dpfi,connected_modulated,SSP,400,60,3,5,false,false,1.0027609385713512,2.819459663660141,0.9532042856840492,0.017689165686457876,2.7698358286285,2.751540046488,0.018295782140500094,0.6517264797547107,0.6494770333465083,0.002249446408202349,0.013216925555236413,0.013618069733817488,0.04611979483826808,0.03426750993921725,true,true,[],true,false,false,3,7350.93141882861,1.0150416209373943,4.544822834499045,0,0
dpfi,connected_modulated,SSP,400,61,1,5,false,false,0.9978408463934745,2.7979168470600655,0.9443048769946524,-0.006356448282511109,2.7494889598815,2.751540046488,-0.0020510866064999966,0.6494880484958077,0.6494770333465083,1.1015149299353766e-05,0.013089538597066549,0.013600321415101802,0.02917227167086535,0.06387409970340416,true,true,[],true,false,false,3,7061.950684028047,0.9751381778552951,3.6095992874195884,0,1
dpfi,connected_modulated,SSP,400,62,0,5,false,false,1.006595683431893,2.786382882891079,0.9675554310050831,-0.009840951355440471,2.7229443441005,2.751540046488,-0.028595702387499866,0.6862955067333825,0.6494770333465083,0.03681847338687416,0.014153262394587524,0.013812670175061086,0.05176544715090481,0.1658386230401165,true,true,[],true,false,false,3,7430.8100023454435,1.026071527526297,3.9284374918390608,0,1
dpfi,connected_modulated,SSP,400,63,1,5,false,false,0.999913521773408,2.7803806087185157,0.9408363390890255,-1.3587723922270474e-05,2.731013849082,2.751540046488,-0.020526197405999813,0.6528999449834643,0.6494770333465083,0.003422911636955961,0.013044410859951512,0.013721998361822632,0.03621442406039236,0.0212010444370133,true,true,[],true,false,false,3,7174.093838896909,0.9906232862326579,3.7720864476891776,0,1
dpfi,separated_droplets,ID,400,0,3,5,false,false,0.9980845702975361,2.7893222953111496,0.5608921603799183,-0.0009470239996559035,2.7893077906570003,2.799987273455,-0.010679482797999906,0.09034883443904994,0.08736061642362755,0.0029882180154223864,0.007882721400676486,0.003904162263946071,106.6275156251708,204.10265384362438,false,false,"[""d_peak_multistart_ambiguity"",""nu_vp_multistart_ambiguity""]",true,false,false,3,7527.574685560097,1.0394331242143189,4.343089666480402,0,2
dpfi,separated_droplets,ID,400,1,1,5,false,false,0.9933722227640462,2.8091454949949797,0.5583558850004453,0.0002582156465515255,2.8091345712165,2.799987273455,0.009147297761499917,0.08402047066522736,0.08736061642362755,-0.0033401457584001926,0.007808127429093102,0.0037479207814960914,130.59814988283807,218.54151821778098,false,false,"[""d_peak_multistart_ambiguity"",""nu_vp_multistart_ambiguity""]",true,false,false,3,7016.71155518291,0.968891405023876,3.3557663530940687,0,0
dpfi,separated_droplets,ID,400,2,1,5,false,false,1.0054517231221238,2.8001393392792693,0.5616518666373442,-0.0010619690633908935,2.8001256593545003,2.799987273455,0.00013838589950010416,0.08895078371757928,0.08736061642362755,0.0015901672939517275,0.00791878731938207,0.0038631231494673304,100.16760236268055,203.61056151576568,false,false,"[""d_peak_multistart_ambiguity"",""nu_vp_multistart_ambiguity""]",true,false,false,3,7262.677142794103,1.002855170228404,3.9519869151574594,0,1
dpfi,separated_droplets,ID,400,3,1,5,false,false,0.9915157286208928,2.81089433042568,0.5592647561534927,-0.01242775828644068,2.8108831187425,2.799987273455,0.01089584528749965,0.08455528659754799,0.08736061642362755,-0.002805329826079561,0.007842693636508816,0.0037545294109840297,127.76068871817311,217.88473739260482,false,false,"[""d_peak_multistart_ambiguity"",""nu_vp_multistart_ambiguity""]",true,false,false,3,7236.890443425105,0.9992944550435108,4.050136902763823,0,1
dpfi,separated_droplets,ID,400,4,3,5,false,false,0.9918596861271256,2.7947059222742423,0.5576185889815417,-0.004146483061781382,2.7946939520200003,2.799987273455,-0.0052933214349999425,0.08607408863799992,0.08736061642362755,-0.001286527785627628,0.007841751725925283,0.003805483701409127,115.61252958719832,212.6026793918824,false,false,"[""d_peak_multistart_ambiguity"",""nu_vp_multistart_ambiguity""]",true,false,false,3,7308.84043216081,1.0092295542889824,3.994939001631361,0,2
dpfi,separated_droplets,ID,400,5,3,5,false,false,0.9857019544676247,2.7854109869132375,0.5604419009352698,-0.0006225304903517045,2.7853962861220003,2.799987273455,-0.014590987332999905,0.09068436700997656,0.08736061642362755,0.0033237505863490113,0.007899752499255928,0.003948513026708503,127.37637429834385,205.7575759493935,false,false,"[""d_peak_multistart_ambiguity"",""nu_vp_multistart_ambiguity""]",true,false,false,3,7190.950601665526,0.9929509253887774,3.923200059917612,0,2
dpfi,separated_droplets,ID,400,6,3,5,false,false,0.9951248272577038,2.8018699679403114,0.5561980749232587,0.00455988886070822,2.8018594199385003,2.799987273455,0.0018721464835000923,0.08334270274343404,0.08736061642362755,-0.004017913680193511,0.007782890195396191,0.0037218328384375837,0.03397061584609244,0.037698735120587745,true,true,[],true,false,false,3,7012.080098167038,0.9682518776811707,3.902442218271948,0,0
dpfi,separated_droplets,ID,400,7,1,5,false,false,1.0000544985488669,2.802109594581159,0.5602966794500495,-0.0002230366075718407,2.8020969294344997,2.799987273455,0.002109655979499525,0.08723868947597654,0.08736061642362755,-0.00012192694765100764,0.007844741343969765,0.003823322523308819,99.34154672334131,205.5297593942292,false,false,"[""d_peak_multistart_ambiguity"",""nu_vp_multistart_ambiguity""]",true,false,false,3,7120.8820762872365,0.9832756250051418,3.579466472118478,0,0
dpfi,separated_droplets,ID,400,8,3,5,false,false,0.9951919277185383,2.8145865890697492,0.5566041397493415,-0.00621457539802742,2.8145769705059998,2.799987273455,0.01458969705099955,0.08135149617982218,0.08736061642362755,-0.0060091202438053715,0.00790185706122994,0.0036595804172913074,117.63604342348283,222.4876271111155,false,false,"[""d_peak_multistart_ambiguity"",""nu_vp_multistart_ambiguity""]",true,false,false,3,7166.096978197583,0.9895190524989758,4.170001868691063,0,1
dpfi,separated_droplets,ID,400,9,0,5,false,false,0.9926067211204173,2.7891531692667892,0.5616100145404829,0.0017273209454941954,2.7891381775285,2.799987273455,-0.010849095926500407,0.09109897091576843,0.08736061642362755,0.003738354492140883,0.007864890585596532,0.003921667045788186,135.4656679646218,207.642100228608,false,false,"[""d_peak_multistart_ambiguity"",""nu_vp_multistart_ambiguity""]",true,false,false,3,7355.404183834606,1.0156592355474463,4.485125009484436,0,0
dpfi,separated_droplets,ID,400,10,1,5,false,false,1.0020085428494108,2.8092751877947175,0.5642839577954937,0.0024958521754148825,2.8092609715185,2.799987273455,0.009273698063499758,0.08973663004635218,0.08736061642362755,0.002376013622724632,0.007901568846530711,0.0038788015876103396,111.08131713790905,206.72206214141974,false,false,"[""d_peak_multistart_ambiguity"",""nu_vp_multistart_ambiguity""]",true,false,false,3,7157.223017112977,0.9882937057598697,4.09673042726229,0,0
dpfi,separated_droplets,ID,400,11,1,5,false,false,1.0089997793634295,2.793276615263116,0.5594631216897535,0.0012600636895104967,2.7932634529125,2.799987273455,-0.006723820542500203,0.08815167263211687,0.08736061642362755,0.0007910562084893213,0.00787023495491027,0.0037948525093858742,109.84579975126759,211.54099318536996,false,false,"[""d_peak_multistart_ambiguity"",""nu_vp_multistart_ambiguity""]",true,false,false,3,7131.335809126273,0.9847191120030755,3.9096256462041747,0,1
dpfi,separated_droplets,ID,400,12,3,5,false,false,1.0056794905714275,2.792763657868286,0.5616619736895492,-0.0010721876141823823,2.792749085479,2.799987273455,-0.007238187976000177,0.09042621312323773,0.08736061642362755,0.003065596699610179,0.007878336346743347,0.0038849599578672273,114.31136804349215,206.90738770126146,false,false,"[""d_peak_multistart_ambiguity"",""nu_vp_multistart_ambiguity""]",true,false,false,3,7084.819826795442,0.9782960268980174,3.8787238811153704,0,1
dpfi,separated_droplets,ID,400,13,1,5,false,false,1.0105262329017997,2.8023078037441116,0.5593481867224576,-0.0012052824387553589,2.8022956856784997,2.799987273455,0.002308412223499534,0.08627987281279922,0.08736061642362755,-0.0010807436108283275,0.007877821334062677,0.00376240445508191,107.69437249295575,212.5706029272376,false,false,"[""d_peak_multistart_ambiguity"",""nu_vp_multistart_ambiguity""]",true,false,false,3,7190.865125075538,0.9929391224904085,3.8261077457325445,0,1
dpfi,separated_droplets,ID,400,14,0,5,false,false,0.996045022531859,2.8066856766548742,0.5608229282773991,0.009297572062973544,2.8066732089695003,2.799987273455,0.006685935514500141,0.08686138830208015,0.08736061642362755,-0.0004992281215474015,0.007896273140245401,0.0038138761750779195,113.5262174717706,211.34743730312857,false,false,"[""d_peak_multistart_ambiguity"",""nu_vp_multistart_ambiguity""]",true,false,false,3,7336.32771325809,1.0130250915849337,4.117208068333747,0,1
dpfi,separated_droplets,ID,400,15,1,5,false,false,1.0017780793223052,2.7978512391966377,0.557701264433468,-0.01185127509074163,2.797839546164,2.799987273455,-0.002147727291000212,0.08554753405291829,0.08736061642362755,-0.0018130823707092625,0.007847106971545068,0.003751321721667198,111.8804102420229,214.79348774658376,false,false,"[""d_peak_multistart_ambiguity"",""nu_vp_multistart_ambiguity""]",true,false,false,3,7198.961774083021,0.9940571353331982,3.809837074452003,0,1
dpfi,separated_droplets,ID,400,16,1,5,false,false,1.004809429390222,2.797950299390027,0.5632254135694911,-0.004496027381865591,2.7979353627475003,2.799987273455,-0.002051910707499882,0.09094360970222333,0.08736061642362755,0.003582993278595778,0.007890958408035035,0.0038917896693891996,129.30928604641937,208.86278875626277,false,false,"[""d_peak_multistart_ambiguity"",""nu_vp_multistart_ambiguity""]",true,false,false,3,7254.350218772205,1.001705360228142,4.431062348838347,0,1
dpfi,separated_droplets,ID,400,17,1,5,false,false,0.9888502035686919,2.797039174659396,0.5575106141722892,-0.005597431163659425,2.7970275002,2.799987273455,-0.0029597732550001865,0.0855197620140196,0.08736061642362755,-0.0018408544096079477,0.007912253319714534,0.003806730370988476,124.42039402872884,214.37980768489868,false,false,"[""d_peak_multistart_ambiguity"",""nu_vp_multistart_ambiguity""]",true,false,false,3,7256.292678319272,1.001973581651377,4.081895766787383,0,1
dpfi,separated_droplets,ID,400,18,1,5,false,false,0.9863903370047713,2.7961983318864254,0.5604338338894157,-0.005945266852243222,2.7961849279315,2.799987273455,-0.003802345523500339,0.08853011291954328,0.08736061642362755,0.0011694964959157311,0.007900898732782265,0.0038876066118575846,126.69494039515439,209.38488567612276,false,false,"[""d_peak_multistart_ambiguity"",""nu_vp_multistart_ambiguity""]",true,false,false,3,7111.005257558479,0.9819118002704333,4.369997097306049,0,2
dpfi,separated_droplets,ID,400,19,1,5,false,false,1.005299044102208,2.803825752292489,0.5623351719069084,-0.0005491121805367249,2.8038120882965,2.799987273455,0.0038248148414998795,0.08889566225360598,0.08736061642362755,0.001535045829978432,0.007864238455567295,0.003840602319107317,111.90269832967802,208.76508084943382,false,false,"[""d_peak_multistart_ambiguity"",""nu_vp_multistart_ambiguity""]",true,false,false,3,7280.1180549513865,1.005263470719606,4.124126640361053,0,1
dpfi,separated_droplets,ID,400,20,2,5,false,false,0.993829193011911,2.7963285989763595,0.5598547882864316,-0.002113120198915343,2.7963155505010002,2.799987273455,-0.0036717229539999785,0.08793648046664325,0.08736061642362755,0.0005758640430156975,0.007871595924421094,0.003846635505129647,109.44272693003575,208.39567585562455,false,false,"[""d_peak_multistart_ambiguity"",""nu_vp_multistart_ambiguity""]",true,false,false,3,7132.79899101421,0.9849211531364553,4.0634758328744,0,1
dpfi,separated_droplets,ID,400,21,1,5,false,false,1.0029639306278895,2.8005349465374265,0.5594681740299389,-0.003042541656885847,2.8005225760170003,2.799987273455,0.0005353025620000729,0.08673927480012764,0.08736061642362755,-0.0006213416234999158,0.007866571592370893,0.0037791979718751964,123.43878727153873,215.49664760584932,false,false,"[""d_peak_multistart_ambiguity"",""nu_vp_multistart_ambiguity""]",true,false,false,3,7350.440886438646,1.014973886556013,4.569037342949635,0,0
dpfi,separated_droplets,ID,400,22,3,5,false,false,1.0022142974054014,2.788795288222065,0.5613049728515532,-0.006589621967967331,2.7887804511320002,2.799987273455,-0.011206822322999965,0.09086615497162076,0.08736061642362755,0.003505538547993209,0.007890037700443395,0.0038738469601056146,109.746593453836,206.27009468551626,false,false,"[""d_peak_multistart_ambiguity"",""nu_vp_multistart_ambiguity""]",true,false,false,3,7021.5224606834345,0.9695557112238932,4.196955013988919,0,2
dpfi,separated_droplets,ID,400,23,1,5,false,false,0.997437004618972,2.783077015279805,0.5597748952794358,-0.006138244469232554,2.7830624542319997,2.799987273455,-0.016924819223000487,0.09048714811062353,0.08736061642362755,0.003126531686995976,0.00794012193881416,0.0038964172651803517,111.59773281754373,206.50040586079416,false,false,"[""d_peak_multistart_ambiguity"",""nu_vp_multistart_ambiguity""]",true,false,false,3,7282.395526738799,1.0055779517728252,4.119095724854051,0,1
dpfi,separated_droplets,ID,400,24,1,5,false,false,0.9997426791677118,2.8207628921080423,0.5611641726791207,0.016395613369203425,2.820751673468,2.799987273455,0.02076440001299984,0.08449436466255926,0.08736061642362755,-0.002866251761068292,0.007841338076054126,0.0037410578341480474,120.25912042954886,217.45938567573884,false,false,"[""d_peak_multistart_ambiguity"",""nu_vp_multistart_ambiguity""]",true,false,false,3,7247.959190152343,1.0008228652516353,3.644242225146503,0,1
dpfi,separated_droplets,ID,400,25,3,5,false,false,0.9980914670691072,2.7938416321273674,0.559792933313006,-0.0062340546933405475,2.793828339504,2.799987273455,-0.006158933951000201,0.08836441294502254,0.08736061642362755,0.001003796521394984,0.007805387920729641,0.0038396605659618607,105.46456308497586,206.56530949904482,false,false,"[""d_peak_multistart_ambiguity"",""nu_vp_multistart_ambiguity""]",true,false,false,3,7240.04114459728,0.9997295145812317,3.8163985917658967,0,0
dpfi,separated_droplets,ID,400,26,1,5,false,false,1.0042701887847543,2.7911272359958144,0.5648778957350574,-0.0014901060703424263,2.791110235615,2.799987273455,-0.008877037840000046,0.09398990340529491,0.08736061642362755,0.006629286981667357,0.007906446689377464,0.003953758900702412,99.92385805294113,198.64343037757075,false,false,"[""d_peak_multistart_ambiguity"",""nu_vp_multistart_ambiguity""]",true,false,false,3,7244.823761325844,1.0003899145713677,4.176504465582713,0,2
dpfi,separated_droplets,ID,400,27,3,5,false,false,0.9892193256177638,2.8058809786516026,0.5611351445630244,-0.000950012045533506,2.8058682486824997,2.799987273455,0.00588097522749953,0.08732069501517448,0.08736061642362755,-3.9921408453075236e-05,0.007847988454961765,0.003822836000379497,130.66549511552458,213.57564131349855,false,false,"[""d_peak_multistart_ambiguity"",""nu_vp_multistart_ambiguity""]",true,false,false,3,7254.513656030707,1.0017279282008709,3.853602860402295,0,1
dpfi,separated_droplets,ID,400,28,1,5,false,false,1.004489350195142,2.7994357890818238,0.5605419694303924,-0.005785124601962635,2.79942268821,2.799987273455,-0.0005645852450002486,0.08800015967023976,0.08736061642362755,0.0006395432466122092,0.007893987115967194,0.003818602100485582,127.93134221416392,213.40239419572242,false,false,"[""d_peak_multistart_ambiguity"",""nu_vp_multistart_ambiguity""]",true,false,false,3,7197.590622279797,0.9938678020270363,3.709933278083354,0,0
dpfi,separated_droplets,ID,400,29,2,5,false,false,0.9955738086657858,2.7959755481371893,0.561018780622833,0.00016466776328956265,2.795961765715,2.799987273455,-0.0040255077400002115,0.0891499958873361,0.08736061642362755,0.0017893794637085514,0.007843912917409514,0.0038596928273133308,128.15286723096082,210.83553604170476,false,false,"[""d_peak_multistart_ambiguity"",""nu_vp_multistart_ambiguity""]",true,false,false,3,7184.02060362984,0.9919940076815575,3.8313798142444453,0,0
dpfi,separated_droplets,ID,400,30,1,5,false,false,0.9998387655212819,2.8008754280817403,0.5649146982366824,0.010325148503970663,2.800859740103,2.799987273455,0.0008724666480000032,0.09204168450371833,0.08736061642362755,0.004681068080090778,0.007854466237634906,0.003922703244019542,127.49676763784042,206.78792419864965,false,false,"[""d_peak_multistart_ambiguity"",""nu_vp_multistart_ambiguity""]",true,false,false,3,7082.357126807632,0.9779559689046716,3.6406416702492805,0,1
dpfi,separated_droplets,ID,400,31,2,5,false,false,0.995220317624622,2.8074960516839607,0.5610383111549094,0.0022270838341092417,2.8074835505999998,2.799987273455,0.0074962771449995635,0.08691320319336115,0.08736061642362755,-0.0004474132302663969,0.007871250571835312,0.003828636461981009,114.31093537195115,211.04919233493706,false,false,"[""d_peak_multistart_ambiguity"",""nu_vp_multistart_ambiguity""]",true,false,false,3,7094.9858857944655,0.9796997909133479,3.8517261805125553,0,1
dpfi,separated_droplets,ID,400,32,3,5,false,false,0.9929873878914421,2.8040567170487454,0.559754033386709,0.005021010104936386,2.8040445605190003,2.799987273455,0.0040572870640001035,0.08633476449236141,0.08736061642362755,-0.0010258519312661418,0.007957508734359041,0.0038161989535730745,123.64984666356824,213.56424491318765,false,false,"[""d_peak_multistart_ambiguity"",""nu_vp_multistart_ambiguity""]",true,false,false,3,7305.54256659603,1.0087741737912221,4.32877325863352,0,0
dpfi,separated_droplets,ID,400,33,1,5,false,false,0.9994201070713701,2.7918109593812845,0.5692136630410093,-0.0016581148103507028,2.7917906135455,2.799987273455,-0.008196659909500248,0.09829874215847459,0.08736061642362755,0.010938125734847037,0.007912062097581577,0.004104331267967213,121.67403187593271,195.61003339859874,false,false,"[""d_peak_multistart_ambiguity"",""nu_vp_multistart_ambiguity""]",true,false,false,3,7288.992959708157,1.0064889477641752,3.684436196916718,0,2
dpfi,separated_droplets,ID,400,34,1,5,false,false,1.0106746973169638,2.79937334274646,0.5595380092501462,-0.001978994300924481,2.7993608090805,2.799987273455,-0.0006264643745002019,0.08703274253327814,0.08736061642362755,-0.0003278738903494116,0.0078654225348491,0.00377196241231669,101.93418781835119,209.6485548750767,false,false,"[""d_peak_multistart_ambiguity"",""nu_vp_multistart_ambiguity""]",true,false,false,3,7203.765027597799,0.9947203849209886,3.891328526062247,0,2
dpfi,separated_droplets,ID,400,35,3,5,false,false,0.9987748262091456,2.8008107538170295,0.566849070852838,-0.00015583528389962871,2.8007936860819997,2.799987273455,0.000806412626999542,0.09400142821694589,0.08736061642362755,0.006640811793318338,0.007927956741183777,0.0039950245883490065,116.84899388088445,201.0999879325072,false,false,"[""d_peak_multistart_ambiguity"",""nu_vp_multistart_ambiguity""]",true,false,false,3,7203.899085692537,0.9947388961188258,4.284527271915256,0,2
dpfi,separated_droplets,ID,400,36,2,5,false,false,0.9972642551055663,2.8074051490972987,0.5621798458513719,-0.0027686892526082455,2.8073919863425,2.799987273455,0.007404712887499887,0.08804128318083601,0.08736061642362755,0.000680666757208459,0.007879973463559604,0.0038570308184792813,121.12393868885529,210.2772215172019,false,false,"[""d_peak_multistart_ambiguity"",""nu_vp_multistart_ambiguity""]",true,false,false,3,7221.750852968919,0.9972039288827561,4.274894106299095,0,0
dpfi,separated_droplets,ID,400,37,1,5,false,false,0.9952456842458631,2.7896653948001227,0.5609955995391067,0.009746948665333412,2.7896508663145,2.799987273455,-0.010336407140500103,0.09038312623410885,0.08736061642362755,0.0030225098104812997,0.007897896851453784,0.003903615354052404,0.10858391792516989,0.008234108758641005,true,true,[],true,false,false,3,7051.822186518268,0.9737396004581977,3.4951561460498195,0,0
dpfi,separated_droplets,ID,400,38,0,5,false,false,1.0090832413215256,2.805742803721549,0.5647381852268384,-0.013542834032889431,2.8057278619990003,2.799987273455,0.005740588544000058,0.0908881532077433,0.08736061642362755,0.0035275367841157423,0.007872170269663095,0.0038850206880462063,121.22366630070886,208.1788157160112,false,false,"[""d_peak_multistart_ambiguity"",""nu_vp_multistart_ambiguity""]",true,false,false,3,7057.089705106319,0.9744669573469096,4.0927837872776935,0,1
dpfi,separated_droplets,ID,400,39,2,5,false,false,0.9983404833631274,2.8032003620686274,0.5674877707933551,-0.0007725920981158856,2.8031831654295,2.799987273455,0.003195891974499876,0.09415825232637726,0.08736061642362755,0.006797635902749705,0.007846683674202555,0.003976023564728341,136.11865280443425,203.98284101990365,false,false,"[""d_peak_multistart_ambiguity"",""nu_vp_multistart_ambiguity""]",true,false,false,3,7286.345793575408,1.0061234180579133,3.5740041010633345,0,2
dpfi,separated_droplets,ID,400,40,3,5,false,false,1.0007289244154989,2.784526714890883,0.5660120014646407,0.0006987861788706718,2.784507852126,2.799987273455,-0.015479421329000154,0.0965202851429798,0.08736061642362755,0.009159668719352254,0.007965578563209381,0.004053428554834107,108.3071426305663,196.00958449605022,false,false,"[""d_peak_multistart_ambiguity"",""nu_vp_multistart_ambiguity""]",true,false,false,3,7187.552255202936,0.9924816701467738,3.6216271296142883,0,0
dpfi,separated_droplets,ID,400,41,3,5,false,false,0.999004227653679,2.7887134027258296,0.5609552822555286,0.007736911811040888,2.788698782123,2.799987273455,-0.011288491332000383,0.09053370271585033,0.08736061642362755,0.0031730862922227793,0.0078114106752957616,0.003878541620328099,105.47527728687807,204.78513928545306,false,false,"[""d_peak_multistart_ambiguity"",""nu_vp_multistart_ambiguity""]",true,false,false,3,7265.892665003761,1.0032991804755262,3.7069487811532835,0,2
dpfi,separated_droplets,ID,400,42,2,5,false,false,1.0084315384635805,2.793263973767523,0.5611032650515557,-0.009123593503563955,2.7932498163975,2.799987273455,-0.0067374570575000625,0.08977169599603647,0.08736061642362755,0.0024110795724089223,0.007947251407619281,0.0038402981496700912,93.82810229711588,201.9394946646137,false,false,"[""d_peak_multistart_ambiguity"",""nu_vp_multistart_ambiguity""]",true,false,false,3,7278.059471974112,1.0049792145780325,4.029341030955053,0,2
dpfi,separated_droplets,ID,400,43,1,5,false,false,1.0002107838733312,2.7969118023238186,0.5586399939587425,-0.0030605566799832484,2.7968995055240002,2.799987273455,-0.003087767930999963,0.0866378402769144,0.08736061642362755,-0.0007227761467131499,0.0078920832916641,0.0038166357160611297,110.43600516907665,210.53253726457976,false,false,"[""d_peak_multistart_ambiguity"",""nu_vp_multistart_ambiguity""]",true,false,false,3,7262.72671549766,1.0028620153959762,3.6413126630900585,0,1
dpfi,separated_droplets,ID,400,44,3,5,false,false,0.9989206769024911,2.794844158496945,0.5599096937662298,0.002430155334490226,2.7948309107775,2.799987273455,-0.0051563626775004145,0.08828181449461842,0.08736061642362755,0.000921198070990864,0.007858646451417045,0.0038231159110062893,127.59184209670057,213.2390309632237,false,false,"[""d_peak_multistart_ambiguity"",""nu_vp_multistart_ambiguity""]",true,false,false,3,7190.615318558792,0.9929046283566407,4.165526521213711,0,1
dpfi,separated_droplets,ID,400,45,2,5,false,false,1.001133742190189,2.801640379368362,0.5642720044830923,-0.005785823952884972,2.801625223025,2.799987273455,0.0016379495699996305,0.09124597481593194,0.08736061642362755,0.003885358392304389,0.00784978890577516,0.003882425024183935,109.42591424032406,205.1468811568142,false,false,"[""d_peak_multistart_ambiguity"",""nu_vp_multistart_ambiguity""]",true,false,false,3,7065.47855572112,0.9756253183818172,4.150772703783791,0,1
dpfi,separated_droplets,ID,400,46,1,5,false,false,0.9975187033383052,2.805566465942245,0.5583114571711246,-0.01122626240225969,2.8055552213299997,2.799987273455,0.005567947874999479,0.08465740142404293,0.08736061642362755,-0.002703214999584619,0.007875107662357349,0.003754882140997257,104.23247708429264,212.15314445226224,false,false,"[""d_peak_multistart_ambiguity"",""nu_vp_multistart_ambiguity""]",true,false,false,3,7098.037301046245,0.9801211407133728,4.714062936424154,0,2
dpfi,separated_droplets,ID,400,47,1,5,false,false,0.989914629498091,2.80727297499684,0.5560373312651605,0.00806728524624028,2.8072629857414997,2.799987273455,0.0072757122864994805,0.08217729674806454,0.08736061642362755,-0.005183319675563014,0.007847121770151583,0.003699691494780221,117.11005731624422,220.19119382305044,false,false,"[""d_peak_multistart_ambiguity"",""nu_vp_multistart_ambiguity""]",true,false,false,3,7192.120484017678,0.9931124667243411,3.8015797371952877,0,0
dpfi,separated_droplets,ID,400,48,2,5,false,false,0.9917778758107062,2.805476560451225,0.5593139510374207,0.01780748204848007,2.8054647865315,2.799987273455,0.005477513076499907,0.08563676634423428,0.08736061642362755,-0.0017238500793932687,0.007903036593865289,0.0037935602831707404,113.31333635980435,212.90025729578804,false,false,"[""d_peak_multistart_ambiguity"",""nu_vp_multistart_ambiguity""]",true,false,false,3,7217.501564597318,0.9966171726867327,3.5930137331286542,0,2
dpfi,separated_droplets,ID,400,49,1,5,false,false,1.0112494288945533,2.8195262773403513,0.5639714140289819,-0.009033894630158345,2.819513424404,2.799987273455,0.0195261509489999,0.08742466267518992,0.08736061642362755,6.404625156236632e-05,0.007831659197091232,0.0037954485444628115,112.94389113408148,211.93185331629374,false,false,"[""d_peak_multistart_ambiguity"",""nu_vp_multistart_ambiguity""]",true,false,false,3,7282.521845611609,1.0055953943125668,4.3591393201530275,0,1
dpfi,separated_droplets,ID,400,50,3,5,false,false,0.9868461084483835,2.805222196148061,0.5563376950611869,0.002324359609420006,2.8052118859490003,2.799987273455,0.00522461249400008,0.08284439525352105,0.08736061642362755,-0.004516221170106499,0.007800898312731474,0.0037301672276980335,131.99226075541125,220.1085846309046,false,false,"[""d_peak_multistart_ambiguity"",""nu_vp_multistart_ambiguity""]",true,false,false,3,7043.119152579514,0.9725378559209492,3.816272922634046,0,1
dpfi,separated_droplets,ID,400,51,3,5,false,false,1.0075132025628422,2.812455383134834,0.5680074525393359,0.007523867617008833,2.812439105834,2.799987273455,0.012451832378999939,0.09279799366595767,0.08736061642362755,0.005437377242330121,0.007875317873570292,0.003933456252370099,116.1424430193619,204.3871096816702,false,false,"[""d_peak_multistart_ambiguity"",""nu_vp_multistart_ambiguity""]",true,false,false,3,7169.898770242928,0.9900440168797193,3.8469523892439925,0,1
dpfi,separated_droplets,ID,400,52,0,5,false,false,0.9986588743958262,2.7918476828469396,0.5563034032211746,0.0017096573240888825,2.791836120639,2.799987273455,-0.008151152816000096,0.08535315581848536,0.08736061642362755,-0.002007460605142189,0.007898533885567027,0.0037670336963288855,109.70888889638437,213.81908347421773,false,false,"[""d_peak_multistart_ambiguity"",""nu_vp_multistart_ambiguity""]",true,false,false,3,7180.41033596679,0.991495489639159,4.372114627083757,0,1
dpfi,separated_droplets,ID,400,53,2,5,false,false,1.004613235010333,2.7969774732156143,0.5621612341479687,0.004575828371029986,2.7969631007220004,2.799987273455,-0.003024172732999819,0.09008071422063818,0.08736061642362755,0.002720097797010629,0.007893826969771624,0.003880714315624777,108.81155214887494,206.20044974864524,false,false,"[""d_peak_multistart_ambiguity"",""nu_vp_multistart_ambiguity""]",true,false,false,3,7243.33192142613,1.0001839162422161,4.1100837316031615,0,1
dpfi,separated_droplets,ID,400,54,1,5,false,false,1.0017221407566426,2.805496849729244,0.5626430018093523,-0.003444862724891839,2.8054831940889997,2.799987273455,0.005495920633999507,0.08886884327081429,0.08736061642362755,0.0015082268471867388,0.00789004955963472,0.0038643573193359523,117.34717253295229,209.24685063981255,false,false,"[""d_peak_multistart_ambiguity"",""nu_vp_multistart_ambiguity""]",true,false,false,3,7468.644478738586,1.0312958407537403,4.430768696429626,0,2
dpfi,separated_droplets,ID,400,55,1,5,false,false,1.00701838265996,2.7889866223959108,0.5631786331067186,-0.007008159577497341,2.7889705433775,2.799987273455,-0.01101673007750037,0.0927081457289103,0.08736061642362755,0.005347529305282747,0.00785331740443723,0.003934983081571292,107.52255092127024,202.0098257346508,false,false,"[""d_peak_multistart_ambiguity"",""nu_vp_multistart_ambiguity""]",true,false,false,3,7389.276166807358,1.0203363942015131,3.735468615763661,0,1
dpfi,separated_droplets,ID,400,56,3,5,false,false,1.001867366479003,2.8046938319869064,0.5632396334916654,0.005128803730249718,2.8046797162040003,2.799987273455,0.0046924427490000475,0.08961424270215912,0.08736061642362755,0.0022536262785315675,0.007885022334573092,0.00386704710864527,117.4303866041151,208.44775258617256,false,false,"[""d_peak_multistart_ambiguity"",""nu_vp_multistart_ambiguity""]",true,false,false,3,7157.471055402591,0.988327955730819,3.7438149290800493,0,0
dpfi,separated_droplets,ID,400,57,1,5,false,false,1.0102618506577885,2.794431020234828,0.5642859317610006,0.008101323306218133,2.7944149042855,2.799987273455,-0.005572369169500213,0.09271611479689693,0.08736061642362755,0.005355498373269374,0.00789756116923251,0.003927448847023875,94.39688583816928,197.43859398864203,false,false,"[""d_peak_multistart_ambiguity"",""nu_vp_multistart_ambiguity""]",true,false,false,3,6989.949597690009,0.9651960228790402,3.649136967560748,0,2
dpfi,separated_droplets,ID,400,58,2,5,false,false,0.9780499517039162,2.7945467821801158,0.5571856614314629,0.007128919954778039,2.7945350272344998,2.799987273455,-0.005452246220500445,0.08568579801693768,0.08736061642362755,-0.0016748184066898708,0.007889633506761392,0.003812182011919318,122.85044695705571,213.7054912704143,false,false,"[""d_peak_multistart_ambiguity"",""nu_vp_multistart_ambiguity""]",true,false,false,3,7232.963896728159,0.998752264116012,3.8697888669795737,0,1
dpfi,separated_droplets,ID,400,59,1,5,false,false,0.991413025736482,2.7992280331578128,0.5589696061373256,0.009339666195976676,2.799215799384,2.799987273455,-0.0007714740710000889,0.08650876826499009,0.08736061642362755,-0.0008518481586374665,0.007832115324935697,0.003806483072078878,142.98125255531707,215.28245320923628,false,false,"[""d_peak_multistart_ambiguity"",""nu_vp_multistart_ambiguity""]",true,false,false,3,7115.2709195161515,0.9825008173869306,3.9649132011185766,0,0
dpfi,separated_droplets,ID,400,60,1,5,false,false,0.9989325779705778,2.7891314621072842,0.5548087734131218,-0.004406196351199961,2.7891204008669996,2.799987273455,-0.010866872588000565,0.08443415960023634,0.08736061642362755,-0.0029264568233912103,0.007864241373072702,0.003735516587299958,115.3774520132104,217.1317024918603,false,false,"[""d_peak_multistart_ambiguity"",""nu_vp_multistart_ambiguity""]",true,false,false,3,7236.228506038298,0.9992030524769813,3.560540852403246,0,0
dpfi,separated_droplets,ID,400,61,3,5,false,false,1.0002640743319002,2.8024006483327684,0.5654254047344637,-0.007169444865978376,2.8023848126189996,2.799987273455,0.0023975391639994292,0.09224495260635132,0.08736061642362755,0.00488433618272377,0.007917499041982402,0.003955786521919639,117.45104712152445,203.62359871078013,false,false,"[""d_peak_multistart_ambiguity"",""nu_vp_multistart_ambiguity""]",true,false,false,3,7252.375696133066,1.0014327114240633,4.566583729464185,0,1
dpfi,separated_droplets,ID,400,62,3,5,false,false,1.0122065942011504,2.8052645114313233,0.5623961004010894,0.01264718046625423,2.8052509773375,2.799987273455,0.005263703882499637,0.08867236052151437,0.08736061642362755,0.0013117440978868133,0.00789661846822275,0.003813506529290369,98.0872724505994,204.7243620372808,false,false,"[""d_peak_multistart_ambiguity"",""nu_vp_multistart_ambiguity""]",true,false,false,3,7351.323606609036,1.0150957755604855,3.4939799753069916,0,0
dpfi,separated_droplets,ID,400,63,3,5,false,false,1.0165072666531054,2.7920773817382467,0.5590324968354148,-0.015775963995709533,2.792064336316,2.799987273455,-0.007922937139000386,0.08796477480862179,0.08736061642362755,0.0006041583849942384,0.007899869000694129,0.003803213102769023,98.14511324743161,206.52657779739698,false,false,"[""d_peak_multistart_ambiguity"",""nu_vp_multistart_ambiguity""]",true,false,false,3,7345.861681435673,1.0143415743490296,3.9921927230931216,0,0
