method,state,duration_us,draw_id,d_peak_hat_um,nu_vp_hat,d_peak_truth_um,nu_vp_truth,d_peak_conditional_sd_um,nu_vp_conditional_sd,old_d_peak_supported,old_nu_vp_supported,selected_locally_eligible,minimum_distinct_alternative_delta_q,d_peak_competitive_alternative_count,nu_vp_competitive_alternative_count,d_peak_supported,nu_vp_supported,support_rule
dgi,connected_modulated,25,0,2.7935550574845003,0.606855898489984,2.751540046488,0.6494770333465083,0.03836212099591862,0.049510484228564064,False,False,False,,0,0,False,False,local_support_plus_joint_95pct_likelihood_competition
dgi,connected_modulated,25,1,2.8011339376690003,0.6321325514896255,2.751540046488,0.6494770333465083,0.04176583590501218,0.05141968006173598,True,True,True,,0,0,True,True,local_support_plus_joint_95pct_likelihood_competition
dgi,connected_modulated,25,2,2.7404244879795,0.6940002421602667,2.751540046488,0.6494770333465083,0.05156363720814299,0.05604073078032718,True,True,True,,0,0,True,True,local_support_plus_joint_95pct_likelihood_competition
dgi,connected_modulated,25,3,2.768639275761,0.6249790367398669,2.751540046488,0.6494770333465083,0.0410119544256551,0.05107612971838224,False,False,False,,0,0,False,False,local_support_plus_joint_95pct_likelihood_competition
dgi,connected_modulated,25,4,2.701807299714,0.6056237034350316,2.751540046488,0.6494770333465083,0.03963106974990975,0.05197926836258011,True,True,True,,0,0,True,True,local_support_plus_joint_95pct_likelihood_competition
dgi,connected_modulated,25,5,2.8504981806879996,0.5981947059473047,2.751540046488,0.6494770333465083,0.04093661478425449,0.05210995314015325,True,True,True,,0,0,True,True,local_support_plus_joint_95pct_likelihood_competition
dgi,connected_modulated,25,6,2.731145783214,0.6354902107455564,2.751540046488,0.6494770333465083,0.042431111108071885,0.054965296320148085,True,True,True,,0,0,True,True,local_support_plus_joint_95pct_likelihood_competition
dgi,connected_modulated,25,7,2.738634432299,0.6560046118355702,2.751540046488,0.6494770333465083,0.04124492919757346,0.04939131440379956,False,False,False,,0,0,False,False,local_support_plus_joint_95pct_likelihood_competition
dgi,connected_modulated,25,8,2.7858914228985,0.7412689869342144,2.751540046488,0.6494770333465083,0.05352410278691632,0.04652160092005615,True,False,True,4.48809871319736,0,1,True,False,local_support_plus_joint_95pct_likelihood_competition
dgi,connected_modulated,25,9,2.7695157824315,0.6236118945649998,2.751540046488,0.6494770333465083,0.04219824399132604,0.053481769804060685,True,True,True,,0,0,True,True,local_support_plus_joint_95pct_likelihood_competition
dgi,connected_modulated,25,10,2.7502948319725,0.6254208252613043,2.751540046488,0.6494770333465083,0.04005238026609156,0.05393919712222306,True,True,True,,0,0,True,True,local_support_plus_joint_95pct_likelihood_competition
dgi,connected_modulated,25,11,2.7528303518259998,0.6253552525948852,2.751540046488,0.6494770333465083,0.042427306774710925,0.05510245776409085,True,True,True,,0,0,True,True,local_support_plus_joint_95pct_likelihood_competition
dgi,connected_modulated,25,12,2.817734716555,0.5047393880461529,2.751540046488,0.6494770333465083,0.0360875851437767,0.053717433883638054,True,True,True,,0,0,True,True,local_support_plus_joint_95pct_likelihood_competition
dgi,connected_modulated,25,13,2.738291358194,0.6263280708512874,2.751540046488,0.6494770333465083,0.03767436874933787,0.048558348058779906,False,False,False,,0,0,False,False,local_support_plus_joint_95pct_likelihood_competition
dgi,connected_modulated,25,14,2.7056293809835,0.6100409718534272,2.751540046488,0.6494770333465083,0.04056826501675786,0.05509259755398487,True,True,True,,0,0,True,True,local_support_plus_joint_95pct_likelihood_competition
dgi,connected_modulated,25,15,2.741033163814,0.6730905294535092,2.751540046488,0.6494770333465083,0.049716276896040516,0.05807715737238122,True,True,True,,0,0,True,True,local_support_plus_joint_95pct_likelihood_competition
dgi,connected_modulated,25,16,2.808501996756,0.6332582394310704,2.751540046488,0.6494770333465083,0.04211585543600673,0.050097460866154936,False,False,False,,0,0,False,False,local_support_plus_joint_95pct_likelihood_competition
dgi,connected_modulated,25,17,2.8418056076680003,0.6136067279126661,2.751540046488,0.6494770333465083,0.041270299388601744,0.05211333175054552,True,True,True,,0,0,True,True,local_support_plus_joint_95pct_likelihood_competition
dgi,connected_modulated,25,18,2.71875953339,0.6588981907856173,2.751540046488,0.6494770333465083,0.043359583324548034,0.05103535644682328,True,True,True,,0,0,True,True,local_support_plus_joint_95pct_likelihood_competition
dgi,connected_modulated,25,19,2.736842470979,0.6643483524726056,2.751540046488,0.6494770333465083,0.042949959582826915,0.049841691421720145,True,True,True,,0,0,True,True,local_support_plus_joint_95pct_likelihood_competition
dgi,connected_modulated,25,20,2.7342365728205,0.5948991939062168,2.751540046488,0.6494770333465083,0.037403439877763366,0.05152784274597204,True,True,True,,0,0,True,True,local_support_plus_joint_95pct_likelihood_competition
dgi,connected_modulated,25,21,2.771668159963,0.6389316639658318,2.751540046488,0.6494770333465083,0.04267239208325347,0.049957850953314724,False,False,False,,0,0,False,False,local_support_plus_joint_95pct_likelihood_competition
dgi,connected_modulated,25,22,2.6543442029465,0.7180807983014099,2.751540046488,0.6494770333465083,0.051795941248199966,0.05181177638579124,True,True,True,,0,0,True,True,local_support_plus_joint_95pct_likelihood_competition
dgi,connected_modulated,25,23,2.7759316192405,0.6524099804327778,2.751540046488,0.6494770333465083,0.04209214581235556,0.05110461496030367,True,True,True,,0,0,True,True,local_support_plus_joint_95pct_likelihood_competition
dgi,connected_modulated,25,24,2.7505562343375,0.5954014652572697,2.751540046488,0.6494770333465083,0.038262987760942946,0.053164215065925606,True,True,True,,0,0,True,True,local_support_plus_joint_95pct_likelihood_competition
dgi,connected_modulated,25,25,2.7202667298575003,0.6359856260436971,2.751540046488,0.6494770333465083,0.04062620584819476,0.050436784792828274,True,True,True,,0,0,True,True,local_support_plus_joint_95pct_likelihood_competition
dgi,connected_modulated,25,26,2.7076245713505003,0.6792151129060624,2.751540046488,0.6494770333465083,0.04531742642896615,0.05107439178874767,True,True,True,,0,0,True,True,local_support_plus_joint_95pct_likelihood_competition
dgi,connected_modulated,25,27,2.6660008397809998,0.7162775688569927,2.751540046488,0.6494770333465083,0.049172571958214076,0.04977964219152471,True,True,True,,0,0,True,True,local_support_plus_joint_95pct_likelihood_competition
dgi,connected_modulated,25,28,2.713692494665,0.6886133351739526,2.751540046488,0.6494770333465083,0.04651051658657663,0.050747272797935845,True,True,True,,0,0,True,True,local_support_plus_joint_95pct_likelihood_competition
dgi,connected_modulated,25,29,2.7291355379324997,0.6781747065470543,2.751540046488,0.6494770333465083,0.05114202673720705,0.05848893551823054,True,True,True,,0,0,True,True,local_support_plus_joint_95pct_likelihood_competition
dgi,connected_modulated,25,30,2.759938964905,0.624579118995984,2.751540046488,0.6494770333465083,0.04139531722478819,0.05226134873598544,True,True,True,,0,0,True,True,local_support_plus_joint_95pct_likelihood_competition
dgi,connected_modulated,25,31,2.6971183193305,0.8037544729911694,2.751540046488,0.6494770333465083,0.08133826804513829,0.04678038963032494,False,False,False,,0,0,False,False,local_support_plus_joint_95pct_likelihood_competition
dgi,connected_modulated,25,32,2.7431791849155003,0.6311956315190812,2.751540046488,0.6494770333465083,0.04135549875287369,0.05508236527533947,True,True,True,,0,0,True,True,local_support_plus_joint_95pct_likelihood_competition
dgi,connected_modulated,25,33,2.7472615343035,0.7243638889146158,2.751540046488,0.6494770333465083,0.05039532252354995,0.047998130103260046,True,True,True,,0,0,True,True,local_support_plus_joint_95pct_likelihood_competition
dgi,connected_modulated,25,34,2.7585882799185,0.5551415276882228,2.751540046488,0.6494770333465083,0.036390951354392215,0.0533573938145879,True,True,True,,0,0,True,True,local_support_plus_joint_95pct_likelihood_competition
dgi,connected_modulated,25,35,2.7828213294874997,0.6668609830337734,2.751540046488,0.6494770333465083,0.04429034810664716,0.05023329401455258,False,False,False,,0,0,False,False,local_support_plus_joint_95pct_likelihood_competition
dgi,connected_modulated,25,36,2.703117819388,0.526093904466054,2.751540046488,0.6494770333465083,0.03527091200994072,0.05167874571174163,True,True,True,,0,0,True,True,local_support_plus_joint_95pct_likelihood_competition
dgi,connected_modulated,25,37,2.6901002800865,0.6990289635564559,2.751540046488,0.6494770333465083,0.046437752699894176,0.05020744544307251,True,True,True,,0,0,True,True,local_support_plus_joint_95pct_likelihood_competition
dgi,connected_modulated,25,38,2.70042312617,0.6588749014964211,2.751540046488,0.6494770333465083,0.04493696106361906,0.05411968308390709,True,True,True,,0,0,True,True,local_support_plus_joint_95pct_likelihood_competition
dgi,connected_modulated,25,39,2.7281657576335,0.6260963273005282,2.751540046488,0.6494770333465083,0.04197184122054467,0.05466834025631095,True,True,True,,0,0,True,True,local_support_plus_joint_95pct_likelihood_competition
dgi,connected_modulated,25,40,2.7880363842265004,0.6595263964247648,2.751540046488,0.6494770333465083,0.04369601481819243,0.05003825937119855,True,True,True,,0,0,True,True,local_support_plus_joint_95pct_likelihood_competition
dgi,connected_modulated,25,41,2.733473649563,0.6888686841107208,2.751540046488,0.6494770333465083,0.04562745657125105,0.049077833312721995,True,True,True,,0,0,True,True,local_support_plus_joint_95pct_likelihood_competition
dgi,connected_modulated,25,42,2.7501431869445,0.6300057480977541,2.751540046488,0.6494770333465083,0.037418190049066734,0.05008699605860438,True,True,True,,0,0,True,True,local_support_plus_joint_95pct_likelihood_competition
dgi,connected_modulated,25,43,2.7492982750325003,0.7001121344805245,2.751540046488,0.6494770333465083,0.0500527748983227,0.05187123801637235,True,True,True,,0,0,True,True,local_support_plus_joint_95pct_likelihood_competition
dgi,connected_modulated,25,44,2.7509267259115,0.5549290551276,2.751540046488,0.6494770333465083,0.03868990155285009,0.05663862643780598,True,True,True,,0,0,True,True,local_support_plus_joint_95pct_likelihood_competition
dgi,connected_modulated,25,45,2.7870673536234998,0.6416673153259386,2.751540046488,0.6494770333465083,0.042570984587672174,0.05050727730470262,True,True,True,,0,0,True,True,local_support_plus_joint_95pct_likelihood_competition
dgi,connected_modulated,25,46,2.7585953809815,0.509969303829169,2.751540046488,0.6494770333465083,0.035740426518621624,0.05329072191339885,True,True,True,,0,0,True,True,local_support_plus_joint_95pct_likelihood_competition
dgi,connected_modulated,25,47,2.799122439844,0.49383236500211003,2.751540046488,0.6494770333465083,0.03467315358889613,0.05178204263824449,True,True,True,,0,0,True,True,local_support_plus_joint_95pct_likelihood_competition
dgi,connected_modulated,25,48,2.6768852660705003,0.5956066308572178,2.751540046488,0.6494770333465083,0.038302444101341974,0.052689756501427855,True,True,True,,0,0,True,True,local_support_plus_joint_95pct_likelihood_competition
dgi,connected_modulated,25,49,2.7802662720355,0.6289169549399088,2.751540046488,0.6494770333465083,0.04147983306551574,0.05229624966793747,True,True,True,,0,0,True,True,local_support_plus_joint_95pct_likelihood_competition
dgi,connected_modulated,25,50,2.646548141316,0.6710818669566725,2.751540046488,0.6494770333465083,0.04496986785182567,0.05420643531240834,True,True,True,,0,0,True,True,local_support_plus_joint_95pct_likelihood_competition
dgi,connected_modulated,25,51,2.760277818987,0.7483045849723122,2.751540046488,0.6494770333465083,0.05758376113873862,0.04790292618054811,True,True,True,,0,0,True,True,local_support_plus_joint_95pct_likelihood_competition
dgi,connected_modulated,25,52,2.7101011904545,0.69911729428996,2.751540046488,0.6494770333465083,0.04804680595511897,0.05155439184403785,True,True,True,,0,0,True,True,local_support_plus_joint_95pct_likelihood_competition
dgi,connected_modulated,25,53,2.6953864084785,0.6776839724115998,2.751540046488,0.6494770333465083,0.04558444924883024,0.054121326857325174,True,True,True,,0,0,True,True,local_support_plus_joint_95pct_likelihood_competition
dgi,connected_modulated,25,54,2.711004627345,0.6114204307723934,2.751540046488,0.6494770333465083,0.040352227749010455,0.055234625693922144,True,True,True,,0,0,True,True,local_support_plus_joint_95pct_likelihood_competition
dgi,connected_modulated,25,55,2.741721063277,0.6263049389724182,2.751540046488,0.6494770333465083,0.04045277803965194,0.05211863721733121,True,True,True,,0,0,True,True,local_support_plus_joint_95pct_likelihood_competition
dgi,connected_modulated,25,56,2.7304485236925,0.6255810488962427,2.751540046488,0.6494770333465083,0.04382393584602662,0.058101551085798155,True,True,True,,0,0,True,True,local_support_plus_joint_95pct_likelihood_competition
dgi,connected_modulated,25,57,2.762419390477,0.6420583593478792,2.751540046488,0.6494770333465083,0.040706027803054476,0.04935174830970205,True,True,True,,0,0,True,True,local_support_plus_joint_95pct_likelihood_competition
dgi,connected_modulated,25,58,2.7462412561585,0.5640567121278253,2.751540046488,0.6494770333465083,0.03733089508895332,0.05269463052539984,True,True,True,,0,0,True,True,local_support_plus_joint_95pct_likelihood_competition
dgi,connected_modulated,25,59,2.712039746212,0.6383847434774654,2.751540046488,0.6494770333465083,0.04430219283520809,0.05725209970741362,True,True,True,,0,0,True,True,local_support_plus_joint_95pct_likelihood_competition
dgi,connected_modulated,25,60,2.6979686697555,0.7017464781146727,2.751540046488,0.6494770333465083,0.048227382653225605,0.05025183452381496,True,True,True,,0,0,True,True,local_support_plus_joint_95pct_likelihood_competition
dgi,connected_modulated,25,61,2.7343185254455,0.7014607439484193,2.751540046488,0.6494770333465083,0.0480062427671427,0.051051427595055605,True,True,True,,0,0,True,True,local_support_plus_joint_95pct_likelihood_competition
dgi,connected_modulated,25,62,2.7115727464625,0.6381919931638627,2.751540046488,0.6494770333465083,0.04303563036262223,0.056001407023904035,True,True,True,,0,0,True,True,local_support_plus_joint_95pct_likelihood_competition
dgi,connected_modulated,25,63,2.7713637828150004,0.5770032446545155,2.751540046488,0.6494770333465083,0.03932312439853565,0.05313322434662304,True,True,True,,0,0,True,True,local_support_plus_joint_95pct_likelihood_competition
dgi,separated_droplets,25,0,2.786686095888,0.07667147951594436,2.799987273455,0.08736061642362755,0.021895783749384806,0.015847713453553083,True,True,True,,0,0,True,True,local_support_plus_joint_95pct_likelihood_competition
dgi,separated_droplets,25,1,2.7822761672995,0.0765714853082779,2.799987273455,0.08736061642362755,0.022556835535285855,0.018145675484449106,True,True,True,,0,0,True,True,local_support_plus_joint_95pct_likelihood_competition
dgi,separated_droplets,25,2,2.789276218577,0.12432754186151594,2.799987273455,0.08736061642362755,0.020908645560293586,0.019769154455833233,True,True,True,,0,0,True,True,local_support_plus_joint_95pct_likelihood_competition
dgi,separated_droplets,25,3,2.8042022315085,0.09296387736261913,2.799987273455,0.08736061642362755,0.020156475996632717,0.016739515302612595,True,True,True,,0,0,True,True,local_support_plus_joint_95pct_likelihood_competition
dgi,separated_droplets,25,4,2.8096668237845,0.09693691259585964,2.799987273455,0.08736061642362755,0.022376909115615656,0.019069106333805888,True,True,True,,0,0,True,True,local_support_plus_joint_95pct_likelihood_competition
dgi,separated_droplets,25,5,2.7911007964929997,0.09796501979122563,2.799987273455,0.08736061642362755,0.022832581505698047,0.019728903405019906,True,True,True,,0,0,True,True,local_support_plus_joint_95pct_likelihood_competition
dgi,separated_droplets,25,6,2.822251275073,0.10093137437290987,2.799987273455,0.08736061642362755,0.022049252064887212,0.018664945476535473,True,True,True,,0,0,True,True,local_support_plus_joint_95pct_likelihood_competition
dgi,separated_droplets,25,7,2.8076467218829997,0.07787761495896448,2.799987273455,0.08736061642362755,0.020108297511607098,0.015065358746537959,True,True,True,,0,0,True,True,local_support_plus_joint_95pct_likelihood_competition
dgi,separated_droplets,25,8,2.7940154188165,0.11570664818640712,2.799987273455,0.08736061642362755,0.021567933801945827,0.019645217801578466,True,True,True,,0,0,True,True,local_support_plus_joint_95pct_likelihood_competition
dgi,separated_droplets,25,9,2.7370879252665,0.0994661128206986,2.799987273455,0.08736061642362755,0.02187547410510546,0.019362100259776697,True,True,True,,0,0,True,True,local_support_plus_joint_95pct_likelihood_competition
dgi,separated_droplets,25,10,2.8062910206135,0.07560621480033092,2.799987273455,0.08736061642362755,0.020838774652999707,0.015323358776686375,True,True,True,,0,0,True,True,local_support_plus_joint_95pct_likelihood_competition
dgi,separated_droplets,25,11,2.7721216139335,0.09747954777672754,2.799987273455,0.08736061642362755,0.022458164112708293,0.018965776201246645,True,True,True,,0,0,True,True,local_support_plus_joint_95pct_likelihood_competition
dgi,separated_droplets,25,12,2.7835090248735,0.12869767618044764,2.799987273455,0.08736061642362755,0.023764636701809932,0.022341268906201896,True,True,True,,0,0,True,True,local_support_plus_joint_95pct_likelihood_competition
dgi,separated_droplets,25,13,2.804676187408,0.09232742609118183,2.799987273455,0.08736061642362755,0.021873649222927758,0.01870206508560328,True,True,True,,0,0,True,True,local_support_plus_joint_95pct_likelihood_competition
dgi,separated_droplets,25,14,2.774801737234,0.06845516143128869,2.799987273455,0.08736061642362755,0.020855286080292607,0.014843445166077439,True,True,True,,0,0,True,True,local_support_plus_joint_95pct_likelihood_competition
dgi,separated_droplets,25,15,2.794087630709,0.10220907825728114,2.799987273455,0.08736061642362755,0.022132515757102515,0.018338311030261782,True,True,True,,0,0,True,True,local_support_plus_joint_95pct_likelihood_competition
dgi,separated_droplets,25,16,2.764402238319,0.11478740477602664,2.799987273455,0.08736061642362755,0.023008629278042574,0.021422884105743265,True,True,True,,0,0,True,True,local_support_plus_joint_95pct_likelihood_competition
dgi,separated_droplets,25,17,2.832492337115,0.08284321158487863,2.799987273455,0.08736061642362755,0.021490228865351537,0.01742346469102077,True,True,True,,0,0,True,True,local_support_plus_joint_95pct_likelihood_competition
dgi,separated_droplets,25,18,2.787049638058,0.12199434815729324,2.799987273455,0.08736061642362755,0.023649023143300616,0.023997554450348308,True,True,True,,0,0,True,True,local_support_plus_joint_95pct_likelihood_competition
dgi,separated_droplets,25,19,2.804081873356,0.10457044865035914,2.799987273455,0.08736061642362755,0.023734304678512518,0.020773112440968043,True,True,True,,0,0,True,True,local_support_plus_joint_95pct_likelihood_competition
dgi,separated_droplets,25,20,2.8081145726525,0.06296223355722635,2.799987273455,0.08736061642362755,0.021275221140832384,0.014039180164669035,True,True,True,,0,0,True,True,local_support_plus_joint_95pct_likelihood_competition
dgi,separated_droplets,25,21,2.773030283272,0.0953413597062941,2.799987273455,0.08736061642362755,0.023812190001519844,0.02025837429024864,True,True,True,,0,0,True,True,local_support_plus_joint_95pct_likelihood_competition
dgi,separated_droplets,25,22,2.79623861774,0.11771691535257181,2.799987273455,0.08736061642362755,0.022408505835799064,0.02205260371353467,True,True,True,,0,0,True,True,local_support_plus_joint_95pct_likelihood_competition
dgi,separated_droplets,25,23,2.8063503987735,0.12400998863997313,2.799987273455,0.08736061642362755,0.023454790439739366,0.023006794404211463,True,True,True,,0,0,True,True,local_support_plus_joint_95pct_likelihood_competition
dgi,separated_droplets,25,24,2.8146909670805,0.0851097196469046,2.799987273455,0.08736061642362755,0.021768920336048162,0.017479929650978263,True,True,True,,0,0,True,True,local_support_plus_joint_95pct_likelihood_competition
dgi,separated_droplets,25,25,2.8383848756995,0.10238262525022866,2.799987273455,0.08736061642362755,0.021806851016949527,0.018098244413805756,True,True,True,,0,0,True,True,local_support_plus_joint_95pct_likelihood_competition
dgi,separated_droplets,25,26,2.818383463222,0.09512551799665869,2.799987273455,0.08736061642362755,0.02259123517225262,0.019370466000924548,True,True,True,,0,0,True,True,local_support_plus_joint_95pct_likelihood_competition
dgi,separated_droplets,25,27,2.7820601689145,0.08558605975509864,2.799987273455,0.08736061642362755,0.022341674793982996,0.01846958112995213,True,True,True,,0,0,True,True,local_support_plus_joint_95pct_likelihood_competition
dgi,separated_droplets,25,28,2.8340903823575,0.08290336379527322,2.799987273455,0.08736061642362755,0.02205943860936599,0.01768236200670592,True,True,True,,0,0,True,True,local_support_plus_joint_95pct_likelihood_competition
dgi,separated_droplets,25,29,2.7807162724115,0.0838008452051951,2.799987273455,0.08736061642362755,0.021605530289970396,0.017183283328308298,True,True,True,,0,0,True,True,local_support_plus_joint_95pct_likelihood_competition
dgi,separated_droplets,25,30,2.7505485116940003,0.08412529837941535,2.799987273455,0.08736061642362755,0.022452681506268553,0.01818562188539442,True,True,True,,0,0,True,True,local_support_plus_joint_95pct_likelihood_competition
dgi,separated_droplets,25,31,2.8000056481069997,0.09145294319579847,2.799987273455,0.08736061642362755,0.022069984338036613,0.017857971730076083,True,True,True,,0,0,True,True,local_support_plus_joint_95pct_likelihood_competition
dgi,separated_droplets,25,32,2.796772602986,0.09838453147014875,2.799987273455,0.08736061642362755,0.02292636837583951,0.019294335265641786,True,True,True,,0,0,True,True,local_support_plus_joint_95pct_likelihood_competition
dgi,separated_droplets,25,33,2.816300930631,0.06230918706067404,2.799987273455,0.08736061642362755,0.021304250162741768,0.01438670235590522,True,True,True,,0,0,True,True,local_support_plus_joint_95pct_likelihood_competition
dgi,separated_droplets,25,34,2.7743405982300002,0.10723454558489318,2.799987273455,0.08736061642362755,0.02276631978813419,0.020870879842351458,True,True,True,,0,0,True,True,local_support_plus_joint_95pct_likelihood_competition
dgi,separated_droplets,25,35,2.787432114754,0.07381614610159042,2.799987273455,0.08736061642362755,0.021489554829850904,0.015314168001866043,True,True,True,,0,0,True,True,local_support_plus_joint_95pct_likelihood_competition
dgi,separated_droplets,25,36,2.8027726116665,0.10198622267117508,2.799987273455,0.08736061642362755,0.021198204027846824,0.018357989035878174,True,True,True,,0,0,True,True,local_support_plus_joint_95pct_likelihood_competition
dgi,separated_droplets,25,37,2.7763446863025,0.09941446135379989,2.799987273455,0.08736061642362755,0.02213174296842311,0.01985571659495435,True,True,True,,0,0,True,True,local_support_plus_joint_95pct_likelihood_competition
dgi,separated_droplets,25,38,2.8104549017135003,0.08161796538076266,2.799987273455,0.08736061642362755,0.019925963410840276,0.015032794355195847,True,False,True,1.3515615811602402,0,1,True,False,local_support_plus_joint_95pct_likelihood_competition
dgi,separated_droplets,25,39,2.8069115107530003,0.10695172528417828,2.799987273455,0.08736061642362755,0.022215058826753658,0.020416535285408023,True,True,True,,0,0,True,True,local_support_plus_joint_95pct_likelihood_competition
dgi,separated_droplets,25,40,2.7977509520615,0.1314997759131335,2.799987273455,0.08736061642362755,0.023030048383737064,0.023104472423619904,True,True,True,,0,0,True,True,local_support_plus_joint_95pct_likelihood_competition
dgi,separated_droplets,25,41,2.788184936514,0.0876320900832048,2.799987273455,0.08736061642362755,0.020192088631025725,0.01633345924652227,True,True,True,,0,0,True,True,local_support_plus_joint_95pct_likelihood_competition
dgi,separated_droplets,25,42,2.8273875851175,0.10258493377757819,2.799987273455,0.08736061642362755,0.023256601985824292,0.020371599143243067,True,True,True,,0,0,True,True,local_support_plus_joint_95pct_likelihood_competition
dgi,separated_droplets,25,43,2.7829249699745002,0.10300826334416274,2.799987273455,0.08736061642362755,0.02218030803197908,0.019371232747659763,True,True,True,,0,0,True,True,local_support_plus_joint_95pct_likelihood_competition
dgi,separated_droplets,25,44,2.8376255059555,0.10507738287344703,2.799987273455,0.08736061642362755,0.023780216073201264,0.02180182223932408,True,True,True,,0,0,True,True,local_support_plus_joint_95pct_likelihood_competition
dgi,separated_droplets,25,45,2.7760957912424997,0.0851262760107905,2.799987273455,0.08736061642362755,0.022860000336080304,0.01808657135497146,True,True,True,,0,0,True,True,local_support_plus_joint_95pct_likelihood_competition
dgi,separated_droplets,25,46,2.79168179746,0.1145981664590584,2.799987273455,0.08736061642362755,0.023138956934787493,0.02186257654568492,True,True,True,,0,0,True,True,local_support_plus_joint_95pct_likelihood_competition
dgi,separated_droplets,25,47,2.787013542031,0.10429404684165136,2.799987273455,0.08736061642362755,0.022461236864550895,0.0198055458189504,True,True,True,,0,0,True,True,local_support_plus_joint_95pct_likelihood_competition
dgi,separated_droplets,25,48,2.798561301697,0.07517130185480371,2.799987273455,0.08736061642362755,0.022289838568495365,0.016737924907227295,True,True,True,,0,0,True,True,local_support_plus_joint_95pct_likelihood_competition
dgi,separated_droplets,25,49,2.803509839892,0.08958403997613903,2.799987273455,0.08736061642362755,0.02214350759163011,0.017311936375120438,True,True,True,,0,0,True,True,local_support_plus_joint_95pct_likelihood_competition
dgi,separated_droplets,25,50,2.7757867445805,0.09587219799917024,2.799987273455,0.08736061642362755,0.022191881688343244,0.01734421730332215,True,True,True,,0,0,True,True,local_support_plus_joint_95pct_likelihood_competition
dgi,separated_droplets,25,51,2.811481336492,0.05544507253926746,2.799987273455,0.08736061642362755,0.02082060186304887,0.013168511050994118,True,True,True,,0,0,True,True,local_support_plus_joint_95pct_likelihood_competition
dgi,separated_droplets,25,52,2.7995200303985,0.12590495716631264,2.799987273455,0.08736061642362755,0.022860859546826894,0.02216722902094036,True,True,True,,0,0,True,True,local_support_plus_joint_95pct_likelihood_competition
dgi,separated_droplets,25,53,2.8310839539805,0.09651634710080799,2.799987273455,0.08736061642362755,0.021627367980346444,0.01809988317842486,True,True,True,,0,0,True,True,local_support_plus_joint_95pct_likelihood_competition
dgi,separated_droplets,25,54,2.8323283977345,0.07419697322395592,2.799987273455,0.08736061642362755,0.021163923260680007,0.01514461478132762,True,True,True,,0,0,True,True,local_support_plus_joint_95pct_likelihood_competition
dgi,separated_droplets,25,55,2.8108758273515,0.11190406220169644,2.799987273455,0.08736061642362755,0.021173306028652885,0.020231977353940913,True,True,True,,0,0,True,True,local_support_plus_joint_95pct_likelihood_competition
dgi,separated_droplets,25,56,2.8394643174455,0.08232101812045753,2.799987273455,0.08736061642362755,0.02169931800173167,0.016316867609404553,True,True,True,,0,0,True,True,local_support_plus_joint_95pct_likelihood_competition
dgi,separated_droplets,25,57,2.7829701964205,0.0848727399303204,2.799987273455,0.08736061642362755,0.022070919504661047,0.017348726778451742,True,True,True,,0,0,True,True,local_support_plus_joint_95pct_likelihood_competition
dgi,separated_droplets,25,58,2.8269473928010003,0.07065820705790805,2.799987273455,0.08736061642362755,0.019555673998477012,0.01393295796280817,True,True,True,,0,0,True,True,local_support_plus_joint_95pct_likelihood_competition
dgi,separated_droplets,25,59,2.825369975772,0.09907847183830228,2.799987273455,0.08736061642362755,0.02280804689829292,0.020584065015766578,True,True,True,,0,0,True,True,local_support_plus_joint_95pct_likelihood_competition
dgi,separated_droplets,25,60,2.7528850088855,0.10473169076646249,2.799987273455,0.08736061642362755,0.022557937663546614,0.019650256093616203,True,True,True,,0,0,True,True,local_support_plus_joint_95pct_likelihood_competition
dgi,separated_droplets,25,61,2.8366245722384997,0.08209675725245244,2.799987273455,0.08736061642362755,0.022293863664678528,0.017834313435433756,True,True,True,,0,0,True,True,local_support_plus_joint_95pct_likelihood_competition
dgi,separated_droplets,25,62,2.7799944841890003,0.0637265621717085,2.799987273455,0.08736061642362755,0.020259797485824196,0.013748790722760385,True,True,True,,0,0,True,True,local_support_plus_joint_95pct_likelihood_competition
dgi,separated_droplets,25,63,2.7886912146795,0.08654578913814834,2.799987273455,0.08736061642362755,0.021320717641447915,0.016706736113130807,True,True,True,,0,0,True,True,local_support_plus_joint_95pct_likelihood_competition
dgi,connected_modulated,50,0,2.765248435569,0.6386690685344638,2.751540046488,0.6494770333465083,0.02762888089306692,0.034299147207806545,True,True,True,,0,0,True,True,local_support_plus_joint_95pct_likelihood_competition
dgi,connected_modulated,50,1,2.7426747636110003,0.655623098203175,2.751540046488,0.6494770333465083,0.02971194841913702,0.035035727584296156,True,True,True,,0,0,True,True,local_support_plus_joint_95pct_likelihood_competition
dgi,connected_modulated,50,2,2.7632215431039997,0.6313758218089549,2.751540046488,0.6494770333465083,0.028661000394123316,0.035770209433273616,True,True,True,,0,0,True,True,local_support_plus_joint_95pct_likelihood_competition
dgi,connected_modulated,50,3,2.7824406730165,0.6149287224973223,2.751540046488,0.6494770333465083,0.028043971518525175,0.03525462508671239,True,True,True,,0,0,True,True,local_support_plus_joint_95pct_likelihood_competition
dgi,connected_modulated,50,4,2.7682173073435,0.6430482225454743,2.751540046488,0.6494770333465083,0.028712671501171676,0.0343891960491865,True,True,True,,0,0,True,True,local_support_plus_joint_95pct_likelihood_competition
dgi,connected_modulated,50,5,2.7378687979535,0.7084405030593848,2.751540046488,0.6494770333465083,0.034519724810881475,0.034739608559592995,True,True,True,,0,0,True,True,local_support_plus_joint_95pct_likelihood_competition
dgi,connected_modulated,50,6,2.7111979216144997,0.6426807460429093,2.751540046488,0.6494770333465083,0.0290553335551963,0.03648337664304479,True,True,True,,0,0,True,True,local_support_plus_joint_95pct_likelihood_competition
dgi,connected_modulated,50,7,2.7543212942095,0.6665362539469668,2.751540046488,0.6494770333465083,0.029149717987393076,0.034150009875533245,True,True,True,,0,0,True,True,local_support_plus_joint_95pct_likelihood_competition
dgi,connected_modulated,50,8,2.698460352983,0.6716111363602029,2.751540046488,0.6494770333465083,0.03051923077960439,0.035684275383749346,True,True,True,,0,0,True,True,local_support_plus_joint_95pct_likelihood_competition
dgi,connected_modulated,50,9,2.6708300706565,0.7198650836384914,2.751540046488,0.6494770333465083,0.03468371310800901,0.03423386037694916,True,True,True,,0,0,True,True,local_support_plus_joint_95pct_likelihood_competition
dgi,connected_modulated,50,10,2.7571372721225,0.64345379630343,2.751540046488,0.6494770333465083,0.030084740125361588,0.03695968418047105,True,True,True,,0,0,True,True,local_support_plus_joint_95pct_likelihood_competition
dgi,connected_modulated,50,11,2.7781786008085003,0.6311296273888675,2.751540046488,0.6494770333465083,0.02924860177499504,0.03757773705836401,True,True,True,,0,0,True,True,local_support_plus_joint_95pct_likelihood_competition
dgi,connected_modulated,50,12,2.7487039236785,0.679691690081542,2.751540046488,0.6494770333465083,0.0322028134510177,0.0346439478582435,False,False,False,,0,0,False,False,local_support_plus_joint_95pct_likelihood_competition
dgi,connected_modulated,50,13,2.7260054515960004,0.6504527186007665,2.751540046488,0.6494770333465083,0.030318889657547716,0.03681787352156026,True,True,True,,0,0,True,True,local_support_plus_joint_95pct_likelihood_competition
dgi,connected_modulated,50,14,2.749321222933,0.5828527902070257,2.751540046488,0.6494770333465083,0.026429484594644146,0.0354116134543192,True,True,True,,0,0,True,True,local_support_plus_joint_95pct_likelihood_competition
dgi,connected_modulated,50,15,2.7649401753495,0.6485905277394552,2.751540046488,0.6494770333465083,0.030029491330218334,0.03699910445793372,True,True,True,,0,0,True,True,local_support_plus_joint_95pct_likelihood_competition
dgi,connected_modulated,50,16,2.7216610692814998,0.6660395486975945,2.751540046488,0.6494770333465083,0.032364715554213365,0.03906721234866149,True,True,True,,0,0,True,True,local_support_plus_joint_95pct_likelihood_competition
dgi,connected_modulated,50,17,2.716248671201,0.6685323850919186,2.751540046488,0.6494770333465083,0.032242732465219595,0.0376729050963309,True,True,True,,0,0,True,True,local_support_plus_joint_95pct_likelihood_competition
dgi,connected_modulated,50,18,2.74942713932,0.6515302735588879,2.751540046488,0.6494770333465083,0.028980002806318756,0.035103002598307544,True,True,True,,0,0,True,True,local_support_plus_joint_95pct_likelihood_competition
dgi,connected_modulated,50,19,2.7321700794045,0.5900724545980307,2.751540046488,0.6494770333465083,0.026668559306078962,0.03654543442034695,True,True,True,,0,0,True,True,local_support_plus_joint_95pct_likelihood_competition
dgi,connected_modulated,50,20,2.7844696099835,0.6352949413075382,2.751540046488,0.6494770333465083,0.02840188135702644,0.03476895941439936,True,True,True,,0,0,True,True,local_support_plus_joint_95pct_likelihood_competition
dgi,connected_modulated,50,21,2.7641676023445,0.6544983388368787,2.751540046488,0.6494770333465083,0.03196347064608794,0.03806483829122222,True,True,True,,0,0,True,True,local_support_plus_joint_95pct_likelihood_competition
dgi,connected_modulated,50,22,2.763791280065,0.6731648605933537,2.751540046488,0.6494770333465083,0.030161312148486205,0.03438158122825339,True,True,True,,0,0,True,True,local_support_plus_joint_95pct_likelihood_competition
dgi,connected_modulated,50,23,2.7378271598439996,0.6791197547742499,2.751540046488,0.6494770333465083,0.034203138324553975,0.038821208010120296,True,True,True,,0,0,True,True,local_support_plus_joint_95pct_likelihood_competition
dgi,connected_modulated,50,24,2.760230261891,0.6514357777874615,2.751540046488,0.6494770333465083,0.029407412369004866,0.03605175519624457,True,True,True,,0,0,True,True,local_support_plus_joint_95pct_likelihood_competition
dgi,connected_modulated,50,25,2.762762566067,0.6195488217674583,2.751540046488,0.6494770333465083,0.02861452210435311,0.036726791705556455,True,True,True,,0,0,True,True,local_support_plus_joint_95pct_likelihood_competition
dgi,connected_modulated,50,26,2.771486141077,0.6583079654271535,2.751540046488,0.6494770333465083,0.029859300991518116,0.03499585823834953,True,True,True,,0,0,True,True,local_support_plus_joint_95pct_likelihood_competition
dgi,connected_modulated,50,27,2.746754366798,0.6822971899322772,2.751540046488,0.6494770333465083,0.03287502818051044,0.03653733157507873,True,True,True,,0,0,True,True,local_support_plus_joint_95pct_likelihood_competition
dgi,connected_modulated,50,28,2.7083597547264997,0.6480024692074363,2.751540046488,0.6494770333465083,0.028131421790766237,0.03578713597283287,True,True,True,,0,0,True,True,local_support_plus_joint_95pct_likelihood_competition
dgi,connected_modulated,50,29,2.7538767326849998,0.6269293069943991,2.751540046488,0.6494770333465083,0.028920024300135735,0.03832493486572842,True,True,True,,0,0,True,True,local_support_plus_joint_95pct_likelihood_competition
dgi,connected_modulated,50,30,2.7560545418635,0.628323924912106,2.751540046488,0.6494770333465083,0.02840761160156027,0.03619015811857522,True,True,True,,0,0,True,True,local_support_plus_joint_95pct_likelihood_competition
dgi,connected_modulated,50,31,2.7755905550405,0.6116206043893728,2.751540046488,0.6494770333465083,0.029004746494431206,0.03789056435884123,True,True,True,,0,0,True,True,local_support_plus_joint_95pct_likelihood_competition
dgi,connected_modulated,50,32,2.7449123165715,0.6703387678018069,2.751540046488,0.6494770333465083,0.031519903691316215,0.03621979161782078,True,True,True,,0,0,True,True,local_support_plus_joint_95pct_likelihood_competition
dgi,connected_modulated,50,33,2.707957822551,0.6585384053572676,2.751540046488,0.6494770333465083,0.03162641189949736,0.037983244603182295,True,True,True,,0,0,True,True,local_support_plus_joint_95pct_likelihood_competition
dgi,connected_modulated,50,34,2.7408569184865,0.6835177431723964,2.751540046488,0.6494770333465083,0.031197731041819058,0.03393102449291363,True,True,True,,0,0,True,True,local_support_plus_joint_95pct_likelihood_competition
dgi,connected_modulated,50,35,2.80945585531,0.6088800948468882,2.751540046488,0.6494770333465083,0.025076512585652373,0.03307763218211084,True,True,True,,0,0,True,True,local_support_plus_joint_95pct_likelihood_competition
dgi,connected_modulated,50,36,2.7334638733275,0.6958893388608212,2.751540046488,0.6494770333465083,0.0322701596718919,0.03425317682644645,True,True,True,,0,0,True,True,local_support_plus_joint_95pct_likelihood_competition
dgi,connected_modulated,50,37,2.7577846771520003,0.6383193490320344,2.751540046488,0.6494770333465083,0.028981204826274958,0.03688730496240052,True,True,True,,0,0,True,True,local_support_plus_joint_95pct_likelihood_competition
dgi,connected_modulated,50,38,2.7881520115134997,0.6580456611399201,2.751540046488,0.6494770333465083,0.03041550549905564,0.03531427589195854,True,True,True,,0,0,True,True,local_support_plus_joint_95pct_likelihood_competition
dgi,connected_modulated,50,39,2.7603912522985,0.6626137936913035,2.751540046488,0.6494770333465083,0.028957618616993773,0.03380039802891995,False,False,False,,0,0,False,False,local_support_plus_joint_95pct_likelihood_competition
dgi,connected_modulated,50,40,2.7528098118295,0.6952234034497156,2.751540046488,0.6494770333465083,0.033836575118898884,0.03611158397209915,True,True,True,,0,0,True,True,local_support_plus_joint_95pct_likelihood_competition
dgi,connected_modulated,50,41,2.739880693709,0.5975923676899371,2.751540046488,0.6494770333465083,0.026663446643388242,0.03708467547633481,True,True,True,,0,0,True,True,local_support_plus_joint_95pct_likelihood_competition
dgi,connected_modulated,50,42,2.6752125340074997,0.7341023868059362,2.751540046488,0.6494770333465083,0.03658220284089921,0.03359143139685512,False,False,False,,0,0,False,False,local_support_plus_joint_95pct_likelihood_competition
dgi,connected_modulated,50,43,2.7324385183124997,0.6331321410989489,2.751540046488,0.6494770333465083,0.02884966464408745,0.03619720174334941,True,True,True,,0,0,True,True,local_support_plus_joint_95pct_likelihood_competition
dgi,connected_modulated,50,44,2.7797732911675,0.6391109138262792,2.751540046488,0.6494770333465083,0.028851582293775727,0.03508603011728901,True,True,True,,0,0,True,True,local_support_plus_joint_95pct_likelihood_competition
dgi,connected_modulated,50,45,2.7810351098329997,0.5807036318455729,2.751540046488,0.6494770333465083,0.025372557399267637,0.03504807850338242,True,True,True,,0,0,True,True,local_support_plus_joint_95pct_likelihood_competition
dgi,connected_modulated,50,46,2.7887369489535,0.618313954766923,2.751540046488,0.6494770333465083,0.028545985802958345,0.036210815391088474,True,True,True,,0,0,True,True,local_support_plus_joint_95pct_likelihood_competition
dgi,connected_modulated,50,47,2.782847359074,0.6484881569468246,2.751540046488,0.6494770333465083,0.027680716062547833,0.033215828237791234,True,True,True,,0,0,True,True,local_support_plus_joint_95pct_likelihood_competition
dgi,connected_modulated,50,48,2.7341280320145,0.6539375868577972,2.751540046488,0.6494770333465083,0.030854399547596934,0.037360838958453935,True,True,True,,0,0,True,True,local_support_plus_joint_95pct_likelihood_competition
dgi,connected_modulated,50,49,2.7873656378805,0.6293164143983907,2.751540046488,0.6494770333465083,0.029022299943550118,0.03718789212172177,True,True,True,,0,0,True,True,local_support_plus_joint_95pct_likelihood_competition
dgi,connected_modulated,50,50,2.7124807906025,0.6738856163097782,2.751540046488,0.6494770333465083,0.031219983005497266,0.0357228969812004,True,True,True,,0,0,True,True,local_support_plus_joint_95pct_likelihood_competition
dgi,connected_modulated,50,51,2.7826700282985,0.637750446338925,2.751540046488,0.6494770333465083,0.02817144466341776,0.03409925481601156,False,False,False,,0,0,False,False,local_support_plus_joint_95pct_likelihood_competition
dgi,connected_modulated,50,52,2.7016832412185003,0.6617650811866418,2.751540046488,0.6494770333465083,0.03204285269152275,0.03923908436829824,True,True,True,,0,0,True,True,local_support_plus_joint_95pct_likelihood_competition
dgi,connected_modulated,50,53,2.8015310274044998,0.6428129432996897,2.751540046488,0.6494770333465083,0.029822899340137654,0.03624615465209906,True,True,True,,0,0,True,True,local_support_plus_joint_95pct_likelihood_competition
dgi,connected_modulated,50,54,2.776585291669,0.6248584744296205,2.751540046488,0.6494770333465083,0.02914802202185505,0.03638271764155184,True,True,True,,0,0,True,True,local_support_plus_joint_95pct_likelihood_competition
dgi,connected_modulated,50,55,2.776166076536,0.6575938765236569,2.751540046488,0.6494770333465083,0.02997371157535365,0.03493358249225262,True,True,True,,0,0,True,True,local_support_plus_joint_95pct_likelihood_competition
dgi,connected_modulated,50,56,2.8023645638475,0.5908100377492909,2.751540046488,0.6494770333465083,0.028099620375649798,0.03769091164913556,True,True,True,,0,0,True,True,local_support_plus_joint_95pct_likelihood_competition
dgi,connected_modulated,50,57,2.779845137453,0.6745372380277155,2.751540046488,0.6494770333465083,0.029826350051491646,0.0334591461395784,True,True,True,,0,0,True,True,local_support_plus_joint_95pct_likelihood_competition
dgi,connected_modulated,50,58,2.6869120266874997,0.6441509464551142,2.751540046488,0.6494770333465083,0.028360323979792226,0.03508147080705576,False,False,False,,0,0,False,False,local_support_plus_joint_95pct_likelihood_competition
dgi,connected_modulated,50,59,2.757089164602,0.6325178546641081,2.751540046488,0.6494770333465083,0.02638161394641783,0.034366677954401126,True,True,True,,0,0,True,True,local_support_plus_joint_95pct_likelihood_competition
dgi,connected_modulated,50,60,2.693397462335,0.6936952479708045,2.751540046488,0.6494770333465083,0.033257875145945526,0.03615779494156605,True,True,True,,0,0,True,True,local_support_plus_joint_95pct_likelihood_competition
dgi,connected_modulated,50,61,2.7847396552139996,0.6252371886074457,2.751540046488,0.6494770333465083,0.028069120129466104,0.03604873448422739,True,True,True,,0,0,True,True,local_support_plus_joint_95pct_likelihood_competition
dgi,connected_modulated,50,62,2.771263665703,0.582439701608798,2.751540046488,0.6494770333465083,0.02667964449200394,0.03536522157074875,True,True,True,,0,0,True,True,local_support_plus_joint_95pct_likelihood_competition
dgi,connected_modulated,50,63,2.7339602199820003,0.6736339254015286,2.751540046488,0.6494770333465083,0.03279451851580043,0.037744962772673585,True,True,True,,0,0,True,True,local_support_plus_joint_95pct_likelihood_competition
dgi,separated_droplets,50,0,2.787012775182,0.09300853075952288,2.799987273455,0.08736061642362755,0.01377249459800561,0.011610665728346355,True,True,True,,0,0,True,True,local_support_plus_joint_95pct_likelihood_competition
dgi,separated_droplets,50,1,2.771721454665,0.0858757045688992,2.799987273455,0.08736061642362755,0.015290892704925053,0.012489615621677162,True,True,True,,0,0,True,True,local_support_plus_joint_95pct_likelihood_competition
dgi,separated_droplets,50,2,2.7827555129395,0.09935859905927398,2.799987273455,0.08736061642362755,0.015433437888122908,0.013508939852766206,True,True,True,,0,0,True,True,local_support_plus_joint_95pct_likelihood_competition
dgi,separated_droplets,50,3,2.7921576700579998,0.0897377254080637,2.799987273455,0.08736061642362755,0.014134242407853093,0.011729696527583272,True,True,True,,0,0,True,True,local_support_plus_joint_95pct_likelihood_competition
dgi,separated_droplets,50,4,2.8007464686335,0.09501168554317754,2.799987273455,0.08736061642362755,0.014769848239992592,0.012159411006106163,True,True,True,,0,0,True,True,local_support_plus_joint_95pct_likelihood_competition
dgi,separated_droplets,50,5,2.8103794114725,0.08544976488314471,2.799987273455,0.08736061642362755,0.015246466643220673,0.012755087283819055,True,True,True,,0,0,True,True,local_support_plus_joint_95pct_likelihood_competition
dgi,separated_droplets,50,6,2.8047126651710004,0.08150734258135228,2.799987273455,0.08736061642362755,0.01547937184905357,0.011599887783528749,True,True,True,,0,0,True,True,local_support_plus_joint_95pct_likelihood_competition
dgi,separated_droplets,50,7,2.79883714625,0.0984510407513094,2.799987273455,0.08736061642362755,0.015215945618135116,0.012515113383413821,True,True,True,,0,0,True,True,local_support_plus_joint_95pct_likelihood_competition
dgi,separated_droplets,50,8,2.786509756449,0.10077845342696852,2.799987273455,0.08736061642362755,0.015240568920675514,0.013698062622268642,True,True,True,,0,0,True,True,local_support_plus_joint_95pct_likelihood_competition
dgi,separated_droplets,50,9,2.783329219194,0.08522421101192468,2.799987273455,0.08736061642362755,0.014828793006532505,0.012100297727270231,True,True,True,,0,0,True,True,local_support_plus_joint_95pct_likelihood_competition
dgi,separated_droplets,50,10,2.78672898658,0.08158888561000888,2.799987273455,0.08736061642362755,0.014955786545270395,0.011546910028801332,True,True,True,,0,0,True,True,local_support_plus_joint_95pct_likelihood_competition
dgi,separated_droplets,50,11,2.7992993297725,0.09439683733411353,2.799987273455,0.08736061642362755,0.014923874027913942,0.01297449311723932,True,True,True,,0,0,True,True,local_support_plus_joint_95pct_likelihood_competition
dgi,separated_droplets,50,12,2.7993621940524998,0.08851329890699836,2.799987273455,0.08736061642362755,0.015400274480495458,0.012954420458199256,True,True,True,,0,0,True,True,local_support_plus_joint_95pct_likelihood_competition
dgi,separated_droplets,50,13,2.797870078461,0.11246607106819431,2.799987273455,0.08736061642362755,0.016123037841365553,0.014468005484454474,True,True,True,,0,0,True,True,local_support_plus_joint_95pct_likelihood_competition
dgi,separated_droplets,50,14,2.7838478847644996,0.07235192031751515,2.799987273455,0.08736061642362755,0.014419127385703747,0.010584848488188596,True,True,True,,0,0,True,True,local_support_plus_joint_95pct_likelihood_competition
dgi,separated_droplets,50,15,2.7722646715434998,0.08982429473727993,2.799987273455,0.08736061642362755,0.01547397867819208,0.012630599296339504,True,True,True,,0,0,True,True,local_support_plus_joint_95pct_likelihood_competition
dgi,separated_droplets,50,16,2.8148946260464998,0.07866153312603391,2.799987273455,0.08736061642362755,0.01414818127152994,0.010969828101062576,True,True,True,,0,0,True,True,local_support_plus_joint_95pct_likelihood_competition
dgi,separated_droplets,50,17,2.8050208655490003,0.08495536258680411,2.799987273455,0.08736061642362755,0.014811282829482398,0.01185630303669839,True,True,True,,0,0,True,True,local_support_plus_joint_95pct_likelihood_competition
dgi,separated_droplets,50,18,2.7900943096655,0.08849626568742713,2.799987273455,0.08736061642362755,0.014677070030469317,0.011748244262469799,True,True,True,,0,0,True,True,local_support_plus_joint_95pct_likelihood_competition
dgi,separated_droplets,50,19,2.8058727979149998,0.08380251559382847,2.799987273455,0.08736061642362755,0.0147008635949972,0.011681588950403138,True,True,True,,0,0,True,True,local_support_plus_joint_95pct_likelihood_competition
dgi,separated_droplets,50,20,2.7939204420175,0.1043456528442985,2.799987273455,0.08736061642362755,0.015807931759670105,0.01394973407675724,True,True,True,,0,0,True,True,local_support_plus_joint_95pct_likelihood_competition
dgi,separated_droplets,50,21,2.754292571023,0.08616712785798393,2.799987273455,0.08736061642362755,0.014831779478324245,0.012358818789357597,True,True,True,,0,0,True,True,local_support_plus_joint_95pct_likelihood_competition
dgi,separated_droplets,50,22,2.8054378106674998,0.1032534864914337,2.799987273455,0.08736061642362755,0.015083439114577112,0.013526415858844199,True,True,True,,0,0,True,True,local_support_plus_joint_95pct_likelihood_competition
dgi,separated_droplets,50,23,2.8266944921385,0.07863356900598487,2.799987273455,0.08736061642362755,0.014911774926408503,0.011587744574823283,True,True,True,,0,0,True,True,local_support_plus_joint_95pct_likelihood_competition
dgi,separated_droplets,50,24,2.826664413879,0.08371121588522469,2.799987273455,0.08736061642362755,0.014535659523298885,0.011321672726131169,True,True,True,,0,0,True,True,local_support_plus_joint_95pct_likelihood_competition
dgi,separated_droplets,50,25,2.8007224118625,0.0924765650972986,2.799987273455,0.08736061642362755,0.015196654988800079,0.012767432713991762,True,True,True,,0,0,True,True,local_support_plus_joint_95pct_likelihood_competition
dgi,separated_droplets,50,26,2.7895995889445,0.0905522617778304,2.799987273455,0.08736061642362755,0.014992385624588635,0.012782319367089786,True,True,True,,0,0,True,True,local_support_plus_joint_95pct_likelihood_competition
dgi,separated_droplets,50,27,2.7783492393835,0.1121483709990799,2.799987273455,0.08736061642362755,0.015263559095699658,0.014491742209464276,True,True,True,,0,0,True,True,local_support_plus_joint_95pct_likelihood_competition
dgi,separated_droplets,50,28,2.789142252956,0.078787630788682,2.799987273455,0.08736061642362755,0.014544917508404568,0.010930532405848327,True,True,True,,0,0,True,True,local_support_plus_joint_95pct_likelihood_competition
dgi,separated_droplets,50,29,2.820060947251,0.07582688687454658,2.799987273455,0.08736061642362755,0.014888782053177714,0.010954797219662672,True,True,True,,0,0,True,True,local_support_plus_joint_95pct_likelihood_competition
dgi,separated_droplets,50,30,2.7959774418415,0.09819154807586697,2.799987273455,0.08736061642362755,0.015502252523553915,0.013265772414615244,True,True,True,,0,0,True,True,local_support_plus_joint_95pct_likelihood_competition
dgi,separated_droplets,50,31,2.8096189810655,0.08976129150578559,2.799987273455,0.08736061642362755,0.014335223418430753,0.011788674774762094,True,True,True,,0,0,True,True,local_support_plus_joint_95pct_likelihood_competition
dgi,separated_droplets,50,32,2.7847321723164997,0.09994745633782937,2.799987273455,0.08736061642362755,0.014033537547972735,0.011891324083937145,True,True,True,,0,0,True,True,local_support_plus_joint_95pct_likelihood_competition
dgi,separated_droplets,50,33,2.814119823723,0.08418283114791211,2.799987273455,0.08736061642362755,0.014917091020670925,0.011778422489247995,True,True,True,,0,0,True,True,local_support_plus_joint_95pct_likelihood_competition
dgi,separated_droplets,50,34,2.7913322527439997,0.10279973746630164,2.799987273455,0.08736061642362755,0.01563286433056502,0.013798705640675693,True,True,True,,0,0,True,True,local_support_plus_joint_95pct_likelihood_competition
dgi,separated_droplets,50,35,2.8066950715475,0.07613072808769261,2.799987273455,0.08736061642362755,0.0153915505571903,0.011522562140638917,True,True,True,,0,0,True,True,local_support_plus_joint_95pct_likelihood_competition
dgi,separated_droplets,50,36,2.797932442256,0.09049654455145348,2.799987273455,0.08736061642362755,0.015416948732592105,0.01268880471118676,True,True,True,,0,0,True,True,local_support_plus_joint_95pct_likelihood_competition
dgi,separated_droplets,50,37,2.8101189139905003,0.07731049101347671,2.799987273455,0.08736061642362755,0.014258238194104217,0.010711718205322265,True,True,True,,0,0,True,True,local_support_plus_joint_95pct_likelihood_competition
dgi,separated_droplets,50,38,2.7944160211774998,0.05613259355227451,2.799987273455,0.08736061642362755,0.014574052403929923,0.009224311433455078,True,True,True,,0,0,True,True,local_support_plus_joint_95pct_likelihood_competition
dgi,separated_droplets,50,39,2.79686339094,0.08459631095425357,2.799987273455,0.08736061642362755,0.015461799975490544,0.012768422130903945,True,True,True,,0,0,True,True,local_support_plus_joint_95pct_likelihood_competition
dgi,separated_droplets,50,40,2.8078159772860003,0.11416897985166505,2.799987273455,0.08736061642362755,0.015514477136148607,0.014204676790557634,True,True,True,,0,0,True,True,local_support_plus_joint_95pct_likelihood_competition
dgi,separated_droplets,50,41,2.8033265223640003,0.09548933931375111,2.799987273455,0.08736061642362755,0.015515042123959915,0.013332044507379808,True,True,True,,0,0,True,True,local_support_plus_joint_95pct_likelihood_competition
dgi,separated_droplets,50,42,2.7946663653195003,0.09121158992014719,2.799987273455,0.08736061642362755,0.01519914659173738,0.012064355449291566,True,True,True,,0,0,True,True,local_support_plus_joint_95pct_likelihood_competition
dgi,separated_droplets,50,43,2.8128806732075,0.0767000371303153,2.799987273455,0.08736061642362755,0.014815092555294647,0.011135166946211599,True,True,True,,0,0,True,True,local_support_plus_joint_95pct_likelihood_competition
dgi,separated_droplets,50,44,2.7785307962559997,0.06751402261217997,2.799987273455,0.08736061642362755,0.01550867774055874,0.011252123560215117,True,True,True,,0,0,True,True,local_support_plus_joint_95pct_likelihood_competition
dgi,separated_droplets,50,45,2.8144503941755,0.10450373548061945,2.799987273455,0.08736061642362755,0.015281841361927392,0.013161747912852071,True,True,True,,0,0,True,True,local_support_plus_joint_95pct_likelihood_competition
dgi,separated_droplets,50,46,2.813772443377,0.07382200540941708,2.799987273455,0.08736061642362755,0.01465858511405509,0.010609718934334208,True,True,True,,0,0,True,True,local_support_plus_joint_95pct_likelihood_competition
dgi,separated_droplets,50,47,2.789697612557,0.11709637141117088,2.799987273455,0.08736061642362755,0.015395556253032475,0.014399849087446922,True,True,True,,0,0,True,True,local_support_plus_joint_95pct_likelihood_competition
dgi,separated_droplets,50,48,2.828117620576,0.09044641175075135,2.799987273455,0.08736061642362755,0.01492021650011181,0.012175238710314881,True,True,True,,0,0,True,True,local_support_plus_joint_95pct_likelihood_competition
dgi,separated_droplets,50,49,2.8008181460235,0.08113921663824815,2.799987273455,0.08736061642362755,0.015128224375672926,0.012186554092128685,True,True,True,,0,0,True,True,local_support_plus_joint_95pct_likelihood_competition
dgi,separated_droplets,50,50,2.7962580593105,0.08047874374126163,2.799987273455,0.08736061642362755,0.015115534347192958,0.01145529293459089,True,True,True,,0,0,True,True,local_support_plus_joint_95pct_likelihood_competition
dgi,separated_droplets,50,51,2.8167535316115,0.0728137458084061,2.799987273455,0.08736061642362755,0.014186328739840041,0.010174044426896484,True,True,True,,0,0,True,True,local_support_plus_joint_95pct_likelihood_competition
dgi,separated_droplets,50,52,2.8198562139885004,0.08484130739233067,2.799987273455,0.08736061642362755,0.015361205461173599,0.011778166561603283,True,True,True,,0,0,True,True,local_support_plus_joint_95pct_likelihood_competition
dgi,separated_droplets,50,53,2.8182341613219997,0.07756453884068149,2.799987273455,0.08736061642362755,0.014925869801040615,0.01105766333902943,True,True,True,,0,0,True,True,local_support_plus_joint_95pct_likelihood_competition
dgi,separated_droplets,50,54,2.778903089629,0.10208244797449963,2.799987273455,0.08736061642362755,0.0146554630979225,0.01310126788046307,True,True,True,,0,0,True,True,local_support_plus_joint_95pct_likelihood_competition
dgi,separated_droplets,50,55,2.7736228659695,0.08294971566838424,2.799987273455,0.08736061642362755,0.015374858604698342,0.011963134136028536,True,True,True,,0,0,True,True,local_support_plus_joint_95pct_likelihood_competition
dgi,separated_droplets,50,56,2.8038367136274998,0.08264730640283627,2.799987273455,0.08736061642362755,0.015340636819346868,0.01205359798786069,True,True,True,,0,0,True,True,local_support_plus_joint_95pct_likelihood_competition
dgi,separated_droplets,50,57,2.7851150574315,0.07702627256611212,2.799987273455,0.08736061642362755,0.014480197700354294,0.010571683907606474,True,True,True,,0,0,True,True,local_support_plus_joint_95pct_likelihood_competition
dgi,separated_droplets,50,58,2.79542048982,0.09219169165650037,2.799987273455,0.08736061642362755,0.014782681645682399,0.012625407039816773,True,True,True,,0,0,True,True,local_support_plus_joint_95pct_likelihood_competition
dgi,separated_droplets,50,59,2.805403611501,0.08829658232492746,2.799987273455,0.08736061642362755,0.014983786048455811,0.011799409164062741,True,True,True,,0,0,True,True,local_support_plus_joint_95pct_likelihood_competition
dgi,separated_droplets,50,60,2.8003505437455,0.08640480318300786,2.799987273455,0.08736061642362755,0.014274622028873715,0.011766885343925414,True,True,True,,0,0,True,True,local_support_plus_joint_95pct_likelihood_competition
dgi,separated_droplets,50,61,2.7946990902045004,0.08368270072366818,2.799987273455,0.08736061642362755,0.014971300574333787,0.01165123307231738,True,True,True,,0,0,True,True,local_support_plus_joint_95pct_likelihood_competition
dgi,separated_droplets,50,62,2.800489448805,0.08101332114989993,2.799987273455,0.08736061642362755,0.01538011612909933,0.011599585254414053,True,True,True,,0,0,True,True,local_support_plus_joint_95pct_likelihood_competition
dgi,separated_droplets,50,63,2.7740080649295003,0.08463675559366551,2.799987273455,0.08736061642362755,0.014894524354347037,0.011980976090443825,True,True,True,,0,0,True,True,local_support_plus_joint_95pct_likelihood_competition
dgi,connected_modulated,100,0,2.7923540483775,0.6408719273236457,2.751540046488,0.6494770333465083,0.019635371586427686,0.023908154244086544,True,True,True,,0,0,True,True,local_support_plus_joint_95pct_likelihood_competition
dgi,connected_modulated,100,1,2.737191791173,0.6618423839720018,2.751540046488,0.6494770333465083,0.021492487558621397,0.02513026445016331,True,True,True,,0,0,True,True,local_support_plus_joint_95pct_likelihood_competition
dgi,connected_modulated,100,2,2.7288171635635,0.6340445488924595,2.751540046488,0.6494770333465083,0.019728814291764922,0.024552311320136206,True,True,True,,0,0,True,True,local_support_plus_joint_95pct_likelihood_competition
dgi,connected_modulated,100,3,2.783858593704,0.6130422070600827,2.751540046488,0.6494770333465083,0.019190613072912602,0.025022295843269215,True,True,True,,0,0,True,True,local_support_plus_joint_95pct_likelihood_competition
dgi,connected_modulated,100,4,2.7618231769875,0.6509277312893873,2.751540046488,0.6494770333465083,0.02070697849810994,0.0249867116081233,True,True,True,,0,0,True,True,local_support_plus_joint_95pct_likelihood_competition
dgi,connected_modulated,100,5,2.7581099331630003,0.6282014828603085,2.751540046488,0.6494770333465083,0.019527915152959686,0.024950664211213194,True,True,True,,0,0,True,True,local_support_plus_joint_95pct_likelihood_competition
dgi,connected_modulated,100,6,2.764789029434,0.6954148550111108,2.751540046488,0.6494770333465083,0.023227982571025787,0.024216335348747536,True,True,True,,0,0,True,True,local_support_plus_joint_95pct_likelihood_competition
dgi,connected_modulated,100,7,2.7678527098285004,0.6556551692052099,2.751540046488,0.6494770333465083,0.02110829235920814,0.0246943683781091,True,True,True,,0,0,True,True,local_support_plus_joint_95pct_likelihood_competition
dgi,connected_modulated,100,8,2.7246181773395,0.6398789054638299,2.751540046488,0.6494770333465083,0.019632651914114566,0.024587577887735815,True,True,True,,0,0,True,True,local_support_plus_joint_95pct_likelihood_competition
dgi,connected_modulated,100,9,2.762245029877,0.6506497849216119,2.751540046488,0.6494770333465083,0.020854907832132306,0.02464301036315513,True,True,True,,0,0,True,True,local_support_plus_joint_95pct_likelihood_competition
dgi,connected_modulated,100,10,2.7591494401515,0.6498327173364356,2.751540046488,0.6494770333465083,0.021427046760378845,0.025738390349055267,True,True,True,,0,0,True,True,local_support_plus_joint_95pct_likelihood_competition
dgi,connected_modulated,100,11,2.732057264892,0.6774293071394641,2.751540046488,0.6494770333465083,0.021509841094192517,0.023799240852096847,True,True,True,,0,0,True,True,local_support_plus_joint_95pct_likelihood_competition
dgi,connected_modulated,100,12,2.788000112593,0.6410426686457629,2.751540046488,0.6494770333465083,0.02032551543911822,0.024849033302657392,True,True,True,,0,0,True,True,local_support_plus_joint_95pct_likelihood_competition
dgi,connected_modulated,100,13,2.754199170442,0.6478645706958697,2.751540046488,0.6494770333465083,0.020820751705791132,0.025658972882328827,True,True,True,,0,0,True,True,local_support_plus_joint_95pct_likelihood_competition
dgi,connected_modulated,100,14,2.747872333789,0.6702046521506396,2.751540046488,0.6494770333465083,0.021410589284148317,0.023895143069761853,True,True,True,,0,0,True,True,local_support_plus_joint_95pct_likelihood_competition
dgi,connected_modulated,100,15,2.7462470324595,0.6093497121255169,2.751540046488,0.6494770333465083,0.019064787003685982,0.025014842002980226,True,True,True,,0,0,True,True,local_support_plus_joint_95pct_likelihood_competition
dgi,connected_modulated,100,16,2.7248063487214997,0.6648594223795146,2.751540046488,0.6494770333465083,0.020825574914286247,0.024316028614248985,True,True,True,,0,0,True,True,local_support_plus_joint_95pct_likelihood_competition
dgi,connected_modulated,100,17,2.7646241516965,0.6506180787848516,2.751540046488,0.6494770333465083,0.020435303702798533,0.02395120771186607,True,True,True,,0,0,True,True,local_support_plus_joint_95pct_likelihood_competition
dgi,connected_modulated,100,18,2.7080290013905,0.6984410759162711,2.751540046488,0.6494770333465083,0.02286761821043496,0.02415973204566275,True,True,True,,0,0,True,True,local_support_plus_joint_95pct_likelihood_competition
dgi,connected_modulated,100,19,2.7574693841844997,0.6403402856213747,2.751540046488,0.6494770333465083,0.020627145502252295,0.025325696522010405,True,True,True,,0,0,True,True,local_support_plus_joint_95pct_likelihood_competition
dgi,connected_modulated,100,20,2.760994441305,0.6555989571435337,2.751540046488,0.6494770333465083,0.02029913726064577,0.024185315083096806,True,True,True,,0,0,True,True,local_support_plus_joint_95pct_likelihood_competition
dgi,connected_modulated,100,21,2.7094177607445,0.6834513916220066,2.751540046488,0.6494770333465083,0.023258821756106583,0.02587220375896242,True,True,True,,0,0,True,True,local_support_plus_joint_95pct_likelihood_competition
dgi,connected_modulated,100,22,2.735923248941,0.670897634550268,2.751540046488,0.6494770333465083,0.0213567010500999,0.02425768122745716,True,True,True,,0,0,True,True,local_support_plus_joint_95pct_likelihood_competition
dgi,connected_modulated,100,23,2.7391597490104997,0.6704526018395837,2.751540046488,0.6494770333465083,0.021940570434955158,0.02466918566171394,True,True,True,,0,0,True,True,local_support_plus_joint_95pct_likelihood_competition
dgi,connected_modulated,100,24,2.746864169998,0.6356650748681909,2.751540046488,0.6494770333465083,0.020701162493608948,0.026006682664158426,True,True,True,,0,0,True,True,local_support_plus_joint_95pct_likelihood_competition
dgi,connected_modulated,100,25,2.7340107304725,0.657411781192865,2.751540046488,0.6494770333465083,0.021351711313937045,0.025640057231206787,True,True,True,,0,0,True,True,local_support_plus_joint_95pct_likelihood_competition
dgi,connected_modulated,100,26,2.7448427773445,0.6293181346201923,2.751540046488,0.6494770333465083,0.019803986524332934,0.025187752557736875,True,True,True,,0,0,True,True,local_support_plus_joint_95pct_likelihood_competition
dgi,connected_modulated,100,27,2.761391440407,0.6373782124596745,2.751540046488,0.6494770333465083,0.019521111882820734,0.024109196103932477,True,True,True,,0,0,True,True,local_support_plus_joint_95pct_likelihood_competition
dgi,connected_modulated,100,28,2.746370632771,0.6024149213141003,2.751540046488,0.6494770333465083,0.01894589978294951,0.02575536486114255,True,True,True,,0,0,True,True,local_support_plus_joint_95pct_likelihood_competition
dgi,connected_modulated,100,29,2.753172186964,0.653050971519159,2.751540046488,0.6494770333465083,0.021603057127810014,0.02539296122882215,True,True,True,,0,0,True,True,local_support_plus_joint_95pct_likelihood_competition
dgi,connected_modulated,100,30,2.7469979475389996,0.6440113972911606,2.751540046488,0.6494770333465083,0.020425528778931168,0.02548709657669873,True,True,True,,0,0,True,True,local_support_plus_joint_95pct_likelihood_competition
dgi,connected_modulated,100,31,2.7326899905535003,0.6462722009066989,2.751540046488,0.6494770333465083,0.020297933452582323,0.024926001129847303,True,True,True,,0,0,True,True,local_support_plus_joint_95pct_likelihood_competition
dgi,connected_modulated,100,32,2.8004676942040003,0.6295791634180394,2.751540046488,0.6494770333465083,0.01957908660743026,0.024443419052116652,True,True,True,,0,0,True,True,local_support_plus_joint_95pct_likelihood_competition
dgi,connected_modulated,100,33,2.741861733085,0.6116684708966066,2.751540046488,0.6494770333465083,0.01944188671383961,0.025534235171414073,True,True,True,,0,0,True,True,local_support_plus_joint_95pct_likelihood_competition
dgi,connected_modulated,100,34,2.741722911151,0.6174137499139494,2.751540046488,0.6494770333465083,0.0193619822336205,0.025215889119825148,True,True,True,,0,0,True,True,local_support_plus_joint_95pct_likelihood_competition
dgi,connected_modulated,100,35,2.788035200081,0.6454738666420117,2.751540046488,0.6494770333465083,0.02062696388354976,0.024833042155985953,True,True,True,,0,0,True,True,local_support_plus_joint_95pct_likelihood_competition
dgi,connected_modulated,100,36,2.7432215835225,0.6740648197137955,2.751540046488,0.6494770333465083,0.021654012771994125,0.02453886776491275,True,True,True,,0,0,True,True,local_support_plus_joint_95pct_likelihood_competition
dgi,connected_modulated,100,37,2.7407867506284997,0.6300825218826727,2.751540046488,0.6494770333465083,0.020038286914087294,0.02553594524702687,True,True,True,,0,0,True,True,local_support_plus_joint_95pct_likelihood_competition
dgi,connected_modulated,100,38,2.7460617820985,0.6373553117614963,2.751540046488,0.6494770333465083,0.020373551313441523,0.02571284663874153,True,True,True,,0,0,True,True,local_support_plus_joint_95pct_likelihood_competition
dgi,connected_modulated,100,39,2.7690986220765,0.6512974846524631,2.751540046488,0.6494770333465083,0.02168048522776093,0.026296496379782406,True,True,True,,0,0,True,True,local_support_plus_joint_95pct_likelihood_competition
dgi,connected_modulated,100,40,2.7361323456285,0.6587900422068715,2.751540046488,0.6494770333465083,0.02067086612667855,0.02444651137593123,True,True,True,,0,0,True,True,local_support_plus_joint_95pct_likelihood_competition
dgi,connected_modulated,100,41,2.6910348640195,0.6844849593380264,2.751540046488,0.6494770333465083,0.022438053819746465,0.024644425131328095,True,True,True,,0,0,True,True,local_support_plus_joint_95pct_likelihood_competition
dgi,connected_modulated,100,42,2.729420085281,0.637029281193925,2.751540046488,0.6494770333465083,0.020383365669936142,0.025405020514932358,True,True,True,,0,0,True,True,local_support_plus_joint_95pct_likelihood_competition
dgi,connected_modulated,100,43,2.6969783082355,0.6729888548052614,2.751540046488,0.6494770333465083,0.02215912070219146,0.025696089725689014,True,True,True,,0,0,True,True,local_support_plus_joint_95pct_likelihood_competition
dgi,connected_modulated,100,44,2.770947494256,0.6410145563334606,2.751540046488,0.6494770333465083,0.01987403559138311,0.0243775444771884,True,True,True,,0,0,True,True,local_support_plus_joint_95pct_likelihood_competition
dgi,connected_modulated,100,45,2.7277617779375003,0.6669188041916558,2.751540046488,0.6494770333465083,0.022071313670158202,0.025873327084434513,True,True,True,,0,0,True,True,local_support_plus_joint_95pct_likelihood_competition
dgi,connected_modulated,100,46,2.7563047999570003,0.6329312044188083,2.751540046488,0.6494770333465083,0.02059302770895814,0.02552064289359074,True,True,True,,0,0,True,True,local_support_plus_joint_95pct_likelihood_competition
dgi,connected_modulated,100,47,2.7500678954095,0.6765955005562332,2.751540046488,0.6494770333465083,0.021941623226077886,0.024147596815588562,True,True,True,,0,0,True,True,local_support_plus_joint_95pct_likelihood_competition
dgi,connected_modulated,100,48,2.752906258116,0.6756754873300876,2.751540046488,0.6494770333465083,0.02231014303280763,0.02475990026834707,True,True,True,,0,0,True,True,local_support_plus_joint_95pct_likelihood_competition
dgi,connected_modulated,100,49,2.724457481392,0.6443896601467998,2.751540046488,0.6494770333465083,0.020600156122298798,0.025274502135872574,True,True,True,,0,0,True,True,local_support_plus_joint_95pct_likelihood_competition
dgi,connected_modulated,100,50,2.7496739992535,0.6370313480605023,2.751540046488,0.6494770333465083,0.02025742581800482,0.025820659536953245,True,True,True,,0,0,True,True,local_support_plus_joint_95pct_likelihood_competition
dgi,connected_modulated,100,51,2.754311518456,0.6172854620658828,2.751540046488,0.6494770333465083,0.019134815164976053,0.024984318728878754,True,True,True,,0,0,True,True,local_support_plus_joint_95pct_likelihood_competition
dgi,connected_modulated,100,52,2.750934021975,0.6359657688786698,2.751540046488,0.6494770333465083,0.019332110982793933,0.023933552039434945,True,True,True,,0,0,True,True,local_support_plus_joint_95pct_likelihood_competition
dgi,connected_modulated,100,53,2.745504033179,0.6587738912561653,2.751540046488,0.6494770333465083,0.021562355055982498,0.025435792407188122,True,True,True,,0,0,True,True,local_support_plus_joint_95pct_likelihood_competition
dgi,connected_modulated,100,54,2.740200187846,0.6760151857602665,2.751540046488,0.6494770333465083,0.02239764445336051,0.02517523501926787,True,True,True,,0,0,True,True,local_support_plus_joint_95pct_likelihood_competition
dgi,connected_modulated,100,55,2.721833288823,0.65776283342536,2.751540046488,0.6494770333465083,0.02040282894031331,0.02456864368577243,True,True,True,,0,0,True,True,local_support_plus_joint_95pct_likelihood_competition
dgi,connected_modulated,100,56,2.7367498122100002,0.6452630196667231,2.751540046488,0.6494770333465083,0.020332062299475664,0.0253385066928479,True,True,True,,0,0,True,True,local_support_plus_joint_95pct_likelihood_competition
dgi,connected_modulated,100,57,2.7532856264315,0.665595470484478,2.751540046488,0.6494770333465083,0.020716872698180323,0.023565915104961487,True,True,True,,0,0,True,True,local_support_plus_joint_95pct_likelihood_competition
dgi,connected_modulated,100,58,2.753984611951,0.6618337121880237,2.751540046488,0.6494770333465083,0.020870253334605265,0.024057655683622333,True,True,True,,0,0,True,True,local_support_plus_joint_95pct_likelihood_competition
dgi,connected_modulated,100,59,2.7226949949145,0.633750643477779,2.751540046488,0.6494770333465083,0.01962378426875202,0.025300645259594474,True,True,True,,0,0,True,True,local_support_plus_joint_95pct_likelihood_competition
dgi,connected_modulated,100,60,2.7585154110715,0.6065710388200276,2.751540046488,0.6494770333465083,0.01873886197221992,0.024673318704297818,True,True,True,,0,0,True,True,local_support_plus_joint_95pct_likelihood_competition
dgi,connected_modulated,100,61,2.7234530988055,0.6510448332916001,2.751540046488,0.6494770333465083,0.021101144452332174,0.025970666310047272,True,True,True,,0,0,True,True,local_support_plus_joint_95pct_likelihood_competition
dgi,connected_modulated,100,62,2.6856649017715,0.6890980657833885,2.751540046488,0.6494770333465083,0.023872716681696944,0.026408443624881255,True,True,True,,0,0,True,True,local_support_plus_joint_95pct_likelihood_competition
dgi,connected_modulated,100,63,2.7110395424895,0.6228022923279612,2.751540046488,0.6494770333465083,0.019504715237746714,0.025190984070021575,True,True,True,,0,0,True,True,local_support_plus_joint_95pct_likelihood_competition
dgi,separated_droplets,100,0,2.8028437496145,0.08551678399664425,2.799987273455,0.08736061642362755,0.010255034310109405,0.008166527577982256,True,True,True,,0,0,True,True,local_support_plus_joint_95pct_likelihood_competition
dgi,separated_droplets,100,1,2.799522876516,0.08703308198862346,2.799987273455,0.08736061642362755,0.01013297631537875,0.008073670550242648,True,True,True,,0,0,True,True,local_support_plus_joint_95pct_likelihood_competition
dgi,separated_droplets,100,2,2.809668672782,0.08509773819362093,2.799987273455,0.08736061642362755,0.010089709651538629,0.007858159176117792,True,True,True,,0,0,True,True,local_support_plus_joint_95pct_likelihood_competition
dgi,separated_droplets,100,3,2.797733749411,0.07667273234997604,2.799987273455,0.08736061642362755,0.010339145946725949,0.007772222147445847,True,True,True,,0,0,True,True,local_support_plus_joint_95pct_likelihood_competition
dgi,separated_droplets,100,4,2.792472180447,0.07496983455286728,2.799987273455,0.08736061642362755,0.010273717332045363,0.0076882960942814904,True,True,True,,0,0,True,True,local_support_plus_joint_95pct_likelihood_competition
dgi,separated_droplets,100,5,2.800103270455,0.07274084906799193,2.799987273455,0.08736061642362755,0.0101901964238322,0.007359180123632899,True,True,True,,0,0,True,True,local_support_plus_joint_95pct_likelihood_competition
dgi,separated_droplets,100,6,2.7934349118905,0.104256686616889,2.799987273455,0.08736061642362755,0.010810712529382214,0.009527053125374078,True,True,True,,0,0,True,True,local_support_plus_joint_95pct_likelihood_competition
dgi,separated_droplets,100,7,2.7918379273919998,0.0834202531161178,2.799987273455,0.08736061642362755,0.01037477518216646,0.008079128882798681,True,True,True,,0,0,True,True,local_support_plus_joint_95pct_likelihood_competition
dgi,separated_droplets,100,8,2.7941320862165,0.07244238660013519,2.799987273455,0.08736061642362755,0.010663865628626009,0.007923150247475478,True,True,True,,0,0,True,True,local_support_plus_joint_95pct_likelihood_competition
dgi,separated_droplets,100,9,2.799771962527,0.08926990658764813,2.799987273455,0.08736061642362755,0.01076992752360986,0.00895394354164018,True,True,True,,0,0,True,True,local_support_plus_joint_95pct_likelihood_competition
dgi,separated_droplets,100,10,2.80549414587,0.08135647069801677,2.799987273455,0.08736061642362755,0.01056291507930349,0.008362404778157457,True,True,True,,0,0,True,True,local_support_plus_joint_95pct_likelihood_competition
dgi,separated_droplets,100,11,2.792807374454,0.10504176038193641,2.799987273455,0.08736061642362755,0.010715153073390384,0.00933512088731501,True,True,True,,0,0,True,True,local_support_plus_joint_95pct_likelihood_competition
dgi,separated_droplets,100,12,2.8048123345515004,0.07826302981285464,2.799987273455,0.08736061642362755,0.010411376798204555,0.007694497162623561,True,True,True,,0,0,True,True,local_support_plus_joint_95pct_likelihood_competition
dgi,separated_droplets,100,13,2.8017434321229997,0.09435423511054766,2.799987273455,0.08736061642362755,0.010296795797593862,0.008612427738277731,True,True,True,,0,0,True,True,local_support_plus_joint_95pct_likelihood_competition
dgi,separated_droplets,100,14,2.8000973804105,0.09058664344107821,2.799987273455,0.08736061642362755,0.010421001185349553,0.008619874956186699,True,True,True,,0,0,True,True,local_support_plus_joint_95pct_likelihood_competition
dgi,separated_droplets,100,15,2.798219109767,0.09186885471919887,2.799987273455,0.08736061642362755,0.010337555876197179,0.0084331041974617,True,True,True,,0,0,True,True,local_support_plus_joint_95pct_likelihood_competition
dgi,separated_droplets,100,16,2.8053885091605,0.10367874339651283,2.799987273455,0.08736061642362755,0.010698327927178383,0.009462018514533784,True,True,True,,0,0,True,True,local_support_plus_joint_95pct_likelihood_competition
dgi,separated_droplets,100,17,2.805284731076,0.08204326051602664,2.799987273455,0.08736061642362755,0.010385863367160828,0.008118029351073744,True,True,True,,0,0,True,True,local_support_plus_joint_95pct_likelihood_competition
dgi,separated_droplets,100,18,2.788126054668,0.09755657718891618,2.799987273455,0.08736061642362755,0.010687524382769572,0.009073573126160394,True,True,True,,0,0,True,True,local_support_plus_joint_95pct_likelihood_competition
dgi,separated_droplets,100,19,2.799769213446,0.09424996047474785,2.799987273455,0.08736061642362755,0.010527813644187022,0.008709755580629214,True,True,True,,0,0,True,True,local_support_plus_joint_95pct_likelihood_competition
dgi,separated_droplets,100,20,2.8029478263265,0.07706900379768253,2.799987273455,0.08736061642362755,0.010357102339452586,0.00797242383523258,True,True,True,,0,0,True,True,local_support_plus_joint_95pct_likelihood_competition
dgi,separated_droplets,100,21,2.8087475779010003,0.08413774279012154,2.799987273455,0.08736061642362755,0.010409579720259465,0.008042825986155328,True,True,True,,0,0,True,True,local_support_plus_joint_95pct_likelihood_competition
dgi,separated_droplets,100,22,2.815116748275,0.07756993132457157,2.799987273455,0.08736061642362755,0.010435301707116814,0.00796862513809096,True,True,True,,0,0,True,True,local_support_plus_joint_95pct_likelihood_competition
dgi,separated_droplets,100,23,2.821385452876,0.08761081449164757,2.799987273455,0.08736061642362755,0.010507866975632798,0.008460864978347464,True,True,True,,0,0,True,True,local_support_plus_joint_95pct_likelihood_competition
dgi,separated_droplets,100,24,2.7928884348395,0.0948576776711531,2.799987273455,0.08736061642362755,0.01070309580085508,0.008882735810780265,True,True,True,,0,0,True,True,local_support_plus_joint_95pct_likelihood_competition
dgi,separated_droplets,100,25,2.8128059356244997,0.07226587775923056,2.799987273455,0.08736061642362755,0.010374928459479025,0.007283175486635889,True,True,True,,0,0,True,True,local_support_plus_joint_95pct_likelihood_competition
dgi,separated_droplets,100,26,2.8184593820429997,0.09026862667411362,2.799987273455,0.08736061642362755,0.01065093241210114,0.008987660426103732,True,True,True,,0,0,True,True,local_support_plus_joint_95pct_likelihood_competition
dgi,separated_droplets,100,27,2.799073617834,0.08988472227139459,2.799987273455,0.08736061642362755,0.01050204647954739,0.008582984014651074,True,True,True,,0,0,True,True,local_support_plus_joint_95pct_likelihood_competition
dgi,separated_droplets,100,28,2.8182403400715,0.08152570049603089,2.799987273455,0.08736061642362755,0.010636277399470075,0.008330378018043006,True,True,True,,0,0,True,True,local_support_plus_joint_95pct_likelihood_competition
dgi,separated_droplets,100,29,2.8053131504725,0.09203336293300074,2.799987273455,0.08736061642362755,0.010695032585235529,0.00888328259600023,True,True,True,,0,0,True,True,local_support_plus_joint_95pct_likelihood_competition
dgi,separated_droplets,100,30,2.7917038746165,0.09122143972472457,2.799987273455,0.08736061642362755,0.010482037212408275,0.008576657332387744,True,True,True,,0,0,True,True,local_support_plus_joint_95pct_likelihood_competition
dgi,separated_droplets,100,31,2.7943455007635,0.08489779444114373,2.799987273455,0.08736061642362755,0.010474626282001163,0.008313618736219868,True,True,True,,0,0,True,True,local_support_plus_joint_95pct_likelihood_competition
dgi,separated_droplets,100,32,2.790944002776,0.0946985908529854,2.799987273455,0.08736061642362755,0.010757295349662247,0.009074535737225735,True,True,True,,0,0,True,True,local_support_plus_joint_95pct_likelihood_competition
dgi,separated_droplets,100,33,2.7914682277965,0.07685526009557134,2.799987273455,0.08736061642362755,0.01068297271043395,0.008212472616084064,True,True,True,,0,0,True,True,local_support_plus_joint_95pct_likelihood_competition
dgi,separated_droplets,100,34,2.809067237137,0.07614852416683104,2.799987273455,0.08736061642362755,0.0103232155929966,0.007773846619386304,True,True,True,,0,0,True,True,local_support_plus_joint_95pct_likelihood_competition
dgi,separated_droplets,100,35,2.795632319743,0.0957007708376324,2.799987273455,0.08736061642362755,0.0105470379957518,0.008873653192918702,True,True,True,,0,0,True,True,local_support_plus_joint_95pct_likelihood_competition
dgi,separated_droplets,100,36,2.7845058663615,0.07949569836642545,2.799987273455,0.08736061642362755,0.010278557061079305,0.008050302277992699,True,True,True,,0,0,True,True,local_support_plus_joint_95pct_likelihood_competition
dgi,separated_droplets,100,37,2.8026922338710003,0.08427606917813141,2.799987273455,0.08736061642362755,0.010364057704066692,0.008195104445645914,True,True,True,,0,0,True,True,local_support_plus_joint_95pct_likelihood_competition
dgi,separated_droplets,100,38,2.7909520724925,0.08315804081951678,2.799987273455,0.08736061642362755,0.010088513238035302,0.00777627821456296,True,True,True,,0,0,True,True,local_support_plus_joint_95pct_likelihood_competition
dgi,separated_droplets,100,39,2.8157258886410004,0.08615471987376856,2.799987273455,0.08736061642362755,0.010935509956892468,0.008734550645595323,True,True,True,,0,0,True,True,local_support_plus_joint_95pct_likelihood_competition
dgi,separated_droplets,100,40,2.809599246395,0.08079468459244868,2.799987273455,0.08736061642362755,0.009905072110580091,0.007447550099175328,True,True,True,,0,0,True,True,local_support_plus_joint_95pct_likelihood_competition
dgi,separated_droplets,100,41,2.7851325486615,0.08958879064021139,2.799987273455,0.08736061642362755,0.010284942665723062,0.008408593154371908,True,True,True,,0,0,True,True,local_support_plus_joint_95pct_likelihood_competition
dgi,separated_droplets,100,42,2.78433812021,0.080236742692277,2.799987273455,0.08736061642362755,0.01042328400525256,0.0081563548165491,True,True,True,,0,0,True,True,local_support_plus_joint_95pct_likelihood_competition
dgi,separated_droplets,100,43,2.7954166487105,0.08407799150164424,2.799987273455,0.08736061642362755,0.010394528525317167,0.007867519690670647,True,True,True,,0,0,True,True,local_support_plus_joint_95pct_likelihood_competition
dgi,separated_droplets,100,44,2.7990888245105,0.0843202667975449,2.799987273455,0.08736061642362755,0.010735282533765678,0.008394264629607948,True,True,True,,0,0,True,True,local_support_plus_joint_95pct_likelihood_competition
dgi,separated_droplets,100,45,2.788524702549,0.07648147801102673,2.799987273455,0.08736061642362755,0.01036684180529939,0.00771178401647214,True,True,True,,0,0,True,True,local_support_plus_joint_95pct_likelihood_competition
dgi,separated_droplets,100,46,2.8077087389455,0.0898590984084375,2.799987273455,0.08736061642362755,0.010700907021138342,0.008926927026994897,True,True,True,,0,0,True,True,local_support_plus_joint_95pct_likelihood_competition
dgi,separated_droplets,100,47,2.7911186422455,0.09635454349346283,2.799987273455,0.08736061642362755,0.010613807889806079,0.008999988039493683,True,True,True,,0,0,True,True,local_support_plus_joint_95pct_likelihood_competition
dgi,separated_droplets,100,48,2.8008040173515,0.07914890319781753,2.799987273455,0.08736061642362755,0.010245712871355242,0.007810586933615669,True,True,True,,0,0,True,True,local_support_plus_joint_95pct_likelihood_competition
dgi,separated_droplets,100,49,2.803414668735,0.09245704509948277,2.799987273455,0.08736061642362755,0.010470574163387989,0.0086028765612795,True,True,True,,0,0,True,True,local_support_plus_joint_95pct_likelihood_competition
dgi,separated_droplets,100,50,2.8114902616365,0.08579326984824606,2.799987273455,0.08736061642362755,0.01072025272517949,0.008672839032172497,True,True,True,,0,0,True,True,local_support_plus_joint_95pct_likelihood_competition
dgi,separated_droplets,100,51,2.785569919398,0.09620713856490422,2.799987273455,0.08736061642362755,0.010384479162335822,0.00876806916378335,True,True,True,,0,0,True,True,local_support_plus_joint_95pct_likelihood_competition
dgi,separated_droplets,100,52,2.8074729055355,0.09539637913840228,2.799987273455,0.08736061642362755,0.010698662784093291,0.008996318903950714,True,True,True,,0,0,True,True,local_support_plus_joint_95pct_likelihood_competition
dgi,separated_droplets,100,53,2.7941044026745,0.0743187974009176,2.799987273455,0.08736061642362755,0.010389115344970265,0.007587990208935743,True,True,True,,0,0,True,True,local_support_plus_joint_95pct_likelihood_competition
dgi,separated_droplets,100,54,2.8023941097555003,0.09678199177170452,2.799987273455,0.08736061642362755,0.01082205750580258,0.009512328501830902,True,True,True,,0,0,True,True,local_support_plus_joint_95pct_likelihood_competition
dgi,separated_droplets,100,55,2.7973631700875,0.08528446150447888,2.799987273455,0.08736061642362755,0.010388475161735047,0.00802258485437497,True,True,True,,0,0,True,True,local_support_plus_joint_95pct_likelihood_competition
dgi,separated_droplets,100,56,2.7949422088539997,0.09242925279491146,2.799987273455,0.08736061642362755,0.010625325949619778,0.008943857495343597,True,True,True,,0,0,True,True,local_support_plus_joint_95pct_likelihood_competition
dgi,separated_droplets,100,57,2.8073791866895004,0.08054011805985004,2.799987273455,0.08736061642362755,0.010289949416431394,0.007846651104516437,True,True,True,,0,0,True,True,local_support_plus_joint_95pct_likelihood_competition
dgi,separated_droplets,100,58,2.7954508112425,0.09136335078787264,2.799987273455,0.08736061642362755,0.010708460606089184,0.008787030417686826,True,True,True,,0,0,True,True,local_support_plus_joint_95pct_likelihood_competition
dgi,separated_droplets,100,59,2.7961506374139997,0.08581060599312546,2.799987273455,0.08736061642362755,0.010033898760169167,0.007772388388576135,True,True,True,,0,0,True,True,local_support_plus_joint_95pct_likelihood_competition
dgi,separated_droplets,100,60,2.8100641845745002,0.09483792437985467,2.799987273455,0.08736061642362755,0.010780450347129513,0.008976732427188844,True,True,True,,0,0,True,True,local_support_plus_joint_95pct_likelihood_competition
dgi,separated_droplets,100,61,2.7975145441505003,0.08547431772875501,2.799987273455,0.08736061642362755,0.010406168965871519,0.008332472835752613,True,True,True,,0,0,True,True,local_support_plus_joint_95pct_likelihood_competition
dgi,separated_droplets,100,62,2.8007056706165,0.06689297686741989,2.799987273455,0.08736061642362755,0.010184521680536218,0.007080093417801834,True,True,True,,0,0,True,True,local_support_plus_joint_95pct_likelihood_competition
dgi,separated_droplets,100,63,2.7953910495615,0.08613990977050201,2.799987273455,0.08736061642362755,0.010455484215466505,0.008269980854286952,True,True,True,,0,0,True,True,local_support_plus_joint_95pct_likelihood_competition
dgi,connected_modulated,200,0,2.7423024679615002,0.6418554233052693,2.751540046488,0.6494770333465083,0.014304617034365098,0.017567328990721647,True,True,True,,0,0,True,True,local_support_plus_joint_95pct_likelihood_competition
dgi,connected_modulated,200,1,2.718924727749,0.6659286023990514,2.751540046488,0.6494770333465083,0.015219158550181914,0.01767191331405349,True,True,True,,0,0,True,True,local_support_plus_joint_95pct_likelihood_competition
dgi,connected_modulated,200,2,2.7753814237350003,0.615344808948606,2.751540046488,0.6494770333465083,0.013677908149677507,0.017798952217393752,True,True,True,,0,0,True,True,local_support_plus_joint_95pct_likelihood_competition
dgi,connected_modulated,200,3,2.7546100166085,0.6555795342843869,2.751540046488,0.6494770333465083,0.014689510514991112,0.017173176776969466,True,True,True,,0,0,True,True,local_support_plus_joint_95pct_likelihood_competition
dgi,connected_modulated,200,4,2.7495898076095,0.6675454726336674,2.751540046488,0.6494770333465083,0.015124932223976664,0.017172710976072453,True,True,True,,0,0,True,True,local_support_plus_joint_95pct_likelihood_competition
dgi,connected_modulated,200,5,2.772505522041,0.6391174073398794,2.751540046488,0.6494770333465083,0.014167709338650228,0.017335783676874283,True,True,True,,0,0,True,True,local_support_plus_joint_95pct_likelihood_competition
dgi,connected_modulated,200,6,2.7536261992725,0.6541742789182934,2.751540046488,0.6494770333465083,0.014156694217880274,0.01685460762008385,True,True,True,,0,0,True,True,local_support_plus_joint_95pct_likelihood_competition
dgi,connected_modulated,200,7,2.7326049872575,0.6266325399458723,2.751540046488,0.6494770333465083,0.014167729651108237,0.018252142361362054,True,True,True,,0,0,True,True,local_support_plus_joint_95pct_likelihood_competition
dgi,connected_modulated,200,8,2.7467715196215,0.6363525293844629,2.751540046488,0.6494770333465083,0.01462674399726962,0.018564416528764206,True,True,True,,0,0,True,True,local_support_plus_joint_95pct_likelihood_competition
dgi,connected_modulated,200,9,2.7718297367455,0.6465514030571848,2.751540046488,0.6494770333465083,0.014467006183076858,0.017515695705537442,True,True,True,,0,0,True,True,local_support_plus_joint_95pct_likelihood_competition
dgi,connected_modulated,200,10,2.7716492018235,0.6246617119690178,2.751540046488,0.6494770333465083,0.014075157495740226,0.017842116842525478,True,True,True,,0,0,True,True,local_support_plus_joint_95pct_likelihood_competition
dgi,connected_modulated,200,11,2.758929816484,0.6514539803430783,2.751540046488,0.6494770333465083,0.014442914528948924,0.017158788323738898,True,True,True,,0,0,True,True,local_support_plus_joint_95pct_likelihood_competition
dgi,connected_modulated,200,12,2.7647697945429996,0.6485100695123118,2.751540046488,0.6494770333465083,0.014472304384480918,0.017308934365861027,True,True,True,,0,0,True,True,local_support_plus_joint_95pct_likelihood_competition
dgi,connected_modulated,200,13,2.7394684357195,0.662083713094545,2.751540046488,0.6494770333465083,0.01509649221522545,0.017653128652363983,True,True,True,,0,0,True,True,local_support_plus_joint_95pct_likelihood_competition
dgi,connected_modulated,200,14,2.7385820474745,0.6419278624122268,2.751540046488,0.6494770333465083,0.014190590720445534,0.017219628602518123,True,True,True,,0,0,True,True,local_support_plus_joint_95pct_likelihood_competition
dgi,connected_modulated,200,15,2.7504623236905,0.6738592361327636,2.751540046488,0.6494770333465083,0.015388241282115526,0.01704855626109294,True,True,True,,0,0,True,True,local_support_plus_joint_95pct_likelihood_competition
dgi,connected_modulated,200,16,2.7417204066275,0.6666496673504092,2.751540046488,0.6494770333465083,0.014836901209023243,0.017223570680871443,True,True,True,,0,0,True,True,local_support_plus_joint_95pct_likelihood_competition
dgi,connected_modulated,200,17,2.734187894724,0.6477144835489401,2.751540046488,0.6494770333465083,0.014518713358653733,0.017799510629165852,True,True,True,,0,0,True,True,local_support_plus_joint_95pct_likelihood_competition
dgi,connected_modulated,200,18,2.731420692603,0.6641828443283904,2.751540046488,0.6494770333465083,0.015128264036002129,0.017552996370532523,True,True,True,,0,0,True,True,local_support_plus_joint_95pct_likelihood_competition
dgi,connected_modulated,200,19,2.7773021162525,0.654226343134934,2.751540046488,0.6494770333465083,0.014705634243431109,0.017224607391614348,True,True,True,,0,0,True,True,local_support_plus_joint_95pct_likelihood_competition
dgi,connected_modulated,200,20,2.761404613626,0.6482870352885616,2.751540046488,0.6494770333465083,0.014414639640099513,0.01737883016535911,True,True,True,,0,0,True,True,local_support_plus_joint_95pct_likelihood_competition
dgi,connected_modulated,200,21,2.74459154111,0.6475462934241163,2.751540046488,0.6494770333465083,0.01461319481280737,0.017766557409068278,True,True,True,,0,0,True,True,local_support_plus_joint_95pct_likelihood_competition
dgi,connected_modulated,200,22,2.7470350136035,0.6708936291939929,2.751540046488,0.6494770333465083,0.015179921036351747,0.017036948471140095,True,True,True,,0,0,True,True,local_support_plus_joint_95pct_likelihood_competition
dgi,connected_modulated,200,23,2.7481217210805,0.6659937226558225,2.751540046488,0.6494770333465083,0.01497682239243926,0.017091041605182346,True,True,True,,0,0,True,True,local_support_plus_joint_95pct_likelihood_competition
dgi,connected_modulated,200,24,2.7466747417075004,0.6471802230752055,2.751540046488,0.6494770333465083,0.014346093492862196,0.017205824219440738,True,True,True,,0,0,True,True,local_support_plus_joint_95pct_likelihood_competition
dgi,connected_modulated,200,25,2.7418396092095003,0.640370722701112,2.751540046488,0.6494770333465083,0.014706501673802714,0.018196374245429334,True,True,True,,0,0,True,True,local_support_plus_joint_95pct_likelihood_competition
dgi,connected_modulated,200,26,2.7465979629085,0.6646601936855352,2.751540046488,0.6494770333465083,0.015432317149617568,0.017892582765651564,True,True,True,,0,0,True,True,local_support_plus_joint_95pct_likelihood_competition
dgi,connected_modulated,200,27,2.7419859438514997,0.6559726178081555,2.751540046488,0.6494770333465083,0.014622488961104014,0.017520194756232982,True,True,True,,0,0,True,True,local_support_plus_joint_95pct_likelihood_competition
dgi,connected_modulated,200,28,2.7595004270075,0.6391384584584536,2.751540046488,0.6494770333465083,0.014193789761154579,0.017512723337662055,True,True,True,,0,0,True,True,local_support_plus_joint_95pct_likelihood_competition
dgi,connected_modulated,200,29,2.7438607319655004,0.6384607344024924,2.751540046488,0.6494770333465083,0.014180360563170673,0.017607372442181884,True,True,True,,0,0,True,True,local_support_plus_joint_95pct_likelihood_competition
dgi,connected_modulated,200,30,2.750886981796,0.6544619344452465,2.751540046488,0.6494770333465083,0.014851941011003796,0.017583090954385205,True,True,True,,0,0,True,True,local_support_plus_joint_95pct_likelihood_competition
dgi,connected_modulated,200,31,2.754434294584,0.6701410382570112,2.751540046488,0.6494770333465083,0.015210803410358902,0.017142808802672403,True,True,True,,0,0,True,True,local_support_plus_joint_95pct_likelihood_competition
dgi,connected_modulated,200,32,2.7682168990645,0.682457573120727,2.751540046488,0.6494770333465083,0.015712063143349452,0.01670315383161986,True,True,True,,0,0,True,True,local_support_plus_joint_95pct_likelihood_competition
dgi,connected_modulated,200,33,2.7687567692915,0.6536702969256811,2.751540046488,0.6494770333465083,0.014676589866132808,0.01720019745334895,True,True,True,,0,0,True,True,local_support_plus_joint_95pct_likelihood_competition
dgi,connected_modulated,200,34,2.7745594347265,0.6398952680155079,2.751540046488,0.6494770333465083,0.014101936511436196,0.017084726437214384,True,True,True,,0,0,True,True,local_support_plus_joint_95pct_likelihood_competition
dgi,connected_modulated,200,35,2.7491457168,0.6415689303552395,2.751540046488,0.6494770333465083,0.013836653467979406,0.017411296726357977,True,True,True,,0,0,True,True,local_support_plus_joint_95pct_likelihood_competition
dgi,connected_modulated,200,36,2.7471821966395,0.6633108282837799,2.751540046488,0.6494770333465083,0.014908039593079243,0.017264673604846598,True,True,True,,0,0,True,True,local_support_plus_joint_95pct_likelihood_competition
dgi,connected_modulated,200,37,2.7301288221545,0.6710285577239222,2.751540046488,0.6494770333465083,0.01497336438899486,0.01696603850575624,True,True,True,,0,0,True,True,local_support_plus_joint_95pct_likelihood_competition
dgi,connected_modulated,200,38,2.7401612501695,0.6762669444469065,2.751540046488,0.6494770333465083,0.015694558427678515,0.0176679407881336,True,True,True,,0,0,True,True,local_support_plus_joint_95pct_likelihood_competition
dgi,connected_modulated,200,39,2.745864985504,0.6442770553116379,2.751540046488,0.6494770333465083,0.014478538814081014,0.017861922908486077,True,True,True,,0,0,True,True,local_support_plus_joint_95pct_likelihood_competition
dgi,connected_modulated,200,40,2.7544424172559996,0.6529371744146883,2.751540046488,0.6494770333465083,0.014707667199710957,0.017589928858429724,True,True,True,,0,0,True,True,local_support_plus_joint_95pct_likelihood_competition
dgi,connected_modulated,200,41,2.7477204371505,0.6198823229961525,2.751540046488,0.6494770333465083,0.0135533041354678,0.017673061397750902,True,True,True,,0,0,True,True,local_support_plus_joint_95pct_likelihood_competition
dgi,connected_modulated,200,42,2.758042412949,0.6316003382565286,2.751540046488,0.6494770333465083,0.013517565499762714,0.017096511225272414,True,True,True,,0,0,True,True,local_support_plus_joint_95pct_likelihood_competition
dgi,connected_modulated,200,43,2.7478883190145,0.6603766565240526,2.751540046488,0.6494770333465083,0.014589994766840413,0.016933527558203095,True,True,True,,0,0,True,True,local_support_plus_joint_95pct_likelihood_competition
dgi,connected_modulated,200,44,2.7592848661645,0.6220244375228101,2.751540046488,0.6494770333465083,0.013454257565888975,0.017081436031478867,True,True,True,,0,0,True,True,local_support_plus_joint_95pct_likelihood_competition
dgi,connected_modulated,200,45,2.7573213045280003,0.6313035081281153,2.751540046488,0.6494770333465083,0.01383897665955782,0.0175713047046028,True,True,True,,0,0,True,True,local_support_plus_joint_95pct_likelihood_competition
dgi,connected_modulated,200,46,2.751007464721,0.6391268283297712,2.751540046488,0.6494770333465083,0.013942223826533135,0.017334391005406433,True,True,True,,0,0,True,True,local_support_plus_joint_95pct_likelihood_competition
dgi,connected_modulated,200,47,2.7423864882810003,0.6436568129953694,2.751540046488,0.6494770333465083,0.014332699037050305,0.017472126208312382,True,True,True,,0,0,True,True,local_support_plus_joint_95pct_likelihood_competition
dgi,connected_modulated,200,48,2.7469204279215003,0.6552163569792431,2.751540046488,0.6494770333465083,0.014923982154712974,0.017712504686448843,True,True,True,,0,0,True,True,local_support_plus_joint_95pct_likelihood_competition
dgi,connected_modulated,200,49,2.765113872413,0.6670931379312707,2.751540046488,0.6494770333465083,0.0150915745772438,0.017172604448828885,True,True,True,,0,0,True,True,local_support_plus_joint_95pct_likelihood_competition
dgi,connected_modulated,200,50,2.75646687948,0.6422787492899472,2.751540046488,0.6494770333465083,0.01412194007491606,0.01744075796608238,True,True,True,,0,0,True,True,local_support_plus_joint_95pct_likelihood_competition
dgi,connected_modulated,200,51,2.7562463729960003,0.6332956354684243,2.751540046488,0.6494770333465083,0.013566051398235308,0.01702564998827556,True,True,True,,0,0,True,True,local_support_plus_joint_95pct_likelihood_competition
dgi,connected_modulated,200,52,2.7474711691450002,0.6423848263188537,2.751540046488,0.6494770333465083,0.014507009550424771,0.017841300315793056,True,True,True,,0,0,True,True,local_support_plus_joint_95pct_likelihood_competition
dgi,connected_modulated,200,53,2.738035309056,0.6754726800215456,2.751540046488,0.6494770333465083,0.015783016214070755,0.017682450619562178,True,True,True,,0,0,True,True,local_support_plus_joint_95pct_likelihood_competition
dgi,connected_modulated,200,54,2.7706947167714997,0.6687211803428499,2.751540046488,0.6494770333465083,0.015080545349021292,0.017033468710545997,True,True,True,,0,0,True,True,local_support_plus_joint_95pct_likelihood_competition
dgi,connected_modulated,200,55,2.7647038241515,0.6163520826483638,2.751540046488,0.6494770333465083,0.013928932791821743,0.018101976787603263,True,True,True,,0,0,True,True,local_support_plus_joint_95pct_likelihood_competition
dgi,connected_modulated,200,56,2.754197039804,0.6184387109151103,2.751540046488,0.6494770333465083,0.01383250630476678,0.017801864158492057,True,True,True,,0,0,True,True,local_support_plus_joint_95pct_likelihood_competition
dgi,connected_modulated,200,57,2.7551562458155,0.6513909627783065,2.751540046488,0.6494770333465083,0.014650743165813038,0.01738289513952986,True,True,True,,0,0,True,True,local_support_plus_joint_95pct_likelihood_competition
dgi,connected_modulated,200,58,2.749559145636,0.658653051177787,2.751540046488,0.6494770333465083,0.014802685202558048,0.017346518557760125,True,True,True,,0,0,True,True,local_support_plus_joint_95pct_likelihood_competition
dgi,connected_modulated,200,59,2.7719909511825,0.6198587753657168,2.751540046488,0.6494770333465083,0.013716396277544077,0.01740962221611484,True,True,True,,0,0,True,True,local_support_plus_joint_95pct_likelihood_competition
dgi,connected_modulated,200,60,2.7561628969595002,0.6550248823423305,2.751540046488,0.6494770333465083,0.01437050339406545,0.017108619757329344,True,True,True,,0,0,True,True,local_support_plus_joint_95pct_likelihood_competition
dgi,connected_modulated,200,61,2.7676669431720002,0.6208043384932951,2.751540046488,0.6494770333465083,0.013838145252524551,0.017617101041977598,True,True,True,,0,0,True,True,local_support_plus_joint_95pct_likelihood_competition
dgi,connected_modulated,200,62,2.7324815146,0.6642820696231171,2.751540046488,0.6494770333465083,0.014827658372427303,0.01716837151754342,True,True,True,,0,0,True,True,local_support_plus_joint_95pct_likelihood_competition
dgi,connected_modulated,200,63,2.75027559702,0.6559995805780622,2.751540046488,0.6494770333465083,0.014541062122440654,0.016907887326418302,True,True,True,,0,0,True,True,local_support_plus_joint_95pct_likelihood_competition
dgi,separated_droplets,200,0,2.812231363314,0.08370116332149079,2.799987273455,0.08736061642362755,0.00717664761553059,0.005625012974879149,True,True,True,,0,0,True,True,local_support_plus_joint_95pct_likelihood_competition
dgi,separated_droplets,200,1,2.8089299433575,0.08342988376586458,2.799987273455,0.08736061642362755,0.007405607491380704,0.005754002419442766,True,True,True,,0,0,True,True,local_support_plus_joint_95pct_likelihood_competition
dgi,separated_droplets,200,2,2.7925648550739997,0.09506381958505343,2.799987273455,0.08736061642362755,0.007493751539294733,0.006213808298731375,True,True,True,,0,0,True,True,local_support_plus_joint_95pct_likelihood_competition
dgi,separated_droplets,200,3,2.7982308077515,0.09209431466209451,2.799987273455,0.08736061642362755,0.0072173283209472265,0.00604480854608794,False,True,True,0.5278468559772591,1,0,False,True,local_support_plus_joint_95pct_likelihood_competition
dgi,separated_droplets,200,4,2.8077044972455,0.0925910756775752,2.799987273455,0.08736061642362755,0.0073114471237182245,0.00592628702464795,True,True,True,,0,0,True,True,local_support_plus_joint_95pct_likelihood_competition
dgi,separated_droplets,200,5,2.7915507338005003,0.07954100258907482,2.799987273455,0.08736061642362755,0.0072518584307786835,0.005611789928720932,True,True,True,,0,0,True,True,local_support_plus_joint_95pct_likelihood_competition
dgi,separated_droplets,200,6,2.7997772998925,0.08439756530131921,2.799987273455,0.08736061642362755,0.00731125344977312,0.005790962976734954,True,True,True,,0,0,True,True,local_support_plus_joint_95pct_likelihood_competition
dgi,separated_droplets,200,7,2.7940003306615,0.09778617105587034,2.799987273455,0.08736061642362755,0.007381130202939424,0.006239244318345182,True,True,True,,0,0,True,True,local_support_plus_joint_95pct_likelihood_competition
dgi,separated_droplets,200,8,2.8029500940395,0.08569745581672902,2.799987273455,0.08736061642362755,0.007295629558470736,0.005871240426381571,True,True,True,,0,0,True,True,local_support_plus_joint_95pct_likelihood_competition
dgi,separated_droplets,200,9,2.7922330970535,0.09412796198531392,2.799987273455,0.08736061642362755,0.007440153727143737,0.006208644216732381,True,True,True,,0,0,True,True,local_support_plus_joint_95pct_likelihood_competition
dgi,separated_droplets,200,10,2.795834845968,0.0898756235477296,2.799987273455,0.08736061642362755,0.007316767322797003,0.005948559258667904,True,True,True,,0,0,True,True,local_support_plus_joint_95pct_likelihood_competition
dgi,separated_droplets,200,11,2.787072415952,0.08330002961339625,2.799987273455,0.08736061642362755,0.007309017580814707,0.005688508974137431,True,True,True,,0,0,True,True,local_support_plus_joint_95pct_likelihood_competition
dgi,separated_droplets,200,12,2.819687036705,0.08402361433683034,2.799987273455,0.08736061642362755,0.0073922681132512205,0.005762305303817001,True,True,True,,0,0,True,True,local_support_plus_joint_95pct_likelihood_competition
dgi,separated_droplets,200,13,2.8017071715245,0.08589812137019578,2.799987273455,0.08736061642362755,0.007091605601738312,0.005612351786397955,True,True,True,,0,0,True,True,local_support_plus_joint_95pct_likelihood_competition
dgi,separated_droplets,200,14,2.7964053097969996,0.09035701498697316,2.799987273455,0.08736061642362755,0.007459053448514151,0.006086201547590071,True,True,True,,0,0,True,True,local_support_plus_joint_95pct_likelihood_competition
dgi,separated_droplets,200,15,2.8134564746345,0.08975556730466588,2.799987273455,0.08736061642362755,0.007368979156591899,0.006064929036542758,True,True,True,,0,0,True,True,local_support_plus_joint_95pct_likelihood_competition
dgi,separated_droplets,200,16,2.792839245468,0.08979803530177438,2.799987273455,0.08736061642362755,0.007417963269397354,0.006016297073592143,True,True,True,,0,0,True,True,local_support_plus_joint_95pct_likelihood_competition
dgi,separated_droplets,200,17,2.7860176654935,0.10093498821736088,2.799987273455,0.08736061642362755,0.007521187550997031,0.0066528262015579055,True,True,True,,0,0,True,True,local_support_plus_joint_95pct_likelihood_competition
dgi,separated_droplets,200,18,2.8044057922735,0.09847710322698999,2.799987273455,0.08736061642362755,0.007737159743626062,0.006690548527766088,True,True,True,,0,0,True,True,local_support_plus_joint_95pct_likelihood_competition
dgi,separated_droplets,200,19,2.801111646757,0.08374902518531196,2.799987273455,0.08736061642362755,0.0073931144181330595,0.0058060771191063305,True,True,True,,0,0,True,True,local_support_plus_joint_95pct_likelihood_competition
dgi,separated_droplets,200,20,2.79400741316,0.08499735360987914,2.799987273455,0.08736061642362755,0.007187630551143438,0.005732010334301246,True,True,True,,0,0,True,True,local_support_plus_joint_95pct_likelihood_competition
dgi,separated_droplets,200,21,2.7896499934529997,0.09462340863868267,2.799987273455,0.08736061642362755,0.0074918196917740055,0.006348777758888213,True,True,True,,0,0,True,True,local_support_plus_joint_95pct_likelihood_competition
dgi,separated_droplets,200,22,2.7851634189284997,0.08710376519215057,2.799987273455,0.08736061642362755,0.007222374433527201,0.005799932104688018,True,True,True,,0,0,True,True,local_support_plus_joint_95pct_likelihood_competition
dgi,separated_droplets,200,23,2.801510990533,0.0835498901590806,2.799987273455,0.08736061642362755,0.007177261822959053,0.0056624172445349725,True,True,True,,0,0,True,True,local_support_plus_joint_95pct_likelihood_competition
dgi,separated_droplets,200,24,2.8053781493785,0.09417098514291242,2.799987273455,0.08736061642362755,0.007422167778718991,0.0062200744567188545,True,True,True,,0,0,True,True,local_support_plus_joint_95pct_likelihood_competition
dgi,separated_droplets,200,25,2.8197377923265003,0.09058740451488356,2.799987273455,0.08736061642362755,0.00771701296496159,0.00625305679463049,True,True,True,,0,0,True,True,local_support_plus_joint_95pct_likelihood_competition
dgi,separated_droplets,200,26,2.8022098659520003,0.09103504428769368,2.799987273455,0.08736061642362755,0.007524278525600806,0.006147233453347479,True,True,True,,0,0,True,True,local_support_plus_joint_95pct_likelihood_competition
dgi,separated_droplets,200,27,2.8051715738964997,0.08752178773651095,2.799987273455,0.08736061642362755,0.007356240127736117,0.0058607831218721726,True,True,True,,0,0,True,True,local_support_plus_joint_95pct_likelihood_competition
dgi,separated_droplets,200,28,2.8037990066995,0.09293651010179349,2.799987273455,0.08736061642362755,0.007466503725977777,0.0061337472107758206,True,True,True,,0,0,True,True,local_support_plus_joint_95pct_likelihood_competition
dgi,separated_droplets,200,29,2.7994900340575,0.08855974544764883,2.799987273455,0.08736061642362755,0.007289665431204462,0.005906095694369742,True,True,True,,0,0,True,True,local_support_plus_joint_95pct_likelihood_competition
dgi,separated_droplets,200,30,2.803143486703,0.09655676850252295,2.799987273455,0.08736061642362755,0.007687612504659776,0.0065519901528115765,True,True,True,,0,0,True,True,local_support_plus_joint_95pct_likelihood_competition
dgi,separated_droplets,200,31,2.7864729878279997,0.08361879048577496,2.799987273455,0.08736061642362755,0.007348937187289881,0.0057862299934400676,True,True,True,,0,0,True,True,local_support_plus_joint_95pct_likelihood_competition
dgi,separated_droplets,200,32,2.7980284957299997,0.08346974378364497,2.799987273455,0.08736061642362755,0.007279617953974085,0.005629157535137105,True,True,True,,0,0,True,True,local_support_plus_joint_95pct_likelihood_competition
dgi,separated_droplets,200,33,2.795709123409,0.08553113098276556,2.799987273455,0.08736061642362755,0.007272893570029059,0.005803851388092976,True,True,True,,0,0,True,True,local_support_plus_joint_95pct_likelihood_competition
dgi,separated_droplets,200,34,2.7931184413235,0.08686216219239984,2.799987273455,0.08736061642362755,0.007270020995230157,0.005704248042939239,True,True,True,,0,0,True,True,local_support_plus_joint_95pct_likelihood_competition
dgi,separated_droplets,200,35,2.798969434391,0.08717543746921091,2.799987273455,0.08736061642362755,0.007305069929884529,0.005873852352208979,True,True,True,,0,0,True,True,local_support_plus_joint_95pct_likelihood_competition
dgi,separated_droplets,200,36,2.7986655392005,0.08282995292966672,2.799987273455,0.08736061642362755,0.007482507890631008,0.005869563008833047,True,True,True,,0,0,True,True,local_support_plus_joint_95pct_likelihood_competition
dgi,separated_droplets,200,37,2.7907206211285,0.09062347142737952,2.799987273455,0.08736061642362755,0.007352366474334238,0.006166913976935178,True,True,True,,0,0,True,True,local_support_plus_joint_95pct_likelihood_competition
dgi,separated_droplets,200,38,2.7899010833449998,0.08799378766062826,2.799987273455,0.08736061642362755,0.007432476416552359,0.006058206057010696,True,True,True,,0,0,True,True,local_support_plus_joint_95pct_likelihood_competition
dgi,separated_droplets,200,39,2.8010274880784998,0.08393010280917237,2.799987273455,0.08736061642362755,0.007422752313361522,0.005949583036525081,True,True,True,,0,0,True,True,local_support_plus_joint_95pct_likelihood_competition
dgi,separated_droplets,200,40,2.802454933599,0.09748899350034484,2.799987273455,0.08736061642362755,0.007484193251984253,0.0064129206136570695,True,True,True,,0,0,True,True,local_support_plus_joint_95pct_likelihood_competition
dgi,separated_droplets,200,41,2.805703327704,0.0903918108838207,2.799987273455,0.08736061642362755,0.007341604695897304,0.0060754591129143325,True,True,True,,0,0,True,True,local_support_plus_joint_95pct_likelihood_competition
dgi,separated_droplets,200,42,2.7910639382055002,0.08269303836089992,2.799987273455,0.08736061642362755,0.0072889932273672514,0.005811921246506387,True,True,True,,0,0,True,True,local_support_plus_joint_95pct_likelihood_competition
dgi,separated_droplets,200,43,2.8030584562080003,0.08698030195342185,2.799987273455,0.08736061642362755,0.007370964878255125,0.005907425293959551,True,True,True,,0,0,True,True,local_support_plus_joint_95pct_likelihood_competition
dgi,separated_droplets,200,44,2.8107016864289998,0.08211825743549873,2.799987273455,0.08736061642362755,0.007251032158113356,0.005660184169103175,True,True,True,,0,0,True,True,local_support_plus_joint_95pct_likelihood_competition
dgi,separated_droplets,200,45,2.8082346775885,0.0851283879530417,2.799987273455,0.08736061642362755,0.007361610900967192,0.005817896695641963,True,True,True,,0,0,True,True,local_support_plus_joint_95pct_likelihood_competition
dgi,separated_droplets,200,46,2.788675307066,0.07761893505952985,2.799987273455,0.08736061642362755,0.007304937819287664,0.005462075738524823,True,True,True,,0,0,True,True,local_support_plus_joint_95pct_likelihood_competition
dgi,separated_droplets,200,47,2.792056804526,0.08968034441083397,2.799987273455,0.08736061642362755,0.007392096770834229,0.006044377347851941,True,True,True,,0,0,True,True,local_support_plus_joint_95pct_likelihood_competition
dgi,separated_droplets,200,48,2.8101733008745002,0.09729800127558007,2.799987273455,0.08736061642362755,0.00742738984039784,0.006345749252942669,True,True,True,,0,0,True,True,local_support_plus_joint_95pct_likelihood_competition
dgi,separated_droplets,200,49,2.802926290707,0.08161572688090117,2.799987273455,0.08736061642362755,0.007304361072237318,0.005658552369630959,True,True,True,,0,0,True,True,local_support_plus_joint_95pct_likelihood_competition
dgi,separated_droplets,200,50,2.7915039469245,0.08866944210756253,2.799987273455,0.08736061642362755,0.007118773245005253,0.005684123817688547,True,True,True,,0,0,True,True,local_support_plus_joint_95pct_likelihood_competition
dgi,separated_droplets,200,51,2.789935281649,0.09156630255608444,2.799987273455,0.08736061642362755,0.007350285514136093,0.006079189428348024,True,True,True,,0,0,True,True,local_support_plus_joint_95pct_likelihood_competition
dgi,separated_droplets,200,52,2.8104028181365,0.08446100101558818,2.799987273455,0.08736061642362755,0.007347930965559839,0.0057954467016742214,True,True,True,,0,0,True,True,local_support_plus_joint_95pct_likelihood_competition
dgi,separated_droplets,200,53,2.7994963733085,0.08631017761015061,2.799987273455,0.08736061642362755,0.007393421116903802,0.0058235876633627144,True,True,True,,0,0,True,True,local_support_plus_joint_95pct_likelihood_competition
dgi,separated_droplets,200,54,2.7996105600625,0.08618954779865022,2.799987273455,0.08736061642362755,0.0073442218174837,0.005894287890020732,True,True,True,,0,0,True,True,local_support_plus_joint_95pct_likelihood_competition
dgi,separated_droplets,200,55,2.8068212051385,0.09578906373203888,2.799987273455,0.08736061642362755,0.007516530107828105,0.006268097870721223,True,True,True,,0,0,True,True,local_support_plus_joint_95pct_likelihood_competition
dgi,separated_droplets,200,56,2.8026730151745003,0.08261910539270029,2.799987273455,0.08736061642362755,0.0074547414049872885,0.0057700966110704735,True,True,True,,0,0,True,True,local_support_plus_joint_95pct_likelihood_competition
dgi,separated_droplets,200,57,2.80637503342,0.0912522100804519,2.799987273455,0.08736061642362755,0.0072298096791924065,0.005897275104254802,True,True,True,,0,0,True,True,local_support_plus_joint_95pct_likelihood_competition
dgi,separated_droplets,200,58,2.8049642894745,0.07911879479308238,2.799987273455,0.08736061642362755,0.007300561843498345,0.005588727315065232,True,True,True,,0,0,True,True,local_support_plus_joint_95pct_likelihood_competition
dgi,separated_droplets,200,59,2.7932970869365,0.08666680425573035,2.799987273455,0.08736061642362755,0.0071747239425412595,0.005798866755813293,True,True,True,,0,0,True,True,local_support_plus_joint_95pct_likelihood_competition
dgi,separated_droplets,200,60,2.7957486189615004,0.0818413582506641,2.799987273455,0.08736061642362755,0.007293671267263755,0.005732872572959652,True,True,True,,0,0,True,True,local_support_plus_joint_95pct_likelihood_competition
dgi,separated_droplets,200,61,2.8023246806279998,0.08631073211459823,2.799987273455,0.08736061642362755,0.007472561944940805,0.005993730260899547,True,True,True,,0,0,True,True,local_support_plus_joint_95pct_likelihood_competition
dgi,separated_droplets,200,62,2.802666469439,0.09009261378818434,2.799987273455,0.08736061642362755,0.007478926809738163,0.006086816411784226,True,True,True,,0,0,True,True,local_support_plus_joint_95pct_likelihood_competition
dgi,separated_droplets,200,63,2.802770281422,0.08653441835180059,2.799987273455,0.08736061642362755,0.007335005407703338,0.0058313881205924135,True,True,True,,0,0,True,True,local_support_plus_joint_95pct_likelihood_competition
dgi,connected_modulated,400,0,2.7552724361795002,0.6303352171035164,2.751540046488,0.6494770333465083,0.009874477842942266,0.012397473088715477,True,True,True,,0,0,True,True,local_support_plus_joint_95pct_likelihood_competition
dgi,connected_modulated,400,1,2.7556917017915,0.6568696861566596,2.751540046488,0.6494770333465083,0.010382333819270373,0.012075518951637889,True,True,True,,0,0,True,True,local_support_plus_joint_95pct_likelihood_competition
dgi,connected_modulated,400,2,2.7551463679825003,0.6484683209569171,2.751540046488,0.6494770333465083,0.010285192981803208,0.012323299719358447,True,True,True,,0,0,True,True,local_support_plus_joint_95pct_likelihood_competition
dgi,connected_modulated,400,3,2.7612933090264997,0.6541500436969199,2.751540046488,0.6494770333465083,0.010226560593607485,0.01199929775932908,True,True,True,,0,0,True,True,local_support_plus_joint_95pct_likelihood_competition
dgi,connected_modulated,400,4,2.7626661589195,0.6312901810232487,2.751540046488,0.6494770333465083,0.009787624087519714,0.012163011299527949,True,True,True,,0,0,True,True,local_support_plus_joint_95pct_likelihood_competition
dgi,connected_modulated,400,5,2.755669188753,0.6327338912004242,2.751540046488,0.6494770333465083,0.010020392717513479,0.012573454882613942,True,True,True,,0,0,True,True,local_support_plus_joint_95pct_likelihood_competition
dgi,connected_modulated,400,6,2.7422227206605,0.661812573792681,2.751540046488,0.6494770333465083,0.010444711750920327,0.012027511426818098,True,True,True,,0,0,True,True,local_support_plus_joint_95pct_likelihood_competition
dgi,connected_modulated,400,7,2.7510254506844998,0.6492612263476882,2.751540046488,0.6494770333465083,0.010201727572131064,0.01232190247339276,True,True,True,,0,0,True,True,local_support_plus_joint_95pct_likelihood_competition
dgi,connected_modulated,400,8,2.737355820006,0.6716899105152458,2.751540046488,0.6494770333465083,0.010835033374458144,0.012314752706729156,True,True,True,,0,0,True,True,local_support_plus_joint_95pct_likelihood_competition
dgi,connected_modulated,400,9,2.737065007164,0.6599988976277636,2.751540046488,0.6494770333465083,0.010604410977747452,0.012405797040747226,True,True,True,,0,0,True,True,local_support_plus_joint_95pct_likelihood_competition
dgi,connected_modulated,400,10,2.744940499882,0.6665250517392525,2.751540046488,0.6494770333465083,0.010699479172033212,0.012237375364322116,True,True,True,,0,0,True,True,local_support_plus_joint_95pct_likelihood_competition
dgi,connected_modulated,400,11,2.761770210838,0.6435452143744457,2.751540046488,0.6494770333465083,0.010202039298637725,0.012349809185453623,True,True,True,,0,0,True,True,local_support_plus_joint_95pct_likelihood_competition
dgi,connected_modulated,400,12,2.7534632789995,0.6503898178460711,2.751540046488,0.6494770333465083,0.010202451316920123,0.01211986924387845,True,True,True,,0,0,True,True,local_support_plus_joint_95pct_likelihood_competition
dgi,connected_modulated,400,13,2.745217803398,0.640822795590113,2.751540046488,0.6494770333465083,0.00988528535673092,0.01215634424158838,True,True,True,,0,0,True,True,local_support_plus_joint_95pct_likelihood_competition
dgi,connected_modulated,400,14,2.738772240011,0.6526892060170113,2.751540046488,0.6494770333465083,0.010382247998287734,0.012431207953900156,True,True,True,,0,0,True,True,local_support_plus_joint_95pct_likelihood_competition
dgi,connected_modulated,400,15,2.762182069961,0.6513358413488801,2.751540046488,0.6494770333465083,0.010205687029026352,0.012015688036639133,True,True,True,,0,0,True,True,local_support_plus_joint_95pct_likelihood_competition
dgi,connected_modulated,400,16,2.7423797849394997,0.6529656628756677,2.751540046488,0.6494770333465083,0.010349536097327305,0.012212951448511377,True,True,True,,0,0,True,True,local_support_plus_joint_95pct_likelihood_competition
dgi,connected_modulated,400,17,2.7478375833779998,0.6540326244645613,2.751540046488,0.6494770333465083,0.010180272571609982,0.012065288855301646,True,True,True,,0,0,True,True,local_support_plus_joint_95pct_likelihood_competition
dgi,connected_modulated,400,18,2.728860404768,0.6699224136099409,2.751540046488,0.6494770333465083,0.010564988841090838,0.0120943098594082,True,True,True,,0,0,True,True,local_support_plus_joint_95pct_likelihood_competition
dgi,connected_modulated,400,19,2.748112825684,0.6537860685826689,2.751540046488,0.6494770333465083,0.010288104451565968,0.012149738923381885,True,True,True,,0,0,True,True,local_support_plus_joint_95pct_likelihood_competition
dgi,connected_modulated,400,20,2.7572682222915,0.6408082675651021,2.751540046488,0.6494770333465083,0.010025636898621485,0.012213903172206119,True,True,True,,0,0,True,True,local_support_plus_joint_95pct_likelihood_competition
dgi,connected_modulated,400,21,2.775116755151,0.641999802292262,2.751540046488,0.6494770333465083,0.010050100327286234,0.012141462823271757,True,True,True,,0,0,True,True,local_support_plus_joint_95pct_likelihood_competition
dgi,connected_modulated,400,22,2.751732288825,0.6431840219658951,2.751540046488,0.6494770333465083,0.009922622058923471,0.011927655922389818,True,True,True,,0,0,True,True,local_support_plus_joint_95pct_likelihood_competition
dgi,connected_modulated,400,23,2.7514971321145003,0.6446985838817022,2.751540046488,0.6494770333465083,0.010400617075785447,0.012586740493231703,True,True,True,,0,0,True,True,local_support_plus_joint_95pct_likelihood_competition
dgi,connected_modulated,400,24,2.756601896029,0.639883094051253,2.751540046488,0.6494770333465083,0.010211013568491155,0.012524773650911605,True,True,True,,0,0,True,True,local_support_plus_joint_95pct_likelihood_competition
dgi,connected_modulated,400,25,2.7463874226915,0.6380144821061371,2.751540046488,0.6494770333465083,0.010076991862745199,0.012455357330651132,True,True,True,,0,0,True,True,local_support_plus_joint_95pct_likelihood_competition
dgi,connected_modulated,400,26,2.750240566786,0.6337719892783293,2.751540046488,0.6494770333465083,0.00983169330882041,0.012254117298695757,True,True,True,,0,0,True,True,local_support_plus_joint_95pct_likelihood_competition
dgi,connected_modulated,400,27,2.7552609049675,0.6551864237066399,2.751540046488,0.6494770333465083,0.010189259486543738,0.011763950786776783,True,True,True,,0,0,True,True,local_support_plus_joint_95pct_likelihood_competition
dgi,connected_modulated,400,28,2.7511296812765,0.648693456784472,2.751540046488,0.6494770333465083,0.01012149710634641,0.01215579707119451,True,True,True,,0,0,True,True,local_support_plus_joint_95pct_likelihood_competition
dgi,connected_modulated,400,29,2.7497044076765,0.6404882672735668,2.751540046488,0.6494770333465083,0.010144328727860561,0.01251398030099192,True,True,True,,0,0,True,True,local_support_plus_joint_95pct_likelihood_competition
dgi,connected_modulated,400,30,2.755342122448,0.6405648368575638,2.751540046488,0.6494770333465083,0.01011067933277204,0.012363342325508819,True,True,True,,0,0,True,True,local_support_plus_joint_95pct_likelihood_competition
dgi,connected_modulated,400,31,2.748200427138,0.6339873084609327,2.751540046488,0.6494770333465083,0.009969558247041986,0.01246467669810651,True,True,True,,0,0,True,True,local_support_plus_joint_95pct_likelihood_competition
dgi,connected_modulated,400,32,2.7534797971,0.6489069227300183,2.751540046488,0.6494770333465083,0.0101176541844934,0.012030583980323428,True,True,True,,0,0,True,True,local_support_plus_joint_95pct_likelihood_competition
dgi,connected_modulated,400,33,2.762642514387,0.6533469866438361,2.751540046488,0.6494770333465083,0.010174507232739062,0.012048433202226814,True,True,True,,0,0,True,True,local_support_plus_joint_95pct_likelihood_competition
dgi,connected_modulated,400,34,2.7573497637625,0.633198898876963,2.751540046488,0.6494770333465083,0.009775614571209375,0.012067266275721118,True,True,True,,0,0,True,True,local_support_plus_joint_95pct_likelihood_competition
dgi,connected_modulated,400,35,2.7636552176044997,0.6507234831533117,2.751540046488,0.6494770333465083,0.01021755443477949,0.01209608580485126,True,True,True,,0,0,True,True,local_support_plus_joint_95pct_likelihood_competition
dgi,connected_modulated,400,36,2.7407392154775003,0.6629918766565928,2.751540046488,0.6494770333465083,0.010613343416379917,0.012296522943832556,True,True,True,,0,0,True,True,local_support_plus_joint_95pct_likelihood_competition
dgi,connected_modulated,400,37,2.7349120718855,0.6422807123245783,2.751540046488,0.6494770333465083,0.010263221710982607,0.012647919743672468,True,True,True,,0,0,True,True,local_support_plus_joint_95pct_likelihood_competition
dgi,connected_modulated,400,38,2.7500712236264997,0.6464132164261974,2.751540046488,0.6494770333465083,0.01011238892435398,0.012229275849704246,True,True,True,,0,0,True,True,local_support_plus_joint_95pct_likelihood_competition
dgi,connected_modulated,400,39,2.752143124425,0.6367731957801335,2.751540046488,0.6494770333465083,0.00997845461342811,0.012371102507672623,True,True,True,,0,0,True,True,local_support_plus_joint_95pct_likelihood_competition
dgi,connected_modulated,400,40,2.7451962640580003,0.6536535833692337,2.751540046488,0.6494770333465083,0.010430726237602854,0.012408696718389125,True,True,True,,0,0,True,True,local_support_plus_joint_95pct_likelihood_competition
dgi,connected_modulated,400,41,2.739218071018,0.6421181196581061,2.751540046488,0.6494770333465083,0.010104732413287215,0.012445197691313515,True,True,True,,0,0,True,True,local_support_plus_joint_95pct_likelihood_competition
dgi,connected_modulated,400,42,2.7414477103649997,0.6479704333640134,2.751540046488,0.6494770333465083,0.010346966624382453,0.012601474224649774,True,True,True,,0,0,True,True,local_support_plus_joint_95pct_likelihood_competition
dgi,connected_modulated,400,43,2.748454344693,0.6440566241565184,2.751540046488,0.6494770333465083,0.010114886144408756,0.012166524137936802,True,True,True,,0,0,True,True,local_support_plus_joint_95pct_likelihood_competition
dgi,connected_modulated,400,44,2.7351316691985,0.6590039877659215,2.751540046488,0.6494770333465083,0.010408696638189259,0.012217544075935552,True,True,True,,0,0,True,True,local_support_plus_joint_95pct_likelihood_competition
dgi,connected_modulated,400,45,2.7534163062025,0.6454275362854964,2.751540046488,0.6494770333465083,0.010151671308341166,0.012131114181976162,True,True,True,,0,0,True,True,local_support_plus_joint_95pct_likelihood_competition
dgi,connected_modulated,400,46,2.7599585741085,0.6438932077472996,2.751540046488,0.6494770333465083,0.010058538180539553,0.01206177695040578,True,True,True,,0,0,True,True,local_support_plus_joint_95pct_likelihood_competition
dgi,connected_modulated,400,47,2.7397541841845,0.639913736037002,2.751540046488,0.6494770333465083,0.009794420337679811,0.012081443814381471,True,True,True,,0,0,True,True,local_support_plus_joint_95pct_likelihood_competition
dgi,connected_modulated,400,48,2.747867700702,0.6701657035880929,2.751540046488,0.6494770333465083,0.010550374174403979,0.011893127740921864,True,True,True,,0,0,True,True,local_support_plus_joint_95pct_likelihood_competition
dgi,connected_modulated,400,49,2.751308110314,0.6487200815724674,2.751540046488,0.6494770333465083,0.010220064285335288,0.012288095842940407,True,True,True,,0,0,True,True,local_support_plus_joint_95pct_likelihood_competition
dgi,connected_modulated,400,50,2.767415187413,0.6486411308583311,2.751540046488,0.6494770333465083,0.010328595937835023,0.012189218050463982,True,True,True,,0,0,True,True,local_support_plus_joint_95pct_likelihood_competition
dgi,connected_modulated,400,51,2.750308370548,0.6491055911431176,2.751540046488,0.6494770333465083,0.010217482484238885,0.01221733164721063,True,True,True,,0,0,True,True,local_support_plus_joint_95pct_likelihood_competition
dgi,connected_modulated,400,52,2.762642774923,0.6449289528651112,2.751540046488,0.6494770333465083,0.010204365497070895,0.012161685290090153,True,True,True,,0,0,True,True,local_support_plus_joint_95pct_likelihood_competition
dgi,connected_modulated,400,53,2.7520061813375003,0.6488651344009304,2.751540046488,0.6494770333465083,0.010260336895166615,0.012260109888784796,True,True,True,,0,0,True,True,local_support_plus_joint_95pct_likelihood_competition
dgi,connected_modulated,400,54,2.7582608714745,0.6330108114128885,2.751540046488,0.6494770333465083,0.010037589892485007,0.01255837370898606,True,True,True,,0,0,True,True,local_support_plus_joint_95pct_likelihood_competition
dgi,connected_modulated,400,55,2.754620476971,0.6413466935340583,2.751540046488,0.6494770333465083,0.0097061129708292,0.01198547244266714,True,True,True,,0,0,True,True,local_support_plus_joint_95pct_likelihood_competition
dgi,connected_modulated,400,56,2.738613044171,0.6414628400899349,2.751540046488,0.6494770333465083,0.009731755690225366,0.012030143234234044,True,True,True,,0,0,True,True,local_support_plus_joint_95pct_likelihood_competition
dgi,connected_modulated,400,57,2.7600811563235,0.6633010393675138,2.751540046488,0.6494770333465083,0.010535546172485482,0.012123337580816893,True,True,True,,0,0,True,True,local_support_plus_joint_95pct_likelihood_competition
dgi,connected_modulated,400,58,2.749470802286,0.6485275682773116,2.751540046488,0.6494770333465083,0.010214906474231613,0.012351809098638988,True,True,True,,0,0,True,True,local_support_plus_joint_95pct_likelihood_competition
dgi,connected_modulated,400,59,2.743528347893,0.6661034463651851,2.751540046488,0.6494770333465083,0.010674669028528731,0.012174002734905284,True,True,True,,0,0,True,True,local_support_plus_joint_95pct_likelihood_competition
dgi,connected_modulated,400,60,2.7387948319905,0.6615566493142603,2.751540046488,0.6494770333465083,0.010601788716704919,0.012375305710196608,True,True,True,,0,0,True,True,local_support_plus_joint_95pct_likelihood_competition
dgi,connected_modulated,400,61,2.758523342969,0.6379932797795976,2.751540046488,0.6494770333465083,0.01000048806892578,0.01232217447530734,True,True,True,,0,0,True,True,local_support_plus_joint_95pct_likelihood_competition
dgi,connected_modulated,400,62,2.7490559044214997,0.6238003841565793,2.751540046488,0.6494770333465083,0.009615615219260916,0.012234624788636123,True,True,True,,0,0,True,True,local_support_plus_joint_95pct_likelihood_competition
dgi,connected_modulated,400,63,2.751312859413,0.6697856589856352,2.751540046488,0.6494770333465083,0.01048698174794234,0.011724956174679144,True,True,True,,0,0,True,True,local_support_plus_joint_95pct_likelihood_competition
dgi,separated_droplets,400,0,2.8064856775114997,0.07996020758111308,2.799987273455,0.08736061642362755,0.005148432952583616,0.003947531808600339,True,True,True,,0,0,True,True,local_support_plus_joint_95pct_likelihood_competition
dgi,separated_droplets,400,1,2.8015257154775,0.09176813782220467,2.799987273455,0.08736061642362755,0.005229057129354484,0.004311387336617366,True,True,True,,0,0,True,True,local_support_plus_joint_95pct_likelihood_competition
dgi,separated_droplets,400,2,2.7999029358770002,0.0863186209483627,2.799987273455,0.08736061642362755,0.005188710125367369,0.00414958290124973,True,True,True,,0,0,True,True,local_support_plus_joint_95pct_likelihood_competition
dgi,separated_droplets,400,3,2.7948706577194997,0.09106342231858128,2.799987273455,0.08736061642362755,0.005230639799097722,0.004317868415172599,True,True,True,,0,0,True,True,local_support_plus_joint_95pct_likelihood_competition
dgi,separated_droplets,400,4,2.7980553489005002,0.08134318958866107,2.799987273455,0.08736061642362755,0.004995774224304831,0.003891275267637305,True,True,True,,0,0,True,True,local_support_plus_joint_95pct_likelihood_competition
dgi,separated_droplets,400,5,2.8082380093995,0.0849704939453593,2.799987273455,0.08736061642362755,0.005140963571491884,0.0040820434150000305,True,True,True,,0,0,True,True,local_support_plus_joint_95pct_likelihood_competition
dgi,separated_droplets,400,6,2.8097916102065,0.09125761606202751,2.799987273455,0.08736061642362755,0.005214747904160347,0.004321822249699405,True,True,True,,0,0,True,True,local_support_plus_joint_95pct_likelihood_competition
dgi,separated_droplets,400,7,2.798654737352,0.08829564879930671,2.799987273455,0.08736061642362755,0.005118173118307382,0.0041421231157251475,True,True,True,,0,0,True,True,local_support_plus_joint_95pct_likelihood_competition
dgi,separated_droplets,400,8,2.7947707029839997,0.07774924847591931,2.799987273455,0.08736061642362755,0.005116589462969681,0.0038318558729328283,True,True,True,,0,0,True,True,local_support_plus_joint_95pct_likelihood_competition
dgi,separated_droplets,400,9,2.8006850345315,0.08185010455860131,2.799987273455,0.08736061642362755,0.005109449140813492,0.004012644574580759,True,True,True,,0,0,True,True,local_support_plus_joint_95pct_likelihood_competition
dgi,separated_droplets,400,10,2.7967174584405,0.07936965351032178,2.799987273455,0.08736061642362755,0.004993448112239282,0.003734462661259695,True,True,True,,0,0,True,True,local_support_plus_joint_95pct_likelihood_competition
dgi,separated_droplets,400,11,2.8046008601784997,0.08640632032899091,2.799987273455,0.08736061642362755,0.005173655045393855,0.004132582908579228,True,True,True,,0,0,True,True,local_support_plus_joint_95pct_likelihood_competition
dgi,separated_droplets,400,12,2.8030606602595,0.09210208318173672,2.799987273455,0.08736061642362755,0.005260776738314628,0.00435692081813746,True,True,True,,0,0,True,True,local_support_plus_joint_95pct_likelihood_competition
dgi,separated_droplets,400,13,2.798103471997,0.089468584117596,2.799987273455,0.08736061642362755,0.005198845242212623,0.004285207315929354,True,True,True,,0,0,True,True,local_support_plus_joint_95pct_likelihood_competition
dgi,separated_droplets,400,14,2.7984523698435,0.08982560202001803,2.799987273455,0.08736061642362755,0.005170299728420503,0.004231128987324039,True,True,True,,0,0,True,True,local_support_plus_joint_95pct_likelihood_competition
dgi,separated_droplets,400,15,2.796717717291,0.08828565137928518,2.799987273455,0.08736061642362755,0.005171488504391711,0.00419012042345858,True,True,True,,0,0,True,True,local_support_plus_joint_95pct_likelihood_competition
dgi,separated_droplets,400,16,2.795453318649,0.08996713574288659,2.799987273455,0.08736061642362755,0.005160869230376486,0.00425031951481694,True,True,True,,0,0,True,True,local_support_plus_joint_95pct_likelihood_competition
dgi,separated_droplets,400,17,2.807682145695,0.09213593996487993,2.799987273455,0.08736061642362755,0.00516579634989497,0.004245393362922753,True,True,True,,0,0,True,True,local_support_plus_joint_95pct_likelihood_competition
dgi,separated_droplets,400,18,2.793516142814,0.09521346473688877,2.799987273455,0.08736061642362755,0.005316314351701027,0.0045294734370727,True,True,True,,0,0,True,True,local_support_plus_joint_95pct_likelihood_competition
dgi,separated_droplets,400,19,2.8015295133265,0.0843822188970087,2.799987273455,0.08736061642362755,0.005126824364472725,0.004023397618829331,True,True,True,,0,0,True,True,local_support_plus_joint_95pct_likelihood_competition
dgi,separated_droplets,400,20,2.797607478812,0.08983158475022279,2.799987273455,0.08736061642362755,0.005304170093622684,0.0043939302352373555,True,True,True,,0,0,True,True,local_support_plus_joint_95pct_likelihood_competition
dgi,separated_droplets,400,21,2.8010869484155,0.08118900570398008,2.799987273455,0.08736061642362755,0.005054758520644342,0.0038418822346721823,True,True,True,,0,0,True,True,local_support_plus_joint_95pct_likelihood_competition
dgi,separated_droplets,400,22,2.803199843409,0.08138279886290302,2.799987273455,0.08736061642362755,0.005114788749368418,0.003958320151548948,True,True,True,,0,0,True,True,local_support_plus_joint_95pct_likelihood_competition
dgi,separated_droplets,400,23,2.7994015429775,0.0856020331242959,2.799987273455,0.08736061642362755,0.00522589442359816,0.004145937138322312,True,True,True,,0,0,True,True,local_support_plus_joint_95pct_likelihood_competition
dgi,separated_droplets,400,24,2.7984308878085002,0.09159589883299478,2.799987273455,0.08736061642362755,0.005163611396977746,0.004250086143172843,True,True,True,,0,0,True,True,local_support_plus_joint_95pct_likelihood_competition
dgi,separated_droplets,400,25,2.8039805346755,0.0882390593592341,2.799987273455,0.08736061642362755,0.005111739168043166,0.00411922220009655,True,True,True,,0,0,True,True,local_support_plus_joint_95pct_likelihood_competition
dgi,separated_droplets,400,26,2.7986813341185,0.09414704738295489,2.799987273455,0.08736061642362755,0.005232255379915544,0.004389837783278654,True,True,True,,0,0,True,True,local_support_plus_joint_95pct_likelihood_competition
dgi,separated_droplets,400,27,2.797724755968,0.08596550776849729,2.799987273455,0.08736061642362755,0.005164044880819729,0.004065905018308646,True,True,True,,0,0,True,True,local_support_plus_joint_95pct_likelihood_competition
dgi,separated_droplets,400,28,2.798526989629,0.09348004963560685,2.799987273455,0.08736061642362755,0.005211461846005524,0.0043760831266153235,True,True,True,,0,0,True,True,local_support_plus_joint_95pct_likelihood_competition
dgi,separated_droplets,400,29,2.801589459163,0.08937855100947759,2.799987273455,0.08736061642362755,0.005167131675790408,0.0042243706951633425,True,True,True,,0,0,True,True,local_support_plus_joint_95pct_likelihood_competition
dgi,separated_droplets,400,30,2.789721447731,0.08669072889845904,2.799987273455,0.08736061642362755,0.005129022367388423,0.004126893025706221,True,True,True,,0,0,True,True,local_support_plus_joint_95pct_likelihood_competition
dgi,separated_droplets,400,31,2.8034368311455,0.08771956348646652,2.799987273455,0.08736061642362755,0.0051279031982948845,0.0041391617816688734,True,True,True,,0,0,True,True,local_support_plus_joint_95pct_likelihood_competition
dgi,separated_droplets,400,32,2.8008816626965,0.07972329311183618,2.799987273455,0.08736061642362755,0.005172357860294175,0.003972262269834938,True,True,True,,0,0,True,True,local_support_plus_joint_95pct_likelihood_competition
dgi,separated_droplets,400,33,2.8035616396789997,0.08767889217395408,2.799987273455,0.08736061642362755,0.005138551021777022,0.004112105183636538,True,True,True,,0,0,True,True,local_support_plus_joint_95pct_likelihood_competition
dgi,separated_droplets,400,34,2.7958220533620004,0.08800567233092502,2.799987273455,0.08736061642362755,0.0051583449868894205,0.004155605637163862,True,True,True,,0,0,True,True,local_support_plus_joint_95pct_likelihood_competition
dgi,separated_droplets,400,35,2.8032128987235003,0.08241460023447447,2.799987273455,0.08736061642362755,0.005093945336919492,0.0039706474002153625,True,True,True,,0,0,True,True,local_support_plus_joint_95pct_likelihood_competition
dgi,separated_droplets,400,36,2.8054696932135004,0.09159150172135203,2.799987273455,0.08736061642362755,0.005236993606528629,0.004343395686396542,True,True,True,,0,0,True,True,local_support_plus_joint_95pct_likelihood_competition
dgi,separated_droplets,400,37,2.7945167369285002,0.08793691204270572,2.799987273455,0.08736061642362755,0.0052460294603370785,0.004169378886072022,True,True,True,,0,0,True,True,local_support_plus_joint_95pct_likelihood_competition
dgi,separated_droplets,400,38,2.795924291803,0.08566443476108368,2.799987273455,0.08736061642362755,0.005167392031220851,0.004114978636842769,True,True,True,,0,0,True,True,local_support_plus_joint_95pct_likelihood_competition
dgi,separated_droplets,400,39,2.8049326965235,0.07936664795000847,2.799987273455,0.08736061642362755,0.005112911655714935,0.003910426919446294,True,True,True,,0,0,True,True,local_support_plus_joint_95pct_likelihood_competition
dgi,separated_droplets,400,40,2.8048898027435003,0.09315792165733192,2.799987273455,0.08736061642362755,0.005104322128479608,0.004130154494620296,True,True,True,,0,0,True,True,local_support_plus_joint_95pct_likelihood_competition
dgi,separated_droplets,400,41,2.798492369853,0.085641253919331,2.799987273455,0.08736061642362755,0.005077572488372274,0.004020665246706439,True,True,True,,0,0,True,True,local_support_plus_joint_95pct_likelihood_competition
dgi,separated_droplets,400,42,2.7972626211165004,0.09309526062006598,2.799987273455,0.08736061642362755,0.0051771699873524885,0.004259847588614317,True,True,True,,0,0,True,True,local_support_plus_joint_95pct_likelihood_competition
dgi,separated_droplets,400,43,2.809551864578,0.08560042204347075,2.799987273455,0.08736061642362755,0.005206007769273947,0.004119425801091835,True,True,True,,0,0,True,True,local_support_plus_joint_95pct_likelihood_competition
dgi,separated_droplets,400,44,2.798441230861,0.08563931568624752,2.799987273455,0.08736061642362755,0.005176701051416418,0.004115978814984716,True,True,True,,0,0,True,True,local_support_plus_joint_95pct_likelihood_competition
dgi,separated_droplets,400,45,2.807940188422,0.09181505555369121,2.799987273455,0.08736061642362755,0.0051741478861923006,0.004287504560056942,True,True,True,,0,0,True,True,local_support_plus_joint_95pct_likelihood_competition
dgi,separated_droplets,400,46,2.8013116838455,0.09017601748451119,2.799987273455,0.08736061642362755,0.005203026807501321,0.004291328269802639,True,True,True,,0,0,True,True,local_support_plus_joint_95pct_likelihood_competition
dgi,separated_droplets,400,47,2.7921791345265,0.08438470012080757,2.799987273455,0.08736061642362755,0.005184802545858054,0.0040764382579388,True,True,True,,0,0,True,True,local_support_plus_joint_95pct_likelihood_competition
dgi,separated_droplets,400,48,2.809467386842,0.0864405669122422,2.799987273455,0.08736061642362755,0.005199994305408101,0.004120110404818391,True,True,True,,0,0,True,True,local_support_plus_joint_95pct_likelihood_competition
dgi,separated_droplets,400,49,2.8048524901545,0.08283238805268049,2.799987273455,0.08736061642362755,0.005129949678858018,0.004042798061870368,True,True,True,,0,0,True,True,local_support_plus_joint_95pct_likelihood_competition
dgi,separated_droplets,400,50,2.7951846939219998,0.09065003360646726,2.799987273455,0.08736061642362755,0.005189269156764901,0.004204958731482727,True,True,True,,0,0,True,True,local_support_plus_joint_95pct_likelihood_competition
dgi,separated_droplets,400,51,2.7936847398585,0.09379985278901116,2.799987273455,0.08736061642362755,0.005217852739042681,0.004366497944490649,True,True,True,,0,0,True,True,local_support_plus_joint_95pct_likelihood_competition
dgi,separated_droplets,400,52,2.794258420641,0.09559187793050675,2.799987273455,0.08736061642362755,0.005298013746916042,0.004495669333814726,True,True,True,,0,0,True,True,local_support_plus_joint_95pct_likelihood_competition
dgi,separated_droplets,400,53,2.8001364759515,0.08656587169913789,2.799987273455,0.08736061642362755,0.005168396865093495,0.004122631439397821,True,True,True,,0,0,True,True,local_support_plus_joint_95pct_likelihood_competition
dgi,separated_droplets,400,54,2.8023662463020003,0.0868749327493143,2.799987273455,0.08736061642362755,0.005107120823775663,0.004122302585524528,True,True,True,,0,0,True,True,local_support_plus_joint_95pct_likelihood_competition
dgi,separated_droplets,400,55,2.801439193482,0.08518790916298791,2.799987273455,0.08736061642362755,0.0051149087549189325,0.004052042213452281,True,True,True,,0,0,True,True,local_support_plus_joint_95pct_likelihood_competition
dgi,separated_droplets,400,56,2.79815934455,0.09098638006800874,2.799987273455,0.08736061642362755,0.005173778656341733,0.004283844036864162,True,True,True,,0,0,True,True,local_support_plus_joint_95pct_likelihood_competition
dgi,separated_droplets,400,57,2.8070680913799997,0.0924127682862815,2.799987273455,0.08736061642362755,0.005182538560925195,0.004316418999001446,True,True,True,,0,0,True,True,local_support_plus_joint_95pct_likelihood_competition
dgi,separated_droplets,400,58,2.8016796589329998,0.09079226350419092,2.799987273455,0.08736061642362755,0.00522003685749074,0.004220878711539699,True,True,True,,0,0,True,True,local_support_plus_joint_95pct_likelihood_competition
dgi,separated_droplets,400,59,2.796167865913,0.09019276695519254,2.799987273455,0.08736061642362755,0.0051943359577268835,0.004242468631679132,True,True,True,,0,0,True,True,local_support_plus_joint_95pct_likelihood_competition
dgi,separated_droplets,400,60,2.7959730666100002,0.08483464701820848,2.799987273455,0.08736061642362755,0.005136028689038084,0.004119063870755949,True,True,True,,0,0,True,True,local_support_plus_joint_95pct_likelihood_competition
dgi,separated_droplets,400,61,2.798602934233,0.08935188727307555,2.799987273455,0.08736061642362755,0.005290766863334497,0.004321729288842446,True,True,True,,0,0,True,True,local_support_plus_joint_95pct_likelihood_competition
dgi,separated_droplets,400,62,2.803321388672,0.08615913569717135,2.799987273455,0.08736061642362755,0.005171633577624085,0.00416771678774674,True,True,True,,0,0,True,True,local_support_plus_joint_95pct_likelihood_competition
dgi,separated_droplets,400,63,2.8048246616685,0.08331056764905959,2.799987273455,0.08736061642362755,0.0051565663986543895,0.004061135085379086,True,True,True,,0,0,True,True,local_support_plus_joint_95pct_likelihood_competition
dpfi,connected_modulated,25,0,2.8045103096175,0.6258467040637289,2.751540046488,0.6494770333465083,0.05470643097021996,0.06117369994487585,True,True,True,,0,0,True,True,local_support_plus_joint_95pct_likelihood_competition
dpfi,connected_modulated,25,1,2.7591496902765,0.5398433671772305,2.751540046488,0.6494770333465083,0.0471611873236625,0.056364898917556715,True,True,True,,0,0,True,True,local_support_plus_joint_95pct_likelihood_competition
dpfi,connected_modulated,25,2,2.7230549172875,0.6929277940976158,2.751540046488,0.6494770333465083,0.06423439438743112,0.06363793187477045,True,True,True,,0,0,True,True,local_support_plus_joint_95pct_likelihood_competition
dpfi,connected_modulated,25,3,2.7358948108780003,0.6178022986917544,2.751540046488,0.6494770333465083,0.05279644309525617,0.06208026254711446,True,True,True,,0,0,True,True,local_support_plus_joint_95pct_likelihood_competition
dpfi,connected_modulated,25,4,2.709302026244,0.645532556309755,2.751540046488,0.6494770333465083,0.05625339636531007,0.06397728480635842,True,True,True,,0,0,True,True,local_support_plus_joint_95pct_likelihood_competition
dpfi,connected_modulated,25,5,2.5914845728299998,0.6872894261796316,2.751540046488,0.6494770333465083,0.06202041426310658,0.06658100832440889,True,True,True,,0,0,True,True,local_support_plus_joint_95pct_likelihood_competition
dpfi,connected_modulated,25,6,2.764784156927,0.6299276153468087,2.751540046488,0.6494770333465083,0.057150754275851715,0.0644459778150542,True,True,True,,0,0,True,True,local_support_plus_joint_95pct_likelihood_competition
dpfi,connected_modulated,25,7,2.7546792839625,0.6745604502384399,2.751540046488,0.6494770333465083,0.060975571171022896,0.06349379358706415,True,True,True,,0,0,True,True,local_support_plus_joint_95pct_likelihood_competition
dpfi,connected_modulated,25,8,2.6945124584635,0.6927707880998913,2.751540046488,0.6494770333465083,0.06691402008783473,0.06752703995437263,True,True,True,,0,0,True,True,local_support_plus_joint_95pct_likelihood_competition
dpfi,connected_modulated,25,9,2.7007983431585,0.6698032636077405,2.751540046488,0.6494770333465083,0.060642634344797185,0.06498765513169959,True,True,True,,0,0,True,True,local_support_plus_joint_95pct_likelihood_competition
dpfi,connected_modulated,25,10,2.693996806889,0.7477977357082262,2.751540046488,0.6494770333465083,0.08088457443304849,0.06526319568400131,True,True,True,,0,0,True,True,local_support_plus_joint_95pct_likelihood_competition
dpfi,connected_modulated,25,11,2.8230478866295003,0.6619416287602375,2.751540046488,0.6494770333465083,0.057607385148505885,0.061869027853082785,False,True,True,1.215536761605108,2,0,False,True,local_support_plus_joint_95pct_likelihood_competition
dpfi,connected_modulated,25,12,2.6431263692165,0.6246863652909314,2.751540046488,0.6494770333465083,0.0527606169865047,0.06277064068105148,True,True,True,,0,0,True,True,local_support_plus_joint_95pct_likelihood_competition
dpfi,connected_modulated,25,13,2.7778734066995,0.6340588182041463,2.751540046488,0.6494770333465083,0.05256710736071358,0.059790874528877276,True,True,True,,0,0,True,True,local_support_plus_joint_95pct_likelihood_competition
dpfi,connected_modulated,25,14,2.802539171965,0.6081949132890442,2.751540046488,0.6494770333465083,0.05283370742307438,0.060211800387250485,True,True,True,,0,0,True,True,local_support_plus_joint_95pct_likelihood_competition
dpfi,connected_modulated,25,15,2.6983705039585,0.6895548147848972,2.751540046488,0.6494770333465083,0.061094792344854855,0.0628701278186159,True,True,True,,0,0,True,True,local_support_plus_joint_95pct_likelihood_competition
dpfi,connected_modulated,25,16,2.7486334454245,0.6749965076896451,2.751540046488,0.6494770333465083,0.060519822978688506,0.06328536364554498,True,True,True,,0,0,True,True,local_support_plus_joint_95pct_likelihood_competition
dpfi,connected_modulated,25,17,2.7099958039720002,0.7172562381913472,2.751540046488,0.6494770333465083,0.07072017411537293,0.0649431636558835,True,True,True,,0,0,True,True,local_support_plus_joint_95pct_likelihood_competition
dpfi,connected_modulated,25,18,2.7481470371965,0.6828207573989789,2.751540046488,0.6494770333465083,0.06329006542745401,0.06470713866648525,True,True,True,,0,0,True,True,local_support_plus_joint_95pct_likelihood_competition
dpfi,connected_modulated,25,19,2.7926865453780003,0.5584796232886919,2.751540046488,0.6494770333465083,0.04841192127373361,0.05763241259742696,True,True,True,,0,0,True,True,local_support_plus_joint_95pct_likelihood_competition
dpfi,connected_modulated,25,20,2.675940187195,0.6419156494923841,2.751540046488,0.6494770333465083,0.056464383053916295,0.06503774410576896,True,True,True,,0,0,True,True,local_support_plus_joint_95pct_likelihood_competition
dpfi,connected_modulated,25,21,2.6990588133255002,0.6625525719319427,2.751540046488,0.6494770333465083,0.0586399802882396,0.06338003622765552,True,True,True,,0,0,True,True,local_support_plus_joint_95pct_likelihood_competition
dpfi,connected_modulated,25,22,2.733011557287,0.6588930466648721,2.751540046488,0.6494770333465083,0.05970586845516198,0.06494099105010928,True,True,True,,0,0,True,True,local_support_plus_joint_95pct_likelihood_competition
dpfi,connected_modulated,25,23,2.7689581750565,0.6091505705664655,2.751540046488,0.6494770333465083,0.05274474685650619,0.06230925142532579,True,True,True,,0,0,True,True,local_support_plus_joint_95pct_likelihood_competition
dpfi,connected_modulated,25,24,2.758888428068,0.7189282749612567,2.751540046488,0.6494770333465083,0.07128925645513824,0.06235568548980821,True,True,True,,0,0,True,True,local_support_plus_joint_95pct_likelihood_competition
dpfi,connected_modulated,25,25,2.7808174682265,0.6169075627399194,2.751540046488,0.6494770333465083,0.0523401420658912,0.059733774307004404,True,True,True,,0,0,True,True,local_support_plus_joint_95pct_likelihood_competition
dpfi,connected_modulated,25,26,2.742612474134,0.723416219073963,2.751540046488,0.6494770333465083,0.07427416855930076,0.0655311197261496,True,True,True,,0,0,True,True,local_support_plus_joint_95pct_likelihood_competition
dpfi,connected_modulated,25,27,2.6712337673305,0.7114711639682242,2.751540046488,0.6494770333465083,0.06740170646764776,0.0649382279789726,True,True,True,,0,0,True,True,local_support_plus_joint_95pct_likelihood_competition
dpfi,connected_modulated,25,28,2.799233628568,0.6468293457057201,2.751540046488,0.6494770333465083,0.05838435278383525,0.06219132901844358,True,True,True,,0,0,True,True,local_support_plus_joint_95pct_likelihood_competition
dpfi,connected_modulated,25,29,2.7100949865275,0.6658087188920654,2.751540046488,0.6494770333465083,0.060858226855645764,0.06527561624727908,True,True,True,,0,0,True,True,local_support_plus_joint_95pct_likelihood_competition
dpfi,connected_modulated,25,30,2.7471053097724996,0.7546768949406264,2.751540046488,0.6494770333465083,0.08591478339639143,0.0650498026672487,True,True,True,,0,0,True,True,local_support_plus_joint_95pct_likelihood_competition
dpfi,connected_modulated,25,31,2.7608172754730003,0.6816369901669724,2.751540046488,0.6494770333465083,0.06614501703946864,0.06668359905302627,True,True,True,,0,0,True,True,local_support_plus_joint_95pct_likelihood_competition
dpfi,connected_modulated,25,32,2.5860651797539997,0.7147086239945869,2.751540046488,0.6494770333465083,0.07123042304494084,0.06945688567379937,True,True,True,,0,0,True,True,local_support_plus_joint_95pct_likelihood_competition
dpfi,connected_modulated,25,33,2.7979989864715,0.6918724787728225,2.751540046488,0.6494770333465083,0.06676201518728285,0.0637569297843861,True,True,True,,0,0,True,True,local_support_plus_joint_95pct_likelihood_competition
dpfi,connected_modulated,25,34,2.7594510605764997,0.6423826047706394,2.751540046488,0.6494770333465083,0.057912862604267354,0.06385653210045907,True,True,True,,0,0,True,True,local_support_plus_joint_95pct_likelihood_competition
dpfi,connected_modulated,25,35,2.7199852029724996,0.5702727399926348,2.751540046488,0.6494770333465083,0.04903718853759818,0.06029195137991613,True,True,True,,0,0,True,True,local_support_plus_joint_95pct_likelihood_competition
dpfi,connected_modulated,25,36,2.688820163964,0.689978445066855,2.751540046488,0.6494770333465083,0.06307724762665516,0.06433984506558098,True,True,True,,0,0,True,True,local_support_plus_joint_95pct_likelihood_competition
dpfi,connected_modulated,25,37,2.7838312466475,0.6382050403172668,2.751540046488,0.6494770333465083,0.05587677368365739,0.06269191210025195,True,True,True,,0,0,True,True,local_support_plus_joint_95pct_likelihood_competition
dpfi,connected_modulated,25,38,2.714583453244,0.6394504682295137,2.751540046488,0.6494770333465083,0.0583147090584634,0.06605536252282958,True,True,True,,0,0,True,True,local_support_plus_joint_95pct_likelihood_competition
dpfi,connected_modulated,25,39,2.7420411437655,0.7574432067106829,2.751540046488,0.6494770333465083,0.08807428078031586,0.06592326883698849,True,True,True,,0,0,True,True,local_support_plus_joint_95pct_likelihood_competition
dpfi,connected_modulated,25,40,2.6744846669775,0.7668264885666458,2.751540046488,0.6494770333465083,0.08943521992190669,0.0650903826917055,True,True,True,,0,0,True,True,local_support_plus_joint_95pct_likelihood_competition
dpfi,connected_modulated,25,41,2.733579086228,0.6522788223201281,2.751540046488,0.6494770333465083,0.05840043247185162,0.06501723862773173,True,True,True,,0,0,True,True,local_support_plus_joint_95pct_likelihood_competition
dpfi,connected_modulated,25,42,2.6936586825855002,0.626884744706317,2.751540046488,0.6494770333465083,0.054962494245058856,0.06447454234620278,True,True,True,,0,0,True,True,local_support_plus_joint_95pct_likelihood_competition
dpfi,connected_modulated,25,43,2.739695581728,0.6746551516998193,2.751540046488,0.6494770333465083,0.06359894063962919,0.06667066100382328,True,True,True,,0,0,True,True,local_support_plus_joint_95pct_likelihood_competition
dpfi,connected_modulated,25,44,2.6811966947985,0.7200084215963423,2.751540046488,0.6494770333465083,0.0711301923446854,0.06586899048030662,True,True,True,,0,0,True,True,local_support_plus_joint_95pct_likelihood_competition
dpfi,connected_modulated,25,45,2.768425141394,0.7550025636951703,2.751540046488,0.6494770333465083,0.0858811309442202,0.06365446948994337,True,True,True,,0,0,True,True,local_support_plus_joint_95pct_likelihood_competition
dpfi,connected_modulated,25,46,2.749222355213,0.5495703211814793,2.751540046488,0.6494770333465083,0.04742726880707352,0.05722099830998746,True,True,True,,0,0,True,True,local_support_plus_joint_95pct_likelihood_competition
dpfi,connected_modulated,25,47,2.7620783285900004,0.6489268245437315,2.751540046488,0.6494770333465083,0.05965554074246722,0.06464429012592661,True,True,True,,0,0,True,True,local_support_plus_joint_95pct_likelihood_competition
dpfi,connected_modulated,25,48,2.67561261891,0.6930189761737702,2.751540046488,0.6494770333465083,0.06593964865202664,0.06733770575339078,True,True,True,,0,0,True,True,local_support_plus_joint_95pct_likelihood_competition
dpfi,connected_modulated,25,49,2.7434046982905,0.6623698332036896,2.751540046488,0.6494770333465083,0.061763655788986,0.0659063628824715,True,True,True,,0,0,True,True,local_support_plus_joint_95pct_likelihood_competition
dpfi,connected_modulated,25,50,2.8244386611375,0.6125498838712543,2.751540046488,0.6494770333465083,0.05282741402259254,0.06058759666049257,True,True,True,,0,0,True,True,local_support_plus_joint_95pct_likelihood_competition
dpfi,connected_modulated,25,51,2.7048621457240003,0.7118306388133048,2.751540046488,0.6494770333465083,0.0711539504578295,0.06660827270129142,True,True,True,,0,0,True,True,local_support_plus_joint_95pct_likelihood_competition
dpfi,connected_modulated,25,52,2.9190859863855003,0.5873749234401058,2.751540046488,0.6494770333465083,0.0513583889537728,0.05847631975834515,True,True,True,,0,0,True,True,local_support_plus_joint_95pct_likelihood_competition
dpfi,connected_modulated,25,53,2.700231568465,0.6020856577568999,2.751540046488,0.6494770333465083,0.05164921601483154,0.061717985245760325,True,True,True,,0,0,True,True,local_support_plus_joint_95pct_likelihood_competition
dpfi,connected_modulated,25,54,2.761491003813,0.6148125390498501,2.751540046488,0.6494770333465083,0.054387360252526586,0.06182409541909689,True,True,True,,0,0,True,True,local_support_plus_joint_95pct_likelihood_competition
dpfi,connected_modulated,25,55,2.732372014439,0.6214535140895292,2.751540046488,0.6494770333465083,0.05281625476984383,0.06064790941279617,True,True,True,,0,0,True,True,local_support_plus_joint_95pct_likelihood_competition
dpfi,connected_modulated,25,56,2.884393154571,0.6060045667989767,2.751540046488,0.6494770333465083,0.05352426227432748,0.057882173704809275,True,True,True,,0,0,True,True,local_support_plus_joint_95pct_likelihood_competition
dpfi,connected_modulated,25,57,2.8078827043940002,0.652988968128107,2.751540046488,0.6494770333465083,0.05779786391985678,0.06207011083682692,True,True,True,,0,0,True,True,local_support_plus_joint_95pct_likelihood_competition
dpfi,connected_modulated,25,58,2.7079126281850003,0.680754373795549,2.751540046488,0.6494770333465083,0.062113186871659246,0.06481666881600145,True,True,True,,0,0,True,True,local_support_plus_joint_95pct_likelihood_competition
dpfi,connected_modulated,25,59,2.673266123997,0.7343773597650982,2.751540046488,0.6494770333465083,0.07744295904279026,0.06693838328978545,True,True,True,,0,0,True,True,local_support_plus_joint_95pct_likelihood_competition
dpfi,connected_modulated,25,60,2.8025745584435002,0.5903610551508145,2.751540046488,0.6494770333465083,0.05206852748979595,0.05973450288338565,True,True,True,,0,0,True,True,local_support_plus_joint_95pct_likelihood_competition
dpfi,connected_modulated,25,61,2.601729917375,0.7724824067281038,2.751540046488,0.6494770333465083,0.08879127701025719,0.06432901590967324,True,True,True,,0,0,True,True,local_support_plus_joint_95pct_likelihood_competition
dpfi,connected_modulated,25,62,2.7644268404395,0.620574346350218,2.751540046488,0.6494770333465083,0.054167027542960135,0.061512623153544894,True,True,True,,0,0,True,True,local_support_plus_joint_95pct_likelihood_competition
dpfi,connected_modulated,25,63,2.7519612075369997,0.5549050068743209,2.751540046488,0.6494770333465083,0.04774817334777082,0.0583951821207353,True,True,True,,0,0,True,True,local_support_plus_joint_95pct_likelihood_competition
dpfi,separated_droplets,25,0,2.7634934388005004,0.06303806657630912,2.799987273455,0.08736061642362755,0.033389034024314306,0.013200478357921264,False,False,True,389.5946959197745,0,0,True,True,local_support_plus_joint_95pct_likelihood_competition
dpfi,separated_droplets,25,1,2.7853463225095,0.08454723370964784,2.799987273455,0.08736061642362755,0.03315366517462813,0.015473749553398008,True,True,True,,0,0,True,True,local_support_plus_joint_95pct_likelihood_competition
dpfi,separated_droplets,25,2,2.734077377936,0.06976977244788748,2.799987273455,0.08736061642362755,0.028728541745117946,0.010590308992766409,True,False,True,0.4204060246665904,0,4,True,False,local_support_plus_joint_95pct_likelihood_competition
dpfi,separated_droplets,25,3,2.7935840481795,0.10445229716687084,2.799987273455,0.08736061642362755,0.0340964291479346,0.017915334539461522,True,True,True,,0,0,True,True,local_support_plus_joint_95pct_likelihood_competition
dpfi,separated_droplets,25,4,2.8462604720874998,0.07745213859321179,2.799987273455,0.08736061642362755,0.03376203973775067,0.015269621942806446,True,True,True,,0,0,True,True,local_support_plus_joint_95pct_likelihood_competition
dpfi,separated_droplets,25,5,2.820771868729,0.10179152600614529,2.799987273455,0.08736061642362755,0.03300556000008875,0.017821364722802137,False,False,True,492.1587055539312,0,0,True,True,local_support_plus_joint_95pct_likelihood_competition
dpfi,separated_droplets,25,6,2.787736346701,0.07270930140710585,2.799987273455,0.08736061642362755,0.03302376183936286,0.014450646614482024,False,False,True,293.90801786289467,0,0,True,True,local_support_plus_joint_95pct_likelihood_competition
dpfi,separated_droplets,25,7,2.7708090219640003,0.06888905397281923,2.799987273455,0.08736061642362755,0.03286100622401346,0.014617981305667202,True,True,True,,0,0,True,True,local_support_plus_joint_95pct_likelihood_competition
dpfi,separated_droplets,25,8,2.8172655395605,0.06492139497143201,2.799987273455,0.08736061642362755,0.03309370792904185,0.013779649726981305,True,True,True,,0,0,True,True,local_support_plus_joint_95pct_likelihood_competition
dpfi,separated_droplets,25,9,2.803363966341,0.10026358997544789,2.799987273455,0.08736061642362755,0.03313332462973466,0.016552340413575336,False,False,True,358.4523917378674,0,0,True,True,local_support_plus_joint_95pct_likelihood_competition
dpfi,separated_droplets,25,10,2.8248710821475003,0.07383287216310708,2.799987273455,0.08736061642362755,0.03291991353377095,0.014240755260820337,False,False,True,496.2563850594215,0,0,True,True,local_support_plus_joint_95pct_likelihood_competition
dpfi,separated_droplets,25,11,2.807971318106,0.0995207429079126,2.799987273455,0.08736061642362755,0.03305190140094265,0.016639703633665136,False,False,True,342.46810491889846,0,0,True,True,local_support_plus_joint_95pct_likelihood_competition
dpfi,separated_droplets,25,12,2.784923663931,0.06868511198921631,2.799987273455,0.08736061642362755,0.03462991349051116,0.01519654115216071,False,False,True,530.0377751156238,0,0,True,True,local_support_plus_joint_95pct_likelihood_competition
dpfi,separated_droplets,25,13,2.79755884163,0.10119935444711636,2.799987273455,0.08736061642362755,0.03401865391169937,0.01740926974861661,True,True,True,,0,0,True,True,local_support_plus_joint_95pct_likelihood_competition
dpfi,separated_droplets,25,14,2.829808788771,0.06773206500044246,2.799987273455,0.08736061642362755,0.03307214286868152,0.01373299700354079,False,False,True,432.7182190876383,0,0,True,True,local_support_plus_joint_95pct_likelihood_competition
dpfi,separated_droplets,25,15,2.821263388992,0.11124632082197483,2.799987273455,0.08736061642362755,0.03387770840002746,0.018612858012998185,False,False,True,408.6085951831983,0,0,True,True,local_support_plus_joint_95pct_likelihood_competition
dpfi,separated_droplets,25,16,2.7068343122645,0.08488039774769518,2.799987273455,0.08736061642362755,0.03365019065628888,0.016007270303378382,True,True,True,,0,0,True,True,local_support_plus_joint_95pct_likelihood_competition
dpfi,separated_droplets,25,17,2.7959590012745,0.06062951007048,2.799987273455,0.08736061642362755,0.03250523211842621,0.013099136544932598,False,False,True,505.9805999246928,0,0,True,True,local_support_plus_joint_95pct_likelihood_competition
dpfi,separated_droplets,25,18,2.789485068365,0.07720115139952152,2.799987273455,0.08736061642362755,0.032330728209482344,0.014904549376940359,True,True,True,,0,0,True,True,local_support_plus_joint_95pct_likelihood_competition
dpfi,separated_droplets,25,19,2.782597268328,0.08760895612914543,2.799987273455,0.08736061642362755,0.03364774813728888,0.01625265734339399,False,False,True,439.213299075187,0,0,True,True,local_support_plus_joint_95pct_likelihood_competition
dpfi,separated_droplets,25,20,2.773488124771,0.1007625320488019,2.799987273455,0.08736061642362755,0.03320935848041382,0.016774616565799545,False,False,True,357.8307407605171,0,0,True,True,local_support_plus_joint_95pct_likelihood_competition
dpfi,separated_droplets,25,21,2.7990972159155003,0.10229672749468284,2.799987273455,0.08736061642362755,0.0340904074198179,0.017221862716337022,False,False,True,358.4206143917454,0,0,True,True,local_support_plus_joint_95pct_likelihood_competition
dpfi,separated_droplets,25,22,2.8478801594750003,0.1158779881493518,2.799987273455,0.08736061642362755,0.03323424890577736,0.01860158653058078,True,True,True,,0,0,True,True,local_support_plus_joint_95pct_likelihood_competition
dpfi,separated_droplets,25,23,2.77852128416,0.08112415708989651,2.799987273455,0.08736061642362755,0.03323833993638615,0.015036564181553018,True,True,True,,0,0,True,True,local_support_plus_joint_95pct_likelihood_competition
dpfi,separated_droplets,25,24,2.82764907872,0.09006604228326684,2.799987273455,0.08736061642362755,0.03242125150458313,0.016157686672337142,False,False,True,432.5099315349098,0,0,True,True,local_support_plus_joint_95pct_likelihood_competition
dpfi,separated_droplets,25,25,2.8819636933724997,0.057533546345249376,2.799987273455,0.08736061642362755,0.03228256508668907,0.012043368384732168,True,True,True,,0,0,True,True,local_support_plus_joint_95pct_likelihood_competition
dpfi,separated_droplets,25,26,2.767032497079,0.11697362754026794,2.799987273455,0.08736061642362755,0.03293857059946583,0.018711746708440075,False,False,True,314.21007574292344,0,0,True,True,local_support_plus_joint_95pct_likelihood_competition
dpfi,separated_droplets,25,27,2.825009907187,0.10208642012457081,2.799987273455,0.08736061642362755,0.033382060356001705,0.017013406020330753,False,False,True,309.3147869397326,0,0,True,True,local_support_plus_joint_95pct_likelihood_competition
dpfi,separated_droplets,25,28,2.8159902214535,0.09806054136649058,2.799987273455,0.08736061642362755,0.033225155612599276,0.01768269596853873,True,True,True,,0,0,True,True,local_support_plus_joint_95pct_likelihood_competition
dpfi,separated_droplets,25,29,2.8019648565815,0.08223550563849583,2.799987273455,0.08736061642362755,0.032987783329159186,0.015329732835873047,True,True,True,,0,0,True,True,local_support_plus_joint_95pct_likelihood_competition
dpfi,separated_droplets,25,30,2.867359947451,0.08451278840972314,2.799987273455,0.08736061642362755,0.03337122494699929,0.015449928365226467,False,False,True,,0,0,True,True,local_support_plus_joint_95pct_likelihood_competition
dpfi,separated_droplets,25,31,2.8061977317649998,0.09818018110281057,2.799987273455,0.08736061642362755,0.032497365549440764,0.01652097862161136,False,False,True,277.6233484221093,0,0,True,True,local_support_plus_joint_95pct_likelihood_competition
dpfi,separated_droplets,25,32,2.775525280544,0.10053291478224502,2.799987273455,0.08736061642362755,0.032777038985599034,0.01652434680069263,False,False,True,276.3301980438646,0,0,True,True,local_support_plus_joint_95pct_likelihood_competition
dpfi,separated_droplets,25,33,2.8525342155355,0.07051586165482487,2.799987273455,0.08736061642362755,0.03284997586442461,0.01458878613274036,True,True,True,,0,0,True,True,local_support_plus_joint_95pct_likelihood_competition
dpfi,separated_droplets,25,34,2.7333411565155,0.058099449132212475,2.799987273455,0.08736061642362755,0.03262098881335367,0.012489355843637322,False,False,True,487.623288017674,0,0,True,True,local_support_plus_joint_95pct_likelihood_competition
dpfi,separated_droplets,25,35,2.8136799995089996,0.09409742560934992,2.799987273455,0.08736061642362755,0.03247724343219703,0.016034302966853202,False,False,True,,0,0,True,True,local_support_plus_joint_95pct_likelihood_competition
dpfi,separated_droplets,25,36,2.7575086049525,0.07961595456422732,2.799987273455,0.08736061642362755,0.032395369041179574,0.014752614153571719,False,False,True,0.09425283229393244,2,0,False,True,local_support_plus_joint_95pct_likelihood_competition
dpfi,separated_droplets,25,37,2.8596111356035,0.09795630071112774,2.799987273455,0.08736061642362755,0.03256226866353913,0.016166423712992706,True,True,True,,0,0,True,True,local_support_plus_joint_95pct_likelihood_competition
dpfi,separated_droplets,25,38,2.784040412115,0.07169487136310362,2.799987273455,0.08736061642362755,0.03245894180270379,0.014666503079869329,True,True,True,,0,0,True,True,local_support_plus_joint_95pct_likelihood_competition
dpfi,separated_droplets,25,39,2.808729790349,0.08606851803219388,2.799987273455,0.08736061642362755,0.03354716870371143,0.01586117371009128,False,False,True,389.34707852868087,0,0,True,True,local_support_plus_joint_95pct_likelihood_competition
dpfi,separated_droplets,25,40,2.8347514292825,0.07563309797914872,2.799987273455,0.08736061642362755,0.03294044941922848,0.014836393990907392,False,False,True,367.99896998810436,0,0,True,True,local_support_plus_joint_95pct_likelihood_competition
dpfi,separated_droplets,25,41,2.805449385158,0.0659049935531099,2.799987273455,0.08736061642362755,0.03410107560554138,0.014315446015256344,False,False,True,391.39606525235286,0,0,True,True,local_support_plus_joint_95pct_likelihood_competition
dpfi,separated_droplets,25,42,2.85155786018,0.06861268952975805,2.799987273455,0.08736061642362755,0.033020414744807346,0.01384827706405811,True,True,True,,0,0,True,True,local_support_plus_joint_95pct_likelihood_competition
dpfi,separated_droplets,25,43,2.8534139017615,0.10970230215289788,2.799987273455,0.08736061642362755,0.034024407261281045,0.018073303067562177,True,True,True,,0,0,True,True,local_support_plus_joint_95pct_likelihood_competition
dpfi,separated_droplets,25,44,2.738152133667,0.1028318694787432,2.799987273455,0.08736061642362755,0.034285328990813414,0.01786296781389338,True,True,True,,0,0,True,True,local_support_plus_joint_95pct_likelihood_competition
dpfi,separated_droplets,25,45,2.7881860852455,0.07246027061929802,2.799987273455,0.08736061642362755,0.03309150942632262,0.014139671397833476,False,False,True,,0,0,True,True,local_support_plus_joint_95pct_likelihood_competition
dpfi,separated_droplets,25,46,2.7635448156805,0.07466576775982267,2.799987273455,0.08736061642362755,0.03271734479027635,0.01454117972406178,False,False,True,,0,0,True,True,local_support_plus_joint_95pct_likelihood_competition
dpfi,separated_droplets,25,47,2.8254922757955,0.07970596992777121,2.799987273455,0.08736061642362755,0.03378907989171019,0.015672203878953614,True,True,True,,0,0,True,True,local_support_plus_joint_95pct_likelihood_competition
dpfi,separated_droplets,25,48,2.808794347732,0.08037242241823304,2.799987273455,0.08736061642362755,0.03400840012490471,0.015309461933481157,False,False,True,252.1466762748978,0,0,True,True,local_support_plus_joint_95pct_likelihood_competition
dpfi,separated_droplets,25,49,2.7740328629419997,0.09575091944672204,2.799987273455,0.08736061642362755,0.03420690242768572,0.017674888235348386,True,True,True,,0,0,True,True,local_support_plus_joint_95pct_likelihood_competition
dpfi,separated_droplets,25,50,2.8198330636169997,0.057396155456669554,2.799987273455,0.08736061642362755,0.03315610007460265,0.01260589351548498,False,False,True,,0,0,True,True,local_support_plus_joint_95pct_likelihood_competition
dpfi,separated_droplets,25,51,2.8123911869975,0.0689708128636354,2.799987273455,0.08736061642362755,0.03403864192637723,0.013822575580169201,False,False,True,,0,0,True,True,local_support_plus_joint_95pct_likelihood_competition
dpfi,separated_droplets,25,52,2.7986214451985,0.09732842953063048,2.799987273455,0.08736061642362755,0.03241286580515388,0.01617653307881871,False,False,True,,0,0,True,True,local_support_plus_joint_95pct_likelihood_competition
dpfi,separated_droplets,25,53,2.8019297113045,0.076104935994398,2.799987273455,0.08736061642362755,0.033129468168492625,0.015032025763666,False,False,True,472.17429350464135,0,0,True,True,local_support_plus_joint_95pct_likelihood_competition
dpfi,separated_droplets,25,54,2.815542870362,0.07910798065365598,2.799987273455,0.08736061642362755,0.03364917439493979,0.01589868341480509,True,True,True,,0,0,True,True,local_support_plus_joint_95pct_likelihood_competition
dpfi,separated_droplets,25,55,2.7605767653299997,0.09815452895625584,2.799987273455,0.08736061642362755,0.0346104128161598,0.018007586443091438,False,False,True,299.947701451616,0,0,True,True,local_support_plus_joint_95pct_likelihood_competition
dpfi,separated_droplets,25,56,2.765486898956,0.08284018645094003,2.799987273455,0.08736061642362755,0.032795956083733,0.014993379752684301,False,False,True,318.92235516076653,0,0,True,True,local_support_plus_joint_95pct_likelihood_competition
dpfi,separated_droplets,25,57,2.748535948303,0.11542466605940091,2.799987273455,0.08736061642362755,0.032958777738018766,0.017395388496011795,False,False,True,271.63782331452967,0,0,True,True,local_support_plus_joint_95pct_likelihood_competition
dpfi,separated_droplets,25,58,2.8448875166285,0.07890152441251738,2.799987273455,0.08736061642362755,0.0320721314054855,0.01492219149364788,True,True,True,,0,0,True,True,local_support_plus_joint_95pct_likelihood_competition
dpfi,separated_droplets,25,59,2.796761399665,0.07811091074918955,2.799987273455,0.08736061642362755,0.032478620024750424,0.015085558579459887,False,False,True,,0,0,True,True,local_support_plus_joint_95pct_likelihood_competition
dpfi,separated_droplets,25,60,2.8103299470085004,0.08784885413416232,2.799987273455,0.08736061642362755,0.03337494348244659,0.015924433021263708,False,False,True,457.07081628634387,0,0,True,True,local_support_plus_joint_95pct_likelihood_competition
dpfi,separated_droplets,25,61,2.790531244834,0.093446898226965,2.799987273455,0.08736061642362755,0.03356684924607335,0.016458798805699414,True,True,True,,0,0,True,True,local_support_plus_joint_95pct_likelihood_competition
dpfi,separated_droplets,25,62,2.77250694445,0.0794253153322563,2.799987273455,0.08736061642362755,0.0337873421285218,0.015590812505689673,True,True,True,,0,0,True,True,local_support_plus_joint_95pct_likelihood_competition
dpfi,separated_droplets,25,63,2.7772111178525,0.11351403398736945,2.799987273455,0.08736061642362755,0.03173036668882206,0.017199274063339157,False,False,True,194.25851884990334,0,0,True,True,local_support_plus_joint_95pct_likelihood_competition
dpfi,connected_modulated,50,0,2.8253613144005003,0.593512141228162,2.751540046488,0.6494770333465083,0.03614017239592316,0.040128088521652346,True,True,True,,0,0,True,True,local_support_plus_joint_95pct_likelihood_competition
dpfi,connected_modulated,50,1,2.780749019895,0.6769937235220912,2.751540046488,0.6494770333465083,0.04175869173500862,0.04191018173111235,True,True,True,,0,0,True,True,local_support_plus_joint_95pct_likelihood_competition
dpfi,connected_modulated,50,2,2.8203255773644997,0.6213435184885805,2.751540046488,0.6494770333465083,0.036390492152499884,0.04045067183314225,True,True,True,,0,0,True,True,local_support_plus_joint_95pct_likelihood_competition
dpfi,connected_modulated,50,3,2.7362909351665,0.692018342362958,2.751540046488,0.6494770333465083,0.043895062097271384,0.042993149961045925,True,True,True,,0,0,True,True,local_support_plus_joint_95pct_likelihood_competition
dpfi,connected_modulated,50,4,2.7858510075445,0.6522463448882012,2.751540046488,0.6494770333465083,0.03889849584276531,0.04125677517691593,True,True,True,,0,0,True,True,local_support_plus_joint_95pct_likelihood_competition
dpfi,connected_modulated,50,5,2.7372962905250002,0.7086837532830226,2.751540046488,0.6494770333465083,0.047138162076118116,0.04381719432120016,True,True,True,,0,0,True,True,local_support_plus_joint_95pct_likelihood_competition
dpfi,connected_modulated,50,6,2.7891391202015,0.7258158374263947,2.751540046488,0.6494770333465083,0.04971303429845679,0.042308684502125646,True,True,True,,0,0,True,True,local_support_plus_joint_95pct_likelihood_competition
dpfi,connected_modulated,50,7,2.749894090864,0.7123229014927487,2.751540046488,0.6494770333465083,0.046849833797469514,0.04275183379604646,True,True,True,,0,0,True,True,local_support_plus_joint_95pct_likelihood_competition
dpfi,connected_modulated,50,8,2.7597853246410002,0.5873170304238646,2.751540046488,0.6494770333465083,0.03347386561108301,0.03922194769015863,True,True,True,,0,0,True,True,local_support_plus_joint_95pct_likelihood_competition
dpfi,connected_modulated,50,9,2.7498957045,0.6571853954084276,2.751540046488,0.6494770333465083,0.03832929452449226,0.04143315379143798,True,True,True,,0,0,True,True,local_support_plus_joint_95pct_likelihood_competition
dpfi,connected_modulated,50,10,2.7061824909089998,0.6499228745117527,2.751540046488,0.6494770333465083,0.03831610626881135,0.04228358981913801,True,True,True,,0,0,True,True,local_support_plus_joint_95pct_likelihood_competition
dpfi,connected_modulated,50,11,2.7762721969550004,0.5764687391346,2.751540046488,0.6494770333465083,0.03466997070309099,0.04101497467959302,True,True,True,,0,0,True,True,local_support_plus_joint_95pct_likelihood_competition
dpfi,connected_modulated,50,12,2.7303498553195,0.6752788199580189,2.751540046488,0.6494770333465083,0.04197467704519177,0.04355025559646103,True,True,True,,0,0,True,True,local_support_plus_joint_95pct_likelihood_competition
dpfi,connected_modulated,50,13,2.7716530087805,0.5934102695917781,2.751540046488,0.6494770333465083,0.03418698092990385,0.0403790509658199,True,True,True,,0,0,True,True,local_support_plus_joint_95pct_likelihood_competition
dpfi,connected_modulated,50,14,2.752432648238,0.6338679807449865,2.751540046488,0.6494770333465083,0.03706161696537241,0.04082540712741992,True,True,True,,0,0,True,True,local_support_plus_joint_95pct_likelihood_competition
dpfi,connected_modulated,50,15,2.7468376928355003,0.6702924154080157,2.751540046488,0.6494770333465083,0.04154723333295169,0.04335293518452766,True,True,True,,0,0,True,True,local_support_plus_joint_95pct_likelihood_competition
dpfi,connected_modulated,50,16,2.7259199597035,0.669536905512119,2.751540046488,0.6494770333465083,0.041021415631178816,0.04321009125120516,True,True,True,,0,0,True,True,local_support_plus_joint_95pct_likelihood_competition
dpfi,connected_modulated,50,17,2.775278875655,0.6180554857439562,2.751540046488,0.6494770333465083,0.03616656461766417,0.04067652839997932,True,True,True,,0,0,True,True,local_support_plus_joint_95pct_likelihood_competition
dpfi,connected_modulated,50,18,2.7156493437635003,0.6317864408680095,2.751540046488,0.6494770333465083,0.036204635811146454,0.04187067315850858,True,True,True,,0,0,True,True,local_support_plus_joint_95pct_likelihood_competition
dpfi,connected_modulated,50,19,2.7367195753005,0.6507034617159417,2.751540046488,0.6494770333465083,0.039509255327525396,0.04313047752598011,True,True,True,,0,0,True,True,local_support_plus_joint_95pct_likelihood_competition
dpfi,connected_modulated,50,20,2.7578514021525002,0.6699431512061478,2.751540046488,0.6494770333465083,0.040779613609711295,0.04189585515154198,True,True,True,,0,0,True,True,local_support_plus_joint_95pct_likelihood_competition
dpfi,connected_modulated,50,21,2.725797829919,0.7381480864428034,2.751540046488,0.6494770333465083,0.05144259256077426,0.042689803341564234,True,True,True,,0,0,True,True,local_support_plus_joint_95pct_likelihood_competition
dpfi,connected_modulated,50,22,2.7699029167705,0.636351814821949,2.751540046488,0.6494770333465083,0.03893293198392041,0.04277445053718647,True,True,True,,0,0,True,True,local_support_plus_joint_95pct_likelihood_competition
dpfi,connected_modulated,50,23,2.75035200531,0.6181875717396084,2.751540046488,0.6494770333465083,0.036296546691466945,0.041148484518553526,True,True,True,,0,0,True,True,local_support_plus_joint_95pct_likelihood_competition
dpfi,connected_modulated,50,24,2.7688179488025,0.6619580607810261,2.751540046488,0.6494770333465083,0.04033822148523992,0.042068227677745686,True,True,True,,0,0,True,True,local_support_plus_joint_95pct_likelihood_competition
dpfi,connected_modulated,50,25,2.7230922899045,0.6764731230798348,2.751540046488,0.6494770333465083,0.04262886849924756,0.04384572390086134,True,True,True,,0,0,True,True,local_support_plus_joint_95pct_likelihood_competition
dpfi,connected_modulated,50,26,2.7345874646635,0.6398422679270217,2.751540046488,0.6494770333465083,0.03735727490667332,0.04205850681322663,True,True,True,,0,0,True,True,local_support_plus_joint_95pct_likelihood_competition
dpfi,connected_modulated,50,27,2.737518979253,0.6460108690177829,2.751540046488,0.6494770333465083,0.038185761031610886,0.04141624659467852,True,False,True,2.1695589985083643,0,1,True,False,local_support_plus_joint_95pct_likelihood_competition
dpfi,connected_modulated,50,28,2.767041375592,0.6547227342799541,2.751540046488,0.6494770333465083,0.03964839983011524,0.04225713159975655,True,True,True,,0,0,True,True,local_support_plus_joint_95pct_likelihood_competition
dpfi,connected_modulated,50,29,2.776206346956,0.6380497059212555,2.751540046488,0.6494770333465083,0.03797558691033434,0.0406533603089426,False,True,True,1.9751373092540234,1,0,False,True,local_support_plus_joint_95pct_likelihood_competition
dpfi,connected_modulated,50,30,2.6676837220815,0.6971308837858785,2.751540046488,0.6494770333465083,0.04428570281621017,0.044030592963254386,True,True,True,,0,0,True,True,local_support_plus_joint_95pct_likelihood_competition
dpfi,connected_modulated,50,31,2.7207422750954997,0.6211738277704741,2.751540046488,0.6494770333465083,0.03588576163174801,0.04170950271795001,True,True,True,,0,0,True,True,local_support_plus_joint_95pct_likelihood_competition
dpfi,connected_modulated,50,32,2.799651738963,0.6214248258171944,2.751540046488,0.6494770333465083,0.03772135513813477,0.04132584295539283,True,True,True,,0,0,True,True,local_support_plus_joint_95pct_likelihood_competition
dpfi,connected_modulated,50,33,2.8027105838975,0.5611539594091502,2.751540046488,0.6494770333465083,0.03310937625339108,0.0391761382692449,True,True,True,,0,0,True,True,local_support_plus_joint_95pct_likelihood_competition
dpfi,connected_modulated,50,34,2.7219657296945,0.6749834881903283,2.751540046488,0.6494770333465083,0.041948775408973654,0.04289272989007625,True,True,True,,0,0,True,True,local_support_plus_joint_95pct_likelihood_competition
dpfi,connected_modulated,50,35,2.78826513907,0.6519159306187536,2.751540046488,0.6494770333465083,0.04026109811205514,0.042271570976806026,True,True,True,,0,0,True,True,local_support_plus_joint_95pct_likelihood_competition
dpfi,connected_modulated,50,36,2.818900227564,0.6375469918397172,2.751540046488,0.6494770333465083,0.038216027722729626,0.041070345609798685,True,True,True,,0,0,True,True,local_support_plus_joint_95pct_likelihood_competition
dpfi,connected_modulated,50,37,2.7590174674515,0.6594877759191308,2.751540046488,0.6494770333465083,0.03818523280675572,0.040870240367382134,True,True,True,,0,0,True,True,local_support_plus_joint_95pct_likelihood_competition
dpfi,connected_modulated,50,38,2.7131002272065,0.6921604351039665,2.751540046488,0.6494770333465083,0.04199889047358224,0.041765099094784486,True,True,True,,0,0,True,True,local_support_plus_joint_95pct_likelihood_competition
dpfi,connected_modulated,50,39,2.7395113165905,0.6815620074063276,2.751540046488,0.6494770333465083,0.04222943607186421,0.042600194372860514,True,True,True,,0,0,True,True,local_support_plus_joint_95pct_likelihood_competition
dpfi,connected_modulated,50,40,2.7994966206825,0.5696222456540585,2.751540046488,0.6494770333465083,0.034588574704094266,0.04013315433777716,True,True,True,,0,0,True,True,local_support_plus_joint_95pct_likelihood_competition
dpfi,connected_modulated,50,41,2.751137508453,0.6731303863152661,2.751540046488,0.6494770333465083,0.04092750219963234,0.041639966884614625,True,True,True,,0,0,True,True,local_support_plus_joint_95pct_likelihood_competition
dpfi,connected_modulated,50,42,2.779901025407,0.6523390291309402,2.751540046488,0.6494770333465083,0.039413326085024944,0.04136206354960697,True,True,True,,0,0,True,True,local_support_plus_joint_95pct_likelihood_competition
dpfi,connected_modulated,50,43,2.7923163024335,0.5986631588259375,2.751540046488,0.6494770333465083,0.03513111729152703,0.04059403954174342,True,True,True,,0,0,True,True,local_support_plus_joint_95pct_likelihood_competition
dpfi,connected_modulated,50,44,2.7326672378490002,0.6122483450782956,2.751540046488,0.6494770333465083,0.035603767347583276,0.04079475290210003,True,True,True,,0,0,True,True,local_support_plus_joint_95pct_likelihood_competition
dpfi,connected_modulated,50,45,2.746661037235,0.6135944140249278,2.751540046488,0.6494770333465083,0.03600506156399592,0.040904379044833204,True,True,True,,0,0,True,True,local_support_plus_joint_95pct_likelihood_competition
dpfi,connected_modulated,50,46,2.84911315564,0.5632311224154438,2.751540046488,0.6494770333465083,0.03378528442449909,0.03824346891867727,True,True,True,,0,0,True,True,local_support_plus_joint_95pct_likelihood_competition
dpfi,connected_modulated,50,47,2.7430930887634997,0.6908385197124516,2.751540046488,0.6494770333465083,0.04406053160623884,0.043119054225506964,True,True,True,,0,0,True,True,local_support_plus_joint_95pct_likelihood_competition
dpfi,connected_modulated,50,48,2.7744045797765002,0.646163986337528,2.751540046488,0.6494770333465083,0.03828264169394253,0.04133464692133836,True,True,True,,0,0,True,True,local_support_plus_joint_95pct_likelihood_competition
dpfi,connected_modulated,50,49,2.7335747429515003,0.610627840589554,2.751540046488,0.6494770333465083,0.03548846315919379,0.04132152187377431,True,True,True,,0,0,True,True,local_support_plus_joint_95pct_likelihood_competition
dpfi,connected_modulated,50,50,2.7472927808655,0.6278801053452093,2.751540046488,0.6494770333465083,0.03808154746049599,0.04222993502170835,True,True,True,,0,0,True,True,local_support_plus_joint_95pct_likelihood_competition
dpfi,connected_modulated,50,51,2.696558671108,0.6635175152591375,2.751540046488,0.6494770333465083,0.03863159444016438,0.041425923146770564,True,True,True,,0,0,True,True,local_support_plus_joint_95pct_likelihood_competition
dpfi,connected_modulated,50,52,2.7772684646265002,0.6744636839034392,2.751540046488,0.6494770333465083,0.040945306908927004,0.04130678690332946,True,True,True,,0,0,True,True,local_support_plus_joint_95pct_likelihood_competition
dpfi,connected_modulated,50,53,2.726098548232,0.6697121112537778,2.751540046488,0.6494770333465083,0.0413644187126227,0.04284802315739956,True,True,True,,0,0,True,True,local_support_plus_joint_95pct_likelihood_competition
dpfi,connected_modulated,50,54,2.73266148146,0.63056087617485,2.751540046488,0.6494770333465083,0.035609350929710154,0.040790486481483694,True,True,True,,0,0,True,True,local_support_plus_joint_95pct_likelihood_competition
dpfi,connected_modulated,50,55,2.7994544973115,0.612505308214792,2.751540046488,0.6494770333465083,0.036395673369644645,0.040594419639223556,True,True,True,,0,0,True,True,local_support_plus_joint_95pct_likelihood_competition
dpfi,connected_modulated,50,56,2.7172636043565,0.6283569682837982,2.751540046488,0.6494770333465083,0.03662878601511403,0.041205545549124,True,True,True,,0,0,True,True,local_support_plus_joint_95pct_likelihood_competition
dpfi,connected_modulated,50,57,2.8148146001575,0.6125257212843376,2.751540046488,0.6494770333465083,0.03620321408039644,0.04014882449028971,True,True,True,,0,0,True,True,local_support_plus_joint_95pct_likelihood_competition
dpfi,connected_modulated,50,58,2.7594420318095,0.6753900113111077,2.751540046488,0.6494770333465083,0.04269487442854931,0.0435678963165083,True,True,True,,0,0,True,True,local_support_plus_joint_95pct_likelihood_competition
dpfi,connected_modulated,50,59,2.788941581509,0.6782028797668982,2.751540046488,0.6494770333465083,0.0425687232927258,0.04225057513447331,True,True,True,,0,0,True,True,local_support_plus_joint_95pct_likelihood_competition
dpfi,connected_modulated,50,60,2.7630923224685002,0.6172462932955689,2.751540046488,0.6494770333465083,0.03634830633416033,0.040760698028799155,True,True,True,,0,0,True,True,local_support_plus_joint_95pct_likelihood_competition
dpfi,connected_modulated,50,61,2.7514076188045,0.6788665508368023,2.751540046488,0.6494770333465083,0.04162576583662695,0.04162526739460028,True,True,True,,0,0,True,True,local_support_plus_joint_95pct_likelihood_competition
dpfi,connected_modulated,50,62,2.7739725338075,0.6437949753959318,2.751540046488,0.6494770333465083,0.03808219902717824,0.04062767934671613,True,True,True,,0,0,True,True,local_support_plus_joint_95pct_likelihood_competition
dpfi,connected_modulated,50,63,2.7475568805865,0.6852226265937095,2.751540046488,0.6494770333465083,0.04377653135157416,0.043492412461899596,True,True,True,,0,0,True,True,local_support_plus_joint_95pct_likelihood_competition
dpfi,separated_droplets,50,0,2.809897344893,0.10115745412061819,2.799987273455,0.08736061642362755,0.022816950482691202,0.011589677993005278,False,False,True,731.4906082126545,0,0,True,True,local_support_plus_joint_95pct_likelihood_competition
dpfi,separated_droplets,50,1,2.7902723537660004,0.06996508813615973,2.799987273455,0.08736061642362755,0.022796683048380034,0.00953869062723736,False,False,True,,0,0,True,True,local_support_plus_joint_95pct_likelihood_competition
dpfi,separated_droplets,50,2,2.8227080360915,0.07012840626712585,2.799987273455,0.08736061642362755,0.02262641513849728,0.009643677525746422,False,False,True,971.749986901059,0,0,True,True,local_support_plus_joint_95pct_likelihood_competition
dpfi,separated_droplets,50,3,2.7397345111585,0.07941635694390459,2.799987273455,0.08736061642362755,0.023333069525786676,0.010520273514443625,False,False,True,829.5794965336745,0,0,True,True,local_support_plus_joint_95pct_likelihood_competition
dpfi,separated_droplets,50,4,2.7986970104599997,0.08286727026500386,2.799987273455,0.08736061642362755,0.022885975410101386,0.010594024066484575,False,False,True,797.7627943106563,0,0,True,True,local_support_plus_joint_95pct_likelihood_competition
dpfi,separated_droplets,50,5,2.7677025577815,0.10239446829584861,2.799987273455,0.08736061642362755,0.023320928425153573,0.012152399581087216,True,True,True,,0,0,True,True,local_support_plus_joint_95pct_likelihood_competition
dpfi,separated_droplets,50,6,2.8152886832929997,0.08221733072987436,2.799987273455,0.08736061642362755,0.02294261476235163,0.010600077719244509,False,False,True,877.3501235919794,0,0,True,True,local_support_plus_joint_95pct_likelihood_competition
dpfi,separated_droplets,50,7,2.773304452354,0.10747635454076701,2.799987273455,0.08736061642362755,0.02330834487451713,0.01264951501784945,False,False,True,789.9921667312137,0,0,True,True,local_support_plus_joint_95pct_likelihood_competition
dpfi,separated_droplets,50,8,2.769131042871,0.08467135373166679,2.799987273455,0.08736061642362755,0.022985638965978737,0.010998472495604058,True,True,True,,0,0,True,True,local_support_plus_joint_95pct_likelihood_competition
dpfi,separated_droplets,50,9,2.8022921957595,0.08890393425773105,2.799987273455,0.08736061642362755,0.02321501570498871,0.011327491461996598,False,False,True,887.9590943458816,0,0,True,True,local_support_plus_joint_95pct_likelihood_competition
dpfi,separated_droplets,50,10,2.795991870478,0.0919326929432053,2.799987273455,0.08736061642362755,0.022894744067556975,0.011342213525912359,False,False,True,,0,0,True,True,local_support_plus_joint_95pct_likelihood_competition
dpfi,separated_droplets,50,11,2.820784323543,0.07858423555517896,2.799987273455,0.08736061642362755,0.022404991647896538,0.010025546599835395,True,True,True,,0,0,True,True,local_support_plus_joint_95pct_likelihood_competition
dpfi,separated_droplets,50,12,2.795921540822,0.09225035351716748,2.799987273455,0.08736061642362755,0.022163330557278253,0.01095447222812612,False,False,True,623.1619006876563,0,0,True,True,local_support_plus_joint_95pct_likelihood_competition
dpfi,separated_droplets,50,13,2.774631764438,0.08105307813680791,2.799987273455,0.08736061642362755,0.022774891042596408,0.01039616499043018,False,False,True,629.018566873101,0,0,True,True,local_support_plus_joint_95pct_likelihood_competition
dpfi,separated_droplets,50,14,2.815751319692,0.10261078703925697,2.799987273455,0.08736061642362755,0.02292202607604776,0.011997299906351209,False,False,True,761.3735353718494,0,0,True,True,local_support_plus_joint_95pct_likelihood_competition
dpfi,separated_droplets,50,15,2.7952987747185,0.08131816796384757,2.799987273455,0.08736061642362755,0.022703514465490713,0.0106776058762351,False,False,True,836.1586001367432,0,0,True,True,local_support_plus_joint_95pct_likelihood_competition
dpfi,separated_droplets,50,16,2.776654184347,0.12066241988928367,2.799987273455,0.08736061642362755,0.02354890914330769,0.01334571785490221,False,False,True,724.9791126778473,0,0,True,True,local_support_plus_joint_95pct_likelihood_competition
dpfi,separated_droplets,50,17,2.795757425842,0.07410331610318906,2.799987273455,0.08736061642362755,0.022958143869061854,0.00992458853163342,False,False,True,778.033706866976,0,0,True,True,local_support_plus_joint_95pct_likelihood_competition
dpfi,separated_droplets,50,18,2.8032579408740004,0.09460677766634959,2.799987273455,0.08736061642362755,0.023356509036768273,0.011822538052887495,True,True,True,,0,0,True,True,local_support_plus_joint_95pct_likelihood_competition
dpfi,separated_droplets,50,19,2.7821289673344998,0.08238408063163269,2.799987273455,0.08736061642362755,0.02285105847268296,0.01043993899784018,False,False,True,,0,0,True,True,local_support_plus_joint_95pct_likelihood_competition
dpfi,separated_droplets,50,20,2.7846304642465,0.08571359467716849,2.799987273455,0.08736061642362755,0.022774221916509928,0.011040620274189448,True,True,True,,0,0,True,True,local_support_plus_joint_95pct_likelihood_competition
dpfi,separated_droplets,50,21,2.8314156926985,0.08947577707443623,2.799987273455,0.08736061642362755,0.023033763349885227,0.011194767793743796,False,False,True,874.7773915499674,0,0,True,True,local_support_plus_joint_95pct_likelihood_competition
dpfi,separated_droplets,50,22,2.813264157967,0.07894305437844704,2.799987273455,0.08736061642362755,0.022685686501707034,0.0104874786265246,False,False,True,903.0023391580726,0,0,True,True,local_support_plus_joint_95pct_likelihood_competition
dpfi,separated_droplets,50,23,2.8319446371385,0.0899330132802051,2.799987273455,0.08736061642362755,0.023112477643074152,0.010931941327502928,False,False,True,,0,0,True,True,local_support_plus_joint_95pct_likelihood_competition
dpfi,separated_droplets,50,24,2.756466493296,0.08229103173047625,2.799987273455,0.08736061642362755,0.023614411870136177,0.010907970616078325,False,False,True,840.7327241189687,0,0,True,True,local_support_plus_joint_95pct_likelihood_competition
dpfi,separated_droplets,50,25,2.786731011012,0.07853766533864716,2.799987273455,0.08736061642362755,0.022939178651015024,0.010642633535676741,True,True,True,,0,0,True,True,local_support_plus_joint_95pct_likelihood_competition
dpfi,separated_droplets,50,26,2.8161389182630003,0.07963554259322236,2.799987273455,0.08736061642362755,0.02263702007027775,0.010261561678834106,False,False,True,854.1324514241423,0,0,True,True,local_support_plus_joint_95pct_likelihood_competition
dpfi,separated_droplets,50,27,2.782233995106,0.0876138760004737,2.799987273455,0.08736061642362755,0.022882747421550456,0.01125319427326404,False,False,True,883.0590930343214,0,0,True,True,local_support_plus_joint_95pct_likelihood_competition
dpfi,separated_droplets,50,28,2.7736640017729997,0.08647764627892639,2.799987273455,0.08736061642362755,0.022666101632103936,0.010909658611635942,False,False,True,786.3181658850954,0,0,True,True,local_support_plus_joint_95pct_likelihood_competition
dpfi,separated_droplets,50,29,2.7716598386165003,0.08189218238081827,2.799987273455,0.08736061642362755,0.023291858711236745,0.010673886136507672,True,True,True,,0,0,True,True,local_support_plus_joint_95pct_likelihood_competition
dpfi,separated_droplets,50,30,2.771895949119,0.08547084391670773,2.799987273455,0.08736061642362755,0.023641451420947632,0.010968597122028485,False,False,True,774.7220183957024,0,0,True,True,local_support_plus_joint_95pct_likelihood_competition
dpfi,separated_droplets,50,31,2.794256389652,0.08829416032900034,2.799987273455,0.08736061642362755,0.02282213205637353,0.011074441574817248,True,True,True,,0,0,True,True,local_support_plus_joint_95pct_likelihood_competition
dpfi,separated_droplets,50,32,2.8030570817490004,0.09295161332124693,2.799987273455,0.08736061642362755,0.023032104649942896,0.011464037032613781,True,True,True,,0,0,True,True,local_support_plus_joint_95pct_likelihood_competition
dpfi,separated_droplets,50,33,2.7923451029699997,0.09003934567846095,2.799987273455,0.08736061642362755,0.023146999743241973,0.011358356445727597,True,True,True,,0,0,True,True,local_support_plus_joint_95pct_likelihood_competition
dpfi,separated_droplets,50,34,2.8098165819555,0.06856697347523555,2.799987273455,0.08736061642362755,0.022806542811752036,0.009802277540293678,False,False,True,837.8309351218859,0,0,True,True,local_support_plus_joint_95pct_likelihood_competition
dpfi,separated_droplets,50,35,2.820688388046,0.0849861744731894,2.799987273455,0.08736061642362755,0.02231540755345395,0.01083375037606972,False,False,True,,0,0,True,True,local_support_plus_joint_95pct_likelihood_competition
dpfi,separated_droplets,50,36,2.8195798077785,0.07923628098900537,2.799987273455,0.08736061642362755,0.02289568046654888,0.01036513634743401,True,True,True,,0,0,True,True,local_support_plus_joint_95pct_likelihood_competition
dpfi,separated_droplets,50,37,2.8014783657085003,0.08183273313250221,2.799987273455,0.08736061642362755,0.022861264084008837,0.01045494499801189,False,False,True,,0,0,True,True,local_support_plus_joint_95pct_likelihood_competition
dpfi,separated_droplets,50,38,2.783144268974,0.0777397704945309,2.799987273455,0.08736061642362755,0.022806849250917097,0.010594708076416222,False,False,True,823.9526376912345,0,0,True,True,local_support_plus_joint_95pct_likelihood_competition
dpfi,separated_droplets,50,39,2.788582481483,0.0936460348737094,2.799987273455,0.08736061642362755,0.022617744926300084,0.011441945595858868,True,True,True,,0,0,True,True,local_support_plus_joint_95pct_likelihood_competition
dpfi,separated_droplets,50,40,2.7812342103464998,0.10450196638141361,2.799987273455,0.08736061642362755,0.023100080400513312,0.012177451445617615,False,False,True,711.6491457938009,0,0,True,True,local_support_plus_joint_95pct_likelihood_competition
dpfi,separated_droplets,50,41,2.8185130838605,0.07593667898491786,2.799987273455,0.08736061642362755,0.02282045020551293,0.010285653885989458,True,True,True,,0,0,True,True,local_support_plus_joint_95pct_likelihood_competition
dpfi,separated_droplets,50,42,2.8246801329544997,0.09931390202680382,2.799987273455,0.08736061642362755,0.022412370487625278,0.01175568453564099,False,False,True,729.738198738868,0,0,True,True,local_support_plus_joint_95pct_likelihood_competition
dpfi,separated_droplets,50,43,2.778872338162,0.08237523871360904,2.799987273455,0.08736061642362755,0.02314675595150029,0.010697894291129786,True,True,True,,0,0,True,True,local_support_plus_joint_95pct_likelihood_competition
dpfi,separated_droplets,50,44,2.8202381745430003,0.09924404921371449,2.799987273455,0.08736061642362755,0.02291036472775177,0.012126799563449475,True,True,True,,0,0,True,True,local_support_plus_joint_95pct_likelihood_competition
dpfi,separated_droplets,50,45,2.7939850335255,0.08355468472990646,2.799987273455,0.08736061642362755,0.023136469050685154,0.010832744550691801,False,False,True,810.363326965823,0,0,True,True,local_support_plus_joint_95pct_likelihood_competition
dpfi,separated_droplets,50,46,2.788067548196,0.08987351302621635,2.799987273455,0.08736061642362755,0.021807424918096896,0.011184765263133424,False,False,True,814.6498737760721,0,0,True,True,local_support_plus_joint_95pct_likelihood_competition
dpfi,separated_droplets,50,47,2.7965415461055,0.06956643462139767,2.799987273455,0.08736061642362755,0.022966350053353225,0.00970677894115197,False,False,True,894.8174747400317,0,0,True,True,local_support_plus_joint_95pct_likelihood_competition
dpfi,separated_droplets,50,48,2.812893115715,0.08908950566721022,2.799987273455,0.08736061642362755,0.022819032471115164,0.0112106247510784,False,False,True,819.1729693969437,0,0,True,True,local_support_plus_joint_95pct_likelihood_competition
dpfi,separated_droplets,50,49,2.812800621519,0.0984044976693137,2.799987273455,0.08736061642362755,0.022988492728500495,0.011991314752541171,False,False,True,834.9810696509476,0,0,True,True,local_support_plus_joint_95pct_likelihood_competition
dpfi,separated_droplets,50,50,2.7798291078115,0.0911173087457421,2.799987273455,0.08736061642362755,0.021787300115097927,0.01155286288197528,True,True,True,,0,0,True,True,local_support_plus_joint_95pct_likelihood_competition
dpfi,separated_droplets,50,51,2.7865087590544997,0.08879915618325204,2.799987273455,0.08736061642362755,0.022880278688992225,0.011500892847089212,True,True,True,,0,0,True,True,local_support_plus_joint_95pct_likelihood_competition
dpfi,separated_droplets,50,52,2.802588571405,0.09315648574210796,2.799987273455,0.08736061642362755,0.023502305458638063,0.011469451837308055,False,False,True,781.7436312011614,0,0,True,True,local_support_plus_joint_95pct_likelihood_competition
dpfi,separated_droplets,50,53,2.8048919756129997,0.07645541747586887,2.799987273455,0.08736061642362755,0.022483724814298892,0.010025319374084678,False,False,True,762.6905458551255,0,0,True,True,local_support_plus_joint_95pct_likelihood_competition
dpfi,separated_droplets,50,54,2.7695732209815,0.09810885066607183,2.799987273455,0.08736061642362755,0.02243714559430529,0.011532792475539273,True,True,True,,0,0,True,True,local_support_plus_joint_95pct_likelihood_competition
dpfi,separated_droplets,50,55,2.8364554013629997,0.07970478417798316,2.799987273455,0.08736061642362755,0.022025184670071807,0.01046466274805186,True,True,True,,0,0,True,True,local_support_plus_joint_95pct_likelihood_competition
dpfi,separated_droplets,50,56,2.821847803919,0.08514510132236525,2.799987273455,0.08736061642362755,0.022804233688369084,0.010819801976678792,False,False,True,697.1245139772,0,0,True,True,local_support_plus_joint_95pct_likelihood_competition
dpfi,separated_droplets,50,57,2.833894769966,0.08626468268789392,2.799987273455,0.08736061642362755,0.023050585076631127,0.011218006321829057,False,False,True,,0,0,True,True,local_support_plus_joint_95pct_likelihood_competition
dpfi,separated_droplets,50,58,2.7825688084185,0.08349839981062955,2.799987273455,0.08736061642362755,0.022799618248093186,0.010884803302084954,True,True,True,,0,0,True,True,local_support_plus_joint_95pct_likelihood_competition
dpfi,separated_droplets,50,59,2.762306626703,0.0803982326240811,2.799987273455,0.08736061642362755,0.022599414959618532,0.010366710548736328,False,False,True,814.6567811091645,0,0,True,True,local_support_plus_joint_95pct_likelihood_competition
dpfi,separated_droplets,50,60,2.7990573826645,0.08842881355988462,2.799987273455,0.08736061642362755,0.022581028129094252,0.010747727553506307,False,False,True,766.8280236666096,0,0,True,True,local_support_plus_joint_95pct_likelihood_competition
dpfi,separated_droplets,50,61,2.7661061055219998,0.08207773665531001,2.799987273455,0.08736061642362755,0.022630653020585065,0.010332867716795912,True,True,True,,0,0,True,True,local_support_plus_joint_95pct_likelihood_competition
dpfi,separated_droplets,50,62,2.8022694312,0.07089849694452502,2.799987273455,0.08736061642362755,0.02302944889882909,0.010021558989410257,True,True,True,,0,0,True,True,local_support_plus_joint_95pct_likelihood_competition
dpfi,separated_droplets,50,63,2.8168137488785003,0.06570136767035184,2.799987273455,0.08736061642362755,0.022894446275495313,0.009207881863828947,False,False,True,893.243905137675,0,0,True,True,local_support_plus_joint_95pct_likelihood_competition
dpfi,connected_modulated,100,0,2.7584193718309997,0.6351858632562302,2.751540046488,0.6494770333465083,0.025940804864823395,0.02828228110909065,True,True,True,,0,0,True,True,local_support_plus_joint_95pct_likelihood_competition
dpfi,connected_modulated,100,1,2.747012623627,0.6460576693900315,2.751540046488,0.6494770333465083,0.02638788605579301,0.028561033590895003,True,True,True,,0,0,True,True,local_support_plus_joint_95pct_likelihood_competition
dpfi,connected_modulated,100,2,2.714400798014,0.6605385096950926,2.751540046488,0.6494770333465083,0.026666983467546465,0.028540724885612878,True,True,True,,0,0,True,True,local_support_plus_joint_95pct_likelihood_competition
dpfi,connected_modulated,100,3,2.781087229673,0.6599582678041818,2.751540046488,0.6494770333465083,0.027658583385994136,0.02841540602574811,True,True,True,,0,0,True,True,local_support_plus_joint_95pct_likelihood_competition
dpfi,connected_modulated,100,4,2.773545171935,0.6026386983066713,2.751540046488,0.6494770333465083,0.023780092227100418,0.027363097184352272,True,True,True,,0,0,True,True,local_support_plus_joint_95pct_likelihood_competition
dpfi,connected_modulated,100,5,2.7600491688775,0.6008826081615446,2.751540046488,0.6494770333465083,0.02430265786907802,0.02782154109793655,True,True,True,,0,0,True,True,local_support_plus_joint_95pct_likelihood_competition
dpfi,connected_modulated,100,6,2.7545765883640003,0.6593899050386106,2.751540046488,0.6494770333465083,0.027141161872929025,0.02840304112272616,True,True,True,,0,0,True,True,local_support_plus_joint_95pct_likelihood_competition
dpfi,connected_modulated,100,7,2.72181992086,0.6878546508962922,2.751540046488,0.6494770333465083,0.029677264865715966,0.0294659328896426,True,True,True,,0,0,True,True,local_support_plus_joint_95pct_likelihood_competition
dpfi,connected_modulated,100,8,2.7021675189604997,0.6698199558251738,2.751540046488,0.6494770333465083,0.02802022107071197,0.029271500336568425,True,True,True,,0,0,True,True,local_support_plus_joint_95pct_likelihood_competition
dpfi,connected_modulated,100,9,2.7468207841945,0.6779603531493837,2.751540046488,0.6494770333465083,0.0283611060145721,0.028103437527686667,True,True,True,,0,0,True,True,local_support_plus_joint_95pct_likelihood_competition
dpfi,connected_modulated,100,10,2.745541791644,0.6237540578026308,2.751540046488,0.6494770333465083,0.02525446452384896,0.027664823220507083,True,True,True,,0,0,True,True,local_support_plus_joint_95pct_likelihood_competition
dpfi,connected_modulated,100,11,2.7291092699175,0.6619694781566137,2.751540046488,0.6494770333465083,0.027282925679611422,0.02851590238363291,True,True,True,,0,0,True,True,local_support_plus_joint_95pct_likelihood_competition
dpfi,connected_modulated,100,12,2.7109867030625,0.6995273437671304,2.751540046488,0.6494770333465083,0.030235297514399555,0.029051842581069184,True,True,True,,0,0,True,True,local_support_plus_joint_95pct_likelihood_competition
dpfi,connected_modulated,100,13,2.7673186022819998,0.6238978734057808,2.751540046488,0.6494770333465083,0.025637521749892114,0.028179797622054446,True,True,True,,0,0,True,True,local_support_plus_joint_95pct_likelihood_competition
dpfi,connected_modulated,100,14,2.753239549679,0.6703966237650727,2.751540046488,0.6494770333465083,0.02793981929578001,0.02860282147703643,True,True,True,,0,0,True,True,local_support_plus_joint_95pct_likelihood_competition
dpfi,connected_modulated,100,15,2.754027231895,0.5800941478072454,2.751540046488,0.6494770333465083,0.02356905788291992,0.027395464703764565,True,True,True,,0,0,True,True,local_support_plus_joint_95pct_likelihood_competition
dpfi,connected_modulated,100,16,2.758455035054,0.5678715765139027,2.751540046488,0.6494770333465083,0.022654716147671346,0.026990664441818326,True,True,True,,0,0,True,True,local_support_plus_joint_95pct_likelihood_competition
dpfi,connected_modulated,100,17,2.767172435502,0.6425346828025696,2.751540046488,0.6494770333465083,0.02678556744175219,0.028405679918238284,True,True,True,,0,0,True,True,local_support_plus_joint_95pct_likelihood_competition
dpfi,connected_modulated,100,18,2.7073961176695,0.6704165253353842,2.751540046488,0.6494770333465083,0.028240853702850066,0.029108868600516112,True,True,True,,0,0,True,True,local_support_plus_joint_95pct_likelihood_competition
dpfi,connected_modulated,100,19,2.7140911327154997,0.664014491663605,2.751540046488,0.6494770333465083,0.027817287846501657,0.029004513027543807,True,True,True,,0,0,True,True,local_support_plus_joint_95pct_likelihood_competition
dpfi,connected_modulated,100,20,2.720567489675,0.6216674716040638,2.751540046488,0.6494770333465083,0.025443077534538498,0.028727204889939212,True,True,True,,0,0,True,True,local_support_plus_joint_95pct_likelihood_competition
dpfi,connected_modulated,100,21,2.7886932518965,0.643316153765938,2.751540046488,0.6494770333465083,0.02644809825306977,0.027834974751104188,True,True,True,,0,0,True,True,local_support_plus_joint_95pct_likelihood_competition
dpfi,connected_modulated,100,22,2.790208283374,0.6246075896900061,2.751540046488,0.6494770333465083,0.025602587393983134,0.027990269055493643,True,True,True,,0,0,True,True,local_support_plus_joint_95pct_likelihood_competition
dpfi,connected_modulated,100,23,2.746310381366,0.6904919816425762,2.751540046488,0.6494770333465083,0.029590503274267686,0.028614573716987685,True,True,True,,0,0,True,True,local_support_plus_joint_95pct_likelihood_competition
dpfi,connected_modulated,100,24,2.7460195817015,0.6767701181192703,2.751540046488,0.6494770333465083,0.029073928918680585,0.029071043894419658,True,True,True,,0,0,True,True,local_support_plus_joint_95pct_likelihood_competition
dpfi,connected_modulated,100,25,2.769815345464,0.595724132651885,2.751540046488,0.6494770333465083,0.024185764616592883,0.028126821314472368,True,True,True,,0,0,True,True,local_support_plus_joint_95pct_likelihood_competition
dpfi,connected_modulated,100,26,2.7823886603735,0.6290669984171506,2.751540046488,0.6494770333465083,0.025426453838094717,0.027714635552929946,True,True,True,,0,0,True,True,local_support_plus_joint_95pct_likelihood_competition
dpfi,connected_modulated,100,27,2.786908182739,0.6241125052259334,2.751540046488,0.6494770333465083,0.025585901397795704,0.028089156368619066,True,True,True,,0,0,True,True,local_support_plus_joint_95pct_likelihood_competition
dpfi,connected_modulated,100,28,2.713975820411,0.6506777219536285,2.751540046488,0.6494770333465083,0.026517812638916585,0.028656204986492875,True,True,True,,0,0,True,True,local_support_plus_joint_95pct_likelihood_competition
dpfi,connected_modulated,100,29,2.725969727992,0.665483549217861,2.751540046488,0.6494770333465083,0.02769072018824294,0.028782220432373058,True,True,True,,0,0,True,True,local_support_plus_joint_95pct_likelihood_competition
dpfi,connected_modulated,100,30,2.7091309439155,0.7037184472195062,2.751540046488,0.6494770333465083,0.031128917130213197,0.029326830629780636,True,True,True,,0,0,True,True,local_support_plus_joint_95pct_likelihood_competition
dpfi,connected_modulated,100,31,2.7213142584125,0.6530931270195983,2.751540046488,0.6494770333465083,0.02607186395276703,0.028227190450340077,True,True,True,,0,0,True,True,local_support_plus_joint_95pct_likelihood_competition
dpfi,connected_modulated,100,32,2.7962927725115,0.658497901992659,2.751540046488,0.6494770333465083,0.027087791246922413,0.02800468830697892,True,True,True,,0,0,True,True,local_support_plus_joint_95pct_likelihood_competition
dpfi,connected_modulated,100,33,2.7539655280615003,0.6251516595604358,2.751540046488,0.6494770333465083,0.025151842085876692,0.027752009436636665,True,True,True,,0,0,True,True,local_support_plus_joint_95pct_likelihood_competition
dpfi,connected_modulated,100,34,2.7579712744685,0.6592008117470622,2.751540046488,0.6494770333465083,0.027460836385011716,0.028652583061244494,True,True,True,,0,0,True,True,local_support_plus_joint_95pct_likelihood_competition
dpfi,connected_modulated,100,35,2.7894267610495,0.6283841903361487,2.751540046488,0.6494770333465083,0.025893278112762774,0.027919943837961907,True,True,True,,0,0,True,True,local_support_plus_joint_95pct_likelihood_competition
dpfi,connected_modulated,100,36,2.6978013478745,0.6728694473749688,2.751540046488,0.6494770333465083,0.028397125605938933,0.0292070737747712,True,True,True,,0,0,True,True,local_support_plus_joint_95pct_likelihood_competition
dpfi,connected_modulated,100,37,2.781702547952,0.6628742808815333,2.751540046488,0.6494770333465083,0.02783949579408949,0.028294995751464023,True,True,True,,0,0,True,True,local_support_plus_joint_95pct_likelihood_competition
dpfi,connected_modulated,100,38,2.7345176301205,0.6249538302114956,2.751540046488,0.6494770333465083,0.024836111246271313,0.027889932067131404,True,True,True,,0,0,True,True,local_support_plus_joint_95pct_likelihood_competition
dpfi,connected_modulated,100,39,2.7518782917035,0.6387662149113194,2.751540046488,0.6494770333465083,0.026378669283500994,0.02876532691615068,True,True,True,,0,0,True,True,local_support_plus_joint_95pct_likelihood_competition
dpfi,connected_modulated,100,40,2.747801300754,0.6666840712400014,2.751540046488,0.6494770333465083,0.027991789290939418,0.02868461798482314,True,True,True,,0,0,True,True,local_support_plus_joint_95pct_likelihood_competition
dpfi,connected_modulated,100,41,2.7651998450745,0.6844054953597147,2.751540046488,0.6494770333465083,0.02967263315399898,0.029019378208246537,True,True,True,,0,0,True,True,local_support_plus_joint_95pct_likelihood_competition
dpfi,connected_modulated,100,42,2.7274278938085,0.6893807921006486,2.751540046488,0.6494770333465083,0.03083826622890052,0.029990676092779854,True,True,True,,0,0,True,True,local_support_plus_joint_95pct_likelihood_competition
dpfi,connected_modulated,100,43,2.7678773840015003,0.6654905170855037,2.751540046488,0.6494770333465083,0.027751901616346934,0.02860109734584353,True,True,True,,0,0,True,True,local_support_plus_joint_95pct_likelihood_competition
dpfi,connected_modulated,100,44,2.7502273054895,0.6758764863569111,2.751540046488,0.6494770333465083,0.028865602533636552,0.028642853397526657,True,True,True,,0,0,True,True,local_support_plus_joint_95pct_likelihood_competition
dpfi,connected_modulated,100,45,2.6963996348909998,0.6356202381982741,2.751540046488,0.6494770333465083,0.025711500460881265,0.028855857787350427,True,True,True,,0,0,True,True,local_support_plus_joint_95pct_likelihood_competition
dpfi,connected_modulated,100,46,2.7070055254709997,0.6539787163704207,2.751540046488,0.6494770333465083,0.027423413527121417,0.029423016116088923,True,True,True,,0,0,True,True,local_support_plus_joint_95pct_likelihood_competition
dpfi,connected_modulated,100,47,2.7304597381565,0.664500806437726,2.751540046488,0.6494770333465083,0.027885986117988336,0.02906946703920714,True,True,True,,0,0,True,True,local_support_plus_joint_95pct_likelihood_competition
dpfi,connected_modulated,100,48,2.726643786195,0.6950736698712228,2.751540046488,0.6494770333465083,0.029953266345539922,0.028744817086082317,True,True,True,,0,0,True,True,local_support_plus_joint_95pct_likelihood_competition
dpfi,connected_modulated,100,49,2.7495881589125,0.6609864740882787,2.751540046488,0.6494770333465083,0.02724817444013685,0.028532983837130946,True,True,True,,0,0,True,True,local_support_plus_joint_95pct_likelihood_competition
dpfi,connected_modulated,100,50,2.7547846080165,0.6470811128079309,2.751540046488,0.6494770333465083,0.026138355063701345,0.028144916900571863,True,True,True,,0,0,True,True,local_support_plus_joint_95pct_likelihood_competition
dpfi,connected_modulated,100,51,2.7654591398555,0.6702909977318388,2.751540046488,0.6494770333465083,0.0285936661152578,0.028972545987887136,True,True,True,,0,0,True,True,local_support_plus_joint_95pct_likelihood_competition
dpfi,connected_modulated,100,52,2.7594140700755,0.6252225386474065,2.751540046488,0.6494770333465083,0.025758297495632593,0.02844744418725348,True,True,True,,0,0,True,True,local_support_plus_joint_95pct_likelihood_competition
dpfi,connected_modulated,100,53,2.779975142112,0.6465872749840922,2.751540046488,0.6494770333465083,0.02703071703810004,0.028283077585454924,True,True,True,,0,0,True,True,local_support_plus_joint_95pct_likelihood_competition
dpfi,connected_modulated,100,54,2.751566087756,0.653477374824659,2.751540046488,0.6494770333465083,0.02690956403610472,0.028763563681797038,True,True,True,,0,0,True,True,local_support_plus_joint_95pct_likelihood_competition
dpfi,connected_modulated,100,55,2.718474781019,0.6637864935179775,2.751540046488,0.6494770333465083,0.026964913498824388,0.028050621666966563,True,True,True,,0,0,True,True,local_support_plus_joint_95pct_likelihood_competition
dpfi,connected_modulated,100,56,2.7680814165319996,0.637474624601038,2.751540046488,0.6494770333465083,0.025477969358860427,0.027728690224550413,True,True,True,,0,0,True,True,local_support_plus_joint_95pct_likelihood_competition
dpfi,connected_modulated,100,57,2.760981731169,0.6153557741709561,2.751540046488,0.6494770333465083,0.025202170849863956,0.028358005610338934,True,True,True,,0,0,True,True,local_support_plus_joint_95pct_likelihood_competition
dpfi,connected_modulated,100,58,2.7587632608790003,0.6349007471302468,2.751540046488,0.6494770333465083,0.02544880036843432,0.027222202968325542,True,True,True,,0,0,True,True,local_support_plus_joint_95pct_likelihood_competition
dpfi,connected_modulated,100,59,2.7599338850385,0.6407477305105789,2.751540046488,0.6494770333465083,0.025906400031908392,0.027949355720622987,True,True,True,,0,0,True,True,local_support_plus_joint_95pct_likelihood_competition
dpfi,connected_modulated,100,60,2.768268919374,0.6230149534500745,2.751540046488,0.6494770333465083,0.025224517481116194,0.02795430908981197,True,True,True,,0,0,True,True,local_support_plus_joint_95pct_likelihood_competition
dpfi,connected_modulated,100,61,2.7312839529275,0.6490868778311112,2.751540046488,0.6494770333465083,0.027967064418676604,0.029904637347725388,True,True,True,,0,0,True,True,local_support_plus_joint_95pct_likelihood_competition
dpfi,connected_modulated,100,62,2.6534881548585,0.7251116978404017,2.751540046488,0.6494770333465083,0.033879035041826516,0.030381096453450794,True,True,True,,0,0,True,True,local_support_plus_joint_95pct_likelihood_competition
dpfi,connected_modulated,100,63,2.771458567378,0.6387793497886075,2.751540046488,0.6494770333465083,0.02618711896179208,0.028076302454395116,True,True,True,,0,0,True,True,local_support_plus_joint_95pct_likelihood_competition
dpfi,separated_droplets,100,0,2.8039133964035,0.09274770641264318,2.799987273455,0.08736061642362755,0.015799694357273998,0.007944294296821619,False,False,True,1527.659104269529,0,0,True,True,local_support_plus_joint_95pct_likelihood_competition
dpfi,separated_droplets,100,1,2.770974298325,0.07694775321920763,2.799987273455,0.08736061642362755,0.016069746211886032,0.007266071359247375,False,False,True,1818.3006816631896,0,0,True,True,local_support_plus_joint_95pct_likelihood_competition
dpfi,separated_droplets,100,2,2.8107304108465003,0.09659550535886749,2.799987273455,0.08736061642362755,0.016030293507647963,0.008002239711932993,False,False,True,1499.8521511654308,0,0,True,True,local_support_plus_joint_95pct_likelihood_competition
dpfi,separated_droplets,100,3,2.7867783539295,0.08462952100089399,2.799987273455,0.08736061642362755,0.015585404533547422,0.007643485518820566,False,False,True,1471.6698169835472,0,0,True,True,local_support_plus_joint_95pct_likelihood_competition
dpfi,separated_droplets,100,4,2.7789004150715,0.08702751406088538,2.799987273455,0.08736061642362755,0.015929670839045756,0.007704376270877641,True,True,True,,0,0,True,True,local_support_plus_joint_95pct_likelihood_competition
dpfi,separated_droplets,100,5,2.8126069846275,0.08633070776932816,2.799987273455,0.08736061642362755,0.01576707812766865,0.007510125728771945,False,False,True,1577.2811457282287,0,0,True,True,local_support_plus_joint_95pct_likelihood_competition
dpfi,separated_droplets,100,6,2.783930016548,0.0842138995626248,2.799987273455,0.08736061642362755,0.015976180526313364,0.00753389654048315,False,False,True,1634.5580301804112,0,0,True,True,local_support_plus_joint_95pct_likelihood_competition
dpfi,separated_droplets,100,7,2.7669820907,0.09438700705873407,2.799987273455,0.08736061642362755,0.015844097342255396,0.007937906136306008,False,False,True,1434.095602608857,0,0,True,True,local_support_plus_joint_95pct_likelihood_competition
dpfi,separated_droplets,100,8,2.7803736379645,0.08988308841733467,2.799987273455,0.08736061642362755,0.01637463217043467,0.008031643992086064,True,True,True,,0,0,True,True,local_support_plus_joint_95pct_likelihood_competition
dpfi,separated_droplets,100,9,2.8010770376105,0.0814159157067608,2.799987273455,0.08736061642362755,0.015915416809304077,0.007482598245635097,False,False,True,1786.373697695024,0,0,True,True,local_support_plus_joint_95pct_likelihood_competition
dpfi,separated_droplets,100,10,2.807176395318,0.0830781652186123,2.799987273455,0.08736061642362755,0.015910629085470335,0.007539622727682561,False,False,True,1598.2267261437191,0,0,True,True,local_support_plus_joint_95pct_likelihood_competition
dpfi,separated_droplets,100,11,2.7840860484735,0.0883981875369132,2.799987273455,0.08736061642362755,0.015926664145804223,0.0077968220741928985,False,False,True,1766.060881673895,0,0,True,True,local_support_plus_joint_95pct_likelihood_competition
dpfi,separated_droplets,100,12,2.8177207492585,0.09371405963900668,2.799987273455,0.08736061642362755,0.016362165406031682,0.008164509338551102,True,True,True,,0,0,True,True,local_support_plus_joint_95pct_likelihood_competition
dpfi,separated_droplets,100,13,2.787860221397,0.08032114966029352,2.799987273455,0.08736061642362755,0.016068874382871565,0.007372449558833549,True,True,True,,0,0,True,True,local_support_plus_joint_95pct_likelihood_competition
dpfi,separated_droplets,100,14,2.822620172411,0.09284347428474987,2.799987273455,0.08736061642362755,0.01570397886803385,0.007828091324228088,True,True,True,,0,0,True,True,local_support_plus_joint_95pct_likelihood_competition
dpfi,separated_droplets,100,15,2.774553816001,0.1049066739734518,2.799987273455,0.08736061642362755,0.01584599450690845,0.008485401539011356,False,False,True,1356.004291085521,0,0,True,True,local_support_plus_joint_95pct_likelihood_competition
dpfi,separated_droplets,100,16,2.818393879886,0.08213347197304935,2.799987273455,0.08736061642362755,0.01610428480956148,0.007676277508288048,True,True,True,,0,0,True,True,local_support_plus_joint_95pct_likelihood_competition
dpfi,separated_droplets,100,17,2.785623565636,0.08688387003024893,2.799987273455,0.08736061642362755,0.01618770361918609,0.007746815095479856,False,False,True,1646.5382759093118,0,0,True,True,local_support_plus_joint_95pct_likelihood_competition
dpfi,separated_droplets,100,18,2.7728375110185,0.10854698518145327,2.799987273455,0.08736061642362755,0.015781322209522188,0.008490493517548693,False,False,True,1295.6139524812388,0,0,True,True,local_support_plus_joint_95pct_likelihood_competition
dpfi,separated_droplets,100,19,2.807229791757,0.08419742871516808,2.799987273455,0.08736061642362755,0.016088415154345365,0.007627622873246559,False,False,True,1662.740509551748,0,0,True,True,local_support_plus_joint_95pct_likelihood_competition
dpfi,separated_droplets,100,20,2.803319369144,0.08295956833524294,2.799987273455,0.08736061642362755,0.015833888181560608,0.007530752992548487,False,False,True,1650.13845803993,0,0,True,True,local_support_plus_joint_95pct_likelihood_competition
dpfi,separated_droplets,100,21,2.8015723539675,0.09376086355097799,2.799987273455,0.08736061642362755,0.016206145975247457,0.008050638164215898,True,True,True,,0,0,True,True,local_support_plus_joint_95pct_likelihood_competition
dpfi,separated_droplets,100,22,2.791940495461,0.07824075481305005,2.799987273455,0.08736061642362755,0.016104801111653487,0.007347381023816591,False,False,True,,0,0,True,True,local_support_plus_joint_95pct_likelihood_competition
dpfi,separated_droplets,100,23,2.8125286563435,0.08927003925970642,2.799987273455,0.08736061642362755,0.01591532663677143,0.007654264552289923,False,False,True,1554.4533063933286,0,0,True,True,local_support_plus_joint_95pct_likelihood_competition
dpfi,separated_droplets,100,24,2.8146575571875,0.08644853392950066,2.799987273455,0.08736061642362755,0.015891668838354845,0.0077500067654475745,False,False,True,1667.0910246072954,0,0,True,True,local_support_plus_joint_95pct_likelihood_competition
dpfi,separated_droplets,100,25,2.8032208240555,0.09037709876930486,2.799987273455,0.08736061642362755,0.01587317588168908,0.007721833169283571,False,False,True,,0,0,True,True,local_support_plus_joint_95pct_likelihood_competition
dpfi,separated_droplets,100,26,2.8084464770195,0.07786243829686054,2.799987273455,0.08736061642362755,0.01585864644637559,0.007217021346800828,False,False,True,,0,0,True,True,local_support_plus_joint_95pct_likelihood_competition
dpfi,separated_droplets,100,27,2.774433650392,0.10491209249004177,2.799987273455,0.08736061642362755,0.01602919948478539,0.008632102962507557,False,False,True,1498.3594653635337,0,0,True,True,local_support_plus_joint_95pct_likelihood_competition
dpfi,separated_droplets,100,28,2.805013218587,0.0797408042123301,2.799987273455,0.08736061642362755,0.014863574861181512,0.007313138077452508,False,False,True,1901.5737778709708,0,0,True,True,local_support_plus_joint_95pct_likelihood_competition
dpfi,separated_droplets,100,29,2.7907711104694997,0.09075671823432924,2.799987273455,0.08736061642362755,0.01607921766205435,0.007810004289337659,False,False,True,1589.0502687106282,0,0,True,True,local_support_plus_joint_95pct_likelihood_competition
dpfi,separated_droplets,100,30,2.7991006646495,0.07999479745582949,2.799987273455,0.08736061642362755,0.015854806215498264,0.007341280399225455,False,False,True,1794.019597585785,0,0,True,True,local_support_plus_joint_95pct_likelihood_competition
dpfi,separated_droplets,100,31,2.8345056675444997,0.07656909496809575,2.799987273455,0.08736061642362755,0.01560799383806166,0.007301937361751657,True,True,True,,0,0,True,True,local_support_plus_joint_95pct_likelihood_competition
dpfi,separated_droplets,100,32,2.8130401315955,0.08326826909381162,2.799987273455,0.08736061642362755,0.015467745011788462,0.007429513606418839,False,False,True,,0,0,True,True,local_support_plus_joint_95pct_likelihood_competition
dpfi,separated_droplets,100,33,2.7992939696965,0.09186743031023235,2.799987273455,0.08736061642362755,0.01589454649931853,0.00800638388354506,True,True,True,,0,0,True,True,local_support_plus_joint_95pct_likelihood_competition
dpfi,separated_droplets,100,34,2.8289050770305,0.09159036117544586,2.799987273455,0.08736061642362755,0.01596301489146345,0.007967237281240568,False,False,True,,0,0,True,True,local_support_plus_joint_95pct_likelihood_competition
dpfi,separated_droplets,100,35,2.7972226379030003,0.08362033455250718,2.799987273455,0.08736061642362755,0.015977944017367265,0.0074654310860955,False,False,True,1394.136127123562,0,0,True,True,local_support_plus_joint_95pct_likelihood_competition
dpfi,separated_droplets,100,36,2.806088480584,0.09153053475006456,2.799987273455,0.08736061642362755,0.015695835576252856,0.007707323147761012,False,False,True,1654.5169935499507,0,0,True,True,local_support_plus_joint_95pct_likelihood_competition
dpfi,separated_droplets,100,37,2.772587862502,0.08761740182060074,2.799987273455,0.08736061642362755,0.015980571081254207,0.007831270664849722,False,False,True,1525.5158952559177,0,0,True,True,local_support_plus_joint_95pct_likelihood_competition
dpfi,separated_droplets,100,38,2.8262267341955,0.0822227299859378,2.799987273455,0.08736061642362755,0.015938668020326854,0.007520189305605111,False,False,True,,0,0,True,True,local_support_plus_joint_95pct_likelihood_competition
dpfi,separated_droplets,100,39,2.7853075946040002,0.09058723420449788,2.799987273455,0.08736061642362755,0.01595146485269481,0.007766561368411591,False,False,True,1645.8274534767152,0,0,True,True,local_support_plus_joint_95pct_likelihood_competition
dpfi,separated_droplets,100,40,2.801385075947,0.09537188289085081,2.799987273455,0.08736061642362755,0.016033687358576056,0.00805580323140934,False,False,True,1655.82793267526,0,0,True,True,local_support_plus_joint_95pct_likelihood_competition
dpfi,separated_droplets,100,41,2.7949460129125,0.09321506440727859,2.799987273455,0.08736061642362755,0.01613746921061479,0.008123386922250071,True,True,True,,0,0,True,True,local_support_plus_joint_95pct_likelihood_competition
dpfi,separated_droplets,100,42,2.7917210861159996,0.08677494091768875,2.799987273455,0.08736061642362755,0.016162627011979847,0.0076947385867720385,False,False,True,1723.1946927591134,0,0,True,True,local_support_plus_joint_95pct_likelihood_competition
dpfi,separated_droplets,100,43,2.800691465371,0.08465502221820723,2.799987273455,0.08736061642362755,0.01620433518140621,0.00760383582639763,True,True,True,,0,0,True,True,local_support_plus_joint_95pct_likelihood_competition
dpfi,separated_droplets,100,44,2.8232766024245,0.0712367879194298,2.799987273455,0.08736061642362755,0.01593075766457427,0.00674813382770055,False,False,True,1834.6263360625244,0,0,True,True,local_support_plus_joint_95pct_likelihood_competition
dpfi,separated_droplets,100,45,2.8005012422325,0.090738591090373,2.799987273455,0.08736061642362755,0.01594110354825786,0.007884377862281938,False,False,True,1817.1672784381653,0,0,True,True,local_support_plus_joint_95pct_likelihood_competition
dpfi,separated_droplets,100,46,2.7886296768665,0.07972367520962087,2.799987273455,0.08736061642362755,0.015930864339911237,0.007319797823554748,False,False,True,1747.5740566436225,0,0,True,True,local_support_plus_joint_95pct_likelihood_competition
dpfi,separated_droplets,100,47,2.7893200206615,0.09476603930612387,2.799987273455,0.08736061642362755,0.015922754756481416,0.008082782332291993,False,False,True,1757.6699717242955,0,0,True,True,local_support_plus_joint_95pct_likelihood_competition
dpfi,separated_droplets,100,48,2.7931933348055002,0.09637915964562907,2.799987273455,0.08736061642362755,0.01612769949365277,0.008104626418309563,False,False,True,1750.1804157802635,0,0,True,True,local_support_plus_joint_95pct_likelihood_competition
dpfi,separated_droplets,100,49,2.802888132149,0.09124473416599889,2.799987273455,0.08736061642362755,0.016173664250330132,0.008113766081209778,True,True,True,,0,0,True,True,local_support_plus_joint_95pct_likelihood_competition
dpfi,separated_droplets,100,50,2.7901684300425,0.08702530730630495,2.799987273455,0.08736061642362755,0.015940701889913884,0.007670098558903199,False,False,True,1826.2804531787606,0,0,True,True,local_support_plus_joint_95pct_likelihood_competition
dpfi,separated_droplets,100,51,2.7951794026770003,0.0984274387923949,2.799987273455,0.08736061642362755,0.016269534229877942,0.0082949146033561,False,False,True,1579.9534434172156,0,0,True,True,local_support_plus_joint_95pct_likelihood_competition
dpfi,separated_droplets,100,52,2.7966449734724996,0.09708260240727362,2.799987273455,0.08736061642362755,0.016047047183486308,0.008243902048786087,True,True,True,,0,0,True,True,local_support_plus_joint_95pct_likelihood_competition
dpfi,separated_droplets,100,53,2.8044492045695,0.07708884288964113,2.799987273455,0.08736061642362755,0.015826701313487502,0.007223461485705881,False,False,True,,0,0,True,True,local_support_plus_joint_95pct_likelihood_competition
dpfi,separated_droplets,100,54,2.79631540921,0.08721382427166514,2.799987273455,0.08736061642362755,0.015861006877995926,0.007754410592869433,False,False,True,1666.9063555390367,0,0,True,True,local_support_plus_joint_95pct_likelihood_competition
dpfi,separated_droplets,100,55,2.7972883753930002,0.08234909313587943,2.799987273455,0.08736061642362755,0.01608492690291884,0.007523179297262328,False,False,True,1869.0638245249138,0,0,True,True,local_support_plus_joint_95pct_likelihood_competition
dpfi,separated_droplets,100,56,2.7907518798845,0.08455221890371957,2.799987273455,0.08736061642362755,0.01612887891853741,0.007621351052274575,True,True,True,,0,0,True,True,local_support_plus_joint_95pct_likelihood_competition
dpfi,separated_droplets,100,57,2.8330007884889996,0.07895451070143919,2.799987273455,0.08736061642362755,0.01584786637170665,0.0070930369410661795,False,False,True,,0,0,True,True,local_support_plus_joint_95pct_likelihood_competition
dpfi,separated_droplets,100,58,2.799561738515,0.08682850620003649,2.799987273455,0.08736061642362755,0.016192726772537518,0.007716644198128664,True,True,True,,0,0,True,True,local_support_plus_joint_95pct_likelihood_competition
dpfi,separated_droplets,100,59,2.8001834429915,0.07816589777187712,2.799987273455,0.08736061642362755,0.015783071847178618,0.0072298665564673814,True,True,True,,0,0,True,True,local_support_plus_joint_95pct_likelihood_competition
dpfi,separated_droplets,100,60,2.808951059851,0.08403946511572559,2.799987273455,0.08736061642362755,0.016257744377089024,0.007628754698953159,False,False,True,1659.4623022764627,0,0,True,True,local_support_plus_joint_95pct_likelihood_competition
dpfi,separated_droplets,100,61,2.7739129225885,0.09089180685794813,2.799987273455,0.08736061642362755,0.01607085073129125,0.007994914570934038,False,False,True,1450.612421163818,0,0,True,True,local_support_plus_joint_95pct_likelihood_competition
dpfi,separated_droplets,100,62,2.7735836586455,0.08668314074019548,2.799987273455,0.08736061642362755,0.016069724655544997,0.007772895750464358,False,False,True,1680.8579303368915,0,0,True,True,local_support_plus_joint_95pct_likelihood_competition
dpfi,separated_droplets,100,63,2.8056477597205003,0.08573427563540942,2.799987273455,0.08736061642362755,0.016061310861925675,0.00771290229177904,False,False,True,1799.3505658329223,0,0,True,True,local_support_plus_joint_95pct_likelihood_competition
dpfi,connected_modulated,200,0,2.7415495873194997,0.6490279213589261,2.751540046488,0.6494770333465083,0.018676759158936154,0.019697676794990567,True,True,True,,0,0,True,True,local_support_plus_joint_95pct_likelihood_competition
dpfi,connected_modulated,200,1,2.743009787749,0.6615809332963789,2.751540046488,0.6494770333465083,0.019081231985833492,0.019586837294631787,True,True,True,,0,0,True,True,local_support_plus_joint_95pct_likelihood_competition
dpfi,connected_modulated,200,2,2.7719720364185,0.6257849983192274,2.751540046488,0.6494770333465083,0.018021259481479163,0.019384098121302023,True,True,True,,0,0,True,True,local_support_plus_joint_95pct_likelihood_competition
dpfi,connected_modulated,200,3,2.775564107263,0.6578149405632343,2.751540046488,0.6494770333465083,0.019164112719521353,0.019590758420280997,True,True,True,,0,0,True,True,local_support_plus_joint_95pct_likelihood_competition
dpfi,connected_modulated,200,4,2.7446583218439997,0.6580489062001496,2.751540046488,0.6494770333465083,0.019270934188642896,0.01995584624440174,True,True,True,,0,0,True,True,local_support_plus_joint_95pct_likelihood_competition
dpfi,connected_modulated,200,5,2.748596118924,0.642291495625287,2.751540046488,0.6494770333465083,0.018372588302319248,0.019705855554611323,True,True,True,,0,0,True,True,local_support_plus_joint_95pct_likelihood_competition
dpfi,connected_modulated,200,6,2.700114552159,0.6876057577137957,2.751540046488,0.6494770333465083,0.020161313809883098,0.020029129752170916,True,True,True,,0,0,True,True,local_support_plus_joint_95pct_likelihood_competition
dpfi,connected_modulated,200,7,2.783511442249,0.5903020504363535,2.751540046488,0.6494770333465083,0.01669690938293379,0.018713455193682317,True,True,True,,0,0,True,True,local_support_plus_joint_95pct_likelihood_competition
dpfi,connected_modulated,200,8,2.7490223758544996,0.647872344989058,2.751540046488,0.6494770333465083,0.018689668385820514,0.01961259973163054,True,True,True,,0,0,True,True,local_support_plus_joint_95pct_likelihood_competition
dpfi,connected_modulated,200,9,2.712773009622,0.628056952010021,2.751540046488,0.6494770333465083,0.01812239860847827,0.020139957013578753,True,True,True,,0,0,True,True,local_support_plus_joint_95pct_likelihood_competition
dpfi,connected_modulated,200,10,2.7793571451425,0.628428915601173,2.751540046488,0.6494770333465083,0.017688579325183137,0.019006506459480054,True,True,True,,0,0,True,True,local_support_plus_joint_95pct_likelihood_competition
dpfi,connected_modulated,200,11,2.780233079974,0.6734253199608299,2.751540046488,0.6494770333465083,0.019851711989307318,0.019583390181406417,True,True,True,,0,0,True,True,local_support_plus_joint_95pct_likelihood_competition
dpfi,connected_modulated,200,12,2.7312915824145003,0.6679733716985455,2.751540046488,0.6494770333465083,0.019270533704127187,0.019708943069906316,True,True,True,,0,0,True,True,local_support_plus_joint_95pct_likelihood_competition
dpfi,connected_modulated,200,13,2.746795771064,0.6679371586788719,2.751540046488,0.6494770333465083,0.018899968693681147,0.019454860373216608,True,True,True,,0,0,True,True,local_support_plus_joint_95pct_likelihood_competition
dpfi,connected_modulated,200,14,2.722676800398,0.6821185589439092,2.751540046488,0.6494770333465083,0.019600705848010436,0.019671704901567222,True,True,True,,0,0,True,True,local_support_plus_joint_95pct_likelihood_competition
dpfi,connected_modulated,200,15,2.728897262698,0.6436379965799592,2.751540046488,0.6494770333465083,0.018364764974634337,0.01984686367060254,True,True,True,,0,0,True,True,local_support_plus_joint_95pct_likelihood_competition
dpfi,connected_modulated,200,16,2.724489794049,0.6633734715816719,2.751540046488,0.6494770333465083,0.018933494243139268,0.019498016815447747,True,True,True,,0,0,True,True,local_support_plus_joint_95pct_likelihood_competition
dpfi,connected_modulated,200,17,2.7252429019935,0.6588915354199331,2.751540046488,0.6494770333465083,0.01903938220134186,0.019610161415695746,True,True,True,,0,0,True,True,local_support_plus_joint_95pct_likelihood_competition
dpfi,connected_modulated,200,18,2.7183051414315003,0.6814867741747812,2.751540046488,0.6494770333465083,0.020189225010789864,0.020261877491023914,True,True,True,,0,0,True,True,local_support_plus_joint_95pct_likelihood_competition
dpfi,connected_modulated,200,19,2.7288270279290003,0.6865268946080307,2.751540046488,0.6494770333465083,0.0202140590842284,0.019717378607394587,True,True,True,,0,0,True,True,local_support_plus_joint_95pct_likelihood_competition
dpfi,connected_modulated,200,20,2.7055550613105,0.6934539384292803,2.751540046488,0.6494770333465083,0.020850887315922637,0.020239091519667497,True,True,True,,0,0,True,True,local_support_plus_joint_95pct_likelihood_competition
dpfi,connected_modulated,200,21,2.7631052917205,0.6440959239569057,2.751540046488,0.6494770333465083,0.018356665933516536,0.019334321680844806,True,True,True,,0,0,True,True,local_support_plus_joint_95pct_likelihood_competition
dpfi,connected_modulated,200,22,2.7410142107165,0.6642944979750784,2.751540046488,0.6494770333465083,0.018864300943336836,0.019579967022028067,True,True,True,,0,0,True,True,local_support_plus_joint_95pct_likelihood_competition
dpfi,connected_modulated,200,23,2.7392492869674996,0.6478281230417883,2.751540046488,0.6494770333465083,0.018833609432445112,0.019842944958597272,True,True,True,,0,0,True,True,local_support_plus_joint_95pct_likelihood_competition
dpfi,connected_modulated,200,24,2.7664485333485,0.6654892659281383,2.751540046488,0.6494770333465083,0.01916216839037747,0.019493071388581824,True,True,True,,0,0,True,True,local_support_plus_joint_95pct_likelihood_competition
dpfi,connected_modulated,200,25,2.7265181971095,0.6917245238200779,2.751540046488,0.6494770333465083,0.020154347536780474,0.0195519728827964,True,True,True,,0,0,True,True,local_support_plus_joint_95pct_likelihood_competition
dpfi,connected_modulated,200,26,2.7303292389855,0.6631088703746281,2.751540046488,0.6494770333465083,0.018999967442131248,0.019833310290801345,True,True,True,,0,0,True,True,local_support_plus_joint_95pct_likelihood_competition
dpfi,connected_modulated,200,27,2.730339259645,0.6523606751562078,2.751540046488,0.6494770333465083,0.018328510195632194,0.019581136435643094,True,True,True,,0,0,True,True,local_support_plus_joint_95pct_likelihood_competition
dpfi,connected_modulated,200,28,2.739015332556,0.6519519018025393,2.751540046488,0.6494770333465083,0.018728312353455803,0.019615668823729164,True,True,True,,0,0,True,True,local_support_plus_joint_95pct_likelihood_competition
dpfi,connected_modulated,200,29,2.7773708007105,0.660656345531001,2.751540046488,0.6494770333465083,0.019186711969690337,0.019585404494559564,True,True,True,,0,0,True,True,local_support_plus_joint_95pct_likelihood_competition
dpfi,connected_modulated,200,30,2.7910553474735,0.6431408374041255,2.751540046488,0.6494770333465083,0.018249081297725716,0.019002947745747664,True,True,True,,0,0,True,True,local_support_plus_joint_95pct_likelihood_competition
dpfi,connected_modulated,200,31,2.7599116152575,0.6333487206227255,2.751540046488,0.6494770333465083,0.017806682934985548,0.01924300127250257,True,True,True,,0,0,True,True,local_support_plus_joint_95pct_likelihood_competition
dpfi,connected_modulated,200,32,2.750964548951,0.6683180249227755,2.751540046488,0.6494770333465083,0.019601719647619514,0.01980305441883483,True,True,True,,0,0,True,True,local_support_plus_joint_95pct_likelihood_competition
dpfi,connected_modulated,200,33,2.7340797312119998,0.6662636513856863,2.751540046488,0.6494770333465083,0.01953208368624524,0.02009053989313703,True,True,True,,0,0,True,True,local_support_plus_joint_95pct_likelihood_competition
dpfi,connected_modulated,200,34,2.719036799501,0.6664233221641481,2.751540046488,0.6494770333465083,0.019119527675944298,0.019748892500153877,True,True,True,,0,0,True,True,local_support_plus_joint_95pct_likelihood_competition
dpfi,connected_modulated,200,35,2.7330448947935,0.6361886303748586,2.751540046488,0.6494770333465083,0.01793569820186242,0.019723547988668787,True,True,True,,0,0,True,True,local_support_plus_joint_95pct_likelihood_competition
dpfi,connected_modulated,200,36,2.7611582170134996,0.6509182650183025,2.751540046488,0.6494770333465083,0.01847741178343785,0.019400789369330134,True,True,True,,0,0,True,True,local_support_plus_joint_95pct_likelihood_competition
dpfi,connected_modulated,200,37,2.737899408508,0.6207106110034952,2.751540046488,0.6494770333465083,0.017484892945427724,0.01934050598647094,True,True,True,,0,0,True,True,local_support_plus_joint_95pct_likelihood_competition
dpfi,connected_modulated,200,38,2.7464731822855,0.6701827456485396,2.751540046488,0.6494770333465083,0.01981421862891275,0.01998319312324581,True,True,True,,0,0,True,True,local_support_plus_joint_95pct_likelihood_competition
dpfi,connected_modulated,200,39,2.767492696925,0.6341599011078847,2.751540046488,0.6494770333465083,0.01820218542710137,0.019562853226630435,True,True,True,,0,0,True,True,local_support_plus_joint_95pct_likelihood_competition
dpfi,connected_modulated,200,40,2.7540632837940002,0.624900666575037,2.751540046488,0.6494770333465083,0.017700058147678232,0.019257609643745382,True,True,True,,0,0,True,True,local_support_plus_joint_95pct_likelihood_competition
dpfi,connected_modulated,200,41,2.753700367441,0.6142913768163369,2.751540046488,0.6494770333465083,0.017131514332191924,0.019124735539686744,True,True,True,,0,0,True,True,local_support_plus_joint_95pct_likelihood_competition
dpfi,connected_modulated,200,42,2.7444072476435,0.6610521970328901,2.751540046488,0.6494770333465083,0.018430728483525245,0.01917910473694832,True,True,True,,0,0,True,True,local_support_plus_joint_95pct_likelihood_competition
dpfi,connected_modulated,200,43,2.72663575967,0.6616550872486684,2.751540046488,0.6494770333465083,0.019378162806997976,0.019743822281178977,True,True,True,,0,0,True,True,local_support_plus_joint_95pct_likelihood_competition
dpfi,connected_modulated,200,44,2.7499422150305,0.6882049687036286,2.751540046488,0.6494770333465083,0.020421545507405388,0.019603160259468743,True,True,True,,0,0,True,True,local_support_plus_joint_95pct_likelihood_competition
dpfi,connected_modulated,200,45,2.7772023786144997,0.6458236403596802,2.751540046488,0.6494770333465083,0.018236845632457244,0.018967881282208412,True,True,True,,0,0,True,True,local_support_plus_joint_95pct_likelihood_competition
dpfi,connected_modulated,200,46,2.780413257167,0.6218837807529474,2.751540046488,0.6494770333465083,0.01774884148924869,0.019233444214037634,True,True,True,,0,0,True,True,local_support_plus_joint_95pct_likelihood_competition
dpfi,connected_modulated,200,47,2.7485418232320002,0.6533487216382611,2.751540046488,0.6494770333465083,0.018930844180376882,0.019768537584121865,True,True,True,,0,0,True,True,local_support_plus_joint_95pct_likelihood_competition
dpfi,connected_modulated,200,48,2.7224338671805,0.6708093379040974,2.751540046488,0.6494770333465083,0.019239609455048722,0.01956228424161755,True,True,True,,0,0,True,True,local_support_plus_joint_95pct_likelihood_competition
dpfi,connected_modulated,200,49,2.7547986342465,0.6694190309316973,2.751540046488,0.6494770333465083,0.019549571929450123,0.019727381889067412,True,True,True,,0,0,True,True,local_support_plus_joint_95pct_likelihood_competition
dpfi,connected_modulated,200,50,2.733601587111,0.6579621163269509,2.751540046488,0.6494770333465083,0.01852534524418656,0.019615079783162268,True,True,True,,0,0,True,True,local_support_plus_joint_95pct_likelihood_competition
dpfi,connected_modulated,200,51,2.7478000134345,0.6484272640535296,2.751540046488,0.6494770333465083,0.01842052673022717,0.019481450859570426,True,True,True,,0,0,True,True,local_support_plus_joint_95pct_likelihood_competition
dpfi,connected_modulated,200,52,2.7694482303215002,0.6303861297742414,2.751540046488,0.6494770333465083,0.018291538974552917,0.019829159966727277,True,True,True,,0,0,True,True,local_support_plus_joint_95pct_likelihood_competition
dpfi,connected_modulated,200,53,2.723947049947,0.6741913476086572,2.751540046488,0.6494770333465083,0.01950576519805099,0.019770931461233095,True,True,True,,0,0,True,True,local_support_plus_joint_95pct_likelihood_competition
dpfi,connected_modulated,200,54,2.7813459014395,0.6295145624917613,2.751540046488,0.6494770333465083,0.01772799950348251,0.019179559833971137,True,True,True,,0,0,True,True,local_support_plus_joint_95pct_likelihood_competition
dpfi,connected_modulated,200,55,2.748324202547,0.6325920056973648,2.751540046488,0.6494770333465083,0.01784891433132591,0.01952047199871133,True,True,True,,0,0,True,True,local_support_plus_joint_95pct_likelihood_competition
dpfi,connected_modulated,200,56,2.7705921088589998,0.6561346309121976,2.751540046488,0.6494770333465083,0.018780215782022477,0.019094902844464353,True,True,True,,0,0,True,True,local_support_plus_joint_95pct_likelihood_competition
dpfi,connected_modulated,200,57,2.7353365104655003,0.6566824201799842,2.751540046488,0.6494770333465083,0.01891470836124901,0.019582484347312825,True,True,True,,0,0,True,True,local_support_plus_joint_95pct_likelihood_competition
dpfi,connected_modulated,200,58,2.717623374693,0.6842644735507677,2.751540046488,0.6494770333465083,0.020325731201821982,0.020247163970602944,True,True,True,,0,0,True,True,local_support_plus_joint_95pct_likelihood_competition
dpfi,connected_modulated,200,59,2.7826150058825,0.6201365477270759,2.751540046488,0.6494770333465083,0.01777480081234717,0.019404778311550085,True,True,True,,0,0,True,True,local_support_plus_joint_95pct_likelihood_competition
dpfi,connected_modulated,200,60,2.723049633943,0.6534772819161319,2.751540046488,0.6494770333465083,0.0184911180789852,0.019511823179478735,True,True,True,,0,0,True,True,local_support_plus_joint_95pct_likelihood_competition
dpfi,connected_modulated,200,61,2.7299103579204997,0.6820980832221597,2.751540046488,0.6494770333465083,0.02001676663549819,0.019873056948193545,True,True,True,,0,0,True,True,local_support_plus_joint_95pct_likelihood_competition
dpfi,connected_modulated,200,62,2.7502356991575,0.6573609721102651,2.751540046488,0.6494770333465083,0.019017860993448866,0.019825268007211523,True,True,True,,0,0,True,True,local_support_plus_joint_95pct_likelihood_competition
dpfi,connected_modulated,200,63,2.7765370937045,0.6289063182220258,2.751540046488,0.6494770333465083,0.018009313630149893,0.019288926659728683,True,True,True,,0,0,True,True,local_support_plus_joint_95pct_likelihood_competition
dpfi,separated_droplets,200,0,2.7897633452450004,0.09723363946585817,2.799987273455,0.08736061642362755,0.011373836666318327,0.005736542697303574,False,False,True,3455.4790573717637,0,0,True,True,local_support_plus_joint_95pct_likelihood_competition
dpfi,separated_droplets,200,1,2.8045750893449997,0.09157769262854745,2.799987273455,0.08736061642362755,0.011234402748043796,0.005587042800551634,False,False,True,3202.9234382203285,0,0,True,True,local_support_plus_joint_95pct_likelihood_competition
dpfi,separated_droplets,200,2,2.8143889176085,0.0750806844588032,2.799987273455,0.08736061642362755,0.011127708242727826,0.0049329507345908736,False,False,True,,0,0,True,True,local_support_plus_joint_95pct_likelihood_competition
dpfi,separated_droplets,200,3,2.7948826926195,0.08830661203581176,2.799987273455,0.08736061642362755,0.011445148073596846,0.0054552319264932455,False,False,True,3468.5603280547984,0,0,True,True,local_support_plus_joint_95pct_likelihood_competition
dpfi,separated_droplets,200,4,2.8224440195455003,0.09441807928730386,2.799987273455,0.08736061642362755,0.0111775974737937,0.005534053982825514,False,False,True,3274.6272888999965,0,0,True,True,local_support_plus_joint_95pct_likelihood_competition
dpfi,separated_droplets,200,5,2.8036813553295,0.07993741875593233,2.799987273455,0.08736061642362755,0.011103241428261567,0.005132258371832557,False,False,True,3736.8943794892575,0,0,True,True,local_support_plus_joint_95pct_likelihood_competition
dpfi,separated_droplets,200,6,2.7892903839185,0.09758116374132356,2.799987273455,0.08736061642362755,0.011289254134274734,0.005674253839580911,False,False,True,3132.4239988441186,0,0,True,True,local_support_plus_joint_95pct_likelihood_competition
dpfi,separated_droplets,200,7,2.793335593202,0.08295904659590546,2.799987273455,0.08736061642362755,0.011309237812957364,0.005321858653071968,False,False,True,3901.5286147331117,0,0,True,True,local_support_plus_joint_95pct_likelihood_competition
dpfi,separated_droplets,200,8,2.822825213874,0.08149892912755827,2.799987273455,0.08736061642362755,0.011100997009310781,0.005126720945611476,False,False,True,3790.143019128468,0,0,True,True,local_support_plus_joint_95pct_likelihood_competition
dpfi,separated_droplets,200,9,2.7953184419975,0.08168612923491247,2.799987273455,0.08736061642362755,0.01124821581026501,0.005192810334455343,False,False,True,3251.9812939272324,0,0,True,True,local_support_plus_joint_95pct_likelihood_competition
dpfi,separated_droplets,200,10,2.803347151148,0.08733060808591984,2.799987273455,0.08736061642362755,0.011121982156993362,0.005458112006877989,False,False,True,3522.314791130788,0,0,True,True,local_support_plus_joint_95pct_likelihood_competition
dpfi,separated_droplets,200,11,2.786129726344,0.09154895583731984,2.799987273455,0.08736061642362755,0.011585684418233466,0.005642334380693646,False,False,True,3458.0431920336814,0,0,True,True,local_support_plus_joint_95pct_likelihood_competition
dpfi,separated_droplets,200,12,2.7890463240135,0.0948860345884043,2.799987273455,0.08736061642362755,0.011289151335531954,0.005653285336748163,False,False,True,3373.4064779321416,0,0,True,True,local_support_plus_joint_95pct_likelihood_competition
dpfi,separated_droplets,200,13,2.7903146088134996,0.09026664781012361,2.799987273455,0.08736061642362755,0.011249816812781458,0.005521746372020759,False,False,True,3413.2433245196835,0,0,True,True,local_support_plus_joint_95pct_likelihood_competition
dpfi,separated_droplets,200,14,2.806791056684,0.08648982283837042,2.799987273455,0.08736061642362755,0.01104749784476057,0.005393579334285675,False,False,True,3652.9764237947256,0,0,True,True,local_support_plus_joint_95pct_likelihood_competition
dpfi,separated_droplets,200,15,2.7720440296974997,0.08832548172152811,2.799987273455,0.08736061642362755,0.011273367405630999,0.005586373514384111,False,False,True,3646.107346603161,0,0,True,True,local_support_plus_joint_95pct_likelihood_competition
dpfi,separated_droplets,200,16,2.7996160398205,0.08770399906855568,2.799987273455,0.08736061642362755,0.011202445308152564,0.005466061102684075,False,False,True,3282.476953244999,0,0,True,True,local_support_plus_joint_95pct_likelihood_competition
dpfi,separated_droplets,200,17,2.7861942957209997,0.08824495733372562,2.799987273455,0.08736061642362755,0.01110782705004904,0.005479194211016257,False,False,True,3270.616146229644,0,0,True,True,local_support_plus_joint_95pct_likelihood_competition
dpfi,separated_droplets,200,18,2.8031863420245,0.08641583066296342,2.799987273455,0.08736061642362755,0.011153184646556815,0.00533703028107994,False,False,True,3484.4391225916543,0,0,True,True,local_support_plus_joint_95pct_likelihood_competition
dpfi,separated_droplets,200,19,2.795083822574,0.08779678650382677,2.799987273455,0.08736061642362755,0.011239439037641621,0.005510675782051889,False,False,True,3160.482920862336,0,0,True,True,local_support_plus_joint_95pct_likelihood_competition
dpfi,separated_droplets,200,20,2.8021010210824997,0.08577946946289894,2.799987273455,0.08736061642362755,0.011410532341463052,0.0053975715032790975,False,False,True,3251.448977842405,0,0,True,True,local_support_plus_joint_95pct_likelihood_competition
dpfi,separated_droplets,200,21,2.7823156556170003,0.08148006155182155,2.799987273455,0.08736061642362755,0.011146724582134669,0.005217040946463715,False,False,True,3253.0413862039695,0,0,True,True,local_support_plus_joint_95pct_likelihood_competition
dpfi,separated_droplets,200,22,2.8348589291465,0.08384901883007523,2.799987273455,0.08736061642362755,0.011064434889544507,0.005269573127018797,True,True,True,,0,0,True,True,local_support_plus_joint_95pct_likelihood_competition
dpfi,separated_droplets,200,23,2.8015642513195003,0.08099186941271476,2.799987273455,0.08736061642362755,0.011078671860405256,0.005156497374571513,False,False,True,3456.878138977261,0,0,True,True,local_support_plus_joint_95pct_likelihood_competition
dpfi,separated_droplets,200,24,2.8104345792645002,0.08191494357924738,2.799987273455,0.08736061642362755,0.011061768607585978,0.005249088176980538,False,False,True,3425.807376193128,0,0,True,True,local_support_plus_joint_95pct_likelihood_competition
dpfi,separated_droplets,200,25,2.804198241701,0.0836599798883434,2.799987273455,0.08736061642362755,0.011108378273588309,0.005267833132916836,True,True,True,,0,0,True,True,local_support_plus_joint_95pct_likelihood_competition
dpfi,separated_droplets,200,26,2.7832441327975,0.08882595417706535,2.799987273455,0.08736061642362755,0.01125273249939526,0.005553119132348541,False,False,True,3138.0249096686784,0,0,True,True,local_support_plus_joint_95pct_likelihood_competition
dpfi,separated_droplets,200,27,2.8047670245115,0.09483153794980488,2.799987273455,0.08736061642362755,0.011260770123961109,0.005599992685244898,True,True,True,,0,0,True,True,local_support_plus_joint_95pct_likelihood_competition
dpfi,separated_droplets,200,28,2.804042385,0.08496299200340085,2.799987273455,0.08736061642362755,0.011212844624668723,0.005267944374782004,False,False,True,3725.5254861504527,0,0,True,True,local_support_plus_joint_95pct_likelihood_competition
dpfi,separated_droplets,200,29,2.818748191341,0.09517496106028751,2.799987273455,0.08736061642362755,0.011222274371672171,0.005612847544917199,False,False,True,3508.201200056269,0,0,True,True,local_support_plus_joint_95pct_likelihood_competition
dpfi,separated_droplets,200,30,2.8017611791315,0.09851102676532972,2.799987273455,0.08736061642362755,0.011224189995777293,0.0058215075054409236,False,False,True,3141.4962257788193,0,0,True,True,local_support_plus_joint_95pct_likelihood_competition
dpfi,separated_droplets,200,31,2.7983959913065,0.09195495224045155,2.799987273455,0.08736061642362755,0.011223699905310159,0.005660110496053416,False,False,True,3090.8782505168847,0,0,True,True,local_support_plus_joint_95pct_likelihood_competition
dpfi,separated_droplets,200,32,2.8068677901795,0.08839047638465333,2.799987273455,0.08736061642362755,0.011112511667445384,0.00539871395135418,False,False,True,,0,0,True,True,local_support_plus_joint_95pct_likelihood_competition
dpfi,separated_droplets,200,33,2.7923547497855,0.09200997460534752,2.799987273455,0.08736061642362755,0.01132766625886045,0.005649073510398171,False,False,True,3168.6586465138807,0,0,True,True,local_support_plus_joint_95pct_likelihood_competition
dpfi,separated_droplets,200,34,2.816847197703,0.08302731554053092,2.799987273455,0.08736061642362755,0.011191253522837763,0.005238786554857409,False,False,True,,0,0,True,True,local_support_plus_joint_95pct_likelihood_competition
dpfi,separated_droplets,200,35,2.7835634759375,0.08894208399566428,2.799987273455,0.08736061642362755,0.011278334066587733,0.005461686427212428,False,False,True,3283.4076009049677,0,0,True,True,local_support_plus_joint_95pct_likelihood_competition
dpfi,separated_droplets,200,36,2.7977069329865003,0.09110627394100224,2.799987273455,0.08736061642362755,0.01111139721899936,0.005554514743308072,True,True,True,,0,0,True,True,local_support_plus_joint_95pct_likelihood_competition
dpfi,separated_droplets,200,37,2.7941889329175,0.08272900160929827,2.799987273455,0.08736061642362755,0.011303703279855278,0.005282621087583958,True,True,True,,0,0,True,True,local_support_plus_joint_95pct_likelihood_competition
dpfi,separated_droplets,200,38,2.8121743492375,0.0887207078642334,2.799987273455,0.08736061642362755,0.011220284945549212,0.0054338420332015105,False,False,True,3722.95081736286,0,0,True,True,local_support_plus_joint_95pct_likelihood_competition
dpfi,separated_droplets,200,39,2.8050833003860003,0.0873973223383399,2.799987273455,0.08736061642362755,0.011303956058621356,0.005439980679606029,False,False,True,2984.2146845138677,0,0,True,True,local_support_plus_joint_95pct_likelihood_competition
dpfi,separated_droplets,200,40,2.801247200149,0.09026668501182197,2.799987273455,0.08736061642362755,0.011337275502732768,0.005548130889221421,False,False,True,3492.9860803460724,0,0,True,True,local_support_plus_joint_95pct_likelihood_competition
dpfi,separated_droplets,200,41,2.796731089705,0.09105711347124218,2.799987273455,0.08736061642362755,0.011331980993916635,0.005557127264637553,False,False,True,3269.843886593375,0,0,True,True,local_support_plus_joint_95pct_likelihood_competition
dpfi,separated_droplets,200,42,2.797952254307,0.08789279033567378,2.799987273455,0.08736061642362755,0.011146402794936535,0.005380473168892957,False,False,True,3411.8709923695933,0,0,True,True,local_support_plus_joint_95pct_likelihood_competition
dpfi,separated_droplets,200,43,2.791616161857,0.08884419952592751,2.799987273455,0.08736061642362755,0.011170251750248376,0.005386272469662682,False,False,True,3364.549542010802,0,0,True,True,local_support_plus_joint_95pct_likelihood_competition
dpfi,separated_droplets,200,44,2.7963877039150002,0.08730358940039021,2.799987273455,0.08736061642362755,0.011139497158833923,0.005467680284581282,False,False,True,3318.927967689505,0,0,True,True,local_support_plus_joint_95pct_likelihood_competition
dpfi,separated_droplets,200,45,2.8094464086865,0.08660823202004042,2.799987273455,0.08736061642362755,0.011095909622715821,0.005357111754960947,False,False,True,3305.1376635336474,0,0,True,True,local_support_plus_joint_95pct_likelihood_competition
dpfi,separated_droplets,200,46,2.7942865725384998,0.09083473432025219,2.799987273455,0.08736061642362755,0.0111485201860117,0.005609121618306229,True,True,True,,0,0,True,True,local_support_plus_joint_95pct_likelihood_competition
dpfi,separated_droplets,200,47,2.7737573492805,0.09203023703419307,2.799987273455,0.08736061642362755,0.01121672623052889,0.005615867438865141,False,False,True,3155.6476487461896,0,0,True,True,local_support_plus_joint_95pct_likelihood_competition
dpfi,separated_droplets,200,48,2.7884004529885003,0.083628684800502,2.799987273455,0.08736061642362755,0.011242296379665844,0.005291083864282004,False,False,True,3510.3257106443425,0,0,True,True,local_support_plus_joint_95pct_likelihood_competition
dpfi,separated_droplets,200,49,2.7828481164415,0.09052552479896114,2.799987273455,0.08736061642362755,0.011331892048615662,0.005526359602747014,False,False,True,3133.1083772883694,0,0,True,True,local_support_plus_joint_95pct_likelihood_competition
dpfi,separated_droplets,200,50,2.8171320359115004,0.07681017450573657,2.799987273455,0.08736061642362755,0.011277342420949249,0.005061786477014908,False,False,True,3808.5901936449654,0,0,True,True,local_support_plus_joint_95pct_likelihood_competition
dpfi,separated_droplets,200,51,2.800784787865,0.08834556355210817,2.799987273455,0.08736061642362755,0.01121196276028774,0.005445920243766618,True,True,True,,0,0,True,True,local_support_plus_joint_95pct_likelihood_competition
dpfi,separated_droplets,200,52,2.8013203583115,0.08329192782873479,2.799987273455,0.08736061642362755,0.011155749422799264,0.005243340291683894,False,False,True,3287.924400446628,0,0,True,True,local_support_plus_joint_95pct_likelihood_competition
dpfi,separated_droplets,200,53,2.7884858213449997,0.0978526924337518,2.799987273455,0.08736061642362755,0.011037762339723582,0.00585307812931404,False,False,True,3376.1006597134347,0,0,True,True,local_support_plus_joint_95pct_likelihood_competition
dpfi,separated_droplets,200,54,2.8067404803234997,0.08148569404862284,2.799987273455,0.08736061642362755,0.011074734896013301,0.005183382930635565,False,False,True,3305.9827307198357,0,0,True,True,local_support_plus_joint_95pct_likelihood_competition
dpfi,separated_droplets,200,55,2.804742527667,0.08343493161038709,2.799987273455,0.08736061642362755,0.011208823036526174,0.005344600518413181,False,False,True,3504.837223778941,0,0,True,True,local_support_plus_joint_95pct_likelihood_competition
dpfi,separated_droplets,200,56,2.812123107492,0.0852258692212014,2.799987273455,0.08736061642362755,0.011171864904785528,0.005281198326897831,False,False,True,3637.296646500169,0,0,True,True,local_support_plus_joint_95pct_likelihood_competition
dpfi,separated_droplets,200,57,2.7984848011005,0.08451380814438558,2.799987273455,0.08736061642362755,0.011317503099498636,0.005410712177730229,True,True,True,,0,0,True,True,local_support_plus_joint_95pct_likelihood_competition
dpfi,separated_droplets,200,58,2.8176432634779998,0.0856932528922754,2.799987273455,0.08736061642362755,0.011148994317067305,0.005300751175986216,True,True,True,,0,0,True,True,local_support_plus_joint_95pct_likelihood_competition
dpfi,separated_droplets,200,59,2.8005234558405,0.08587992730891884,2.799987273455,0.08736061642362755,0.010973365294966978,0.00528919985934963,False,False,True,2889.63272531839,0,0,True,True,local_support_plus_joint_95pct_likelihood_competition
dpfi,separated_droplets,200,60,2.798272454692,0.09111604997435341,2.799987273455,0.08736061642362755,0.011182212259152854,0.0054414855002835605,False,False,True,3143.795121398606,0,0,True,True,local_support_plus_joint_95pct_likelihood_competition
dpfi,separated_droplets,200,61,2.7991707176235,0.0890529202403811,2.799987273455,0.08736061642362755,0.01112775328919274,0.005392875144456488,False,False,True,3057.4445843354697,0,0,True,True,local_support_plus_joint_95pct_likelihood_competition
dpfi,separated_droplets,200,62,2.7941353871045003,0.08136120463159754,2.799987273455,0.08736061642362755,0.0109410292341211,0.005188324776805057,False,False,True,3409.327008537972,0,0,True,True,local_support_plus_joint_95pct_likelihood_competition
dpfi,separated_droplets,200,63,2.820113598732,0.08004322379939122,2.799987273455,0.08736061642362755,0.011240986138154557,0.005155595632979261,False,False,True,,0,0,True,True,local_support_plus_joint_95pct_likelihood_competition
dpfi,connected_modulated,400,0,2.748370260388,0.6465211683769971,2.751540046488,0.6494770333465083,0.013103450901836726,0.013841563432312902,True,True,True,,0,0,True,True,local_support_plus_joint_95pct_likelihood_competition
dpfi,connected_modulated,400,1,2.748596733056,0.6574947874689504,2.751540046488,0.6494770333465083,0.013270870470314293,0.013739345852389999,True,True,True,,0,0,True,True,local_support_plus_joint_95pct_likelihood_competition
dpfi,connected_modulated,400,2,2.7389452149434996,0.6471101931774335,2.751540046488,0.6494770333465083,0.012728350844952038,0.013604511351175998,True,True,True,,0,0,True,True,local_support_plus_joint_95pct_likelihood_competition
dpfi,connected_modulated,400,3,2.7536929652205,0.6470566502006897,2.751540046488,0.6494770333465083,0.013148800098563796,0.013689428931334895,True,True,True,,0,0,True,True,local_support_plus_joint_95pct_likelihood_competition
dpfi,connected_modulated,400,4,2.7629609384925002,0.6508923769618558,2.751540046488,0.6494770333465083,0.013058928067919601,0.013498818914724356,True,True,True,,0,0,True,True,local_support_plus_joint_95pct_likelihood_competition
dpfi,connected_modulated,400,5,2.737673096539,0.6345393590405801,2.751540046488,0.6494770333465083,0.0126037758909205,0.013679926337162737,True,True,True,,0,0,True,True,local_support_plus_joint_95pct_likelihood_competition
dpfi,connected_modulated,400,6,2.7531023967020003,0.6546508753995883,2.751540046488,0.6494770333465083,0.013143979839246292,0.01351460827494874,True,True,True,,0,0,True,True,local_support_plus_joint_95pct_likelihood_competition
dpfi,connected_modulated,400,7,2.7409665749074996,0.657468926014295,2.751540046488,0.6494770333465083,0.013048160975559029,0.013466014666692276,True,True,True,,0,0,True,True,local_support_plus_joint_95pct_likelihood_competition
dpfi,connected_modulated,400,8,2.7536171677974997,0.6606319138162463,2.751540046488,0.6494770333465083,0.013397389086931192,0.013785351138708055,True,True,True,,0,0,True,True,local_support_plus_joint_95pct_likelihood_competition
dpfi,connected_modulated,400,9,2.7595019997905004,0.6218761232012683,2.751540046488,0.6494770333465083,0.012381220540406761,0.013391454140496032,True,True,True,,0,0,True,True,local_support_plus_joint_95pct_likelihood_competition
dpfi,connected_modulated,400,10,2.7509979587865,0.6319837907874167,2.751540046488,0.6494770333465083,0.012466047544973477,0.01355989870165624,True,True,True,,0,0,True,True,local_support_plus_joint_95pct_likelihood_competition
dpfi,connected_modulated,400,11,2.7509401334315,0.6557092237413777,2.751540046488,0.6494770333465083,0.013341492063669965,0.013742569971714887,True,True,True,,0,0,True,True,local_support_plus_joint_95pct_likelihood_competition
dpfi,connected_modulated,400,12,2.739582055477,0.6542781253671841,2.751540046488,0.6494770333465083,0.01305194316036915,0.013688613997149657,True,True,True,,0,0,True,True,local_support_plus_joint_95pct_likelihood_competition
dpfi,connected_modulated,400,13,2.7397043191675,0.6834044590529611,2.751540046488,0.6494770333465083,0.014259971992835132,0.013933284387569625,True,True,True,,0,0,True,True,local_support_plus_joint_95pct_likelihood_competition
dpfi,connected_modulated,400,14,2.7445306080435,0.6327999620347569,2.751540046488,0.6494770333465083,0.012678931769926825,0.013597652687563954,True,True,True,,0,0,True,True,local_support_plus_joint_95pct_likelihood_competition
dpfi,connected_modulated,400,15,2.757908592615,0.6609223442785652,2.751540046488,0.6494770333465083,0.013544512650077148,0.013733428046941318,True,True,True,,0,0,True,True,local_support_plus_joint_95pct_likelihood_competition
dpfi,connected_modulated,400,16,2.7493542013945,0.6284715455853753,2.751540046488,0.6494770333465083,0.012546115373251987,0.013606707009021092,True,True,True,,0,0,True,True,local_support_plus_joint_95pct_likelihood_competition
dpfi,connected_modulated,400,17,2.7393310799005,0.684509585679351,2.751540046488,0.6494770333465083,0.01394298814890348,0.013457048926926314,True,True,True,,0,0,True,True,local_support_plus_joint_95pct_likelihood_competition
dpfi,connected_modulated,400,18,2.7430528378435,0.6606540716851017,2.751540046488,0.6494770333465083,0.013462187457067036,0.013834932343627995,True,True,True,,0,0,True,True,local_support_plus_joint_95pct_likelihood_competition
dpfi,connected_modulated,400,19,2.746339780526,0.656342006409167,2.751540046488,0.6494770333465083,0.013026465050172163,0.013521788849263104,True,True,True,,0,0,True,True,local_support_plus_joint_95pct_likelihood_competition
dpfi,connected_modulated,400,20,2.7610391060195,0.6366279098129264,2.751540046488,0.6494770333465083,0.012571447144357926,0.01344380049345057,True,True,True,,0,0,True,True,local_support_plus_joint_95pct_likelihood_competition
dpfi,connected_modulated,400,21,2.7256322311980004,0.636203148588458,2.751540046488,0.6494770333465083,0.01245124256371414,0.013553339797281218,True,True,True,,0,0,True,True,local_support_plus_joint_95pct_likelihood_competition
dpfi,connected_modulated,400,22,2.7559225090705,0.6604781742883008,2.751540046488,0.6494770333465083,0.013259592075835958,0.013588830883418822,True,True,True,,0,0,True,True,local_support_plus_joint_95pct_likelihood_competition
dpfi,connected_modulated,400,23,2.756276994108,0.6428026165138743,2.751540046488,0.6494770333465083,0.012883826391777105,0.013680221255573263,True,True,True,,0,0,True,True,local_support_plus_joint_95pct_likelihood_competition
dpfi,connected_modulated,400,24,2.728610968097,0.6645613464501863,2.751540046488,0.6494770333465083,0.01345039747867123,0.01387424389364534,True,True,True,,0,0,True,True,local_support_plus_joint_95pct_likelihood_competition
dpfi,connected_modulated,400,25,2.7297251437705,0.6887535314997288,2.751540046488,0.6494770333465083,0.014661082605680522,0.01406867223799177,True,True,True,,0,0,True,True,local_support_plus_joint_95pct_likelihood_competition
dpfi,connected_modulated,400,26,2.7455887785044997,0.6510766050225453,2.751540046488,0.6494770333465083,0.013176007550761329,0.013855449205059135,True,True,True,,0,0,True,True,local_support_plus_joint_95pct_likelihood_competition
dpfi,connected_modulated,400,27,2.7606215155405,0.6457530658749169,2.751540046488,0.6494770333465083,0.013028692397061696,0.013686986197519303,True,True,True,,0,0,True,True,local_support_plus_joint_95pct_likelihood_competition
dpfi,connected_modulated,400,28,2.7536075638834996,0.6503635897084934,2.751540046488,0.6494770333465083,0.01310450602370749,0.013651282641480618,True,True,True,,0,0,True,True,local_support_plus_joint_95pct_likelihood_competition
dpfi,connected_modulated,400,29,2.7723217626585,0.6382007182211844,2.751540046488,0.6494770333465083,0.012737088703459867,0.01356317997864643,True,True,True,,0,0,True,True,local_support_plus_joint_95pct_likelihood_competition
dpfi,connected_modulated,400,30,2.7786541434765,0.6331036439717406,2.751540046488,0.6494770333465083,0.01286861855708691,0.013523511309834483,True,True,True,,0,0,True,True,local_support_plus_joint_95pct_likelihood_competition
dpfi,connected_modulated,400,31,2.7607775802245,0.653772465710773,2.751540046488,0.6494770333465083,0.01319878583875155,0.013675170166756484,True,True,True,,0,0,True,True,local_support_plus_joint_95pct_likelihood_competition
dpfi,connected_modulated,400,32,2.760055976148,0.6417710600998452,2.751540046488,0.6494770333465083,0.01310298577729631,0.013555454301366057,True,True,True,,0,0,True,True,local_support_plus_joint_95pct_likelihood_competition
dpfi,connected_modulated,400,33,2.7384084554335,0.6314574766601391,2.751540046488,0.6494770333465083,0.012411531129630492,0.013432614264933562,True,True,True,,0,0,True,True,local_support_plus_joint_95pct_likelihood_competition
dpfi,connected_modulated,400,34,2.7558008976919997,0.650376414785172,2.751540046488,0.6494770333465083,0.012836117675476188,0.013423935019927757,True,True,True,,0,0,True,True,local_support_plus_joint_95pct_likelihood_competition
dpfi,connected_modulated,400,35,2.7732767024265,0.6396220943537886,2.751540046488,0.6494770333465083,0.012596076750776166,0.013374071944054223,True,True,True,,0,0,True,True,local_support_plus_joint_95pct_likelihood_competition
dpfi,connected_modulated,400,36,2.7513792997355,0.6376967792438946,2.751540046488,0.6494770333465083,0.012920729428377216,0.013768306582332222,True,True,True,,0,0,True,True,local_support_plus_joint_95pct_likelihood_competition
dpfi,connected_modulated,400,37,2.7468342504805,0.6534200303135966,2.751540046488,0.6494770333465083,0.01297335489815458,0.013559568847450163,True,True,True,,0,0,True,True,local_support_plus_joint_95pct_likelihood_competition
dpfi,connected_modulated,400,38,2.7532744072325,0.6591974615129197,2.751540046488,0.6494770333465083,0.01346584189295791,0.013835632823224723,True,True,True,,0,0,True,True,local_support_plus_joint_95pct_likelihood_competition
dpfi,connected_modulated,400,39,2.7507187706655003,0.6415587850057771,2.751540046488,0.6494770333465083,0.012782208005321805,0.013563505521116737,True,True,True,,0,0,True,True,local_support_plus_joint_95pct_likelihood_competition
dpfi,connected_modulated,400,40,2.750290287001,0.6520126731556652,2.751540046488,0.6494770333465083,0.013146225251196145,0.01369335448432651,True,True,True,,0,0,True,True,local_support_plus_joint_95pct_likelihood_competition
dpfi,connected_modulated,400,41,2.7559495694435,0.6391341822223373,2.751540046488,0.6494770333465083,0.012764878842119333,0.013499966265225682,True,True,True,,0,0,True,True,local_support_plus_joint_95pct_likelihood_competition
dpfi,connected_modulated,400,42,2.7204694461305,0.6727901351010792,2.751540046488,0.6494770333465083,0.01363475233171502,0.013742906728993115,True,True,True,,0,0,True,True,local_support_plus_joint_95pct_likelihood_competition
dpfi,connected_modulated,400,43,2.7474609380560002,0.6537277093834901,2.751540046488,0.6494770333465083,0.013138376341232343,0.013668863258887847,True,True,True,,0,0,True,True,local_support_plus_joint_95pct_likelihood_competition
dpfi,connected_modulated,400,44,2.7708304880525,0.6280033013410552,2.751540046488,0.6494770333465083,0.01232595464512533,0.013194132304137494,True,True,True,,0,0,True,True,local_support_plus_joint_95pct_likelihood_competition
dpfi,connected_modulated,400,45,2.7553449597815,0.6461134973522964,2.751540046488,0.6494770333465083,0.012862917360149367,0.013470798608397805,True,True,True,,0,0,True,True,local_support_plus_joint_95pct_likelihood_competition
dpfi,connected_modulated,400,46,2.738243459954,0.656075179161272,2.751540046488,0.6494770333465083,0.013288732146310045,0.013818578256827812,True,True,True,,0,0,True,True,local_support_plus_joint_95pct_likelihood_competition
dpfi,connected_modulated,400,47,2.767023834712,0.6402545947589149,2.751540046488,0.6494770333465083,0.012832239724710981,0.013613712072574427,True,True,True,,0,0,True,True,local_support_plus_joint_95pct_likelihood_competition
dpfi,connected_modulated,400,48,2.749400330853,0.6357025544337974,2.751540046488,0.6494770333465083,0.012543132598010352,0.013471312954068991,True,True,True,,0,0,True,True,local_support_plus_joint_95pct_likelihood_competition
dpfi,connected_modulated,400,49,2.750479229185,0.6486434544936746,2.751540046488,0.6494770333465083,0.01284334428851935,0.01353853952320407,True,True,True,,0,0,True,True,local_support_plus_joint_95pct_likelihood_competition
dpfi,connected_modulated,400,50,2.7382331938945,0.6654085895890901,2.751540046488,0.6494770333465083,0.013303846104760748,0.013632784109274744,True,True,True,,0,0,True,True,local_support_plus_joint_95pct_likelihood_competition
dpfi,connected_modulated,400,51,2.784805449544,0.6371311416665075,2.751540046488,0.6494770333465083,0.012726848128859825,0.01337159063962967,True,True,True,,0,0,True,True,local_support_plus_joint_95pct_likelihood_competition
dpfi,connected_modulated,400,52,2.7388427417275,0.6523170372358963,2.751540046488,0.6494770333465083,0.013318068898238132,0.013879237747884134,True,True,True,,0,0,True,True,local_support_plus_joint_95pct_likelihood_competition
dpfi,connected_modulated,400,53,2.7529966802065,0.6332346318565663,2.751540046488,0.6494770333465083,0.012579028539630645,0.013524365403353151,True,True,True,,0,0,True,True,local_support_plus_joint_95pct_likelihood_competition
dpfi,connected_modulated,400,54,2.7711898503465,0.6471387743871747,2.751540046488,0.6494770333465083,0.01286017646023869,0.013302736829665297,True,True,True,,0,0,True,True,local_support_plus_joint_95pct_likelihood_competition
dpfi,connected_modulated,400,55,2.7603775183805004,0.648396046921162,2.751540046488,0.6494770333465083,0.013108269564798393,0.013653181431496264,True,True,True,,0,0,True,True,local_support_plus_joint_95pct_likelihood_competition
dpfi,connected_modulated,400,56,2.750553610696,0.6322007839983442,2.751540046488,0.6494770333465083,0.012599325219360996,0.013606456830759625,True,True,True,,0,0,True,True,local_support_plus_joint_95pct_likelihood_competition
dpfi,connected_modulated,400,57,2.7385741944395,0.6600022843242381,2.751540046488,0.6494770333465083,0.013441926324162051,0.013642890681176016,True,True,True,,0,0,True,True,local_support_plus_joint_95pct_likelihood_competition
dpfi,connected_modulated,400,58,2.7591176030535,0.6580397882135439,2.751540046488,0.6494770333465083,0.01340164782897542,0.013705020874686061,True,True,True,,0,0,True,True,local_support_plus_joint_95pct_likelihood_competition
dpfi,connected_modulated,400,59,2.741802476147,0.6758052620983419,2.751540046488,0.6494770333465083,0.013966433195309156,0.013826963383784098,True,True,True,,0,0,True,True,local_support_plus_joint_95pct_likelihood_competition
dpfi,connected_modulated,400,60,2.7698358286285,0.6517264797547107,2.751540046488,0.6494770333465083,0.013216925555236413,0.013618069733817488,True,True,True,,0,0,True,True,local_support_plus_joint_95pct_likelihood_competition
dpfi,connected_modulated,400,61,2.7494889598815,0.6494880484958077,2.751540046488,0.6494770333465083,0.013089538597066549,0.013600321415101802,True,True,True,,0,0,True,True,local_support_plus_joint_95pct_likelihood_competition
dpfi,connected_modulated,400,62,2.7229443441005,0.6862955067333825,2.751540046488,0.6494770333465083,0.014153262394587524,0.013812670175061086,True,True,True,,0,0,True,True,local_support_plus_joint_95pct_likelihood_competition
dpfi,connected_modulated,400,63,2.731013849082,0.6528999449834643,2.751540046488,0.6494770333465083,0.013044410859951512,0.013721998361822632,True,True,True,,0,0,True,True,local_support_plus_joint_95pct_likelihood_competition
dpfi,separated_droplets,400,0,2.7893077906570003,0.09034883443904994,2.799987273455,0.08736061642362755,0.007882721400676486,0.003904162263946071,False,False,True,7130.6980595361765,0,0,True,True,local_support_plus_joint_95pct_likelihood_competition
dpfi,separated_droplets,400,1,2.8091345712165,0.08402047066522736,2.799987273455,0.08736061642362755,0.007808127429093102,0.0037479207814960914,False,False,True,7241.7589997330415,0,0,True,True,local_support_plus_joint_95pct_likelihood_competition
dpfi,separated_droplets,400,2,2.8001256593545003,0.08895078371757928,2.799987273455,0.08736061642362755,0.00791878731938207,0.0038631231494673304,False,False,True,7211.955184927473,0,0,True,True,local_support_plus_joint_95pct_likelihood_competition
dpfi,separated_droplets,400,3,2.8108831187425,0.08455528659754799,2.799987273455,0.08736061642362755,0.007842693636508816,0.0037545294109840297,False,False,True,6898.300841692591,0,0,True,True,local_support_plus_joint_95pct_likelihood_competition
dpfi,separated_droplets,400,4,2.7946939520200003,0.08607408863799992,2.799987273455,0.08736061642362755,0.007841751725925283,0.003805483701409127,False,False,True,7135.271453336543,0,0,True,True,local_support_plus_joint_95pct_likelihood_competition
dpfi,separated_droplets,400,5,2.7853962861220003,0.09068436700997656,2.799987273455,0.08736061642362755,0.007899752499255928,0.003948513026708503,False,False,True,6674.775151954055,0,0,True,True,local_support_plus_joint_95pct_likelihood_competition
dpfi,separated_droplets,400,6,2.8018594199385003,0.08334270274343404,2.799987273455,0.08736061642362755,0.007782890195396191,0.0037218328384375837,True,True,True,,0,0,True,True,local_support_plus_joint_95pct_likelihood_competition
dpfi,separated_droplets,400,7,2.8020969294344997,0.08723868947597654,2.799987273455,0.08736061642362755,0.007844741343969765,0.003823322523308819,False,False,True,7427.214475722216,0,0,True,True,local_support_plus_joint_95pct_likelihood_competition
dpfi,separated_droplets,400,8,2.8145769705059998,0.08135149617982218,2.799987273455,0.08736061642362755,0.00790185706122994,0.0036595804172913074,False,False,True,7401.370410365228,0,0,True,True,local_support_plus_joint_95pct_likelihood_competition
dpfi,separated_droplets,400,9,2.7891381775285,0.09109897091576843,2.799987273455,0.08736061642362755,0.007864890585596532,0.003921667045788186,False,False,True,6649.457609312685,0,0,True,True,local_support_plus_joint_95pct_likelihood_competition
dpfi,separated_droplets,400,10,2.8092609715185,0.08973663004635218,2.799987273455,0.08736061642362755,0.007901568846530711,0.0038788015876103396,False,False,True,6564.602684226566,0,0,True,True,local_support_plus_joint_95pct_likelihood_competition
dpfi,separated_droplets,400,11,2.7932634529125,0.08815167263211687,2.799987273455,0.08736061642362755,0.00787023495491027,0.0037948525093858742,False,False,True,6786.455941495409,0,0,True,True,local_support_plus_joint_95pct_likelihood_competition
dpfi,separated_droplets,400,12,2.792749085479,0.09042621312323773,2.799987273455,0.08736061642362755,0.007878336346743347,0.0038849599578672273,False,False,True,6704.0303926284405,0,0,True,True,local_support_plus_joint_95pct_likelihood_competition
dpfi,separated_droplets,400,13,2.8022956856784997,0.08627987281279922,2.799987273455,0.08736061642362755,0.007877821334062677,0.00376240445508191,False,False,True,6934.338053897168,0,0,True,True,local_support_plus_joint_95pct_likelihood_competition
dpfi,separated_droplets,400,14,2.8066732089695003,0.08686138830208015,2.799987273455,0.08736061642362755,0.007896273140245401,0.0038138761750779195,False,False,True,6906.796765745528,0,0,True,True,local_support_plus_joint_95pct_likelihood_competition
dpfi,separated_droplets,400,15,2.797839546164,0.08554753405291829,2.799987273455,0.08736061642362755,0.007847106971545068,0.003751321721667198,False,False,True,6628.844384945119,0,0,True,True,local_support_plus_joint_95pct_likelihood_competition
dpfi,separated_droplets,400,16,2.7979353627475003,0.09094360970222333,2.799987273455,0.08736061642362755,0.007890958408035035,0.0038917896693891996,False,False,True,6156.2447133770465,0,0,True,True,local_support_plus_joint_95pct_likelihood_competition
dpfi,separated_droplets,400,17,2.7970275002,0.0855197620140196,2.799987273455,0.08736061642362755,0.007912253319714534,0.003806730370988476,False,False,True,6951.993127366097,0,0,True,True,local_support_plus_joint_95pct_likelihood_competition
dpfi,separated_droplets,400,18,2.7961849279315,0.08853011291954328,2.799987273455,0.08736061642362755,0.007900898732782265,0.0038876066118575846,False,False,True,6584.677271158634,0,0,True,True,local_support_plus_joint_95pct_likelihood_competition
dpfi,separated_droplets,400,19,2.8038120882965,0.08889566225360598,2.799987273455,0.08736061642362755,0.007864238455567295,0.003840602319107317,False,False,True,7312.85569443173,0,0,True,True,local_support_plus_joint_95pct_likelihood_competition
dpfi,separated_droplets,400,20,2.7963155505010002,0.08793648046664325,2.799987273455,0.08736061642362755,0.007871595924421094,0.003846635505129647,False,False,True,7050.830943468656,0,0,True,True,local_support_plus_joint_95pct_likelihood_competition
dpfi,separated_droplets,400,21,2.8005225760170003,0.08673927480012764,2.799987273455,0.08736061642362755,0.007866571592370893,0.0037791979718751964,False,False,True,6550.9047235752805,0,0,True,True,local_support_plus_joint_95pct_likelihood_competition
dpfi,separated_droplets,400,22,2.7887804511320002,0.09086615497162076,2.799987273455,0.08736061642362755,0.007890037700443395,0.0038738469601056146,False,False,True,6650.8337844326925,0,0,True,True,local_support_plus_joint_95pct_likelihood_competition
dpfi,separated_droplets,400,23,2.7830624542319997,0.09048714811062353,2.799987273455,0.08736061642362755,0.00794012193881416,0.0038964172651803517,False,False,True,6741.542367072912,0,0,True,True,local_support_plus_joint_95pct_likelihood_competition
dpfi,separated_droplets,400,24,2.820751673468,0.08449436466255926,2.799987273455,0.08736061642362755,0.007841338076054126,0.0037410578341480474,False,False,True,6874.183228048826,0,0,True,True,local_support_plus_joint_95pct_likelihood_competition
dpfi,separated_droplets,400,25,2.793828339504,0.08836441294502254,2.799987273455,0.08736061642362755,0.007805387920729641,0.0038396605659618607,False,False,True,6862.4895424007245,0,0,True,True,local_support_plus_joint_95pct_likelihood_competition
dpfi,separated_droplets,400,26,2.791110235615,0.09398990340529491,2.799987273455,0.08736061642362755,0.007906446689377464,0.003953758900702412,False,False,True,7300.114612719581,0,0,True,True,local_support_plus_joint_95pct_likelihood_competition
dpfi,separated_droplets,400,27,2.8058682486824997,0.08732069501517448,2.799987273455,0.08736061642362755,0.007847988454961765,0.003822836000379497,False,False,True,6567.293633730911,0,0,True,True,local_support_plus_joint_95pct_likelihood_competition
dpfi,separated_droplets,400,28,2.79942268821,0.08800015967023976,2.799987273455,0.08736061642362755,0.007893987115967194,0.003818602100485582,False,False,True,6799.335086603232,0,0,True,True,local_support_plus_joint_95pct_likelihood_competition
dpfi,separated_droplets,400,29,2.795961765715,0.0891499958873361,2.799987273455,0.08736061642362755,0.007843912917409514,0.0038596928273133308,False,False,True,6850.86486359545,0,0,True,True,local_support_plus_joint_95pct_likelihood_competition
dpfi,separated_droplets,400,30,2.800859740103,0.09204168450371833,2.799987273455,0.08736061642362755,0.007854466237634906,0.003922703244019542,False,False,True,6877.966300861366,0,0,True,True,local_support_plus_joint_95pct_likelihood_competition
dpfi,separated_droplets,400,31,2.8074835505999998,0.08691320319336115,2.799987273455,0.08736061642362755,0.007871250571835312,0.003828636461981009,False,False,True,7091.186050598009,0,0,True,True,local_support_plus_joint_95pct_likelihood_competition
dpfi,separated_droplets,400,32,2.8040445605190003,0.08633476449236141,2.799987273455,0.08736061642362755,0.007957508734359041,0.0038161989535730745,False,False,True,6806.559178476298,0,0,True,True,local_support_plus_joint_95pct_likelihood_competition
dpfi,separated_droplets,400,33,2.7917906135455,0.09829874215847459,2.799987273455,0.08736061642362755,0.007912062097581577,0.004104331267967213,False,False,True,6035.077883373886,0,0,True,True,local_support_plus_joint_95pct_likelihood_competition
dpfi,separated_droplets,400,34,2.7993608090805,0.08703274253327814,2.799987273455,0.08736061642362755,0.0078654225348491,0.00377196241231669,False,False,True,6875.263218152506,0,0,True,True,local_support_plus_joint_95pct_likelihood_competition
dpfi,separated_droplets,400,35,2.8007936860819997,0.09400142821694589,2.799987273455,0.08736061642362755,0.007927956741183777,0.0039950245883490065,False,False,True,7385.806726887137,0,0,True,True,local_support_plus_joint_95pct_likelihood_competition
dpfi,separated_droplets,400,36,2.8073919863425,0.08804128318083601,2.799987273455,0.08736061642362755,0.007879973463559604,0.0038570308184792813,False,False,True,6905.492750427268,0,0,True,True,local_support_plus_joint_95pct_likelihood_competition
dpfi,separated_droplets,400,37,2.7896508663145,0.09038312623410885,2.799987273455,0.08736061642362755,0.007897896851453784,0.003903615354052404,True,True,True,,0,0,True,True,local_support_plus_joint_95pct_likelihood_competition
dpfi,separated_droplets,400,38,2.8057278619990003,0.0908881532077433,2.799987273455,0.08736061642362755,0.007872170269663095,0.0038850206880462063,False,False,True,6439.116096841098,0,0,True,True,local_support_plus_joint_95pct_likelihood_competition
dpfi,separated_droplets,400,39,2.8031831654295,0.09415825232637726,2.799987273455,0.08736061642362755,0.007846683674202555,0.003976023564728341,False,False,True,6656.800573888323,0,0,True,True,local_support_plus_joint_95pct_likelihood_competition
dpfi,separated_droplets,400,40,2.784507852126,0.0965202851429798,2.799987273455,0.08736061642362755,0.007965578563209381,0.004053428554834107,False,False,True,6394.615170292553,0,0,True,True,local_support_plus_joint_95pct_likelihood_competition
dpfi,separated_droplets,400,41,2.788698782123,0.09053370271585033,2.799987273455,0.08736061642362755,0.0078114106752957616,0.003878541620328099,False,False,True,6719.090388861128,0,0,True,True,local_support_plus_joint_95pct_likelihood_competition
dpfi,separated_droplets,400,42,2.7932498163975,0.08977169599603647,2.799987273455,0.08736061642362755,0.007947251407619281,0.0038402981496700912,False,False,True,6650.69844022465,0,0,True,True,local_support_plus_joint_95pct_likelihood_competition
dpfi,separated_droplets,400,43,2.7968995055240002,0.0866378402769144,2.799987273455,0.08736061642362755,0.0078920832916641,0.0038166357160611297,False,False,True,6695.703617346237,0,0,True,True,local_support_plus_joint_95pct_likelihood_competition
dpfi,separated_droplets,400,44,2.7948309107775,0.08828181449461842,2.799987273455,0.08736061642362755,0.007858646451417045,0.0038231159110062893,False,False,True,6384.208628491868,0,0,True,True,local_support_plus_joint_95pct_likelihood_competition
dpfi,separated_droplets,400,45,2.801625223025,0.09124597481593194,2.799987273455,0.08736061642362755,0.00784978890577516,0.003882425024183935,False,False,True,6923.730389594188,0,0,True,True,local_support_plus_joint_95pct_likelihood_competition
dpfi,separated_droplets,400,46,2.8055552213299997,0.08465740142404293,2.799987273455,0.08736061642362755,0.007875107662357349,0.003754882140997257,False,False,True,7008.349050830385,0,0,True,True,local_support_plus_joint_95pct_likelihood_competition
dpfi,separated_droplets,400,47,2.8072629857414997,0.08217729674806454,2.799987273455,0.08736061642362755,0.007847121770151583,0.003699691494780221,False,False,True,7327.0412609552495,0,0,True,True,local_support_plus_joint_95pct_likelihood_competition
dpfi,separated_droplets,400,48,2.8054647865315,0.08563676634423428,2.799987273455,0.08736061642362755,0.007903036593865289,0.0037935602831707404,False,False,True,7290.368461568831,0,0,True,True,local_support_plus_joint_95pct_likelihood_competition
dpfi,separated_droplets,400,49,2.819513424404,0.08742466267518992,2.799987273455,0.08736061642362755,0.007831659197091232,0.0037954485444628115,False,False,True,6920.411576696679,0,0,True,True,local_support_plus_joint_95pct_likelihood_competition
dpfi,separated_droplets,400,50,2.8052118859490003,0.08284439525352105,2.799987273455,0.08736061642362755,0.007800898312731474,0.0037301672276980335,False,False,True,7332.877292043512,0,0,True,True,local_support_plus_joint_95pct_likelihood_competition
dpfi,separated_droplets,400,51,2.812439105834,0.09279799366595767,2.799987273455,0.08736061642362755,0.007875317873570292,0.003933456252370099,False,False,True,6447.9801885737925,0,0,True,True,local_support_plus_joint_95pct_likelihood_competition
dpfi,separated_droplets,400,52,2.791836120639,0.08535315581848536,2.799987273455,0.08736061642362755,0.007898533885567027,0.0037670336963288855,False,False,True,6665.672027838762,0,0,True,True,local_support_plus_joint_95pct_likelihood_competition
dpfi,separated_droplets,400,53,2.7969631007220004,0.09008071422063818,2.799987273455,0.08736061642362755,0.007893826969771624,0.003880714315624777,False,False,True,6547.757579514497,0,0,True,True,local_support_plus_joint_95pct_likelihood_competition
dpfi,separated_droplets,400,54,2.8054831940889997,0.08886884327081429,2.799987273455,0.08736061642362755,0.00789004955963472,0.0038643573193359523,False,False,True,6681.140510569532,0,0,True,True,local_support_plus_joint_95pct_likelihood_competition
dpfi,separated_droplets,400,55,2.7889705433775,0.0927081457289103,2.799987273455,0.08736061642362755,0.00785331740443723,0.003934983081571292,False,False,True,6659.78558367028,0,0,True,True,local_support_plus_joint_95pct_likelihood_competition
dpfi,separated_droplets,400,56,2.8046797162040003,0.08961424270215912,2.799987273455,0.08736061642362755,0.007885022334573092,0.00386704710864527,False,False,True,5967.925274800189,0,0,True,True,local_support_plus_joint_95pct_likelihood_competition
dpfi,separated_droplets,400,57,2.7944149042855,0.09271611479689693,2.799987273455,0.08736061642362755,0.00789756116923251,0.003927448847023875,False,False,True,6772.583648620117,0,0,True,True,local_support_plus_joint_95pct_likelihood_competition
dpfi,separated_droplets,400,58,2.7945350272344998,0.08568579801693768,2.799987273455,0.08736061642362755,0.007889633506761392,0.003812182011919318,False,False,True,6731.710351704041,0,0,True,True,local_support_plus_joint_95pct_likelihood_competition
dpfi,separated_droplets,400,59,2.799215799384,0.08650876826499009,2.799987273455,0.08736061642362755,0.007832115324935697,0.003806483072078878,False,False,True,6748.490510632604,0,0,True,True,local_support_plus_joint_95pct_likelihood_competition
dpfi,separated_droplets,400,60,2.7891204008669996,0.08443415960023634,2.799987273455,0.08736061642362755,0.007864241373072702,0.003735516587299958,False,False,True,6768.44215344047,0,0,True,True,local_support_plus_joint_95pct_likelihood_competition
dpfi,separated_droplets,400,61,2.8023848126189996,0.09224495260635132,2.799987273455,0.08736061642362755,0.007917499041982402,0.003955786521919639,False,False,True,6751.148896168724,0,0,True,True,local_support_plus_joint_95pct_likelihood_competition
dpfi,separated_droplets,400,62,2.8052509773375,0.08867236052151437,2.799987273455,0.08736061642362755,0.00789661846822275,0.003813506529290369,False,False,True,6391.731553747028,0,0,True,True,local_support_plus_joint_95pct_likelihood_competition
dpfi,separated_droplets,400,63,2.792064336316,0.08796477480862179,2.799987273455,0.08736061642362755,0.007899869000694129,0.003803213102769023,False,False,True,,0,0,True,True,local_support_plus_joint_95pct_likelihood_competition
