duration_us,draw_id,image_q,h_gain_lower_active,h_gain_upper_active,v_gain_lower_active,v_gain_upper_active,dark_h_floor_active,dark_h_upper_active,dark_v_floor_active,dark_v_upper_active,either_dark_floor_active,reported_active_nuisance_bounds,eta_supported,rho_y_supported,support_interpretation
25,0,1,false,false,false,false,false,false,true,false,true,1,true,true,physical_support_with_dark_floor_reported_separately
25,0,2,false,false,false,false,false,false,true,false,true,1,true,true,physical_support_with_dark_floor_reported_separately
25,0,3,false,false,false,false,false,false,true,false,true,1,true,true,physical_support_with_dark_floor_reported_separately
25,0,4,false,false,false,false,false,false,true,false,true,1,true,true,physical_support_with_dark_floor_reported_separately
25,0,5,false,false,false,false,false,false,true,false,true,1,true,true,physical_support_with_dark_floor_reported_separately
25,0,6,false,false,false,false,false,false,true,false,true,1,true,true,physical_support_with_dark_floor_reported_separately
25,0,7,false,false,false,false,false,false,true,false,true,1,true,true,physical_support_with_dark_floor_reported_separately
25,0,8,false,false,false,false,false,false,true,false,true,1,true,true,physical_support_with_dark_floor_reported_separately
25,0,9,false,false,false,false,false,false,true,false,true,1,true,true,physical_support_with_dark_floor_reported_separately
25,0,10,false,false,false,false,false,false,true,false,true,1,true,true,physical_support_with_dark_floor_reported_separately
25,0,11,false,false,false,false,false,false,true,false,true,1,true,true,physical_support_with_dark_floor_reported_separately
25,0,12,false,false,false,false,false,false,true,false,true,1,true,true,physical_support_with_dark_floor_reported_separately
25,0,13,false,false,false,false,false,false,true,false,true,1,true,true,physical_support_with_dark_floor_reported_separately
25,0,14,false,false,false,false,false,false,true,false,true,1,true,true,physical_support_with_dark_floor_reported_separately
25,0,15,false,false,false,false,false,false,true,false,true,1,true,true,physical_support_with_dark_floor_reported_separately
25,1,1,false,false,false,false,true,false,true,false,true,2,true,true,physical_support_with_dark_floor_reported_separately
25,1,2,false,false,false,false,true,false,true,false,true,2,true,true,physical_support_with_dark_floor_reported_separately
25,1,3,false,false,false,false,true,false,true,false,true,2,true,true,physical_support_with_dark_floor_reported_separately
25,1,4,false,false,false,false,true,false,true,false,true,2,true,true,physical_support_with_dark_floor_reported_separately
25,1,5,false,false,false,false,true,false,true,false,true,2,true,true,physical_support_with_dark_floor_reported_separately
25,1,6,false,false,false,false,true,false,true,false,true,2,true,true,physical_support_with_dark_floor_reported_separately
25,1,7,false,false,false,false,true,false,true,false,true,2,true,true,physical_support_with_dark_floor_reported_separately
25,1,8,false,false,false,false,true,false,true,false,true,2,true,true,physical_support_with_dark_floor_reported_separately
25,1,9,false,false,false,false,true,false,true,false,true,2,true,true,physical_support_with_dark_floor_reported_separately
25,1,10,false,false,false,false,true,false,true,false,true,2,true,true,physical_support_with_dark_floor_reported_separately
25,1,11,false,false,false,false,true,false,true,false,true,2,true,true,physical_support_with_dark_floor_reported_separately
25,1,12,false,false,false,false,true,false,true,false,true,2,true,true,physical_support_with_dark_floor_reported_separately
25,1,13,false,false,false,false,true,false,true,false,true,2,true,true,physical_support_with_dark_floor_reported_separately
25,1,14,false,false,false,false,true,false,true,false,true,2,true,true,physical_support_with_dark_floor_reported_separately
25,1,15,false,false,false,false,true,false,true,false,true,2,true,true,physical_support_with_dark_floor_reported_separately
25,2,1,false,false,false,false,false,false,true,false,true,1,true,true,physical_support_with_dark_floor_reported_separately
25,2,2,false,false,false,false,false,false,true,false,true,1,true,true,physical_support_with_dark_floor_reported_separately
25,2,3,false,false,false,false,false,false,true,false,true,1,true,true,physical_support_with_dark_floor_reported_separately
25,2,4,false,false,false,false,false,false,true,false,true,1,true,true,physical_support_with_dark_floor_reported_separately
25,2,5,false,false,false,false,false,false,true,false,true,1,true,true,physical_support_with_dark_floor_reported_separately
25,2,6,false,false,false,false,false,false,true,false,true,1,true,true,physical_support_with_dark_floor_reported_separately
25,2,7,false,false,false,false,false,false,true,false,true,1,true,true,physical_support_with_dark_floor_reported_separately
25,2,8,false,false,false,false,false,false,true,false,true,1,true,true,physical_support_with_dark_floor_reported_separately
25,2,9,false,false,false,false,false,false,true,false,true,1,true,true,physical_support_with_dark_floor_reported_separately
25,2,10,false,false,false,false,false,false,true,false,true,1,true,true,physical_support_with_dark_floor_reported_separately
25,2,11,false,false,false,false,false,false,true,false,true,1,true,true,physical_support_with_dark_floor_reported_separately
25,2,12,false,false,false,false,false,false,true,false,true,1,true,true,physical_support_with_dark_floor_reported_separately
25,2,13,false,false,false,false,false,false,true,false,true,1,true,true,physical_support_with_dark_floor_reported_separately
25,2,14,false,false,false,false,false,false,true,false,true,1,true,true,physical_support_with_dark_floor_reported_separately
25,2,15,false,false,false,false,false,false,true,false,true,1,true,true,physical_support_with_dark_floor_reported_separately
25,3,1,false,false,false,false,true,false,false,false,true,1,true,true,physical_support_with_dark_floor_reported_separately
25,3,2,false,false,false,false,true,false,false,false,true,1,true,true,physical_support_with_dark_floor_reported_separately
25,3,3,false,false,false,false,true,false,false,false,true,1,true,true,physical_support_with_dark_floor_reported_separately
25,3,4,false,false,false,false,true,false,false,false,true,1,true,true,physical_support_with_dark_floor_reported_separately
25,3,5,false,false,false,false,true,false,false,false,true,1,true,true,physical_support_with_dark_floor_reported_separately
25,3,6,false,false,false,false,true,false,false,false,true,1,true,true,physical_support_with_dark_floor_reported_separately
25,3,7,false,false,false,false,true,false,false,false,true,1,true,true,physical_support_with_dark_floor_reported_separately
25,3,8,false,false,false,false,true,false,false,false,true,1,true,true,physical_support_with_dark_floor_reported_separately
25,3,9,false,false,false,false,true,false,false,false,true,1,true,true,physical_support_with_dark_floor_reported_separately
25,3,10,false,false,false,false,true,false,false,false,true,1,true,true,physical_support_with_dark_floor_reported_separately
25,3,11,false,false,false,false,true,false,false,false,true,1,true,true,physical_support_with_dark_floor_reported_separately
25,3,12,false,false,false,false,true,false,false,false,true,1,true,true,physical_support_with_dark_floor_reported_separately
25,3,13,false,false,false,false,true,false,false,false,true,1,true,true,physical_support_with_dark_floor_reported_separately
25,3,14,false,false,false,false,true,false,false,false,true,1,true,true,physical_support_with_dark_floor_reported_separately
25,3,15,false,false,false,false,true,false,false,false,true,1,true,true,physical_support_with_dark_floor_reported_separately
25,4,1,false,false,false,false,true,false,true,false,true,2,true,true,physical_support_with_dark_floor_reported_separately
25,4,2,false,false,false,false,true,false,true,false,true,2,true,true,physical_support_with_dark_floor_reported_separately
25,4,3,false,false,false,false,true,false,true,false,true,2,true,true,physical_support_with_dark_floor_reported_separately
25,4,4,false,false,false,false,true,false,true,false,true,2,true,true,physical_support_with_dark_floor_reported_separately
25,4,5,false,false,false,false,true,false,true,false,true,2,true,true,physical_support_with_dark_floor_reported_separately
25,4,6,false,false,false,false,true,false,true,false,true,2,true,true,physical_support_with_dark_floor_reported_separately
25,4,7,false,false,false,false,true,false,true,false,true,2,true,true,physical_support_with_dark_floor_reported_separately
25,4,8,false,false,false,false,true,false,true,false,true,2,true,true,physical_support_with_dark_floor_reported_separately
25,4,9,false,false,false,false,true,false,true,false,true,2,true,true,physical_support_with_dark_floor_reported_separately
25,4,10,false,false,false,false,true,false,true,false,true,2,true,true,physical_support_with_dark_floor_reported_separately
25,4,11,false,false,false,false,true,false,true,false,true,2,true,true,physical_support_with_dark_floor_reported_separately
25,4,12,false,false,false,false,true,false,true,false,true,2,true,true,physical_support_with_dark_floor_reported_separately
25,4,13,false,false,false,false,true,false,true,false,true,2,true,true,physical_support_with_dark_floor_reported_separately
25,4,14,false,false,false,false,true,false,true,false,true,2,true,true,physical_support_with_dark_floor_reported_separately
25,4,15,false,false,false,false,true,false,true,false,true,2,true,true,physical_support_with_dark_floor_reported_separately
25,5,1,false,false,false,false,false,false,true,false,true,1,true,true,physical_support_with_dark_floor_reported_separately
25,5,2,false,false,false,false,false,false,true,false,true,1,true,true,physical_support_with_dark_floor_reported_separately
25,5,3,false,false,false,false,false,false,true,false,true,1,true,true,physical_support_with_dark_floor_reported_separately
25,5,4,false,false,false,false,false,false,true,false,true,1,true,true,physical_support_with_dark_floor_reported_separately
25,5,5,false,false,false,false,false,false,true,false,true,1,true,true,physical_support_with_dark_floor_reported_separately
25,5,6,false,false,false,false,false,false,true,false,true,1,true,true,physical_support_with_dark_floor_reported_separately
25,5,7,false,false,false,false,false,false,true,false,true,1,true,true,physical_support_with_dark_floor_reported_separately
25,5,8,false,false,false,false,false,false,true,false,true,1,true,true,physical_support_with_dark_floor_reported_separately
25,5,9,false,false,false,false,false,false,true,false,true,1,true,true,physical_support_with_dark_floor_reported_separately
25,5,10,false,false,false,false,false,false,true,false,true,1,true,true,physical_support_with_dark_floor_reported_separately
25,5,11,false,false,false,false,false,false,true,false,true,1,true,true,physical_support_with_dark_floor_reported_separately
25,5,12,false,false,false,false,false,false,true,false,true,1,true,true,physical_support_with_dark_floor_reported_separately
25,5,13,false,false,false,false,false,false,true,false,true,1,true,true,physical_support_with_dark_floor_reported_separately
25,5,14,false,false,false,false,false,false,true,false,true,1,true,true,physical_support_with_dark_floor_reported_separately
25,5,15,false,false,false,false,false,false,true,false,true,1,true,true,physical_support_with_dark_floor_reported_separately
25,6,1,false,false,false,false,true,false,true,false,true,2,true,true,physical_support_with_dark_floor_reported_separately
25,6,2,false,false,false,false,true,false,true,false,true,2,true,true,physical_support_with_dark_floor_reported_separately
25,6,3,false,false,false,false,true,false,true,false,true,2,true,true,physical_support_with_dark_floor_reported_separately
25,6,4,false,false,false,false,true,false,true,false,true,2,true,true,physical_support_with_dark_floor_reported_separately
25,6,5,false,false,false,false,true,false,true,false,true,2,true,true,physical_support_with_dark_floor_reported_separately
25,6,6,false,false,false,false,true,false,true,false,true,2,true,true,physical_support_with_dark_floor_reported_separately
25,6,7,false,false,false,false,true,false,true,false,true,2,true,true,physical_support_with_dark_floor_reported_separately
25,6,8,false,false,false,false,true,false,true,false,true,2,true,true,physical_support_with_dark_floor_reported_separately
25,6,9,false,false,false,false,true,false,true,false,true,2,true,true,physical_support_with_dark_floor_reported_separately
25,6,10,false,false,false,false,true,false,true,false,true,2,true,true,physical_support_with_dark_floor_reported_separately
25,6,11,false,false,false,false,true,false,true,false,true,2,true,true,physical_support_with_dark_floor_reported_separately
25,6,12,false,false,false,false,true,false,true,false,true,2,true,true,physical_support_with_dark_floor_reported_separately
25,6,13,false,false,false,false,true,false,true,false,true,2,true,true,physical_support_with_dark_floor_reported_separately
25,6,14,false,false,false,false,true,false,true,false,true,2,true,true,physical_support_with_dark_floor_reported_separately
25,6,15,false,false,false,false,true,false,true,false,true,2,true,true,physical_support_with_dark_floor_reported_separately
25,7,1,false,false,false,false,false,false,false,false,false,0,true,true,physical_support_with_dark_floor_reported_separately
25,7,2,false,false,false,false,false,false,false,false,false,0,true,true,physical_support_with_dark_floor_reported_separately
25,7,3,false,false,false,false,false,false,false,false,false,0,true,true,physical_support_with_dark_floor_reported_separately
25,7,4,false,false,false,false,false,false,false,false,false,0,true,true,physical_support_with_dark_floor_reported_separately
25,7,5,false,false,false,false,false,false,false,false,false,0,true,true,physical_support_with_dark_floor_reported_separately
25,7,6,false,false,false,false,false,false,false,false,false,0,true,true,physical_support_with_dark_floor_reported_separately
25,7,7,false,false,false,false,false,false,false,false,false,0,true,true,physical_support_with_dark_floor_reported_separately
25,7,8,false,false,false,false,false,false,false,false,false,0,true,true,physical_support_with_dark_floor_reported_separately
25,7,9,false,false,false,false,false,false,false,false,false,0,true,true,physical_support_with_dark_floor_reported_separately
25,7,10,false,false,false,false,false,false,false,false,false,0,true,true,physical_support_with_dark_floor_reported_separately
25,7,11,false,false,false,false,false,false,false,false,false,0,true,true,physical_support_with_dark_floor_reported_separately
25,7,12,false,false,false,false,false,false,false,false,false,0,true,true,physical_support_with_dark_floor_reported_separately
25,7,13,false,false,false,false,false,false,false,false,false,0,true,true,physical_support_with_dark_floor_reported_separately
25,7,14,false,false,false,false,false,false,false,false,false,0,true,true,physical_support_with_dark_floor_reported_separately
25,7,15,false,false,false,false,false,false,false,false,false,0,true,true,physical_support_with_dark_floor_reported_separately
25,8,1,false,false,false,false,true,false,true,false,true,2,true,true,physical_support_with_dark_floor_reported_separately
25,8,2,false,false,false,false,false,false,true,false,true,1,true,true,physical_support_with_dark_floor_reported_separately
25,8,3,false,false,false,false,false,false,true,false,true,1,true,true,physical_support_with_dark_floor_reported_separately
25,8,4,false,false,false,false,false,false,true,false,true,1,true,true,physical_support_with_dark_floor_reported_separately
25,8,5,false,false,false,false,true,false,true,false,true,2,true,true,physical_support_with_dark_floor_reported_separately
25,8,6,false,false,false,false,true,false,true,false,true,2,true,true,physical_support_with_dark_floor_reported_separately
25,8,7,false,false,false,false,true,false,true,false,true,2,true,true,physical_support_with_dark_floor_reported_separately
25,8,8,false,false,false,false,false,false,true,false,true,1,true,true,physical_support_with_dark_floor_reported_separately
25,8,9,false,false,false,false,true,false,true,false,true,2,true,true,physical_support_with_dark_floor_reported_separately
25,8,10,false,false,false,false,true,false,true,false,true,2,true,true,physical_support_with_dark_floor_reported_separately
25,8,11,false,false,false,false,true,false,true,false,true,2,true,true,physical_support_with_dark_floor_reported_separately
25,8,12,false,false,false,false,true,false,true,false,true,2,true,true,physical_support_with_dark_floor_reported_separately
25,8,13,false,false,false,false,true,false,true,false,true,2,true,true,physical_support_with_dark_floor_reported_separately
25,8,14,false,false,false,false,false,false,true,false,true,1,true,true,physical_support_with_dark_floor_reported_separately
25,8,15,false,false,false,false,true,false,true,false,true,2,true,true,physical_support_with_dark_floor_reported_separately
25,9,1,false,false,false,false,true,false,false,false,true,1,true,true,physical_support_with_dark_floor_reported_separately
25,9,2,false,false,false,false,true,false,false,false,true,1,true,true,physical_support_with_dark_floor_reported_separately
25,9,3,false,false,false,false,true,false,false,false,true,1,true,true,physical_support_with_dark_floor_reported_separately
25,9,4,false,false,false,false,true,false,false,false,true,1,true,true,physical_support_with_dark_floor_reported_separately
25,9,5,false,false,false,false,true,false,false,false,true,1,true,true,physical_support_with_dark_floor_reported_separately
25,9,6,false,false,false,false,true,false,false,false,true,1,true,true,physical_support_with_dark_floor_reported_separately
25,9,7,false,false,false,false,true,false,false,false,true,1,true,true,physical_support_with_dark_floor_reported_separately
25,9,8,false,false,false,false,true,false,false,false,true,1,true,true,physical_support_with_dark_floor_reported_separately
25,9,9,false,false,false,false,true,false,false,false,true,1,true,true,physical_support_with_dark_floor_reported_separately
25,9,10,false,false,false,false,true,false,false,false,true,1,true,true,physical_support_with_dark_floor_reported_separately
25,9,11,false,false,false,false,true,false,false,false,true,1,true,true,physical_support_with_dark_floor_reported_separately
25,9,12,false,false,false,false,true,false,false,false,true,1,true,true,physical_support_with_dark_floor_reported_separately
25,9,13,false,false,false,false,true,false,false,false,true,1,true,true,physical_support_with_dark_floor_reported_separately
25,9,14,false,false,false,false,true,false,false,false,true,1,true,true,physical_support_with_dark_floor_reported_separately
25,9,15,false,false,false,false,true,false,false,false,true,1,true,true,physical_support_with_dark_floor_reported_separately
25,10,1,false,false,false,false,false,false,true,false,true,1,true,true,physical_support_with_dark_floor_reported_separately
25,10,2,false,false,false,false,false,false,true,false,true,1,true,true,physical_support_with_dark_floor_reported_separately
25,10,3,false,false,false,false,false,false,true,false,true,1,true,true,physical_support_with_dark_floor_reported_separately
25,10,4,false,false,false,false,false,false,true,false,true,1,true,true,physical_support_with_dark_floor_reported_separately
25,10,5,false,false,false,false,false,false,true,false,true,1,true,true,physical_support_with_dark_floor_reported_separately
25,10,6,false,false,false,false,false,false,true,false,true,1,true,true,physical_support_with_dark_floor_reported_separately
25,10,7,false,false,false,false,false,false,true,false,true,1,true,true,physical_support_with_dark_floor_reported_separately
25,10,8,false,false,false,false,false,false,true,false,true,1,true,true,physical_support_with_dark_floor_reported_separately
25,10,9,false,false,false,false,false,false,true,false,true,1,true,true,physical_support_with_dark_floor_reported_separately
25,10,10,false,false,false,false,false,false,true,false,true,1,true,true,physical_support_with_dark_floor_reported_separately
25,10,11,false,false,false,false,false,false,true,false,true,1,true,true,physical_support_with_dark_floor_reported_separately
25,10,12,false,false,false,false,false,false,true,false,true,1,true,true,physical_support_with_dark_floor_reported_separately
25,10,13,false,false,false,false,false,false,true,false,true,1,true,true,physical_support_with_dark_floor_reported_separately
25,10,14,false,false,false,false,false,false,true,false,true,1,true,true,physical_support_with_dark_floor_reported_separately
25,10,15,false,false,false,false,false,false,true,false,true,1,true,true,physical_support_with_dark_floor_reported_separately
25,11,1,false,false,false,false,false,false,true,false,true,1,true,true,physical_support_with_dark_floor_reported_separately
25,11,2,false,false,false,false,false,false,true,false,true,1,true,true,physical_support_with_dark_floor_reported_separately
25,11,3,false,false,false,false,false,false,true,false,true,1,true,true,physical_support_with_dark_floor_reported_separately
25,11,4,false,false,false,false,false,false,true,false,true,1,true,true,physical_support_with_dark_floor_reported_separately
25,11,5,false,false,false,false,false,false,true,false,true,1,true,true,physical_support_with_dark_floor_reported_separately
25,11,6,false,false,false,false,false,false,true,false,true,1,true,true,physical_support_with_dark_floor_reported_separately
25,11,7,false,false,false,false,false,false,true,false,true,1,true,true,physical_support_with_dark_floor_reported_separately
25,11,8,false,false,false,false,false,false,true,false,true,1,true,true,physical_support_with_dark_floor_reported_separately
25,11,9,false,false,false,false,false,false,true,false,true,1,true,true,physical_support_with_dark_floor_reported_separately
25,11,10,false,false,false,false,false,false,true,false,true,1,true,true,physical_support_with_dark_floor_reported_separately
25,11,11,false,false,false,false,false,false,true,false,true,1,true,true,physical_support_with_dark_floor_reported_separately
25,11,12,false,false,false,false,false,false,true,false,true,1,true,true,physical_support_with_dark_floor_reported_separately
25,11,13,false,false,false,false,false,false,true,false,true,1,true,true,physical_support_with_dark_floor_reported_separately
25,11,14,false,false,false,false,false,false,true,false,true,1,true,true,physical_support_with_dark_floor_reported_separately
25,11,15,false,false,false,false,false,false,true,false,true,1,true,true,physical_support_with_dark_floor_reported_separately
25,12,1,false,false,false,false,false,false,true,false,true,1,true,true,physical_support_with_dark_floor_reported_separately
25,12,2,false,false,false,false,false,false,true,false,true,1,true,true,physical_support_with_dark_floor_reported_separately
25,12,3,false,false,false,false,false,false,true,false,true,1,true,true,physical_support_with_dark_floor_reported_separately
25,12,4,false,false,false,false,false,false,true,false,true,1,true,true,physical_support_with_dark_floor_reported_separately
25,12,5,false,false,false,false,false,false,true,false,true,1,true,true,physical_support_with_dark_floor_reported_separately
25,12,6,false,false,false,false,false,false,true,false,true,1,true,true,physical_support_with_dark_floor_reported_separately
25,12,7,false,false,false,false,false,false,true,false,true,1,true,true,physical_support_with_dark_floor_reported_separately
25,12,8,false,false,false,false,false,false,true,false,true,1,true,true,physical_support_with_dark_floor_reported_separately
25,12,9,false,false,false,false,false,false,true,false,true,1,true,true,physical_support_with_dark_floor_reported_separately
25,12,10,false,false,false,false,false,false,true,false,true,1,true,true,physical_support_with_dark_floor_reported_separately
25,12,11,false,false,false,false,false,false,true,false,true,1,true,true,physical_support_with_dark_floor_reported_separately
25,12,12,false,false,false,false,false,false,true,false,true,1,true,true,physical_support_with_dark_floor_reported_separately
25,12,13,false,false,false,false,false,false,true,false,true,1,true,true,physical_support_with_dark_floor_reported_separately
25,12,14,false,false,false,false,false,false,true,false,true,1,true,true,physical_support_with_dark_floor_reported_separately
25,12,15,false,false,false,false,false,false,true,false,true,1,true,true,physical_support_with_dark_floor_reported_separately
25,13,1,false,false,false,false,false,false,true,false,true,1,true,true,physical_support_with_dark_floor_reported_separately
25,13,2,false,false,false,false,false,false,true,false,true,1,true,true,physical_support_with_dark_floor_reported_separately
25,13,3,false,false,false,false,false,false,true,false,true,1,true,true,physical_support_with_dark_floor_reported_separately
25,13,4,false,false,false,false,false,false,true,false,true,1,true,true,physical_support_with_dark_floor_reported_separately
25,13,5,false,false,false,false,false,false,true,false,true,1,true,true,physical_support_with_dark_floor_reported_separately
25,13,6,false,false,false,false,false,false,true,false,true,1,true,true,physical_support_with_dark_floor_reported_separately
25,13,7,false,false,false,false,false,false,true,false,true,1,true,true,physical_support_with_dark_floor_reported_separately
25,13,8,false,false,false,false,false,false,true,false,true,1,true,true,physical_support_with_dark_floor_reported_separately
25,13,9,false,false,false,false,false,false,true,false,true,1,true,true,physical_support_with_dark_floor_reported_separately
25,13,10,false,false,false,false,false,false,true,false,true,1,true,true,physical_support_with_dark_floor_reported_separately
25,13,11,false,false,false,false,false,false,true,false,true,1,true,true,physical_support_with_dark_floor_reported_separately
25,13,12,false,false,false,false,false,false,true,false,true,1,true,true,physical_support_with_dark_floor_reported_separately
25,13,13,false,false,false,false,false,false,true,false,true,1,true,true,physical_support_with_dark_floor_reported_separately
25,13,14,false,false,false,false,false,false,true,false,true,1,true,true,physical_support_with_dark_floor_reported_separately
25,13,15,false,false,false,false,false,false,true,false,true,1,true,true,physical_support_with_dark_floor_reported_separately
25,14,1,false,false,false,false,true,false,true,false,true,2,true,true,physical_support_with_dark_floor_reported_separately
25,14,2,false,false,false,false,true,false,true,false,true,2,true,true,physical_support_with_dark_floor_reported_separately
25,14,3,false,false,false,false,true,false,true,false,true,2,true,true,physical_support_with_dark_floor_reported_separately
25,14,4,false,false,false,false,true,false,true,false,true,2,true,true,physical_support_with_dark_floor_reported_separately
25,14,5,false,false,false,false,true,false,true,false,true,2,true,true,physical_support_with_dark_floor_reported_separately
25,14,6,false,false,false,false,true,false,true,false,true,2,true,true,physical_support_with_dark_floor_reported_separately
25,14,7,false,false,false,false,true,false,true,false,true,2,true,true,physical_support_with_dark_floor_reported_separately
25,14,8,false,false,false,false,true,false,true,false,true,2,true,true,physical_support_with_dark_floor_reported_separately
25,14,9,false,false,false,false,true,false,true,false,true,2,true,true,physical_support_with_dark_floor_reported_separately
25,14,10,false,false,false,false,true,false,true,false,true,2,true,true,physical_support_with_dark_floor_reported_separately
25,14,11,false,false,false,false,true,false,true,false,true,2,true,true,physical_support_with_dark_floor_reported_separately
25,14,12,false,false,false,false,true,false,true,false,true,2,true,true,physical_support_with_dark_floor_reported_separately
25,14,13,false,false,false,false,true,false,true,false,true,2,true,true,physical_support_with_dark_floor_reported_separately
25,14,14,false,false,false,false,true,false,true,false,true,2,true,true,physical_support_with_dark_floor_reported_separately
25,14,15,false,false,false,false,true,false,true,false,true,2,true,true,physical_support_with_dark_floor_reported_separately
25,15,1,false,false,false,false,true,false,true,false,true,2,true,true,physical_support_with_dark_floor_reported_separately
25,15,2,false,false,false,false,true,false,true,false,true,2,true,true,physical_support_with_dark_floor_reported_separately
25,15,3,false,false,false,false,true,false,true,false,true,2,true,true,physical_support_with_dark_floor_reported_separately
25,15,4,false,false,false,false,true,false,true,false,true,2,true,true,physical_support_with_dark_floor_reported_separately
25,15,5,false,false,false,false,true,false,true,false,true,2,true,true,physical_support_with_dark_floor_reported_separately
25,15,6,false,false,false,false,true,false,true,false,true,2,true,true,physical_support_with_dark_floor_reported_separately
25,15,7,false,false,false,false,true,false,true,false,true,2,true,true,physical_support_with_dark_floor_reported_separately
25,15,8,false,false,false,false,true,false,true,false,true,2,true,true,physical_support_with_dark_floor_reported_separately
25,15,9,false,false,false,false,true,false,true,false,true,2,true,true,physical_support_with_dark_floor_reported_separately
25,15,10,false,false,false,false,true,false,true,false,true,2,true,true,physical_support_with_dark_floor_reported_separately
25,15,11,false,false,false,false,true,false,true,false,true,2,true,true,physical_support_with_dark_floor_reported_separately
25,15,12,false,false,false,false,true,false,true,false,true,2,true,true,physical_support_with_dark_floor_reported_separately
25,15,13,false,false,false,false,true,false,true,false,true,2,true,true,physical_support_with_dark_floor_reported_separately
25,15,14,false,false,false,false,true,false,true,false,true,2,true,true,physical_support_with_dark_floor_reported_separately
25,15,15,false,false,false,false,true,false,true,false,true,2,true,true,physical_support_with_dark_floor_reported_separately
25,16,1,false,false,false,false,false,false,false,false,false,0,true,true,physical_support_with_dark_floor_reported_separately
25,16,2,false,false,false,false,false,false,false,false,false,0,true,true,physical_support_with_dark_floor_reported_separately
25,16,3,false,false,false,false,false,false,false,false,false,0,true,true,physical_support_with_dark_floor_reported_separately
25,16,4,false,false,false,false,false,false,false,false,false,0,true,true,physical_support_with_dark_floor_reported_separately
25,16,5,false,false,false,false,false,false,false,false,false,0,true,true,physical_support_with_dark_floor_reported_separately
25,16,6,false,false,false,false,false,false,false,false,false,0,true,true,physical_support_with_dark_floor_reported_separately
25,16,7,false,false,false,false,false,false,false,false,false,0,true,true,physical_support_with_dark_floor_reported_separately
25,16,8,false,false,false,false,false,false,false,false,false,0,true,true,physical_support_with_dark_floor_reported_separately
25,16,9,false,false,false,false,false,false,false,false,false,0,true,true,physical_support_with_dark_floor_reported_separately
25,16,10,false,false,false,false,false,false,false,false,false,0,true,true,physical_support_with_dark_floor_reported_separately
25,16,11,false,false,false,false,false,false,false,false,false,0,true,true,physical_support_with_dark_floor_reported_separately
25,16,12,false,false,false,false,false,false,false,false,false,0,true,true,physical_support_with_dark_floor_reported_separately
25,16,13,false,false,false,false,false,false,false,false,false,0,true,true,physical_support_with_dark_floor_reported_separately
25,16,14,false,false,false,false,false,false,false,false,false,0,true,true,physical_support_with_dark_floor_reported_separately
25,16,15,false,false,false,false,false,false,false,false,false,0,true,true,physical_support_with_dark_floor_reported_separately
25,17,1,false,false,false,false,false,false,false,false,false,0,true,true,physical_support_with_dark_floor_reported_separately
25,17,2,false,false,false,false,false,false,false,false,false,0,true,true,physical_support_with_dark_floor_reported_separately
25,17,3,false,false,false,false,false,false,false,false,false,0,true,true,physical_support_with_dark_floor_reported_separately
25,17,4,false,false,false,false,false,false,false,false,false,0,true,true,physical_support_with_dark_floor_reported_separately
25,17,5,false,false,false,false,false,false,false,false,false,0,true,true,physical_support_with_dark_floor_reported_separately
25,17,6,false,false,false,false,false,false,false,false,false,0,true,true,physical_support_with_dark_floor_reported_separately
25,17,7,false,false,false,false,false,false,false,false,false,0,true,true,physical_support_with_dark_floor_reported_separately
25,17,8,false,false,false,false,false,false,false,false,false,0,true,true,physical_support_with_dark_floor_reported_separately
25,17,9,false,false,false,false,false,false,false,false,false,0,true,true,physical_support_with_dark_floor_reported_separately
25,17,10,false,false,false,false,false,false,false,false,false,0,true,true,physical_support_with_dark_floor_reported_separately
25,17,11,false,false,false,false,false,false,false,false,false,0,true,true,physical_support_with_dark_floor_reported_separately
25,17,12,false,false,false,false,false,false,false,false,false,0,true,true,physical_support_with_dark_floor_reported_separately
25,17,13,false,false,false,false,false,false,false,false,false,0,true,true,physical_support_with_dark_floor_reported_separately
25,17,14,false,false,false,false,false,false,false,false,false,0,true,true,physical_support_with_dark_floor_reported_separately
25,17,15,false,false,false,false,false,false,false,false,false,0,true,true,physical_support_with_dark_floor_reported_separately
25,18,1,false,false,false,false,true,false,true,false,true,2,true,true,physical_support_with_dark_floor_reported_separately
25,18,2,false,false,false,false,true,false,true,false,true,2,true,true,physical_support_with_dark_floor_reported_separately
25,18,3,false,false,false,false,true,false,true,false,true,2,true,true,physical_support_with_dark_floor_reported_separately
25,18,4,false,false,false,false,true,false,true,false,true,2,true,true,physical_support_with_dark_floor_reported_separately
25,18,5,false,false,false,false,true,false,true,false,true,2,true,true,physical_support_with_dark_floor_reported_separately
25,18,6,false,false,false,false,true,false,true,false,true,2,true,true,physical_support_with_dark_floor_reported_separately
25,18,7,false,false,false,false,true,false,true,false,true,2,true,true,physical_support_with_dark_floor_reported_separately
25,18,8,false,false,false,false,true,false,true,false,true,2,true,true,physical_support_with_dark_floor_reported_separately
25,18,9,false,false,false,false,true,false,true,false,true,2,true,true,physical_support_with_dark_floor_reported_separately
25,18,10,false,false,false,false,true,false,true,false,true,2,true,true,physical_support_with_dark_floor_reported_separately
25,18,11,false,false,false,false,true,false,true,false,true,2,true,true,physical_support_with_dark_floor_reported_separately
25,18,12,false,false,false,false,true,false,true,false,true,2,true,true,physical_support_with_dark_floor_reported_separately
25,18,13,false,false,false,false,true,false,true,false,true,2,true,true,physical_support_with_dark_floor_reported_separately
25,18,14,false,false,false,false,true,false,true,false,true,2,true,true,physical_support_with_dark_floor_reported_separately
25,18,15,false,false,false,false,true,false,true,false,true,2,true,true,physical_support_with_dark_floor_reported_separately
25,19,1,false,false,false,false,true,false,true,false,true,2,true,true,physical_support_with_dark_floor_reported_separately
25,19,2,false,false,false,false,true,false,true,false,true,2,true,true,physical_support_with_dark_floor_reported_separately
25,19,3,false,false,false,false,true,false,true,false,true,2,true,true,physical_support_with_dark_floor_reported_separately
25,19,4,false,false,false,false,true,false,true,false,true,2,true,true,physical_support_with_dark_floor_reported_separately
25,19,5,false,false,false,false,true,false,true,false,true,2,true,true,physical_support_with_dark_floor_reported_separately
25,19,6,false,false,false,false,true,false,true,false,true,2,true,true,physical_support_with_dark_floor_reported_separately
25,19,7,false,false,false,false,true,false,true,false,true,2,true,true,physical_support_with_dark_floor_reported_separately
25,19,8,false,false,false,false,true,false,true,false,true,2,true,true,physical_support_with_dark_floor_reported_separately
25,19,9,false,false,false,false,true,false,true,false,true,2,true,true,physical_support_with_dark_floor_reported_separately
25,19,10,false,false,false,false,true,false,true,false,true,2,true,true,physical_support_with_dark_floor_reported_separately
25,19,11,false,false,false,false,true,false,true,false,true,2,true,true,physical_support_with_dark_floor_reported_separately
25,19,12,false,false,false,false,true,false,true,false,true,2,true,true,physical_support_with_dark_floor_reported_separately
25,19,13,false,false,false,false,true,false,true,false,true,2,true,true,physical_support_with_dark_floor_reported_separately
25,19,14,false,false,false,false,true,false,true,false,true,2,true,true,physical_support_with_dark_floor_reported_separately
25,19,15,false,false,false,false,true,false,true,false,true,2,true,true,physical_support_with_dark_floor_reported_separately
25,20,1,false,false,false,false,false,false,false,false,false,0,true,true,physical_support_with_dark_floor_reported_separately
25,20,2,false,false,false,false,false,false,false,false,false,0,true,true,physical_support_with_dark_floor_reported_separately
25,20,3,false,false,false,false,false,false,false,false,false,0,true,true,physical_support_with_dark_floor_reported_separately
25,20,4,false,false,false,false,false,false,false,false,false,0,true,true,physical_support_with_dark_floor_reported_separately
25,20,5,false,false,false,false,false,false,false,false,false,0,true,true,physical_support_with_dark_floor_reported_separately
25,20,6,false,false,false,false,false,false,false,false,false,0,true,true,physical_support_with_dark_floor_reported_separately
25,20,7,false,false,false,false,false,false,false,false,false,0,true,true,physical_support_with_dark_floor_reported_separately
25,20,8,false,false,false,false,false,false,false,false,false,0,true,true,physical_support_with_dark_floor_reported_separately
25,20,9,false,false,false,false,false,false,false,false,false,0,true,true,physical_support_with_dark_floor_reported_separately
25,20,10,false,false,false,false,false,false,false,false,false,0,true,true,physical_support_with_dark_floor_reported_separately
25,20,11,false,false,false,false,false,false,false,false,false,0,true,true,physical_support_with_dark_floor_reported_separately
25,20,12,false,false,false,false,false,false,false,false,false,0,true,true,physical_support_with_dark_floor_reported_separately
25,20,13,false,false,false,false,true,false,false,false,true,1,true,true,physical_support_with_dark_floor_reported_separately
25,20,14,false,false,false,false,false,false,false,false,false,0,true,true,physical_support_with_dark_floor_reported_separately
25,20,15,false,false,false,false,false,false,false,false,false,0,true,true,physical_support_with_dark_floor_reported_separately
25,21,1,false,false,false,false,true,false,false,false,true,1,true,true,physical_support_with_dark_floor_reported_separately
25,21,2,false,false,false,false,true,false,false,false,true,1,true,true,physical_support_with_dark_floor_reported_separately
25,21,3,false,false,false,false,true,false,false,false,true,1,true,true,physical_support_with_dark_floor_reported_separately
25,21,4,false,false,false,false,true,false,false,false,true,1,true,true,physical_support_with_dark_floor_reported_separately
25,21,5,false,false,false,false,true,false,false,false,true,1,true,true,physical_support_with_dark_floor_reported_separately
25,21,6,false,false,false,false,true,false,false,false,true,1,true,true,physical_support_with_dark_floor_reported_separately
25,21,7,false,false,false,false,true,false,false,false,true,1,true,true,physical_support_with_dark_floor_reported_separately
25,21,8,false,false,false,false,true,false,false,false,true,1,true,true,physical_support_with_dark_floor_reported_separately
25,21,9,false,false,false,false,true,false,false,false,true,1,true,true,physical_support_with_dark_floor_reported_separately
25,21,10,false,false,false,false,true,false,false,false,true,1,true,true,physical_support_with_dark_floor_reported_separately
25,21,11,false,false,false,false,true,false,false,false,true,1,true,true,physical_support_with_dark_floor_reported_separately
25,21,12,false,false,false,false,true,false,false,false,true,1,true,true,physical_support_with_dark_floor_reported_separately
25,21,13,false,false,false,false,true,false,false,false,true,1,true,true,physical_support_with_dark_floor_reported_separately
25,21,14,false,false,false,false,true,false,false,false,true,1,true,true,physical_support_with_dark_floor_reported_separately
25,21,15,false,false,false,false,true,false,false,false,true,1,true,true,physical_support_with_dark_floor_reported_separately
25,22,1,false,false,false,false,false,false,false,false,false,0,true,true,physical_support_with_dark_floor_reported_separately
25,22,2,false,false,false,false,false,false,false,false,false,0,true,true,physical_support_with_dark_floor_reported_separately
25,22,3,false,false,false,false,false,false,false,false,false,0,true,true,physical_support_with_dark_floor_reported_separately
25,22,4,false,false,false,false,false,false,false,false,false,0,true,true,physical_support_with_dark_floor_reported_separately
25,22,5,false,false,false,false,false,false,false,false,false,0,true,true,physical_support_with_dark_floor_reported_separately
25,22,6,false,false,false,false,false,false,false,false,false,0,true,true,physical_support_with_dark_floor_reported_separately
25,22,7,false,false,false,false,false,false,false,false,false,0,true,true,physical_support_with_dark_floor_reported_separately
25,22,8,false,false,false,false,false,false,false,false,false,0,true,true,physical_support_with_dark_floor_reported_separately
25,22,9,false,false,false,false,false,false,false,false,false,0,true,true,physical_support_with_dark_floor_reported_separately
25,22,10,false,false,false,false,false,false,false,false,false,0,true,true,physical_support_with_dark_floor_reported_separately
25,22,11,false,false,false,false,false,false,false,false,false,0,true,true,physical_support_with_dark_floor_reported_separately
25,22,12,false,false,false,false,false,false,false,false,false,0,true,true,physical_support_with_dark_floor_reported_separately
25,22,13,false,false,false,false,false,false,false,false,false,0,true,true,physical_support_with_dark_floor_reported_separately
25,22,14,false,false,false,false,false,false,false,false,false,0,true,true,physical_support_with_dark_floor_reported_separately
25,22,15,false,false,false,false,false,false,false,false,false,0,true,true,physical_support_with_dark_floor_reported_separately
25,23,1,false,false,false,false,false,false,false,false,false,0,true,true,physical_support_with_dark_floor_reported_separately
25,23,2,false,false,false,false,false,false,false,false,false,0,true,true,physical_support_with_dark_floor_reported_separately
25,23,3,false,false,false,false,false,false,false,false,false,0,true,true,physical_support_with_dark_floor_reported_separately
25,23,4,false,false,false,false,false,false,false,false,false,0,true,true,physical_support_with_dark_floor_reported_separately
25,23,5,false,false,false,false,false,false,false,false,false,0,true,true,physical_support_with_dark_floor_reported_separately
25,23,6,false,false,false,false,false,false,false,false,false,0,true,true,physical_support_with_dark_floor_reported_separately
25,23,7,false,false,false,false,false,false,false,false,false,0,true,true,physical_support_with_dark_floor_reported_separately
25,23,8,false,false,false,false,false,false,false,false,false,0,true,true,physical_support_with_dark_floor_reported_separately
25,23,9,false,false,false,false,false,false,false,false,false,0,true,true,physical_support_with_dark_floor_reported_separately
25,23,10,false,false,false,false,false,false,false,false,false,0,true,true,physical_support_with_dark_floor_reported_separately
25,23,11,false,false,false,false,false,false,false,false,false,0,true,true,physical_support_with_dark_floor_reported_separately
25,23,12,false,false,false,false,false,false,false,false,false,0,true,true,physical_support_with_dark_floor_reported_separately
25,23,13,false,false,false,false,false,false,false,false,false,0,true,true,physical_support_with_dark_floor_reported_separately
25,23,14,false,false,false,false,false,false,false,false,false,0,true,true,physical_support_with_dark_floor_reported_separately
25,23,15,false,false,false,false,false,false,false,false,false,0,true,true,physical_support_with_dark_floor_reported_separately
25,24,1,false,false,false,false,false,false,false,false,false,0,true,true,physical_support_with_dark_floor_reported_separately
25,24,2,false,false,false,false,false,false,false,false,false,0,true,true,physical_support_with_dark_floor_reported_separately
25,24,3,false,false,false,false,false,false,false,false,false,0,true,true,physical_support_with_dark_floor_reported_separately
25,24,4,false,false,false,false,false,false,false,false,false,0,true,true,physical_support_with_dark_floor_reported_separately
25,24,5,false,false,false,false,false,false,false,false,false,0,true,true,physical_support_with_dark_floor_reported_separately
25,24,6,false,false,false,false,false,false,false,false,false,0,true,true,physical_support_with_dark_floor_reported_separately
25,24,7,false,false,false,false,false,false,false,false,false,0,true,true,physical_support_with_dark_floor_reported_separately
25,24,8,false,false,false,false,false,false,false,false,false,0,true,true,physical_support_with_dark_floor_reported_separately
25,24,9,false,false,false,false,false,false,false,false,false,0,true,true,physical_support_with_dark_floor_reported_separately
25,24,10,false,false,false,false,false,false,false,false,false,0,true,true,physical_support_with_dark_floor_reported_separately
25,24,11,false,false,false,false,false,false,false,false,false,0,true,true,physical_support_with_dark_floor_reported_separately
25,24,12,false,false,false,false,false,false,false,false,false,0,true,true,physical_support_with_dark_floor_reported_separately
25,24,13,false,false,false,false,false,false,false,false,false,0,true,true,physical_support_with_dark_floor_reported_separately
25,24,14,false,false,false,false,false,false,false,false,false,0,true,true,physical_support_with_dark_floor_reported_separately
25,24,15,false,false,false,false,false,false,false,false,false,0,true,true,physical_support_with_dark_floor_reported_separately
25,25,1,false,false,false,false,true,false,false,false,true,1,true,true,physical_support_with_dark_floor_reported_separately
25,25,2,false,false,false,false,true,false,false,false,true,1,true,true,physical_support_with_dark_floor_reported_separately
25,25,3,false,false,false,false,true,false,false,false,true,1,true,true,physical_support_with_dark_floor_reported_separately
25,25,4,false,false,false,false,true,false,false,false,true,1,true,true,physical_support_with_dark_floor_reported_separately
25,25,5,false,false,false,false,true,false,false,false,true,1,true,true,physical_support_with_dark_floor_reported_separately
25,25,6,false,false,false,false,true,false,false,false,true,1,true,true,physical_support_with_dark_floor_reported_separately
25,25,7,false,false,false,false,true,false,false,false,true,1,true,true,physical_support_with_dark_floor_reported_separately
25,25,8,false,false,false,false,true,false,false,false,true,1,true,true,physical_support_with_dark_floor_reported_separately
25,25,9,false,false,false,false,true,false,false,false,true,1,true,true,physical_support_with_dark_floor_reported_separately
25,25,10,false,false,false,false,true,false,false,false,true,1,true,true,physical_support_with_dark_floor_reported_separately
25,25,11,false,false,false,false,true,false,false,false,true,1,true,true,physical_support_with_dark_floor_reported_separately
25,25,12,false,false,false,false,true,false,false,false,true,1,true,true,physical_support_with_dark_floor_reported_separately
25,25,13,false,false,false,false,true,false,false,false,true,1,true,true,physical_support_with_dark_floor_reported_separately
25,25,14,false,false,false,false,true,false,false,false,true,1,true,true,physical_support_with_dark_floor_reported_separately
25,25,15,false,false,false,false,true,false,false,false,true,1,true,true,physical_support_with_dark_floor_reported_separately
25,26,1,false,false,false,false,true,false,true,false,true,2,true,true,physical_support_with_dark_floor_reported_separately
25,26,2,false,false,false,false,true,false,true,false,true,2,true,true,physical_support_with_dark_floor_reported_separately
25,26,3,false,false,false,false,true,false,true,false,true,2,true,true,physical_support_with_dark_floor_reported_separately
25,26,4,false,false,false,false,true,false,true,false,true,2,true,true,physical_support_with_dark_floor_reported_separately
25,26,5,false,false,false,false,true,false,true,false,true,2,true,true,physical_support_with_dark_floor_reported_separately
25,26,6,false,false,false,false,true,false,true,false,true,2,true,true,physical_support_with_dark_floor_reported_separately
25,26,7,false,false,false,false,true,false,true,false,true,2,true,true,physical_support_with_dark_floor_reported_separately
25,26,8,false,false,false,false,true,false,true,false,true,2,true,true,physical_support_with_dark_floor_reported_separately
25,26,9,false,false,false,false,true,false,true,false,true,2,true,true,physical_support_with_dark_floor_reported_separately
25,26,10,false,false,false,false,true,false,true,false,true,2,true,true,physical_support_with_dark_floor_reported_separately
25,26,11,false,false,false,false,true,false,true,false,true,2,true,true,physical_support_with_dark_floor_reported_separately
25,26,12,false,false,false,false,true,false,true,false,true,2,true,true,physical_support_with_dark_floor_reported_separately
25,26,13,false,false,false,false,true,false,true,false,true,2,true,true,physical_support_with_dark_floor_reported_separately
25,26,14,false,false,false,false,true,false,true,false,true,2,true,true,physical_support_with_dark_floor_reported_separately
25,26,15,false,false,false,false,true,false,true,false,true,2,true,true,physical_support_with_dark_floor_reported_separately
25,27,1,false,false,false,false,true,false,false,false,true,1,true,true,physical_support_with_dark_floor_reported_separately
25,27,2,false,false,false,false,true,false,false,false,true,1,true,true,physical_support_with_dark_floor_reported_separately
25,27,3,false,false,false,false,true,false,false,false,true,1,true,true,physical_support_with_dark_floor_reported_separately
25,27,4,false,false,false,false,true,false,false,false,true,1,true,true,physical_support_with_dark_floor_reported_separately
25,27,5,false,false,false,false,true,false,false,false,true,1,true,true,physical_support_with_dark_floor_reported_separately
25,27,6,false,false,false,false,true,false,false,false,true,1,true,true,physical_support_with_dark_floor_reported_separately
25,27,7,false,false,false,false,true,false,false,false,true,1,true,true,physical_support_with_dark_floor_reported_separately
25,27,8,false,false,false,false,true,false,false,false,true,1,true,true,physical_support_with_dark_floor_reported_separately
25,27,9,false,false,false,false,true,false,false,false,true,1,true,true,physical_support_with_dark_floor_reported_separately
25,27,10,false,false,false,false,true,false,false,false,true,1,true,true,physical_support_with_dark_floor_reported_separately
25,27,11,false,false,false,false,true,false,false,false,true,1,true,true,physical_support_with_dark_floor_reported_separately
25,27,12,false,false,false,false,true,false,false,false,true,1,true,true,physical_support_with_dark_floor_reported_separately
25,27,13,false,false,false,false,true,false,false,false,true,1,true,true,physical_support_with_dark_floor_reported_separately
25,27,14,false,false,false,false,true,false,false,false,true,1,true,true,physical_support_with_dark_floor_reported_separately
25,27,15,false,false,false,false,true,false,false,false,true,1,true,true,physical_support_with_dark_floor_reported_separately
25,28,1,false,false,false,false,false,false,false,false,false,0,true,true,physical_support_with_dark_floor_reported_separately
25,28,2,false,false,false,false,false,false,false,false,false,0,true,true,physical_support_with_dark_floor_reported_separately
25,28,3,false,false,false,false,false,false,false,false,false,0,true,true,physical_support_with_dark_floor_reported_separately
25,28,4,false,false,false,false,false,false,false,false,false,0,true,true,physical_support_with_dark_floor_reported_separately
25,28,5,false,false,false,false,false,false,false,false,false,0,true,true,physical_support_with_dark_floor_reported_separately
25,28,6,false,false,false,false,false,false,false,false,false,0,true,true,physical_support_with_dark_floor_reported_separately
25,28,7,false,false,false,false,false,false,false,false,false,0,true,true,physical_support_with_dark_floor_reported_separately
25,28,8,false,false,false,false,false,false,false,false,false,0,true,true,physical_support_with_dark_floor_reported_separately
25,28,9,false,false,false,false,false,false,false,false,false,0,true,true,physical_support_with_dark_floor_reported_separately
25,28,10,false,false,false,false,false,false,false,false,false,0,true,true,physical_support_with_dark_floor_reported_separately
25,28,11,false,false,false,false,false,false,false,false,false,0,true,true,physical_support_with_dark_floor_reported_separately
25,28,12,false,false,false,false,false,false,false,false,false,0,true,true,physical_support_with_dark_floor_reported_separately
25,28,13,false,false,false,false,false,false,false,false,false,0,true,true,physical_support_with_dark_floor_reported_separately
25,28,14,false,false,false,false,false,false,false,false,false,0,true,true,physical_support_with_dark_floor_reported_separately
25,28,15,false,false,false,false,false,false,false,false,false,0,true,true,physical_support_with_dark_floor_reported_separately
25,29,1,false,false,false,false,false,false,true,false,true,1,true,true,physical_support_with_dark_floor_reported_separately
25,29,2,false,false,false,false,false,false,true,false,true,1,true,true,physical_support_with_dark_floor_reported_separately
25,29,3,false,false,false,false,false,false,true,false,true,1,true,true,physical_support_with_dark_floor_reported_separately
25,29,4,false,false,false,false,false,false,true,false,true,1,true,true,physical_support_with_dark_floor_reported_separately
25,29,5,false,false,false,false,false,false,true,false,true,1,true,true,physical_support_with_dark_floor_reported_separately
25,29,6,false,false,false,false,false,false,true,false,true,1,true,true,physical_support_with_dark_floor_reported_separately
25,29,7,false,false,false,false,false,false,true,false,true,1,true,true,physical_support_with_dark_floor_reported_separately
25,29,8,false,false,false,false,false,false,true,false,true,1,true,true,physical_support_with_dark_floor_reported_separately
25,29,9,false,false,false,false,false,false,true,false,true,1,true,true,physical_support_with_dark_floor_reported_separately
25,29,10,false,false,false,false,false,false,true,false,true,1,true,true,physical_support_with_dark_floor_reported_separately
25,29,11,false,false,false,false,false,false,true,false,true,1,true,true,physical_support_with_dark_floor_reported_separately
25,29,12,false,false,false,false,false,false,true,false,true,1,true,true,physical_support_with_dark_floor_reported_separately
25,29,13,false,false,false,false,false,false,true,false,true,1,true,true,physical_support_with_dark_floor_reported_separately
25,29,14,false,false,false,false,false,false,true,false,true,1,true,true,physical_support_with_dark_floor_reported_separately
25,29,15,false,false,false,false,false,false,true,false,true,1,true,true,physical_support_with_dark_floor_reported_separately
25,30,1,false,false,false,false,true,false,true,false,true,2,true,true,physical_support_with_dark_floor_reported_separately
25,30,2,false,false,false,false,true,false,true,false,true,2,true,true,physical_support_with_dark_floor_reported_separately
25,30,3,false,false,false,false,true,false,false,false,true,1,true,true,physical_support_with_dark_floor_reported_separately
25,30,4,false,false,false,false,true,false,true,false,true,2,true,true,physical_support_with_dark_floor_reported_separately
25,30,5,false,false,false,false,true,false,true,false,true,2,true,true,physical_support_with_dark_floor_reported_separately
25,30,6,false,false,false,false,true,false,true,false,true,2,true,true,physical_support_with_dark_floor_reported_separately
25,30,7,false,false,false,false,true,false,true,false,true,2,true,true,physical_support_with_dark_floor_reported_separately
25,30,8,false,false,false,false,true,false,true,false,true,2,true,true,physical_support_with_dark_floor_reported_separately
25,30,9,false,false,false,false,true,false,false,false,true,1,true,true,physical_support_with_dark_floor_reported_separately
25,30,10,false,false,false,false,true,false,true,false,true,2,true,true,physical_support_with_dark_floor_reported_separately
25,30,11,false,false,false,false,true,false,true,false,true,2,true,true,physical_support_with_dark_floor_reported_separately
25,30,12,false,false,false,false,true,false,true,false,true,2,true,true,physical_support_with_dark_floor_reported_separately
25,30,13,false,false,false,false,true,false,false,false,true,1,true,true,physical_support_with_dark_floor_reported_separately
25,30,14,false,false,false,false,true,false,true,false,true,2,true,true,physical_support_with_dark_floor_reported_separately
25,30,15,false,false,false,false,true,false,true,false,true,2,true,true,physical_support_with_dark_floor_reported_separately
25,31,1,false,false,false,false,false,false,true,false,true,1,true,true,physical_support_with_dark_floor_reported_separately
25,31,2,false,false,false,false,false,false,true,false,true,1,true,true,physical_support_with_dark_floor_reported_separately
25,31,3,false,false,false,false,false,false,true,false,true,1,true,true,physical_support_with_dark_floor_reported_separately
25,31,4,false,false,false,false,false,false,true,false,true,1,true,true,physical_support_with_dark_floor_reported_separately
25,31,5,false,false,false,false,false,false,true,false,true,1,true,true,physical_support_with_dark_floor_reported_separately
25,31,6,false,false,false,false,false,false,true,false,true,1,true,true,physical_support_with_dark_floor_reported_separately
25,31,7,false,false,false,false,false,false,true,false,true,1,true,true,physical_support_with_dark_floor_reported_separately
25,31,8,false,false,false,false,false,false,true,false,true,1,true,true,physical_support_with_dark_floor_reported_separately
25,31,9,false,false,false,false,false,false,true,false,true,1,true,true,physical_support_with_dark_floor_reported_separately
25,31,10,false,false,false,false,false,false,true,false,true,1,true,true,physical_support_with_dark_floor_reported_separately
25,31,11,false,false,false,false,false,false,true,false,true,1,true,true,physical_support_with_dark_floor_reported_separately
25,31,12,false,false,false,false,false,false,true,false,true,1,true,true,physical_support_with_dark_floor_reported_separately
25,31,13,false,false,false,false,false,false,true,false,true,1,true,true,physical_support_with_dark_floor_reported_separately
25,31,14,false,false,false,false,false,false,true,false,true,1,true,true,physical_support_with_dark_floor_reported_separately
25,31,15,false,false,false,false,false,false,true,false,true,1,true,true,physical_support_with_dark_floor_reported_separately
25,32,1,false,false,false,false,true,false,true,false,true,2,true,true,physical_support_with_dark_floor_reported_separately
25,32,2,false,false,false,false,true,false,true,false,true,2,true,true,physical_support_with_dark_floor_reported_separately
25,32,3,false,false,false,false,true,false,true,false,true,2,true,true,physical_support_with_dark_floor_reported_separately
25,32,4,false,false,false,false,true,false,true,false,true,2,true,true,physical_support_with_dark_floor_reported_separately
25,32,5,false,false,false,false,true,false,true,false,true,2,true,true,physical_support_with_dark_floor_reported_separately
25,32,6,false,false,false,false,true,false,true,false,true,2,true,true,physical_support_with_dark_floor_reported_separately
25,32,7,false,false,false,false,true,false,true,false,true,2,true,true,physical_support_with_dark_floor_reported_separately
25,32,8,false,false,false,false,true,false,true,false,true,2,true,true,physical_support_with_dark_floor_reported_separately
25,32,9,false,false,false,false,true,false,true,false,true,2,true,true,physical_support_with_dark_floor_reported_separately
25,32,10,false,false,false,false,true,false,true,false,true,2,true,true,physical_support_with_dark_floor_reported_separately
25,32,11,false,false,false,false,true,false,true,false,true,2,true,true,physical_support_with_dark_floor_reported_separately
25,32,12,false,false,false,false,true,false,true,false,true,2,true,true,physical_support_with_dark_floor_reported_separately
25,32,13,false,false,false,false,true,false,true,false,true,2,true,true,physical_support_with_dark_floor_reported_separately
25,32,14,false,false,false,false,true,false,true,false,true,2,true,true,physical_support_with_dark_floor_reported_separately
25,32,15,false,false,false,false,true,false,true,false,true,2,true,true,physical_support_with_dark_floor_reported_separately
25,33,1,false,false,false,false,true,false,true,false,true,2,true,true,physical_support_with_dark_floor_reported_separately
25,33,2,false,false,false,false,true,false,true,false,true,2,true,true,physical_support_with_dark_floor_reported_separately
25,33,3,false,false,false,false,true,false,true,false,true,2,true,true,physical_support_with_dark_floor_reported_separately
25,33,4,false,false,false,false,true,false,true,false,true,2,true,true,physical_support_with_dark_floor_reported_separately
25,33,5,false,false,false,false,true,false,true,false,true,2,true,true,physical_support_with_dark_floor_reported_separately
25,33,6,false,false,false,false,true,false,true,false,true,2,true,true,physical_support_with_dark_floor_reported_separately
25,33,7,false,false,false,false,true,false,true,false,true,2,true,true,physical_support_with_dark_floor_reported_separately
25,33,8,false,false,false,false,true,false,true,false,true,2,true,true,physical_support_with_dark_floor_reported_separately
25,33,9,false,false,false,false,true,false,true,false,true,2,true,true,physical_support_with_dark_floor_reported_separately
25,33,10,false,false,false,false,true,false,true,false,true,2,true,true,physical_support_with_dark_floor_reported_separately
25,33,11,false,false,false,false,true,false,true,false,true,2,true,true,physical_support_with_dark_floor_reported_separately
25,33,12,false,false,false,false,true,false,true,false,true,2,true,true,physical_support_with_dark_floor_reported_separately
25,33,13,false,false,false,false,true,false,true,false,true,2,true,true,physical_support_with_dark_floor_reported_separately
25,33,14,false,false,false,false,true,false,true,false,true,2,true,true,physical_support_with_dark_floor_reported_separately
25,33,15,false,false,false,false,true,false,true,false,true,2,true,true,physical_support_with_dark_floor_reported_separately
25,34,1,false,false,false,false,true,false,true,false,true,2,true,true,physical_support_with_dark_floor_reported_separately
25,34,2,false,false,false,false,true,false,true,false,true,2,true,true,physical_support_with_dark_floor_reported_separately
25,34,3,false,false,false,false,true,false,true,false,true,2,true,true,physical_support_with_dark_floor_reported_separately
25,34,4,false,false,false,false,true,false,true,false,true,2,true,true,physical_support_with_dark_floor_reported_separately
25,34,5,false,false,false,false,true,false,true,false,true,2,true,true,physical_support_with_dark_floor_reported_separately
25,34,6,false,false,false,false,true,false,true,false,true,2,true,true,physical_support_with_dark_floor_reported_separately
25,34,7,false,false,false,false,true,false,true,false,true,2,true,true,physical_support_with_dark_floor_reported_separately
25,34,8,false,false,false,false,true,false,true,false,true,2,true,true,physical_support_with_dark_floor_reported_separately
25,34,9,false,false,false,false,true,false,true,false,true,2,true,true,physical_support_with_dark_floor_reported_separately
25,34,10,false,false,false,false,true,false,true,false,true,2,true,true,physical_support_with_dark_floor_reported_separately
25,34,11,false,false,false,false,true,false,true,false,true,2,true,true,physical_support_with_dark_floor_reported_separately
25,34,12,false,false,false,false,true,false,true,false,true,2,true,true,physical_support_with_dark_floor_reported_separately
25,34,13,false,false,false,false,true,false,true,false,true,2,true,true,physical_support_with_dark_floor_reported_separately
25,34,14,false,false,false,false,true,false,true,false,true,2,true,true,physical_support_with_dark_floor_reported_separately
25,34,15,false,false,false,false,true,false,true,false,true,2,true,true,physical_support_with_dark_floor_reported_separately
25,35,1,false,false,false,false,false,false,true,false,true,1,true,true,physical_support_with_dark_floor_reported_separately
25,35,2,false,false,false,false,false,false,true,false,true,1,true,true,physical_support_with_dark_floor_reported_separately
25,35,3,false,false,false,false,false,false,true,false,true,1,true,true,physical_support_with_dark_floor_reported_separately
25,35,4,false,false,false,false,false,false,true,false,true,1,true,true,physical_support_with_dark_floor_reported_separately
25,35,5,false,false,false,false,false,false,true,false,true,1,true,true,physical_support_with_dark_floor_reported_separately
25,35,6,false,false,false,false,false,false,true,false,true,1,true,true,physical_support_with_dark_floor_reported_separately
25,35,7,false,false,false,false,false,false,true,false,true,1,true,true,physical_support_with_dark_floor_reported_separately
25,35,8,false,false,false,false,false,false,true,false,true,1,true,true,physical_support_with_dark_floor_reported_separately
25,35,9,false,false,false,false,false,false,true,false,true,1,true,true,physical_support_with_dark_floor_reported_separately
25,35,10,false,false,false,false,false,false,true,false,true,1,true,true,physical_support_with_dark_floor_reported_separately
25,35,11,false,false,false,false,false,false,true,false,true,1,true,true,physical_support_with_dark_floor_reported_separately
25,35,12,false,false,false,false,false,false,true,false,true,1,true,true,physical_support_with_dark_floor_reported_separately
25,35,13,false,false,false,false,false,false,true,false,true,1,true,true,physical_support_with_dark_floor_reported_separately
25,35,14,false,false,false,false,false,false,true,false,true,1,true,true,physical_support_with_dark_floor_reported_separately
25,35,15,false,false,false,false,false,false,true,false,true,1,true,true,physical_support_with_dark_floor_reported_separately
25,36,1,false,false,false,false,false,false,true,false,true,1,true,true,physical_support_with_dark_floor_reported_separately
25,36,2,false,false,false,false,false,false,true,false,true,1,true,true,physical_support_with_dark_floor_reported_separately
25,36,3,false,false,false,false,false,false,true,false,true,1,true,true,physical_support_with_dark_floor_reported_separately
25,36,4,false,false,false,false,false,false,true,false,true,1,true,true,physical_support_with_dark_floor_reported_separately
25,36,5,false,false,false,false,false,false,true,false,true,1,true,true,physical_support_with_dark_floor_reported_separately
25,36,6,false,false,false,false,false,false,true,false,true,1,true,true,physical_support_with_dark_floor_reported_separately
25,36,7,false,false,false,false,false,false,true,false,true,1,true,true,physical_support_with_dark_floor_reported_separately
25,36,8,false,false,false,false,false,false,true,false,true,1,true,true,physical_support_with_dark_floor_reported_separately
25,36,9,false,false,false,false,false,false,true,false,true,1,true,true,physical_support_with_dark_floor_reported_separately
25,36,10,false,false,false,false,false,false,true,false,true,1,true,true,physical_support_with_dark_floor_reported_separately
25,36,11,false,false,false,false,false,false,true,false,true,1,true,true,physical_support_with_dark_floor_reported_separately
25,36,12,false,false,false,false,false,false,true,false,true,1,true,true,physical_support_with_dark_floor_reported_separately
25,36,13,false,false,false,false,false,false,true,false,true,1,true,true,physical_support_with_dark_floor_reported_separately
25,36,14,false,false,false,false,false,false,true,false,true,1,true,true,physical_support_with_dark_floor_reported_separately
25,36,15,false,false,false,false,false,false,true,false,true,1,true,true,physical_support_with_dark_floor_reported_separately
25,37,1,false,false,false,false,true,false,true,false,true,2,true,true,physical_support_with_dark_floor_reported_separately
25,37,2,false,false,false,false,true,false,true,false,true,2,true,true,physical_support_with_dark_floor_reported_separately
25,37,3,false,false,false,false,true,false,true,false,true,2,true,true,physical_support_with_dark_floor_reported_separately
25,37,4,false,false,false,false,true,false,true,false,true,2,true,true,physical_support_with_dark_floor_reported_separately
25,37,5,false,false,false,false,true,false,true,false,true,2,true,true,physical_support_with_dark_floor_reported_separately
25,37,6,false,false,false,false,true,false,true,false,true,2,true,true,physical_support_with_dark_floor_reported_separately
25,37,7,false,false,false,false,true,false,true,false,true,2,true,true,physical_support_with_dark_floor_reported_separately
25,37,8,false,false,false,false,true,false,true,false,true,2,true,true,physical_support_with_dark_floor_reported_separately
25,37,9,false,false,false,false,true,false,true,false,true,2,true,true,physical_support_with_dark_floor_reported_separately
25,37,10,false,false,false,false,true,false,true,false,true,2,true,true,physical_support_with_dark_floor_reported_separately
25,37,11,false,false,false,false,true,false,true,false,true,2,true,true,physical_support_with_dark_floor_reported_separately
25,37,12,false,false,false,false,true,false,true,false,true,2,true,true,physical_support_with_dark_floor_reported_separately
25,37,13,false,false,false,false,true,false,true,false,true,2,true,true,physical_support_with_dark_floor_reported_separately
25,37,14,false,false,false,false,true,false,true,false,true,2,true,true,physical_support_with_dark_floor_reported_separately
25,37,15,false,false,false,false,true,false,true,false,true,2,true,true,physical_support_with_dark_floor_reported_separately
25,38,1,false,false,false,false,false,false,false,false,false,0,true,true,physical_support_with_dark_floor_reported_separately
25,38,2,false,false,false,false,false,false,false,false,false,0,true,true,physical_support_with_dark_floor_reported_separately
25,38,3,false,false,false,false,false,false,false,false,false,0,true,true,physical_support_with_dark_floor_reported_separately
25,38,4,false,false,false,false,false,false,false,false,false,0,true,true,physical_support_with_dark_floor_reported_separately
25,38,5,false,false,false,false,false,false,false,false,false,0,true,true,physical_support_with_dark_floor_reported_separately
25,38,6,false,false,false,false,false,false,false,false,false,0,true,true,physical_support_with_dark_floor_reported_separately
25,38,7,false,false,false,false,false,false,false,false,false,0,true,true,physical_support_with_dark_floor_reported_separately
25,38,8,false,false,false,false,false,false,false,false,false,0,true,true,physical_support_with_dark_floor_reported_separately
25,38,9,false,false,false,false,false,false,false,false,false,0,true,true,physical_support_with_dark_floor_reported_separately
25,38,10,false,false,false,false,false,false,false,false,false,0,true,true,physical_support_with_dark_floor_reported_separately
25,38,11,false,false,false,false,false,false,false,false,false,0,true,true,physical_support_with_dark_floor_reported_separately
25,38,12,false,false,false,false,false,false,false,false,false,0,true,true,physical_support_with_dark_floor_reported_separately
25,38,13,false,false,false,false,false,false,false,false,false,0,true,true,physical_support_with_dark_floor_reported_separately
25,38,14,false,false,false,false,false,false,false,false,false,0,true,true,physical_support_with_dark_floor_reported_separately
25,38,15,false,false,false,false,false,false,false,false,false,0,true,true,physical_support_with_dark_floor_reported_separately
25,39,1,false,false,false,false,true,false,false,false,true,1,true,true,physical_support_with_dark_floor_reported_separately
25,39,2,false,false,false,false,true,false,false,false,true,1,true,true,physical_support_with_dark_floor_reported_separately
25,39,3,false,false,false,false,true,false,false,false,true,1,true,true,physical_support_with_dark_floor_reported_separately
25,39,4,false,false,false,false,true,false,false,false,true,1,true,true,physical_support_with_dark_floor_reported_separately
25,39,5,false,false,false,false,true,false,false,false,true,1,true,true,physical_support_with_dark_floor_reported_separately
25,39,6,false,false,false,false,true,false,false,false,true,1,true,true,physical_support_with_dark_floor_reported_separately
25,39,7,false,false,false,false,true,false,false,false,true,1,true,true,physical_support_with_dark_floor_reported_separately
25,39,8,false,false,false,false,true,false,false,false,true,1,true,true,physical_support_with_dark_floor_reported_separately
25,39,9,false,false,false,false,true,false,false,false,true,1,true,true,physical_support_with_dark_floor_reported_separately
25,39,10,false,false,false,false,true,false,false,false,true,1,true,true,physical_support_with_dark_floor_reported_separately
25,39,11,false,false,false,false,true,false,false,false,true,1,true,true,physical_support_with_dark_floor_reported_separately
25,39,12,false,false,false,false,true,false,false,false,true,1,true,true,physical_support_with_dark_floor_reported_separately
25,39,13,false,false,false,false,true,false,false,false,true,1,true,true,physical_support_with_dark_floor_reported_separately
25,39,14,false,false,false,false,true,false,false,false,true,1,true,true,physical_support_with_dark_floor_reported_separately
25,39,15,false,false,false,false,true,false,false,false,true,1,true,true,physical_support_with_dark_floor_reported_separately
25,40,1,false,false,false,false,true,false,false,false,true,1,true,true,physical_support_with_dark_floor_reported_separately
25,40,2,false,false,false,false,true,false,false,false,true,1,true,true,physical_support_with_dark_floor_reported_separately
25,40,3,false,false,false,false,true,false,false,false,true,1,true,true,physical_support_with_dark_floor_reported_separately
25,40,4,false,false,false,false,true,false,false,false,true,1,true,true,physical_support_with_dark_floor_reported_separately
25,40,5,false,false,false,false,true,false,false,false,true,1,true,true,physical_support_with_dark_floor_reported_separately
25,40,6,false,false,false,false,true,false,false,false,true,1,true,true,physical_support_with_dark_floor_reported_separately
25,40,7,false,false,false,false,true,false,false,false,true,1,true,true,physical_support_with_dark_floor_reported_separately
25,40,8,false,false,false,false,true,false,false,false,true,1,true,true,physical_support_with_dark_floor_reported_separately
25,40,9,false,false,false,false,true,false,false,false,true,1,true,true,physical_support_with_dark_floor_reported_separately
25,40,10,false,false,false,false,true,false,false,false,true,1,true,true,physical_support_with_dark_floor_reported_separately
25,40,11,false,false,false,false,true,false,false,false,true,1,true,true,physical_support_with_dark_floor_reported_separately
25,40,12,false,false,false,false,true,false,false,false,true,1,true,true,physical_support_with_dark_floor_reported_separately
25,40,13,false,false,false,false,true,false,false,false,true,1,true,true,physical_support_with_dark_floor_reported_separately
25,40,14,false,false,false,false,true,false,false,false,true,1,true,true,physical_support_with_dark_floor_reported_separately
25,40,15,false,false,false,false,true,false,false,false,true,1,true,true,physical_support_with_dark_floor_reported_separately
25,41,1,false,false,false,false,true,false,false,false,true,1,true,true,physical_support_with_dark_floor_reported_separately
25,41,2,false,false,false,false,true,false,false,false,true,1,true,true,physical_support_with_dark_floor_reported_separately
25,41,3,false,false,false,false,true,false,false,false,true,1,true,true,physical_support_with_dark_floor_reported_separately
25,41,4,false,false,false,false,true,false,false,false,true,1,true,true,physical_support_with_dark_floor_reported_separately
25,41,5,false,false,false,false,true,false,false,false,true,1,true,true,physical_support_with_dark_floor_reported_separately
25,41,6,false,false,false,false,true,false,false,false,true,1,true,true,physical_support_with_dark_floor_reported_separately
25,41,7,false,false,false,false,true,false,false,false,true,1,true,true,physical_support_with_dark_floor_reported_separately
25,41,8,false,false,false,false,true,false,false,false,true,1,true,true,physical_support_with_dark_floor_reported_separately
25,41,9,false,false,false,false,true,false,false,false,true,1,true,true,physical_support_with_dark_floor_reported_separately
25,41,10,false,false,false,false,true,false,false,false,true,1,true,true,physical_support_with_dark_floor_reported_separately
25,41,11,false,false,false,false,true,false,false,false,true,1,true,true,physical_support_with_dark_floor_reported_separately
25,41,12,false,false,false,false,true,false,false,false,true,1,true,true,physical_support_with_dark_floor_reported_separately
25,41,13,false,false,false,false,true,false,false,false,true,1,true,true,physical_support_with_dark_floor_reported_separately
25,41,14,false,false,false,false,true,false,false,false,true,1,true,true,physical_support_with_dark_floor_reported_separately
25,41,15,false,false,false,false,true,false,false,false,true,1,true,true,physical_support_with_dark_floor_reported_separately
25,42,1,false,false,false,false,true,false,false,false,true,1,true,true,physical_support_with_dark_floor_reported_separately
25,42,2,false,false,false,false,true,false,false,false,true,1,true,true,physical_support_with_dark_floor_reported_separately
25,42,3,false,false,false,false,true,false,false,false,true,1,true,true,physical_support_with_dark_floor_reported_separately
25,42,4,false,false,false,false,true,false,false,false,true,1,true,true,physical_support_with_dark_floor_reported_separately
25,42,5,false,false,false,false,true,false,false,false,true,1,true,true,physical_support_with_dark_floor_reported_separately
25,42,6,false,false,false,false,true,false,false,false,true,1,true,true,physical_support_with_dark_floor_reported_separately
25,42,7,false,false,false,false,true,false,false,false,true,1,true,true,physical_support_with_dark_floor_reported_separately
25,42,8,false,false,false,false,true,false,false,false,true,1,true,true,physical_support_with_dark_floor_reported_separately
25,42,9,false,false,false,false,true,false,false,false,true,1,true,true,physical_support_with_dark_floor_reported_separately
25,42,10,false,false,false,false,true,false,false,false,true,1,true,true,physical_support_with_dark_floor_reported_separately
25,42,11,false,false,false,false,true,false,false,false,true,1,true,true,physical_support_with_dark_floor_reported_separately
25,42,12,false,false,false,false,true,false,false,false,true,1,true,true,physical_support_with_dark_floor_reported_separately
25,42,13,false,false,false,false,true,false,false,false,true,1,true,true,physical_support_with_dark_floor_reported_separately
25,42,14,false,false,false,false,true,false,false,false,true,1,true,true,physical_support_with_dark_floor_reported_separately
25,42,15,false,false,false,false,true,false,false,false,true,1,true,true,physical_support_with_dark_floor_reported_separately
25,43,1,false,false,false,false,true,false,true,false,true,2,true,true,physical_support_with_dark_floor_reported_separately
25,43,2,false,false,false,false,true,false,true,false,true,2,true,true,physical_support_with_dark_floor_reported_separately
25,43,3,false,false,false,false,true,false,true,false,true,2,true,true,physical_support_with_dark_floor_reported_separately
25,43,4,false,false,false,false,true,false,true,false,true,2,true,true,physical_support_with_dark_floor_reported_separately
25,43,5,false,false,false,false,true,false,true,false,true,2,true,true,physical_support_with_dark_floor_reported_separately
25,43,6,false,false,false,false,true,false,true,false,true,2,true,true,physical_support_with_dark_floor_reported_separately
25,43,7,false,false,false,false,true,false,true,false,true,2,true,true,physical_support_with_dark_floor_reported_separately
25,43,8,false,false,false,false,true,false,true,false,true,2,true,true,physical_support_with_dark_floor_reported_separately
25,43,9,false,false,false,false,true,false,true,false,true,2,true,true,physical_support_with_dark_floor_reported_separately
25,43,10,false,false,false,false,true,false,true,false,true,2,true,true,physical_support_with_dark_floor_reported_separately
25,43,11,false,false,false,false,true,false,true,false,true,2,true,true,physical_support_with_dark_floor_reported_separately
25,43,12,false,false,false,false,true,false,true,false,true,2,true,true,physical_support_with_dark_floor_reported_separately
25,43,13,false,false,false,false,true,false,true,false,true,2,true,true,physical_support_with_dark_floor_reported_separately
25,43,14,false,false,false,false,true,false,true,false,true,2,true,true,physical_support_with_dark_floor_reported_separately
25,43,15,false,false,false,false,true,false,true,false,true,2,true,true,physical_support_with_dark_floor_reported_separately
25,44,1,false,false,false,false,true,false,true,false,true,2,true,true,physical_support_with_dark_floor_reported_separately
25,44,2,false,false,false,false,true,false,true,false,true,2,true,true,physical_support_with_dark_floor_reported_separately
25,44,3,false,false,false,false,true,false,true,false,true,2,true,true,physical_support_with_dark_floor_reported_separately
25,44,4,false,false,false,false,true,false,true,false,true,2,true,true,physical_support_with_dark_floor_reported_separately
25,44,5,false,false,false,false,true,false,true,false,true,2,true,true,physical_support_with_dark_floor_reported_separately
25,44,6,false,false,false,false,true,false,true,false,true,2,true,true,physical_support_with_dark_floor_reported_separately
25,44,7,false,false,false,false,true,false,true,false,true,2,true,true,physical_support_with_dark_floor_reported_separately
25,44,8,false,false,false,false,true,false,true,false,true,2,true,true,physical_support_with_dark_floor_reported_separately
25,44,9,false,false,false,false,true,false,true,false,true,2,true,true,physical_support_with_dark_floor_reported_separately
25,44,10,false,false,false,false,true,false,true,false,true,2,true,true,physical_support_with_dark_floor_reported_separately
25,44,11,false,false,false,false,true,false,true,false,true,2,true,true,physical_support_with_dark_floor_reported_separately
25,44,12,false,false,false,false,true,false,true,false,true,2,true,true,physical_support_with_dark_floor_reported_separately
25,44,13,false,false,false,false,true,false,true,false,true,2,true,true,physical_support_with_dark_floor_reported_separately
25,44,14,false,false,false,false,true,false,true,false,true,2,true,true,physical_support_with_dark_floor_reported_separately
25,44,15,false,false,false,false,true,false,true,false,true,2,true,true,physical_support_with_dark_floor_reported_separately
25,45,1,false,false,false,false,true,false,false,false,true,1,true,true,physical_support_with_dark_floor_reported_separately
25,45,2,false,false,false,false,true,false,false,false,true,1,true,true,physical_support_with_dark_floor_reported_separately
25,45,3,false,false,false,false,true,false,false,false,true,1,true,true,physical_support_with_dark_floor_reported_separately
25,45,4,false,false,false,false,true,false,false,false,true,1,true,true,physical_support_with_dark_floor_reported_separately
25,45,5,false,false,false,false,true,false,false,false,true,1,true,true,physical_support_with_dark_floor_reported_separately
25,45,6,false,false,false,false,true,false,false,false,true,1,true,true,physical_support_with_dark_floor_reported_separately
25,45,7,false,false,false,false,true,false,false,false,true,1,true,true,physical_support_with_dark_floor_reported_separately
25,45,8,false,false,false,false,true,false,false,false,true,1,true,true,physical_support_with_dark_floor_reported_separately
25,45,9,false,false,false,false,true,false,false,false,true,1,true,true,physical_support_with_dark_floor_reported_separately
25,45,10,false,false,false,false,true,false,false,false,true,1,true,true,physical_support_with_dark_floor_reported_separately
25,45,11,false,false,false,false,true,false,false,false,true,1,true,true,physical_support_with_dark_floor_reported_separately
25,45,12,false,false,false,false,true,false,false,false,true,1,true,true,physical_support_with_dark_floor_reported_separately
25,45,13,false,false,false,false,true,false,false,false,true,1,true,true,physical_support_with_dark_floor_reported_separately
25,45,14,false,false,false,false,true,false,false,false,true,1,true,true,physical_support_with_dark_floor_reported_separately
25,45,15,false,false,false,false,true,false,false,false,true,1,true,true,physical_support_with_dark_floor_reported_separately
25,46,1,false,false,false,false,false,false,true,false,true,1,true,true,physical_support_with_dark_floor_reported_separately
25,46,2,false,false,false,false,false,false,true,false,true,1,true,true,physical_support_with_dark_floor_reported_separately
25,46,3,false,false,false,false,false,false,true,false,true,1,true,true,physical_support_with_dark_floor_reported_separately
25,46,4,false,false,false,false,false,false,true,false,true,1,true,true,physical_support_with_dark_floor_reported_separately
25,46,5,false,false,false,false,false,false,true,false,true,1,true,true,physical_support_with_dark_floor_reported_separately
25,46,6,false,false,false,false,false,false,true,false,true,1,true,true,physical_support_with_dark_floor_reported_separately
25,46,7,false,false,false,false,false,false,true,false,true,1,true,true,physical_support_with_dark_floor_reported_separately
25,46,8,false,false,false,false,false,false,true,false,true,1,true,true,physical_support_with_dark_floor_reported_separately
25,46,9,false,false,false,false,false,false,true,false,true,1,true,true,physical_support_with_dark_floor_reported_separately
25,46,10,false,false,false,false,false,false,true,false,true,1,true,true,physical_support_with_dark_floor_reported_separately
25,46,11,false,false,false,false,false,false,true,false,true,1,true,true,physical_support_with_dark_floor_reported_separately
25,46,12,false,false,false,false,false,false,true,false,true,1,true,true,physical_support_with_dark_floor_reported_separately
25,46,13,false,false,false,false,false,false,true,false,true,1,true,true,physical_support_with_dark_floor_reported_separately
25,46,14,false,false,false,false,false,false,true,false,true,1,true,true,physical_support_with_dark_floor_reported_separately
25,46,15,false,false,false,false,false,false,true,false,true,1,true,true,physical_support_with_dark_floor_reported_separately
25,47,1,false,false,false,false,false,false,false,false,false,0,true,true,physical_support_with_dark_floor_reported_separately
25,47,2,false,false,false,false,false,false,false,false,false,0,true,true,physical_support_with_dark_floor_reported_separately
25,47,3,false,false,false,false,false,false,false,false,false,0,true,true,physical_support_with_dark_floor_reported_separately
25,47,4,false,false,false,false,false,false,false,false,false,0,true,true,physical_support_with_dark_floor_reported_separately
25,47,5,false,false,false,false,false,false,false,false,false,0,true,true,physical_support_with_dark_floor_reported_separately
25,47,6,false,false,false,false,false,false,false,false,false,0,true,true,physical_support_with_dark_floor_reported_separately
25,47,7,false,false,false,false,false,false,false,false,false,0,true,true,physical_support_with_dark_floor_reported_separately
25,47,8,false,false,false,false,false,false,false,false,false,0,true,true,physical_support_with_dark_floor_reported_separately
25,47,9,false,false,false,false,false,false,false,false,false,0,true,true,physical_support_with_dark_floor_reported_separately
25,47,10,false,false,false,false,false,false,false,false,false,0,true,true,physical_support_with_dark_floor_reported_separately
25,47,11,false,false,false,false,false,false,false,false,false,0,true,true,physical_support_with_dark_floor_reported_separately
25,47,12,false,false,false,false,false,false,false,false,false,0,true,true,physical_support_with_dark_floor_reported_separately
25,47,13,false,false,false,false,false,false,false,false,false,0,true,true,physical_support_with_dark_floor_reported_separately
25,47,14,false,false,false,false,false,false,false,false,false,0,true,true,physical_support_with_dark_floor_reported_separately
25,47,15,false,false,false,false,false,false,false,false,false,0,true,true,physical_support_with_dark_floor_reported_separately
25,48,1,false,false,false,false,false,false,false,false,false,0,true,true,physical_support_with_dark_floor_reported_separately
25,48,2,false,false,false,false,false,false,false,false,false,0,true,true,physical_support_with_dark_floor_reported_separately
25,48,3,false,false,false,false,false,false,false,false,false,0,true,true,physical_support_with_dark_floor_reported_separately
25,48,4,false,false,false,false,false,false,false,false,false,0,true,true,physical_support_with_dark_floor_reported_separately
25,48,5,false,false,false,false,false,false,false,false,false,0,true,true,physical_support_with_dark_floor_reported_separately
25,48,6,false,false,false,false,false,false,false,false,false,0,true,true,physical_support_with_dark_floor_reported_separately
25,48,7,false,false,false,false,false,false,false,false,false,0,true,true,physical_support_with_dark_floor_reported_separately
25,48,8,false,false,false,false,false,false,false,false,false,0,true,true,physical_support_with_dark_floor_reported_separately
25,48,9,false,false,false,false,false,false,false,false,false,0,true,true,physical_support_with_dark_floor_reported_separately
25,48,10,false,false,false,false,false,false,false,false,false,0,true,true,physical_support_with_dark_floor_reported_separately
25,48,11,false,false,false,false,false,false,false,false,false,0,true,true,physical_support_with_dark_floor_reported_separately
25,48,12,false,false,false,false,false,false,false,false,false,0,true,true,physical_support_with_dark_floor_reported_separately
25,48,13,false,false,false,false,false,false,false,false,false,0,true,true,physical_support_with_dark_floor_reported_separately
25,48,14,false,false,false,false,false,false,false,false,false,0,true,true,physical_support_with_dark_floor_reported_separately
25,48,15,false,false,false,false,false,false,false,false,false,0,true,true,physical_support_with_dark_floor_reported_separately
25,49,1,false,false,false,false,false,false,false,false,false,0,true,true,physical_support_with_dark_floor_reported_separately
25,49,2,false,false,false,false,false,false,false,false,false,0,true,true,physical_support_with_dark_floor_reported_separately
25,49,3,false,false,false,false,false,false,false,false,false,0,true,true,physical_support_with_dark_floor_reported_separately
25,49,4,false,false,false,false,false,false,false,false,false,0,true,true,physical_support_with_dark_floor_reported_separately
25,49,5,false,false,false,false,false,false,false,false,false,0,true,true,physical_support_with_dark_floor_reported_separately
25,49,6,false,false,false,false,false,false,false,false,false,0,true,true,physical_support_with_dark_floor_reported_separately
25,49,7,false,false,false,false,false,false,false,false,false,0,true,true,physical_support_with_dark_floor_reported_separately
25,49,8,false,false,false,false,false,false,false,false,false,0,true,true,physical_support_with_dark_floor_reported_separately
25,49,9,false,false,false,false,false,false,false,false,false,0,true,true,physical_support_with_dark_floor_reported_separately
25,49,10,false,false,false,false,false,false,false,false,false,0,true,true,physical_support_with_dark_floor_reported_separately
25,49,11,false,false,false,false,false,false,false,false,false,0,true,true,physical_support_with_dark_floor_reported_separately
25,49,12,false,false,false,false,false,false,false,false,false,0,true,true,physical_support_with_dark_floor_reported_separately
25,49,13,false,false,false,false,false,false,false,false,false,0,true,true,physical_support_with_dark_floor_reported_separately
25,49,14,false,false,false,false,false,false,false,false,false,0,true,true,physical_support_with_dark_floor_reported_separately
25,49,15,false,false,false,false,false,false,false,false,false,0,true,true,physical_support_with_dark_floor_reported_separately
25,50,1,false,false,false,false,false,false,true,false,true,1,true,true,physical_support_with_dark_floor_reported_separately
25,50,2,false,false,false,false,false,false,true,false,true,1,true,true,physical_support_with_dark_floor_reported_separately
25,50,3,false,false,false,false,false,false,true,false,true,1,true,true,physical_support_with_dark_floor_reported_separately
25,50,4,false,false,false,false,false,false,true,false,true,1,true,true,physical_support_with_dark_floor_reported_separately
25,50,5,false,false,false,false,false,false,true,false,true,1,true,true,physical_support_with_dark_floor_reported_separately
25,50,6,false,false,false,false,false,false,true,false,true,1,true,true,physical_support_with_dark_floor_reported_separately
25,50,7,false,false,false,false,false,false,true,false,true,1,true,true,physical_support_with_dark_floor_reported_separately
25,50,8,false,false,false,false,false,false,true,false,true,1,true,true,physical_support_with_dark_floor_reported_separately
25,50,9,false,false,false,false,false,false,true,false,true,1,true,true,physical_support_with_dark_floor_reported_separately
25,50,10,false,false,false,false,false,false,true,false,true,1,true,true,physical_support_with_dark_floor_reported_separately
25,50,11,false,false,false,false,false,false,true,false,true,1,true,true,physical_support_with_dark_floor_reported_separately
25,50,12,false,false,false,false,false,false,true,false,true,1,true,true,physical_support_with_dark_floor_reported_separately
25,50,13,false,false,false,false,false,false,true,false,true,1,true,true,physical_support_with_dark_floor_reported_separately
25,50,14,false,false,false,false,false,false,true,false,true,1,true,true,physical_support_with_dark_floor_reported_separately
25,50,15,false,false,false,false,false,false,true,false,true,1,true,true,physical_support_with_dark_floor_reported_separately
25,51,1,false,false,false,false,false,false,false,false,false,0,true,true,physical_support_with_dark_floor_reported_separately
25,51,2,false,false,false,false,false,false,false,false,false,0,true,true,physical_support_with_dark_floor_reported_separately
25,51,3,false,false,false,false,false,false,false,false,false,0,true,true,physical_support_with_dark_floor_reported_separately
25,51,4,false,false,false,false,false,false,false,false,false,0,true,true,physical_support_with_dark_floor_reported_separately
25,51,5,false,false,false,false,false,false,false,false,false,0,true,true,physical_support_with_dark_floor_reported_separately
25,51,6,false,false,false,false,false,false,false,false,false,0,true,true,physical_support_with_dark_floor_reported_separately
25,51,7,false,false,false,false,false,false,false,false,false,0,true,true,physical_support_with_dark_floor_reported_separately
25,51,8,false,false,false,false,false,false,false,false,false,0,true,true,physical_support_with_dark_floor_reported_separately
25,51,9,false,false,false,false,false,false,false,false,false,0,true,true,physical_support_with_dark_floor_reported_separately
25,51,10,false,false,false,false,false,false,false,false,false,0,true,true,physical_support_with_dark_floor_reported_separately
25,51,11,false,false,false,false,false,false,false,false,false,0,true,true,physical_support_with_dark_floor_reported_separately
25,51,12,false,false,false,false,false,false,false,false,false,0,true,true,physical_support_with_dark_floor_reported_separately
25,51,13,false,false,false,false,false,false,false,false,false,0,true,true,physical_support_with_dark_floor_reported_separately
25,51,14,false,false,false,false,false,false,false,false,false,0,true,true,physical_support_with_dark_floor_reported_separately
25,51,15,false,false,false,false,false,false,false,false,false,0,true,true,physical_support_with_dark_floor_reported_separately
25,52,1,false,false,false,false,true,false,false,false,true,1,true,true,physical_support_with_dark_floor_reported_separately
25,52,2,false,false,false,false,true,false,false,false,true,1,true,true,physical_support_with_dark_floor_reported_separately
25,52,3,false,false,false,false,true,false,false,false,true,1,true,true,physical_support_with_dark_floor_reported_separately
25,52,4,false,false,false,false,true,false,false,false,true,1,true,true,physical_support_with_dark_floor_reported_separately
25,52,5,false,false,false,false,true,false,false,false,true,1,true,true,physical_support_with_dark_floor_reported_separately
25,52,6,false,false,false,false,true,false,false,false,true,1,true,true,physical_support_with_dark_floor_reported_separately
25,52,7,false,false,false,false,true,false,false,false,true,1,true,true,physical_support_with_dark_floor_reported_separately
25,52,8,false,false,false,false,true,false,false,false,true,1,true,true,physical_support_with_dark_floor_reported_separately
25,52,9,false,false,false,false,true,false,false,false,true,1,true,true,physical_support_with_dark_floor_reported_separately
25,52,10,false,false,false,false,true,false,false,false,true,1,true,true,physical_support_with_dark_floor_reported_separately
25,52,11,false,false,false,false,true,false,false,false,true,1,true,true,physical_support_with_dark_floor_reported_separately
25,52,12,false,false,false,false,true,false,false,false,true,1,true,true,physical_support_with_dark_floor_reported_separately
25,52,13,false,false,false,false,true,false,false,false,true,1,true,true,physical_support_with_dark_floor_reported_separately
25,52,14,false,false,false,false,true,false,false,false,true,1,true,true,physical_support_with_dark_floor_reported_separately
25,52,15,false,false,false,false,true,false,false,false,true,1,true,true,physical_support_with_dark_floor_reported_separately
25,53,1,false,false,false,false,true,false,true,false,true,2,true,true,physical_support_with_dark_floor_reported_separately
25,53,2,false,false,false,false,true,false,true,false,true,2,true,true,physical_support_with_dark_floor_reported_separately
25,53,3,false,false,false,false,true,false,true,false,true,2,true,true,physical_support_with_dark_floor_reported_separately
25,53,4,false,false,false,false,true,false,true,false,true,2,true,true,physical_support_with_dark_floor_reported_separately
25,53,5,false,false,false,false,true,false,true,false,true,2,true,true,physical_support_with_dark_floor_reported_separately
25,53,6,false,false,false,false,true,false,true,false,true,2,true,true,physical_support_with_dark_floor_reported_separately
25,53,7,false,false,false,false,true,false,true,false,true,2,true,true,physical_support_with_dark_floor_reported_separately
25,53,8,false,false,false,false,true,false,true,false,true,2,true,true,physical_support_with_dark_floor_reported_separately
25,53,9,false,false,false,false,true,false,true,false,true,2,true,true,physical_support_with_dark_floor_reported_separately
25,53,10,false,false,false,false,true,false,true,false,true,2,true,true,physical_support_with_dark_floor_reported_separately
25,53,11,false,false,false,false,true,false,true,false,true,2,true,true,physical_support_with_dark_floor_reported_separately
25,53,12,false,false,false,false,true,false,true,false,true,2,true,true,physical_support_with_dark_floor_reported_separately
25,53,13,false,false,false,false,true,false,true,false,true,2,true,true,physical_support_with_dark_floor_reported_separately
25,53,14,false,false,false,false,true,false,true,false,true,2,true,true,physical_support_with_dark_floor_reported_separately
25,53,15,false,false,false,false,true,false,true,false,true,2,true,true,physical_support_with_dark_floor_reported_separately
25,54,1,false,false,false,false,false,false,true,false,true,1,true,true,physical_support_with_dark_floor_reported_separately
25,54,2,false,false,false,false,false,false,true,false,true,1,true,true,physical_support_with_dark_floor_reported_separately
25,54,3,false,false,false,false,false,false,true,false,true,1,true,true,physical_support_with_dark_floor_reported_separately
25,54,4,false,false,false,false,false,false,true,false,true,1,true,true,physical_support_with_dark_floor_reported_separately
25,54,5,false,false,false,false,false,false,true,false,true,1,true,true,physical_support_with_dark_floor_reported_separately
25,54,6,false,false,false,false,false,false,true,false,true,1,true,true,physical_support_with_dark_floor_reported_separately
25,54,7,false,false,false,false,false,false,true,false,true,1,true,true,physical_support_with_dark_floor_reported_separately
25,54,8,false,false,false,false,false,false,true,false,true,1,true,true,physical_support_with_dark_floor_reported_separately
25,54,9,false,false,false,false,false,false,true,false,true,1,true,true,physical_support_with_dark_floor_reported_separately
25,54,10,false,false,false,false,false,false,true,false,true,1,true,true,physical_support_with_dark_floor_reported_separately
25,54,11,false,false,false,false,false,false,true,false,true,1,true,true,physical_support_with_dark_floor_reported_separately
25,54,12,false,false,false,false,false,false,true,false,true,1,true,true,physical_support_with_dark_floor_reported_separately
25,54,13,false,false,false,false,false,false,true,false,true,1,true,true,physical_support_with_dark_floor_reported_separately
25,54,14,false,false,false,false,false,false,true,false,true,1,true,true,physical_support_with_dark_floor_reported_separately
25,54,15,false,false,false,false,false,false,true,false,true,1,true,true,physical_support_with_dark_floor_reported_separately
25,55,1,false,false,false,false,false,false,false,false,false,0,true,true,physical_support_with_dark_floor_reported_separately
25,55,2,false,false,false,false,false,false,false,false,false,0,true,true,physical_support_with_dark_floor_reported_separately
25,55,3,false,false,false,false,false,false,false,false,false,0,true,true,physical_support_with_dark_floor_reported_separately
25,55,4,false,false,false,false,false,false,false,false,false,0,true,true,physical_support_with_dark_floor_reported_separately
25,55,5,false,false,false,false,false,false,false,false,false,0,true,true,physical_support_with_dark_floor_reported_separately
25,55,6,false,false,false,false,false,false,false,false,false,0,true,true,physical_support_with_dark_floor_reported_separately
25,55,7,false,false,false,false,false,false,false,false,false,0,true,true,physical_support_with_dark_floor_reported_separately
25,55,8,false,false,false,false,false,false,false,false,false,0,true,true,physical_support_with_dark_floor_reported_separately
25,55,9,false,false,false,false,false,false,false,false,false,0,true,true,physical_support_with_dark_floor_reported_separately
25,55,10,false,false,false,false,false,false,false,false,false,0,true,true,physical_support_with_dark_floor_reported_separately
25,55,11,false,false,false,false,false,false,false,false,false,0,true,true,physical_support_with_dark_floor_reported_separately
25,55,12,false,false,false,false,false,false,false,false,false,0,true,true,physical_support_with_dark_floor_reported_separately
25,55,13,false,false,false,false,false,false,false,false,false,0,true,true,physical_support_with_dark_floor_reported_separately
25,55,14,false,false,false,false,false,false,false,false,false,0,true,true,physical_support_with_dark_floor_reported_separately
25,55,15,false,false,false,false,false,false,false,false,false,0,true,true,physical_support_with_dark_floor_reported_separately
25,56,1,false,false,false,false,true,false,false,false,true,1,true,true,physical_support_with_dark_floor_reported_separately
25,56,2,false,false,false,false,true,false,false,false,true,1,true,true,physical_support_with_dark_floor_reported_separately
25,56,3,false,false,false,false,true,false,false,false,true,1,true,true,physical_support_with_dark_floor_reported_separately
25,56,4,false,false,false,false,true,false,false,false,true,1,true,true,physical_support_with_dark_floor_reported_separately
25,56,5,false,false,false,false,true,false,false,false,true,1,true,true,physical_support_with_dark_floor_reported_separately
25,56,6,false,false,false,false,true,false,false,false,true,1,true,true,physical_support_with_dark_floor_reported_separately
25,56,7,false,false,false,false,true,false,false,false,true,1,true,true,physical_support_with_dark_floor_reported_separately
25,56,8,false,false,false,false,true,false,false,false,true,1,true,true,physical_support_with_dark_floor_reported_separately
25,56,9,false,false,false,false,true,false,false,false,true,1,true,true,physical_support_with_dark_floor_reported_separately
25,56,10,false,false,false,false,true,false,false,false,true,1,true,true,physical_support_with_dark_floor_reported_separately
25,56,11,false,false,false,false,true,false,false,false,true,1,true,true,physical_support_with_dark_floor_reported_separately
25,56,12,false,false,false,false,true,false,false,false,true,1,true,true,physical_support_with_dark_floor_reported_separately
25,56,13,false,false,false,false,true,false,false,false,true,1,true,true,physical_support_with_dark_floor_reported_separately
25,56,14,false,false,false,false,true,false,false,false,true,1,true,true,physical_support_with_dark_floor_reported_separately
25,56,15,false,false,false,false,true,false,false,false,true,1,true,true,physical_support_with_dark_floor_reported_separately
25,57,1,false,false,false,false,true,false,true,false,true,2,true,true,physical_support_with_dark_floor_reported_separately
25,57,2,false,false,false,false,true,false,true,false,true,2,true,true,physical_support_with_dark_floor_reported_separately
25,57,3,false,false,false,false,true,false,true,false,true,2,true,true,physical_support_with_dark_floor_reported_separately
25,57,4,false,false,false,false,true,false,true,false,true,2,true,true,physical_support_with_dark_floor_reported_separately
25,57,5,false,false,false,false,true,false,true,false,true,2,true,true,physical_support_with_dark_floor_reported_separately
25,57,6,false,false,false,false,true,false,true,false,true,2,true,true,physical_support_with_dark_floor_reported_separately
25,57,7,false,false,false,false,true,false,true,false,true,2,true,true,physical_support_with_dark_floor_reported_separately
25,57,8,false,false,false,false,true,false,true,false,true,2,true,true,physical_support_with_dark_floor_reported_separately
25,57,9,false,false,false,false,true,false,true,false,true,2,true,true,physical_support_with_dark_floor_reported_separately
25,57,10,false,false,false,false,true,false,false,false,true,1,true,true,physical_support_with_dark_floor_reported_separately
25,57,11,false,false,false,false,true,false,true,false,true,2,true,true,physical_support_with_dark_floor_reported_separately
25,57,12,false,false,false,false,true,false,true,false,true,2,true,true,physical_support_with_dark_floor_reported_separately
25,57,13,false,false,false,false,true,false,true,false,true,2,true,true,physical_support_with_dark_floor_reported_separately
25,57,14,false,false,false,false,true,false,true,false,true,2,true,true,physical_support_with_dark_floor_reported_separately
25,57,15,false,false,false,false,true,false,true,false,true,2,true,true,physical_support_with_dark_floor_reported_separately
25,58,1,false,false,false,false,true,false,true,false,true,2,true,true,physical_support_with_dark_floor_reported_separately
25,58,2,false,false,false,false,true,false,true,false,true,2,true,true,physical_support_with_dark_floor_reported_separately
25,58,3,false,false,false,false,true,false,true,false,true,2,true,true,physical_support_with_dark_floor_reported_separately
25,58,4,false,false,false,false,true,false,true,false,true,2,true,true,physical_support_with_dark_floor_reported_separately
25,58,5,false,false,false,false,true,false,true,false,true,2,true,true,physical_support_with_dark_floor_reported_separately
25,58,6,false,false,false,false,true,false,true,false,true,2,true,true,physical_support_with_dark_floor_reported_separately
25,58,7,false,false,false,false,true,false,true,false,true,2,true,true,physical_support_with_dark_floor_reported_separately
25,58,8,false,false,false,false,true,false,true,false,true,2,true,true,physical_support_with_dark_floor_reported_separately
25,58,9,false,false,false,false,true,false,true,false,true,2,true,true,physical_support_with_dark_floor_reported_separately
25,58,10,false,false,false,false,true,false,true,false,true,2,true,true,physical_support_with_dark_floor_reported_separately
25,58,11,false,false,false,false,true,false,true,false,true,2,true,true,physical_support_with_dark_floor_reported_separately
25,58,12,false,false,false,false,true,false,true,false,true,2,true,true,physical_support_with_dark_floor_reported_separately
25,58,13,false,false,false,false,true,false,true,false,true,2,true,true,physical_support_with_dark_floor_reported_separately
25,58,14,false,false,false,false,true,false,true,false,true,2,true,true,physical_support_with_dark_floor_reported_separately
25,58,15,false,false,false,false,true,false,true,false,true,2,true,true,physical_support_with_dark_floor_reported_separately
25,59,1,false,false,false,false,true,false,true,false,true,2,true,true,physical_support_with_dark_floor_reported_separately
25,59,2,false,false,false,false,true,false,true,false,true,2,true,true,physical_support_with_dark_floor_reported_separately
25,59,3,false,false,false,false,true,false,true,false,true,2,true,true,physical_support_with_dark_floor_reported_separately
25,59,4,false,false,false,false,true,false,true,false,true,2,true,true,physical_support_with_dark_floor_reported_separately
25,59,5,false,false,false,false,true,false,true,false,true,2,true,true,physical_support_with_dark_floor_reported_separately
25,59,6,false,false,false,false,true,false,true,false,true,2,true,true,physical_support_with_dark_floor_reported_separately
25,59,7,false,false,false,false,true,false,true,false,true,2,true,true,physical_support_with_dark_floor_reported_separately
25,59,8,false,false,false,false,true,false,true,false,true,2,true,true,physical_support_with_dark_floor_reported_separately
25,59,9,false,false,false,false,true,false,true,false,true,2,true,true,physical_support_with_dark_floor_reported_separately
25,59,10,false,false,false,false,true,false,true,false,true,2,true,true,physical_support_with_dark_floor_reported_separately
25,59,11,false,false,false,false,true,false,true,false,true,2,true,true,physical_support_with_dark_floor_reported_separately
25,59,12,false,false,false,false,true,false,true,false,true,2,true,true,physical_support_with_dark_floor_reported_separately
25,59,13,false,false,false,false,true,false,true,false,true,2,true,true,physical_support_with_dark_floor_reported_separately
25,59,14,false,false,false,false,true,false,true,false,true,2,true,true,physical_support_with_dark_floor_reported_separately
25,59,15,false,false,false,false,true,false,true,false,true,2,true,true,physical_support_with_dark_floor_reported_separately
25,60,1,false,false,false,false,true,false,false,false,true,1,true,true,physical_support_with_dark_floor_reported_separately
25,60,2,false,false,false,false,true,false,false,false,true,1,true,true,physical_support_with_dark_floor_reported_separately
25,60,3,false,false,false,false,true,false,false,false,true,1,true,true,physical_support_with_dark_floor_reported_separately
25,60,4,false,false,false,false,true,false,false,false,true,1,true,true,physical_support_with_dark_floor_reported_separately
25,60,5,false,false,false,false,true,false,false,false,true,1,true,true,physical_support_with_dark_floor_reported_separately
25,60,6,false,false,false,false,true,false,false,false,true,1,true,true,physical_support_with_dark_floor_reported_separately
25,60,7,false,false,false,false,true,false,false,false,true,1,true,true,physical_support_with_dark_floor_reported_separately
25,60,8,false,false,false,false,true,false,false,false,true,1,true,true,physical_support_with_dark_floor_reported_separately
25,60,9,false,false,false,false,true,false,false,false,true,1,true,true,physical_support_with_dark_floor_reported_separately
25,60,10,false,false,false,false,true,false,false,false,true,1,true,true,physical_support_with_dark_floor_reported_separately
25,60,11,false,false,false,false,true,false,false,false,true,1,true,true,physical_support_with_dark_floor_reported_separately
25,60,12,false,false,false,false,true,false,false,false,true,1,true,true,physical_support_with_dark_floor_reported_separately
25,60,13,false,false,false,false,true,false,false,false,true,1,true,true,physical_support_with_dark_floor_reported_separately
25,60,14,false,false,false,false,true,false,false,false,true,1,true,true,physical_support_with_dark_floor_reported_separately
25,60,15,false,false,false,false,true,false,false,false,true,1,true,true,physical_support_with_dark_floor_reported_separately
25,61,1,false,false,false,false,true,false,true,false,true,2,true,true,physical_support_with_dark_floor_reported_separately
25,61,2,false,false,false,false,true,false,true,false,true,2,true,true,physical_support_with_dark_floor_reported_separately
25,61,3,false,false,false,false,true,false,true,false,true,2,true,true,physical_support_with_dark_floor_reported_separately
25,61,4,false,false,false,false,true,false,true,false,true,2,true,true,physical_support_with_dark_floor_reported_separately
25,61,5,false,false,false,false,true,false,true,false,true,2,true,true,physical_support_with_dark_floor_reported_separately
25,61,6,false,false,false,false,true,false,true,false,true,2,true,true,physical_support_with_dark_floor_reported_separately
25,61,7,false,false,false,false,true,false,true,false,true,2,true,true,physical_support_with_dark_floor_reported_separately
25,61,8,false,false,false,false,true,false,true,false,true,2,true,true,physical_support_with_dark_floor_reported_separately
25,61,9,false,false,false,false,true,false,true,false,true,2,true,true,physical_support_with_dark_floor_reported_separately
25,61,10,false,false,false,false,true,false,true,false,true,2,true,true,physical_support_with_dark_floor_reported_separately
25,61,11,false,false,false,false,true,false,true,false,true,2,true,true,physical_support_with_dark_floor_reported_separately
25,61,12,false,false,false,false,true,false,true,false,true,2,true,true,physical_support_with_dark_floor_reported_separately
25,61,13,false,false,false,false,true,false,true,false,true,2,true,true,physical_support_with_dark_floor_reported_separately
25,61,14,false,false,false,false,true,false,true,false,true,2,true,true,physical_support_with_dark_floor_reported_separately
25,61,15,false,false,false,false,true,false,true,false,true,2,true,true,physical_support_with_dark_floor_reported_separately
25,62,1,false,false,false,false,true,false,true,false,true,2,true,true,physical_support_with_dark_floor_reported_separately
25,62,2,false,false,false,false,true,false,true,false,true,2,true,true,physical_support_with_dark_floor_reported_separately
25,62,3,false,false,false,false,true,false,true,false,true,2,true,true,physical_support_with_dark_floor_reported_separately
25,62,4,false,false,false,false,true,false,true,false,true,2,true,true,physical_support_with_dark_floor_reported_separately
25,62,5,false,false,false,false,true,false,true,false,true,2,true,true,physical_support_with_dark_floor_reported_separately
25,62,6,false,false,false,false,true,false,true,false,true,2,true,true,physical_support_with_dark_floor_reported_separately
25,62,7,false,false,false,false,true,false,true,false,true,2,true,true,physical_support_with_dark_floor_reported_separately
25,62,8,false,false,false,false,true,false,true,false,true,2,true,true,physical_support_with_dark_floor_reported_separately
25,62,9,false,false,false,false,true,false,true,false,true,2,true,true,physical_support_with_dark_floor_reported_separately
25,62,10,false,false,false,false,true,false,true,false,true,2,true,true,physical_support_with_dark_floor_reported_separately
25,62,11,false,false,false,false,true,false,true,false,true,2,true,true,physical_support_with_dark_floor_reported_separately
25,62,12,false,false,false,false,true,false,true,false,true,2,true,true,physical_support_with_dark_floor_reported_separately
25,62,13,false,false,false,false,true,false,true,false,true,2,true,true,physical_support_with_dark_floor_reported_separately
25,62,14,false,false,false,false,true,false,true,false,true,2,true,true,physical_support_with_dark_floor_reported_separately
25,62,15,false,false,false,false,true,false,true,false,true,2,true,true,physical_support_with_dark_floor_reported_separately
25,63,1,false,false,false,false,true,false,false,false,true,1,true,true,physical_support_with_dark_floor_reported_separately
25,63,2,false,false,false,false,false,false,false,false,false,0,true,true,physical_support_with_dark_floor_reported_separately
25,63,3,false,false,false,false,false,false,false,false,false,0,true,true,physical_support_with_dark_floor_reported_separately
25,63,4,false,false,false,false,false,false,false,false,false,0,true,true,physical_support_with_dark_floor_reported_separately
25,63,5,false,false,false,false,false,false,false,false,false,0,true,true,physical_support_with_dark_floor_reported_separately
25,63,6,false,false,false,false,false,false,false,false,false,0,true,true,physical_support_with_dark_floor_reported_separately
25,63,7,false,false,false,false,false,false,false,false,false,0,true,true,physical_support_with_dark_floor_reported_separately
25,63,8,false,false,false,false,false,false,false,false,false,0,true,true,physical_support_with_dark_floor_reported_separately
25,63,9,false,false,false,false,false,false,false,false,false,0,true,true,physical_support_with_dark_floor_reported_separately
25,63,10,false,false,false,false,false,false,false,false,false,0,true,true,physical_support_with_dark_floor_reported_separately
25,63,11,false,false,false,false,false,false,false,false,false,0,true,true,physical_support_with_dark_floor_reported_separately
25,63,12,false,false,false,false,false,false,false,false,false,0,true,true,physical_support_with_dark_floor_reported_separately
25,63,13,false,false,false,false,false,false,false,false,false,0,true,true,physical_support_with_dark_floor_reported_separately
25,63,14,false,false,false,false,false,false,false,false,false,0,true,true,physical_support_with_dark_floor_reported_separately
25,63,15,false,false,false,false,true,false,false,false,true,1,true,true,physical_support_with_dark_floor_reported_separately
100,0,1,false,false,false,false,true,false,true,false,true,2,true,true,physical_support_with_dark_floor_reported_separately
100,0,2,false,false,false,false,true,false,true,false,true,2,true,true,physical_support_with_dark_floor_reported_separately
100,0,3,false,false,false,false,true,false,true,false,true,2,true,true,physical_support_with_dark_floor_reported_separately
100,0,4,false,false,false,false,true,false,true,false,true,2,true,true,physical_support_with_dark_floor_reported_separately
100,0,5,false,false,false,false,true,false,true,false,true,2,true,true,physical_support_with_dark_floor_reported_separately
100,0,6,false,false,false,false,true,false,true,false,true,2,true,true,physical_support_with_dark_floor_reported_separately
100,0,7,false,false,false,false,true,false,true,false,true,2,true,true,physical_support_with_dark_floor_reported_separately
100,0,8,false,false,false,false,true,false,true,false,true,2,true,true,physical_support_with_dark_floor_reported_separately
100,0,9,false,false,false,false,true,false,true,false,true,2,true,true,physical_support_with_dark_floor_reported_separately
100,0,10,false,false,false,false,true,false,true,false,true,2,true,true,physical_support_with_dark_floor_reported_separately
100,0,11,false,false,false,false,true,false,true,false,true,2,true,true,physical_support_with_dark_floor_reported_separately
100,0,12,false,false,false,false,true,false,true,false,true,2,true,true,physical_support_with_dark_floor_reported_separately
100,0,13,false,false,false,false,true,false,true,false,true,2,true,true,physical_support_with_dark_floor_reported_separately
100,0,14,false,false,false,false,true,false,true,false,true,2,true,true,physical_support_with_dark_floor_reported_separately
100,0,15,false,false,false,false,true,false,true,false,true,2,true,true,physical_support_with_dark_floor_reported_separately
100,1,1,false,false,false,false,false,false,true,false,true,1,true,true,physical_support_with_dark_floor_reported_separately
100,1,2,false,false,false,false,false,false,true,false,true,1,true,true,physical_support_with_dark_floor_reported_separately
100,1,3,false,false,false,false,false,false,true,false,true,1,true,true,physical_support_with_dark_floor_reported_separately
100,1,4,false,false,false,false,false,false,true,false,true,1,true,true,physical_support_with_dark_floor_reported_separately
100,1,5,false,false,false,false,false,false,true,false,true,1,true,true,physical_support_with_dark_floor_reported_separately
100,1,6,false,false,false,false,false,false,true,false,true,1,true,true,physical_support_with_dark_floor_reported_separately
100,1,7,false,false,false,false,false,false,true,false,true,1,true,true,physical_support_with_dark_floor_reported_separately
100,1,8,false,false,false,false,false,false,true,false,true,1,true,true,physical_support_with_dark_floor_reported_separately
100,1,9,false,false,false,false,false,false,true,false,true,1,true,true,physical_support_with_dark_floor_reported_separately
100,1,10,false,false,false,false,false,false,true,false,true,1,true,true,physical_support_with_dark_floor_reported_separately
100,1,11,false,false,false,false,false,false,true,false,true,1,true,true,physical_support_with_dark_floor_reported_separately
100,1,12,false,false,false,false,false,false,true,false,true,1,true,true,physical_support_with_dark_floor_reported_separately
100,1,13,false,false,false,false,false,false,true,false,true,1,true,true,physical_support_with_dark_floor_reported_separately
100,1,14,false,false,false,false,false,false,true,false,true,1,true,true,physical_support_with_dark_floor_reported_separately
100,1,15,false,false,false,false,false,false,true,false,true,1,true,true,physical_support_with_dark_floor_reported_separately
100,2,1,false,false,false,false,true,false,false,false,true,1,true,true,physical_support_with_dark_floor_reported_separately
100,2,2,false,false,false,false,true,false,false,false,true,1,true,true,physical_support_with_dark_floor_reported_separately
100,2,3,false,false,false,false,true,false,false,false,true,1,true,true,physical_support_with_dark_floor_reported_separately
100,2,4,false,false,false,false,true,false,false,false,true,1,true,true,physical_support_with_dark_floor_reported_separately
100,2,5,false,false,false,false,true,false,false,false,true,1,true,true,physical_support_with_dark_floor_reported_separately
100,2,6,false,false,false,false,true,false,false,false,true,1,true,true,physical_support_with_dark_floor_reported_separately
100,2,7,false,false,false,false,true,false,false,false,true,1,true,true,physical_support_with_dark_floor_reported_separately
100,2,8,false,false,false,false,true,false,false,false,true,1,true,true,physical_support_with_dark_floor_reported_separately
100,2,9,false,false,false,false,true,false,false,false,true,1,true,true,physical_support_with_dark_floor_reported_separately
100,2,10,false,false,false,false,true,false,false,false,true,1,true,true,physical_support_with_dark_floor_reported_separately
100,2,11,false,false,false,false,true,false,false,false,true,1,true,true,physical_support_with_dark_floor_reported_separately
100,2,12,false,false,false,false,true,false,false,false,true,1,true,true,physical_support_with_dark_floor_reported_separately
100,2,13,false,false,false,false,true,false,false,false,true,1,true,true,physical_support_with_dark_floor_reported_separately
100,2,14,false,false,false,false,true,false,false,false,true,1,true,true,physical_support_with_dark_floor_reported_separately
100,2,15,false,false,false,false,true,false,false,false,true,1,true,true,physical_support_with_dark_floor_reported_separately
100,3,1,false,false,false,false,false,false,true,false,true,1,true,true,physical_support_with_dark_floor_reported_separately
100,3,2,false,false,false,false,false,false,true,false,true,1,true,true,physical_support_with_dark_floor_reported_separately
100,3,3,false,false,false,false,false,false,true,false,true,1,true,true,physical_support_with_dark_floor_reported_separately
100,3,4,false,false,false,false,false,false,true,false,true,1,true,true,physical_support_with_dark_floor_reported_separately
100,3,5,false,false,false,false,false,false,true,false,true,1,true,true,physical_support_with_dark_floor_reported_separately
100,3,6,false,false,false,false,false,false,true,false,true,1,true,true,physical_support_with_dark_floor_reported_separately
100,3,7,false,false,false,false,false,false,true,false,true,1,true,true,physical_support_with_dark_floor_reported_separately
100,3,8,false,false,false,false,false,false,true,false,true,1,true,true,physical_support_with_dark_floor_reported_separately
100,3,9,false,false,false,false,false,false,true,false,true,1,true,true,physical_support_with_dark_floor_reported_separately
100,3,10,false,false,false,false,false,false,true,false,true,1,true,true,physical_support_with_dark_floor_reported_separately
100,3,11,false,false,false,false,false,false,true,false,true,1,true,true,physical_support_with_dark_floor_reported_separately
100,3,12,false,false,false,false,false,false,true,false,true,1,true,true,physical_support_with_dark_floor_reported_separately
100,3,13,false,false,false,false,false,false,true,false,true,1,true,true,physical_support_with_dark_floor_reported_separately
100,3,14,false,false,false,false,false,false,true,false,true,1,true,true,physical_support_with_dark_floor_reported_separately
100,3,15,false,false,false,false,false,false,true,false,true,1,true,true,physical_support_with_dark_floor_reported_separately
100,4,1,false,false,false,false,false,false,false,false,false,0,true,true,physical_support_with_dark_floor_reported_separately
100,4,2,false,false,false,false,false,false,false,false,false,0,true,true,physical_support_with_dark_floor_reported_separately
100,4,3,false,false,false,false,false,false,false,false,false,0,true,true,physical_support_with_dark_floor_reported_separately
100,4,4,false,false,false,false,false,false,false,false,false,0,true,true,physical_support_with_dark_floor_reported_separately
100,4,5,false,false,false,false,false,false,false,false,false,0,true,true,physical_support_with_dark_floor_reported_separately
100,4,6,false,false,false,false,false,false,false,false,false,0,true,true,physical_support_with_dark_floor_reported_separately
100,4,7,false,false,false,false,false,false,false,false,false,0,true,true,physical_support_with_dark_floor_reported_separately
100,4,8,false,false,false,false,false,false,false,false,false,0,true,true,physical_support_with_dark_floor_reported_separately
100,4,9,false,false,false,false,false,false,false,false,false,0,true,true,physical_support_with_dark_floor_reported_separately
100,4,10,false,false,false,false,false,false,false,false,false,0,true,true,physical_support_with_dark_floor_reported_separately
100,4,11,false,false,false,false,false,false,false,false,false,0,true,true,physical_support_with_dark_floor_reported_separately
100,4,12,false,false,false,false,false,false,false,false,false,0,true,true,physical_support_with_dark_floor_reported_separately
100,4,13,false,false,false,false,false,false,false,false,false,0,true,true,physical_support_with_dark_floor_reported_separately
100,4,14,false,false,false,false,false,false,false,false,false,0,true,true,physical_support_with_dark_floor_reported_separately
100,4,15,false,false,false,false,false,false,false,false,false,0,true,true,physical_support_with_dark_floor_reported_separately
100,5,1,false,false,false,false,true,false,true,false,true,2,true,true,physical_support_with_dark_floor_reported_separately
100,5,2,false,false,false,false,true,false,true,false,true,2,true,true,physical_support_with_dark_floor_reported_separately
100,5,3,false,false,false,false,true,false,true,false,true,2,true,true,physical_support_with_dark_floor_reported_separately
100,5,4,false,false,false,false,true,false,true,false,true,2,true,true,physical_support_with_dark_floor_reported_separately
100,5,5,false,false,false,false,true,false,true,false,true,2,true,true,physical_support_with_dark_floor_reported_separately
100,5,6,false,false,false,false,true,false,true,false,true,2,true,true,physical_support_with_dark_floor_reported_separately
100,5,7,false,false,false,false,true,false,true,false,true,2,true,true,physical_support_with_dark_floor_reported_separately
100,5,8,false,false,false,false,true,false,true,false,true,2,true,true,physical_support_with_dark_floor_reported_separately
100,5,9,false,false,false,false,true,false,true,false,true,2,true,true,physical_support_with_dark_floor_reported_separately
100,5,10,false,false,false,false,true,false,true,false,true,2,true,true,physical_support_with_dark_floor_reported_separately
100,5,11,false,false,false,false,true,false,true,false,true,2,true,true,physical_support_with_dark_floor_reported_separately
100,5,12,false,false,false,false,true,false,true,false,true,2,true,true,physical_support_with_dark_floor_reported_separately
100,5,13,false,false,false,false,true,false,true,false,true,2,true,true,physical_support_with_dark_floor_reported_separately
100,5,14,false,false,false,false,true,false,true,false,true,2,true,true,physical_support_with_dark_floor_reported_separately
100,5,15,false,false,false,false,true,false,true,false,true,2,true,true,physical_support_with_dark_floor_reported_separately
100,6,1,false,false,false,false,true,false,false,false,true,1,true,true,physical_support_with_dark_floor_reported_separately
100,6,2,false,false,false,false,true,false,false,false,true,1,true,true,physical_support_with_dark_floor_reported_separately
100,6,3,false,false,false,false,true,false,false,false,true,1,true,true,physical_support_with_dark_floor_reported_separately
100,6,4,false,false,false,false,true,false,false,false,true,1,true,true,physical_support_with_dark_floor_reported_separately
100,6,5,false,false,false,false,true,false,false,false,true,1,true,true,physical_support_with_dark_floor_reported_separately
100,6,6,false,false,false,false,true,false,false,false,true,1,true,true,physical_support_with_dark_floor_reported_separately
100,6,7,false,false,false,false,true,false,false,false,true,1,true,true,physical_support_with_dark_floor_reported_separately
100,6,8,false,false,false,false,true,false,false,false,true,1,true,true,physical_support_with_dark_floor_reported_separately
100,6,9,false,false,false,false,true,false,false,false,true,1,true,true,physical_support_with_dark_floor_reported_separately
100,6,10,false,false,false,false,true,false,false,false,true,1,true,true,physical_support_with_dark_floor_reported_separately
100,6,11,false,false,false,false,true,false,false,false,true,1,true,true,physical_support_with_dark_floor_reported_separately
100,6,12,false,false,false,false,true,false,false,false,true,1,true,true,physical_support_with_dark_floor_reported_separately
100,6,13,false,false,false,false,true,false,false,false,true,1,true,true,physical_support_with_dark_floor_reported_separately
100,6,14,false,false,false,false,true,false,false,false,true,1,true,true,physical_support_with_dark_floor_reported_separately
100,6,15,false,false,false,false,true,false,false,false,true,1,true,true,physical_support_with_dark_floor_reported_separately
100,7,1,false,false,false,false,true,false,false,false,true,1,true,true,physical_support_with_dark_floor_reported_separately
100,7,2,false,false,false,false,true,false,false,false,true,1,true,true,physical_support_with_dark_floor_reported_separately
100,7,3,false,false,false,false,true,false,false,false,true,1,true,true,physical_support_with_dark_floor_reported_separately
100,7,4,false,false,false,false,true,false,false,false,true,1,true,true,physical_support_with_dark_floor_reported_separately
100,7,5,false,false,false,false,true,false,false,false,true,1,true,true,physical_support_with_dark_floor_reported_separately
100,7,6,false,false,false,false,true,false,false,false,true,1,true,true,physical_support_with_dark_floor_reported_separately
100,7,7,false,false,false,false,true,false,false,false,true,1,true,true,physical_support_with_dark_floor_reported_separately
100,7,8,false,false,false,false,true,false,false,false,true,1,true,true,physical_support_with_dark_floor_reported_separately
100,7,9,false,false,false,false,true,false,false,false,true,1,true,true,physical_support_with_dark_floor_reported_separately
100,7,10,false,false,false,false,true,false,false,false,true,1,true,true,physical_support_with_dark_floor_reported_separately
100,7,11,false,false,false,false,true,false,false,false,true,1,true,true,physical_support_with_dark_floor_reported_separately
100,7,12,false,false,false,false,true,false,false,false,true,1,true,true,physical_support_with_dark_floor_reported_separately
100,7,13,false,false,false,false,true,false,false,false,true,1,true,true,physical_support_with_dark_floor_reported_separately
100,7,14,false,false,false,false,true,false,false,false,true,1,true,true,physical_support_with_dark_floor_reported_separately
100,7,15,false,false,false,false,true,false,false,false,true,1,true,true,physical_support_with_dark_floor_reported_separately
100,8,1,false,false,false,false,false,false,true,false,true,1,true,true,physical_support_with_dark_floor_reported_separately
100,8,2,false,false,false,false,false,false,true,false,true,1,true,true,physical_support_with_dark_floor_reported_separately
100,8,3,false,false,false,false,false,false,true,false,true,1,true,true,physical_support_with_dark_floor_reported_separately
100,8,4,false,false,false,false,false,false,true,false,true,1,true,true,physical_support_with_dark_floor_reported_separately
100,8,5,false,false,false,false,false,false,true,false,true,1,true,true,physical_support_with_dark_floor_reported_separately
100,8,6,false,false,false,false,false,false,true,false,true,1,true,true,physical_support_with_dark_floor_reported_separately
100,8,7,false,false,false,false,false,false,true,false,true,1,true,true,physical_support_with_dark_floor_reported_separately
100,8,8,false,false,false,false,false,false,true,false,true,1,true,true,physical_support_with_dark_floor_reported_separately
100,8,9,false,false,false,false,false,false,true,false,true,1,true,true,physical_support_with_dark_floor_reported_separately
100,8,10,false,false,false,false,false,false,true,false,true,1,true,true,physical_support_with_dark_floor_reported_separately
100,8,11,false,false,false,false,false,false,true,false,true,1,true,true,physical_support_with_dark_floor_reported_separately
100,8,12,false,false,false,false,false,false,true,false,true,1,true,true,physical_support_with_dark_floor_reported_separately
100,8,13,false,false,false,false,false,false,true,false,true,1,true,true,physical_support_with_dark_floor_reported_separately
100,8,14,false,false,false,false,false,false,true,false,true,1,true,true,physical_support_with_dark_floor_reported_separately
100,8,15,false,false,false,false,false,false,true,false,true,1,true,true,physical_support_with_dark_floor_reported_separately
100,9,1,false,false,false,false,false,false,true,false,true,1,true,true,physical_support_with_dark_floor_reported_separately
100,9,2,false,false,false,false,false,false,true,false,true,1,true,true,physical_support_with_dark_floor_reported_separately
100,9,3,false,false,false,false,false,false,true,false,true,1,true,true,physical_support_with_dark_floor_reported_separately
100,9,4,false,false,false,false,false,false,true,false,true,1,true,true,physical_support_with_dark_floor_reported_separately
100,9,5,false,false,false,false,false,false,true,false,true,1,true,true,physical_support_with_dark_floor_reported_separately
100,9,6,false,false,false,false,false,false,true,false,true,1,true,true,physical_support_with_dark_floor_reported_separately
100,9,7,false,false,false,false,false,false,true,false,true,1,true,true,physical_support_with_dark_floor_reported_separately
100,9,8,false,false,false,false,false,false,true,false,true,1,true,true,physical_support_with_dark_floor_reported_separately
100,9,9,false,false,false,false,false,false,true,false,true,1,true,true,physical_support_with_dark_floor_reported_separately
100,9,10,false,false,false,false,false,false,true,false,true,1,true,true,physical_support_with_dark_floor_reported_separately
100,9,11,false,false,false,false,false,false,true,false,true,1,true,true,physical_support_with_dark_floor_reported_separately
100,9,12,false,false,false,false,false,false,true,false,true,1,true,true,physical_support_with_dark_floor_reported_separately
100,9,13,false,false,false,false,false,false,true,false,true,1,true,true,physical_support_with_dark_floor_reported_separately
100,9,14,false,false,false,false,false,false,true,false,true,1,true,true,physical_support_with_dark_floor_reported_separately
100,9,15,false,false,false,false,false,false,true,false,true,1,true,true,physical_support_with_dark_floor_reported_separately
100,10,1,false,false,false,false,false,false,true,false,true,1,true,true,physical_support_with_dark_floor_reported_separately
100,10,2,false,false,false,false,false,false,true,false,true,1,true,true,physical_support_with_dark_floor_reported_separately
100,10,3,false,false,false,false,false,false,true,false,true,1,true,true,physical_support_with_dark_floor_reported_separately
100,10,4,false,false,false,false,false,false,true,false,true,1,true,true,physical_support_with_dark_floor_reported_separately
100,10,5,false,false,false,false,false,false,true,false,true,1,true,true,physical_support_with_dark_floor_reported_separately
100,10,6,false,false,false,false,false,false,true,false,true,1,true,true,physical_support_with_dark_floor_reported_separately
100,10,7,false,false,false,false,false,false,true,false,true,1,true,true,physical_support_with_dark_floor_reported_separately
100,10,8,false,false,false,false,false,false,true,false,true,1,true,true,physical_support_with_dark_floor_reported_separately
100,10,9,false,false,false,false,false,false,true,false,true,1,true,true,physical_support_with_dark_floor_reported_separately
100,10,10,false,false,false,false,false,false,true,false,true,1,true,true,physical_support_with_dark_floor_reported_separately
100,10,11,false,false,false,false,false,false,true,false,true,1,true,true,physical_support_with_dark_floor_reported_separately
100,10,12,false,false,false,false,false,false,true,false,true,1,true,true,physical_support_with_dark_floor_reported_separately
100,10,13,false,false,false,false,false,false,true,false,true,1,true,true,physical_support_with_dark_floor_reported_separately
100,10,14,false,false,false,false,false,false,true,false,true,1,true,true,physical_support_with_dark_floor_reported_separately
100,10,15,false,false,false,false,false,false,true,false,true,1,true,true,physical_support_with_dark_floor_reported_separately
100,11,1,false,false,false,false,false,false,false,false,false,0,true,true,physical_support_with_dark_floor_reported_separately
100,11,2,false,false,false,false,false,false,false,false,false,0,true,true,physical_support_with_dark_floor_reported_separately
100,11,3,false,false,false,false,false,false,false,false,false,0,true,true,physical_support_with_dark_floor_reported_separately
100,11,4,false,false,false,false,false,false,false,false,false,0,true,true,physical_support_with_dark_floor_reported_separately
100,11,5,false,false,false,false,false,false,false,false,false,0,true,true,physical_support_with_dark_floor_reported_separately
100,11,6,false,false,false,false,false,false,false,false,false,0,true,true,physical_support_with_dark_floor_reported_separately
100,11,7,false,false,false,false,false,false,false,false,false,0,true,true,physical_support_with_dark_floor_reported_separately
100,11,8,false,false,false,false,false,false,false,false,false,0,true,true,physical_support_with_dark_floor_reported_separately
100,11,9,false,false,false,false,false,false,false,false,false,0,true,true,physical_support_with_dark_floor_reported_separately
100,11,10,false,false,false,false,false,false,false,false,false,0,true,true,physical_support_with_dark_floor_reported_separately
100,11,11,false,false,false,false,false,false,false,false,false,0,true,true,physical_support_with_dark_floor_reported_separately
100,11,12,false,false,false,false,false,false,false,false,false,0,true,true,physical_support_with_dark_floor_reported_separately
100,11,13,false,false,false,false,false,false,false,false,false,0,true,true,physical_support_with_dark_floor_reported_separately
100,11,14,false,false,false,false,false,false,false,false,false,0,true,true,physical_support_with_dark_floor_reported_separately
100,11,15,false,false,false,false,false,false,false,false,false,0,true,true,physical_support_with_dark_floor_reported_separately
100,12,1,false,false,false,false,true,false,true,false,true,2,true,true,physical_support_with_dark_floor_reported_separately
100,12,2,false,false,false,false,true,false,true,false,true,2,true,true,physical_support_with_dark_floor_reported_separately
100,12,3,false,false,false,false,true,false,true,false,true,2,true,true,physical_support_with_dark_floor_reported_separately
100,12,4,false,false,false,false,true,false,true,false,true,2,true,true,physical_support_with_dark_floor_reported_separately
100,12,5,false,false,false,false,true,false,true,false,true,2,true,true,physical_support_with_dark_floor_reported_separately
100,12,6,false,false,false,false,true,false,true,false,true,2,true,true,physical_support_with_dark_floor_reported_separately
100,12,7,false,false,false,false,true,false,true,false,true,2,true,true,physical_support_with_dark_floor_reported_separately
100,12,8,false,false,false,false,true,false,true,false,true,2,true,true,physical_support_with_dark_floor_reported_separately
100,12,9,false,false,false,false,true,false,true,false,true,2,true,true,physical_support_with_dark_floor_reported_separately
100,12,10,false,false,false,false,true,false,true,false,true,2,true,true,physical_support_with_dark_floor_reported_separately
100,12,11,false,false,false,false,true,false,true,false,true,2,true,true,physical_support_with_dark_floor_reported_separately
100,12,12,false,false,false,false,true,false,true,false,true,2,true,true,physical_support_with_dark_floor_reported_separately
100,12,13,false,false,false,false,true,false,true,false,true,2,true,true,physical_support_with_dark_floor_reported_separately
100,12,14,false,false,false,false,true,false,true,false,true,2,true,true,physical_support_with_dark_floor_reported_separately
100,12,15,false,false,false,false,true,false,true,false,true,2,true,true,physical_support_with_dark_floor_reported_separately
100,13,1,false,false,false,false,false,false,false,false,false,0,true,true,physical_support_with_dark_floor_reported_separately
100,13,2,false,false,false,false,false,false,false,false,false,0,true,true,physical_support_with_dark_floor_reported_separately
100,13,3,false,false,false,false,false,false,false,false,false,0,true,true,physical_support_with_dark_floor_reported_separately
100,13,4,false,false,false,false,false,false,false,false,false,0,true,true,physical_support_with_dark_floor_reported_separately
100,13,5,false,false,false,false,false,false,false,false,false,0,true,true,physical_support_with_dark_floor_reported_separately
100,13,6,false,false,false,false,false,false,false,false,false,0,true,true,physical_support_with_dark_floor_reported_separately
100,13,7,false,false,false,false,false,false,false,false,false,0,true,true,physical_support_with_dark_floor_reported_separately
100,13,8,false,false,false,false,false,false,false,false,false,0,true,true,physical_support_with_dark_floor_reported_separately
100,13,9,false,false,false,false,false,false,false,false,false,0,true,true,physical_support_with_dark_floor_reported_separately
100,13,10,false,false,false,false,false,false,false,false,false,0,true,true,physical_support_with_dark_floor_reported_separately
100,13,11,false,false,false,false,false,false,false,false,false,0,true,true,physical_support_with_dark_floor_reported_separately
100,13,12,false,false,false,false,false,false,false,false,false,0,true,true,physical_support_with_dark_floor_reported_separately
100,13,13,false,false,false,false,false,false,false,false,false,0,true,true,physical_support_with_dark_floor_reported_separately
100,13,14,false,false,false,false,false,false,false,false,false,0,true,true,physical_support_with_dark_floor_reported_separately
100,13,15,false,false,false,false,false,false,false,false,false,0,true,true,physical_support_with_dark_floor_reported_separately
100,14,1,false,false,false,false,false,false,true,false,true,1,true,true,physical_support_with_dark_floor_reported_separately
100,14,2,false,false,false,false,false,false,true,false,true,1,true,true,physical_support_with_dark_floor_reported_separately
100,14,3,false,false,false,false,false,false,true,false,true,1,true,true,physical_support_with_dark_floor_reported_separately
100,14,4,false,false,false,false,false,false,true,false,true,1,true,true,physical_support_with_dark_floor_reported_separately
100,14,5,false,false,false,false,false,false,true,false,true,1,true,true,physical_support_with_dark_floor_reported_separately
100,14,6,false,false,false,false,false,false,true,false,true,1,true,true,physical_support_with_dark_floor_reported_separately
100,14,7,false,false,false,false,false,false,true,false,true,1,true,true,physical_support_with_dark_floor_reported_separately
100,14,8,false,false,false,false,false,false,true,false,true,1,true,true,physical_support_with_dark_floor_reported_separately
100,14,9,false,false,false,false,false,false,true,false,true,1,true,true,physical_support_with_dark_floor_reported_separately
100,14,10,false,false,false,false,false,false,true,false,true,1,true,true,physical_support_with_dark_floor_reported_separately
100,14,11,false,false,false,false,false,false,true,false,true,1,true,true,physical_support_with_dark_floor_reported_separately
100,14,12,false,false,false,false,false,false,true,false,true,1,true,true,physical_support_with_dark_floor_reported_separately
100,14,13,false,false,false,false,false,false,true,false,true,1,true,true,physical_support_with_dark_floor_reported_separately
100,14,14,false,false,false,false,false,false,true,false,true,1,true,true,physical_support_with_dark_floor_reported_separately
100,14,15,false,false,false,false,false,false,true,false,true,1,true,true,physical_support_with_dark_floor_reported_separately
100,15,1,false,false,false,false,true,false,false,false,true,1,true,true,physical_support_with_dark_floor_reported_separately
100,15,2,false,false,false,false,true,false,false,false,true,1,true,true,physical_support_with_dark_floor_reported_separately
100,15,3,false,false,false,false,true,false,false,false,true,1,true,true,physical_support_with_dark_floor_reported_separately
100,15,4,false,false,false,false,true,false,false,false,true,1,true,true,physical_support_with_dark_floor_reported_separately
100,15,5,false,false,false,false,true,false,false,false,true,1,true,true,physical_support_with_dark_floor_reported_separately
100,15,6,false,false,false,false,true,false,false,false,true,1,true,true,physical_support_with_dark_floor_reported_separately
100,15,7,false,false,false,false,true,false,false,false,true,1,true,true,physical_support_with_dark_floor_reported_separately
100,15,8,false,false,false,false,true,false,false,false,true,1,true,true,physical_support_with_dark_floor_reported_separately
100,15,9,false,false,false,false,true,false,false,false,true,1,true,true,physical_support_with_dark_floor_reported_separately
100,15,10,false,false,false,false,true,false,false,false,true,1,true,true,physical_support_with_dark_floor_reported_separately
100,15,11,false,false,false,false,true,false,false,false,true,1,true,true,physical_support_with_dark_floor_reported_separately
100,15,12,false,false,false,false,true,false,false,false,true,1,true,true,physical_support_with_dark_floor_reported_separately
100,15,13,false,false,false,false,true,false,false,false,true,1,true,true,physical_support_with_dark_floor_reported_separately
100,15,14,false,false,false,false,true,false,false,false,true,1,true,true,physical_support_with_dark_floor_reported_separately
100,15,15,false,false,false,false,true,false,false,false,true,1,true,true,physical_support_with_dark_floor_reported_separately
100,16,1,false,false,false,false,true,false,false,false,true,1,true,true,physical_support_with_dark_floor_reported_separately
100,16,2,false,false,false,false,true,false,false,false,true,1,true,true,physical_support_with_dark_floor_reported_separately
100,16,3,false,false,false,false,true,false,false,false,true,1,true,true,physical_support_with_dark_floor_reported_separately
100,16,4,false,false,false,false,true,false,false,false,true,1,true,true,physical_support_with_dark_floor_reported_separately
100,16,5,false,false,false,false,true,false,false,false,true,1,true,true,physical_support_with_dark_floor_reported_separately
100,16,6,false,false,false,false,true,false,false,false,true,1,true,true,physical_support_with_dark_floor_reported_separately
100,16,7,false,false,false,false,true,false,false,false,true,1,true,true,physical_support_with_dark_floor_reported_separately
100,16,8,false,false,false,false,true,false,false,false,true,1,true,true,physical_support_with_dark_floor_reported_separately
100,16,9,false,false,false,false,true,false,false,false,true,1,true,true,physical_support_with_dark_floor_reported_separately
100,16,10,false,false,false,false,true,false,false,false,true,1,true,true,physical_support_with_dark_floor_reported_separately
100,16,11,false,false,false,false,true,false,false,false,true,1,true,true,physical_support_with_dark_floor_reported_separately
100,16,12,false,false,false,false,true,false,false,false,true,1,true,true,physical_support_with_dark_floor_reported_separately
100,16,13,false,false,false,false,true,false,false,false,true,1,true,true,physical_support_with_dark_floor_reported_separately
100,16,14,false,false,false,false,true,false,false,false,true,1,true,true,physical_support_with_dark_floor_reported_separately
100,16,15,false,false,false,false,true,false,false,false,true,1,true,true,physical_support_with_dark_floor_reported_separately
100,17,1,false,false,false,false,true,false,true,false,true,2,true,true,physical_support_with_dark_floor_reported_separately
100,17,2,false,false,false,false,true,false,true,false,true,2,true,true,physical_support_with_dark_floor_reported_separately
100,17,3,false,false,false,false,true,false,true,false,true,2,true,true,physical_support_with_dark_floor_reported_separately
100,17,4,false,false,false,false,true,false,true,false,true,2,true,true,physical_support_with_dark_floor_reported_separately
100,17,5,false,false,false,false,true,false,true,false,true,2,true,true,physical_support_with_dark_floor_reported_separately
100,17,6,false,false,false,false,true,false,true,false,true,2,true,true,physical_support_with_dark_floor_reported_separately
100,17,7,false,false,false,false,true,false,true,false,true,2,true,true,physical_support_with_dark_floor_reported_separately
100,17,8,false,false,false,false,true,false,true,false,true,2,true,true,physical_support_with_dark_floor_reported_separately
100,17,9,false,false,false,false,true,false,true,false,true,2,true,true,physical_support_with_dark_floor_reported_separately
100,17,10,false,false,false,false,true,false,true,false,true,2,true,true,physical_support_with_dark_floor_reported_separately
100,17,11,false,false,false,false,true,false,true,false,true,2,true,true,physical_support_with_dark_floor_reported_separately
100,17,12,false,false,false,false,true,false,true,false,true,2,true,true,physical_support_with_dark_floor_reported_separately
100,17,13,false,false,false,false,true,false,true,false,true,2,true,true,physical_support_with_dark_floor_reported_separately
100,17,14,false,false,false,false,true,false,true,false,true,2,true,true,physical_support_with_dark_floor_reported_separately
100,17,15,false,false,false,false,true,false,true,false,true,2,true,true,physical_support_with_dark_floor_reported_separately
100,18,1,false,false,false,false,true,false,true,false,true,2,true,true,physical_support_with_dark_floor_reported_separately
100,18,2,false,false,false,false,true,false,true,false,true,2,true,true,physical_support_with_dark_floor_reported_separately
100,18,3,false,false,false,false,true,false,true,false,true,2,true,true,physical_support_with_dark_floor_reported_separately
100,18,4,false,false,false,false,true,false,true,false,true,2,true,true,physical_support_with_dark_floor_reported_separately
100,18,5,false,false,false,false,true,false,true,false,true,2,true,true,physical_support_with_dark_floor_reported_separately
100,18,6,false,false,false,false,true,false,true,false,true,2,true,true,physical_support_with_dark_floor_reported_separately
100,18,7,false,false,false,false,true,false,true,false,true,2,true,true,physical_support_with_dark_floor_reported_separately
100,18,8,false,false,false,false,true,false,true,false,true,2,true,true,physical_support_with_dark_floor_reported_separately
100,18,9,false,false,false,false,true,false,true,false,true,2,true,true,physical_support_with_dark_floor_reported_separately
100,18,10,false,false,false,false,true,false,true,false,true,2,true,true,physical_support_with_dark_floor_reported_separately
100,18,11,false,false,false,false,true,false,true,false,true,2,true,true,physical_support_with_dark_floor_reported_separately
100,18,12,false,false,false,false,true,false,true,false,true,2,true,true,physical_support_with_dark_floor_reported_separately
100,18,13,false,false,false,false,true,false,true,false,true,2,true,true,physical_support_with_dark_floor_reported_separately
100,18,14,false,false,false,false,true,false,true,false,true,2,true,true,physical_support_with_dark_floor_reported_separately
100,18,15,false,false,false,false,true,false,true,false,true,2,true,true,physical_support_with_dark_floor_reported_separately
100,19,1,false,false,false,false,false,false,false,false,false,0,true,true,physical_support_with_dark_floor_reported_separately
100,19,2,false,false,false,false,false,false,false,false,false,0,true,true,physical_support_with_dark_floor_reported_separately
100,19,3,false,false,false,false,false,false,false,false,false,0,true,true,physical_support_with_dark_floor_reported_separately
100,19,4,false,false,false,false,false,false,false,false,false,0,true,true,physical_support_with_dark_floor_reported_separately
100,19,5,false,false,false,false,false,false,false,false,false,0,true,true,physical_support_with_dark_floor_reported_separately
100,19,6,false,false,false,false,false,false,false,false,false,0,true,true,physical_support_with_dark_floor_reported_separately
100,19,7,false,false,false,false,false,false,false,false,false,0,true,true,physical_support_with_dark_floor_reported_separately
100,19,8,false,false,false,false,false,false,false,false,false,0,true,true,physical_support_with_dark_floor_reported_separately
100,19,9,false,false,false,false,false,false,false,false,false,0,true,true,physical_support_with_dark_floor_reported_separately
100,19,10,false,false,false,false,false,false,false,false,false,0,true,true,physical_support_with_dark_floor_reported_separately
100,19,11,false,false,false,false,false,false,false,false,false,0,true,true,physical_support_with_dark_floor_reported_separately
100,19,12,false,false,false,false,false,false,false,false,false,0,true,true,physical_support_with_dark_floor_reported_separately
100,19,13,false,false,false,false,false,false,false,false,false,0,true,true,physical_support_with_dark_floor_reported_separately
100,19,14,false,false,false,false,false,false,false,false,false,0,true,true,physical_support_with_dark_floor_reported_separately
100,19,15,false,false,false,false,false,false,false,false,false,0,true,true,physical_support_with_dark_floor_reported_separately
100,20,1,false,false,false,false,true,false,true,false,true,2,true,true,physical_support_with_dark_floor_reported_separately
100,20,2,false,false,false,false,true,false,true,false,true,2,true,true,physical_support_with_dark_floor_reported_separately
100,20,3,false,false,false,false,true,false,true,false,true,2,true,true,physical_support_with_dark_floor_reported_separately
100,20,4,false,false,false,false,true,false,true,false,true,2,true,true,physical_support_with_dark_floor_reported_separately
100,20,5,false,false,false,false,true,false,true,false,true,2,true,true,physical_support_with_dark_floor_reported_separately
100,20,6,false,false,false,false,true,false,true,false,true,2,true,true,physical_support_with_dark_floor_reported_separately
100,20,7,false,false,false,false,true,false,true,false,true,2,true,true,physical_support_with_dark_floor_reported_separately
100,20,8,false,false,false,false,true,false,true,false,true,2,true,true,physical_support_with_dark_floor_reported_separately
100,20,9,false,false,false,false,true,false,true,false,true,2,true,true,physical_support_with_dark_floor_reported_separately
100,20,10,false,false,false,false,true,false,true,false,true,2,true,true,physical_support_with_dark_floor_reported_separately
100,20,11,false,false,false,false,true,false,true,false,true,2,true,true,physical_support_with_dark_floor_reported_separately
100,20,12,false,false,false,false,true,false,true,false,true,2,true,true,physical_support_with_dark_floor_reported_separately
100,20,13,false,false,false,false,true,false,true,false,true,2,true,true,physical_support_with_dark_floor_reported_separately
100,20,14,false,false,false,false,true,false,true,false,true,2,true,true,physical_support_with_dark_floor_reported_separately
100,20,15,false,false,false,false,true,false,true,false,true,2,true,true,physical_support_with_dark_floor_reported_separately
100,21,1,false,false,false,false,true,false,true,false,true,2,true,true,physical_support_with_dark_floor_reported_separately
100,21,2,false,false,false,false,true,false,true,false,true,2,true,true,physical_support_with_dark_floor_reported_separately
100,21,3,false,false,false,false,true,false,true,false,true,2,true,true,physical_support_with_dark_floor_reported_separately
100,21,4,false,false,false,false,true,false,true,false,true,2,true,true,physical_support_with_dark_floor_reported_separately
100,21,5,false,false,false,false,true,false,true,false,true,2,true,true,physical_support_with_dark_floor_reported_separately
100,21,6,false,false,false,false,true,false,true,false,true,2,true,true,physical_support_with_dark_floor_reported_separately
100,21,7,false,false,false,false,true,false,true,false,true,2,true,true,physical_support_with_dark_floor_reported_separately
100,21,8,false,false,false,false,true,false,true,false,true,2,true,true,physical_support_with_dark_floor_reported_separately
100,21,9,false,false,false,false,true,false,true,false,true,2,true,true,physical_support_with_dark_floor_reported_separately
100,21,10,false,false,false,false,true,false,true,false,true,2,true,true,physical_support_with_dark_floor_reported_separately
100,21,11,false,false,false,false,true,false,true,false,true,2,true,true,physical_support_with_dark_floor_reported_separately
100,21,12,false,false,false,false,true,false,true,false,true,2,true,true,physical_support_with_dark_floor_reported_separately
100,21,13,false,false,false,false,true,false,true,false,true,2,true,true,physical_support_with_dark_floor_reported_separately
100,21,14,false,false,false,false,true,false,true,false,true,2,true,true,physical_support_with_dark_floor_reported_separately
100,21,15,false,false,false,false,true,false,true,false,true,2,true,true,physical_support_with_dark_floor_reported_separately
100,22,1,false,false,false,false,true,false,true,false,true,2,true,true,physical_support_with_dark_floor_reported_separately
100,22,2,false,false,false,false,true,false,true,false,true,2,true,true,physical_support_with_dark_floor_reported_separately
100,22,3,false,false,false,false,true,false,true,false,true,2,true,true,physical_support_with_dark_floor_reported_separately
100,22,4,false,false,false,false,true,false,true,false,true,2,true,true,physical_support_with_dark_floor_reported_separately
100,22,5,false,false,false,false,true,false,true,false,true,2,true,true,physical_support_with_dark_floor_reported_separately
100,22,6,false,false,false,false,true,false,true,false,true,2,true,true,physical_support_with_dark_floor_reported_separately
100,22,7,false,false,false,false,true,false,true,false,true,2,true,true,physical_support_with_dark_floor_reported_separately
100,22,8,false,false,false,false,true,false,true,false,true,2,true,true,physical_support_with_dark_floor_reported_separately
100,22,9,false,false,false,false,true,false,true,false,true,2,true,true,physical_support_with_dark_floor_reported_separately
100,22,10,false,false,false,false,true,false,true,false,true,2,true,true,physical_support_with_dark_floor_reported_separately
100,22,11,false,false,false,false,true,false,true,false,true,2,true,true,physical_support_with_dark_floor_reported_separately
100,22,12,false,false,false,false,true,false,true,false,true,2,true,true,physical_support_with_dark_floor_reported_separately
100,22,13,false,false,false,false,true,false,true,false,true,2,true,true,physical_support_with_dark_floor_reported_separately
100,22,14,false,false,false,false,true,false,true,false,true,2,true,true,physical_support_with_dark_floor_reported_separately
100,22,15,false,false,false,false,true,false,true,false,true,2,true,true,physical_support_with_dark_floor_reported_separately
100,23,1,false,false,false,false,false,false,false,false,false,0,true,true,physical_support_with_dark_floor_reported_separately
100,23,2,false,false,false,false,false,false,false,false,false,0,true,true,physical_support_with_dark_floor_reported_separately
100,23,3,false,false,false,false,false,false,false,false,false,0,true,true,physical_support_with_dark_floor_reported_separately
100,23,4,false,false,false,false,false,false,false,false,false,0,true,true,physical_support_with_dark_floor_reported_separately
100,23,5,false,false,false,false,false,false,false,false,false,0,true,true,physical_support_with_dark_floor_reported_separately
100,23,6,false,false,false,false,false,false,false,false,false,0,true,true,physical_support_with_dark_floor_reported_separately
100,23,7,false,false,false,false,false,false,false,false,false,0,true,true,physical_support_with_dark_floor_reported_separately
100,23,8,false,false,false,false,false,false,false,false,false,0,true,true,physical_support_with_dark_floor_reported_separately
100,23,9,false,false,false,false,false,false,false,false,false,0,true,true,physical_support_with_dark_floor_reported_separately
100,23,10,false,false,false,false,false,false,false,false,false,0,true,true,physical_support_with_dark_floor_reported_separately
100,23,11,false,false,false,false,false,false,false,false,false,0,true,true,physical_support_with_dark_floor_reported_separately
100,23,12,false,false,false,false,false,false,false,false,false,0,true,true,physical_support_with_dark_floor_reported_separately
100,23,13,false,false,false,false,false,false,false,false,false,0,true,true,physical_support_with_dark_floor_reported_separately
100,23,14,false,false,false,false,false,false,false,false,false,0,true,true,physical_support_with_dark_floor_reported_separately
100,23,15,false,false,false,false,false,false,false,false,false,0,true,true,physical_support_with_dark_floor_reported_separately
100,24,1,false,false,false,false,true,false,true,false,true,2,true,true,physical_support_with_dark_floor_reported_separately
100,24,2,false,false,false,false,true,false,true,false,true,2,true,true,physical_support_with_dark_floor_reported_separately
100,24,3,false,false,false,false,true,false,true,false,true,2,true,true,physical_support_with_dark_floor_reported_separately
100,24,4,false,false,false,false,true,false,true,false,true,2,true,true,physical_support_with_dark_floor_reported_separately
100,24,5,false,false,false,false,true,false,true,false,true,2,true,true,physical_support_with_dark_floor_reported_separately
100,24,6,false,false,false,false,true,false,true,false,true,2,true,true,physical_support_with_dark_floor_reported_separately
100,24,7,false,false,false,false,true,false,true,false,true,2,true,true,physical_support_with_dark_floor_reported_separately
100,24,8,false,false,false,false,true,false,true,false,true,2,true,true,physical_support_with_dark_floor_reported_separately
100,24,9,false,false,false,false,true,false,true,false,true,2,true,true,physical_support_with_dark_floor_reported_separately
100,24,10,false,false,false,false,true,false,true,false,true,2,true,true,physical_support_with_dark_floor_reported_separately
100,24,11,false,false,false,false,true,false,true,false,true,2,true,true,physical_support_with_dark_floor_reported_separately
100,24,12,false,false,false,false,true,false,true,false,true,2,true,true,physical_support_with_dark_floor_reported_separately
100,24,13,false,false,false,false,true,false,true,false,true,2,true,true,physical_support_with_dark_floor_reported_separately
100,24,14,false,false,false,false,true,false,true,false,true,2,true,true,physical_support_with_dark_floor_reported_separately
100,24,15,false,false,false,false,true,false,true,false,true,2,true,true,physical_support_with_dark_floor_reported_separately
100,25,1,false,false,false,false,true,false,true,false,true,2,true,true,physical_support_with_dark_floor_reported_separately
100,25,2,false,false,false,false,true,false,true,false,true,2,true,true,physical_support_with_dark_floor_reported_separately
100,25,3,false,false,false,false,true,false,true,false,true,2,true,true,physical_support_with_dark_floor_reported_separately
100,25,4,false,false,false,false,true,false,true,false,true,2,true,true,physical_support_with_dark_floor_reported_separately
100,25,5,false,false,false,false,true,false,true,false,true,2,true,true,physical_support_with_dark_floor_reported_separately
100,25,6,false,false,false,false,true,false,true,false,true,2,true,true,physical_support_with_dark_floor_reported_separately
100,25,7,false,false,false,false,true,false,true,false,true,2,true,true,physical_support_with_dark_floor_reported_separately
100,25,8,false,false,false,false,true,false,true,false,true,2,true,true,physical_support_with_dark_floor_reported_separately
100,25,9,false,false,false,false,true,false,true,false,true,2,true,true,physical_support_with_dark_floor_reported_separately
100,25,10,false,false,false,false,true,false,true,false,true,2,true,true,physical_support_with_dark_floor_reported_separately
100,25,11,false,false,false,false,true,false,true,false,true,2,true,true,physical_support_with_dark_floor_reported_separately
100,25,12,false,false,false,false,true,false,true,false,true,2,true,true,physical_support_with_dark_floor_reported_separately
100,25,13,false,false,false,false,true,false,true,false,true,2,true,true,physical_support_with_dark_floor_reported_separately
100,25,14,false,false,false,false,true,false,true,false,true,2,true,true,physical_support_with_dark_floor_reported_separately
100,25,15,false,false,false,false,true,false,true,false,true,2,true,true,physical_support_with_dark_floor_reported_separately
100,26,1,false,false,false,false,true,false,false,false,true,1,true,true,physical_support_with_dark_floor_reported_separately
100,26,2,false,false,false,false,true,false,false,false,true,1,true,true,physical_support_with_dark_floor_reported_separately
100,26,3,false,false,false,false,true,false,false,false,true,1,true,true,physical_support_with_dark_floor_reported_separately
100,26,4,false,false,false,false,true,false,false,false,true,1,true,true,physical_support_with_dark_floor_reported_separately
100,26,5,false,false,false,false,true,false,false,false,true,1,true,true,physical_support_with_dark_floor_reported_separately
100,26,6,false,false,false,false,true,false,false,false,true,1,true,true,physical_support_with_dark_floor_reported_separately
100,26,7,false,false,false,false,true,false,false,false,true,1,true,true,physical_support_with_dark_floor_reported_separately
100,26,8,false,false,false,false,true,false,false,false,true,1,true,true,physical_support_with_dark_floor_reported_separately
100,26,9,false,false,false,false,true,false,false,false,true,1,true,true,physical_support_with_dark_floor_reported_separately
100,26,10,false,false,false,false,true,false,false,false,true,1,true,true,physical_support_with_dark_floor_reported_separately
100,26,11,false,false,false,false,true,false,false,false,true,1,true,true,physical_support_with_dark_floor_reported_separately
100,26,12,false,false,false,false,true,false,false,false,true,1,true,true,physical_support_with_dark_floor_reported_separately
100,26,13,false,false,false,false,true,false,false,false,true,1,true,true,physical_support_with_dark_floor_reported_separately
100,26,14,false,false,false,false,true,false,false,false,true,1,true,true,physical_support_with_dark_floor_reported_separately
100,26,15,false,false,false,false,true,false,false,false,true,1,true,true,physical_support_with_dark_floor_reported_separately
100,27,1,false,false,false,false,false,false,true,false,true,1,true,true,physical_support_with_dark_floor_reported_separately
100,27,2,false,false,false,false,false,false,true,false,true,1,true,true,physical_support_with_dark_floor_reported_separately
100,27,3,false,false,false,false,false,false,true,false,true,1,true,true,physical_support_with_dark_floor_reported_separately
100,27,4,false,false,false,false,false,false,true,false,true,1,true,true,physical_support_with_dark_floor_reported_separately
100,27,5,false,false,false,false,false,false,true,false,true,1,true,true,physical_support_with_dark_floor_reported_separately
100,27,6,false,false,false,false,false,false,true,false,true,1,true,true,physical_support_with_dark_floor_reported_separately
100,27,7,false,false,false,false,false,false,true,false,true,1,true,true,physical_support_with_dark_floor_reported_separately
100,27,8,false,false,false,false,false,false,true,false,true,1,true,true,physical_support_with_dark_floor_reported_separately
100,27,9,false,false,false,false,false,false,true,false,true,1,true,true,physical_support_with_dark_floor_reported_separately
100,27,10,false,false,false,false,false,false,true,false,true,1,true,true,physical_support_with_dark_floor_reported_separately
100,27,11,false,false,false,false,false,false,true,false,true,1,true,true,physical_support_with_dark_floor_reported_separately
100,27,12,false,false,false,false,false,false,true,false,true,1,true,true,physical_support_with_dark_floor_reported_separately
100,27,13,false,false,false,false,false,false,true,false,true,1,true,true,physical_support_with_dark_floor_reported_separately
100,27,14,false,false,false,false,false,false,true,false,true,1,true,true,physical_support_with_dark_floor_reported_separately
100,27,15,false,false,false,false,false,false,true,false,true,1,true,true,physical_support_with_dark_floor_reported_separately
100,28,1,false,false,false,false,true,false,true,false,true,2,true,true,physical_support_with_dark_floor_reported_separately
100,28,2,false,false,false,false,true,false,true,false,true,2,true,true,physical_support_with_dark_floor_reported_separately
100,28,3,false,false,false,false,true,false,true,false,true,2,true,true,physical_support_with_dark_floor_reported_separately
100,28,4,false,false,false,false,true,false,true,false,true,2,true,true,physical_support_with_dark_floor_reported_separately
100,28,5,false,false,false,false,true,false,true,false,true,2,true,true,physical_support_with_dark_floor_reported_separately
100,28,6,false,false,false,false,true,false,true,false,true,2,true,true,physical_support_with_dark_floor_reported_separately
100,28,7,false,false,false,false,true,false,true,false,true,2,true,true,physical_support_with_dark_floor_reported_separately
100,28,8,false,false,false,false,true,false,true,false,true,2,true,true,physical_support_with_dark_floor_reported_separately
100,28,9,false,false,false,false,true,false,true,false,true,2,true,true,physical_support_with_dark_floor_reported_separately
100,28,10,false,false,false,false,true,false,true,false,true,2,true,true,physical_support_with_dark_floor_reported_separately
100,28,11,false,false,false,false,true,false,true,false,true,2,true,true,physical_support_with_dark_floor_reported_separately
100,28,12,false,false,false,false,true,false,true,false,true,2,true,true,physical_support_with_dark_floor_reported_separately
100,28,13,false,false,false,false,true,false,true,false,true,2,true,true,physical_support_with_dark_floor_reported_separately
100,28,14,false,false,false,false,true,false,true,false,true,2,true,true,physical_support_with_dark_floor_reported_separately
100,28,15,false,false,false,false,true,false,true,false,true,2,true,true,physical_support_with_dark_floor_reported_separately
100,29,1,false,false,false,false,false,false,false,false,false,0,true,true,physical_support_with_dark_floor_reported_separately
100,29,2,false,false,false,false,false,false,false,false,false,0,true,true,physical_support_with_dark_floor_reported_separately
100,29,3,false,false,false,false,false,false,false,false,false,0,true,true,physical_support_with_dark_floor_reported_separately
100,29,4,false,false,false,false,false,false,false,false,false,0,true,true,physical_support_with_dark_floor_reported_separately
100,29,5,false,false,false,false,false,false,false,false,false,0,true,true,physical_support_with_dark_floor_reported_separately
100,29,6,false,false,false,false,false,false,false,false,false,0,true,true,physical_support_with_dark_floor_reported_separately
100,29,7,false,false,false,false,false,false,false,false,false,0,true,true,physical_support_with_dark_floor_reported_separately
100,29,8,false,false,false,false,false,false,false,false,false,0,true,true,physical_support_with_dark_floor_reported_separately
100,29,9,false,false,false,false,false,false,false,false,false,0,true,true,physical_support_with_dark_floor_reported_separately
100,29,10,false,false,false,false,false,false,false,false,false,0,true,true,physical_support_with_dark_floor_reported_separately
100,29,11,false,false,false,false,false,false,false,false,false,0,true,true,physical_support_with_dark_floor_reported_separately
100,29,12,false,false,false,false,false,false,false,false,false,0,true,true,physical_support_with_dark_floor_reported_separately
100,29,13,false,false,false,false,false,false,false,false,false,0,true,true,physical_support_with_dark_floor_reported_separately
100,29,14,false,false,false,false,false,false,false,false,false,0,true,true,physical_support_with_dark_floor_reported_separately
100,29,15,false,false,false,false,false,false,false,false,false,0,true,true,physical_support_with_dark_floor_reported_separately
100,30,1,false,false,false,false,true,false,true,false,true,2,true,true,physical_support_with_dark_floor_reported_separately
100,30,2,false,false,false,false,true,false,true,false,true,2,true,true,physical_support_with_dark_floor_reported_separately
100,30,3,false,false,false,false,true,false,true,false,true,2,true,true,physical_support_with_dark_floor_reported_separately
100,30,4,false,false,false,false,true,false,true,false,true,2,true,true,physical_support_with_dark_floor_reported_separately
100,30,5,false,false,false,false,true,false,true,false,true,2,true,true,physical_support_with_dark_floor_reported_separately
100,30,6,false,false,false,false,true,false,true,false,true,2,true,true,physical_support_with_dark_floor_reported_separately
100,30,7,false,false,false,false,true,false,true,false,true,2,true,true,physical_support_with_dark_floor_reported_separately
100,30,8,false,false,false,false,true,false,true,false,true,2,true,true,physical_support_with_dark_floor_reported_separately
100,30,9,false,false,false,false,true,false,true,false,true,2,true,true,physical_support_with_dark_floor_reported_separately
100,30,10,false,false,false,false,true,false,true,false,true,2,true,true,physical_support_with_dark_floor_reported_separately
100,30,11,false,false,false,false,true,false,true,false,true,2,true,true,physical_support_with_dark_floor_reported_separately
100,30,12,false,false,false,false,true,false,true,false,true,2,true,true,physical_support_with_dark_floor_reported_separately
100,30,13,false,false,false,false,true,false,true,false,true,2,true,true,physical_support_with_dark_floor_reported_separately
100,30,14,false,false,false,false,true,false,true,false,true,2,true,true,physical_support_with_dark_floor_reported_separately
100,30,15,false,false,false,false,true,false,true,false,true,2,true,true,physical_support_with_dark_floor_reported_separately
100,31,1,false,false,false,false,true,false,false,false,true,1,true,true,physical_support_with_dark_floor_reported_separately
100,31,2,false,false,false,false,true,false,false,false,true,1,true,true,physical_support_with_dark_floor_reported_separately
100,31,3,false,false,false,false,true,false,false,false,true,1,true,true,physical_support_with_dark_floor_reported_separately
100,31,4,false,false,false,false,true,false,false,false,true,1,true,true,physical_support_with_dark_floor_reported_separately
100,31,5,false,false,false,false,true,false,false,false,true,1,true,true,physical_support_with_dark_floor_reported_separately
100,31,6,false,false,false,false,true,false,false,false,true,1,true,true,physical_support_with_dark_floor_reported_separately
100,31,7,false,false,false,false,true,false,false,false,true,1,true,true,physical_support_with_dark_floor_reported_separately
100,31,8,false,false,false,false,true,false,false,false,true,1,true,true,physical_support_with_dark_floor_reported_separately
100,31,9,false,false,false,false,true,false,false,false,true,1,true,true,physical_support_with_dark_floor_reported_separately
100,31,10,false,false,false,false,true,false,false,false,true,1,true,true,physical_support_with_dark_floor_reported_separately
100,31,11,false,false,false,false,true,false,false,false,true,1,true,true,physical_support_with_dark_floor_reported_separately
100,31,12,false,false,false,false,true,false,false,false,true,1,true,true,physical_support_with_dark_floor_reported_separately
100,31,13,false,false,false,false,true,false,false,false,true,1,true,true,physical_support_with_dark_floor_reported_separately
100,31,14,false,false,false,false,true,false,false,false,true,1,true,true,physical_support_with_dark_floor_reported_separately
100,31,15,false,false,false,false,true,false,false,false,true,1,true,true,physical_support_with_dark_floor_reported_separately
100,32,1,false,false,false,false,false,false,true,false,true,1,true,true,physical_support_with_dark_floor_reported_separately
100,32,2,false,false,false,false,false,false,true,false,true,1,true,true,physical_support_with_dark_floor_reported_separately
100,32,3,false,false,false,false,false,false,true,false,true,1,true,true,physical_support_with_dark_floor_reported_separately
100,32,4,false,false,false,false,false,false,true,false,true,1,true,true,physical_support_with_dark_floor_reported_separately
100,32,5,false,false,false,false,false,false,true,false,true,1,true,true,physical_support_with_dark_floor_reported_separately
100,32,6,false,false,false,false,false,false,true,false,true,1,true,true,physical_support_with_dark_floor_reported_separately
100,32,7,false,false,false,false,false,false,true,false,true,1,true,true,physical_support_with_dark_floor_reported_separately
100,32,8,false,false,false,false,false,false,true,false,true,1,true,true,physical_support_with_dark_floor_reported_separately
100,32,9,false,false,false,false,false,false,true,false,true,1,true,true,physical_support_with_dark_floor_reported_separately
100,32,10,false,false,false,false,false,false,true,false,true,1,true,true,physical_support_with_dark_floor_reported_separately
100,32,11,false,false,false,false,false,false,true,false,true,1,true,true,physical_support_with_dark_floor_reported_separately
100,32,12,false,false,false,false,false,false,true,false,true,1,true,true,physical_support_with_dark_floor_reported_separately
100,32,13,false,false,false,false,false,false,true,false,true,1,true,true,physical_support_with_dark_floor_reported_separately
100,32,14,false,false,false,false,false,false,true,false,true,1,true,true,physical_support_with_dark_floor_reported_separately
100,32,15,false,false,false,false,false,false,true,false,true,1,true,true,physical_support_with_dark_floor_reported_separately
100,33,1,false,false,false,false,true,false,true,false,true,2,true,true,physical_support_with_dark_floor_reported_separately
100,33,2,false,false,false,false,true,false,true,false,true,2,true,true,physical_support_with_dark_floor_reported_separately
100,33,3,false,false,false,false,true,false,true,false,true,2,true,true,physical_support_with_dark_floor_reported_separately
100,33,4,false,false,false,false,true,false,true,false,true,2,true,true,physical_support_with_dark_floor_reported_separately
100,33,5,false,false,false,false,true,false,true,false,true,2,true,true,physical_support_with_dark_floor_reported_separately
100,33,6,false,false,false,false,true,false,true,false,true,2,true,true,physical_support_with_dark_floor_reported_separately
100,33,7,false,false,false,false,true,false,true,false,true,2,true,true,physical_support_with_dark_floor_reported_separately
100,33,8,false,false,false,false,true,false,true,false,true,2,true,true,physical_support_with_dark_floor_reported_separately
100,33,9,false,false,false,false,true,false,true,false,true,2,true,true,physical_support_with_dark_floor_reported_separately
100,33,10,false,false,false,false,true,false,true,false,true,2,true,true,physical_support_with_dark_floor_reported_separately
100,33,11,false,false,false,false,true,false,true,false,true,2,true,true,physical_support_with_dark_floor_reported_separately
100,33,12,false,false,false,false,true,false,true,false,true,2,true,true,physical_support_with_dark_floor_reported_separately
100,33,13,false,false,false,false,true,false,true,false,true,2,true,true,physical_support_with_dark_floor_reported_separately
100,33,14,false,false,false,false,true,false,true,false,true,2,true,true,physical_support_with_dark_floor_reported_separately
100,33,15,false,false,false,false,true,false,true,false,true,2,true,true,physical_support_with_dark_floor_reported_separately
100,34,1,false,false,false,false,true,false,false,false,true,1,true,true,physical_support_with_dark_floor_reported_separately
100,34,2,false,false,false,false,true,false,false,false,true,1,true,true,physical_support_with_dark_floor_reported_separately
100,34,3,false,false,false,false,true,false,false,false,true,1,true,true,physical_support_with_dark_floor_reported_separately
100,34,4,false,false,false,false,true,false,false,false,true,1,true,true,physical_support_with_dark_floor_reported_separately
100,34,5,false,false,false,false,true,false,false,false,true,1,true,true,physical_support_with_dark_floor_reported_separately
100,34,6,false,false,false,false,true,false,false,false,true,1,true,true,physical_support_with_dark_floor_reported_separately
100,34,7,false,false,false,false,true,false,false,false,true,1,true,true,physical_support_with_dark_floor_reported_separately
100,34,8,false,false,false,false,true,false,false,false,true,1,true,true,physical_support_with_dark_floor_reported_separately
100,34,9,false,false,false,false,true,false,false,false,true,1,true,true,physical_support_with_dark_floor_reported_separately
100,34,10,false,false,false,false,true,false,false,false,true,1,true,true,physical_support_with_dark_floor_reported_separately
100,34,11,false,false,false,false,true,false,false,false,true,1,true,true,physical_support_with_dark_floor_reported_separately
100,34,12,false,false,false,false,true,false,false,false,true,1,true,true,physical_support_with_dark_floor_reported_separately
100,34,13,false,false,false,false,true,false,false,false,true,1,true,true,physical_support_with_dark_floor_reported_separately
100,34,14,false,false,false,false,true,false,false,false,true,1,true,true,physical_support_with_dark_floor_reported_separately
100,34,15,false,false,false,false,true,false,false,false,true,1,true,true,physical_support_with_dark_floor_reported_separately
100,35,1,false,false,false,false,false,false,false,false,false,0,true,true,physical_support_with_dark_floor_reported_separately
100,35,2,false,false,false,false,false,false,false,false,false,0,true,true,physical_support_with_dark_floor_reported_separately
100,35,3,false,false,false,false,false,false,false,false,false,0,true,true,physical_support_with_dark_floor_reported_separately
100,35,4,false,false,false,false,false,false,false,false,false,0,true,true,physical_support_with_dark_floor_reported_separately
100,35,5,false,false,false,false,false,false,false,false,false,0,true,true,physical_support_with_dark_floor_reported_separately
100,35,6,false,false,false,false,false,false,false,false,false,0,true,true,physical_support_with_dark_floor_reported_separately
100,35,7,false,false,false,false,false,false,false,false,false,0,true,true,physical_support_with_dark_floor_reported_separately
100,35,8,false,false,false,false,false,false,false,false,false,0,true,true,physical_support_with_dark_floor_reported_separately
100,35,9,false,false,false,false,false,false,false,false,false,0,true,true,physical_support_with_dark_floor_reported_separately
100,35,10,false,false,false,false,false,false,false,false,false,0,true,true,physical_support_with_dark_floor_reported_separately
100,35,11,false,false,false,false,false,false,false,false,false,0,true,true,physical_support_with_dark_floor_reported_separately
100,35,12,false,false,false,false,false,false,false,false,false,0,true,true,physical_support_with_dark_floor_reported_separately
100,35,13,false,false,false,false,false,false,false,false,false,0,true,true,physical_support_with_dark_floor_reported_separately
100,35,14,false,false,false,false,false,false,false,false,false,0,true,true,physical_support_with_dark_floor_reported_separately
100,35,15,false,false,false,false,false,false,false,false,false,0,true,true,physical_support_with_dark_floor_reported_separately
100,36,1,false,false,false,false,true,false,false,false,true,1,true,true,physical_support_with_dark_floor_reported_separately
100,36,2,false,false,false,false,true,false,false,false,true,1,true,true,physical_support_with_dark_floor_reported_separately
100,36,3,false,false,false,false,true,false,false,false,true,1,true,true,physical_support_with_dark_floor_reported_separately
100,36,4,false,false,false,false,true,false,false,false,true,1,true,true,physical_support_with_dark_floor_reported_separately
100,36,5,false,false,false,false,true,false,false,false,true,1,true,true,physical_support_with_dark_floor_reported_separately
100,36,6,false,false,false,false,true,false,false,false,true,1,true,true,physical_support_with_dark_floor_reported_separately
100,36,7,false,false,false,false,true,false,false,false,true,1,true,true,physical_support_with_dark_floor_reported_separately
100,36,8,false,false,false,false,true,false,false,false,true,1,true,true,physical_support_with_dark_floor_reported_separately
100,36,9,false,false,false,false,true,false,false,false,true,1,true,true,physical_support_with_dark_floor_reported_separately
100,36,10,false,false,false,false,true,false,false,false,true,1,true,true,physical_support_with_dark_floor_reported_separately
100,36,11,false,false,false,false,true,false,false,false,true,1,true,true,physical_support_with_dark_floor_reported_separately
100,36,12,false,false,false,false,true,false,false,false,true,1,true,true,physical_support_with_dark_floor_reported_separately
100,36,13,false,false,false,false,true,false,false,false,true,1,true,true,physical_support_with_dark_floor_reported_separately
100,36,14,false,false,false,false,true,false,false,false,true,1,true,true,physical_support_with_dark_floor_reported_separately
100,36,15,false,false,false,false,true,false,false,false,true,1,true,true,physical_support_with_dark_floor_reported_separately
100,37,1,false,false,false,false,true,false,true,false,true,2,true,true,physical_support_with_dark_floor_reported_separately
100,37,2,false,false,false,false,true,false,true,false,true,2,true,true,physical_support_with_dark_floor_reported_separately
100,37,3,false,false,false,false,true,false,true,false,true,2,true,true,physical_support_with_dark_floor_reported_separately
100,37,4,false,false,false,false,true,false,true,false,true,2,true,true,physical_support_with_dark_floor_reported_separately
100,37,5,false,false,false,false,true,false,true,false,true,2,true,true,physical_support_with_dark_floor_reported_separately
100,37,6,false,false,false,false,true,false,true,false,true,2,true,true,physical_support_with_dark_floor_reported_separately
100,37,7,false,false,false,false,true,false,true,false,true,2,true,true,physical_support_with_dark_floor_reported_separately
100,37,8,false,false,false,false,true,false,true,false,true,2,true,true,physical_support_with_dark_floor_reported_separately
100,37,9,false,false,false,false,true,false,true,false,true,2,true,true,physical_support_with_dark_floor_reported_separately
100,37,10,false,false,false,false,true,false,true,false,true,2,true,true,physical_support_with_dark_floor_reported_separately
100,37,11,false,false,false,false,true,false,true,false,true,2,true,true,physical_support_with_dark_floor_reported_separately
100,37,12,false,false,false,false,true,false,true,false,true,2,true,true,physical_support_with_dark_floor_reported_separately
100,37,13,false,false,false,false,true,false,true,false,true,2,true,true,physical_support_with_dark_floor_reported_separately
100,37,14,false,false,false,false,true,false,true,false,true,2,true,true,physical_support_with_dark_floor_reported_separately
100,37,15,false,false,false,false,true,false,true,false,true,2,true,true,physical_support_with_dark_floor_reported_separately
100,38,1,false,false,false,false,false,false,false,false,false,0,true,true,physical_support_with_dark_floor_reported_separately
100,38,2,false,false,false,false,false,false,false,false,false,0,true,true,physical_support_with_dark_floor_reported_separately
100,38,3,false,false,false,false,false,false,false,false,false,0,true,true,physical_support_with_dark_floor_reported_separately
100,38,4,false,false,false,false,false,false,false,false,false,0,true,true,physical_support_with_dark_floor_reported_separately
100,38,5,false,false,false,false,false,false,false,false,false,0,true,true,physical_support_with_dark_floor_reported_separately
100,38,6,false,false,false,false,false,false,false,false,false,0,true,true,physical_support_with_dark_floor_reported_separately
100,38,7,false,false,false,false,false,false,false,false,false,0,true,true,physical_support_with_dark_floor_reported_separately
100,38,8,false,false,false,false,false,false,false,false,false,0,true,true,physical_support_with_dark_floor_reported_separately
100,38,9,false,false,false,false,false,false,false,false,false,0,true,true,physical_support_with_dark_floor_reported_separately
100,38,10,false,false,false,false,false,false,false,false,false,0,true,true,physical_support_with_dark_floor_reported_separately
100,38,11,false,false,false,false,false,false,false,false,false,0,true,true,physical_support_with_dark_floor_reported_separately
100,38,12,false,false,false,false,false,false,false,false,false,0,true,true,physical_support_with_dark_floor_reported_separately
100,38,13,false,false,false,false,false,false,false,false,false,0,true,true,physical_support_with_dark_floor_reported_separately
100,38,14,false,false,false,false,false,false,false,false,false,0,true,true,physical_support_with_dark_floor_reported_separately
100,38,15,false,false,false,false,false,false,false,false,false,0,true,true,physical_support_with_dark_floor_reported_separately
100,39,1,false,false,false,false,true,false,false,false,true,1,true,true,physical_support_with_dark_floor_reported_separately
100,39,2,false,false,false,false,true,false,false,false,true,1,true,true,physical_support_with_dark_floor_reported_separately
100,39,3,false,false,false,false,true,false,false,false,true,1,true,true,physical_support_with_dark_floor_reported_separately
100,39,4,false,false,false,false,true,false,false,false,true,1,true,true,physical_support_with_dark_floor_reported_separately
100,39,5,false,false,false,false,true,false,false,false,true,1,true,true,physical_support_with_dark_floor_reported_separately
100,39,6,false,false,false,false,true,false,false,false,true,1,true,true,physical_support_with_dark_floor_reported_separately
100,39,7,false,false,false,false,true,false,false,false,true,1,true,true,physical_support_with_dark_floor_reported_separately
100,39,8,false,false,false,false,true,false,false,false,true,1,true,true,physical_support_with_dark_floor_reported_separately
100,39,9,false,false,false,false,true,false,false,false,true,1,true,true,physical_support_with_dark_floor_reported_separately
100,39,10,false,false,false,false,true,false,false,false,true,1,true,true,physical_support_with_dark_floor_reported_separately
100,39,11,false,false,false,false,true,false,false,false,true,1,true,true,physical_support_with_dark_floor_reported_separately
100,39,12,false,false,false,false,true,false,false,false,true,1,true,true,physical_support_with_dark_floor_reported_separately
100,39,13,false,false,false,false,true,false,false,false,true,1,true,true,physical_support_with_dark_floor_reported_separately
100,39,14,false,false,false,false,true,false,false,false,true,1,true,true,physical_support_with_dark_floor_reported_separately
100,39,15,false,false,false,false,true,false,false,false,true,1,true,true,physical_support_with_dark_floor_reported_separately
100,40,1,false,false,false,false,false,false,true,false,true,1,true,true,physical_support_with_dark_floor_reported_separately
100,40,2,false,false,false,false,false,false,true,false,true,1,true,true,physical_support_with_dark_floor_reported_separately
100,40,3,false,false,false,false,false,false,true,false,true,1,true,true,physical_support_with_dark_floor_reported_separately
100,40,4,false,false,false,false,false,false,true,false,true,1,true,true,physical_support_with_dark_floor_reported_separately
100,40,5,false,false,false,false,false,false,true,false,true,1,true,true,physical_support_with_dark_floor_reported_separately
100,40,6,false,false,false,false,false,false,true,false,true,1,true,true,physical_support_with_dark_floor_reported_separately
100,40,7,false,false,false,false,false,false,true,false,true,1,true,true,physical_support_with_dark_floor_reported_separately
100,40,8,false,false,false,false,false,false,true,false,true,1,true,true,physical_support_with_dark_floor_reported_separately
100,40,9,false,false,false,false,false,false,true,false,true,1,true,true,physical_support_with_dark_floor_reported_separately
100,40,10,false,false,false,false,false,false,true,false,true,1,true,true,physical_support_with_dark_floor_reported_separately
100,40,11,false,false,false,false,false,false,true,false,true,1,true,true,physical_support_with_dark_floor_reported_separately
100,40,12,false,false,false,false,false,false,true,false,true,1,true,true,physical_support_with_dark_floor_reported_separately
100,40,13,false,false,false,false,false,false,true,false,true,1,true,true,physical_support_with_dark_floor_reported_separately
100,40,14,false,false,false,false,false,false,true,false,true,1,true,true,physical_support_with_dark_floor_reported_separately
100,40,15,false,false,false,false,false,false,true,false,true,1,true,true,physical_support_with_dark_floor_reported_separately
100,41,1,false,false,false,false,false,false,true,false,true,1,true,true,physical_support_with_dark_floor_reported_separately
100,41,2,false,false,false,false,false,false,true,false,true,1,true,true,physical_support_with_dark_floor_reported_separately
100,41,3,false,false,false,false,false,false,true,false,true,1,true,true,physical_support_with_dark_floor_reported_separately
100,41,4,false,false,false,false,false,false,true,false,true,1,true,true,physical_support_with_dark_floor_reported_separately
100,41,5,false,false,false,false,false,false,true,false,true,1,true,true,physical_support_with_dark_floor_reported_separately
100,41,6,false,false,false,false,false,false,true,false,true,1,true,true,physical_support_with_dark_floor_reported_separately
100,41,7,false,false,false,false,false,false,true,false,true,1,true,true,physical_support_with_dark_floor_reported_separately
100,41,8,false,false,false,false,false,false,true,false,true,1,true,true,physical_support_with_dark_floor_reported_separately
100,41,9,false,false,false,false,false,false,true,false,true,1,true,true,physical_support_with_dark_floor_reported_separately
100,41,10,false,false,false,false,false,false,true,false,true,1,true,true,physical_support_with_dark_floor_reported_separately
100,41,11,false,false,false,false,false,false,true,false,true,1,true,true,physical_support_with_dark_floor_reported_separately
100,41,12,false,false,false,false,false,false,true,false,true,1,true,true,physical_support_with_dark_floor_reported_separately
100,41,13,false,false,false,false,false,false,true,false,true,1,true,true,physical_support_with_dark_floor_reported_separately
100,41,14,false,false,false,false,false,false,true,false,true,1,true,true,physical_support_with_dark_floor_reported_separately
100,41,15,false,false,false,false,false,false,true,false,true,1,true,true,physical_support_with_dark_floor_reported_separately
100,42,1,false,false,false,false,false,false,false,false,false,0,true,true,physical_support_with_dark_floor_reported_separately
100,42,2,false,false,false,false,false,false,false,false,false,0,true,true,physical_support_with_dark_floor_reported_separately
100,42,3,false,false,false,false,false,false,false,false,false,0,true,true,physical_support_with_dark_floor_reported_separately
100,42,4,false,false,false,false,false,false,false,false,false,0,true,true,physical_support_with_dark_floor_reported_separately
100,42,5,false,false,false,false,false,false,false,false,false,0,true,true,physical_support_with_dark_floor_reported_separately
100,42,6,false,false,false,false,false,false,false,false,false,0,true,true,physical_support_with_dark_floor_reported_separately
100,42,7,false,false,false,false,false,false,false,false,false,0,true,true,physical_support_with_dark_floor_reported_separately
100,42,8,false,false,false,false,false,false,false,false,false,0,true,true,physical_support_with_dark_floor_reported_separately
100,42,9,false,false,false,false,false,false,false,false,false,0,true,true,physical_support_with_dark_floor_reported_separately
100,42,10,false,false,false,false,false,false,false,false,false,0,true,true,physical_support_with_dark_floor_reported_separately
100,42,11,false,false,false,false,false,false,false,false,false,0,true,true,physical_support_with_dark_floor_reported_separately
100,42,12,false,false,false,false,false,false,false,false,false,0,true,true,physical_support_with_dark_floor_reported_separately
100,42,13,false,false,false,false,false,false,false,false,false,0,true,true,physical_support_with_dark_floor_reported_separately
100,42,14,false,false,false,false,false,false,false,false,false,0,true,true,physical_support_with_dark_floor_reported_separately
100,42,15,false,false,false,false,false,false,false,false,false,0,true,true,physical_support_with_dark_floor_reported_separately
100,43,1,false,false,false,false,false,false,true,false,true,1,true,true,physical_support_with_dark_floor_reported_separately
100,43,2,false,false,false,false,false,false,true,false,true,1,true,true,physical_support_with_dark_floor_reported_separately
100,43,3,false,false,false,false,false,false,true,false,true,1,true,true,physical_support_with_dark_floor_reported_separately
100,43,4,false,false,false,false,false,false,true,false,true,1,true,true,physical_support_with_dark_floor_reported_separately
100,43,5,false,false,false,false,false,false,true,false,true,1,true,true,physical_support_with_dark_floor_reported_separately
100,43,6,false,false,false,false,false,false,true,false,true,1,true,true,physical_support_with_dark_floor_reported_separately
100,43,7,false,false,false,false,false,false,true,false,true,1,true,true,physical_support_with_dark_floor_reported_separately
100,43,8,false,false,false,false,false,false,true,false,true,1,true,true,physical_support_with_dark_floor_reported_separately
100,43,9,false,false,false,false,false,false,true,false,true,1,true,true,physical_support_with_dark_floor_reported_separately
100,43,10,false,false,false,false,false,false,true,false,true,1,true,true,physical_support_with_dark_floor_reported_separately
100,43,11,false,false,false,false,false,false,true,false,true,1,true,true,physical_support_with_dark_floor_reported_separately
100,43,12,false,false,false,false,false,false,true,false,true,1,true,true,physical_support_with_dark_floor_reported_separately
100,43,13,false,false,false,false,false,false,true,false,true,1,true,true,physical_support_with_dark_floor_reported_separately
100,43,14,false,false,false,false,false,false,true,false,true,1,true,true,physical_support_with_dark_floor_reported_separately
100,43,15,false,false,false,false,false,false,true,false,true,1,true,true,physical_support_with_dark_floor_reported_separately
100,44,1,false,false,false,false,false,false,false,false,false,0,true,true,physical_support_with_dark_floor_reported_separately
100,44,2,false,false,false,false,false,false,false,false,false,0,true,true,physical_support_with_dark_floor_reported_separately
100,44,3,false,false,false,false,false,false,false,false,false,0,true,true,physical_support_with_dark_floor_reported_separately
100,44,4,false,false,false,false,false,false,false,false,false,0,true,true,physical_support_with_dark_floor_reported_separately
100,44,5,false,false,false,false,false,false,false,false,false,0,true,true,physical_support_with_dark_floor_reported_separately
100,44,6,false,false,false,false,false,false,false,false,false,0,true,true,physical_support_with_dark_floor_reported_separately
100,44,7,false,false,false,false,false,false,false,false,false,0,true,true,physical_support_with_dark_floor_reported_separately
100,44,8,false,false,false,false,false,false,false,false,false,0,true,true,physical_support_with_dark_floor_reported_separately
100,44,9,false,false,false,false,false,false,false,false,false,0,true,true,physical_support_with_dark_floor_reported_separately
100,44,10,false,false,false,false,false,false,false,false,false,0,true,true,physical_support_with_dark_floor_reported_separately
100,44,11,false,false,false,false,false,false,false,false,false,0,true,true,physical_support_with_dark_floor_reported_separately
100,44,12,false,false,false,false,false,false,false,false,false,0,true,true,physical_support_with_dark_floor_reported_separately
100,44,13,false,false,false,false,false,false,false,false,false,0,true,true,physical_support_with_dark_floor_reported_separately
100,44,14,false,false,false,false,false,false,false,false,false,0,true,true,physical_support_with_dark_floor_reported_separately
100,44,15,false,false,false,false,false,false,false,false,false,0,true,true,physical_support_with_dark_floor_reported_separately
100,45,1,false,false,false,false,false,false,false,false,false,0,true,true,physical_support_with_dark_floor_reported_separately
100,45,2,false,false,false,false,false,false,false,false,false,0,true,true,physical_support_with_dark_floor_reported_separately
100,45,3,false,false,false,false,false,false,false,false,false,0,true,true,physical_support_with_dark_floor_reported_separately
100,45,4,false,false,false,false,false,false,false,false,false,0,true,true,physical_support_with_dark_floor_reported_separately
100,45,5,false,false,false,false,false,false,false,false,false,0,true,true,physical_support_with_dark_floor_reported_separately
100,45,6,false,false,false,false,false,false,false,false,false,0,true,true,physical_support_with_dark_floor_reported_separately
100,45,7,false,false,false,false,false,false,false,false,false,0,true,true,physical_support_with_dark_floor_reported_separately
100,45,8,false,false,false,false,false,false,false,false,false,0,true,true,physical_support_with_dark_floor_reported_separately
100,45,9,false,false,false,false,false,false,false,false,false,0,true,true,physical_support_with_dark_floor_reported_separately
100,45,10,false,false,false,false,false,false,false,false,false,0,true,true,physical_support_with_dark_floor_reported_separately
100,45,11,false,false,false,false,false,false,false,false,false,0,true,true,physical_support_with_dark_floor_reported_separately
100,45,12,false,false,false,false,false,false,false,false,false,0,true,true,physical_support_with_dark_floor_reported_separately
100,45,13,false,false,false,false,false,false,false,false,false,0,true,true,physical_support_with_dark_floor_reported_separately
100,45,14,false,false,false,false,false,false,false,false,false,0,true,true,physical_support_with_dark_floor_reported_separately
100,45,15,false,false,false,false,false,false,false,false,false,0,true,true,physical_support_with_dark_floor_reported_separately
100,46,1,false,false,false,false,true,false,true,false,true,2,true,true,physical_support_with_dark_floor_reported_separately
100,46,2,false,false,false,false,true,false,true,false,true,2,true,true,physical_support_with_dark_floor_reported_separately
100,46,3,false,false,false,false,true,false,true,false,true,2,true,true,physical_support_with_dark_floor_reported_separately
100,46,4,false,false,false,false,true,false,true,false,true,2,true,true,physical_support_with_dark_floor_reported_separately
100,46,5,false,false,false,false,true,false,true,false,true,2,true,true,physical_support_with_dark_floor_reported_separately
100,46,6,false,false,false,false,true,false,true,false,true,2,true,true,physical_support_with_dark_floor_reported_separately
100,46,7,false,false,false,false,true,false,true,false,true,2,true,true,physical_support_with_dark_floor_reported_separately
100,46,8,false,false,false,false,true,false,true,false,true,2,true,true,physical_support_with_dark_floor_reported_separately
100,46,9,false,false,false,false,true,false,true,false,true,2,true,true,physical_support_with_dark_floor_reported_separately
100,46,10,false,false,false,false,true,false,true,false,true,2,true,true,physical_support_with_dark_floor_reported_separately
100,46,11,false,false,false,false,true,false,true,false,true,2,true,true,physical_support_with_dark_floor_reported_separately
100,46,12,false,false,false,false,true,false,true,false,true,2,true,true,physical_support_with_dark_floor_reported_separately
100,46,13,false,false,false,false,true,false,true,false,true,2,true,true,physical_support_with_dark_floor_reported_separately
100,46,14,false,false,false,false,true,false,true,false,true,2,true,true,physical_support_with_dark_floor_reported_separately
100,46,15,false,false,false,false,true,false,true,false,true,2,true,true,physical_support_with_dark_floor_reported_separately
100,47,1,false,false,false,false,false,false,true,false,true,1,true,true,physical_support_with_dark_floor_reported_separately
100,47,2,false,false,false,false,false,false,true,false,true,1,true,true,physical_support_with_dark_floor_reported_separately
100,47,3,false,false,false,false,false,false,true,false,true,1,true,true,physical_support_with_dark_floor_reported_separately
100,47,4,false,false,false,false,false,false,true,false,true,1,true,true,physical_support_with_dark_floor_reported_separately
100,47,5,false,false,false,false,false,false,true,false,true,1,true,true,physical_support_with_dark_floor_reported_separately
100,47,6,false,false,false,false,false,false,true,false,true,1,true,true,physical_support_with_dark_floor_reported_separately
100,47,7,false,false,false,false,false,false,true,false,true,1,true,true,physical_support_with_dark_floor_reported_separately
100,47,8,false,false,false,false,false,false,true,false,true,1,true,true,physical_support_with_dark_floor_reported_separately
100,47,9,false,false,false,false,false,false,true,false,true,1,true,true,physical_support_with_dark_floor_reported_separately
100,47,10,false,false,false,false,false,false,true,false,true,1,true,true,physical_support_with_dark_floor_reported_separately
100,47,11,false,false,false,false,false,false,true,false,true,1,true,true,physical_support_with_dark_floor_reported_separately
100,47,12,false,false,false,false,false,false,true,false,true,1,true,true,physical_support_with_dark_floor_reported_separately
100,47,13,false,false,false,false,false,false,true,false,true,1,true,true,physical_support_with_dark_floor_reported_separately
100,47,14,false,false,false,false,false,false,true,false,true,1,true,true,physical_support_with_dark_floor_reported_separately
100,47,15,false,false,false,false,false,false,true,false,true,1,true,true,physical_support_with_dark_floor_reported_separately
100,48,1,false,false,false,false,true,false,false,false,true,1,true,true,physical_support_with_dark_floor_reported_separately
100,48,2,false,false,false,false,true,false,false,false,true,1,true,true,physical_support_with_dark_floor_reported_separately
100,48,3,false,false,false,false,true,false,false,false,true,1,true,true,physical_support_with_dark_floor_reported_separately
100,48,4,false,false,false,false,true,false,false,false,true,1,true,true,physical_support_with_dark_floor_reported_separately
100,48,5,false,false,false,false,true,false,false,false,true,1,true,true,physical_support_with_dark_floor_reported_separately
100,48,6,false,false,false,false,true,false,false,false,true,1,true,true,physical_support_with_dark_floor_reported_separately
100,48,7,false,false,false,false,true,false,false,false,true,1,true,true,physical_support_with_dark_floor_reported_separately
100,48,8,false,false,false,false,true,false,false,false,true,1,true,true,physical_support_with_dark_floor_reported_separately
100,48,9,false,false,false,false,true,false,false,false,true,1,true,true,physical_support_with_dark_floor_reported_separately
100,48,10,false,false,false,false,true,false,false,false,true,1,true,true,physical_support_with_dark_floor_reported_separately
100,48,11,false,false,false,false,true,false,false,false,true,1,true,true,physical_support_with_dark_floor_reported_separately
100,48,12,false,false,false,false,true,false,false,false,true,1,true,true,physical_support_with_dark_floor_reported_separately
100,48,13,false,false,false,false,true,false,false,false,true,1,true,true,physical_support_with_dark_floor_reported_separately
100,48,14,false,false,false,false,true,false,false,false,true,1,true,true,physical_support_with_dark_floor_reported_separately
100,48,15,false,false,false,false,true,false,false,false,true,1,true,true,physical_support_with_dark_floor_reported_separately
100,49,1,false,false,false,false,true,false,false,false,true,1,true,true,physical_support_with_dark_floor_reported_separately
100,49,2,false,false,false,false,true,false,false,false,true,1,true,true,physical_support_with_dark_floor_reported_separately
100,49,3,false,false,false,false,true,false,false,false,true,1,true,true,physical_support_with_dark_floor_reported_separately
100,49,4,false,false,false,false,true,false,false,false,true,1,true,true,physical_support_with_dark_floor_reported_separately
100,49,5,false,false,false,false,true,false,false,false,true,1,true,true,physical_support_with_dark_floor_reported_separately
100,49,6,false,false,false,false,true,false,false,false,true,1,true,true,physical_support_with_dark_floor_reported_separately
100,49,7,false,false,false,false,true,false,false,false,true,1,true,true,physical_support_with_dark_floor_reported_separately
100,49,8,false,false,false,false,true,false,false,false,true,1,true,true,physical_support_with_dark_floor_reported_separately
100,49,9,false,false,false,false,true,false,false,false,true,1,true,true,physical_support_with_dark_floor_reported_separately
100,49,10,false,false,false,false,true,false,false,false,true,1,true,true,physical_support_with_dark_floor_reported_separately
100,49,11,false,false,false,false,true,false,false,false,true,1,true,true,physical_support_with_dark_floor_reported_separately
100,49,12,false,false,false,false,true,false,false,false,true,1,true,true,physical_support_with_dark_floor_reported_separately
100,49,13,false,false,false,false,true,false,false,false,true,1,true,true,physical_support_with_dark_floor_reported_separately
100,49,14,false,false,false,false,true,false,false,false,true,1,true,true,physical_support_with_dark_floor_reported_separately
100,49,15,false,false,false,false,true,false,false,false,true,1,true,true,physical_support_with_dark_floor_reported_separately
100,50,1,false,false,false,false,false,false,true,false,true,1,true,true,physical_support_with_dark_floor_reported_separately
100,50,2,false,false,false,false,false,false,true,false,true,1,true,true,physical_support_with_dark_floor_reported_separately
100,50,3,false,false,false,false,false,false,true,false,true,1,true,true,physical_support_with_dark_floor_reported_separately
100,50,4,false,false,false,false,false,false,true,false,true,1,true,true,physical_support_with_dark_floor_reported_separately
100,50,5,false,false,false,false,false,false,true,false,true,1,true,true,physical_support_with_dark_floor_reported_separately
100,50,6,false,false,false,false,false,false,true,false,true,1,true,true,physical_support_with_dark_floor_reported_separately
100,50,7,false,false,false,false,false,false,true,false,true,1,true,true,physical_support_with_dark_floor_reported_separately
100,50,8,false,false,false,false,false,false,true,false,true,1,true,true,physical_support_with_dark_floor_reported_separately
100,50,9,false,false,false,false,false,false,true,false,true,1,true,true,physical_support_with_dark_floor_reported_separately
100,50,10,false,false,false,false,false,false,true,false,true,1,true,true,physical_support_with_dark_floor_reported_separately
100,50,11,false,false,false,false,false,false,true,false,true,1,true,true,physical_support_with_dark_floor_reported_separately
100,50,12,false,false,false,false,false,false,true,false,true,1,true,true,physical_support_with_dark_floor_reported_separately
100,50,13,false,false,false,false,false,false,true,false,true,1,true,true,physical_support_with_dark_floor_reported_separately
100,50,14,false,false,false,false,false,false,true,false,true,1,true,true,physical_support_with_dark_floor_reported_separately
100,50,15,false,false,false,false,false,false,true,false,true,1,true,true,physical_support_with_dark_floor_reported_separately
100,51,1,false,false,false,false,false,false,false,false,false,0,true,true,physical_support_with_dark_floor_reported_separately
100,51,2,false,false,false,false,false,false,false,false,false,0,true,true,physical_support_with_dark_floor_reported_separately
100,51,3,false,false,false,false,false,false,false,false,false,0,true,true,physical_support_with_dark_floor_reported_separately
100,51,4,false,false,false,false,false,false,false,false,false,0,true,true,physical_support_with_dark_floor_reported_separately
100,51,5,false,false,false,false,false,false,false,false,false,0,true,true,physical_support_with_dark_floor_reported_separately
100,51,6,false,false,false,false,false,false,false,false,false,0,true,true,physical_support_with_dark_floor_reported_separately
100,51,7,false,false,false,false,false,false,false,false,false,0,true,true,physical_support_with_dark_floor_reported_separately
100,51,8,false,false,false,false,false,false,false,false,false,0,true,true,physical_support_with_dark_floor_reported_separately
100,51,9,false,false,false,false,false,false,false,false,false,0,true,true,physical_support_with_dark_floor_reported_separately
100,51,10,false,false,false,false,false,false,false,false,false,0,true,true,physical_support_with_dark_floor_reported_separately
100,51,11,false,false,false,false,false,false,false,false,false,0,true,true,physical_support_with_dark_floor_reported_separately
100,51,12,false,false,false,false,false,false,false,false,false,0,true,true,physical_support_with_dark_floor_reported_separately
100,51,13,false,false,false,false,false,false,false,false,false,0,true,true,physical_support_with_dark_floor_reported_separately
100,51,14,false,false,false,false,false,false,false,false,false,0,true,true,physical_support_with_dark_floor_reported_separately
100,51,15,false,false,false,false,false,false,false,false,false,0,true,true,physical_support_with_dark_floor_reported_separately
100,52,1,false,false,false,false,true,false,true,false,true,2,true,true,physical_support_with_dark_floor_reported_separately
100,52,2,false,false,false,false,true,false,true,false,true,2,true,true,physical_support_with_dark_floor_reported_separately
100,52,3,false,false,false,false,true,false,true,false,true,2,true,true,physical_support_with_dark_floor_reported_separately
100,52,4,false,false,false,false,true,false,true,false,true,2,true,true,physical_support_with_dark_floor_reported_separately
100,52,5,false,false,false,false,true,false,true,false,true,2,true,true,physical_support_with_dark_floor_reported_separately
100,52,6,false,false,false,false,true,false,true,false,true,2,true,true,physical_support_with_dark_floor_reported_separately
100,52,7,false,false,false,false,true,false,true,false,true,2,true,true,physical_support_with_dark_floor_reported_separately
100,52,8,false,false,false,false,true,false,true,false,true,2,true,true,physical_support_with_dark_floor_reported_separately
100,52,9,false,false,false,false,true,false,true,false,true,2,true,true,physical_support_with_dark_floor_reported_separately
100,52,10,false,false,false,false,true,false,true,false,true,2,true,true,physical_support_with_dark_floor_reported_separately
100,52,11,false,false,false,false,true,false,true,false,true,2,true,true,physical_support_with_dark_floor_reported_separately
100,52,12,false,false,false,false,true,false,true,false,true,2,true,true,physical_support_with_dark_floor_reported_separately
100,52,13,false,false,false,false,true,false,true,false,true,2,true,true,physical_support_with_dark_floor_reported_separately
100,52,14,false,false,false,false,true,false,true,false,true,2,true,true,physical_support_with_dark_floor_reported_separately
100,52,15,false,false,false,false,true,false,true,false,true,2,true,true,physical_support_with_dark_floor_reported_separately
100,53,1,false,false,false,false,false,false,false,false,false,0,true,true,physical_support_with_dark_floor_reported_separately
100,53,2,false,false,false,false,false,false,false,false,false,0,true,true,physical_support_with_dark_floor_reported_separately
100,53,3,false,false,false,false,false,false,false,false,false,0,true,true,physical_support_with_dark_floor_reported_separately
100,53,4,false,false,false,false,false,false,false,false,false,0,true,true,physical_support_with_dark_floor_reported_separately
100,53,5,false,false,false,false,false,false,false,false,false,0,true,true,physical_support_with_dark_floor_reported_separately
100,53,6,false,false,false,false,false,false,false,false,false,0,true,true,physical_support_with_dark_floor_reported_separately
100,53,7,false,false,false,false,false,false,false,false,false,0,true,true,physical_support_with_dark_floor_reported_separately
100,53,8,false,false,false,false,false,false,false,false,false,0,true,true,physical_support_with_dark_floor_reported_separately
100,53,9,false,false,false,false,false,false,false,false,false,0,true,true,physical_support_with_dark_floor_reported_separately
100,53,10,false,false,false,false,false,false,false,false,false,0,true,true,physical_support_with_dark_floor_reported_separately
100,53,11,false,false,false,false,false,false,false,false,false,0,true,true,physical_support_with_dark_floor_reported_separately
100,53,12,false,false,false,false,false,false,false,false,false,0,true,true,physical_support_with_dark_floor_reported_separately
100,53,13,false,false,false,false,false,false,false,false,false,0,true,true,physical_support_with_dark_floor_reported_separately
100,53,14,false,false,false,false,false,false,false,false,false,0,true,true,physical_support_with_dark_floor_reported_separately
100,53,15,false,false,false,false,false,false,false,false,false,0,true,true,physical_support_with_dark_floor_reported_separately
100,54,1,false,false,false,false,true,false,false,false,true,1,true,true,physical_support_with_dark_floor_reported_separately
100,54,2,false,false,false,false,true,false,false,false,true,1,true,true,physical_support_with_dark_floor_reported_separately
100,54,3,false,false,false,false,true,false,false,false,true,1,true,true,physical_support_with_dark_floor_reported_separately
100,54,4,false,false,false,false,true,false,false,false,true,1,true,true,physical_support_with_dark_floor_reported_separately
100,54,5,false,false,false,false,true,false,false,false,true,1,true,true,physical_support_with_dark_floor_reported_separately
100,54,6,false,false,false,false,true,false,false,false,true,1,true,true,physical_support_with_dark_floor_reported_separately
100,54,7,false,false,false,false,true,false,false,false,true,1,true,true,physical_support_with_dark_floor_reported_separately
100,54,8,false,false,false,false,true,false,false,false,true,1,true,true,physical_support_with_dark_floor_reported_separately
100,54,9,false,false,false,false,true,false,false,false,true,1,true,true,physical_support_with_dark_floor_reported_separately
100,54,10,false,false,false,false,true,false,false,false,true,1,true,true,physical_support_with_dark_floor_reported_separately
100,54,11,false,false,false,false,true,false,false,false,true,1,true,true,physical_support_with_dark_floor_reported_separately
100,54,12,false,false,false,false,true,false,false,false,true,1,true,true,physical_support_with_dark_floor_reported_separately
100,54,13,false,false,false,false,true,false,false,false,true,1,true,true,physical_support_with_dark_floor_reported_separately
100,54,14,false,false,false,false,true,false,false,false,true,1,true,true,physical_support_with_dark_floor_reported_separately
100,54,15,false,false,false,false,true,false,false,false,true,1,true,true,physical_support_with_dark_floor_reported_separately
100,55,1,false,false,false,false,true,false,true,false,true,2,true,true,physical_support_with_dark_floor_reported_separately
100,55,2,false,false,false,false,true,false,true,false,true,2,true,true,physical_support_with_dark_floor_reported_separately
100,55,3,false,false,false,false,true,false,true,false,true,2,true,true,physical_support_with_dark_floor_reported_separately
100,55,4,false,false,false,false,true,false,true,false,true,2,true,true,physical_support_with_dark_floor_reported_separately
100,55,5,false,false,false,false,true,false,true,false,true,2,true,true,physical_support_with_dark_floor_reported_separately
100,55,6,false,false,false,false,true,false,true,false,true,2,true,true,physical_support_with_dark_floor_reported_separately
100,55,7,false,false,false,false,true,false,true,false,true,2,true,true,physical_support_with_dark_floor_reported_separately
100,55,8,false,false,false,false,true,false,true,false,true,2,true,true,physical_support_with_dark_floor_reported_separately
100,55,9,false,false,false,false,true,false,true,false,true,2,true,true,physical_support_with_dark_floor_reported_separately
100,55,10,false,false,false,false,true,false,true,false,true,2,true,true,physical_support_with_dark_floor_reported_separately
100,55,11,false,false,false,false,true,false,true,false,true,2,true,true,physical_support_with_dark_floor_reported_separately
100,55,12,false,false,false,false,true,false,true,false,true,2,true,true,physical_support_with_dark_floor_reported_separately
100,55,13,false,false,false,false,true,false,true,false,true,2,true,true,physical_support_with_dark_floor_reported_separately
100,55,14,false,false,false,false,true,false,true,false,true,2,true,true,physical_support_with_dark_floor_reported_separately
100,55,15,false,false,false,false,true,false,true,false,true,2,true,true,physical_support_with_dark_floor_reported_separately
100,56,1,false,false,false,false,false,false,false,false,false,0,true,true,physical_support_with_dark_floor_reported_separately
100,56,2,false,false,false,false,false,false,false,false,false,0,true,true,physical_support_with_dark_floor_reported_separately
100,56,3,false,false,false,false,false,false,false,false,false,0,true,true,physical_support_with_dark_floor_reported_separately
100,56,4,false,false,false,false,false,false,false,false,false,0,true,true,physical_support_with_dark_floor_reported_separately
100,56,5,false,false,false,false,false,false,false,false,false,0,true,true,physical_support_with_dark_floor_reported_separately
100,56,6,false,false,false,false,false,false,false,false,false,0,true,true,physical_support_with_dark_floor_reported_separately
100,56,7,false,false,false,false,false,false,false,false,false,0,true,true,physical_support_with_dark_floor_reported_separately
100,56,8,false,false,false,false,false,false,false,false,false,0,true,true,physical_support_with_dark_floor_reported_separately
100,56,9,false,false,false,false,false,false,false,false,false,0,true,true,physical_support_with_dark_floor_reported_separately
100,56,10,false,false,false,false,false,false,false,false,false,0,true,true,physical_support_with_dark_floor_reported_separately
100,56,11,false,false,false,false,false,false,false,false,false,0,true,true,physical_support_with_dark_floor_reported_separately
100,56,12,false,false,false,false,false,false,false,false,false,0,true,true,physical_support_with_dark_floor_reported_separately
100,56,13,false,false,false,false,false,false,false,false,false,0,true,true,physical_support_with_dark_floor_reported_separately
100,56,14,false,false,false,false,false,false,false,false,false,0,true,true,physical_support_with_dark_floor_reported_separately
100,56,15,false,false,false,false,false,false,false,false,false,0,true,true,physical_support_with_dark_floor_reported_separately
100,57,1,false,false,false,false,false,false,true,false,true,1,true,true,physical_support_with_dark_floor_reported_separately
100,57,2,false,false,false,false,false,false,true,false,true,1,true,true,physical_support_with_dark_floor_reported_separately
100,57,3,false,false,false,false,false,false,true,false,true,1,true,true,physical_support_with_dark_floor_reported_separately
100,57,4,false,false,false,false,false,false,true,false,true,1,true,true,physical_support_with_dark_floor_reported_separately
100,57,5,false,false,false,false,false,false,true,false,true,1,true,true,physical_support_with_dark_floor_reported_separately
100,57,6,false,false,false,false,false,false,true,false,true,1,true,true,physical_support_with_dark_floor_reported_separately
100,57,7,false,false,false,false,false,false,true,false,true,1,true,true,physical_support_with_dark_floor_reported_separately
100,57,8,false,false,false,false,false,false,true,false,true,1,true,true,physical_support_with_dark_floor_reported_separately
100,57,9,false,false,false,false,false,false,true,false,true,1,true,true,physical_support_with_dark_floor_reported_separately
100,57,10,false,false,false,false,false,false,true,false,true,1,true,true,physical_support_with_dark_floor_reported_separately
100,57,11,false,false,false,false,false,false,true,false,true,1,true,true,physical_support_with_dark_floor_reported_separately
100,57,12,false,false,false,false,false,false,true,false,true,1,true,true,physical_support_with_dark_floor_reported_separately
100,57,13,false,false,false,false,false,false,true,false,true,1,true,true,physical_support_with_dark_floor_reported_separately
100,57,14,false,false,false,false,false,false,true,false,true,1,true,true,physical_support_with_dark_floor_reported_separately
100,57,15,false,false,false,false,false,false,true,false,true,1,true,true,physical_support_with_dark_floor_reported_separately
100,58,1,false,false,false,false,false,false,true,false,true,1,true,true,physical_support_with_dark_floor_reported_separately
100,58,2,false,false,false,false,false,false,true,false,true,1,true,true,physical_support_with_dark_floor_reported_separately
100,58,3,false,false,false,false,false,false,true,false,true,1,true,true,physical_support_with_dark_floor_reported_separately
100,58,4,false,false,false,false,false,false,true,false,true,1,true,true,physical_support_with_dark_floor_reported_separately
100,58,5,false,false,false,false,false,false,true,false,true,1,true,true,physical_support_with_dark_floor_reported_separately
100,58,6,false,false,false,false,false,false,true,false,true,1,true,true,physical_support_with_dark_floor_reported_separately
100,58,7,false,false,false,false,false,false,true,false,true,1,true,true,physical_support_with_dark_floor_reported_separately
100,58,8,false,false,false,false,false,false,true,false,true,1,true,true,physical_support_with_dark_floor_reported_separately
100,58,9,false,false,false,false,false,false,true,false,true,1,true,true,physical_support_with_dark_floor_reported_separately
100,58,10,false,false,false,false,false,false,true,false,true,1,true,true,physical_support_with_dark_floor_reported_separately
100,58,11,false,false,false,false,false,false,true,false,true,1,true,true,physical_support_with_dark_floor_reported_separately
100,58,12,false,false,false,false,false,false,true,false,true,1,true,true,physical_support_with_dark_floor_reported_separately
100,58,13,false,false,false,false,false,false,true,false,true,1,true,true,physical_support_with_dark_floor_reported_separately
100,58,14,false,false,false,false,false,false,true,false,true,1,true,true,physical_support_with_dark_floor_reported_separately
100,58,15,false,false,false,false,false,false,true,false,true,1,true,true,physical_support_with_dark_floor_reported_separately
100,59,1,false,false,false,false,true,false,false,false,true,1,true,true,physical_support_with_dark_floor_reported_separately
100,59,2,false,false,false,false,true,false,false,false,true,1,true,true,physical_support_with_dark_floor_reported_separately
100,59,3,false,false,false,false,true,false,false,false,true,1,true,true,physical_support_with_dark_floor_reported_separately
100,59,4,false,false,false,false,true,false,false,false,true,1,true,true,physical_support_with_dark_floor_reported_separately
100,59,5,false,false,false,false,true,false,false,false,true,1,true,true,physical_support_with_dark_floor_reported_separately
100,59,6,false,false,false,false,true,false,false,false,true,1,true,true,physical_support_with_dark_floor_reported_separately
100,59,7,false,false,false,false,true,false,false,false,true,1,true,true,physical_support_with_dark_floor_reported_separately
100,59,8,false,false,false,false,true,false,false,false,true,1,true,true,physical_support_with_dark_floor_reported_separately
100,59,9,false,false,false,false,true,false,false,false,true,1,true,true,physical_support_with_dark_floor_reported_separately
100,59,10,false,false,false,false,true,false,false,false,true,1,true,true,physical_support_with_dark_floor_reported_separately
100,59,11,false,false,false,false,true,false,false,false,true,1,true,true,physical_support_with_dark_floor_reported_separately
100,59,12,false,false,false,false,true,false,false,false,true,1,true,true,physical_support_with_dark_floor_reported_separately
100,59,13,false,false,false,false,true,false,false,false,true,1,true,true,physical_support_with_dark_floor_reported_separately
100,59,14,false,false,false,false,true,false,false,false,true,1,true,true,physical_support_with_dark_floor_reported_separately
100,59,15,false,false,false,false,true,false,false,false,true,1,true,true,physical_support_with_dark_floor_reported_separately
100,60,1,false,false,false,false,true,false,false,false,true,1,true,true,physical_support_with_dark_floor_reported_separately
100,60,2,false,false,false,false,true,false,false,false,true,1,true,true,physical_support_with_dark_floor_reported_separately
100,60,3,false,false,false,false,true,false,false,false,true,1,true,true,physical_support_with_dark_floor_reported_separately
100,60,4,false,false,false,false,true,false,false,false,true,1,true,true,physical_support_with_dark_floor_reported_separately
100,60,5,false,false,false,false,true,false,false,false,true,1,true,true,physical_support_with_dark_floor_reported_separately
100,60,6,false,false,false,false,true,false,false,false,true,1,true,true,physical_support_with_dark_floor_reported_separately
100,60,7,false,false,false,false,true,false,false,false,true,1,true,true,physical_support_with_dark_floor_reported_separately
100,60,8,false,false,false,false,true,false,false,false,true,1,true,true,physical_support_with_dark_floor_reported_separately
100,60,9,false,false,false,false,true,false,false,false,true,1,true,true,physical_support_with_dark_floor_reported_separately
100,60,10,false,false,false,false,true,false,false,false,true,1,true,true,physical_support_with_dark_floor_reported_separately
100,60,11,false,false,false,false,true,false,false,false,true,1,true,true,physical_support_with_dark_floor_reported_separately
100,60,12,false,false,false,false,true,false,false,false,true,1,true,true,physical_support_with_dark_floor_reported_separately
100,60,13,false,false,false,false,true,false,false,false,true,1,true,true,physical_support_with_dark_floor_reported_separately
100,60,14,false,false,false,false,true,false,false,false,true,1,true,true,physical_support_with_dark_floor_reported_separately
100,60,15,false,false,false,false,true,false,false,false,true,1,true,true,physical_support_with_dark_floor_reported_separately
100,61,1,false,false,false,false,true,false,true,false,true,2,true,true,physical_support_with_dark_floor_reported_separately
100,61,2,false,false,false,false,true,false,true,false,true,2,true,true,physical_support_with_dark_floor_reported_separately
100,61,3,false,false,false,false,true,false,true,false,true,2,true,true,physical_support_with_dark_floor_reported_separately
100,61,4,false,false,false,false,true,false,true,false,true,2,true,true,physical_support_with_dark_floor_reported_separately
100,61,5,false,false,false,false,true,false,true,false,true,2,true,true,physical_support_with_dark_floor_reported_separately
100,61,6,false,false,false,false,true,false,true,false,true,2,true,true,physical_support_with_dark_floor_reported_separately
100,61,7,false,false,false,false,true,false,true,false,true,2,true,true,physical_support_with_dark_floor_reported_separately
100,61,8,false,false,false,false,true,false,true,false,true,2,true,true,physical_support_with_dark_floor_reported_separately
100,61,9,false,false,false,false,true,false,true,false,true,2,true,true,physical_support_with_dark_floor_reported_separately
100,61,10,false,false,false,false,true,false,true,false,true,2,true,true,physical_support_with_dark_floor_reported_separately
100,61,11,false,false,false,false,true,false,true,false,true,2,true,true,physical_support_with_dark_floor_reported_separately
100,61,12,false,false,false,false,true,false,true,false,true,2,true,true,physical_support_with_dark_floor_reported_separately
100,61,13,false,false,false,false,true,false,true,false,true,2,true,true,physical_support_with_dark_floor_reported_separately
100,61,14,false,false,false,false,true,false,true,false,true,2,true,true,physical_support_with_dark_floor_reported_separately
100,61,15,false,false,false,false,true,false,true,false,true,2,true,true,physical_support_with_dark_floor_reported_separately
100,62,1,false,false,false,false,true,false,false,false,true,1,true,true,physical_support_with_dark_floor_reported_separately
100,62,2,false,false,false,false,true,false,false,false,true,1,true,true,physical_support_with_dark_floor_reported_separately
100,62,3,false,false,false,false,true,false,false,false,true,1,true,true,physical_support_with_dark_floor_reported_separately
100,62,4,false,false,false,false,true,false,false,false,true,1,true,true,physical_support_with_dark_floor_reported_separately
100,62,5,false,false,false,false,true,false,false,false,true,1,true,true,physical_support_with_dark_floor_reported_separately
100,62,6,false,false,false,false,true,false,false,false,true,1,true,true,physical_support_with_dark_floor_reported_separately
100,62,7,false,false,false,false,true,false,false,false,true,1,true,true,physical_support_with_dark_floor_reported_separately
100,62,8,false,false,false,false,true,false,false,false,true,1,true,true,physical_support_with_dark_floor_reported_separately
100,62,9,false,false,false,false,true,false,false,false,true,1,true,true,physical_support_with_dark_floor_reported_separately
100,62,10,false,false,false,false,true,false,false,false,true,1,true,true,physical_support_with_dark_floor_reported_separately
100,62,11,false,false,false,false,true,false,false,false,true,1,true,true,physical_support_with_dark_floor_reported_separately
100,62,12,false,false,false,false,true,false,false,false,true,1,true,true,physical_support_with_dark_floor_reported_separately
100,62,13,false,false,false,false,true,false,false,false,true,1,true,true,physical_support_with_dark_floor_reported_separately
100,62,14,false,false,false,false,true,false,false,false,true,1,true,true,physical_support_with_dark_floor_reported_separately
100,62,15,false,false,false,false,true,false,false,false,true,1,true,true,physical_support_with_dark_floor_reported_separately
100,63,1,false,false,false,false,true,false,false,false,true,1,true,true,physical_support_with_dark_floor_reported_separately
100,63,2,false,false,false,false,true,false,false,false,true,1,true,true,physical_support_with_dark_floor_reported_separately
100,63,3,false,false,false,false,true,false,false,false,true,1,true,true,physical_support_with_dark_floor_reported_separately
100,63,4,false,false,false,false,true,false,false,false,true,1,true,true,physical_support_with_dark_floor_reported_separately
100,63,5,false,false,false,false,true,false,false,false,true,1,true,true,physical_support_with_dark_floor_reported_separately
100,63,6,false,false,false,false,true,false,false,false,true,1,true,true,physical_support_with_dark_floor_reported_separately
100,63,7,false,false,false,false,true,false,false,false,true,1,true,true,physical_support_with_dark_floor_reported_separately
100,63,8,false,false,false,false,true,false,false,false,true,1,true,true,physical_support_with_dark_floor_reported_separately
100,63,9,false,false,false,false,true,false,false,false,true,1,true,true,physical_support_with_dark_floor_reported_separately
100,63,10,false,false,false,false,true,false,false,false,true,1,true,true,physical_support_with_dark_floor_reported_separately
100,63,11,false,false,false,false,true,false,false,false,true,1,true,true,physical_support_with_dark_floor_reported_separately
100,63,12,false,false,false,false,true,false,false,false,true,1,true,true,physical_support_with_dark_floor_reported_separately
100,63,13,false,false,false,false,true,false,false,false,true,1,true,true,physical_support_with_dark_floor_reported_separately
100,63,14,false,false,false,false,true,false,false,false,true,1,true,true,physical_support_with_dark_floor_reported_separately
100,63,15,false,false,false,false,true,false,false,false,true,1,true,true,physical_support_with_dark_floor_reported_separately
150,0,1,false,false,false,false,true,false,false,false,true,1,true,true,physical_support_with_dark_floor_reported_separately
150,0,2,false,false,false,false,true,false,false,false,true,1,true,true,physical_support_with_dark_floor_reported_separately
150,0,3,false,false,false,false,true,false,false,false,true,1,true,true,physical_support_with_dark_floor_reported_separately
150,0,4,false,false,false,false,true,false,false,false,true,1,true,true,physical_support_with_dark_floor_reported_separately
150,0,5,false,false,false,false,true,false,false,false,true,1,true,true,physical_support_with_dark_floor_reported_separately
150,0,6,false,false,false,false,true,false,false,false,true,1,true,true,physical_support_with_dark_floor_reported_separately
150,0,7,false,false,false,false,true,false,false,false,true,1,true,true,physical_support_with_dark_floor_reported_separately
150,0,8,false,false,false,false,true,false,false,false,true,1,true,true,physical_support_with_dark_floor_reported_separately
150,0,9,false,false,false,false,true,false,false,false,true,1,true,true,physical_support_with_dark_floor_reported_separately
150,0,10,false,false,false,false,true,false,false,false,true,1,true,true,physical_support_with_dark_floor_reported_separately
150,0,11,false,false,false,false,true,false,false,false,true,1,true,true,physical_support_with_dark_floor_reported_separately
150,0,12,false,false,false,false,true,false,false,false,true,1,true,true,physical_support_with_dark_floor_reported_separately
150,0,13,false,false,false,false,true,false,false,false,true,1,true,true,physical_support_with_dark_floor_reported_separately
150,0,14,false,false,false,false,true,false,false,false,true,1,true,true,physical_support_with_dark_floor_reported_separately
150,0,15,false,false,false,false,true,false,false,false,true,1,true,true,physical_support_with_dark_floor_reported_separately
150,1,1,false,false,false,false,true,false,false,false,true,1,true,true,physical_support_with_dark_floor_reported_separately
150,1,2,false,false,false,false,true,false,false,false,true,1,true,true,physical_support_with_dark_floor_reported_separately
150,1,3,false,false,false,false,true,false,false,false,true,1,true,true,physical_support_with_dark_floor_reported_separately
150,1,4,false,false,false,false,true,false,false,false,true,1,true,true,physical_support_with_dark_floor_reported_separately
150,1,5,false,false,false,false,true,false,false,false,true,1,true,true,physical_support_with_dark_floor_reported_separately
150,1,6,false,false,false,false,true,false,false,false,true,1,true,true,physical_support_with_dark_floor_reported_separately
150,1,7,false,false,false,false,true,false,false,false,true,1,true,true,physical_support_with_dark_floor_reported_separately
150,1,8,false,false,false,false,true,false,false,false,true,1,true,true,physical_support_with_dark_floor_reported_separately
150,1,9,false,false,false,false,true,false,false,false,true,1,true,true,physical_support_with_dark_floor_reported_separately
150,1,10,false,false,false,false,true,false,false,false,true,1,true,true,physical_support_with_dark_floor_reported_separately
150,1,11,false,false,false,false,true,false,false,false,true,1,true,true,physical_support_with_dark_floor_reported_separately
150,1,12,false,false,false,false,true,false,false,false,true,1,true,true,physical_support_with_dark_floor_reported_separately
150,1,13,false,false,false,false,true,false,false,false,true,1,true,true,physical_support_with_dark_floor_reported_separately
150,1,14,false,false,false,false,true,false,false,false,true,1,true,true,physical_support_with_dark_floor_reported_separately
150,1,15,false,false,false,false,true,false,false,false,true,1,true,true,physical_support_with_dark_floor_reported_separately
150,2,1,false,false,false,false,false,false,true,false,true,1,true,true,physical_support_with_dark_floor_reported_separately
150,2,2,false,false,false,false,false,false,true,false,true,1,true,true,physical_support_with_dark_floor_reported_separately
150,2,3,false,false,false,false,false,false,true,false,true,1,true,true,physical_support_with_dark_floor_reported_separately
150,2,4,false,false,false,false,false,false,true,false,true,1,true,true,physical_support_with_dark_floor_reported_separately
150,2,5,false,false,false,false,false,false,true,false,true,1,true,true,physical_support_with_dark_floor_reported_separately
150,2,6,false,false,false,false,false,false,true,false,true,1,true,true,physical_support_with_dark_floor_reported_separately
150,2,7,false,false,false,false,false,false,true,false,true,1,true,true,physical_support_with_dark_floor_reported_separately
150,2,8,false,false,false,false,false,false,true,false,true,1,true,true,physical_support_with_dark_floor_reported_separately
150,2,9,false,false,false,false,false,false,true,false,true,1,true,true,physical_support_with_dark_floor_reported_separately
150,2,10,false,false,false,false,false,false,true,false,true,1,true,true,physical_support_with_dark_floor_reported_separately
150,2,11,false,false,false,false,false,false,true,false,true,1,true,true,physical_support_with_dark_floor_reported_separately
150,2,12,false,false,false,false,false,false,true,false,true,1,true,true,physical_support_with_dark_floor_reported_separately
150,2,13,false,false,false,false,false,false,true,false,true,1,true,true,physical_support_with_dark_floor_reported_separately
150,2,14,false,false,false,false,false,false,true,false,true,1,true,true,physical_support_with_dark_floor_reported_separately
150,2,15,false,false,false,false,false,false,true,false,true,1,true,true,physical_support_with_dark_floor_reported_separately
150,3,1,false,false,false,false,true,false,false,false,true,1,true,true,physical_support_with_dark_floor_reported_separately
150,3,2,false,false,false,false,true,false,false,false,true,1,true,true,physical_support_with_dark_floor_reported_separately
150,3,3,false,false,false,false,true,false,false,false,true,1,true,true,physical_support_with_dark_floor_reported_separately
150,3,4,false,false,false,false,true,false,false,false,true,1,true,true,physical_support_with_dark_floor_reported_separately
150,3,5,false,false,false,false,true,false,false,false,true,1,true,true,physical_support_with_dark_floor_reported_separately
150,3,6,false,false,false,false,true,false,false,false,true,1,true,true,physical_support_with_dark_floor_reported_separately
150,3,7,false,false,false,false,true,false,false,false,true,1,true,true,physical_support_with_dark_floor_reported_separately
150,3,8,false,false,false,false,true,false,false,false,true,1,true,true,physical_support_with_dark_floor_reported_separately
150,3,9,false,false,false,false,true,false,false,false,true,1,true,true,physical_support_with_dark_floor_reported_separately
150,3,10,false,false,false,false,true,false,false,false,true,1,true,true,physical_support_with_dark_floor_reported_separately
150,3,11,false,false,false,false,true,false,false,false,true,1,true,true,physical_support_with_dark_floor_reported_separately
150,3,12,false,false,false,false,true,false,false,false,true,1,true,true,physical_support_with_dark_floor_reported_separately
150,3,13,false,false,false,false,true,false,false,false,true,1,true,true,physical_support_with_dark_floor_reported_separately
150,3,14,false,false,false,false,true,false,false,false,true,1,true,true,physical_support_with_dark_floor_reported_separately
150,3,15,false,false,false,false,true,false,false,false,true,1,true,true,physical_support_with_dark_floor_reported_separately
150,4,1,false,false,false,false,false,false,true,false,true,1,true,true,physical_support_with_dark_floor_reported_separately
150,4,2,false,false,false,false,false,false,true,false,true,1,true,true,physical_support_with_dark_floor_reported_separately
150,4,3,false,false,false,false,false,false,true,false,true,1,true,true,physical_support_with_dark_floor_reported_separately
150,4,4,false,false,false,false,false,false,true,false,true,1,true,true,physical_support_with_dark_floor_reported_separately
150,4,5,false,false,false,false,false,false,true,false,true,1,true,true,physical_support_with_dark_floor_reported_separately
150,4,6,false,false,false,false,false,false,true,false,true,1,true,true,physical_support_with_dark_floor_reported_separately
150,4,7,false,false,false,false,false,false,true,false,true,1,true,true,physical_support_with_dark_floor_reported_separately
150,4,8,false,false,false,false,false,false,true,false,true,1,true,true,physical_support_with_dark_floor_reported_separately
150,4,9,false,false,false,false,false,false,true,false,true,1,true,true,physical_support_with_dark_floor_reported_separately
150,4,10,false,false,false,false,false,false,true,false,true,1,true,true,physical_support_with_dark_floor_reported_separately
150,4,11,false,false,false,false,false,false,true,false,true,1,true,true,physical_support_with_dark_floor_reported_separately
150,4,12,false,false,false,false,false,false,true,false,true,1,true,true,physical_support_with_dark_floor_reported_separately
150,4,13,false,false,false,false,false,false,true,false,true,1,true,true,physical_support_with_dark_floor_reported_separately
150,4,14,false,false,false,false,false,false,true,false,true,1,true,true,physical_support_with_dark_floor_reported_separately
150,4,15,false,false,false,false,false,false,true,false,true,1,true,true,physical_support_with_dark_floor_reported_separately
150,5,1,false,false,false,false,false,false,false,false,false,0,true,true,physical_support_with_dark_floor_reported_separately
150,5,2,false,false,false,false,false,false,false,false,false,0,true,true,physical_support_with_dark_floor_reported_separately
150,5,3,false,false,false,false,false,false,false,false,false,0,true,true,physical_support_with_dark_floor_reported_separately
150,5,4,false,false,false,false,false,false,false,false,false,0,true,true,physical_support_with_dark_floor_reported_separately
150,5,5,false,false,false,false,false,false,false,false,false,0,true,true,physical_support_with_dark_floor_reported_separately
150,5,6,false,false,false,false,false,false,false,false,false,0,true,true,physical_support_with_dark_floor_reported_separately
150,5,7,false,false,false,false,false,false,false,false,false,0,true,true,physical_support_with_dark_floor_reported_separately
150,5,8,false,false,false,false,false,false,false,false,false,0,true,true,physical_support_with_dark_floor_reported_separately
150,5,9,false,false,false,false,false,false,false,false,false,0,true,true,physical_support_with_dark_floor_reported_separately
150,5,10,false,false,false,false,false,false,false,false,false,0,true,true,physical_support_with_dark_floor_reported_separately
150,5,11,false,false,false,false,false,false,false,false,false,0,true,true,physical_support_with_dark_floor_reported_separately
150,5,12,false,false,false,false,false,false,false,false,false,0,true,true,physical_support_with_dark_floor_reported_separately
150,5,13,false,false,false,false,false,false,false,false,false,0,true,true,physical_support_with_dark_floor_reported_separately
150,5,14,false,false,false,false,false,false,false,false,false,0,true,true,physical_support_with_dark_floor_reported_separately
150,5,15,false,false,false,false,false,false,false,false,false,0,true,true,physical_support_with_dark_floor_reported_separately
150,6,1,false,false,false,false,false,false,true,false,true,1,true,true,physical_support_with_dark_floor_reported_separately
150,6,2,false,false,false,false,false,false,true,false,true,1,true,true,physical_support_with_dark_floor_reported_separately
150,6,3,false,false,false,false,false,false,true,false,true,1,true,true,physical_support_with_dark_floor_reported_separately
150,6,4,false,false,false,false,false,false,true,false,true,1,true,true,physical_support_with_dark_floor_reported_separately
150,6,5,false,false,false,false,false,false,true,false,true,1,true,true,physical_support_with_dark_floor_reported_separately
150,6,6,false,false,false,false,false,false,true,false,true,1,true,true,physical_support_with_dark_floor_reported_separately
150,6,7,false,false,false,false,false,false,true,false,true,1,true,true,physical_support_with_dark_floor_reported_separately
150,6,8,false,false,false,false,false,false,true,false,true,1,true,true,physical_support_with_dark_floor_reported_separately
150,6,9,false,false,false,false,false,false,true,false,true,1,true,true,physical_support_with_dark_floor_reported_separately
150,6,10,false,false,false,false,false,false,true,false,true,1,true,true,physical_support_with_dark_floor_reported_separately
150,6,11,false,false,false,false,false,false,true,false,true,1,true,true,physical_support_with_dark_floor_reported_separately
150,6,12,false,false,false,false,false,false,true,false,true,1,true,true,physical_support_with_dark_floor_reported_separately
150,6,13,false,false,false,false,false,false,true,false,true,1,true,true,physical_support_with_dark_floor_reported_separately
150,6,14,false,false,false,false,false,false,true,false,true,1,true,true,physical_support_with_dark_floor_reported_separately
150,6,15,false,false,false,false,false,false,true,false,true,1,true,true,physical_support_with_dark_floor_reported_separately
150,7,1,false,false,false,false,false,false,false,false,false,0,true,true,physical_support_with_dark_floor_reported_separately
150,7,2,false,false,false,false,false,false,false,false,false,0,true,true,physical_support_with_dark_floor_reported_separately
150,7,3,false,false,false,false,false,false,false,false,false,0,true,true,physical_support_with_dark_floor_reported_separately
150,7,4,false,false,false,false,false,false,false,false,false,0,true,true,physical_support_with_dark_floor_reported_separately
150,7,5,false,false,false,false,false,false,false,false,false,0,true,true,physical_support_with_dark_floor_reported_separately
150,7,6,false,false,false,false,false,false,false,false,false,0,true,true,physical_support_with_dark_floor_reported_separately
150,7,7,false,false,false,false,false,false,false,false,false,0,true,true,physical_support_with_dark_floor_reported_separately
150,7,8,false,false,false,false,false,false,false,false,false,0,true,true,physical_support_with_dark_floor_reported_separately
150,7,9,false,false,false,false,false,false,false,false,false,0,true,true,physical_support_with_dark_floor_reported_separately
150,7,10,false,false,false,false,false,false,false,false,false,0,true,true,physical_support_with_dark_floor_reported_separately
150,7,11,false,false,false,false,false,false,false,false,false,0,true,true,physical_support_with_dark_floor_reported_separately
150,7,12,false,false,false,false,false,false,false,false,false,0,true,true,physical_support_with_dark_floor_reported_separately
150,7,13,false,false,false,false,false,false,false,false,false,0,true,true,physical_support_with_dark_floor_reported_separately
150,7,14,false,false,false,false,false,false,false,false,false,0,true,true,physical_support_with_dark_floor_reported_separately
150,7,15,false,false,false,false,false,false,false,false,false,0,true,true,physical_support_with_dark_floor_reported_separately
150,8,1,false,false,false,false,false,false,true,false,true,1,true,true,physical_support_with_dark_floor_reported_separately
150,8,2,false,false,false,false,false,false,true,false,true,1,true,true,physical_support_with_dark_floor_reported_separately
150,8,3,false,false,false,false,false,false,true,false,true,1,true,true,physical_support_with_dark_floor_reported_separately
150,8,4,false,false,false,false,false,false,true,false,true,1,true,true,physical_support_with_dark_floor_reported_separately
150,8,5,false,false,false,false,false,false,true,false,true,1,true,true,physical_support_with_dark_floor_reported_separately
150,8,6,false,false,false,false,false,false,true,false,true,1,true,true,physical_support_with_dark_floor_reported_separately
150,8,7,false,false,false,false,false,false,true,false,true,1,true,true,physical_support_with_dark_floor_reported_separately
150,8,8,false,false,false,false,false,false,true,false,true,1,true,true,physical_support_with_dark_floor_reported_separately
150,8,9,false,false,false,false,false,false,true,false,true,1,true,true,physical_support_with_dark_floor_reported_separately
150,8,10,false,false,false,false,false,false,true,false,true,1,true,true,physical_support_with_dark_floor_reported_separately
150,8,11,false,false,false,false,false,false,true,false,true,1,true,true,physical_support_with_dark_floor_reported_separately
150,8,12,false,false,false,false,false,false,true,false,true,1,true,true,physical_support_with_dark_floor_reported_separately
150,8,13,false,false,false,false,false,false,true,false,true,1,true,true,physical_support_with_dark_floor_reported_separately
150,8,14,false,false,false,false,false,false,true,false,true,1,true,true,physical_support_with_dark_floor_reported_separately
150,8,15,false,false,false,false,false,false,true,false,true,1,true,true,physical_support_with_dark_floor_reported_separately
150,9,1,false,false,false,false,false,false,false,false,false,0,true,true,physical_support_with_dark_floor_reported_separately
150,9,2,false,false,false,false,false,false,false,false,false,0,true,true,physical_support_with_dark_floor_reported_separately
150,9,3,false,false,false,false,false,false,false,false,false,0,true,true,physical_support_with_dark_floor_reported_separately
150,9,4,false,false,false,false,false,false,false,false,false,0,true,true,physical_support_with_dark_floor_reported_separately
150,9,5,false,false,false,false,false,false,false,false,false,0,true,true,physical_support_with_dark_floor_reported_separately
150,9,6,false,false,false,false,false,false,false,false,false,0,true,true,physical_support_with_dark_floor_reported_separately
150,9,7,false,false,false,false,false,false,false,false,false,0,true,true,physical_support_with_dark_floor_reported_separately
150,9,8,false,false,false,false,false,false,false,false,false,0,true,true,physical_support_with_dark_floor_reported_separately
150,9,9,false,false,false,false,false,false,false,false,false,0,true,true,physical_support_with_dark_floor_reported_separately
150,9,10,false,false,false,false,false,false,false,false,false,0,true,true,physical_support_with_dark_floor_reported_separately
150,9,11,false,false,false,false,false,false,false,false,false,0,true,true,physical_support_with_dark_floor_reported_separately
150,9,12,false,false,false,false,false,false,false,false,false,0,true,true,physical_support_with_dark_floor_reported_separately
150,9,13,false,false,false,false,false,false,false,false,false,0,true,true,physical_support_with_dark_floor_reported_separately
150,9,14,false,false,false,false,false,false,false,false,false,0,true,true,physical_support_with_dark_floor_reported_separately
150,9,15,false,false,false,false,false,false,false,false,false,0,true,true,physical_support_with_dark_floor_reported_separately
150,10,1,false,false,false,false,true,false,true,false,true,2,true,true,physical_support_with_dark_floor_reported_separately
150,10,2,false,false,false,false,true,false,true,false,true,2,true,true,physical_support_with_dark_floor_reported_separately
150,10,3,false,false,false,false,true,false,true,false,true,2,true,true,physical_support_with_dark_floor_reported_separately
150,10,4,false,false,false,false,true,false,true,false,true,2,true,true,physical_support_with_dark_floor_reported_separately
150,10,5,false,false,false,false,true,false,true,false,true,2,true,true,physical_support_with_dark_floor_reported_separately
150,10,6,false,false,false,false,true,false,true,false,true,2,true,true,physical_support_with_dark_floor_reported_separately
150,10,7,false,false,false,false,true,false,true,false,true,2,true,true,physical_support_with_dark_floor_reported_separately
150,10,8,false,false,false,false,true,false,true,false,true,2,true,true,physical_support_with_dark_floor_reported_separately
150,10,9,false,false,false,false,true,false,true,false,true,2,true,true,physical_support_with_dark_floor_reported_separately
150,10,10,false,false,false,false,true,false,true,false,true,2,true,true,physical_support_with_dark_floor_reported_separately
150,10,11,false,false,false,false,true,false,true,false,true,2,true,true,physical_support_with_dark_floor_reported_separately
150,10,12,false,false,false,false,true,false,true,false,true,2,true,true,physical_support_with_dark_floor_reported_separately
150,10,13,false,false,false,false,true,false,true,false,true,2,true,true,physical_support_with_dark_floor_reported_separately
150,10,14,false,false,false,false,true,false,true,false,true,2,true,true,physical_support_with_dark_floor_reported_separately
150,10,15,false,false,false,false,true,false,true,false,true,2,true,true,physical_support_with_dark_floor_reported_separately
150,11,1,false,false,false,false,true,false,false,false,true,1,true,true,physical_support_with_dark_floor_reported_separately
150,11,2,false,false,false,false,true,false,false,false,true,1,true,true,physical_support_with_dark_floor_reported_separately
150,11,3,false,false,false,false,true,false,false,false,true,1,true,true,physical_support_with_dark_floor_reported_separately
150,11,4,false,false,false,false,true,false,false,false,true,1,true,true,physical_support_with_dark_floor_reported_separately
150,11,5,false,false,false,false,true,false,false,false,true,1,true,true,physical_support_with_dark_floor_reported_separately
150,11,6,false,false,false,false,true,false,false,false,true,1,true,true,physical_support_with_dark_floor_reported_separately
150,11,7,false,false,false,false,true,false,false,false,true,1,true,true,physical_support_with_dark_floor_reported_separately
150,11,8,false,false,false,false,true,false,false,false,true,1,true,true,physical_support_with_dark_floor_reported_separately
150,11,9,false,false,false,false,true,false,false,false,true,1,true,true,physical_support_with_dark_floor_reported_separately
150,11,10,false,false,false,false,true,false,false,false,true,1,true,true,physical_support_with_dark_floor_reported_separately
150,11,11,false,false,false,false,true,false,false,false,true,1,true,true,physical_support_with_dark_floor_reported_separately
150,11,12,false,false,false,false,true,false,false,false,true,1,true,true,physical_support_with_dark_floor_reported_separately
150,11,13,false,false,false,false,true,false,false,false,true,1,true,true,physical_support_with_dark_floor_reported_separately
150,11,14,false,false,false,false,true,false,false,false,true,1,true,true,physical_support_with_dark_floor_reported_separately
150,11,15,false,false,false,false,true,false,false,false,true,1,true,true,physical_support_with_dark_floor_reported_separately
150,12,1,false,false,false,false,false,false,true,false,true,1,true,true,physical_support_with_dark_floor_reported_separately
150,12,2,false,false,false,false,false,false,true,false,true,1,true,true,physical_support_with_dark_floor_reported_separately
150,12,3,false,false,false,false,false,false,true,false,true,1,true,true,physical_support_with_dark_floor_reported_separately
150,12,4,false,false,false,false,false,false,true,false,true,1,true,true,physical_support_with_dark_floor_reported_separately
150,12,5,false,false,false,false,false,false,true,false,true,1,true,true,physical_support_with_dark_floor_reported_separately
150,12,6,false,false,false,false,false,false,true,false,true,1,true,true,physical_support_with_dark_floor_reported_separately
150,12,7,false,false,false,false,false,false,true,false,true,1,true,true,physical_support_with_dark_floor_reported_separately
150,12,8,false,false,false,false,false,false,true,false,true,1,true,true,physical_support_with_dark_floor_reported_separately
150,12,9,false,false,false,false,false,false,true,false,true,1,true,true,physical_support_with_dark_floor_reported_separately
150,12,10,false,false,false,false,false,false,true,false,true,1,true,true,physical_support_with_dark_floor_reported_separately
150,12,11,false,false,false,false,false,false,true,false,true,1,true,true,physical_support_with_dark_floor_reported_separately
150,12,12,false,false,false,false,false,false,true,false,true,1,true,true,physical_support_with_dark_floor_reported_separately
150,12,13,false,false,false,false,false,false,true,false,true,1,true,true,physical_support_with_dark_floor_reported_separately
150,12,14,false,false,false,false,false,false,true,false,true,1,true,true,physical_support_with_dark_floor_reported_separately
150,12,15,false,false,false,false,false,false,true,false,true,1,true,true,physical_support_with_dark_floor_reported_separately
150,13,1,false,false,false,false,false,false,false,false,false,0,true,true,physical_support_with_dark_floor_reported_separately
150,13,2,false,false,false,false,false,false,false,false,false,0,true,true,physical_support_with_dark_floor_reported_separately
150,13,3,false,false,false,false,false,false,false,false,false,0,true,true,physical_support_with_dark_floor_reported_separately
150,13,4,false,false,false,false,false,false,false,false,false,0,true,true,physical_support_with_dark_floor_reported_separately
150,13,5,false,false,false,false,false,false,false,false,false,0,true,true,physical_support_with_dark_floor_reported_separately
150,13,6,false,false,false,false,false,false,false,false,false,0,true,true,physical_support_with_dark_floor_reported_separately
150,13,7,false,false,false,false,false,false,false,false,false,0,true,true,physical_support_with_dark_floor_reported_separately
150,13,8,false,false,false,false,false,false,false,false,false,0,true,true,physical_support_with_dark_floor_reported_separately
150,13,9,false,false,false,false,false,false,false,false,false,0,true,true,physical_support_with_dark_floor_reported_separately
150,13,10,false,false,false,false,false,false,false,false,false,0,true,true,physical_support_with_dark_floor_reported_separately
150,13,11,false,false,false,false,false,false,false,false,false,0,true,true,physical_support_with_dark_floor_reported_separately
150,13,12,false,false,false,false,false,false,false,false,false,0,true,true,physical_support_with_dark_floor_reported_separately
150,13,13,false,false,false,false,false,false,false,false,false,0,true,true,physical_support_with_dark_floor_reported_separately
150,13,14,false,false,false,false,false,false,false,false,false,0,true,true,physical_support_with_dark_floor_reported_separately
150,13,15,false,false,false,false,false,false,false,false,false,0,true,true,physical_support_with_dark_floor_reported_separately
150,14,1,false,false,false,false,true,false,false,false,true,1,true,true,physical_support_with_dark_floor_reported_separately
150,14,2,false,false,false,false,true,false,false,false,true,1,true,true,physical_support_with_dark_floor_reported_separately
150,14,3,false,false,false,false,true,false,false,false,true,1,true,true,physical_support_with_dark_floor_reported_separately
150,14,4,false,false,false,false,true,false,false,false,true,1,true,true,physical_support_with_dark_floor_reported_separately
150,14,5,false,false,false,false,true,false,false,false,true,1,true,true,physical_support_with_dark_floor_reported_separately
150,14,6,false,false,false,false,true,false,false,false,true,1,true,true,physical_support_with_dark_floor_reported_separately
150,14,7,false,false,false,false,true,false,false,false,true,1,true,true,physical_support_with_dark_floor_reported_separately
150,14,8,false,false,false,false,true,false,false,false,true,1,true,true,physical_support_with_dark_floor_reported_separately
150,14,9,false,false,false,false,true,false,false,false,true,1,true,true,physical_support_with_dark_floor_reported_separately
150,14,10,false,false,false,false,true,false,false,false,true,1,true,true,physical_support_with_dark_floor_reported_separately
150,14,11,false,false,false,false,true,false,false,false,true,1,true,true,physical_support_with_dark_floor_reported_separately
150,14,12,false,false,false,false,true,false,false,false,true,1,true,true,physical_support_with_dark_floor_reported_separately
150,14,13,false,false,false,false,true,false,false,false,true,1,true,true,physical_support_with_dark_floor_reported_separately
150,14,14,false,false,false,false,true,false,false,false,true,1,true,true,physical_support_with_dark_floor_reported_separately
150,14,15,false,false,false,false,true,false,false,false,true,1,true,true,physical_support_with_dark_floor_reported_separately
150,15,1,false,false,false,false,false,false,false,false,false,0,true,true,physical_support_with_dark_floor_reported_separately
150,15,2,false,false,false,false,false,false,false,false,false,0,true,true,physical_support_with_dark_floor_reported_separately
150,15,3,false,false,false,false,false,false,false,false,false,0,true,true,physical_support_with_dark_floor_reported_separately
150,15,4,false,false,false,false,false,false,false,false,false,0,true,true,physical_support_with_dark_floor_reported_separately
150,15,5,false,false,false,false,false,false,false,false,false,0,true,true,physical_support_with_dark_floor_reported_separately
150,15,6,false,false,false,false,false,false,false,false,false,0,true,true,physical_support_with_dark_floor_reported_separately
150,15,7,false,false,false,false,false,false,false,false,false,0,true,true,physical_support_with_dark_floor_reported_separately
150,15,8,false,false,false,false,false,false,false,false,false,0,true,true,physical_support_with_dark_floor_reported_separately
150,15,9,false,false,false,false,false,false,false,false,false,0,true,true,physical_support_with_dark_floor_reported_separately
150,15,10,false,false,false,false,false,false,false,false,false,0,true,true,physical_support_with_dark_floor_reported_separately
150,15,11,false,false,false,false,false,false,false,false,false,0,true,true,physical_support_with_dark_floor_reported_separately
150,15,12,false,false,false,false,false,false,false,false,false,0,true,true,physical_support_with_dark_floor_reported_separately
150,15,13,false,false,false,false,false,false,false,false,false,0,true,true,physical_support_with_dark_floor_reported_separately
150,15,14,false,false,false,false,false,false,false,false,false,0,true,true,physical_support_with_dark_floor_reported_separately
150,15,15,false,false,false,false,false,false,false,false,false,0,true,true,physical_support_with_dark_floor_reported_separately
150,16,1,false,false,false,false,true,false,true,false,true,2,true,true,physical_support_with_dark_floor_reported_separately
150,16,2,false,false,false,false,true,false,true,false,true,2,true,true,physical_support_with_dark_floor_reported_separately
150,16,3,false,false,false,false,true,false,true,false,true,2,true,true,physical_support_with_dark_floor_reported_separately
150,16,4,false,false,false,false,true,false,true,false,true,2,true,true,physical_support_with_dark_floor_reported_separately
150,16,5,false,false,false,false,true,false,true,false,true,2,true,true,physical_support_with_dark_floor_reported_separately
150,16,6,false,false,false,false,true,false,true,false,true,2,true,true,physical_support_with_dark_floor_reported_separately
150,16,7,false,false,false,false,true,false,true,false,true,2,true,true,physical_support_with_dark_floor_reported_separately
150,16,8,false,false,false,false,true,false,true,false,true,2,true,true,physical_support_with_dark_floor_reported_separately
150,16,9,false,false,false,false,true,false,true,false,true,2,true,true,physical_support_with_dark_floor_reported_separately
150,16,10,false,false,false,false,true,false,true,false,true,2,true,true,physical_support_with_dark_floor_reported_separately
150,16,11,false,false,false,false,true,false,true,false,true,2,true,true,physical_support_with_dark_floor_reported_separately
150,16,12,false,false,false,false,true,false,true,false,true,2,true,true,physical_support_with_dark_floor_reported_separately
150,16,13,false,false,false,false,true,false,true,false,true,2,true,true,physical_support_with_dark_floor_reported_separately
150,16,14,false,false,false,false,true,false,true,false,true,2,true,true,physical_support_with_dark_floor_reported_separately
150,16,15,false,false,false,false,true,false,true,false,true,2,true,true,physical_support_with_dark_floor_reported_separately
150,17,1,false,false,false,false,false,false,false,false,false,0,true,true,physical_support_with_dark_floor_reported_separately
150,17,2,false,false,false,false,false,false,false,false,false,0,true,true,physical_support_with_dark_floor_reported_separately
150,17,3,false,false,false,false,false,false,false,false,false,0,true,true,physical_support_with_dark_floor_reported_separately
150,17,4,false,false,false,false,false,false,false,false,false,0,true,true,physical_support_with_dark_floor_reported_separately
150,17,5,false,false,false,false,false,false,false,false,false,0,true,true,physical_support_with_dark_floor_reported_separately
150,17,6,false,false,false,false,false,false,false,false,false,0,true,true,physical_support_with_dark_floor_reported_separately
150,17,7,false,false,false,false,false,false,false,false,false,0,true,true,physical_support_with_dark_floor_reported_separately
150,17,8,false,false,false,false,false,false,false,false,false,0,true,true,physical_support_with_dark_floor_reported_separately
150,17,9,false,false,false,false,false,false,false,false,false,0,true,true,physical_support_with_dark_floor_reported_separately
150,17,10,false,false,false,false,false,false,false,false,false,0,true,true,physical_support_with_dark_floor_reported_separately
150,17,11,false,false,false,false,false,false,false,false,false,0,true,true,physical_support_with_dark_floor_reported_separately
150,17,12,false,false,false,false,false,false,false,false,false,0,true,true,physical_support_with_dark_floor_reported_separately
150,17,13,false,false,false,false,false,false,false,false,false,0,true,true,physical_support_with_dark_floor_reported_separately
150,17,14,false,false,false,false,false,false,false,false,false,0,true,true,physical_support_with_dark_floor_reported_separately
150,17,15,false,false,false,false,false,false,false,false,false,0,true,true,physical_support_with_dark_floor_reported_separately
150,18,1,false,false,false,false,false,false,false,false,false,0,true,true,physical_support_with_dark_floor_reported_separately
150,18,2,false,false,false,false,false,false,false,false,false,0,true,true,physical_support_with_dark_floor_reported_separately
150,18,3,false,false,false,false,false,false,false,false,false,0,true,true,physical_support_with_dark_floor_reported_separately
150,18,4,false,false,false,false,false,false,false,false,false,0,true,true,physical_support_with_dark_floor_reported_separately
150,18,5,false,false,false,false,false,false,false,false,false,0,true,true,physical_support_with_dark_floor_reported_separately
150,18,6,false,false,false,false,false,false,false,false,false,0,true,true,physical_support_with_dark_floor_reported_separately
150,18,7,false,false,false,false,false,false,false,false,false,0,true,true,physical_support_with_dark_floor_reported_separately
150,18,8,false,false,false,false,false,false,false,false,false,0,true,true,physical_support_with_dark_floor_reported_separately
150,18,9,false,false,false,false,false,false,false,false,false,0,true,true,physical_support_with_dark_floor_reported_separately
150,18,10,false,false,false,false,false,false,false,false,false,0,true,true,physical_support_with_dark_floor_reported_separately
150,18,11,false,false,false,false,false,false,false,false,false,0,true,true,physical_support_with_dark_floor_reported_separately
150,18,12,false,false,false,false,false,false,false,false,false,0,true,true,physical_support_with_dark_floor_reported_separately
150,18,13,false,false,false,false,false,false,false,false,false,0,true,true,physical_support_with_dark_floor_reported_separately
150,18,14,false,false,false,false,false,false,false,false,false,0,true,true,physical_support_with_dark_floor_reported_separately
150,18,15,false,false,false,false,false,false,false,false,false,0,true,true,physical_support_with_dark_floor_reported_separately
150,19,1,false,false,false,false,true,false,true,false,true,2,true,true,physical_support_with_dark_floor_reported_separately
150,19,2,false,false,false,false,true,false,true,false,true,2,true,true,physical_support_with_dark_floor_reported_separately
150,19,3,false,false,false,false,true,false,true,false,true,2,true,true,physical_support_with_dark_floor_reported_separately
150,19,4,false,false,false,false,true,false,true,false,true,2,true,true,physical_support_with_dark_floor_reported_separately
150,19,5,false,false,false,false,true,false,true,false,true,2,true,true,physical_support_with_dark_floor_reported_separately
150,19,6,false,false,false,false,true,false,true,false,true,2,true,true,physical_support_with_dark_floor_reported_separately
150,19,7,false,false,false,false,true,false,true,false,true,2,true,true,physical_support_with_dark_floor_reported_separately
150,19,8,false,false,false,false,true,false,true,false,true,2,true,true,physical_support_with_dark_floor_reported_separately
150,19,9,false,false,false,false,true,false,true,false,true,2,true,true,physical_support_with_dark_floor_reported_separately
150,19,10,false,false,false,false,true,false,true,false,true,2,true,true,physical_support_with_dark_floor_reported_separately
150,19,11,false,false,false,false,true,false,true,false,true,2,true,true,physical_support_with_dark_floor_reported_separately
150,19,12,false,false,false,false,true,false,true,false,true,2,true,true,physical_support_with_dark_floor_reported_separately
150,19,13,false,false,false,false,true,false,true,false,true,2,true,true,physical_support_with_dark_floor_reported_separately
150,19,14,false,false,false,false,true,false,true,false,true,2,true,true,physical_support_with_dark_floor_reported_separately
150,19,15,false,false,false,false,true,false,true,false,true,2,true,true,physical_support_with_dark_floor_reported_separately
150,20,1,false,false,false,false,true,false,false,false,true,1,true,true,physical_support_with_dark_floor_reported_separately
150,20,2,false,false,false,false,true,false,false,false,true,1,true,true,physical_support_with_dark_floor_reported_separately
150,20,3,false,false,false,false,true,false,false,false,true,1,true,true,physical_support_with_dark_floor_reported_separately
150,20,4,false,false,false,false,true,false,false,false,true,1,true,true,physical_support_with_dark_floor_reported_separately
150,20,5,false,false,false,false,true,false,false,false,true,1,true,true,physical_support_with_dark_floor_reported_separately
150,20,6,false,false,false,false,true,false,false,false,true,1,true,true,physical_support_with_dark_floor_reported_separately
150,20,7,false,false,false,false,true,false,false,false,true,1,true,true,physical_support_with_dark_floor_reported_separately
150,20,8,false,false,false,false,true,false,false,false,true,1,true,true,physical_support_with_dark_floor_reported_separately
150,20,9,false,false,false,false,true,false,false,false,true,1,true,true,physical_support_with_dark_floor_reported_separately
150,20,10,false,false,false,false,true,false,false,false,true,1,true,true,physical_support_with_dark_floor_reported_separately
150,20,11,false,false,false,false,true,false,false,false,true,1,true,true,physical_support_with_dark_floor_reported_separately
150,20,12,false,false,false,false,true,false,false,false,true,1,true,true,physical_support_with_dark_floor_reported_separately
150,20,13,false,false,false,false,true,false,false,false,true,1,true,true,physical_support_with_dark_floor_reported_separately
150,20,14,false,false,false,false,true,false,false,false,true,1,true,true,physical_support_with_dark_floor_reported_separately
150,20,15,false,false,false,false,true,false,false,false,true,1,true,true,physical_support_with_dark_floor_reported_separately
150,21,1,false,false,false,false,true,false,true,false,true,2,true,true,physical_support_with_dark_floor_reported_separately
150,21,2,false,false,false,false,true,false,true,false,true,2,true,true,physical_support_with_dark_floor_reported_separately
150,21,3,false,false,false,false,true,false,true,false,true,2,true,true,physical_support_with_dark_floor_reported_separately
150,21,4,false,false,false,false,true,false,true,false,true,2,true,true,physical_support_with_dark_floor_reported_separately
150,21,5,false,false,false,false,true,false,true,false,true,2,true,true,physical_support_with_dark_floor_reported_separately
150,21,6,false,false,false,false,true,false,true,false,true,2,true,true,physical_support_with_dark_floor_reported_separately
150,21,7,false,false,false,false,true,false,true,false,true,2,true,true,physical_support_with_dark_floor_reported_separately
150,21,8,false,false,false,false,true,false,true,false,true,2,true,true,physical_support_with_dark_floor_reported_separately
150,21,9,false,false,false,false,true,false,true,false,true,2,true,true,physical_support_with_dark_floor_reported_separately
150,21,10,false,false,false,false,true,false,true,false,true,2,true,true,physical_support_with_dark_floor_reported_separately
150,21,11,false,false,false,false,true,false,true,false,true,2,true,true,physical_support_with_dark_floor_reported_separately
150,21,12,false,false,false,false,true,false,true,false,true,2,true,true,physical_support_with_dark_floor_reported_separately
150,21,13,false,false,false,false,true,false,true,false,true,2,true,true,physical_support_with_dark_floor_reported_separately
150,21,14,false,false,false,false,true,false,true,false,true,2,true,true,physical_support_with_dark_floor_reported_separately
150,21,15,false,false,false,false,true,false,true,false,true,2,true,true,physical_support_with_dark_floor_reported_separately
150,22,1,false,false,false,false,false,false,false,false,false,0,true,true,physical_support_with_dark_floor_reported_separately
150,22,2,false,false,false,false,false,false,false,false,false,0,true,true,physical_support_with_dark_floor_reported_separately
150,22,3,false,false,false,false,false,false,false,false,false,0,true,true,physical_support_with_dark_floor_reported_separately
150,22,4,false,false,false,false,false,false,false,false,false,0,true,true,physical_support_with_dark_floor_reported_separately
150,22,5,false,false,false,false,false,false,false,false,false,0,true,true,physical_support_with_dark_floor_reported_separately
150,22,6,false,false,false,false,false,false,false,false,false,0,true,true,physical_support_with_dark_floor_reported_separately
150,22,7,false,false,false,false,false,false,false,false,false,0,true,true,physical_support_with_dark_floor_reported_separately
150,22,8,false,false,false,false,false,false,false,false,false,0,true,true,physical_support_with_dark_floor_reported_separately
150,22,9,false,false,false,false,false,false,false,false,false,0,true,true,physical_support_with_dark_floor_reported_separately
150,22,10,false,false,false,false,false,false,false,false,false,0,true,true,physical_support_with_dark_floor_reported_separately
150,22,11,false,false,false,false,false,false,false,false,false,0,true,true,physical_support_with_dark_floor_reported_separately
150,22,12,false,false,false,false,false,false,false,false,false,0,true,true,physical_support_with_dark_floor_reported_separately
150,22,13,false,false,false,false,false,false,false,false,false,0,true,true,physical_support_with_dark_floor_reported_separately
150,22,14,false,false,false,false,false,false,false,false,false,0,true,true,physical_support_with_dark_floor_reported_separately
150,22,15,false,false,false,false,false,false,false,false,false,0,true,true,physical_support_with_dark_floor_reported_separately
150,23,1,false,false,false,false,false,false,false,false,false,0,true,true,physical_support_with_dark_floor_reported_separately
150,23,2,false,false,false,false,false,false,false,false,false,0,true,true,physical_support_with_dark_floor_reported_separately
150,23,3,false,false,false,false,false,false,false,false,false,0,true,true,physical_support_with_dark_floor_reported_separately
150,23,4,false,false,false,false,false,false,false,false,false,0,true,true,physical_support_with_dark_floor_reported_separately
150,23,5,false,false,false,false,false,false,false,false,false,0,true,true,physical_support_with_dark_floor_reported_separately
150,23,6,false,false,false,false,false,false,false,false,false,0,true,true,physical_support_with_dark_floor_reported_separately
150,23,7,false,false,false,false,false,false,false,false,false,0,true,true,physical_support_with_dark_floor_reported_separately
150,23,8,false,false,false,false,false,false,false,false,false,0,true,true,physical_support_with_dark_floor_reported_separately
150,23,9,false,false,false,false,false,false,false,false,false,0,true,true,physical_support_with_dark_floor_reported_separately
150,23,10,false,false,false,false,false,false,false,false,false,0,true,true,physical_support_with_dark_floor_reported_separately
150,23,11,false,false,false,false,false,false,false,false,false,0,true,true,physical_support_with_dark_floor_reported_separately
150,23,12,false,false,false,false,false,false,false,false,false,0,true,true,physical_support_with_dark_floor_reported_separately
150,23,13,false,false,false,false,false,false,false,false,false,0,true,true,physical_support_with_dark_floor_reported_separately
150,23,14,false,false,false,false,false,false,false,false,false,0,true,true,physical_support_with_dark_floor_reported_separately
150,23,15,false,false,false,false,false,false,false,false,false,0,true,true,physical_support_with_dark_floor_reported_separately
150,24,1,false,false,false,false,true,false,false,false,true,1,true,true,physical_support_with_dark_floor_reported_separately
150,24,2,false,false,false,false,true,false,false,false,true,1,true,true,physical_support_with_dark_floor_reported_separately
150,24,3,false,false,false,false,true,false,false,false,true,1,true,true,physical_support_with_dark_floor_reported_separately
150,24,4,false,false,false,false,true,false,false,false,true,1,true,true,physical_support_with_dark_floor_reported_separately
150,24,5,false,false,false,false,true,false,false,false,true,1,true,true,physical_support_with_dark_floor_reported_separately
150,24,6,false,false,false,false,true,false,false,false,true,1,true,true,physical_support_with_dark_floor_reported_separately
150,24,7,false,false,false,false,true,false,false,false,true,1,true,true,physical_support_with_dark_floor_reported_separately
150,24,8,false,false,false,false,true,false,false,false,true,1,true,true,physical_support_with_dark_floor_reported_separately
150,24,9,false,false,false,false,true,false,false,false,true,1,true,true,physical_support_with_dark_floor_reported_separately
150,24,10,false,false,false,false,true,false,false,false,true,1,true,true,physical_support_with_dark_floor_reported_separately
150,24,11,false,false,false,false,true,false,false,false,true,1,true,true,physical_support_with_dark_floor_reported_separately
150,24,12,false,false,false,false,true,false,false,false,true,1,true,true,physical_support_with_dark_floor_reported_separately
150,24,13,false,false,false,false,true,false,false,false,true,1,true,true,physical_support_with_dark_floor_reported_separately
150,24,14,false,false,false,false,true,false,false,false,true,1,true,true,physical_support_with_dark_floor_reported_separately
150,24,15,false,false,false,false,true,false,false,false,true,1,true,true,physical_support_with_dark_floor_reported_separately
150,25,1,false,false,false,false,true,false,false,false,true,1,true,true,physical_support_with_dark_floor_reported_separately
150,25,2,false,false,false,false,true,false,false,false,true,1,true,true,physical_support_with_dark_floor_reported_separately
150,25,3,false,false,false,false,true,false,false,false,true,1,true,true,physical_support_with_dark_floor_reported_separately
150,25,4,false,false,false,false,true,false,false,false,true,1,true,true,physical_support_with_dark_floor_reported_separately
150,25,5,false,false,false,false,true,false,false,false,true,1,true,true,physical_support_with_dark_floor_reported_separately
150,25,6,false,false,false,false,true,false,false,false,true,1,true,true,physical_support_with_dark_floor_reported_separately
150,25,7,false,false,false,false,true,false,false,false,true,1,true,true,physical_support_with_dark_floor_reported_separately
150,25,8,false,false,false,false,true,false,false,false,true,1,true,true,physical_support_with_dark_floor_reported_separately
150,25,9,false,false,false,false,true,false,false,false,true,1,true,true,physical_support_with_dark_floor_reported_separately
150,25,10,false,false,false,false,true,false,false,false,true,1,true,true,physical_support_with_dark_floor_reported_separately
150,25,11,false,false,false,false,true,false,false,false,true,1,true,true,physical_support_with_dark_floor_reported_separately
150,25,12,false,false,false,false,true,false,false,false,true,1,true,true,physical_support_with_dark_floor_reported_separately
150,25,13,false,false,false,false,true,false,false,false,true,1,true,true,physical_support_with_dark_floor_reported_separately
150,25,14,false,false,false,false,true,false,false,false,true,1,true,true,physical_support_with_dark_floor_reported_separately
150,25,15,false,false,false,false,true,false,false,false,true,1,true,true,physical_support_with_dark_floor_reported_separately
150,26,1,false,false,false,false,true,false,false,false,true,1,true,true,physical_support_with_dark_floor_reported_separately
150,26,2,false,false,false,false,true,false,false,false,true,1,true,true,physical_support_with_dark_floor_reported_separately
150,26,3,false,false,false,false,true,false,false,false,true,1,true,true,physical_support_with_dark_floor_reported_separately
150,26,4,false,false,false,false,true,false,false,false,true,1,true,true,physical_support_with_dark_floor_reported_separately
150,26,5,false,false,false,false,true,false,false,false,true,1,true,true,physical_support_with_dark_floor_reported_separately
150,26,6,false,false,false,false,true,false,false,false,true,1,true,true,physical_support_with_dark_floor_reported_separately
150,26,7,false,false,false,false,true,false,false,false,true,1,true,true,physical_support_with_dark_floor_reported_separately
150,26,8,false,false,false,false,true,false,false,false,true,1,true,true,physical_support_with_dark_floor_reported_separately
150,26,9,false,false,false,false,true,false,false,false,true,1,true,true,physical_support_with_dark_floor_reported_separately
150,26,10,false,false,false,false,true,false,false,false,true,1,true,true,physical_support_with_dark_floor_reported_separately
150,26,11,false,false,false,false,true,false,false,false,true,1,true,true,physical_support_with_dark_floor_reported_separately
150,26,12,false,false,false,false,true,false,false,false,true,1,true,true,physical_support_with_dark_floor_reported_separately
150,26,13,false,false,false,false,true,false,false,false,true,1,true,true,physical_support_with_dark_floor_reported_separately
150,26,14,false,false,false,false,true,false,false,false,true,1,true,true,physical_support_with_dark_floor_reported_separately
150,26,15,false,false,false,false,true,false,false,false,true,1,true,true,physical_support_with_dark_floor_reported_separately
150,27,1,false,false,false,false,false,false,false,false,false,0,true,true,physical_support_with_dark_floor_reported_separately
150,27,2,false,false,false,false,false,false,false,false,false,0,true,true,physical_support_with_dark_floor_reported_separately
150,27,3,false,false,false,false,false,false,false,false,false,0,true,true,physical_support_with_dark_floor_reported_separately
150,27,4,false,false,false,false,false,false,false,false,false,0,true,true,physical_support_with_dark_floor_reported_separately
150,27,5,false,false,false,false,false,false,false,false,false,0,true,true,physical_support_with_dark_floor_reported_separately
150,27,6,false,false,false,false,false,false,false,false,false,0,true,true,physical_support_with_dark_floor_reported_separately
150,27,7,false,false,false,false,false,false,false,false,false,0,true,true,physical_support_with_dark_floor_reported_separately
150,27,8,false,false,false,false,false,false,false,false,false,0,true,true,physical_support_with_dark_floor_reported_separately
150,27,9,false,false,false,false,false,false,false,false,false,0,true,true,physical_support_with_dark_floor_reported_separately
150,27,10,false,false,false,false,false,false,false,false,false,0,true,true,physical_support_with_dark_floor_reported_separately
150,27,11,false,false,false,false,false,false,false,false,false,0,true,true,physical_support_with_dark_floor_reported_separately
150,27,12,false,false,false,false,false,false,false,false,false,0,true,true,physical_support_with_dark_floor_reported_separately
150,27,13,false,false,false,false,false,false,false,false,false,0,true,true,physical_support_with_dark_floor_reported_separately
150,27,14,false,false,false,false,false,false,false,false,false,0,true,true,physical_support_with_dark_floor_reported_separately
150,27,15,false,false,false,false,false,false,false,false,false,0,true,true,physical_support_with_dark_floor_reported_separately
150,28,1,false,false,false,false,true,false,true,false,true,2,true,true,physical_support_with_dark_floor_reported_separately
150,28,2,false,false,false,false,true,false,true,false,true,2,true,true,physical_support_with_dark_floor_reported_separately
150,28,3,false,false,false,false,true,false,true,false,true,2,true,true,physical_support_with_dark_floor_reported_separately
150,28,4,false,false,false,false,true,false,true,false,true,2,true,true,physical_support_with_dark_floor_reported_separately
150,28,5,false,false,false,false,true,false,true,false,true,2,true,true,physical_support_with_dark_floor_reported_separately
150,28,6,false,false,false,false,true,false,true,false,true,2,true,true,physical_support_with_dark_floor_reported_separately
150,28,7,false,false,false,false,true,false,true,false,true,2,true,true,physical_support_with_dark_floor_reported_separately
150,28,8,false,false,false,false,true,false,true,false,true,2,true,true,physical_support_with_dark_floor_reported_separately
150,28,9,false,false,false,false,true,false,true,false,true,2,true,true,physical_support_with_dark_floor_reported_separately
150,28,10,false,false,false,false,true,false,true,false,true,2,true,true,physical_support_with_dark_floor_reported_separately
150,28,11,false,false,false,false,true,false,true,false,true,2,true,true,physical_support_with_dark_floor_reported_separately
150,28,12,false,false,false,false,true,false,true,false,true,2,true,true,physical_support_with_dark_floor_reported_separately
150,28,13,false,false,false,false,true,false,true,false,true,2,true,true,physical_support_with_dark_floor_reported_separately
150,28,14,false,false,false,false,true,false,true,false,true,2,true,true,physical_support_with_dark_floor_reported_separately
150,28,15,false,false,false,false,true,false,true,false,true,2,true,true,physical_support_with_dark_floor_reported_separately
150,29,1,false,false,false,false,true,false,false,false,true,1,true,true,physical_support_with_dark_floor_reported_separately
150,29,2,false,false,false,false,true,false,false,false,true,1,true,true,physical_support_with_dark_floor_reported_separately
150,29,3,false,false,false,false,true,false,false,false,true,1,true,true,physical_support_with_dark_floor_reported_separately
150,29,4,false,false,false,false,true,false,false,false,true,1,true,true,physical_support_with_dark_floor_reported_separately
150,29,5,false,false,false,false,true,false,false,false,true,1,true,true,physical_support_with_dark_floor_reported_separately
150,29,6,false,false,false,false,true,false,false,false,true,1,true,true,physical_support_with_dark_floor_reported_separately
150,29,7,false,false,false,false,true,false,false,false,true,1,true,true,physical_support_with_dark_floor_reported_separately
150,29,8,false,false,false,false,true,false,false,false,true,1,true,true,physical_support_with_dark_floor_reported_separately
150,29,9,false,false,false,false,true,false,false,false,true,1,true,true,physical_support_with_dark_floor_reported_separately
150,29,10,false,false,false,false,true,false,false,false,true,1,true,true,physical_support_with_dark_floor_reported_separately
150,29,11,false,false,false,false,true,false,false,false,true,1,true,true,physical_support_with_dark_floor_reported_separately
150,29,12,false,false,false,false,true,false,false,false,true,1,true,true,physical_support_with_dark_floor_reported_separately
150,29,13,false,false,false,false,true,false,false,false,true,1,true,true,physical_support_with_dark_floor_reported_separately
150,29,14,false,false,false,false,true,false,false,false,true,1,true,true,physical_support_with_dark_floor_reported_separately
150,29,15,false,false,false,false,true,false,false,false,true,1,true,true,physical_support_with_dark_floor_reported_separately
150,30,1,false,false,false,false,false,false,false,false,false,0,true,true,physical_support_with_dark_floor_reported_separately
150,30,2,false,false,false,false,false,false,false,false,false,0,true,true,physical_support_with_dark_floor_reported_separately
150,30,3,false,false,false,false,false,false,false,false,false,0,true,true,physical_support_with_dark_floor_reported_separately
150,30,4,false,false,false,false,false,false,false,false,false,0,true,true,physical_support_with_dark_floor_reported_separately
150,30,5,false,false,false,false,false,false,false,false,false,0,true,true,physical_support_with_dark_floor_reported_separately
150,30,6,false,false,false,false,false,false,false,false,false,0,true,true,physical_support_with_dark_floor_reported_separately
150,30,7,false,false,false,false,false,false,false,false,false,0,true,true,physical_support_with_dark_floor_reported_separately
150,30,8,false,false,false,false,false,false,false,false,false,0,true,true,physical_support_with_dark_floor_reported_separately
150,30,9,false,false,false,false,false,false,false,false,false,0,true,true,physical_support_with_dark_floor_reported_separately
150,30,10,false,false,false,false,false,false,false,false,false,0,true,true,physical_support_with_dark_floor_reported_separately
150,30,11,false,false,false,false,false,false,false,false,false,0,true,true,physical_support_with_dark_floor_reported_separately
150,30,12,false,false,false,false,false,false,false,false,false,0,true,true,physical_support_with_dark_floor_reported_separately
150,30,13,false,false,false,false,false,false,false,false,false,0,true,true,physical_support_with_dark_floor_reported_separately
150,30,14,false,false,false,false,false,false,false,false,false,0,true,true,physical_support_with_dark_floor_reported_separately
150,30,15,false,false,false,false,false,false,false,false,false,0,true,true,physical_support_with_dark_floor_reported_separately
150,31,1,false,false,false,false,false,false,false,false,false,0,true,true,physical_support_with_dark_floor_reported_separately
150,31,2,false,false,false,false,false,false,false,false,false,0,true,true,physical_support_with_dark_floor_reported_separately
150,31,3,false,false,false,false,false,false,false,false,false,0,true,true,physical_support_with_dark_floor_reported_separately
150,31,4,false,false,false,false,false,false,false,false,false,0,true,true,physical_support_with_dark_floor_reported_separately
150,31,5,false,false,false,false,false,false,false,false,false,0,true,true,physical_support_with_dark_floor_reported_separately
150,31,6,false,false,false,false,false,false,false,false,false,0,true,true,physical_support_with_dark_floor_reported_separately
150,31,7,false,false,false,false,false,false,false,false,false,0,true,true,physical_support_with_dark_floor_reported_separately
150,31,8,false,false,false,false,false,false,false,false,false,0,true,true,physical_support_with_dark_floor_reported_separately
150,31,9,false,false,false,false,false,false,false,false,false,0,true,true,physical_support_with_dark_floor_reported_separately
150,31,10,false,false,false,false,false,false,false,false,false,0,true,true,physical_support_with_dark_floor_reported_separately
150,31,11,false,false,false,false,false,false,false,false,false,0,true,true,physical_support_with_dark_floor_reported_separately
150,31,12,false,false,false,false,false,false,false,false,false,0,true,true,physical_support_with_dark_floor_reported_separately
150,31,13,false,false,false,false,false,false,false,false,false,0,true,true,physical_support_with_dark_floor_reported_separately
150,31,14,false,false,false,false,false,false,false,false,false,0,true,true,physical_support_with_dark_floor_reported_separately
150,31,15,false,false,false,false,false,false,false,false,false,0,true,true,physical_support_with_dark_floor_reported_separately
150,32,1,false,false,false,false,true,false,true,false,true,2,true,true,physical_support_with_dark_floor_reported_separately
150,32,2,false,false,false,false,true,false,true,false,true,2,true,true,physical_support_with_dark_floor_reported_separately
150,32,3,false,false,false,false,true,false,true,false,true,2,true,true,physical_support_with_dark_floor_reported_separately
150,32,4,false,false,false,false,true,false,true,false,true,2,true,true,physical_support_with_dark_floor_reported_separately
150,32,5,false,false,false,false,true,false,true,false,true,2,true,true,physical_support_with_dark_floor_reported_separately
150,32,6,false,false,false,false,true,false,true,false,true,2,true,true,physical_support_with_dark_floor_reported_separately
150,32,7,false,false,false,false,true,false,true,false,true,2,true,true,physical_support_with_dark_floor_reported_separately
150,32,8,false,false,false,false,true,false,true,false,true,2,true,true,physical_support_with_dark_floor_reported_separately
150,32,9,false,false,false,false,true,false,true,false,true,2,true,true,physical_support_with_dark_floor_reported_separately
150,32,10,false,false,false,false,true,false,true,false,true,2,true,true,physical_support_with_dark_floor_reported_separately
150,32,11,false,false,false,false,true,false,true,false,true,2,true,true,physical_support_with_dark_floor_reported_separately
150,32,12,false,false,false,false,true,false,true,false,true,2,true,true,physical_support_with_dark_floor_reported_separately
150,32,13,false,false,false,false,true,false,true,false,true,2,true,true,physical_support_with_dark_floor_reported_separately
150,32,14,false,false,false,false,true,false,true,false,true,2,true,true,physical_support_with_dark_floor_reported_separately
150,32,15,false,false,false,false,true,false,true,false,true,2,true,true,physical_support_with_dark_floor_reported_separately
150,33,1,false,false,false,false,true,false,false,false,true,1,true,true,physical_support_with_dark_floor_reported_separately
150,33,2,false,false,false,false,true,false,false,false,true,1,true,true,physical_support_with_dark_floor_reported_separately
150,33,3,false,false,false,false,true,false,false,false,true,1,true,true,physical_support_with_dark_floor_reported_separately
150,33,4,false,false,false,false,true,false,false,false,true,1,true,true,physical_support_with_dark_floor_reported_separately
150,33,5,false,false,false,false,true,false,false,false,true,1,true,true,physical_support_with_dark_floor_reported_separately
150,33,6,false,false,false,false,true,false,false,false,true,1,true,true,physical_support_with_dark_floor_reported_separately
150,33,7,false,false,false,false,true,false,false,false,true,1,true,true,physical_support_with_dark_floor_reported_separately
150,33,8,false,false,false,false,true,false,false,false,true,1,true,true,physical_support_with_dark_floor_reported_separately
150,33,9,false,false,false,false,true,false,false,false,true,1,true,true,physical_support_with_dark_floor_reported_separately
150,33,10,false,false,false,false,true,false,false,false,true,1,true,true,physical_support_with_dark_floor_reported_separately
150,33,11,false,false,false,false,true,false,false,false,true,1,true,true,physical_support_with_dark_floor_reported_separately
150,33,12,false,false,false,false,true,false,false,false,true,1,true,true,physical_support_with_dark_floor_reported_separately
150,33,13,false,false,false,false,true,false,false,false,true,1,true,true,physical_support_with_dark_floor_reported_separately
150,33,14,false,false,false,false,true,false,false,false,true,1,true,true,physical_support_with_dark_floor_reported_separately
150,33,15,false,false,false,false,true,false,false,false,true,1,true,true,physical_support_with_dark_floor_reported_separately
150,34,1,false,false,false,false,true,false,true,false,true,2,true,true,physical_support_with_dark_floor_reported_separately
150,34,2,false,false,false,false,true,false,true,false,true,2,true,true,physical_support_with_dark_floor_reported_separately
150,34,3,false,false,false,false,true,false,true,false,true,2,true,true,physical_support_with_dark_floor_reported_separately
150,34,4,false,false,false,false,true,false,true,false,true,2,true,true,physical_support_with_dark_floor_reported_separately
150,34,5,false,false,false,false,true,false,true,false,true,2,true,true,physical_support_with_dark_floor_reported_separately
150,34,6,false,false,false,false,true,false,true,false,true,2,true,true,physical_support_with_dark_floor_reported_separately
150,34,7,false,false,false,false,true,false,true,false,true,2,true,true,physical_support_with_dark_floor_reported_separately
150,34,8,false,false,false,false,true,false,true,false,true,2,true,true,physical_support_with_dark_floor_reported_separately
150,34,9,false,false,false,false,true,false,true,false,true,2,true,true,physical_support_with_dark_floor_reported_separately
150,34,10,false,false,false,false,true,false,true,false,true,2,true,true,physical_support_with_dark_floor_reported_separately
150,34,11,false,false,false,false,true,false,true,false,true,2,true,true,physical_support_with_dark_floor_reported_separately
150,34,12,false,false,false,false,true,false,true,false,true,2,true,true,physical_support_with_dark_floor_reported_separately
150,34,13,false,false,false,false,true,false,true,false,true,2,true,true,physical_support_with_dark_floor_reported_separately
150,34,14,false,false,false,false,true,false,true,false,true,2,true,true,physical_support_with_dark_floor_reported_separately
150,34,15,false,false,false,false,true,false,true,false,true,2,true,true,physical_support_with_dark_floor_reported_separately
150,35,1,false,false,false,false,false,false,false,false,false,0,true,true,physical_support_with_dark_floor_reported_separately
150,35,2,false,false,false,false,false,false,false,false,false,0,true,true,physical_support_with_dark_floor_reported_separately
150,35,3,false,false,false,false,false,false,false,false,false,0,true,true,physical_support_with_dark_floor_reported_separately
150,35,4,false,false,false,false,false,false,false,false,false,0,true,true,physical_support_with_dark_floor_reported_separately
150,35,5,false,false,false,false,false,false,false,false,false,0,true,true,physical_support_with_dark_floor_reported_separately
150,35,6,false,false,false,false,false,false,false,false,false,0,true,true,physical_support_with_dark_floor_reported_separately
150,35,7,false,false,false,false,false,false,false,false,false,0,true,true,physical_support_with_dark_floor_reported_separately
150,35,8,false,false,false,false,false,false,false,false,false,0,true,true,physical_support_with_dark_floor_reported_separately
150,35,9,false,false,false,false,false,false,false,false,false,0,true,true,physical_support_with_dark_floor_reported_separately
150,35,10,false,false,false,false,false,false,false,false,false,0,true,true,physical_support_with_dark_floor_reported_separately
150,35,11,false,false,false,false,false,false,false,false,false,0,true,true,physical_support_with_dark_floor_reported_separately
150,35,12,false,false,false,false,false,false,false,false,false,0,true,true,physical_support_with_dark_floor_reported_separately
150,35,13,false,false,false,false,false,false,false,false,false,0,true,true,physical_support_with_dark_floor_reported_separately
150,35,14,false,false,false,false,false,false,false,false,false,0,true,true,physical_support_with_dark_floor_reported_separately
150,35,15,false,false,false,false,false,false,false,false,false,0,true,true,physical_support_with_dark_floor_reported_separately
150,36,1,false,false,false,false,true,false,false,false,true,1,true,true,physical_support_with_dark_floor_reported_separately
150,36,2,false,false,false,false,true,false,false,false,true,1,true,true,physical_support_with_dark_floor_reported_separately
150,36,3,false,false,false,false,true,false,false,false,true,1,true,true,physical_support_with_dark_floor_reported_separately
150,36,4,false,false,false,false,true,false,false,false,true,1,true,true,physical_support_with_dark_floor_reported_separately
150,36,5,false,false,false,false,true,false,false,false,true,1,true,true,physical_support_with_dark_floor_reported_separately
150,36,6,false,false,false,false,true,false,false,false,true,1,true,true,physical_support_with_dark_floor_reported_separately
150,36,7,false,false,false,false,true,false,false,false,true,1,true,true,physical_support_with_dark_floor_reported_separately
150,36,8,false,false,false,false,true,false,false,false,true,1,true,true,physical_support_with_dark_floor_reported_separately
150,36,9,false,false,false,false,true,false,false,false,true,1,true,true,physical_support_with_dark_floor_reported_separately
150,36,10,false,false,false,false,true,false,false,false,true,1,true,true,physical_support_with_dark_floor_reported_separately
150,36,11,false,false,false,false,true,false,false,false,true,1,true,true,physical_support_with_dark_floor_reported_separately
150,36,12,false,false,false,false,true,false,false,false,true,1,true,true,physical_support_with_dark_floor_reported_separately
150,36,13,false,false,false,false,true,false,false,false,true,1,true,true,physical_support_with_dark_floor_reported_separately
150,36,14,false,false,false,false,true,false,false,false,true,1,true,true,physical_support_with_dark_floor_reported_separately
150,36,15,false,false,false,false,true,false,false,false,true,1,true,true,physical_support_with_dark_floor_reported_separately
150,37,1,false,false,false,false,false,false,true,false,true,1,true,true,physical_support_with_dark_floor_reported_separately
150,37,2,false,false,false,false,false,false,true,false,true,1,true,true,physical_support_with_dark_floor_reported_separately
150,37,3,false,false,false,false,false,false,true,false,true,1,true,true,physical_support_with_dark_floor_reported_separately
150,37,4,false,false,false,false,false,false,true,false,true,1,true,true,physical_support_with_dark_floor_reported_separately
150,37,5,false,false,false,false,false,false,true,false,true,1,true,true,physical_support_with_dark_floor_reported_separately
150,37,6,false,false,false,false,false,false,true,false,true,1,true,true,physical_support_with_dark_floor_reported_separately
150,37,7,false,false,false,false,false,false,true,false,true,1,true,true,physical_support_with_dark_floor_reported_separately
150,37,8,false,false,false,false,false,false,true,false,true,1,true,true,physical_support_with_dark_floor_reported_separately
150,37,9,false,false,false,false,false,false,true,false,true,1,true,true,physical_support_with_dark_floor_reported_separately
150,37,10,false,false,false,false,false,false,true,false,true,1,true,true,physical_support_with_dark_floor_reported_separately
150,37,11,false,false,false,false,false,false,true,false,true,1,true,true,physical_support_with_dark_floor_reported_separately
150,37,12,false,false,false,false,false,false,true,false,true,1,true,true,physical_support_with_dark_floor_reported_separately
150,37,13,false,false,false,false,false,false,true,false,true,1,true,true,physical_support_with_dark_floor_reported_separately
150,37,14,false,false,false,false,false,false,true,false,true,1,true,true,physical_support_with_dark_floor_reported_separately
150,37,15,false,false,false,false,false,false,true,false,true,1,true,true,physical_support_with_dark_floor_reported_separately
150,38,1,false,false,false,false,true,false,true,false,true,2,true,true,physical_support_with_dark_floor_reported_separately
150,38,2,false,false,false,false,true,false,true,false,true,2,true,true,physical_support_with_dark_floor_reported_separately
150,38,3,false,false,false,false,true,false,true,false,true,2,true,true,physical_support_with_dark_floor_reported_separately
150,38,4,false,false,false,false,true,false,true,false,true,2,true,true,physical_support_with_dark_floor_reported_separately
150,38,5,false,false,false,false,true,false,true,false,true,2,true,true,physical_support_with_dark_floor_reported_separately
150,38,6,false,false,false,false,true,false,true,false,true,2,true,true,physical_support_with_dark_floor_reported_separately
150,38,7,false,false,false,false,true,false,true,false,true,2,true,true,physical_support_with_dark_floor_reported_separately
150,38,8,false,false,false,false,true,false,true,false,true,2,true,true,physical_support_with_dark_floor_reported_separately
150,38,9,false,false,false,false,true,false,true,false,true,2,true,true,physical_support_with_dark_floor_reported_separately
150,38,10,false,false,false,false,true,false,true,false,true,2,true,true,physical_support_with_dark_floor_reported_separately
150,38,11,false,false,false,false,true,false,true,false,true,2,true,true,physical_support_with_dark_floor_reported_separately
150,38,12,false,false,false,false,true,false,true,false,true,2,true,true,physical_support_with_dark_floor_reported_separately
150,38,13,false,false,false,false,true,false,true,false,true,2,true,true,physical_support_with_dark_floor_reported_separately
150,38,14,false,false,false,false,true,false,true,false,true,2,true,true,physical_support_with_dark_floor_reported_separately
150,38,15,false,false,false,false,true,false,true,false,true,2,true,true,physical_support_with_dark_floor_reported_separately
150,39,1,false,false,false,false,false,false,true,false,true,1,true,true,physical_support_with_dark_floor_reported_separately
150,39,2,false,false,false,false,false,false,true,false,true,1,true,true,physical_support_with_dark_floor_reported_separately
150,39,3,false,false,false,false,false,false,true,false,true,1,true,true,physical_support_with_dark_floor_reported_separately
150,39,4,false,false,false,false,false,false,true,false,true,1,true,true,physical_support_with_dark_floor_reported_separately
150,39,5,false,false,false,false,false,false,true,false,true,1,true,true,physical_support_with_dark_floor_reported_separately
150,39,6,false,false,false,false,false,false,true,false,true,1,true,true,physical_support_with_dark_floor_reported_separately
150,39,7,false,false,false,false,false,false,true,false,true,1,true,true,physical_support_with_dark_floor_reported_separately
150,39,8,false,false,false,false,false,false,true,false,true,1,true,true,physical_support_with_dark_floor_reported_separately
150,39,9,false,false,false,false,false,false,true,false,true,1,true,true,physical_support_with_dark_floor_reported_separately
150,39,10,false,false,false,false,false,false,true,false,true,1,true,true,physical_support_with_dark_floor_reported_separately
150,39,11,false,false,false,false,false,false,true,false,true,1,true,true,physical_support_with_dark_floor_reported_separately
150,39,12,false,false,false,false,false,false,true,false,true,1,true,true,physical_support_with_dark_floor_reported_separately
150,39,13,false,false,false,false,false,false,true,false,true,1,true,true,physical_support_with_dark_floor_reported_separately
150,39,14,false,false,false,false,false,false,true,false,true,1,true,true,physical_support_with_dark_floor_reported_separately
150,39,15,false,false,false,false,false,false,true,false,true,1,true,true,physical_support_with_dark_floor_reported_separately
150,40,1,false,false,false,false,false,false,true,false,true,1,true,true,physical_support_with_dark_floor_reported_separately
150,40,2,false,false,false,false,false,false,true,false,true,1,true,true,physical_support_with_dark_floor_reported_separately
150,40,3,false,false,false,false,false,false,true,false,true,1,true,true,physical_support_with_dark_floor_reported_separately
150,40,4,false,false,false,false,false,false,true,false,true,1,true,true,physical_support_with_dark_floor_reported_separately
150,40,5,false,false,false,false,false,false,true,false,true,1,true,true,physical_support_with_dark_floor_reported_separately
150,40,6,false,false,false,false,false,false,true,false,true,1,true,true,physical_support_with_dark_floor_reported_separately
150,40,7,false,false,false,false,false,false,true,false,true,1,true,true,physical_support_with_dark_floor_reported_separately
150,40,8,false,false,false,false,false,false,true,false,true,1,true,true,physical_support_with_dark_floor_reported_separately
150,40,9,false,false,false,false,false,false,true,false,true,1,true,true,physical_support_with_dark_floor_reported_separately
150,40,10,false,false,false,false,false,false,true,false,true,1,true,true,physical_support_with_dark_floor_reported_separately
150,40,11,false,false,false,false,false,false,true,false,true,1,true,true,physical_support_with_dark_floor_reported_separately
150,40,12,false,false,false,false,false,false,true,false,true,1,true,true,physical_support_with_dark_floor_reported_separately
150,40,13,false,false,false,false,false,false,true,false,true,1,true,true,physical_support_with_dark_floor_reported_separately
150,40,14,false,false,false,false,false,false,true,false,true,1,true,true,physical_support_with_dark_floor_reported_separately
150,40,15,false,false,false,false,false,false,true,false,true,1,true,true,physical_support_with_dark_floor_reported_separately
150,41,1,false,false,false,false,false,false,false,false,false,0,true,true,physical_support_with_dark_floor_reported_separately
150,41,2,false,false,false,false,false,false,false,false,false,0,true,true,physical_support_with_dark_floor_reported_separately
150,41,3,false,false,false,false,false,false,false,false,false,0,true,true,physical_support_with_dark_floor_reported_separately
150,41,4,false,false,false,false,false,false,false,false,false,0,true,true,physical_support_with_dark_floor_reported_separately
150,41,5,false,false,false,false,false,false,false,false,false,0,true,true,physical_support_with_dark_floor_reported_separately
150,41,6,false,false,false,false,false,false,false,false,false,0,true,true,physical_support_with_dark_floor_reported_separately
150,41,7,false,false,false,false,false,false,false,false,false,0,true,true,physical_support_with_dark_floor_reported_separately
150,41,8,false,false,false,false,false,false,false,false,false,0,true,true,physical_support_with_dark_floor_reported_separately
150,41,9,false,false,false,false,false,false,false,false,false,0,true,true,physical_support_with_dark_floor_reported_separately
150,41,10,false,false,false,false,false,false,false,false,false,0,true,true,physical_support_with_dark_floor_reported_separately
150,41,11,false,false,false,false,false,false,false,false,false,0,true,true,physical_support_with_dark_floor_reported_separately
150,41,12,false,false,false,false,false,false,false,false,false,0,true,true,physical_support_with_dark_floor_reported_separately
150,41,13,false,false,false,false,false,false,false,false,false,0,true,true,physical_support_with_dark_floor_reported_separately
150,41,14,false,false,false,false,false,false,false,false,false,0,true,true,physical_support_with_dark_floor_reported_separately
150,41,15,false,false,false,false,false,false,false,false,false,0,true,true,physical_support_with_dark_floor_reported_separately
150,42,1,false,false,false,false,true,false,false,false,true,1,true,true,physical_support_with_dark_floor_reported_separately
150,42,2,false,false,false,false,true,false,false,false,true,1,true,true,physical_support_with_dark_floor_reported_separately
150,42,3,false,false,false,false,true,false,false,false,true,1,true,true,physical_support_with_dark_floor_reported_separately
150,42,4,false,false,false,false,true,false,false,false,true,1,true,true,physical_support_with_dark_floor_reported_separately
150,42,5,false,false,false,false,true,false,false,false,true,1,true,true,physical_support_with_dark_floor_reported_separately
150,42,6,false,false,false,false,true,false,false,false,true,1,true,true,physical_support_with_dark_floor_reported_separately
150,42,7,false,false,false,false,true,false,false,false,true,1,true,true,physical_support_with_dark_floor_reported_separately
150,42,8,false,false,false,false,true,false,false,false,true,1,true,true,physical_support_with_dark_floor_reported_separately
150,42,9,false,false,false,false,true,false,false,false,true,1,true,true,physical_support_with_dark_floor_reported_separately
150,42,10,false,false,false,false,true,false,false,false,true,1,true,true,physical_support_with_dark_floor_reported_separately
150,42,11,false,false,false,false,true,false,false,false,true,1,true,true,physical_support_with_dark_floor_reported_separately
150,42,12,false,false,false,false,true,false,false,false,true,1,true,true,physical_support_with_dark_floor_reported_separately
150,42,13,false,false,false,false,true,false,false,false,true,1,true,true,physical_support_with_dark_floor_reported_separately
150,42,14,false,false,false,false,true,false,false,false,true,1,true,true,physical_support_with_dark_floor_reported_separately
150,42,15,false,false,false,false,true,false,false,false,true,1,true,true,physical_support_with_dark_floor_reported_separately
150,43,1,false,false,false,false,false,false,true,false,true,1,true,true,physical_support_with_dark_floor_reported_separately
150,43,2,false,false,false,false,false,false,true,false,true,1,true,true,physical_support_with_dark_floor_reported_separately
150,43,3,false,false,false,false,false,false,true,false,true,1,true,true,physical_support_with_dark_floor_reported_separately
150,43,4,false,false,false,false,false,false,true,false,true,1,true,true,physical_support_with_dark_floor_reported_separately
150,43,5,false,false,false,false,false,false,true,false,true,1,true,true,physical_support_with_dark_floor_reported_separately
150,43,6,false,false,false,false,false,false,true,false,true,1,true,true,physical_support_with_dark_floor_reported_separately
150,43,7,false,false,false,false,false,false,true,false,true,1,true,true,physical_support_with_dark_floor_reported_separately
150,43,8,false,false,false,false,false,false,true,false,true,1,true,true,physical_support_with_dark_floor_reported_separately
150,43,9,false,false,false,false,false,false,true,false,true,1,true,true,physical_support_with_dark_floor_reported_separately
150,43,10,false,false,false,false,false,false,true,false,true,1,true,true,physical_support_with_dark_floor_reported_separately
150,43,11,false,false,false,false,false,false,true,false,true,1,true,true,physical_support_with_dark_floor_reported_separately
150,43,12,false,false,false,false,false,false,true,false,true,1,true,true,physical_support_with_dark_floor_reported_separately
150,43,13,false,false,false,false,false,false,true,false,true,1,true,true,physical_support_with_dark_floor_reported_separately
150,43,14,false,false,false,false,false,false,true,false,true,1,true,true,physical_support_with_dark_floor_reported_separately
150,43,15,false,false,false,false,false,false,true,false,true,1,true,true,physical_support_with_dark_floor_reported_separately
150,44,1,false,false,false,false,false,false,false,false,false,0,true,true,physical_support_with_dark_floor_reported_separately
150,44,2,false,false,false,false,false,false,false,false,false,0,true,true,physical_support_with_dark_floor_reported_separately
150,44,3,false,false,false,false,false,false,false,false,false,0,true,true,physical_support_with_dark_floor_reported_separately
150,44,4,false,false,false,false,false,false,false,false,false,0,true,true,physical_support_with_dark_floor_reported_separately
150,44,5,false,false,false,false,false,false,false,false,false,0,true,true,physical_support_with_dark_floor_reported_separately
150,44,6,false,false,false,false,false,false,false,false,false,0,true,true,physical_support_with_dark_floor_reported_separately
150,44,7,false,false,false,false,false,false,false,false,false,0,true,true,physical_support_with_dark_floor_reported_separately
150,44,8,false,false,false,false,false,false,false,false,false,0,true,true,physical_support_with_dark_floor_reported_separately
150,44,9,false,false,false,false,false,false,false,false,false,0,true,true,physical_support_with_dark_floor_reported_separately
150,44,10,false,false,false,false,false,false,false,false,false,0,true,true,physical_support_with_dark_floor_reported_separately
150,44,11,false,false,false,false,false,false,false,false,false,0,true,true,physical_support_with_dark_floor_reported_separately
150,44,12,false,false,false,false,false,false,false,false,false,0,true,true,physical_support_with_dark_floor_reported_separately
150,44,13,false,false,false,false,false,false,false,false,false,0,true,true,physical_support_with_dark_floor_reported_separately
150,44,14,false,false,false,false,false,false,false,false,false,0,true,true,physical_support_with_dark_floor_reported_separately
150,44,15,false,false,false,false,false,false,false,false,false,0,true,true,physical_support_with_dark_floor_reported_separately
150,45,1,false,false,false,false,false,false,false,false,false,0,true,true,physical_support_with_dark_floor_reported_separately
150,45,2,false,false,false,false,false,false,false,false,false,0,true,true,physical_support_with_dark_floor_reported_separately
150,45,3,false,false,false,false,false,false,false,false,false,0,true,true,physical_support_with_dark_floor_reported_separately
150,45,4,false,false,false,false,false,false,false,false,false,0,true,true,physical_support_with_dark_floor_reported_separately
150,45,5,false,false,false,false,false,false,false,false,false,0,true,true,physical_support_with_dark_floor_reported_separately
150,45,6,false,false,false,false,false,false,false,false,false,0,true,true,physical_support_with_dark_floor_reported_separately
150,45,7,false,false,false,false,false,false,false,false,false,0,true,true,physical_support_with_dark_floor_reported_separately
150,45,8,false,false,false,false,false,false,false,false,false,0,true,true,physical_support_with_dark_floor_reported_separately
150,45,9,false,false,false,false,false,false,false,false,false,0,true,true,physical_support_with_dark_floor_reported_separately
150,45,10,false,false,false,false,false,false,false,false,false,0,true,true,physical_support_with_dark_floor_reported_separately
150,45,11,false,false,false,false,false,false,false,false,false,0,true,true,physical_support_with_dark_floor_reported_separately
150,45,12,false,false,false,false,false,false,false,false,false,0,true,true,physical_support_with_dark_floor_reported_separately
150,45,13,false,false,false,false,false,false,false,false,false,0,true,true,physical_support_with_dark_floor_reported_separately
150,45,14,false,false,false,false,false,false,false,false,false,0,true,true,physical_support_with_dark_floor_reported_separately
150,45,15,false,false,false,false,false,false,false,false,false,0,true,true,physical_support_with_dark_floor_reported_separately
150,46,1,false,false,false,false,false,false,false,false,false,0,true,true,physical_support_with_dark_floor_reported_separately
150,46,2,false,false,false,false,false,false,false,false,false,0,true,true,physical_support_with_dark_floor_reported_separately
150,46,3,false,false,false,false,false,false,false,false,false,0,true,true,physical_support_with_dark_floor_reported_separately
150,46,4,false,false,false,false,false,false,false,false,false,0,true,true,physical_support_with_dark_floor_reported_separately
150,46,5,false,false,false,false,false,false,false,false,false,0,true,true,physical_support_with_dark_floor_reported_separately
150,46,6,false,false,false,false,false,false,false,false,false,0,true,true,physical_support_with_dark_floor_reported_separately
150,46,7,false,false,false,false,false,false,false,false,false,0,true,true,physical_support_with_dark_floor_reported_separately
150,46,8,false,false,false,false,false,false,false,false,false,0,true,true,physical_support_with_dark_floor_reported_separately
150,46,9,false,false,false,false,false,false,false,false,false,0,true,true,physical_support_with_dark_floor_reported_separately
150,46,10,false,false,false,false,false,false,false,false,false,0,true,true,physical_support_with_dark_floor_reported_separately
150,46,11,false,false,false,false,false,false,false,false,false,0,true,true,physical_support_with_dark_floor_reported_separately
150,46,12,false,false,false,false,false,false,false,false,false,0,true,true,physical_support_with_dark_floor_reported_separately
150,46,13,false,false,false,false,false,false,false,false,false,0,true,true,physical_support_with_dark_floor_reported_separately
150,46,14,false,false,false,false,false,false,false,false,false,0,true,true,physical_support_with_dark_floor_reported_separately
150,46,15,false,false,false,false,false,false,false,false,false,0,true,true,physical_support_with_dark_floor_reported_separately
150,47,1,false,false,false,false,true,false,false,false,true,1,true,true,physical_support_with_dark_floor_reported_separately
150,47,2,false,false,false,false,true,false,false,false,true,1,true,true,physical_support_with_dark_floor_reported_separately
150,47,3,false,false,false,false,true,false,false,false,true,1,true,true,physical_support_with_dark_floor_reported_separately
150,47,4,false,false,false,false,true,false,false,false,true,1,true,true,physical_support_with_dark_floor_reported_separately
150,47,5,false,false,false,false,true,false,false,false,true,1,true,true,physical_support_with_dark_floor_reported_separately
150,47,6,false,false,false,false,true,false,false,false,true,1,true,true,physical_support_with_dark_floor_reported_separately
150,47,7,false,false,false,false,true,false,false,false,true,1,true,true,physical_support_with_dark_floor_reported_separately
150,47,8,false,false,false,false,true,false,false,false,true,1,true,true,physical_support_with_dark_floor_reported_separately
150,47,9,false,false,false,false,true,false,false,false,true,1,true,true,physical_support_with_dark_floor_reported_separately
150,47,10,false,false,false,false,true,false,false,false,true,1,true,true,physical_support_with_dark_floor_reported_separately
150,47,11,false,false,false,false,true,false,false,false,true,1,true,true,physical_support_with_dark_floor_reported_separately
150,47,12,false,false,false,false,true,false,false,false,true,1,true,true,physical_support_with_dark_floor_reported_separately
150,47,13,false,false,false,false,true,false,false,false,true,1,true,true,physical_support_with_dark_floor_reported_separately
150,47,14,false,false,false,false,true,false,false,false,true,1,true,true,physical_support_with_dark_floor_reported_separately
150,47,15,false,false,false,false,true,false,false,false,true,1,true,true,physical_support_with_dark_floor_reported_separately
150,48,1,false,false,false,false,true,false,false,false,true,1,true,true,physical_support_with_dark_floor_reported_separately
150,48,2,false,false,false,false,true,false,false,false,true,1,true,true,physical_support_with_dark_floor_reported_separately
150,48,3,false,false,false,false,true,false,false,false,true,1,true,true,physical_support_with_dark_floor_reported_separately
150,48,4,false,false,false,false,true,false,false,false,true,1,true,true,physical_support_with_dark_floor_reported_separately
150,48,5,false,false,false,false,true,false,false,false,true,1,true,true,physical_support_with_dark_floor_reported_separately
150,48,6,false,false,false,false,true,false,false,false,true,1,true,true,physical_support_with_dark_floor_reported_separately
150,48,7,false,false,false,false,true,false,false,false,true,1,true,true,physical_support_with_dark_floor_reported_separately
150,48,8,false,false,false,false,true,false,false,false,true,1,true,true,physical_support_with_dark_floor_reported_separately
150,48,9,false,false,false,false,true,false,false,false,true,1,true,true,physical_support_with_dark_floor_reported_separately
150,48,10,false,false,false,false,true,false,false,false,true,1,true,true,physical_support_with_dark_floor_reported_separately
150,48,11,false,false,false,false,true,false,false,false,true,1,true,true,physical_support_with_dark_floor_reported_separately
150,48,12,false,false,false,false,true,false,false,false,true,1,true,true,physical_support_with_dark_floor_reported_separately
150,48,13,false,false,false,false,true,false,false,false,true,1,true,true,physical_support_with_dark_floor_reported_separately
150,48,14,false,false,false,false,true,false,false,false,true,1,true,true,physical_support_with_dark_floor_reported_separately
150,48,15,false,false,false,false,true,false,false,false,true,1,true,true,physical_support_with_dark_floor_reported_separately
150,49,1,false,false,false,false,false,false,true,false,true,1,true,true,physical_support_with_dark_floor_reported_separately
150,49,2,false,false,false,false,false,false,true,false,true,1,true,true,physical_support_with_dark_floor_reported_separately
150,49,3,false,false,false,false,false,false,true,false,true,1,true,true,physical_support_with_dark_floor_reported_separately
150,49,4,false,false,false,false,false,false,true,false,true,1,true,true,physical_support_with_dark_floor_reported_separately
150,49,5,false,false,false,false,false,false,true,false,true,1,true,true,physical_support_with_dark_floor_reported_separately
150,49,6,false,false,false,false,false,false,true,false,true,1,true,true,physical_support_with_dark_floor_reported_separately
150,49,7,false,false,false,false,false,false,true,false,true,1,true,true,physical_support_with_dark_floor_reported_separately
150,49,8,false,false,false,false,false,false,true,false,true,1,true,true,physical_support_with_dark_floor_reported_separately
150,49,9,false,false,false,false,false,false,true,false,true,1,true,true,physical_support_with_dark_floor_reported_separately
150,49,10,false,false,false,false,false,false,true,false,true,1,true,true,physical_support_with_dark_floor_reported_separately
150,49,11,false,false,false,false,false,false,true,false,true,1,true,true,physical_support_with_dark_floor_reported_separately
150,49,12,false,false,false,false,false,false,true,false,true,1,true,true,physical_support_with_dark_floor_reported_separately
150,49,13,false,false,false,false,false,false,true,false,true,1,true,true,physical_support_with_dark_floor_reported_separately
150,49,14,false,false,false,false,false,false,true,false,true,1,true,true,physical_support_with_dark_floor_reported_separately
150,49,15,false,false,false,false,false,false,true,false,true,1,true,true,physical_support_with_dark_floor_reported_separately
150,50,1,false,false,false,false,true,false,true,false,true,2,true,true,physical_support_with_dark_floor_reported_separately
150,50,2,false,false,false,false,true,false,true,false,true,2,true,true,physical_support_with_dark_floor_reported_separately
150,50,3,false,false,false,false,true,false,true,false,true,2,true,true,physical_support_with_dark_floor_reported_separately
150,50,4,false,false,false,false,true,false,true,false,true,2,true,true,physical_support_with_dark_floor_reported_separately
150,50,5,false,false,false,false,true,false,true,false,true,2,true,true,physical_support_with_dark_floor_reported_separately
150,50,6,false,false,false,false,true,false,true,false,true,2,true,true,physical_support_with_dark_floor_reported_separately
150,50,7,false,false,false,false,true,false,true,false,true,2,true,true,physical_support_with_dark_floor_reported_separately
150,50,8,false,false,false,false,true,false,true,false,true,2,true,true,physical_support_with_dark_floor_reported_separately
150,50,9,false,false,false,false,true,false,true,false,true,2,true,true,physical_support_with_dark_floor_reported_separately
150,50,10,false,false,false,false,true,false,true,false,true,2,true,true,physical_support_with_dark_floor_reported_separately
150,50,11,false,false,false,false,true,false,true,false,true,2,true,true,physical_support_with_dark_floor_reported_separately
150,50,12,false,false,false,false,true,false,true,false,true,2,true,true,physical_support_with_dark_floor_reported_separately
150,50,13,false,false,false,false,true,false,true,false,true,2,true,true,physical_support_with_dark_floor_reported_separately
150,50,14,false,false,false,false,true,false,true,false,true,2,true,true,physical_support_with_dark_floor_reported_separately
150,50,15,false,false,false,false,true,false,true,false,true,2,true,true,physical_support_with_dark_floor_reported_separately
150,51,1,false,false,false,false,true,false,false,false,true,1,true,true,physical_support_with_dark_floor_reported_separately
150,51,2,false,false,false,false,true,false,false,false,true,1,true,true,physical_support_with_dark_floor_reported_separately
150,51,3,false,false,false,false,true,false,false,false,true,1,true,true,physical_support_with_dark_floor_reported_separately
150,51,4,false,false,false,false,true,false,true,false,true,2,true,true,physical_support_with_dark_floor_reported_separately
150,51,5,false,false,false,false,true,false,true,false,true,2,true,true,physical_support_with_dark_floor_reported_separately
150,51,6,false,false,false,false,true,false,true,false,true,2,true,true,physical_support_with_dark_floor_reported_separately
150,51,7,false,false,false,false,true,false,false,false,true,1,true,true,physical_support_with_dark_floor_reported_separately
150,51,8,false,false,false,false,true,false,true,false,true,2,true,true,physical_support_with_dark_floor_reported_separately
150,51,9,false,false,false,false,true,false,true,false,true,2,true,true,physical_support_with_dark_floor_reported_separately
150,51,10,false,false,false,false,true,false,false,false,true,1,true,true,physical_support_with_dark_floor_reported_separately
150,51,11,false,false,false,false,true,false,true,false,true,2,true,true,physical_support_with_dark_floor_reported_separately
150,51,12,false,false,false,false,true,false,true,false,true,2,true,true,physical_support_with_dark_floor_reported_separately
150,51,13,false,false,false,false,true,false,true,false,true,2,true,true,physical_support_with_dark_floor_reported_separately
150,51,14,false,false,false,false,true,false,false,false,true,1,true,true,physical_support_with_dark_floor_reported_separately
150,51,15,false,false,false,false,true,false,false,false,true,1,true,true,physical_support_with_dark_floor_reported_separately
150,52,1,false,false,false,false,false,false,false,false,false,0,true,true,physical_support_with_dark_floor_reported_separately
150,52,2,false,false,false,false,false,false,false,false,false,0,true,true,physical_support_with_dark_floor_reported_separately
150,52,3,false,false,false,false,false,false,false,false,false,0,true,true,physical_support_with_dark_floor_reported_separately
150,52,4,false,false,false,false,false,false,false,false,false,0,true,true,physical_support_with_dark_floor_reported_separately
150,52,5,false,false,false,false,false,false,false,false,false,0,true,true,physical_support_with_dark_floor_reported_separately
150,52,6,false,false,false,false,false,false,false,false,false,0,true,true,physical_support_with_dark_floor_reported_separately
150,52,7,false,false,false,false,false,false,false,false,false,0,true,true,physical_support_with_dark_floor_reported_separately
150,52,8,false,false,false,false,false,false,false,false,false,0,true,true,physical_support_with_dark_floor_reported_separately
150,52,9,false,false,false,false,false,false,false,false,false,0,true,true,physical_support_with_dark_floor_reported_separately
150,52,10,false,false,false,false,false,false,false,false,false,0,true,true,physical_support_with_dark_floor_reported_separately
150,52,11,false,false,false,false,false,false,false,false,false,0,true,true,physical_support_with_dark_floor_reported_separately
150,52,12,false,false,false,false,false,false,false,false,false,0,true,true,physical_support_with_dark_floor_reported_separately
150,52,13,false,false,false,false,false,false,false,false,false,0,true,true,physical_support_with_dark_floor_reported_separately
150,52,14,false,false,false,false,false,false,false,false,false,0,true,true,physical_support_with_dark_floor_reported_separately
150,52,15,false,false,false,false,false,false,false,false,false,0,true,true,physical_support_with_dark_floor_reported_separately
150,53,1,false,false,false,false,true,false,true,false,true,2,true,true,physical_support_with_dark_floor_reported_separately
150,53,2,false,false,false,false,true,false,true,false,true,2,true,true,physical_support_with_dark_floor_reported_separately
150,53,3,false,false,false,false,true,false,true,false,true,2,true,true,physical_support_with_dark_floor_reported_separately
150,53,4,false,false,false,false,true,false,true,false,true,2,true,true,physical_support_with_dark_floor_reported_separately
150,53,5,false,false,false,false,true,false,true,false,true,2,true,true,physical_support_with_dark_floor_reported_separately
150,53,6,false,false,false,false,true,false,true,false,true,2,true,true,physical_support_with_dark_floor_reported_separately
150,53,7,false,false,false,false,true,false,true,false,true,2,true,true,physical_support_with_dark_floor_reported_separately
150,53,8,false,false,false,false,true,false,true,false,true,2,true,true,physical_support_with_dark_floor_reported_separately
150,53,9,false,false,false,false,true,false,true,false,true,2,true,true,physical_support_with_dark_floor_reported_separately
150,53,10,false,false,false,false,true,false,true,false,true,2,true,true,physical_support_with_dark_floor_reported_separately
150,53,11,false,false,false,false,true,false,true,false,true,2,true,true,physical_support_with_dark_floor_reported_separately
150,53,12,false,false,false,false,true,false,true,false,true,2,true,true,physical_support_with_dark_floor_reported_separately
150,53,13,false,false,false,false,true,false,true,false,true,2,true,true,physical_support_with_dark_floor_reported_separately
150,53,14,false,false,false,false,true,false,true,false,true,2,true,true,physical_support_with_dark_floor_reported_separately
150,53,15,false,false,false,false,true,false,true,false,true,2,true,true,physical_support_with_dark_floor_reported_separately
150,54,1,false,false,false,false,true,false,true,false,true,2,true,true,physical_support_with_dark_floor_reported_separately
150,54,2,false,false,false,false,true,false,true,false,true,2,true,true,physical_support_with_dark_floor_reported_separately
150,54,3,false,false,false,false,true,false,true,false,true,2,true,true,physical_support_with_dark_floor_reported_separately
150,54,4,false,false,false,false,true,false,true,false,true,2,true,true,physical_support_with_dark_floor_reported_separately
150,54,5,false,false,false,false,true,false,true,false,true,2,true,true,physical_support_with_dark_floor_reported_separately
150,54,6,false,false,false,false,true,false,true,false,true,2,true,true,physical_support_with_dark_floor_reported_separately
150,54,7,false,false,false,false,true,false,true,false,true,2,true,true,physical_support_with_dark_floor_reported_separately
150,54,8,false,false,false,false,true,false,true,false,true,2,true,true,physical_support_with_dark_floor_reported_separately
150,54,9,false,false,false,false,true,false,true,false,true,2,true,true,physical_support_with_dark_floor_reported_separately
150,54,10,false,false,false,false,true,false,true,false,true,2,true,true,physical_support_with_dark_floor_reported_separately
150,54,11,false,false,false,false,true,false,true,false,true,2,true,true,physical_support_with_dark_floor_reported_separately
150,54,12,false,false,false,false,true,false,true,false,true,2,true,true,physical_support_with_dark_floor_reported_separately
150,54,13,false,false,false,false,true,false,true,false,true,2,true,true,physical_support_with_dark_floor_reported_separately
150,54,14,false,false,false,false,true,false,true,false,true,2,true,true,physical_support_with_dark_floor_reported_separately
150,54,15,false,false,false,false,true,false,true,false,true,2,true,true,physical_support_with_dark_floor_reported_separately
150,55,1,false,false,false,false,true,false,false,false,true,1,true,true,physical_support_with_dark_floor_reported_separately
150,55,2,false,false,false,false,true,false,false,false,true,1,true,true,physical_support_with_dark_floor_reported_separately
150,55,3,false,false,false,false,true,false,false,false,true,1,true,true,physical_support_with_dark_floor_reported_separately
150,55,4,false,false,false,false,true,false,false,false,true,1,true,true,physical_support_with_dark_floor_reported_separately
150,55,5,false,false,false,false,true,false,false,false,true,1,true,true,physical_support_with_dark_floor_reported_separately
150,55,6,false,false,false,false,true,false,false,false,true,1,true,true,physical_support_with_dark_floor_reported_separately
150,55,7,false,false,false,false,true,false,false,false,true,1,true,true,physical_support_with_dark_floor_reported_separately
150,55,8,false,false,false,false,true,false,false,false,true,1,true,true,physical_support_with_dark_floor_reported_separately
150,55,9,false,false,false,false,true,false,false,false,true,1,true,true,physical_support_with_dark_floor_reported_separately
150,55,10,false,false,false,false,true,false,false,false,true,1,true,true,physical_support_with_dark_floor_reported_separately
150,55,11,false,false,false,false,true,false,false,false,true,1,true,true,physical_support_with_dark_floor_reported_separately
150,55,12,false,false,false,false,true,false,false,false,true,1,true,true,physical_support_with_dark_floor_reported_separately
150,55,13,false,false,false,false,true,false,false,false,true,1,true,true,physical_support_with_dark_floor_reported_separately
150,55,14,false,false,false,false,true,false,false,false,true,1,true,true,physical_support_with_dark_floor_reported_separately
150,55,15,false,false,false,false,true,false,false,false,true,1,true,true,physical_support_with_dark_floor_reported_separately
150,56,1,false,false,false,false,true,false,true,false,true,2,true,true,physical_support_with_dark_floor_reported_separately
150,56,2,false,false,false,false,true,false,true,false,true,2,true,true,physical_support_with_dark_floor_reported_separately
150,56,3,false,false,false,false,true,false,true,false,true,2,true,true,physical_support_with_dark_floor_reported_separately
150,56,4,false,false,false,false,true,false,true,false,true,2,true,true,physical_support_with_dark_floor_reported_separately
150,56,5,false,false,false,false,true,false,true,false,true,2,true,true,physical_support_with_dark_floor_reported_separately
150,56,6,false,false,false,false,true,false,true,false,true,2,true,true,physical_support_with_dark_floor_reported_separately
150,56,7,false,false,false,false,true,false,true,false,true,2,true,true,physical_support_with_dark_floor_reported_separately
150,56,8,false,false,false,false,true,false,true,false,true,2,true,true,physical_support_with_dark_floor_reported_separately
150,56,9,false,false,false,false,true,false,true,false,true,2,true,true,physical_support_with_dark_floor_reported_separately
150,56,10,false,false,false,false,true,false,true,false,true,2,true,true,physical_support_with_dark_floor_reported_separately
150,56,11,false,false,false,false,true,false,true,false,true,2,true,true,physical_support_with_dark_floor_reported_separately
150,56,12,false,false,false,false,true,false,true,false,true,2,true,true,physical_support_with_dark_floor_reported_separately
150,56,13,false,false,false,false,true,false,true,false,true,2,true,true,physical_support_with_dark_floor_reported_separately
150,56,14,false,false,false,false,true,false,true,false,true,2,true,true,physical_support_with_dark_floor_reported_separately
150,56,15,false,false,false,false,true,false,true,false,true,2,true,true,physical_support_with_dark_floor_reported_separately
150,57,1,false,false,false,false,false,false,false,false,false,0,true,true,physical_support_with_dark_floor_reported_separately
150,57,2,false,false,false,false,false,false,false,false,false,0,true,true,physical_support_with_dark_floor_reported_separately
150,57,3,false,false,false,false,false,false,false,false,false,0,true,true,physical_support_with_dark_floor_reported_separately
150,57,4,false,false,false,false,false,false,false,false,false,0,true,true,physical_support_with_dark_floor_reported_separately
150,57,5,false,false,false,false,false,false,false,false,false,0,true,true,physical_support_with_dark_floor_reported_separately
150,57,6,false,false,false,false,false,false,false,false,false,0,true,true,physical_support_with_dark_floor_reported_separately
150,57,7,false,false,false,false,false,false,false,false,false,0,true,true,physical_support_with_dark_floor_reported_separately
150,57,8,false,false,false,false,false,false,false,false,false,0,true,true,physical_support_with_dark_floor_reported_separately
150,57,9,false,false,false,false,false,false,false,false,false,0,true,true,physical_support_with_dark_floor_reported_separately
150,57,10,false,false,false,false,false,false,false,false,false,0,true,true,physical_support_with_dark_floor_reported_separately
150,57,11,false,false,false,false,false,false,false,false,false,0,true,true,physical_support_with_dark_floor_reported_separately
150,57,12,false,false,false,false,false,false,false,false,false,0,true,true,physical_support_with_dark_floor_reported_separately
150,57,13,false,false,false,false,false,false,false,false,false,0,true,true,physical_support_with_dark_floor_reported_separately
150,57,14,false,false,false,false,false,false,false,false,false,0,true,true,physical_support_with_dark_floor_reported_separately
150,57,15,false,false,false,false,false,false,false,false,false,0,true,true,physical_support_with_dark_floor_reported_separately
150,58,1,false,false,false,false,true,false,true,false,true,2,true,true,physical_support_with_dark_floor_reported_separately
150,58,2,false,false,false,false,true,false,true,false,true,2,true,true,physical_support_with_dark_floor_reported_separately
150,58,3,false,false,false,false,true,false,true,false,true,2,true,true,physical_support_with_dark_floor_reported_separately
150,58,4,false,false,false,false,true,false,true,false,true,2,true,true,physical_support_with_dark_floor_reported_separately
150,58,5,false,false,false,false,true,false,true,false,true,2,true,true,physical_support_with_dark_floor_reported_separately
150,58,6,false,false,false,false,true,false,true,false,true,2,true,true,physical_support_with_dark_floor_reported_separately
150,58,7,false,false,false,false,true,false,true,false,true,2,true,true,physical_support_with_dark_floor_reported_separately
150,58,8,false,false,false,false,true,false,true,false,true,2,true,true,physical_support_with_dark_floor_reported_separately
150,58,9,false,false,false,false,true,false,true,false,true,2,true,true,physical_support_with_dark_floor_reported_separately
150,58,10,false,false,false,false,true,false,true,false,true,2,true,true,physical_support_with_dark_floor_reported_separately
150,58,11,false,false,false,false,true,false,true,false,true,2,true,true,physical_support_with_dark_floor_reported_separately
150,58,12,false,false,false,false,true,false,true,false,true,2,true,true,physical_support_with_dark_floor_reported_separately
150,58,13,false,false,false,false,true,false,true,false,true,2,true,true,physical_support_with_dark_floor_reported_separately
150,58,14,false,false,false,false,true,false,true,false,true,2,true,true,physical_support_with_dark_floor_reported_separately
150,58,15,false,false,false,false,true,false,true,false,true,2,true,true,physical_support_with_dark_floor_reported_separately
150,59,1,false,false,false,false,false,false,true,false,true,1,true,true,physical_support_with_dark_floor_reported_separately
150,59,2,false,false,false,false,false,false,true,false,true,1,true,true,physical_support_with_dark_floor_reported_separately
150,59,3,false,false,false,false,false,false,true,false,true,1,true,true,physical_support_with_dark_floor_reported_separately
150,59,4,false,false,false,false,false,false,true,false,true,1,true,true,physical_support_with_dark_floor_reported_separately
150,59,5,false,false,false,false,false,false,true,false,true,1,true,true,physical_support_with_dark_floor_reported_separately
150,59,6,false,false,false,false,false,false,true,false,true,1,true,true,physical_support_with_dark_floor_reported_separately
150,59,7,false,false,false,false,false,false,true,false,true,1,true,true,physical_support_with_dark_floor_reported_separately
150,59,8,false,false,false,false,false,false,true,false,true,1,true,true,physical_support_with_dark_floor_reported_separately
150,59,9,false,false,false,false,false,false,true,false,true,1,true,true,physical_support_with_dark_floor_reported_separately
150,59,10,false,false,false,false,false,false,true,false,true,1,true,true,physical_support_with_dark_floor_reported_separately
150,59,11,false,false,false,false,false,false,true,false,true,1,true,true,physical_support_with_dark_floor_reported_separately
150,59,12,false,false,false,false,false,false,true,false,true,1,true,true,physical_support_with_dark_floor_reported_separately
150,59,13,false,false,false,false,false,false,true,false,true,1,true,true,physical_support_with_dark_floor_reported_separately
150,59,14,false,false,false,false,false,false,true,false,true,1,true,true,physical_support_with_dark_floor_reported_separately
150,59,15,false,false,false,false,false,false,true,false,true,1,true,true,physical_support_with_dark_floor_reported_separately
150,60,1,false,false,false,false,false,false,false,false,false,0,true,true,physical_support_with_dark_floor_reported_separately
150,60,2,false,false,false,false,false,false,false,false,false,0,true,true,physical_support_with_dark_floor_reported_separately
150,60,3,false,false,false,false,false,false,false,false,false,0,true,true,physical_support_with_dark_floor_reported_separately
150,60,4,false,false,false,false,false,false,false,false,false,0,true,true,physical_support_with_dark_floor_reported_separately
150,60,5,false,false,false,false,false,false,false,false,false,0,true,true,physical_support_with_dark_floor_reported_separately
150,60,6,false,false,false,false,false,false,false,false,false,0,true,true,physical_support_with_dark_floor_reported_separately
150,60,7,false,false,false,false,false,false,false,false,false,0,true,true,physical_support_with_dark_floor_reported_separately
150,60,8,false,false,false,false,false,false,false,false,false,0,true,true,physical_support_with_dark_floor_reported_separately
150,60,9,false,false,false,false,false,false,false,false,false,0,true,true,physical_support_with_dark_floor_reported_separately
150,60,10,false,false,false,false,false,false,false,false,false,0,true,true,physical_support_with_dark_floor_reported_separately
150,60,11,false,false,false,false,false,false,false,false,false,0,true,true,physical_support_with_dark_floor_reported_separately
150,60,12,false,false,false,false,false,false,false,false,false,0,true,true,physical_support_with_dark_floor_reported_separately
150,60,13,false,false,false,false,false,false,false,false,false,0,true,true,physical_support_with_dark_floor_reported_separately
150,60,14,false,false,false,false,false,false,false,false,false,0,true,true,physical_support_with_dark_floor_reported_separately
150,60,15,false,false,false,false,false,false,false,false,false,0,true,true,physical_support_with_dark_floor_reported_separately
150,61,1,false,false,false,false,false,false,false,false,false,0,true,true,physical_support_with_dark_floor_reported_separately
150,61,2,false,false,false,false,false,false,false,false,false,0,true,true,physical_support_with_dark_floor_reported_separately
150,61,3,false,false,false,false,false,false,false,false,false,0,true,true,physical_support_with_dark_floor_reported_separately
150,61,4,false,false,false,false,false,false,false,false,false,0,true,true,physical_support_with_dark_floor_reported_separately
150,61,5,false,false,false,false,false,false,false,false,false,0,true,true,physical_support_with_dark_floor_reported_separately
150,61,6,false,false,false,false,false,false,false,false,false,0,true,true,physical_support_with_dark_floor_reported_separately
150,61,7,false,false,false,false,false,false,false,false,false,0,true,true,physical_support_with_dark_floor_reported_separately
150,61,8,false,false,false,false,false,false,false,false,false,0,true,true,physical_support_with_dark_floor_reported_separately
150,61,9,false,false,false,false,false,false,false,false,false,0,true,true,physical_support_with_dark_floor_reported_separately
150,61,10,false,false,false,false,false,false,false,false,false,0,true,true,physical_support_with_dark_floor_reported_separately
150,61,11,false,false,false,false,false,false,false,false,false,0,true,true,physical_support_with_dark_floor_reported_separately
150,61,12,false,false,false,false,false,false,false,false,false,0,true,true,physical_support_with_dark_floor_reported_separately
150,61,13,false,false,false,false,false,false,false,false,false,0,true,true,physical_support_with_dark_floor_reported_separately
150,61,14,false,false,false,false,false,false,false,false,false,0,true,true,physical_support_with_dark_floor_reported_separately
150,61,15,false,false,false,false,false,false,false,false,false,0,true,true,physical_support_with_dark_floor_reported_separately
150,62,1,false,false,false,false,false,false,false,false,false,0,true,true,physical_support_with_dark_floor_reported_separately
150,62,2,false,false,false,false,false,false,false,false,false,0,true,true,physical_support_with_dark_floor_reported_separately
150,62,3,false,false,false,false,false,false,false,false,false,0,true,true,physical_support_with_dark_floor_reported_separately
150,62,4,false,false,false,false,false,false,false,false,false,0,true,true,physical_support_with_dark_floor_reported_separately
150,62,5,false,false,false,false,false,false,false,false,false,0,true,true,physical_support_with_dark_floor_reported_separately
150,62,6,false,false,false,false,false,false,false,false,false,0,true,true,physical_support_with_dark_floor_reported_separately
150,62,7,false,false,false,false,false,false,false,false,false,0,true,true,physical_support_with_dark_floor_reported_separately
150,62,8,false,false,false,false,false,false,false,false,false,0,true,true,physical_support_with_dark_floor_reported_separately
150,62,9,false,false,false,false,false,false,false,false,false,0,true,true,physical_support_with_dark_floor_reported_separately
150,62,10,false,false,false,false,false,false,false,false,false,0,true,true,physical_support_with_dark_floor_reported_separately
150,62,11,false,false,false,false,false,false,false,false,false,0,true,true,physical_support_with_dark_floor_reported_separately
150,62,12,false,false,false,false,false,false,false,false,false,0,true,true,physical_support_with_dark_floor_reported_separately
150,62,13,false,false,false,false,false,false,false,false,false,0,true,true,physical_support_with_dark_floor_reported_separately
150,62,14,false,false,false,false,false,false,false,false,false,0,true,true,physical_support_with_dark_floor_reported_separately
150,62,15,false,false,false,false,false,false,false,false,false,0,true,true,physical_support_with_dark_floor_reported_separately
150,63,1,false,false,false,false,false,false,false,false,false,0,true,true,physical_support_with_dark_floor_reported_separately
150,63,2,false,false,false,false,false,false,false,false,false,0,true,true,physical_support_with_dark_floor_reported_separately
150,63,3,false,false,false,false,false,false,false,false,false,0,true,true,physical_support_with_dark_floor_reported_separately
150,63,4,false,false,false,false,false,false,false,false,false,0,true,true,physical_support_with_dark_floor_reported_separately
150,63,5,false,false,false,false,false,false,false,false,false,0,true,true,physical_support_with_dark_floor_reported_separately
150,63,6,false,false,false,false,false,false,false,false,false,0,true,true,physical_support_with_dark_floor_reported_separately
150,63,7,false,false,false,false,false,false,false,false,false,0,true,true,physical_support_with_dark_floor_reported_separately
150,63,8,false,false,false,false,false,false,false,false,false,0,true,true,physical_support_with_dark_floor_reported_separately
150,63,9,false,false,false,false,false,false,false,false,false,0,true,true,physical_support_with_dark_floor_reported_separately
150,63,10,false,false,false,false,false,false,false,false,false,0,true,true,physical_support_with_dark_floor_reported_separately
150,63,11,false,false,false,false,false,false,false,false,false,0,true,true,physical_support_with_dark_floor_reported_separately
150,63,12,false,false,false,false,false,false,false,false,false,0,true,true,physical_support_with_dark_floor_reported_separately
150,63,13,false,false,false,false,false,false,false,false,false,0,true,true,physical_support_with_dark_floor_reported_separately
150,63,14,false,false,false,false,false,false,false,false,false,0,true,true,physical_support_with_dark_floor_reported_separately
150,63,15,false,false,false,false,false,false,false,false,false,0,true,true,physical_support_with_dark_floor_reported_separately
200,0,1,false,false,false,false,true,false,true,false,true,2,true,true,physical_support_with_dark_floor_reported_separately
200,0,2,false,false,false,false,true,false,true,false,true,2,true,true,physical_support_with_dark_floor_reported_separately
200,0,3,false,false,false,false,true,false,true,false,true,2,true,true,physical_support_with_dark_floor_reported_separately
200,0,4,false,false,false,false,true,false,true,false,true,2,true,true,physical_support_with_dark_floor_reported_separately
200,0,5,false,false,false,false,true,false,true,false,true,2,true,true,physical_support_with_dark_floor_reported_separately
200,0,6,false,false,false,false,true,false,true,false,true,2,true,true,physical_support_with_dark_floor_reported_separately
200,0,7,false,false,false,false,true,false,true,false,true,2,true,true,physical_support_with_dark_floor_reported_separately
200,0,8,false,false,false,false,true,false,true,false,true,2,true,true,physical_support_with_dark_floor_reported_separately
200,0,9,false,false,false,false,true,false,true,false,true,2,true,true,physical_support_with_dark_floor_reported_separately
200,0,10,false,false,false,false,true,false,true,false,true,2,true,true,physical_support_with_dark_floor_reported_separately
200,0,11,false,false,false,false,true,false,true,false,true,2,true,true,physical_support_with_dark_floor_reported_separately
200,0,12,false,false,false,false,true,false,true,false,true,2,true,true,physical_support_with_dark_floor_reported_separately
200,0,13,false,false,false,false,true,false,true,false,true,2,true,true,physical_support_with_dark_floor_reported_separately
200,0,14,false,false,false,false,true,false,true,false,true,2,true,true,physical_support_with_dark_floor_reported_separately
200,0,15,false,false,false,false,true,false,true,false,true,2,true,true,physical_support_with_dark_floor_reported_separately
200,1,1,false,false,false,false,true,false,true,false,true,2,true,true,physical_support_with_dark_floor_reported_separately
200,1,2,false,false,false,false,true,false,true,false,true,2,true,true,physical_support_with_dark_floor_reported_separately
200,1,3,false,false,false,false,true,false,true,false,true,2,true,true,physical_support_with_dark_floor_reported_separately
200,1,4,false,false,false,false,true,false,true,false,true,2,true,true,physical_support_with_dark_floor_reported_separately
200,1,5,false,false,false,false,true,false,true,false,true,2,true,true,physical_support_with_dark_floor_reported_separately
200,1,6,false,false,false,false,true,false,true,false,true,2,true,true,physical_support_with_dark_floor_reported_separately
200,1,7,false,false,false,false,true,false,true,false,true,2,true,true,physical_support_with_dark_floor_reported_separately
200,1,8,false,false,false,false,true,false,true,false,true,2,true,true,physical_support_with_dark_floor_reported_separately
200,1,9,false,false,false,false,true,false,true,false,true,2,true,true,physical_support_with_dark_floor_reported_separately
200,1,10,false,false,false,false,true,false,true,false,true,2,true,true,physical_support_with_dark_floor_reported_separately
200,1,11,false,false,false,false,true,false,true,false,true,2,true,true,physical_support_with_dark_floor_reported_separately
200,1,12,false,false,false,false,true,false,true,false,true,2,true,true,physical_support_with_dark_floor_reported_separately
200,1,13,false,false,false,false,true,false,true,false,true,2,true,true,physical_support_with_dark_floor_reported_separately
200,1,14,false,false,false,false,true,false,true,false,true,2,true,true,physical_support_with_dark_floor_reported_separately
200,1,15,false,false,false,false,true,false,true,false,true,2,true,true,physical_support_with_dark_floor_reported_separately
200,2,1,false,false,false,false,true,false,false,false,true,1,true,true,physical_support_with_dark_floor_reported_separately
200,2,2,false,false,false,false,true,false,false,false,true,1,true,true,physical_support_with_dark_floor_reported_separately
200,2,3,false,false,false,false,true,false,false,false,true,1,true,true,physical_support_with_dark_floor_reported_separately
200,2,4,false,false,false,false,true,false,false,false,true,1,true,true,physical_support_with_dark_floor_reported_separately
200,2,5,false,false,false,false,true,false,false,false,true,1,true,true,physical_support_with_dark_floor_reported_separately
200,2,6,false,false,false,false,true,false,false,false,true,1,true,true,physical_support_with_dark_floor_reported_separately
200,2,7,false,false,false,false,true,false,false,false,true,1,true,true,physical_support_with_dark_floor_reported_separately
200,2,8,false,false,false,false,true,false,false,false,true,1,true,true,physical_support_with_dark_floor_reported_separately
200,2,9,false,false,false,false,true,false,false,false,true,1,true,true,physical_support_with_dark_floor_reported_separately
200,2,10,false,false,false,false,true,false,false,false,true,1,true,true,physical_support_with_dark_floor_reported_separately
200,2,11,false,false,false,false,true,false,false,false,true,1,true,true,physical_support_with_dark_floor_reported_separately
200,2,12,false,false,false,false,true,false,false,false,true,1,true,true,physical_support_with_dark_floor_reported_separately
200,2,13,false,false,false,false,true,false,false,false,true,1,true,true,physical_support_with_dark_floor_reported_separately
200,2,14,false,false,false,false,true,false,false,false,true,1,true,true,physical_support_with_dark_floor_reported_separately
200,2,15,false,false,false,false,true,false,false,false,true,1,true,true,physical_support_with_dark_floor_reported_separately
200,3,1,false,false,false,false,false,false,true,false,true,1,true,true,physical_support_with_dark_floor_reported_separately
200,3,2,false,false,false,false,false,false,true,false,true,1,true,true,physical_support_with_dark_floor_reported_separately
200,3,3,false,false,false,false,false,false,true,false,true,1,true,true,physical_support_with_dark_floor_reported_separately
200,3,4,false,false,false,false,false,false,true,false,true,1,true,true,physical_support_with_dark_floor_reported_separately
200,3,5,false,false,false,false,false,false,true,false,true,1,true,true,physical_support_with_dark_floor_reported_separately
200,3,6,false,false,false,false,false,false,true,false,true,1,true,true,physical_support_with_dark_floor_reported_separately
200,3,7,false,false,false,false,false,false,true,false,true,1,true,true,physical_support_with_dark_floor_reported_separately
200,3,8,false,false,false,false,false,false,true,false,true,1,true,true,physical_support_with_dark_floor_reported_separately
200,3,9,false,false,false,false,false,false,true,false,true,1,true,true,physical_support_with_dark_floor_reported_separately
200,3,10,false,false,false,false,false,false,true,false,true,1,true,true,physical_support_with_dark_floor_reported_separately
200,3,11,false,false,false,false,false,false,true,false,true,1,true,true,physical_support_with_dark_floor_reported_separately
200,3,12,false,false,false,false,false,false,true,false,true,1,true,true,physical_support_with_dark_floor_reported_separately
200,3,13,false,false,false,false,false,false,true,false,true,1,true,true,physical_support_with_dark_floor_reported_separately
200,3,14,false,false,false,false,false,false,true,false,true,1,true,true,physical_support_with_dark_floor_reported_separately
200,3,15,false,false,false,false,false,false,true,false,true,1,true,true,physical_support_with_dark_floor_reported_separately
200,4,1,false,false,false,false,false,false,true,false,true,1,true,true,physical_support_with_dark_floor_reported_separately
200,4,2,false,false,false,false,false,false,true,false,true,1,true,true,physical_support_with_dark_floor_reported_separately
200,4,3,false,false,false,false,false,false,true,false,true,1,true,true,physical_support_with_dark_floor_reported_separately
200,4,4,false,false,false,false,false,false,true,false,true,1,true,true,physical_support_with_dark_floor_reported_separately
200,4,5,false,false,false,false,false,false,true,false,true,1,true,true,physical_support_with_dark_floor_reported_separately
200,4,6,false,false,false,false,false,false,true,false,true,1,true,true,physical_support_with_dark_floor_reported_separately
200,4,7,false,false,false,false,false,false,true,false,true,1,true,true,physical_support_with_dark_floor_reported_separately
200,4,8,false,false,false,false,false,false,true,false,true,1,true,true,physical_support_with_dark_floor_reported_separately
200,4,9,false,false,false,false,false,false,true,false,true,1,true,true,physical_support_with_dark_floor_reported_separately
200,4,10,false,false,false,false,false,false,true,false,true,1,true,true,physical_support_with_dark_floor_reported_separately
200,4,11,false,false,false,false,false,false,true,false,true,1,true,true,physical_support_with_dark_floor_reported_separately
200,4,12,false,false,false,false,false,false,true,false,true,1,true,true,physical_support_with_dark_floor_reported_separately
200,4,13,false,false,false,false,false,false,true,false,true,1,true,true,physical_support_with_dark_floor_reported_separately
200,4,14,false,false,false,false,false,false,true,false,true,1,true,true,physical_support_with_dark_floor_reported_separately
200,4,15,false,false,false,false,false,false,true,false,true,1,true,true,physical_support_with_dark_floor_reported_separately
200,5,1,false,false,false,false,false,false,false,false,false,0,true,true,physical_support_with_dark_floor_reported_separately
200,5,2,false,false,false,false,false,false,false,false,false,0,true,true,physical_support_with_dark_floor_reported_separately
200,5,3,false,false,false,false,false,false,false,false,false,0,true,true,physical_support_with_dark_floor_reported_separately
200,5,4,false,false,false,false,false,false,false,false,false,0,true,true,physical_support_with_dark_floor_reported_separately
200,5,5,false,false,false,false,false,false,false,false,false,0,true,true,physical_support_with_dark_floor_reported_separately
200,5,6,false,false,false,false,false,false,false,false,false,0,true,true,physical_support_with_dark_floor_reported_separately
200,5,7,false,false,false,false,false,false,false,false,false,0,true,true,physical_support_with_dark_floor_reported_separately
200,5,8,false,false,false,false,false,false,false,false,false,0,true,true,physical_support_with_dark_floor_reported_separately
200,5,9,false,false,false,false,false,false,false,false,false,0,true,true,physical_support_with_dark_floor_reported_separately
200,5,10,false,false,false,false,false,false,false,false,false,0,true,true,physical_support_with_dark_floor_reported_separately
200,5,11,false,false,false,false,false,false,false,false,false,0,true,true,physical_support_with_dark_floor_reported_separately
200,5,12,false,false,false,false,false,false,false,false,false,0,true,true,physical_support_with_dark_floor_reported_separately
200,5,13,false,false,false,false,false,false,false,false,false,0,true,true,physical_support_with_dark_floor_reported_separately
200,5,14,false,false,false,false,false,false,false,false,false,0,true,true,physical_support_with_dark_floor_reported_separately
200,5,15,false,false,false,false,false,false,false,false,false,0,true,true,physical_support_with_dark_floor_reported_separately
200,6,1,false,false,false,false,true,false,false,false,true,1,true,true,physical_support_with_dark_floor_reported_separately
200,6,2,false,false,false,false,true,false,false,false,true,1,true,true,physical_support_with_dark_floor_reported_separately
200,6,3,false,false,false,false,true,false,false,false,true,1,true,true,physical_support_with_dark_floor_reported_separately
200,6,4,false,false,false,false,true,false,false,false,true,1,true,true,physical_support_with_dark_floor_reported_separately
200,6,5,false,false,false,false,true,false,false,false,true,1,true,true,physical_support_with_dark_floor_reported_separately
200,6,6,false,false,false,false,true,false,true,false,true,2,true,true,physical_support_with_dark_floor_reported_separately
200,6,7,false,false,false,false,true,false,false,false,true,1,true,true,physical_support_with_dark_floor_reported_separately
200,6,8,false,false,false,false,true,false,false,false,true,1,true,true,physical_support_with_dark_floor_reported_separately
200,6,9,false,false,false,false,true,false,false,false,true,1,true,true,physical_support_with_dark_floor_reported_separately
200,6,10,false,false,false,false,true,false,false,false,true,1,true,true,physical_support_with_dark_floor_reported_separately
200,6,11,false,false,false,false,true,false,false,false,true,1,true,true,physical_support_with_dark_floor_reported_separately
200,6,12,false,false,false,false,true,false,false,false,true,1,true,true,physical_support_with_dark_floor_reported_separately
200,6,13,false,false,false,false,true,false,false,false,true,1,true,true,physical_support_with_dark_floor_reported_separately
200,6,14,false,false,false,false,true,false,false,false,true,1,true,true,physical_support_with_dark_floor_reported_separately
200,6,15,false,false,false,false,true,false,false,false,true,1,true,true,physical_support_with_dark_floor_reported_separately
200,7,1,false,false,false,false,true,false,false,false,true,1,true,true,physical_support_with_dark_floor_reported_separately
200,7,2,false,false,false,false,true,false,false,false,true,1,true,true,physical_support_with_dark_floor_reported_separately
200,7,3,false,false,false,false,true,false,false,false,true,1,true,true,physical_support_with_dark_floor_reported_separately
200,7,4,false,false,false,false,true,false,false,false,true,1,true,true,physical_support_with_dark_floor_reported_separately
200,7,5,false,false,false,false,true,false,false,false,true,1,true,true,physical_support_with_dark_floor_reported_separately
200,7,6,false,false,false,false,true,false,false,false,true,1,true,true,physical_support_with_dark_floor_reported_separately
200,7,7,false,false,false,false,true,false,false,false,true,1,true,true,physical_support_with_dark_floor_reported_separately
200,7,8,false,false,false,false,true,false,false,false,true,1,true,true,physical_support_with_dark_floor_reported_separately
200,7,9,false,false,false,false,true,false,false,false,true,1,true,true,physical_support_with_dark_floor_reported_separately
200,7,10,false,false,false,false,true,false,false,false,true,1,true,true,physical_support_with_dark_floor_reported_separately
200,7,11,false,false,false,false,true,false,false,false,true,1,true,true,physical_support_with_dark_floor_reported_separately
200,7,12,false,false,false,false,true,false,false,false,true,1,true,true,physical_support_with_dark_floor_reported_separately
200,7,13,false,false,false,false,true,false,false,false,true,1,true,true,physical_support_with_dark_floor_reported_separately
200,7,14,false,false,false,false,true,false,false,false,true,1,true,true,physical_support_with_dark_floor_reported_separately
200,7,15,false,false,false,false,true,false,false,false,true,1,true,true,physical_support_with_dark_floor_reported_separately
200,8,1,false,false,false,false,true,false,true,false,true,2,true,true,physical_support_with_dark_floor_reported_separately
200,8,2,false,false,false,false,true,false,true,false,true,2,true,true,physical_support_with_dark_floor_reported_separately
200,8,3,false,false,false,false,true,false,true,false,true,2,true,true,physical_support_with_dark_floor_reported_separately
200,8,4,false,false,false,false,true,false,true,false,true,2,true,true,physical_support_with_dark_floor_reported_separately
200,8,5,false,false,false,false,true,false,true,false,true,2,true,true,physical_support_with_dark_floor_reported_separately
200,8,6,false,false,false,false,true,false,true,false,true,2,true,true,physical_support_with_dark_floor_reported_separately
200,8,7,false,false,false,false,true,false,true,false,true,2,true,true,physical_support_with_dark_floor_reported_separately
200,8,8,false,false,false,false,true,false,true,false,true,2,true,true,physical_support_with_dark_floor_reported_separately
200,8,9,false,false,false,false,true,false,true,false,true,2,true,true,physical_support_with_dark_floor_reported_separately
200,8,10,false,false,false,false,true,false,true,false,true,2,true,true,physical_support_with_dark_floor_reported_separately
200,8,11,false,false,false,false,true,false,true,false,true,2,true,true,physical_support_with_dark_floor_reported_separately
200,8,12,false,false,false,false,true,false,true,false,true,2,true,true,physical_support_with_dark_floor_reported_separately
200,8,13,false,false,false,false,true,false,true,false,true,2,true,true,physical_support_with_dark_floor_reported_separately
200,8,14,false,false,false,false,true,false,true,false,true,2,true,true,physical_support_with_dark_floor_reported_separately
200,8,15,false,false,false,false,true,false,true,false,true,2,true,true,physical_support_with_dark_floor_reported_separately
200,9,1,false,false,false,false,false,false,true,false,true,1,true,true,physical_support_with_dark_floor_reported_separately
200,9,2,false,false,false,false,false,false,true,false,true,1,true,true,physical_support_with_dark_floor_reported_separately
200,9,3,false,false,false,false,false,false,true,false,true,1,true,true,physical_support_with_dark_floor_reported_separately
200,9,4,false,false,false,false,false,false,true,false,true,1,true,true,physical_support_with_dark_floor_reported_separately
200,9,5,false,false,false,false,false,false,true,false,true,1,true,true,physical_support_with_dark_floor_reported_separately
200,9,6,false,false,false,false,false,false,true,false,true,1,true,true,physical_support_with_dark_floor_reported_separately
200,9,7,false,false,false,false,false,false,true,false,true,1,true,true,physical_support_with_dark_floor_reported_separately
200,9,8,false,false,false,false,false,false,true,false,true,1,true,true,physical_support_with_dark_floor_reported_separately
200,9,9,false,false,false,false,false,false,true,false,true,1,true,true,physical_support_with_dark_floor_reported_separately
200,9,10,false,false,false,false,false,false,true,false,true,1,true,true,physical_support_with_dark_floor_reported_separately
200,9,11,false,false,false,false,false,false,true,false,true,1,true,true,physical_support_with_dark_floor_reported_separately
200,9,12,false,false,false,false,false,false,true,false,true,1,true,true,physical_support_with_dark_floor_reported_separately
200,9,13,false,false,false,false,false,false,true,false,true,1,true,true,physical_support_with_dark_floor_reported_separately
200,9,14,false,false,false,false,false,false,true,false,true,1,true,true,physical_support_with_dark_floor_reported_separately
200,9,15,false,false,false,false,false,false,true,false,true,1,true,true,physical_support_with_dark_floor_reported_separately
200,10,1,false,false,false,false,false,false,true,false,true,1,true,true,physical_support_with_dark_floor_reported_separately
200,10,2,false,false,false,false,false,false,true,false,true,1,true,true,physical_support_with_dark_floor_reported_separately
200,10,3,false,false,false,false,false,false,true,false,true,1,true,true,physical_support_with_dark_floor_reported_separately
200,10,4,false,false,false,false,false,false,true,false,true,1,true,true,physical_support_with_dark_floor_reported_separately
200,10,5,false,false,false,false,false,false,true,false,true,1,true,true,physical_support_with_dark_floor_reported_separately
200,10,6,false,false,false,false,false,false,true,false,true,1,true,true,physical_support_with_dark_floor_reported_separately
200,10,7,false,false,false,false,false,false,true,false,true,1,true,true,physical_support_with_dark_floor_reported_separately
200,10,8,false,false,false,false,false,false,true,false,true,1,true,true,physical_support_with_dark_floor_reported_separately
200,10,9,false,false,false,false,false,false,true,false,true,1,true,true,physical_support_with_dark_floor_reported_separately
200,10,10,false,false,false,false,false,false,true,false,true,1,true,true,physical_support_with_dark_floor_reported_separately
200,10,11,false,false,false,false,false,false,true,false,true,1,true,true,physical_support_with_dark_floor_reported_separately
200,10,12,false,false,false,false,false,false,true,false,true,1,true,true,physical_support_with_dark_floor_reported_separately
200,10,13,false,false,false,false,false,false,true,false,true,1,true,true,physical_support_with_dark_floor_reported_separately
200,10,14,false,false,false,false,false,false,true,false,true,1,true,true,physical_support_with_dark_floor_reported_separately
200,10,15,false,false,false,false,false,false,true,false,true,1,true,true,physical_support_with_dark_floor_reported_separately
200,11,1,false,false,false,false,true,false,true,false,true,2,true,true,physical_support_with_dark_floor_reported_separately
200,11,2,false,false,false,false,true,false,true,false,true,2,true,true,physical_support_with_dark_floor_reported_separately
200,11,3,false,false,false,false,true,false,true,false,true,2,true,true,physical_support_with_dark_floor_reported_separately
200,11,4,false,false,false,false,true,false,true,false,true,2,true,true,physical_support_with_dark_floor_reported_separately
200,11,5,false,false,false,false,true,false,true,false,true,2,true,true,physical_support_with_dark_floor_reported_separately
200,11,6,false,false,false,false,true,false,true,false,true,2,true,true,physical_support_with_dark_floor_reported_separately
200,11,7,false,false,false,false,true,false,true,false,true,2,true,true,physical_support_with_dark_floor_reported_separately
200,11,8,false,false,false,false,true,false,true,false,true,2,true,true,physical_support_with_dark_floor_reported_separately
200,11,9,false,false,false,false,true,false,true,false,true,2,true,true,physical_support_with_dark_floor_reported_separately
200,11,10,false,false,false,false,true,false,true,false,true,2,true,true,physical_support_with_dark_floor_reported_separately
200,11,11,false,false,false,false,true,false,true,false,true,2,true,true,physical_support_with_dark_floor_reported_separately
200,11,12,false,false,false,false,true,false,true,false,true,2,true,true,physical_support_with_dark_floor_reported_separately
200,11,13,false,false,false,false,true,false,true,false,true,2,true,true,physical_support_with_dark_floor_reported_separately
200,11,14,false,false,false,false,true,false,true,false,true,2,true,true,physical_support_with_dark_floor_reported_separately
200,11,15,false,false,false,false,true,false,true,false,true,2,true,true,physical_support_with_dark_floor_reported_separately
200,12,1,false,false,false,false,true,false,true,false,true,2,true,true,physical_support_with_dark_floor_reported_separately
200,12,2,false,false,false,false,true,false,true,false,true,2,true,true,physical_support_with_dark_floor_reported_separately
200,12,3,false,false,false,false,true,false,true,false,true,2,true,true,physical_support_with_dark_floor_reported_separately
200,12,4,false,false,false,false,true,false,true,false,true,2,true,true,physical_support_with_dark_floor_reported_separately
200,12,5,false,false,false,false,true,false,true,false,true,2,true,true,physical_support_with_dark_floor_reported_separately
200,12,6,false,false,false,false,true,false,true,false,true,2,true,true,physical_support_with_dark_floor_reported_separately
200,12,7,false,false,false,false,true,false,true,false,true,2,true,true,physical_support_with_dark_floor_reported_separately
200,12,8,false,false,false,false,true,false,true,false,true,2,true,true,physical_support_with_dark_floor_reported_separately
200,12,9,false,false,false,false,true,false,true,false,true,2,true,true,physical_support_with_dark_floor_reported_separately
200,12,10,false,false,false,false,true,false,true,false,true,2,true,true,physical_support_with_dark_floor_reported_separately
200,12,11,false,false,false,false,true,false,true,false,true,2,true,true,physical_support_with_dark_floor_reported_separately
200,12,12,false,false,false,false,true,false,true,false,true,2,true,true,physical_support_with_dark_floor_reported_separately
200,12,13,false,false,false,false,true,false,true,false,true,2,true,true,physical_support_with_dark_floor_reported_separately
200,12,14,false,false,false,false,true,false,true,false,true,2,true,true,physical_support_with_dark_floor_reported_separately
200,12,15,false,false,false,false,true,false,true,false,true,2,true,true,physical_support_with_dark_floor_reported_separately
200,13,1,false,false,false,false,true,false,true,false,true,2,true,true,physical_support_with_dark_floor_reported_separately
200,13,2,false,false,false,false,true,false,true,false,true,2,true,true,physical_support_with_dark_floor_reported_separately
200,13,3,false,false,false,false,true,false,true,false,true,2,true,true,physical_support_with_dark_floor_reported_separately
200,13,4,false,false,false,false,true,false,true,false,true,2,true,true,physical_support_with_dark_floor_reported_separately
200,13,5,false,false,false,false,true,false,true,false,true,2,true,true,physical_support_with_dark_floor_reported_separately
200,13,6,false,false,false,false,true,false,true,false,true,2,true,true,physical_support_with_dark_floor_reported_separately
200,13,7,false,false,false,false,true,false,true,false,true,2,true,true,physical_support_with_dark_floor_reported_separately
200,13,8,false,false,false,false,true,false,true,false,true,2,true,true,physical_support_with_dark_floor_reported_separately
200,13,9,false,false,false,false,true,false,true,false,true,2,true,true,physical_support_with_dark_floor_reported_separately
200,13,10,false,false,false,false,true,false,true,false,true,2,true,true,physical_support_with_dark_floor_reported_separately
200,13,11,false,false,false,false,true,false,true,false,true,2,true,true,physical_support_with_dark_floor_reported_separately
200,13,12,false,false,false,false,true,false,true,false,true,2,true,true,physical_support_with_dark_floor_reported_separately
200,13,13,false,false,false,false,true,false,true,false,true,2,true,true,physical_support_with_dark_floor_reported_separately
200,13,14,false,false,false,false,true,false,true,false,true,2,true,true,physical_support_with_dark_floor_reported_separately
200,13,15,false,false,false,false,true,false,true,false,true,2,true,true,physical_support_with_dark_floor_reported_separately
200,14,1,false,false,false,false,true,false,true,false,true,2,true,true,physical_support_with_dark_floor_reported_separately
200,14,2,false,false,false,false,true,false,true,false,true,2,true,true,physical_support_with_dark_floor_reported_separately
200,14,3,false,false,false,false,true,false,true,false,true,2,true,true,physical_support_with_dark_floor_reported_separately
200,14,4,false,false,false,false,true,false,true,false,true,2,true,true,physical_support_with_dark_floor_reported_separately
200,14,5,false,false,false,false,true,false,true,false,true,2,true,true,physical_support_with_dark_floor_reported_separately
200,14,6,false,false,false,false,true,false,true,false,true,2,true,true,physical_support_with_dark_floor_reported_separately
200,14,7,false,false,false,false,true,false,true,false,true,2,true,true,physical_support_with_dark_floor_reported_separately
200,14,8,false,false,false,false,true,false,true,false,true,2,true,true,physical_support_with_dark_floor_reported_separately
200,14,9,false,false,false,false,true,false,true,false,true,2,true,true,physical_support_with_dark_floor_reported_separately
200,14,10,false,false,false,false,true,false,true,false,true,2,true,true,physical_support_with_dark_floor_reported_separately
200,14,11,false,false,false,false,true,false,true,false,true,2,true,true,physical_support_with_dark_floor_reported_separately
200,14,12,false,false,false,false,true,false,true,false,true,2,true,true,physical_support_with_dark_floor_reported_separately
200,14,13,false,false,false,false,true,false,true,false,true,2,true,true,physical_support_with_dark_floor_reported_separately
200,14,14,false,false,false,false,true,false,true,false,true,2,true,true,physical_support_with_dark_floor_reported_separately
200,14,15,false,false,false,false,true,false,true,false,true,2,true,true,physical_support_with_dark_floor_reported_separately
200,15,1,false,false,false,false,true,false,false,false,true,1,true,true,physical_support_with_dark_floor_reported_separately
200,15,2,false,false,false,false,true,false,false,false,true,1,true,true,physical_support_with_dark_floor_reported_separately
200,15,3,false,false,false,false,true,false,false,false,true,1,true,true,physical_support_with_dark_floor_reported_separately
200,15,4,false,false,false,false,true,false,false,false,true,1,true,true,physical_support_with_dark_floor_reported_separately
200,15,5,false,false,false,false,true,false,false,false,true,1,true,true,physical_support_with_dark_floor_reported_separately
200,15,6,false,false,false,false,true,false,false,false,true,1,true,true,physical_support_with_dark_floor_reported_separately
200,15,7,false,false,false,false,true,false,false,false,true,1,true,true,physical_support_with_dark_floor_reported_separately
200,15,8,false,false,false,false,true,false,false,false,true,1,true,true,physical_support_with_dark_floor_reported_separately
200,15,9,false,false,false,false,true,false,false,false,true,1,true,true,physical_support_with_dark_floor_reported_separately
200,15,10,false,false,false,false,true,false,false,false,true,1,true,true,physical_support_with_dark_floor_reported_separately
200,15,11,false,false,false,false,true,false,false,false,true,1,true,true,physical_support_with_dark_floor_reported_separately
200,15,12,false,false,false,false,true,false,false,false,true,1,true,true,physical_support_with_dark_floor_reported_separately
200,15,13,false,false,false,false,true,false,false,false,true,1,true,true,physical_support_with_dark_floor_reported_separately
200,15,14,false,false,false,false,true,false,false,false,true,1,true,true,physical_support_with_dark_floor_reported_separately
200,15,15,false,false,false,false,true,false,false,false,true,1,true,true,physical_support_with_dark_floor_reported_separately
200,16,1,false,false,false,false,true,false,false,false,true,1,true,true,physical_support_with_dark_floor_reported_separately
200,16,2,false,false,false,false,true,false,false,false,true,1,true,true,physical_support_with_dark_floor_reported_separately
200,16,3,false,false,false,false,true,false,false,false,true,1,true,true,physical_support_with_dark_floor_reported_separately
200,16,4,false,false,false,false,true,false,false,false,true,1,true,true,physical_support_with_dark_floor_reported_separately
200,16,5,false,false,false,false,true,false,false,false,true,1,true,true,physical_support_with_dark_floor_reported_separately
200,16,6,false,false,false,false,true,false,false,false,true,1,true,true,physical_support_with_dark_floor_reported_separately
200,16,7,false,false,false,false,true,false,false,false,true,1,true,true,physical_support_with_dark_floor_reported_separately
200,16,8,false,false,false,false,true,false,false,false,true,1,true,true,physical_support_with_dark_floor_reported_separately
200,16,9,false,false,false,false,true,false,false,false,true,1,true,true,physical_support_with_dark_floor_reported_separately
200,16,10,false,false,false,false,true,false,false,false,true,1,true,true,physical_support_with_dark_floor_reported_separately
200,16,11,false,false,false,false,true,false,false,false,true,1,true,true,physical_support_with_dark_floor_reported_separately
200,16,12,false,false,false,false,true,false,false,false,true,1,true,true,physical_support_with_dark_floor_reported_separately
200,16,13,false,false,false,false,true,false,false,false,true,1,true,true,physical_support_with_dark_floor_reported_separately
200,16,14,false,false,false,false,true,false,false,false,true,1,true,true,physical_support_with_dark_floor_reported_separately
200,16,15,false,false,false,false,true,false,false,false,true,1,true,true,physical_support_with_dark_floor_reported_separately
200,17,1,false,false,false,false,true,false,true,false,true,2,true,true,physical_support_with_dark_floor_reported_separately
200,17,2,false,false,false,false,true,false,true,false,true,2,true,true,physical_support_with_dark_floor_reported_separately
200,17,3,false,false,false,false,true,false,true,false,true,2,true,true,physical_support_with_dark_floor_reported_separately
200,17,4,false,false,false,false,true,false,true,false,true,2,true,true,physical_support_with_dark_floor_reported_separately
200,17,5,false,false,false,false,true,false,true,false,true,2,true,true,physical_support_with_dark_floor_reported_separately
200,17,6,false,false,false,false,true,false,true,false,true,2,true,true,physical_support_with_dark_floor_reported_separately
200,17,7,false,false,false,false,true,false,true,false,true,2,true,true,physical_support_with_dark_floor_reported_separately
200,17,8,false,false,false,false,true,false,true,false,true,2,true,true,physical_support_with_dark_floor_reported_separately
200,17,9,false,false,false,false,true,false,true,false,true,2,true,true,physical_support_with_dark_floor_reported_separately
200,17,10,false,false,false,false,true,false,true,false,true,2,true,true,physical_support_with_dark_floor_reported_separately
200,17,11,false,false,false,false,true,false,true,false,true,2,true,true,physical_support_with_dark_floor_reported_separately
200,17,12,false,false,false,false,true,false,true,false,true,2,true,true,physical_support_with_dark_floor_reported_separately
200,17,13,false,false,false,false,true,false,true,false,true,2,true,true,physical_support_with_dark_floor_reported_separately
200,17,14,false,false,false,false,true,false,true,false,true,2,true,true,physical_support_with_dark_floor_reported_separately
200,17,15,false,false,false,false,true,false,true,false,true,2,true,true,physical_support_with_dark_floor_reported_separately
200,18,1,false,false,false,false,true,false,true,false,true,2,true,true,physical_support_with_dark_floor_reported_separately
200,18,2,false,false,false,false,true,false,true,false,true,2,true,true,physical_support_with_dark_floor_reported_separately
200,18,3,false,false,false,false,true,false,true,false,true,2,true,true,physical_support_with_dark_floor_reported_separately
200,18,4,false,false,false,false,true,false,true,false,true,2,true,true,physical_support_with_dark_floor_reported_separately
200,18,5,false,false,false,false,true,false,true,false,true,2,true,true,physical_support_with_dark_floor_reported_separately
200,18,6,false,false,false,false,true,false,true,false,true,2,true,true,physical_support_with_dark_floor_reported_separately
200,18,7,false,false,false,false,true,false,true,false,true,2,true,true,physical_support_with_dark_floor_reported_separately
200,18,8,false,false,false,false,true,false,true,false,true,2,true,true,physical_support_with_dark_floor_reported_separately
200,18,9,false,false,false,false,true,false,true,false,true,2,true,true,physical_support_with_dark_floor_reported_separately
200,18,10,false,false,false,false,true,false,true,false,true,2,true,true,physical_support_with_dark_floor_reported_separately
200,18,11,false,false,false,false,true,false,true,false,true,2,true,true,physical_support_with_dark_floor_reported_separately
200,18,12,false,false,false,false,true,false,true,false,true,2,true,true,physical_support_with_dark_floor_reported_separately
200,18,13,false,false,false,false,true,false,true,false,true,2,true,true,physical_support_with_dark_floor_reported_separately
200,18,14,false,false,false,false,true,false,true,false,true,2,true,true,physical_support_with_dark_floor_reported_separately
200,18,15,false,false,false,false,true,false,true,false,true,2,true,true,physical_support_with_dark_floor_reported_separately
200,19,1,false,false,false,false,false,false,true,false,true,1,true,true,physical_support_with_dark_floor_reported_separately
200,19,2,false,false,false,false,false,false,true,false,true,1,true,true,physical_support_with_dark_floor_reported_separately
200,19,3,false,false,false,false,false,false,true,false,true,1,true,true,physical_support_with_dark_floor_reported_separately
200,19,4,false,false,false,false,false,false,true,false,true,1,true,true,physical_support_with_dark_floor_reported_separately
200,19,5,false,false,false,false,false,false,true,false,true,1,true,true,physical_support_with_dark_floor_reported_separately
200,19,6,false,false,false,false,false,false,true,false,true,1,true,true,physical_support_with_dark_floor_reported_separately
200,19,7,false,false,false,false,false,false,true,false,true,1,true,true,physical_support_with_dark_floor_reported_separately
200,19,8,false,false,false,false,false,false,true,false,true,1,true,true,physical_support_with_dark_floor_reported_separately
200,19,9,false,false,false,false,false,false,true,false,true,1,true,true,physical_support_with_dark_floor_reported_separately
200,19,10,false,false,false,false,false,false,true,false,true,1,true,true,physical_support_with_dark_floor_reported_separately
200,19,11,false,false,false,false,false,false,true,false,true,1,true,true,physical_support_with_dark_floor_reported_separately
200,19,12,false,false,false,false,false,false,true,false,true,1,true,true,physical_support_with_dark_floor_reported_separately
200,19,13,false,false,false,false,false,false,true,false,true,1,true,true,physical_support_with_dark_floor_reported_separately
200,19,14,false,false,false,false,false,false,true,false,true,1,true,true,physical_support_with_dark_floor_reported_separately
200,19,15,false,false,false,false,false,false,true,false,true,1,true,true,physical_support_with_dark_floor_reported_separately
200,20,1,false,false,false,false,false,false,false,false,false,0,true,true,physical_support_with_dark_floor_reported_separately
200,20,2,false,false,false,false,false,false,false,false,false,0,true,true,physical_support_with_dark_floor_reported_separately
200,20,3,false,false,false,false,false,false,false,false,false,0,true,true,physical_support_with_dark_floor_reported_separately
200,20,4,false,false,false,false,false,false,false,false,false,0,true,true,physical_support_with_dark_floor_reported_separately
200,20,5,false,false,false,false,false,false,false,false,false,0,true,true,physical_support_with_dark_floor_reported_separately
200,20,6,false,false,false,false,false,false,false,false,false,0,true,true,physical_support_with_dark_floor_reported_separately
200,20,7,false,false,false,false,false,false,false,false,false,0,true,true,physical_support_with_dark_floor_reported_separately
200,20,8,false,false,false,false,false,false,false,false,false,0,true,true,physical_support_with_dark_floor_reported_separately
200,20,9,false,false,false,false,false,false,false,false,false,0,true,true,physical_support_with_dark_floor_reported_separately
200,20,10,false,false,false,false,false,false,false,false,false,0,true,true,physical_support_with_dark_floor_reported_separately
200,20,11,false,false,false,false,false,false,false,false,false,0,true,true,physical_support_with_dark_floor_reported_separately
200,20,12,false,false,false,false,false,false,false,false,false,0,true,true,physical_support_with_dark_floor_reported_separately
200,20,13,false,false,false,false,false,false,false,false,false,0,true,true,physical_support_with_dark_floor_reported_separately
200,20,14,false,false,false,false,false,false,false,false,false,0,true,true,physical_support_with_dark_floor_reported_separately
200,20,15,false,false,false,false,false,false,false,false,false,0,true,true,physical_support_with_dark_floor_reported_separately
200,21,1,false,false,false,false,false,false,true,false,true,1,true,true,physical_support_with_dark_floor_reported_separately
200,21,2,false,false,false,false,false,false,true,false,true,1,true,true,physical_support_with_dark_floor_reported_separately
200,21,3,false,false,false,false,false,false,true,false,true,1,true,true,physical_support_with_dark_floor_reported_separately
200,21,4,false,false,false,false,false,false,true,false,true,1,true,true,physical_support_with_dark_floor_reported_separately
200,21,5,false,false,false,false,false,false,true,false,true,1,true,true,physical_support_with_dark_floor_reported_separately
200,21,6,false,false,false,false,false,false,true,false,true,1,true,true,physical_support_with_dark_floor_reported_separately
200,21,7,false,false,false,false,false,false,true,false,true,1,true,true,physical_support_with_dark_floor_reported_separately
200,21,8,false,false,false,false,false,false,true,false,true,1,true,true,physical_support_with_dark_floor_reported_separately
200,21,9,false,false,false,false,false,false,true,false,true,1,true,true,physical_support_with_dark_floor_reported_separately
200,21,10,false,false,false,false,false,false,true,false,true,1,true,true,physical_support_with_dark_floor_reported_separately
200,21,11,false,false,false,false,false,false,true,false,true,1,true,true,physical_support_with_dark_floor_reported_separately
200,21,12,false,false,false,false,false,false,true,false,true,1,true,true,physical_support_with_dark_floor_reported_separately
200,21,13,false,false,false,false,false,false,true,false,true,1,true,true,physical_support_with_dark_floor_reported_separately
200,21,14,false,false,false,false,false,false,true,false,true,1,true,true,physical_support_with_dark_floor_reported_separately
200,21,15,false,false,false,false,false,false,true,false,true,1,true,true,physical_support_with_dark_floor_reported_separately
200,22,1,false,false,false,false,false,false,false,false,false,0,true,true,physical_support_with_dark_floor_reported_separately
200,22,2,false,false,false,false,false,false,false,false,false,0,true,true,physical_support_with_dark_floor_reported_separately
200,22,3,false,false,false,false,false,false,false,false,false,0,true,true,physical_support_with_dark_floor_reported_separately
200,22,4,false,false,false,false,false,false,false,false,false,0,true,true,physical_support_with_dark_floor_reported_separately
200,22,5,false,false,false,false,false,false,false,false,false,0,true,true,physical_support_with_dark_floor_reported_separately
200,22,6,false,false,false,false,false,false,false,false,false,0,true,true,physical_support_with_dark_floor_reported_separately
200,22,7,false,false,false,false,false,false,false,false,false,0,true,true,physical_support_with_dark_floor_reported_separately
200,22,8,false,false,false,false,false,false,false,false,false,0,true,true,physical_support_with_dark_floor_reported_separately
200,22,9,false,false,false,false,false,false,false,false,false,0,true,true,physical_support_with_dark_floor_reported_separately
200,22,10,false,false,false,false,false,false,false,false,false,0,true,true,physical_support_with_dark_floor_reported_separately
200,22,11,false,false,false,false,false,false,false,false,false,0,true,true,physical_support_with_dark_floor_reported_separately
200,22,12,false,false,false,false,false,false,false,false,false,0,true,true,physical_support_with_dark_floor_reported_separately
200,22,13,false,false,false,false,false,false,false,false,false,0,true,true,physical_support_with_dark_floor_reported_separately
200,22,14,false,false,false,false,false,false,false,false,false,0,true,true,physical_support_with_dark_floor_reported_separately
200,22,15,false,false,false,false,false,false,false,false,false,0,true,true,physical_support_with_dark_floor_reported_separately
200,23,1,false,false,false,false,false,false,false,false,false,0,true,true,physical_support_with_dark_floor_reported_separately
200,23,2,false,false,false,false,false,false,false,false,false,0,true,true,physical_support_with_dark_floor_reported_separately
200,23,3,false,false,false,false,false,false,false,false,false,0,true,true,physical_support_with_dark_floor_reported_separately
200,23,4,false,false,false,false,false,false,false,false,false,0,true,true,physical_support_with_dark_floor_reported_separately
200,23,5,false,false,false,false,false,false,false,false,false,0,true,true,physical_support_with_dark_floor_reported_separately
200,23,6,false,false,false,false,false,false,false,false,false,0,true,true,physical_support_with_dark_floor_reported_separately
200,23,7,false,false,false,false,false,false,false,false,false,0,true,true,physical_support_with_dark_floor_reported_separately
200,23,8,false,false,false,false,false,false,false,false,false,0,true,true,physical_support_with_dark_floor_reported_separately
200,23,9,false,false,false,false,false,false,false,false,false,0,true,true,physical_support_with_dark_floor_reported_separately
200,23,10,false,false,false,false,false,false,false,false,false,0,true,true,physical_support_with_dark_floor_reported_separately
200,23,11,false,false,false,false,false,false,false,false,false,0,true,true,physical_support_with_dark_floor_reported_separately
200,23,12,false,false,false,false,false,false,false,false,false,0,true,true,physical_support_with_dark_floor_reported_separately
200,23,13,false,false,false,false,false,false,false,false,false,0,true,true,physical_support_with_dark_floor_reported_separately
200,23,14,false,false,false,false,false,false,false,false,false,0,true,true,physical_support_with_dark_floor_reported_separately
200,23,15,false,false,false,false,false,false,false,false,false,0,true,true,physical_support_with_dark_floor_reported_separately
200,24,1,false,false,false,false,true,false,false,false,true,1,true,true,physical_support_with_dark_floor_reported_separately
200,24,2,false,false,false,false,true,false,false,false,true,1,true,true,physical_support_with_dark_floor_reported_separately
200,24,3,false,false,false,false,true,false,false,false,true,1,true,true,physical_support_with_dark_floor_reported_separately
200,24,4,false,false,false,false,true,false,false,false,true,1,true,true,physical_support_with_dark_floor_reported_separately
200,24,5,false,false,false,false,true,false,false,false,true,1,true,true,physical_support_with_dark_floor_reported_separately
200,24,6,false,false,false,false,true,false,false,false,true,1,true,true,physical_support_with_dark_floor_reported_separately
200,24,7,false,false,false,false,true,false,false,false,true,1,true,true,physical_support_with_dark_floor_reported_separately
200,24,8,false,false,false,false,true,false,false,false,true,1,true,true,physical_support_with_dark_floor_reported_separately
200,24,9,false,false,false,false,true,false,false,false,true,1,true,true,physical_support_with_dark_floor_reported_separately
200,24,10,false,false,false,false,true,false,false,false,true,1,true,true,physical_support_with_dark_floor_reported_separately
200,24,11,false,false,false,false,true,false,false,false,true,1,true,true,physical_support_with_dark_floor_reported_separately
200,24,12,false,false,false,false,true,false,false,false,true,1,true,true,physical_support_with_dark_floor_reported_separately
200,24,13,false,false,false,false,true,false,false,false,true,1,true,true,physical_support_with_dark_floor_reported_separately
200,24,14,false,false,false,false,true,false,false,false,true,1,true,true,physical_support_with_dark_floor_reported_separately
200,24,15,false,false,false,false,true,false,false,false,true,1,true,true,physical_support_with_dark_floor_reported_separately
200,25,1,false,false,false,false,true,false,true,false,true,2,true,true,physical_support_with_dark_floor_reported_separately
200,25,2,false,false,false,false,true,false,true,false,true,2,true,true,physical_support_with_dark_floor_reported_separately
200,25,3,false,false,false,false,true,false,true,false,true,2,true,true,physical_support_with_dark_floor_reported_separately
200,25,4,false,false,false,false,true,false,true,false,true,2,true,true,physical_support_with_dark_floor_reported_separately
200,25,5,false,false,false,false,true,false,true,false,true,2,true,true,physical_support_with_dark_floor_reported_separately
200,25,6,false,false,false,false,true,false,true,false,true,2,true,true,physical_support_with_dark_floor_reported_separately
200,25,7,false,false,false,false,true,false,true,false,true,2,true,true,physical_support_with_dark_floor_reported_separately
200,25,8,false,false,false,false,true,false,true,false,true,2,true,true,physical_support_with_dark_floor_reported_separately
200,25,9,false,false,false,false,true,false,true,false,true,2,true,true,physical_support_with_dark_floor_reported_separately
200,25,10,false,false,false,false,true,false,true,false,true,2,true,true,physical_support_with_dark_floor_reported_separately
200,25,11,false,false,false,false,true,false,true,false,true,2,true,true,physical_support_with_dark_floor_reported_separately
200,25,12,false,false,false,false,true,false,true,false,true,2,true,true,physical_support_with_dark_floor_reported_separately
200,25,13,false,false,false,false,true,false,true,false,true,2,true,true,physical_support_with_dark_floor_reported_separately
200,25,14,false,false,false,false,true,false,true,false,true,2,true,true,physical_support_with_dark_floor_reported_separately
200,25,15,false,false,false,false,true,false,true,false,true,2,true,true,physical_support_with_dark_floor_reported_separately
200,26,1,false,false,false,false,false,false,true,false,true,1,true,true,physical_support_with_dark_floor_reported_separately
200,26,2,false,false,false,false,false,false,true,false,true,1,true,true,physical_support_with_dark_floor_reported_separately
200,26,3,false,false,false,false,false,false,true,false,true,1,true,true,physical_support_with_dark_floor_reported_separately
200,26,4,false,false,false,false,false,false,true,false,true,1,true,true,physical_support_with_dark_floor_reported_separately
200,26,5,false,false,false,false,false,false,true,false,true,1,true,true,physical_support_with_dark_floor_reported_separately
200,26,6,false,false,false,false,false,false,true,false,true,1,true,true,physical_support_with_dark_floor_reported_separately
200,26,7,false,false,false,false,false,false,true,false,true,1,true,true,physical_support_with_dark_floor_reported_separately
200,26,8,false,false,false,false,false,false,true,false,true,1,true,true,physical_support_with_dark_floor_reported_separately
200,26,9,false,false,false,false,false,false,true,false,true,1,true,true,physical_support_with_dark_floor_reported_separately
200,26,10,false,false,false,false,false,false,true,false,true,1,true,true,physical_support_with_dark_floor_reported_separately
200,26,11,false,false,false,false,false,false,true,false,true,1,true,true,physical_support_with_dark_floor_reported_separately
200,26,12,false,false,false,false,false,false,true,false,true,1,true,true,physical_support_with_dark_floor_reported_separately
200,26,13,false,false,false,false,false,false,true,false,true,1,true,true,physical_support_with_dark_floor_reported_separately
200,26,14,false,false,false,false,false,false,true,false,true,1,true,true,physical_support_with_dark_floor_reported_separately
200,26,15,false,false,false,false,false,false,true,false,true,1,true,true,physical_support_with_dark_floor_reported_separately
200,27,1,false,false,false,false,true,false,false,false,true,1,true,true,physical_support_with_dark_floor_reported_separately
200,27,2,false,false,false,false,true,false,false,false,true,1,true,true,physical_support_with_dark_floor_reported_separately
200,27,3,false,false,false,false,true,false,false,false,true,1,true,true,physical_support_with_dark_floor_reported_separately
200,27,4,false,false,false,false,true,false,false,false,true,1,true,true,physical_support_with_dark_floor_reported_separately
200,27,5,false,false,false,false,true,false,false,false,true,1,true,true,physical_support_with_dark_floor_reported_separately
200,27,6,false,false,false,false,true,false,false,false,true,1,true,true,physical_support_with_dark_floor_reported_separately
200,27,7,false,false,false,false,true,false,false,false,true,1,true,true,physical_support_with_dark_floor_reported_separately
200,27,8,false,false,false,false,true,false,false,false,true,1,true,true,physical_support_with_dark_floor_reported_separately
200,27,9,false,false,false,false,true,false,false,false,true,1,true,true,physical_support_with_dark_floor_reported_separately
200,27,10,false,false,false,false,true,false,false,false,true,1,true,true,physical_support_with_dark_floor_reported_separately
200,27,11,false,false,false,false,true,false,false,false,true,1,true,true,physical_support_with_dark_floor_reported_separately
200,27,12,false,false,false,false,true,false,false,false,true,1,true,true,physical_support_with_dark_floor_reported_separately
200,27,13,false,false,false,false,true,false,false,false,true,1,true,true,physical_support_with_dark_floor_reported_separately
200,27,14,false,false,false,false,true,false,false,false,true,1,true,true,physical_support_with_dark_floor_reported_separately
200,27,15,false,false,false,false,true,false,false,false,true,1,true,true,physical_support_with_dark_floor_reported_separately
200,28,1,false,false,false,false,true,false,false,false,true,1,true,true,physical_support_with_dark_floor_reported_separately
200,28,2,false,false,false,false,true,false,false,false,true,1,true,true,physical_support_with_dark_floor_reported_separately
200,28,3,false,false,false,false,true,false,false,false,true,1,true,true,physical_support_with_dark_floor_reported_separately
200,28,4,false,false,false,false,true,false,false,false,true,1,true,true,physical_support_with_dark_floor_reported_separately
200,28,5,false,false,false,false,true,false,false,false,true,1,true,true,physical_support_with_dark_floor_reported_separately
200,28,6,false,false,false,false,true,false,false,false,true,1,true,true,physical_support_with_dark_floor_reported_separately
200,28,7,false,false,false,false,true,false,false,false,true,1,true,true,physical_support_with_dark_floor_reported_separately
200,28,8,false,false,false,false,true,false,false,false,true,1,true,true,physical_support_with_dark_floor_reported_separately
200,28,9,false,false,false,false,true,false,false,false,true,1,true,true,physical_support_with_dark_floor_reported_separately
200,28,10,false,false,false,false,true,false,false,false,true,1,true,true,physical_support_with_dark_floor_reported_separately
200,28,11,false,false,false,false,true,false,false,false,true,1,true,true,physical_support_with_dark_floor_reported_separately
200,28,12,false,false,false,false,true,false,false,false,true,1,true,true,physical_support_with_dark_floor_reported_separately
200,28,13,false,false,false,false,true,false,false,false,true,1,true,true,physical_support_with_dark_floor_reported_separately
200,28,14,false,false,false,false,true,false,false,false,true,1,true,true,physical_support_with_dark_floor_reported_separately
200,28,15,false,false,false,false,true,false,false,false,true,1,true,true,physical_support_with_dark_floor_reported_separately
200,29,1,false,false,false,false,false,false,true,false,true,1,true,true,physical_support_with_dark_floor_reported_separately
200,29,2,false,false,false,false,false,false,true,false,true,1,true,true,physical_support_with_dark_floor_reported_separately
200,29,3,false,false,false,false,false,false,true,false,true,1,true,true,physical_support_with_dark_floor_reported_separately
200,29,4,false,false,false,false,false,false,true,false,true,1,true,true,physical_support_with_dark_floor_reported_separately
200,29,5,false,false,false,false,false,false,true,false,true,1,true,true,physical_support_with_dark_floor_reported_separately
200,29,6,false,false,false,false,false,false,true,false,true,1,true,true,physical_support_with_dark_floor_reported_separately
200,29,7,false,false,false,false,false,false,true,false,true,1,true,true,physical_support_with_dark_floor_reported_separately
200,29,8,false,false,false,false,false,false,true,false,true,1,true,true,physical_support_with_dark_floor_reported_separately
200,29,9,false,false,false,false,false,false,true,false,true,1,true,true,physical_support_with_dark_floor_reported_separately
200,29,10,false,false,false,false,false,false,true,false,true,1,true,true,physical_support_with_dark_floor_reported_separately
200,29,11,false,false,false,false,false,false,true,false,true,1,true,true,physical_support_with_dark_floor_reported_separately
200,29,12,false,false,false,false,false,false,true,false,true,1,true,true,physical_support_with_dark_floor_reported_separately
200,29,13,false,false,false,false,false,false,true,false,true,1,true,true,physical_support_with_dark_floor_reported_separately
200,29,14,false,false,false,false,false,false,true,false,true,1,true,true,physical_support_with_dark_floor_reported_separately
200,29,15,false,false,false,false,false,false,true,false,true,1,true,true,physical_support_with_dark_floor_reported_separately
200,30,1,false,false,false,false,false,false,true,false,true,1,true,true,physical_support_with_dark_floor_reported_separately
200,30,2,false,false,false,false,false,false,true,false,true,1,true,true,physical_support_with_dark_floor_reported_separately
200,30,3,false,false,false,false,false,false,true,false,true,1,true,true,physical_support_with_dark_floor_reported_separately
200,30,4,false,false,false,false,false,false,true,false,true,1,true,true,physical_support_with_dark_floor_reported_separately
200,30,5,false,false,false,false,false,false,true,false,true,1,true,true,physical_support_with_dark_floor_reported_separately
200,30,6,false,false,false,false,false,false,true,false,true,1,true,true,physical_support_with_dark_floor_reported_separately
200,30,7,false,false,false,false,false,false,true,false,true,1,true,true,physical_support_with_dark_floor_reported_separately
200,30,8,false,false,false,false,false,false,true,false,true,1,true,true,physical_support_with_dark_floor_reported_separately
200,30,9,false,false,false,false,false,false,true,false,true,1,true,true,physical_support_with_dark_floor_reported_separately
200,30,10,false,false,false,false,false,false,true,false,true,1,true,true,physical_support_with_dark_floor_reported_separately
200,30,11,false,false,false,false,false,false,true,false,true,1,true,true,physical_support_with_dark_floor_reported_separately
200,30,12,false,false,false,false,false,false,true,false,true,1,true,true,physical_support_with_dark_floor_reported_separately
200,30,13,false,false,false,false,false,false,true,false,true,1,true,true,physical_support_with_dark_floor_reported_separately
200,30,14,false,false,false,false,false,false,true,false,true,1,true,true,physical_support_with_dark_floor_reported_separately
200,30,15,false,false,false,false,false,false,true,false,true,1,true,true,physical_support_with_dark_floor_reported_separately
200,31,1,false,false,false,false,false,false,false,false,false,0,true,true,physical_support_with_dark_floor_reported_separately
200,31,2,false,false,false,false,false,false,false,false,false,0,true,true,physical_support_with_dark_floor_reported_separately
200,31,3,false,false,false,false,false,false,false,false,false,0,true,true,physical_support_with_dark_floor_reported_separately
200,31,4,false,false,false,false,false,false,false,false,false,0,true,true,physical_support_with_dark_floor_reported_separately
200,31,5,false,false,false,false,false,false,false,false,false,0,true,true,physical_support_with_dark_floor_reported_separately
200,31,6,false,false,false,false,false,false,false,false,false,0,true,true,physical_support_with_dark_floor_reported_separately
200,31,7,false,false,false,false,false,false,false,false,false,0,true,true,physical_support_with_dark_floor_reported_separately
200,31,8,false,false,false,false,false,false,false,false,false,0,true,true,physical_support_with_dark_floor_reported_separately
200,31,9,false,false,false,false,false,false,false,false,false,0,true,true,physical_support_with_dark_floor_reported_separately
200,31,10,false,false,false,false,false,false,false,false,false,0,true,true,physical_support_with_dark_floor_reported_separately
200,31,11,false,false,false,false,false,false,false,false,false,0,true,true,physical_support_with_dark_floor_reported_separately
200,31,12,false,false,false,false,false,false,false,false,false,0,true,true,physical_support_with_dark_floor_reported_separately
200,31,13,false,false,false,false,false,false,false,false,false,0,true,true,physical_support_with_dark_floor_reported_separately
200,31,14,false,false,false,false,false,false,false,false,false,0,true,true,physical_support_with_dark_floor_reported_separately
200,31,15,false,false,false,false,false,false,false,false,false,0,true,true,physical_support_with_dark_floor_reported_separately
200,32,1,false,false,false,false,false,false,false,false,false,0,true,true,physical_support_with_dark_floor_reported_separately
200,32,2,false,false,false,false,false,false,false,false,false,0,true,true,physical_support_with_dark_floor_reported_separately
200,32,3,false,false,false,false,false,false,false,false,false,0,true,true,physical_support_with_dark_floor_reported_separately
200,32,4,false,false,false,false,false,false,false,false,false,0,true,true,physical_support_with_dark_floor_reported_separately
200,32,5,false,false,false,false,false,false,false,false,false,0,true,true,physical_support_with_dark_floor_reported_separately
200,32,6,false,false,false,false,false,false,false,false,false,0,true,true,physical_support_with_dark_floor_reported_separately
200,32,7,false,false,false,false,false,false,false,false,false,0,true,true,physical_support_with_dark_floor_reported_separately
200,32,8,false,false,false,false,false,false,false,false,false,0,true,true,physical_support_with_dark_floor_reported_separately
200,32,9,false,false,false,false,false,false,false,false,false,0,true,true,physical_support_with_dark_floor_reported_separately
200,32,10,false,false,false,false,false,false,false,false,false,0,true,true,physical_support_with_dark_floor_reported_separately
200,32,11,false,false,false,false,false,false,false,false,false,0,true,true,physical_support_with_dark_floor_reported_separately
200,32,12,false,false,false,false,false,false,false,false,false,0,true,true,physical_support_with_dark_floor_reported_separately
200,32,13,false,false,false,false,false,false,false,false,false,0,true,true,physical_support_with_dark_floor_reported_separately
200,32,14,false,false,false,false,false,false,false,false,false,0,true,true,physical_support_with_dark_floor_reported_separately
200,32,15,false,false,false,false,false,false,false,false,false,0,true,true,physical_support_with_dark_floor_reported_separately
200,33,1,false,false,false,false,false,false,true,false,true,1,true,true,physical_support_with_dark_floor_reported_separately
200,33,2,false,false,false,false,false,false,true,false,true,1,true,true,physical_support_with_dark_floor_reported_separately
200,33,3,false,false,false,false,false,false,true,false,true,1,true,true,physical_support_with_dark_floor_reported_separately
200,33,4,false,false,false,false,false,false,true,false,true,1,true,true,physical_support_with_dark_floor_reported_separately
200,33,5,false,false,false,false,false,false,true,false,true,1,true,true,physical_support_with_dark_floor_reported_separately
200,33,6,false,false,false,false,false,false,true,false,true,1,true,true,physical_support_with_dark_floor_reported_separately
200,33,7,false,false,false,false,false,false,true,false,true,1,true,true,physical_support_with_dark_floor_reported_separately
200,33,8,false,false,false,false,false,false,true,false,true,1,true,true,physical_support_with_dark_floor_reported_separately
200,33,9,false,false,false,false,false,false,true,false,true,1,true,true,physical_support_with_dark_floor_reported_separately
200,33,10,false,false,false,false,false,false,true,false,true,1,true,true,physical_support_with_dark_floor_reported_separately
200,33,11,false,false,false,false,false,false,true,false,true,1,true,true,physical_support_with_dark_floor_reported_separately
200,33,12,false,false,false,false,false,false,true,false,true,1,true,true,physical_support_with_dark_floor_reported_separately
200,33,13,false,false,false,false,false,false,true,false,true,1,true,true,physical_support_with_dark_floor_reported_separately
200,33,14,false,false,false,false,false,false,true,false,true,1,true,true,physical_support_with_dark_floor_reported_separately
200,33,15,false,false,false,false,false,false,true,false,true,1,true,true,physical_support_with_dark_floor_reported_separately
200,34,1,false,false,false,false,true,false,true,false,true,2,true,true,physical_support_with_dark_floor_reported_separately
200,34,2,false,false,false,false,true,false,true,false,true,2,true,true,physical_support_with_dark_floor_reported_separately
200,34,3,false,false,false,false,true,false,true,false,true,2,true,true,physical_support_with_dark_floor_reported_separately
200,34,4,false,false,false,false,true,false,true,false,true,2,true,true,physical_support_with_dark_floor_reported_separately
200,34,5,false,false,false,false,true,false,true,false,true,2,true,true,physical_support_with_dark_floor_reported_separately
200,34,6,false,false,false,false,true,false,true,false,true,2,true,true,physical_support_with_dark_floor_reported_separately
200,34,7,false,false,false,false,true,false,true,false,true,2,true,true,physical_support_with_dark_floor_reported_separately
200,34,8,false,false,false,false,true,false,true,false,true,2,true,true,physical_support_with_dark_floor_reported_separately
200,34,9,false,false,false,false,true,false,true,false,true,2,true,true,physical_support_with_dark_floor_reported_separately
200,34,10,false,false,false,false,true,false,true,false,true,2,true,true,physical_support_with_dark_floor_reported_separately
200,34,11,false,false,false,false,true,false,true,false,true,2,true,true,physical_support_with_dark_floor_reported_separately
200,34,12,false,false,false,false,true,false,true,false,true,2,true,true,physical_support_with_dark_floor_reported_separately
200,34,13,false,false,false,false,true,false,true,false,true,2,true,true,physical_support_with_dark_floor_reported_separately
200,34,14,false,false,false,false,true,false,true,false,true,2,true,true,physical_support_with_dark_floor_reported_separately
200,34,15,false,false,false,false,true,false,true,false,true,2,true,true,physical_support_with_dark_floor_reported_separately
200,35,1,false,false,false,false,true,false,true,false,true,2,true,true,physical_support_with_dark_floor_reported_separately
200,35,2,false,false,false,false,true,false,true,false,true,2,true,true,physical_support_with_dark_floor_reported_separately
200,35,3,false,false,false,false,true,false,true,false,true,2,true,true,physical_support_with_dark_floor_reported_separately
200,35,4,false,false,false,false,true,false,true,false,true,2,true,true,physical_support_with_dark_floor_reported_separately
200,35,5,false,false,false,false,true,false,true,false,true,2,true,true,physical_support_with_dark_floor_reported_separately
200,35,6,false,false,false,false,true,false,true,false,true,2,true,true,physical_support_with_dark_floor_reported_separately
200,35,7,false,false,false,false,true,false,true,false,true,2,true,true,physical_support_with_dark_floor_reported_separately
200,35,8,false,false,false,false,true,false,true,false,true,2,true,true,physical_support_with_dark_floor_reported_separately
200,35,9,false,false,false,false,true,false,true,false,true,2,true,true,physical_support_with_dark_floor_reported_separately
200,35,10,false,false,false,false,true,false,true,false,true,2,true,true,physical_support_with_dark_floor_reported_separately
200,35,11,false,false,false,false,true,false,true,false,true,2,true,true,physical_support_with_dark_floor_reported_separately
200,35,12,false,false,false,false,true,false,true,false,true,2,true,true,physical_support_with_dark_floor_reported_separately
200,35,13,false,false,false,false,true,false,true,false,true,2,true,true,physical_support_with_dark_floor_reported_separately
200,35,14,false,false,false,false,true,false,true,false,true,2,true,true,physical_support_with_dark_floor_reported_separately
200,35,15,false,false,false,false,true,false,true,false,true,2,true,true,physical_support_with_dark_floor_reported_separately
200,36,1,false,false,false,false,false,false,false,false,false,0,true,true,physical_support_with_dark_floor_reported_separately
200,36,2,false,false,false,false,false,false,false,false,false,0,true,true,physical_support_with_dark_floor_reported_separately
200,36,3,false,false,false,false,false,false,false,false,false,0,true,true,physical_support_with_dark_floor_reported_separately
200,36,4,false,false,false,false,false,false,false,false,false,0,true,true,physical_support_with_dark_floor_reported_separately
200,36,5,false,false,false,false,false,false,false,false,false,0,true,true,physical_support_with_dark_floor_reported_separately
200,36,6,false,false,false,false,false,false,false,false,false,0,true,true,physical_support_with_dark_floor_reported_separately
200,36,7,false,false,false,false,false,false,false,false,false,0,true,true,physical_support_with_dark_floor_reported_separately
200,36,8,false,false,false,false,false,false,false,false,false,0,true,true,physical_support_with_dark_floor_reported_separately
200,36,9,false,false,false,false,false,false,false,false,false,0,true,true,physical_support_with_dark_floor_reported_separately
200,36,10,false,false,false,false,false,false,false,false,false,0,true,true,physical_support_with_dark_floor_reported_separately
200,36,11,false,false,false,false,false,false,false,false,false,0,true,true,physical_support_with_dark_floor_reported_separately
200,36,12,false,false,false,false,false,false,false,false,false,0,true,true,physical_support_with_dark_floor_reported_separately
200,36,13,false,false,false,false,false,false,false,false,false,0,true,true,physical_support_with_dark_floor_reported_separately
200,36,14,false,false,false,false,false,false,false,false,false,0,true,true,physical_support_with_dark_floor_reported_separately
200,36,15,false,false,false,false,false,false,false,false,false,0,true,true,physical_support_with_dark_floor_reported_separately
200,37,1,false,false,false,false,false,false,true,false,true,1,true,true,physical_support_with_dark_floor_reported_separately
200,37,2,false,false,false,false,false,false,true,false,true,1,true,true,physical_support_with_dark_floor_reported_separately
200,37,3,false,false,false,false,false,false,true,false,true,1,true,true,physical_support_with_dark_floor_reported_separately
200,37,4,false,false,false,false,false,false,true,false,true,1,true,true,physical_support_with_dark_floor_reported_separately
200,37,5,false,false,false,false,false,false,true,false,true,1,true,true,physical_support_with_dark_floor_reported_separately
200,37,6,false,false,false,false,false,false,true,false,true,1,true,true,physical_support_with_dark_floor_reported_separately
200,37,7,false,false,false,false,false,false,true,false,true,1,true,true,physical_support_with_dark_floor_reported_separately
200,37,8,false,false,false,false,false,false,true,false,true,1,true,true,physical_support_with_dark_floor_reported_separately
200,37,9,false,false,false,false,false,false,true,false,true,1,true,true,physical_support_with_dark_floor_reported_separately
200,37,10,false,false,false,false,false,false,true,false,true,1,true,true,physical_support_with_dark_floor_reported_separately
200,37,11,false,false,false,false,false,false,true,false,true,1,true,true,physical_support_with_dark_floor_reported_separately
200,37,12,false,false,false,false,false,false,true,false,true,1,true,true,physical_support_with_dark_floor_reported_separately
200,37,13,false,false,false,false,false,false,true,false,true,1,true,true,physical_support_with_dark_floor_reported_separately
200,37,14,false,false,false,false,false,false,true,false,true,1,true,true,physical_support_with_dark_floor_reported_separately
200,37,15,false,false,false,false,false,false,true,false,true,1,true,true,physical_support_with_dark_floor_reported_separately
200,38,1,false,false,false,false,true,false,false,false,true,1,true,true,physical_support_with_dark_floor_reported_separately
200,38,2,false,false,false,false,true,false,false,false,true,1,true,true,physical_support_with_dark_floor_reported_separately
200,38,3,false,false,false,false,true,false,false,false,true,1,true,true,physical_support_with_dark_floor_reported_separately
200,38,4,false,false,false,false,true,false,false,false,true,1,true,true,physical_support_with_dark_floor_reported_separately
200,38,5,false,false,false,false,true,false,false,false,true,1,true,true,physical_support_with_dark_floor_reported_separately
200,38,6,false,false,false,false,true,false,false,false,true,1,true,true,physical_support_with_dark_floor_reported_separately
200,38,7,false,false,false,false,true,false,false,false,true,1,true,true,physical_support_with_dark_floor_reported_separately
200,38,8,false,false,false,false,true,false,false,false,true,1,true,true,physical_support_with_dark_floor_reported_separately
200,38,9,false,false,false,false,true,false,false,false,true,1,true,true,physical_support_with_dark_floor_reported_separately
200,38,10,false,false,false,false,true,false,false,false,true,1,true,true,physical_support_with_dark_floor_reported_separately
200,38,11,false,false,false,false,true,false,false,false,true,1,true,true,physical_support_with_dark_floor_reported_separately
200,38,12,false,false,false,false,true,false,false,false,true,1,true,true,physical_support_with_dark_floor_reported_separately
200,38,13,false,false,false,false,true,false,false,false,true,1,true,true,physical_support_with_dark_floor_reported_separately
200,38,14,false,false,false,false,true,false,false,false,true,1,true,true,physical_support_with_dark_floor_reported_separately
200,38,15,false,false,false,false,true,false,false,false,true,1,true,true,physical_support_with_dark_floor_reported_separately
200,39,1,false,false,false,false,false,false,true,false,true,1,true,true,physical_support_with_dark_floor_reported_separately
200,39,2,false,false,false,false,false,false,true,false,true,1,true,true,physical_support_with_dark_floor_reported_separately
200,39,3,false,false,false,false,false,false,true,false,true,1,true,true,physical_support_with_dark_floor_reported_separately
200,39,4,false,false,false,false,false,false,true,false,true,1,true,true,physical_support_with_dark_floor_reported_separately
200,39,5,false,false,false,false,false,false,true,false,true,1,true,true,physical_support_with_dark_floor_reported_separately
200,39,6,false,false,false,false,false,false,true,false,true,1,true,true,physical_support_with_dark_floor_reported_separately
200,39,7,false,false,false,false,false,false,true,false,true,1,true,true,physical_support_with_dark_floor_reported_separately
200,39,8,false,false,false,false,false,false,true,false,true,1,true,true,physical_support_with_dark_floor_reported_separately
200,39,9,false,false,false,false,false,false,true,false,true,1,true,true,physical_support_with_dark_floor_reported_separately
200,39,10,false,false,false,false,false,false,true,false,true,1,true,true,physical_support_with_dark_floor_reported_separately
200,39,11,false,false,false,false,false,false,true,false,true,1,true,true,physical_support_with_dark_floor_reported_separately
200,39,12,false,false,false,false,false,false,true,false,true,1,true,true,physical_support_with_dark_floor_reported_separately
200,39,13,false,false,false,false,false,false,true,false,true,1,true,true,physical_support_with_dark_floor_reported_separately
200,39,14,false,false,false,false,false,false,true,false,true,1,true,true,physical_support_with_dark_floor_reported_separately
200,39,15,false,false,false,false,false,false,true,false,true,1,true,true,physical_support_with_dark_floor_reported_separately
200,40,1,false,false,false,false,true,false,false,false,true,1,true,true,physical_support_with_dark_floor_reported_separately
200,40,2,false,false,false,false,true,false,false,false,true,1,true,true,physical_support_with_dark_floor_reported_separately
200,40,3,false,false,false,false,true,false,false,false,true,1,true,true,physical_support_with_dark_floor_reported_separately
200,40,4,false,false,false,false,true,false,false,false,true,1,true,true,physical_support_with_dark_floor_reported_separately
200,40,5,false,false,false,false,true,false,false,false,true,1,true,true,physical_support_with_dark_floor_reported_separately
200,40,6,false,false,false,false,true,false,false,false,true,1,true,true,physical_support_with_dark_floor_reported_separately
200,40,7,false,false,false,false,true,false,false,false,true,1,true,true,physical_support_with_dark_floor_reported_separately
200,40,8,false,false,false,false,true,false,false,false,true,1,true,true,physical_support_with_dark_floor_reported_separately
200,40,9,false,false,false,false,true,false,false,false,true,1,true,true,physical_support_with_dark_floor_reported_separately
200,40,10,false,false,false,false,true,false,false,false,true,1,true,true,physical_support_with_dark_floor_reported_separately
200,40,11,false,false,false,false,true,false,false,false,true,1,true,true,physical_support_with_dark_floor_reported_separately
200,40,12,false,false,false,false,true,false,false,false,true,1,true,true,physical_support_with_dark_floor_reported_separately
200,40,13,false,false,false,false,true,false,false,false,true,1,true,true,physical_support_with_dark_floor_reported_separately
200,40,14,false,false,false,false,true,false,false,false,true,1,true,true,physical_support_with_dark_floor_reported_separately
200,40,15,false,false,false,false,true,false,false,false,true,1,true,true,physical_support_with_dark_floor_reported_separately
200,41,1,false,false,false,false,true,false,true,false,true,2,true,true,physical_support_with_dark_floor_reported_separately
200,41,2,false,false,false,false,true,false,true,false,true,2,true,true,physical_support_with_dark_floor_reported_separately
200,41,3,false,false,false,false,true,false,true,false,true,2,true,true,physical_support_with_dark_floor_reported_separately
200,41,4,false,false,false,false,true,false,true,false,true,2,true,true,physical_support_with_dark_floor_reported_separately
200,41,5,false,false,false,false,true,false,true,false,true,2,true,true,physical_support_with_dark_floor_reported_separately
200,41,6,false,false,false,false,true,false,true,false,true,2,true,true,physical_support_with_dark_floor_reported_separately
200,41,7,false,false,false,false,true,false,true,false,true,2,true,true,physical_support_with_dark_floor_reported_separately
200,41,8,false,false,false,false,true,false,true,false,true,2,true,true,physical_support_with_dark_floor_reported_separately
200,41,9,false,false,false,false,true,false,true,false,true,2,true,true,physical_support_with_dark_floor_reported_separately
200,41,10,false,false,false,false,true,false,true,false,true,2,true,true,physical_support_with_dark_floor_reported_separately
200,41,11,false,false,false,false,true,false,true,false,true,2,true,true,physical_support_with_dark_floor_reported_separately
200,41,12,false,false,false,false,true,false,true,false,true,2,true,true,physical_support_with_dark_floor_reported_separately
200,41,13,false,false,false,false,true,false,true,false,true,2,true,true,physical_support_with_dark_floor_reported_separately
200,41,14,false,false,false,false,true,false,true,false,true,2,true,true,physical_support_with_dark_floor_reported_separately
200,41,15,false,false,false,false,true,false,true,false,true,2,true,true,physical_support_with_dark_floor_reported_separately
200,42,1,false,false,false,false,true,false,false,false,true,1,true,true,physical_support_with_dark_floor_reported_separately
200,42,2,false,false,false,false,true,false,false,false,true,1,true,true,physical_support_with_dark_floor_reported_separately
200,42,3,false,false,false,false,true,false,false,false,true,1,true,true,physical_support_with_dark_floor_reported_separately
200,42,4,false,false,false,false,true,false,false,false,true,1,true,true,physical_support_with_dark_floor_reported_separately
200,42,5,false,false,false,false,true,false,false,false,true,1,true,true,physical_support_with_dark_floor_reported_separately
200,42,6,false,false,false,false,true,false,false,false,true,1,true,true,physical_support_with_dark_floor_reported_separately
200,42,7,false,false,false,false,true,false,false,false,true,1,true,true,physical_support_with_dark_floor_reported_separately
200,42,8,false,false,false,false,true,false,false,false,true,1,true,true,physical_support_with_dark_floor_reported_separately
200,42,9,false,false,false,false,true,false,false,false,true,1,true,true,physical_support_with_dark_floor_reported_separately
200,42,10,false,false,false,false,true,false,false,false,true,1,true,true,physical_support_with_dark_floor_reported_separately
200,42,11,false,false,false,false,true,false,false,false,true,1,true,true,physical_support_with_dark_floor_reported_separately
200,42,12,false,false,false,false,true,false,false,false,true,1,true,true,physical_support_with_dark_floor_reported_separately
200,42,13,false,false,false,false,true,false,false,false,true,1,true,true,physical_support_with_dark_floor_reported_separately
200,42,14,false,false,false,false,true,false,false,false,true,1,true,true,physical_support_with_dark_floor_reported_separately
200,42,15,false,false,false,false,true,false,false,false,true,1,true,true,physical_support_with_dark_floor_reported_separately
200,43,1,false,false,false,false,false,false,true,false,true,1,true,true,physical_support_with_dark_floor_reported_separately
200,43,2,false,false,false,false,false,false,true,false,true,1,true,true,physical_support_with_dark_floor_reported_separately
200,43,3,false,false,false,false,false,false,true,false,true,1,true,true,physical_support_with_dark_floor_reported_separately
200,43,4,false,false,false,false,false,false,true,false,true,1,true,true,physical_support_with_dark_floor_reported_separately
200,43,5,false,false,false,false,false,false,true,false,true,1,true,true,physical_support_with_dark_floor_reported_separately
200,43,6,false,false,false,false,false,false,true,false,true,1,true,true,physical_support_with_dark_floor_reported_separately
200,43,7,false,false,false,false,false,false,true,false,true,1,true,true,physical_support_with_dark_floor_reported_separately
200,43,8,false,false,false,false,false,false,true,false,true,1,true,true,physical_support_with_dark_floor_reported_separately
200,43,9,false,false,false,false,false,false,true,false,true,1,true,true,physical_support_with_dark_floor_reported_separately
200,43,10,false,false,false,false,false,false,true,false,true,1,true,true,physical_support_with_dark_floor_reported_separately
200,43,11,false,false,false,false,false,false,true,false,true,1,true,true,physical_support_with_dark_floor_reported_separately
200,43,12,false,false,false,false,false,false,true,false,true,1,true,true,physical_support_with_dark_floor_reported_separately
200,43,13,false,false,false,false,false,false,true,false,true,1,true,true,physical_support_with_dark_floor_reported_separately
200,43,14,false,false,false,false,false,false,true,false,true,1,true,true,physical_support_with_dark_floor_reported_separately
200,43,15,false,false,false,false,false,false,true,false,true,1,true,true,physical_support_with_dark_floor_reported_separately
200,44,1,false,false,false,false,false,false,false,false,false,0,true,true,physical_support_with_dark_floor_reported_separately
200,44,2,false,false,false,false,false,false,false,false,false,0,true,true,physical_support_with_dark_floor_reported_separately
200,44,3,false,false,false,false,false,false,false,false,false,0,true,true,physical_support_with_dark_floor_reported_separately
200,44,4,false,false,false,false,false,false,false,false,false,0,true,true,physical_support_with_dark_floor_reported_separately
200,44,5,false,false,false,false,false,false,false,false,false,0,true,true,physical_support_with_dark_floor_reported_separately
200,44,6,false,false,false,false,false,false,false,false,false,0,true,true,physical_support_with_dark_floor_reported_separately
200,44,7,false,false,false,false,false,false,false,false,false,0,true,true,physical_support_with_dark_floor_reported_separately
200,44,8,false,false,false,false,false,false,false,false,false,0,true,true,physical_support_with_dark_floor_reported_separately
200,44,9,false,false,false,false,false,false,false,false,false,0,true,true,physical_support_with_dark_floor_reported_separately
200,44,10,false,false,false,false,false,false,false,false,false,0,true,true,physical_support_with_dark_floor_reported_separately
200,44,11,false,false,false,false,false,false,false,false,false,0,true,true,physical_support_with_dark_floor_reported_separately
200,44,12,false,false,false,false,false,false,false,false,false,0,true,true,physical_support_with_dark_floor_reported_separately
200,44,13,false,false,false,false,false,false,false,false,false,0,true,true,physical_support_with_dark_floor_reported_separately
200,44,14,false,false,false,false,false,false,false,false,false,0,true,true,physical_support_with_dark_floor_reported_separately
200,44,15,false,false,false,false,false,false,false,false,false,0,true,true,physical_support_with_dark_floor_reported_separately
200,45,1,false,false,false,false,false,false,false,false,false,0,true,true,physical_support_with_dark_floor_reported_separately
200,45,2,false,false,false,false,false,false,false,false,false,0,true,true,physical_support_with_dark_floor_reported_separately
200,45,3,false,false,false,false,false,false,false,false,false,0,true,true,physical_support_with_dark_floor_reported_separately
200,45,4,false,false,false,false,false,false,false,false,false,0,true,true,physical_support_with_dark_floor_reported_separately
200,45,5,false,false,false,false,false,false,false,false,false,0,true,true,physical_support_with_dark_floor_reported_separately
200,45,6,false,false,false,false,false,false,false,false,false,0,true,true,physical_support_with_dark_floor_reported_separately
200,45,7,false,false,false,false,false,false,false,false,false,0,true,true,physical_support_with_dark_floor_reported_separately
200,45,8,false,false,false,false,false,false,false,false,false,0,true,true,physical_support_with_dark_floor_reported_separately
200,45,9,false,false,false,false,false,false,false,false,false,0,true,true,physical_support_with_dark_floor_reported_separately
200,45,10,false,false,false,false,false,false,false,false,false,0,true,true,physical_support_with_dark_floor_reported_separately
200,45,11,false,false,false,false,false,false,false,false,false,0,true,true,physical_support_with_dark_floor_reported_separately
200,45,12,false,false,false,false,false,false,false,false,false,0,true,true,physical_support_with_dark_floor_reported_separately
200,45,13,false,false,false,false,false,false,false,false,false,0,true,true,physical_support_with_dark_floor_reported_separately
200,45,14,false,false,false,false,false,false,false,false,false,0,true,true,physical_support_with_dark_floor_reported_separately
200,45,15,false,false,false,false,false,false,false,false,false,0,true,true,physical_support_with_dark_floor_reported_separately
200,46,1,false,false,false,false,true,false,false,false,true,1,true,true,physical_support_with_dark_floor_reported_separately
200,46,2,false,false,false,false,true,false,false,false,true,1,true,true,physical_support_with_dark_floor_reported_separately
200,46,3,false,false,false,false,true,false,false,false,true,1,true,true,physical_support_with_dark_floor_reported_separately
200,46,4,false,false,false,false,true,false,false,false,true,1,true,true,physical_support_with_dark_floor_reported_separately
200,46,5,false,false,false,false,true,false,false,false,true,1,true,true,physical_support_with_dark_floor_reported_separately
200,46,6,false,false,false,false,true,false,false,false,true,1,true,true,physical_support_with_dark_floor_reported_separately
200,46,7,false,false,false,false,true,false,false,false,true,1,true,true,physical_support_with_dark_floor_reported_separately
200,46,8,false,false,false,false,true,false,false,false,true,1,true,true,physical_support_with_dark_floor_reported_separately
200,46,9,false,false,false,false,true,false,false,false,true,1,true,true,physical_support_with_dark_floor_reported_separately
200,46,10,false,false,false,false,true,false,false,false,true,1,true,true,physical_support_with_dark_floor_reported_separately
200,46,11,false,false,false,false,true,false,false,false,true,1,true,true,physical_support_with_dark_floor_reported_separately
200,46,12,false,false,false,false,true,false,false,false,true,1,true,true,physical_support_with_dark_floor_reported_separately
200,46,13,false,false,false,false,true,false,false,false,true,1,true,true,physical_support_with_dark_floor_reported_separately
200,46,14,false,false,false,false,true,false,false,false,true,1,true,true,physical_support_with_dark_floor_reported_separately
200,46,15,false,false,false,false,true,false,false,false,true,1,true,true,physical_support_with_dark_floor_reported_separately
200,47,1,false,false,false,false,true,false,true,false,true,2,true,true,physical_support_with_dark_floor_reported_separately
200,47,2,false,false,false,false,true,false,true,false,true,2,true,true,physical_support_with_dark_floor_reported_separately
200,47,3,false,false,false,false,true,false,true,false,true,2,true,true,physical_support_with_dark_floor_reported_separately
200,47,4,false,false,false,false,true,false,true,false,true,2,true,true,physical_support_with_dark_floor_reported_separately
200,47,5,false,false,false,false,true,false,true,false,true,2,true,true,physical_support_with_dark_floor_reported_separately
200,47,6,false,false,false,false,true,false,true,false,true,2,true,true,physical_support_with_dark_floor_reported_separately
200,47,7,false,false,false,false,true,false,true,false,true,2,true,true,physical_support_with_dark_floor_reported_separately
200,47,8,false,false,false,false,true,false,true,false,true,2,true,true,physical_support_with_dark_floor_reported_separately
200,47,9,false,false,false,false,true,false,true,false,true,2,true,true,physical_support_with_dark_floor_reported_separately
200,47,10,false,false,false,false,true,false,true,false,true,2,true,true,physical_support_with_dark_floor_reported_separately
200,47,11,false,false,false,false,true,false,true,false,true,2,true,true,physical_support_with_dark_floor_reported_separately
200,47,12,false,false,false,false,true,false,true,false,true,2,true,true,physical_support_with_dark_floor_reported_separately
200,47,13,false,false,false,false,true,false,true,false,true,2,true,true,physical_support_with_dark_floor_reported_separately
200,47,14,false,false,false,false,true,false,true,false,true,2,true,true,physical_support_with_dark_floor_reported_separately
200,47,15,false,false,false,false,true,false,true,false,true,2,true,true,physical_support_with_dark_floor_reported_separately
200,48,1,false,false,false,false,false,false,false,false,false,0,true,true,physical_support_with_dark_floor_reported_separately
200,48,2,false,false,false,false,false,false,false,false,false,0,true,true,physical_support_with_dark_floor_reported_separately
200,48,3,false,false,false,false,false,false,false,false,false,0,true,true,physical_support_with_dark_floor_reported_separately
200,48,4,false,false,false,false,false,false,false,false,false,0,true,true,physical_support_with_dark_floor_reported_separately
200,48,5,false,false,false,false,false,false,false,false,false,0,true,true,physical_support_with_dark_floor_reported_separately
200,48,6,false,false,false,false,false,false,false,false,false,0,true,true,physical_support_with_dark_floor_reported_separately
200,48,7,false,false,false,false,false,false,false,false,false,0,true,true,physical_support_with_dark_floor_reported_separately
200,48,8,false,false,false,false,false,false,false,false,false,0,true,true,physical_support_with_dark_floor_reported_separately
200,48,9,false,false,false,false,false,false,false,false,false,0,true,true,physical_support_with_dark_floor_reported_separately
200,48,10,false,false,false,false,false,false,false,false,false,0,true,true,physical_support_with_dark_floor_reported_separately
200,48,11,false,false,false,false,false,false,false,false,false,0,true,true,physical_support_with_dark_floor_reported_separately
200,48,12,false,false,false,false,false,false,false,false,false,0,true,true,physical_support_with_dark_floor_reported_separately
200,48,13,false,false,false,false,false,false,false,false,false,0,true,true,physical_support_with_dark_floor_reported_separately
200,48,14,false,false,false,false,false,false,false,false,false,0,true,true,physical_support_with_dark_floor_reported_separately
200,48,15,false,false,false,false,false,false,false,false,false,0,true,true,physical_support_with_dark_floor_reported_separately
200,49,1,false,false,false,false,true,false,false,false,true,1,true,true,physical_support_with_dark_floor_reported_separately
200,49,2,false,false,false,false,true,false,false,false,true,1,true,true,physical_support_with_dark_floor_reported_separately
200,49,3,false,false,false,false,true,false,false,false,true,1,true,true,physical_support_with_dark_floor_reported_separately
200,49,4,false,false,false,false,true,false,false,false,true,1,true,true,physical_support_with_dark_floor_reported_separately
200,49,5,false,false,false,false,true,false,false,false,true,1,true,true,physical_support_with_dark_floor_reported_separately
200,49,6,false,false,false,false,true,false,false,false,true,1,true,true,physical_support_with_dark_floor_reported_separately
200,49,7,false,false,false,false,true,false,false,false,true,1,true,true,physical_support_with_dark_floor_reported_separately
200,49,8,false,false,false,false,true,false,false,false,true,1,true,true,physical_support_with_dark_floor_reported_separately
200,49,9,false,false,false,false,true,false,false,false,true,1,true,true,physical_support_with_dark_floor_reported_separately
200,49,10,false,false,false,false,true,false,false,false,true,1,true,true,physical_support_with_dark_floor_reported_separately
200,49,11,false,false,false,false,true,false,false,false,true,1,true,true,physical_support_with_dark_floor_reported_separately
200,49,12,false,false,false,false,true,false,false,false,true,1,true,true,physical_support_with_dark_floor_reported_separately
200,49,13,false,false,false,false,true,false,false,false,true,1,true,true,physical_support_with_dark_floor_reported_separately
200,49,14,false,false,false,false,true,false,false,false,true,1,true,true,physical_support_with_dark_floor_reported_separately
200,49,15,false,false,false,false,true,false,false,false,true,1,true,true,physical_support_with_dark_floor_reported_separately
200,50,1,false,false,false,false,true,false,false,false,true,1,true,true,physical_support_with_dark_floor_reported_separately
200,50,2,false,false,false,false,true,false,false,false,true,1,true,true,physical_support_with_dark_floor_reported_separately
200,50,3,false,false,false,false,true,false,false,false,true,1,true,true,physical_support_with_dark_floor_reported_separately
200,50,4,false,false,false,false,true,false,false,false,true,1,true,true,physical_support_with_dark_floor_reported_separately
200,50,5,false,false,false,false,true,false,false,false,true,1,true,true,physical_support_with_dark_floor_reported_separately
200,50,6,false,false,false,false,true,false,false,false,true,1,true,true,physical_support_with_dark_floor_reported_separately
200,50,7,false,false,false,false,true,false,false,false,true,1,true,true,physical_support_with_dark_floor_reported_separately
200,50,8,false,false,false,false,true,false,false,false,true,1,true,true,physical_support_with_dark_floor_reported_separately
200,50,9,false,false,false,false,true,false,false,false,true,1,true,true,physical_support_with_dark_floor_reported_separately
200,50,10,false,false,false,false,true,false,false,false,true,1,true,true,physical_support_with_dark_floor_reported_separately
200,50,11,false,false,false,false,true,false,false,false,true,1,true,true,physical_support_with_dark_floor_reported_separately
200,50,12,false,false,false,false,true,false,false,false,true,1,true,true,physical_support_with_dark_floor_reported_separately
200,50,13,false,false,false,false,true,false,false,false,true,1,true,true,physical_support_with_dark_floor_reported_separately
200,50,14,false,false,false,false,true,false,false,false,true,1,true,true,physical_support_with_dark_floor_reported_separately
200,50,15,false,false,false,false,true,false,false,false,true,1,true,true,physical_support_with_dark_floor_reported_separately
200,51,1,false,false,false,false,true,false,true,false,true,2,true,true,physical_support_with_dark_floor_reported_separately
200,51,2,false,false,false,false,true,false,true,false,true,2,true,true,physical_support_with_dark_floor_reported_separately
200,51,3,false,false,false,false,true,false,true,false,true,2,true,true,physical_support_with_dark_floor_reported_separately
200,51,4,false,false,false,false,true,false,true,false,true,2,true,true,physical_support_with_dark_floor_reported_separately
200,51,5,false,false,false,false,true,false,true,false,true,2,true,true,physical_support_with_dark_floor_reported_separately
200,51,6,false,false,false,false,true,false,true,false,true,2,true,true,physical_support_with_dark_floor_reported_separately
200,51,7,false,false,false,false,true,false,true,false,true,2,true,true,physical_support_with_dark_floor_reported_separately
200,51,8,false,false,false,false,true,false,true,false,true,2,true,true,physical_support_with_dark_floor_reported_separately
200,51,9,false,false,false,false,true,false,true,false,true,2,true,true,physical_support_with_dark_floor_reported_separately
200,51,10,false,false,false,false,true,false,true,false,true,2,true,true,physical_support_with_dark_floor_reported_separately
200,51,11,false,false,false,false,true,false,true,false,true,2,true,true,physical_support_with_dark_floor_reported_separately
200,51,12,false,false,false,false,true,false,true,false,true,2,true,true,physical_support_with_dark_floor_reported_separately
200,51,13,false,false,false,false,true,false,true,false,true,2,true,true,physical_support_with_dark_floor_reported_separately
200,51,14,false,false,false,false,true,false,true,false,true,2,true,true,physical_support_with_dark_floor_reported_separately
200,51,15,false,false,false,false,true,false,true,false,true,2,true,true,physical_support_with_dark_floor_reported_separately
200,52,1,false,false,false,false,false,false,false,false,false,0,true,true,physical_support_with_dark_floor_reported_separately
200,52,2,false,false,false,false,false,false,false,false,false,0,true,true,physical_support_with_dark_floor_reported_separately
200,52,3,false,false,false,false,false,false,false,false,false,0,true,true,physical_support_with_dark_floor_reported_separately
200,52,4,false,false,false,false,false,false,false,false,false,0,true,true,physical_support_with_dark_floor_reported_separately
200,52,5,false,false,false,false,false,false,false,false,false,0,true,true,physical_support_with_dark_floor_reported_separately
200,52,6,false,false,false,false,false,false,false,false,false,0,true,true,physical_support_with_dark_floor_reported_separately
200,52,7,false,false,false,false,false,false,false,false,false,0,true,true,physical_support_with_dark_floor_reported_separately
200,52,8,false,false,false,false,false,false,false,false,false,0,true,true,physical_support_with_dark_floor_reported_separately
200,52,9,false,false,false,false,false,false,false,false,false,0,true,true,physical_support_with_dark_floor_reported_separately
200,52,10,false,false,false,false,false,false,false,false,false,0,true,true,physical_support_with_dark_floor_reported_separately
200,52,11,false,false,false,false,false,false,false,false,false,0,true,true,physical_support_with_dark_floor_reported_separately
200,52,12,false,false,false,false,false,false,false,false,false,0,true,true,physical_support_with_dark_floor_reported_separately
200,52,13,false,false,false,false,false,false,false,false,false,0,true,true,physical_support_with_dark_floor_reported_separately
200,52,14,false,false,false,false,false,false,false,false,false,0,true,true,physical_support_with_dark_floor_reported_separately
200,52,15,false,false,false,false,false,false,false,false,false,0,true,true,physical_support_with_dark_floor_reported_separately
200,53,1,false,false,false,false,true,false,true,false,true,2,true,true,physical_support_with_dark_floor_reported_separately
200,53,2,false,false,false,false,true,false,true,false,true,2,true,true,physical_support_with_dark_floor_reported_separately
200,53,3,false,false,false,false,true,false,true,false,true,2,true,true,physical_support_with_dark_floor_reported_separately
200,53,4,false,false,false,false,true,false,true,false,true,2,true,true,physical_support_with_dark_floor_reported_separately
200,53,5,false,false,false,false,true,false,true,false,true,2,true,true,physical_support_with_dark_floor_reported_separately
200,53,6,false,false,false,false,true,false,true,false,true,2,true,true,physical_support_with_dark_floor_reported_separately
200,53,7,false,false,false,false,true,false,true,false,true,2,true,true,physical_support_with_dark_floor_reported_separately
200,53,8,false,false,false,false,true,false,true,false,true,2,true,true,physical_support_with_dark_floor_reported_separately
200,53,9,false,false,false,false,true,false,true,false,true,2,true,true,physical_support_with_dark_floor_reported_separately
200,53,10,false,false,false,false,true,false,true,false,true,2,true,true,physical_support_with_dark_floor_reported_separately
200,53,11,false,false,false,false,true,false,true,false,true,2,true,true,physical_support_with_dark_floor_reported_separately
200,53,12,false,false,false,false,true,false,true,false,true,2,true,true,physical_support_with_dark_floor_reported_separately
200,53,13,false,false,false,false,true,false,true,false,true,2,true,true,physical_support_with_dark_floor_reported_separately
200,53,14,false,false,false,false,true,false,true,false,true,2,true,true,physical_support_with_dark_floor_reported_separately
200,53,15,false,false,false,false,true,false,true,false,true,2,true,true,physical_support_with_dark_floor_reported_separately
200,54,1,false,false,false,false,true,false,true,false,true,2,true,true,physical_support_with_dark_floor_reported_separately
200,54,2,false,false,false,false,true,false,true,false,true,2,true,true,physical_support_with_dark_floor_reported_separately
200,54,3,false,false,false,false,true,false,true,false,true,2,true,true,physical_support_with_dark_floor_reported_separately
200,54,4,false,false,false,false,true,false,true,false,true,2,true,true,physical_support_with_dark_floor_reported_separately
200,54,5,false,false,false,false,true,false,true,false,true,2,true,true,physical_support_with_dark_floor_reported_separately
200,54,6,false,false,false,false,true,false,true,false,true,2,true,true,physical_support_with_dark_floor_reported_separately
200,54,7,false,false,false,false,true,false,true,false,true,2,true,true,physical_support_with_dark_floor_reported_separately
200,54,8,false,false,false,false,true,false,true,false,true,2,true,true,physical_support_with_dark_floor_reported_separately
200,54,9,false,false,false,false,true,false,true,false,true,2,true,true,physical_support_with_dark_floor_reported_separately
200,54,10,false,false,false,false,true,false,true,false,true,2,true,true,physical_support_with_dark_floor_reported_separately
200,54,11,false,false,false,false,true,false,true,false,true,2,true,true,physical_support_with_dark_floor_reported_separately
200,54,12,false,false,false,false,true,false,true,false,true,2,true,true,physical_support_with_dark_floor_reported_separately
200,54,13,false,false,false,false,true,false,true,false,true,2,true,true,physical_support_with_dark_floor_reported_separately
200,54,14,false,false,false,false,true,false,true,false,true,2,true,true,physical_support_with_dark_floor_reported_separately
200,54,15,false,false,false,false,true,false,true,false,true,2,true,true,physical_support_with_dark_floor_reported_separately
200,55,1,false,false,false,false,false,false,true,false,true,1,true,true,physical_support_with_dark_floor_reported_separately
200,55,2,false,false,false,false,false,false,true,false,true,1,true,true,physical_support_with_dark_floor_reported_separately
200,55,3,false,false,false,false,false,false,true,false,true,1,true,true,physical_support_with_dark_floor_reported_separately
200,55,4,false,false,false,false,false,false,true,false,true,1,true,true,physical_support_with_dark_floor_reported_separately
200,55,5,false,false,false,false,false,false,true,false,true,1,true,true,physical_support_with_dark_floor_reported_separately
200,55,6,false,false,false,false,false,false,true,false,true,1,true,true,physical_support_with_dark_floor_reported_separately
200,55,7,false,false,false,false,false,false,true,false,true,1,true,true,physical_support_with_dark_floor_reported_separately
200,55,8,false,false,false,false,false,false,true,false,true,1,true,true,physical_support_with_dark_floor_reported_separately
200,55,9,false,false,false,false,false,false,true,false,true,1,true,true,physical_support_with_dark_floor_reported_separately
200,55,10,false,false,false,false,false,false,true,false,true,1,true,true,physical_support_with_dark_floor_reported_separately
200,55,11,false,false,false,false,false,false,true,false,true,1,true,true,physical_support_with_dark_floor_reported_separately
200,55,12,false,false,false,false,false,false,true,false,true,1,true,true,physical_support_with_dark_floor_reported_separately
200,55,13,false,false,false,false,false,false,true,false,true,1,true,true,physical_support_with_dark_floor_reported_separately
200,55,14,false,false,false,false,false,false,true,false,true,1,true,true,physical_support_with_dark_floor_reported_separately
200,55,15,false,false,false,false,false,false,true,false,true,1,true,true,physical_support_with_dark_floor_reported_separately
200,56,1,false,false,false,false,false,false,true,false,true,1,true,true,physical_support_with_dark_floor_reported_separately
200,56,2,false,false,false,false,false,false,true,false,true,1,true,true,physical_support_with_dark_floor_reported_separately
200,56,3,false,false,false,false,false,false,true,false,true,1,true,true,physical_support_with_dark_floor_reported_separately
200,56,4,false,false,false,false,false,false,true,false,true,1,true,true,physical_support_with_dark_floor_reported_separately
200,56,5,false,false,false,false,false,false,true,false,true,1,true,true,physical_support_with_dark_floor_reported_separately
200,56,6,false,false,false,false,false,false,true,false,true,1,true,true,physical_support_with_dark_floor_reported_separately
200,56,7,false,false,false,false,false,false,true,false,true,1,true,true,physical_support_with_dark_floor_reported_separately
200,56,8,false,false,false,false,false,false,true,false,true,1,true,true,physical_support_with_dark_floor_reported_separately
200,56,9,false,false,false,false,false,false,true,false,true,1,true,true,physical_support_with_dark_floor_reported_separately
200,56,10,false,false,false,false,false,false,true,false,true,1,true,true,physical_support_with_dark_floor_reported_separately
200,56,11,false,false,false,false,false,false,true,false,true,1,true,true,physical_support_with_dark_floor_reported_separately
200,56,12,false,false,false,false,false,false,true,false,true,1,true,true,physical_support_with_dark_floor_reported_separately
200,56,13,false,false,false,false,false,false,true,false,true,1,true,true,physical_support_with_dark_floor_reported_separately
200,56,14,false,false,false,false,false,false,true,false,true,1,true,true,physical_support_with_dark_floor_reported_separately
200,56,15,false,false,false,false,false,false,true,false,true,1,true,true,physical_support_with_dark_floor_reported_separately
200,57,1,false,false,false,false,false,false,false,false,false,0,true,true,physical_support_with_dark_floor_reported_separately
200,57,2,false,false,false,false,false,false,false,false,false,0,true,true,physical_support_with_dark_floor_reported_separately
200,57,3,false,false,false,false,false,false,false,false,false,0,true,true,physical_support_with_dark_floor_reported_separately
200,57,4,false,false,false,false,false,false,false,false,false,0,true,true,physical_support_with_dark_floor_reported_separately
200,57,5,false,false,false,false,false,false,false,false,false,0,true,true,physical_support_with_dark_floor_reported_separately
200,57,6,false,false,false,false,false,false,false,false,false,0,true,true,physical_support_with_dark_floor_reported_separately
200,57,7,false,false,false,false,false,false,false,false,false,0,true,true,physical_support_with_dark_floor_reported_separately
200,57,8,false,false,false,false,false,false,false,false,false,0,true,true,physical_support_with_dark_floor_reported_separately
200,57,9,false,false,false,false,false,false,false,false,false,0,true,true,physical_support_with_dark_floor_reported_separately
200,57,10,false,false,false,false,false,false,false,false,false,0,true,true,physical_support_with_dark_floor_reported_separately
200,57,11,false,false,false,false,false,false,false,false,false,0,true,true,physical_support_with_dark_floor_reported_separately
200,57,12,false,false,false,false,false,false,false,false,false,0,true,true,physical_support_with_dark_floor_reported_separately
200,57,13,false,false,false,false,false,false,false,false,false,0,true,true,physical_support_with_dark_floor_reported_separately
200,57,14,false,false,false,false,false,false,false,false,false,0,true,true,physical_support_with_dark_floor_reported_separately
200,57,15,false,false,false,false,false,false,false,false,false,0,true,true,physical_support_with_dark_floor_reported_separately
200,58,1,false,false,false,false,false,false,false,false,false,0,true,true,physical_support_with_dark_floor_reported_separately
200,58,2,false,false,false,false,false,false,false,false,false,0,true,true,physical_support_with_dark_floor_reported_separately
200,58,3,false,false,false,false,false,false,false,false,false,0,true,true,physical_support_with_dark_floor_reported_separately
200,58,4,false,false,false,false,false,false,false,false,false,0,true,true,physical_support_with_dark_floor_reported_separately
200,58,5,false,false,false,false,false,false,false,false,false,0,true,true,physical_support_with_dark_floor_reported_separately
200,58,6,false,false,false,false,false,false,false,false,false,0,true,true,physical_support_with_dark_floor_reported_separately
200,58,7,false,false,false,false,false,false,false,false,false,0,true,true,physical_support_with_dark_floor_reported_separately
200,58,8,false,false,false,false,false,false,false,false,false,0,true,true,physical_support_with_dark_floor_reported_separately
200,58,9,false,false,false,false,false,false,false,false,false,0,true,true,physical_support_with_dark_floor_reported_separately
200,58,10,false,false,false,false,false,false,false,false,false,0,true,true,physical_support_with_dark_floor_reported_separately
200,58,11,false,false,false,false,false,false,false,false,false,0,true,true,physical_support_with_dark_floor_reported_separately
200,58,12,false,false,false,false,false,false,false,false,false,0,true,true,physical_support_with_dark_floor_reported_separately
200,58,13,false,false,false,false,false,false,false,false,false,0,true,true,physical_support_with_dark_floor_reported_separately
200,58,14,false,false,false,false,false,false,false,false,false,0,true,true,physical_support_with_dark_floor_reported_separately
200,58,15,false,false,false,false,false,false,false,false,false,0,true,true,physical_support_with_dark_floor_reported_separately
200,59,1,false,false,false,false,false,false,true,false,true,1,true,true,physical_support_with_dark_floor_reported_separately
200,59,2,false,false,false,false,false,false,true,false,true,1,true,true,physical_support_with_dark_floor_reported_separately
200,59,3,false,false,false,false,false,false,true,false,true,1,true,true,physical_support_with_dark_floor_reported_separately
200,59,4,false,false,false,false,false,false,true,false,true,1,true,true,physical_support_with_dark_floor_reported_separately
200,59,5,false,false,false,false,false,false,true,false,true,1,true,true,physical_support_with_dark_floor_reported_separately
200,59,6,false,false,false,false,false,false,true,false,true,1,true,true,physical_support_with_dark_floor_reported_separately
200,59,7,false,false,false,false,false,false,true,false,true,1,true,true,physical_support_with_dark_floor_reported_separately
200,59,8,false,false,false,false,false,false,true,false,true,1,true,true,physical_support_with_dark_floor_reported_separately
200,59,9,false,false,false,false,false,false,true,false,true,1,true,true,physical_support_with_dark_floor_reported_separately
200,59,10,false,false,false,false,false,false,true,false,true,1,true,true,physical_support_with_dark_floor_reported_separately
200,59,11,false,false,false,false,false,false,true,false,true,1,true,true,physical_support_with_dark_floor_reported_separately
200,59,12,false,false,false,false,false,false,true,false,true,1,true,true,physical_support_with_dark_floor_reported_separately
200,59,13,false,false,false,false,false,false,true,false,true,1,true,true,physical_support_with_dark_floor_reported_separately
200,59,14,false,false,false,false,false,false,true,false,true,1,true,true,physical_support_with_dark_floor_reported_separately
200,59,15,false,false,false,false,false,false,true,false,true,1,true,true,physical_support_with_dark_floor_reported_separately
200,60,1,false,false,false,false,false,false,false,false,false,0,true,true,physical_support_with_dark_floor_reported_separately
200,60,2,false,false,false,false,true,false,false,false,true,1,true,true,physical_support_with_dark_floor_reported_separately
200,60,3,false,false,false,false,true,false,false,false,true,1,true,true,physical_support_with_dark_floor_reported_separately
200,60,4,false,false,false,false,false,false,false,false,false,0,true,true,physical_support_with_dark_floor_reported_separately
200,60,5,false,false,false,false,true,false,false,false,true,1,true,true,physical_support_with_dark_floor_reported_separately
200,60,6,false,false,false,false,false,false,false,false,false,0,true,true,physical_support_with_dark_floor_reported_separately
200,60,7,false,false,false,false,false,false,false,false,false,0,true,true,physical_support_with_dark_floor_reported_separately
200,60,8,false,false,false,false,true,false,false,false,true,1,true,true,physical_support_with_dark_floor_reported_separately
200,60,9,false,false,false,false,true,false,false,false,true,1,true,true,physical_support_with_dark_floor_reported_separately
200,60,10,false,false,false,false,true,false,false,false,true,1,true,true,physical_support_with_dark_floor_reported_separately
200,60,11,false,false,false,false,false,false,false,false,false,0,true,true,physical_support_with_dark_floor_reported_separately
200,60,12,false,false,false,false,true,false,false,false,true,1,true,true,physical_support_with_dark_floor_reported_separately
200,60,13,false,false,false,false,false,false,false,false,false,0,true,true,physical_support_with_dark_floor_reported_separately
200,60,14,false,false,false,false,false,false,false,false,false,0,true,true,physical_support_with_dark_floor_reported_separately
200,60,15,false,false,false,false,true,false,false,false,true,1,true,true,physical_support_with_dark_floor_reported_separately
200,61,1,false,false,false,false,true,false,true,false,true,2,true,true,physical_support_with_dark_floor_reported_separately
200,61,2,false,false,false,false,true,false,true,false,true,2,true,true,physical_support_with_dark_floor_reported_separately
200,61,3,false,false,false,false,true,false,true,false,true,2,true,true,physical_support_with_dark_floor_reported_separately
200,61,4,false,false,false,false,true,false,true,false,true,2,true,true,physical_support_with_dark_floor_reported_separately
200,61,5,false,false,false,false,true,false,true,false,true,2,true,true,physical_support_with_dark_floor_reported_separately
200,61,6,false,false,false,false,true,false,true,false,true,2,true,true,physical_support_with_dark_floor_reported_separately
200,61,7,false,false,false,false,true,false,true,false,true,2,true,true,physical_support_with_dark_floor_reported_separately
200,61,8,false,false,false,false,true,false,true,false,true,2,true,true,physical_support_with_dark_floor_reported_separately
200,61,9,false,false,false,false,true,false,true,false,true,2,true,true,physical_support_with_dark_floor_reported_separately
200,61,10,false,false,false,false,true,false,true,false,true,2,true,true,physical_support_with_dark_floor_reported_separately
200,61,11,false,false,false,false,true,false,true,false,true,2,true,true,physical_support_with_dark_floor_reported_separately
200,61,12,false,false,false,false,true,false,true,false,true,2,true,true,physical_support_with_dark_floor_reported_separately
200,61,13,false,false,false,false,true,false,true,false,true,2,true,true,physical_support_with_dark_floor_reported_separately
200,61,14,false,false,false,false,true,false,true,false,true,2,true,true,physical_support_with_dark_floor_reported_separately
200,61,15,false,false,false,false,true,false,true,false,true,2,true,true,physical_support_with_dark_floor_reported_separately
200,62,1,false,false,false,false,true,false,true,false,true,2,true,true,physical_support_with_dark_floor_reported_separately
200,62,2,false,false,false,false,true,false,true,false,true,2,true,true,physical_support_with_dark_floor_reported_separately
200,62,3,false,false,false,false,true,false,true,false,true,2,true,true,physical_support_with_dark_floor_reported_separately
200,62,4,false,false,false,false,true,false,true,false,true,2,true,true,physical_support_with_dark_floor_reported_separately
200,62,5,false,false,false,false,true,false,true,false,true,2,true,true,physical_support_with_dark_floor_reported_separately
200,62,6,false,false,false,false,true,false,true,false,true,2,true,true,physical_support_with_dark_floor_reported_separately
200,62,7,false,false,false,false,true,false,true,false,true,2,true,true,physical_support_with_dark_floor_reported_separately
200,62,8,false,false,false,false,true,false,true,false,true,2,true,true,physical_support_with_dark_floor_reported_separately
200,62,9,false,false,false,false,true,false,true,false,true,2,true,true,physical_support_with_dark_floor_reported_separately
200,62,10,false,false,false,false,true,false,true,false,true,2,true,true,physical_support_with_dark_floor_reported_separately
200,62,11,false,false,false,false,true,false,true,false,true,2,true,true,physical_support_with_dark_floor_reported_separately
200,62,12,false,false,false,false,true,false,true,false,true,2,true,true,physical_support_with_dark_floor_reported_separately
200,62,13,false,false,false,false,true,false,true,false,true,2,true,true,physical_support_with_dark_floor_reported_separately
200,62,14,false,false,false,false,true,false,true,false,true,2,true,true,physical_support_with_dark_floor_reported_separately
200,62,15,false,false,false,false,true,false,true,false,true,2,true,true,physical_support_with_dark_floor_reported_separately
200,63,1,false,false,false,false,true,false,true,false,true,2,true,true,physical_support_with_dark_floor_reported_separately
200,63,2,false,false,false,false,true,false,true,false,true,2,true,true,physical_support_with_dark_floor_reported_separately
200,63,3,false,false,false,false,true,false,true,false,true,2,true,true,physical_support_with_dark_floor_reported_separately
200,63,4,false,false,false,false,true,false,true,false,true,2,true,true,physical_support_with_dark_floor_reported_separately
200,63,5,false,false,false,false,true,false,true,false,true,2,true,true,physical_support_with_dark_floor_reported_separately
200,63,6,false,false,false,false,true,false,true,false,true,2,true,true,physical_support_with_dark_floor_reported_separately
200,63,7,false,false,false,false,true,false,true,false,true,2,true,true,physical_support_with_dark_floor_reported_separately
200,63,8,false,false,false,false,true,false,true,false,true,2,true,true,physical_support_with_dark_floor_reported_separately
200,63,9,false,false,false,false,true,false,true,false,true,2,true,true,physical_support_with_dark_floor_reported_separately
200,63,10,false,false,false,false,true,false,true,false,true,2,true,true,physical_support_with_dark_floor_reported_separately
200,63,11,false,false,false,false,true,false,true,false,true,2,true,true,physical_support_with_dark_floor_reported_separately
200,63,12,false,false,false,false,true,false,true,false,true,2,true,true,physical_support_with_dark_floor_reported_separately
200,63,13,false,false,false,false,true,false,true,false,true,2,true,true,physical_support_with_dark_floor_reported_separately
200,63,14,false,false,false,false,true,false,true,false,true,2,true,true,physical_support_with_dark_floor_reported_separately
200,63,15,false,false,false,false,true,false,true,false,true,2,true,true,physical_support_with_dark_floor_reported_separately
250,0,1,false,false,false,false,false,false,false,false,false,0,true,true,physical_support_with_dark_floor_reported_separately
250,0,2,false,false,false,false,false,false,false,false,false,0,true,true,physical_support_with_dark_floor_reported_separately
250,0,3,false,false,false,false,false,false,false,false,false,0,true,true,physical_support_with_dark_floor_reported_separately
250,0,4,false,false,false,false,false,false,false,false,false,0,true,true,physical_support_with_dark_floor_reported_separately
250,0,5,false,false,false,false,false,false,false,false,false,0,true,true,physical_support_with_dark_floor_reported_separately
250,0,6,false,false,false,false,false,false,false,false,false,0,true,true,physical_support_with_dark_floor_reported_separately
250,0,7,false,false,false,false,false,false,false,false,false,0,true,true,physical_support_with_dark_floor_reported_separately
250,0,8,false,false,false,false,false,false,false,false,false,0,true,true,physical_support_with_dark_floor_reported_separately
250,0,9,false,false,false,false,false,false,false,false,false,0,true,true,physical_support_with_dark_floor_reported_separately
250,0,10,false,false,false,false,false,false,false,false,false,0,true,true,physical_support_with_dark_floor_reported_separately
250,0,11,false,false,false,false,false,false,false,false,false,0,true,true,physical_support_with_dark_floor_reported_separately
250,0,12,false,false,false,false,false,false,false,false,false,0,true,true,physical_support_with_dark_floor_reported_separately
250,0,13,false,false,false,false,false,false,false,false,false,0,true,true,physical_support_with_dark_floor_reported_separately
250,0,14,false,false,false,false,false,false,false,false,false,0,true,true,physical_support_with_dark_floor_reported_separately
250,0,15,false,false,false,false,false,false,false,false,false,0,true,true,physical_support_with_dark_floor_reported_separately
250,1,1,false,false,false,false,true,false,true,false,true,2,true,true,physical_support_with_dark_floor_reported_separately
250,1,2,false,false,false,false,true,false,true,false,true,2,true,true,physical_support_with_dark_floor_reported_separately
250,1,3,false,false,false,false,true,false,true,false,true,2,true,true,physical_support_with_dark_floor_reported_separately
250,1,4,false,false,false,false,true,false,true,false,true,2,true,true,physical_support_with_dark_floor_reported_separately
250,1,5,false,false,false,false,true,false,true,false,true,2,true,true,physical_support_with_dark_floor_reported_separately
250,1,6,false,false,false,false,true,false,true,false,true,2,true,true,physical_support_with_dark_floor_reported_separately
250,1,7,false,false,false,false,true,false,true,false,true,2,true,true,physical_support_with_dark_floor_reported_separately
250,1,8,false,false,false,false,true,false,true,false,true,2,true,true,physical_support_with_dark_floor_reported_separately
250,1,9,false,false,false,false,true,false,true,false,true,2,true,true,physical_support_with_dark_floor_reported_separately
250,1,10,false,false,false,false,true,false,true,false,true,2,true,true,physical_support_with_dark_floor_reported_separately
250,1,11,false,false,false,false,true,false,true,false,true,2,true,true,physical_support_with_dark_floor_reported_separately
250,1,12,false,false,false,false,true,false,true,false,true,2,true,true,physical_support_with_dark_floor_reported_separately
250,1,13,false,false,false,false,true,false,true,false,true,2,true,true,physical_support_with_dark_floor_reported_separately
250,1,14,false,false,false,false,true,false,true,false,true,2,true,true,physical_support_with_dark_floor_reported_separately
250,1,15,false,false,false,false,true,false,true,false,true,2,true,true,physical_support_with_dark_floor_reported_separately
250,2,1,false,false,false,false,false,false,true,false,true,1,true,true,physical_support_with_dark_floor_reported_separately
250,2,2,false,false,false,false,false,false,true,false,true,1,true,true,physical_support_with_dark_floor_reported_separately
250,2,3,false,false,false,false,false,false,true,false,true,1,true,true,physical_support_with_dark_floor_reported_separately
250,2,4,false,false,false,false,false,false,true,false,true,1,true,true,physical_support_with_dark_floor_reported_separately
250,2,5,false,false,false,false,false,false,true,false,true,1,true,true,physical_support_with_dark_floor_reported_separately
250,2,6,false,false,false,false,false,false,true,false,true,1,true,true,physical_support_with_dark_floor_reported_separately
250,2,7,false,false,false,false,false,false,true,false,true,1,true,true,physical_support_with_dark_floor_reported_separately
250,2,8,false,false,false,false,false,false,true,false,true,1,true,true,physical_support_with_dark_floor_reported_separately
250,2,9,false,false,false,false,false,false,true,false,true,1,true,true,physical_support_with_dark_floor_reported_separately
250,2,10,false,false,false,false,false,false,true,false,true,1,true,true,physical_support_with_dark_floor_reported_separately
250,2,11,false,false,false,false,false,false,true,false,true,1,true,true,physical_support_with_dark_floor_reported_separately
250,2,12,false,false,false,false,false,false,true,false,true,1,true,true,physical_support_with_dark_floor_reported_separately
250,2,13,false,false,false,false,false,false,true,false,true,1,true,true,physical_support_with_dark_floor_reported_separately
250,2,14,false,false,false,false,false,false,true,false,true,1,true,true,physical_support_with_dark_floor_reported_separately
250,2,15,false,false,false,false,false,false,true,false,true,1,true,true,physical_support_with_dark_floor_reported_separately
250,3,1,false,false,false,false,true,false,false,false,true,1,true,true,physical_support_with_dark_floor_reported_separately
250,3,2,false,false,false,false,true,false,false,false,true,1,true,true,physical_support_with_dark_floor_reported_separately
250,3,3,false,false,false,false,true,false,false,false,true,1,true,true,physical_support_with_dark_floor_reported_separately
250,3,4,false,false,false,false,true,false,false,false,true,1,true,true,physical_support_with_dark_floor_reported_separately
250,3,5,false,false,false,false,true,false,false,false,true,1,true,true,physical_support_with_dark_floor_reported_separately
250,3,6,false,false,false,false,true,false,false,false,true,1,true,true,physical_support_with_dark_floor_reported_separately
250,3,7,false,false,false,false,true,false,false,false,true,1,true,true,physical_support_with_dark_floor_reported_separately
250,3,8,false,false,false,false,true,false,false,false,true,1,true,true,physical_support_with_dark_floor_reported_separately
250,3,9,false,false,false,false,true,false,false,false,true,1,true,true,physical_support_with_dark_floor_reported_separately
250,3,10,false,false,false,false,true,false,false,false,true,1,true,true,physical_support_with_dark_floor_reported_separately
250,3,11,false,false,false,false,true,false,false,false,true,1,true,true,physical_support_with_dark_floor_reported_separately
250,3,12,false,false,false,false,true,false,false,false,true,1,true,true,physical_support_with_dark_floor_reported_separately
250,3,13,false,false,false,false,true,false,false,false,true,1,true,true,physical_support_with_dark_floor_reported_separately
250,3,14,false,false,false,false,true,false,false,false,true,1,true,true,physical_support_with_dark_floor_reported_separately
250,3,15,false,false,false,false,true,false,false,false,true,1,true,true,physical_support_with_dark_floor_reported_separately
250,4,1,false,false,false,false,true,false,false,false,true,1,true,true,physical_support_with_dark_floor_reported_separately
250,4,2,false,false,false,false,true,false,false,false,true,1,true,true,physical_support_with_dark_floor_reported_separately
250,4,3,false,false,false,false,true,false,false,false,true,1,true,true,physical_support_with_dark_floor_reported_separately
250,4,4,false,false,false,false,true,false,false,false,true,1,true,true,physical_support_with_dark_floor_reported_separately
250,4,5,false,false,false,false,true,false,false,false,true,1,true,true,physical_support_with_dark_floor_reported_separately
250,4,6,false,false,false,false,true,false,false,false,true,1,true,true,physical_support_with_dark_floor_reported_separately
250,4,7,false,false,false,false,true,false,false,false,true,1,true,true,physical_support_with_dark_floor_reported_separately
250,4,8,false,false,false,false,true,false,false,false,true,1,true,true,physical_support_with_dark_floor_reported_separately
250,4,9,false,false,false,false,true,false,false,false,true,1,true,true,physical_support_with_dark_floor_reported_separately
250,4,10,false,false,false,false,true,false,false,false,true,1,true,true,physical_support_with_dark_floor_reported_separately
250,4,11,false,false,false,false,true,false,false,false,true,1,true,true,physical_support_with_dark_floor_reported_separately
250,4,12,false,false,false,false,true,false,false,false,true,1,true,true,physical_support_with_dark_floor_reported_separately
250,4,13,false,false,false,false,true,false,false,false,true,1,true,true,physical_support_with_dark_floor_reported_separately
250,4,14,false,false,false,false,true,false,false,false,true,1,true,true,physical_support_with_dark_floor_reported_separately
250,4,15,false,false,false,false,true,false,false,false,true,1,true,true,physical_support_with_dark_floor_reported_separately
250,5,1,false,false,false,false,false,false,true,false,true,1,true,true,physical_support_with_dark_floor_reported_separately
250,5,2,false,false,false,false,false,false,true,false,true,1,true,true,physical_support_with_dark_floor_reported_separately
250,5,3,false,false,false,false,false,false,true,false,true,1,true,true,physical_support_with_dark_floor_reported_separately
250,5,4,false,false,false,false,false,false,true,false,true,1,true,true,physical_support_with_dark_floor_reported_separately
250,5,5,false,false,false,false,false,false,true,false,true,1,true,true,physical_support_with_dark_floor_reported_separately
250,5,6,false,false,false,false,false,false,true,false,true,1,true,true,physical_support_with_dark_floor_reported_separately
250,5,7,false,false,false,false,false,false,true,false,true,1,true,true,physical_support_with_dark_floor_reported_separately
250,5,8,false,false,false,false,false,false,true,false,true,1,true,true,physical_support_with_dark_floor_reported_separately
250,5,9,false,false,false,false,false,false,true,false,true,1,true,true,physical_support_with_dark_floor_reported_separately
250,5,10,false,false,false,false,false,false,true,false,true,1,true,true,physical_support_with_dark_floor_reported_separately
250,5,11,false,false,false,false,false,false,true,false,true,1,true,true,physical_support_with_dark_floor_reported_separately
250,5,12,false,false,false,false,false,false,true,false,true,1,true,true,physical_support_with_dark_floor_reported_separately
250,5,13,false,false,false,false,false,false,true,false,true,1,true,true,physical_support_with_dark_floor_reported_separately
250,5,14,false,false,false,false,false,false,true,false,true,1,true,true,physical_support_with_dark_floor_reported_separately
250,5,15,false,false,false,false,false,false,true,false,true,1,true,true,physical_support_with_dark_floor_reported_separately
250,6,1,false,false,false,false,false,false,false,false,false,0,true,true,physical_support_with_dark_floor_reported_separately
250,6,2,false,false,false,false,false,false,false,false,false,0,true,true,physical_support_with_dark_floor_reported_separately
250,6,3,false,false,false,false,false,false,false,false,false,0,true,true,physical_support_with_dark_floor_reported_separately
250,6,4,false,false,false,false,false,false,false,false,false,0,true,true,physical_support_with_dark_floor_reported_separately
250,6,5,false,false,false,false,false,false,false,false,false,0,true,true,physical_support_with_dark_floor_reported_separately
250,6,6,false,false,false,false,false,false,false,false,false,0,true,true,physical_support_with_dark_floor_reported_separately
250,6,7,false,false,false,false,false,false,false,false,false,0,true,true,physical_support_with_dark_floor_reported_separately
250,6,8,false,false,false,false,false,false,false,false,false,0,true,true,physical_support_with_dark_floor_reported_separately
250,6,9,false,false,false,false,false,false,false,false,false,0,true,true,physical_support_with_dark_floor_reported_separately
250,6,10,false,false,false,false,false,false,false,false,false,0,true,true,physical_support_with_dark_floor_reported_separately
250,6,11,false,false,false,false,false,false,false,false,false,0,true,true,physical_support_with_dark_floor_reported_separately
250,6,12,false,false,false,false,false,false,false,false,false,0,true,true,physical_support_with_dark_floor_reported_separately
250,6,13,false,false,false,false,false,false,false,false,false,0,true,true,physical_support_with_dark_floor_reported_separately
250,6,14,false,false,false,false,false,false,false,false,false,0,true,true,physical_support_with_dark_floor_reported_separately
250,6,15,false,false,false,false,false,false,false,false,false,0,true,true,physical_support_with_dark_floor_reported_separately
250,7,1,false,false,false,false,true,false,false,false,true,1,true,true,physical_support_with_dark_floor_reported_separately
250,7,2,false,false,false,false,true,false,false,false,true,1,true,true,physical_support_with_dark_floor_reported_separately
250,7,3,false,false,false,false,true,false,false,false,true,1,true,true,physical_support_with_dark_floor_reported_separately
250,7,4,false,false,false,false,true,false,false,false,true,1,true,true,physical_support_with_dark_floor_reported_separately
250,7,5,false,false,false,false,true,false,false,false,true,1,true,true,physical_support_with_dark_floor_reported_separately
250,7,6,false,false,false,false,true,false,false,false,true,1,true,true,physical_support_with_dark_floor_reported_separately
250,7,7,false,false,false,false,true,false,false,false,true,1,true,true,physical_support_with_dark_floor_reported_separately
250,7,8,false,false,false,false,true,false,false,false,true,1,true,true,physical_support_with_dark_floor_reported_separately
250,7,9,false,false,false,false,true,false,false,false,true,1,true,true,physical_support_with_dark_floor_reported_separately
250,7,10,false,false,false,false,true,false,false,false,true,1,true,true,physical_support_with_dark_floor_reported_separately
250,7,11,false,false,false,false,true,false,false,false,true,1,true,true,physical_support_with_dark_floor_reported_separately
250,7,12,false,false,false,false,true,false,false,false,true,1,true,true,physical_support_with_dark_floor_reported_separately
250,7,13,false,false,false,false,true,false,false,false,true,1,true,true,physical_support_with_dark_floor_reported_separately
250,7,14,false,false,false,false,true,false,false,false,true,1,true,true,physical_support_with_dark_floor_reported_separately
250,7,15,false,false,false,false,true,false,false,false,true,1,true,true,physical_support_with_dark_floor_reported_separately
250,8,1,false,false,false,false,false,false,false,false,false,0,true,true,physical_support_with_dark_floor_reported_separately
250,8,2,false,false,false,false,false,false,false,false,false,0,true,true,physical_support_with_dark_floor_reported_separately
250,8,3,false,false,false,false,false,false,false,false,false,0,true,true,physical_support_with_dark_floor_reported_separately
250,8,4,false,false,false,false,false,false,false,false,false,0,true,true,physical_support_with_dark_floor_reported_separately
250,8,5,false,false,false,false,false,false,false,false,false,0,true,true,physical_support_with_dark_floor_reported_separately
250,8,6,false,false,false,false,false,false,false,false,false,0,true,true,physical_support_with_dark_floor_reported_separately
250,8,7,false,false,false,false,false,false,false,false,false,0,true,true,physical_support_with_dark_floor_reported_separately
250,8,8,false,false,false,false,false,false,false,false,false,0,true,true,physical_support_with_dark_floor_reported_separately
250,8,9,false,false,false,false,false,false,false,false,false,0,true,true,physical_support_with_dark_floor_reported_separately
250,8,10,false,false,false,false,false,false,false,false,false,0,true,true,physical_support_with_dark_floor_reported_separately
250,8,11,false,false,false,false,false,false,false,false,false,0,true,true,physical_support_with_dark_floor_reported_separately
250,8,12,false,false,false,false,false,false,false,false,false,0,true,true,physical_support_with_dark_floor_reported_separately
250,8,13,false,false,false,false,false,false,false,false,false,0,true,true,physical_support_with_dark_floor_reported_separately
250,8,14,false,false,false,false,false,false,false,false,false,0,true,true,physical_support_with_dark_floor_reported_separately
250,8,15,false,false,false,false,false,false,false,false,false,0,true,true,physical_support_with_dark_floor_reported_separately
250,9,1,false,false,false,false,false,false,false,false,false,0,true,true,physical_support_with_dark_floor_reported_separately
250,9,2,false,false,false,false,false,false,false,false,false,0,true,true,physical_support_with_dark_floor_reported_separately
250,9,3,false,false,false,false,false,false,false,false,false,0,true,true,physical_support_with_dark_floor_reported_separately
250,9,4,false,false,false,false,false,false,false,false,false,0,true,true,physical_support_with_dark_floor_reported_separately
250,9,5,false,false,false,false,false,false,false,false,false,0,true,true,physical_support_with_dark_floor_reported_separately
250,9,6,false,false,false,false,false,false,false,false,false,0,true,true,physical_support_with_dark_floor_reported_separately
250,9,7,false,false,false,false,false,false,false,false,false,0,true,true,physical_support_with_dark_floor_reported_separately
250,9,8,false,false,false,false,false,false,false,false,false,0,true,true,physical_support_with_dark_floor_reported_separately
250,9,9,false,false,false,false,false,false,false,false,false,0,true,true,physical_support_with_dark_floor_reported_separately
250,9,10,false,false,false,false,false,false,false,false,false,0,true,true,physical_support_with_dark_floor_reported_separately
250,9,11,false,false,false,false,false,false,false,false,false,0,true,true,physical_support_with_dark_floor_reported_separately
250,9,12,false,false,false,false,false,false,false,false,false,0,true,true,physical_support_with_dark_floor_reported_separately
250,9,13,false,false,false,false,false,false,false,false,false,0,true,true,physical_support_with_dark_floor_reported_separately
250,9,14,false,false,false,false,false,false,false,false,false,0,true,true,physical_support_with_dark_floor_reported_separately
250,9,15,false,false,false,false,false,false,false,false,false,0,true,true,physical_support_with_dark_floor_reported_separately
250,10,1,false,false,false,false,true,false,false,false,true,1,true,true,physical_support_with_dark_floor_reported_separately
250,10,2,false,false,false,false,true,false,false,false,true,1,true,true,physical_support_with_dark_floor_reported_separately
250,10,3,false,false,false,false,true,false,false,false,true,1,true,true,physical_support_with_dark_floor_reported_separately
250,10,4,false,false,false,false,true,false,false,false,true,1,true,true,physical_support_with_dark_floor_reported_separately
250,10,5,false,false,false,false,true,false,false,false,true,1,true,true,physical_support_with_dark_floor_reported_separately
250,10,6,false,false,false,false,true,false,false,false,true,1,true,true,physical_support_with_dark_floor_reported_separately
250,10,7,false,false,false,false,true,false,false,false,true,1,true,true,physical_support_with_dark_floor_reported_separately
250,10,8,false,false,false,false,true,false,false,false,true,1,true,true,physical_support_with_dark_floor_reported_separately
250,10,9,false,false,false,false,true,false,false,false,true,1,true,true,physical_support_with_dark_floor_reported_separately
250,10,10,false,false,false,false,true,false,false,false,true,1,true,true,physical_support_with_dark_floor_reported_separately
250,10,11,false,false,false,false,true,false,false,false,true,1,true,true,physical_support_with_dark_floor_reported_separately
250,10,12,false,false,false,false,true,false,false,false,true,1,true,true,physical_support_with_dark_floor_reported_separately
250,10,13,false,false,false,false,true,false,false,false,true,1,true,true,physical_support_with_dark_floor_reported_separately
250,10,14,false,false,false,false,true,false,false,false,true,1,true,true,physical_support_with_dark_floor_reported_separately
250,10,15,false,false,false,false,true,false,false,false,true,1,true,true,physical_support_with_dark_floor_reported_separately
250,11,1,false,false,false,false,true,false,true,false,true,2,true,true,physical_support_with_dark_floor_reported_separately
250,11,2,false,false,false,false,true,false,true,false,true,2,true,true,physical_support_with_dark_floor_reported_separately
250,11,3,false,false,false,false,true,false,true,false,true,2,true,true,physical_support_with_dark_floor_reported_separately
250,11,4,false,false,false,false,true,false,true,false,true,2,true,true,physical_support_with_dark_floor_reported_separately
250,11,5,false,false,false,false,true,false,true,false,true,2,true,true,physical_support_with_dark_floor_reported_separately
250,11,6,false,false,false,false,true,false,true,false,true,2,true,true,physical_support_with_dark_floor_reported_separately
250,11,7,false,false,false,false,true,false,true,false,true,2,true,true,physical_support_with_dark_floor_reported_separately
250,11,8,false,false,false,false,true,false,true,false,true,2,true,true,physical_support_with_dark_floor_reported_separately
250,11,9,false,false,false,false,true,false,true,false,true,2,true,true,physical_support_with_dark_floor_reported_separately
250,11,10,false,false,false,false,true,false,true,false,true,2,true,true,physical_support_with_dark_floor_reported_separately
250,11,11,false,false,false,false,true,false,true,false,true,2,true,true,physical_support_with_dark_floor_reported_separately
250,11,12,false,false,false,false,true,false,true,false,true,2,true,true,physical_support_with_dark_floor_reported_separately
250,11,13,false,false,false,false,true,false,true,false,true,2,true,true,physical_support_with_dark_floor_reported_separately
250,11,14,false,false,false,false,true,false,true,false,true,2,true,true,physical_support_with_dark_floor_reported_separately
250,11,15,false,false,false,false,true,false,true,false,true,2,true,true,physical_support_with_dark_floor_reported_separately
250,12,1,false,false,false,false,true,false,false,false,true,1,true,true,physical_support_with_dark_floor_reported_separately
250,12,2,false,false,false,false,true,false,false,false,true,1,true,true,physical_support_with_dark_floor_reported_separately
250,12,3,false,false,false,false,true,false,false,false,true,1,true,true,physical_support_with_dark_floor_reported_separately
250,12,4,false,false,false,false,true,false,false,false,true,1,true,true,physical_support_with_dark_floor_reported_separately
250,12,5,false,false,false,false,true,false,false,false,true,1,true,true,physical_support_with_dark_floor_reported_separately
250,12,6,false,false,false,false,true,false,false,false,true,1,true,true,physical_support_with_dark_floor_reported_separately
250,12,7,false,false,false,false,true,false,false,false,true,1,true,true,physical_support_with_dark_floor_reported_separately
250,12,8,false,false,false,false,true,false,false,false,true,1,true,true,physical_support_with_dark_floor_reported_separately
250,12,9,false,false,false,false,true,false,false,false,true,1,true,true,physical_support_with_dark_floor_reported_separately
250,12,10,false,false,false,false,true,false,false,false,true,1,true,true,physical_support_with_dark_floor_reported_separately
250,12,11,false,false,false,false,true,false,false,false,true,1,true,true,physical_support_with_dark_floor_reported_separately
250,12,12,false,false,false,false,true,false,false,false,true,1,true,true,physical_support_with_dark_floor_reported_separately
250,12,13,false,false,false,false,true,false,false,false,true,1,true,true,physical_support_with_dark_floor_reported_separately
250,12,14,false,false,false,false,true,false,false,false,true,1,true,true,physical_support_with_dark_floor_reported_separately
250,12,15,false,false,false,false,true,false,false,false,true,1,true,true,physical_support_with_dark_floor_reported_separately
250,13,1,false,false,false,false,true,false,true,false,true,2,true,true,physical_support_with_dark_floor_reported_separately
250,13,2,false,false,false,false,true,false,true,false,true,2,true,true,physical_support_with_dark_floor_reported_separately
250,13,3,false,false,false,false,true,false,true,false,true,2,true,true,physical_support_with_dark_floor_reported_separately
250,13,4,false,false,false,false,true,false,true,false,true,2,true,true,physical_support_with_dark_floor_reported_separately
250,13,5,false,false,false,false,true,false,true,false,true,2,true,true,physical_support_with_dark_floor_reported_separately
250,13,6,false,false,false,false,true,false,true,false,true,2,true,true,physical_support_with_dark_floor_reported_separately
250,13,7,false,false,false,false,true,false,true,false,true,2,true,true,physical_support_with_dark_floor_reported_separately
250,13,8,false,false,false,false,true,false,true,false,true,2,true,true,physical_support_with_dark_floor_reported_separately
250,13,9,false,false,false,false,true,false,true,false,true,2,true,true,physical_support_with_dark_floor_reported_separately
250,13,10,false,false,false,false,true,false,true,false,true,2,true,true,physical_support_with_dark_floor_reported_separately
250,13,11,false,false,false,false,true,false,true,false,true,2,true,true,physical_support_with_dark_floor_reported_separately
250,13,12,false,false,false,false,true,false,true,false,true,2,true,true,physical_support_with_dark_floor_reported_separately
250,13,13,false,false,false,false,true,false,true,false,true,2,true,true,physical_support_with_dark_floor_reported_separately
250,13,14,false,false,false,false,true,false,true,false,true,2,true,true,physical_support_with_dark_floor_reported_separately
250,13,15,false,false,false,false,true,false,true,false,true,2,true,true,physical_support_with_dark_floor_reported_separately
250,14,1,false,false,false,false,true,false,false,false,true,1,true,true,physical_support_with_dark_floor_reported_separately
250,14,2,false,false,false,false,true,false,false,false,true,1,true,true,physical_support_with_dark_floor_reported_separately
250,14,3,false,false,false,false,true,false,false,false,true,1,true,true,physical_support_with_dark_floor_reported_separately
250,14,4,false,false,false,false,true,false,false,false,true,1,true,true,physical_support_with_dark_floor_reported_separately
250,14,5,false,false,false,false,true,false,false,false,true,1,true,true,physical_support_with_dark_floor_reported_separately
250,14,6,false,false,false,false,true,false,false,false,true,1,true,true,physical_support_with_dark_floor_reported_separately
250,14,7,false,false,false,false,true,false,false,false,true,1,true,true,physical_support_with_dark_floor_reported_separately
250,14,8,false,false,false,false,true,false,false,false,true,1,true,true,physical_support_with_dark_floor_reported_separately
250,14,9,false,false,false,false,true,false,false,false,true,1,true,true,physical_support_with_dark_floor_reported_separately
250,14,10,false,false,false,false,true,false,false,false,true,1,true,true,physical_support_with_dark_floor_reported_separately
250,14,11,false,false,false,false,true,false,false,false,true,1,true,true,physical_support_with_dark_floor_reported_separately
250,14,12,false,false,false,false,true,false,false,false,true,1,true,true,physical_support_with_dark_floor_reported_separately
250,14,13,false,false,false,false,true,false,false,false,true,1,true,true,physical_support_with_dark_floor_reported_separately
250,14,14,false,false,false,false,true,false,false,false,true,1,true,true,physical_support_with_dark_floor_reported_separately
250,14,15,false,false,false,false,true,false,false,false,true,1,true,true,physical_support_with_dark_floor_reported_separately
250,15,1,false,false,false,false,true,false,true,false,true,2,true,true,physical_support_with_dark_floor_reported_separately
250,15,2,false,false,false,false,true,false,true,false,true,2,true,true,physical_support_with_dark_floor_reported_separately
250,15,3,false,false,false,false,true,false,true,false,true,2,true,true,physical_support_with_dark_floor_reported_separately
250,15,4,false,false,false,false,true,false,true,false,true,2,true,true,physical_support_with_dark_floor_reported_separately
250,15,5,false,false,false,false,true,false,true,false,true,2,true,true,physical_support_with_dark_floor_reported_separately
250,15,6,false,false,false,false,true,false,true,false,true,2,true,true,physical_support_with_dark_floor_reported_separately
250,15,7,false,false,false,false,true,false,true,false,true,2,true,true,physical_support_with_dark_floor_reported_separately
250,15,8,false,false,false,false,true,false,true,false,true,2,true,true,physical_support_with_dark_floor_reported_separately
250,15,9,false,false,false,false,true,false,true,false,true,2,true,true,physical_support_with_dark_floor_reported_separately
250,15,10,false,false,false,false,true,false,true,false,true,2,true,true,physical_support_with_dark_floor_reported_separately
250,15,11,false,false,false,false,true,false,true,false,true,2,true,true,physical_support_with_dark_floor_reported_separately
250,15,12,false,false,false,false,true,false,true,false,true,2,true,true,physical_support_with_dark_floor_reported_separately
250,15,13,false,false,false,false,true,false,true,false,true,2,true,true,physical_support_with_dark_floor_reported_separately
250,15,14,false,false,false,false,true,false,true,false,true,2,true,true,physical_support_with_dark_floor_reported_separately
250,15,15,false,false,false,false,true,false,true,false,true,2,true,true,physical_support_with_dark_floor_reported_separately
250,16,1,false,false,false,false,true,false,false,false,true,1,true,true,physical_support_with_dark_floor_reported_separately
250,16,2,false,false,false,false,true,false,false,false,true,1,true,true,physical_support_with_dark_floor_reported_separately
250,16,3,false,false,false,false,true,false,false,false,true,1,true,true,physical_support_with_dark_floor_reported_separately
250,16,4,false,false,false,false,true,false,false,false,true,1,true,true,physical_support_with_dark_floor_reported_separately
250,16,5,false,false,false,false,true,false,false,false,true,1,true,true,physical_support_with_dark_floor_reported_separately
250,16,6,false,false,false,false,true,false,false,false,true,1,true,true,physical_support_with_dark_floor_reported_separately
250,16,7,false,false,false,false,true,false,false,false,true,1,true,true,physical_support_with_dark_floor_reported_separately
250,16,8,false,false,false,false,true,false,false,false,true,1,true,true,physical_support_with_dark_floor_reported_separately
250,16,9,false,false,false,false,true,false,false,false,true,1,true,true,physical_support_with_dark_floor_reported_separately
250,16,10,false,false,false,false,true,false,false,false,true,1,true,true,physical_support_with_dark_floor_reported_separately
250,16,11,false,false,false,false,true,false,false,false,true,1,true,true,physical_support_with_dark_floor_reported_separately
250,16,12,false,false,false,false,true,false,false,false,true,1,true,true,physical_support_with_dark_floor_reported_separately
250,16,13,false,false,false,false,true,false,false,false,true,1,true,true,physical_support_with_dark_floor_reported_separately
250,16,14,false,false,false,false,true,false,false,false,true,1,true,true,physical_support_with_dark_floor_reported_separately
250,16,15,false,false,false,false,true,false,false,false,true,1,true,true,physical_support_with_dark_floor_reported_separately
250,17,1,false,false,false,false,true,false,false,false,true,1,true,true,physical_support_with_dark_floor_reported_separately
250,17,2,false,false,false,false,true,false,false,false,true,1,true,true,physical_support_with_dark_floor_reported_separately
250,17,3,false,false,false,false,true,false,false,false,true,1,true,true,physical_support_with_dark_floor_reported_separately
250,17,4,false,false,false,false,true,false,false,false,true,1,true,true,physical_support_with_dark_floor_reported_separately
250,17,5,false,false,false,false,true,false,false,false,true,1,true,true,physical_support_with_dark_floor_reported_separately
250,17,6,false,false,false,false,true,false,false,false,true,1,true,true,physical_support_with_dark_floor_reported_separately
250,17,7,false,false,false,false,true,false,false,false,true,1,true,true,physical_support_with_dark_floor_reported_separately
250,17,8,false,false,false,false,true,false,false,false,true,1,true,true,physical_support_with_dark_floor_reported_separately
250,17,9,false,false,false,false,true,false,false,false,true,1,true,true,physical_support_with_dark_floor_reported_separately
250,17,10,false,false,false,false,true,false,false,false,true,1,true,true,physical_support_with_dark_floor_reported_separately
250,17,11,false,false,false,false,true,false,false,false,true,1,true,true,physical_support_with_dark_floor_reported_separately
250,17,12,false,false,false,false,true,false,false,false,true,1,true,true,physical_support_with_dark_floor_reported_separately
250,17,13,false,false,false,false,true,false,false,false,true,1,true,true,physical_support_with_dark_floor_reported_separately
250,17,14,false,false,false,false,true,false,false,false,true,1,true,true,physical_support_with_dark_floor_reported_separately
250,17,15,false,false,false,false,true,false,false,false,true,1,true,true,physical_support_with_dark_floor_reported_separately
250,18,1,false,false,false,false,false,false,false,false,false,0,true,true,physical_support_with_dark_floor_reported_separately
250,18,2,false,false,false,false,false,false,false,false,false,0,true,true,physical_support_with_dark_floor_reported_separately
250,18,3,false,false,false,false,false,false,false,false,false,0,true,true,physical_support_with_dark_floor_reported_separately
250,18,4,false,false,false,false,false,false,false,false,false,0,true,true,physical_support_with_dark_floor_reported_separately
250,18,5,false,false,false,false,false,false,false,false,false,0,true,true,physical_support_with_dark_floor_reported_separately
250,18,6,false,false,false,false,false,false,false,false,false,0,true,true,physical_support_with_dark_floor_reported_separately
250,18,7,false,false,false,false,false,false,false,false,false,0,true,true,physical_support_with_dark_floor_reported_separately
250,18,8,false,false,false,false,false,false,false,false,false,0,true,true,physical_support_with_dark_floor_reported_separately
250,18,9,false,false,false,false,false,false,false,false,false,0,true,true,physical_support_with_dark_floor_reported_separately
250,18,10,false,false,false,false,false,false,false,false,false,0,true,true,physical_support_with_dark_floor_reported_separately
250,18,11,false,false,false,false,false,false,false,false,false,0,true,true,physical_support_with_dark_floor_reported_separately
250,18,12,false,false,false,false,false,false,false,false,false,0,true,true,physical_support_with_dark_floor_reported_separately
250,18,13,false,false,false,false,false,false,false,false,false,0,true,true,physical_support_with_dark_floor_reported_separately
250,18,14,false,false,false,false,false,false,false,false,false,0,true,true,physical_support_with_dark_floor_reported_separately
250,18,15,false,false,false,false,false,false,false,false,false,0,true,true,physical_support_with_dark_floor_reported_separately
250,19,1,false,false,false,false,true,false,false,false,true,1,true,true,physical_support_with_dark_floor_reported_separately
250,19,2,false,false,false,false,true,false,false,false,true,1,true,true,physical_support_with_dark_floor_reported_separately
250,19,3,false,false,false,false,true,false,false,false,true,1,true,true,physical_support_with_dark_floor_reported_separately
250,19,4,false,false,false,false,true,false,false,false,true,1,true,true,physical_support_with_dark_floor_reported_separately
250,19,5,false,false,false,false,true,false,false,false,true,1,true,true,physical_support_with_dark_floor_reported_separately
250,19,6,false,false,false,false,true,false,false,false,true,1,true,true,physical_support_with_dark_floor_reported_separately
250,19,7,false,false,false,false,true,false,false,false,true,1,true,true,physical_support_with_dark_floor_reported_separately
250,19,8,false,false,false,false,true,false,false,false,true,1,true,true,physical_support_with_dark_floor_reported_separately
250,19,9,false,false,false,false,true,false,false,false,true,1,true,true,physical_support_with_dark_floor_reported_separately
250,19,10,false,false,false,false,true,false,false,false,true,1,true,true,physical_support_with_dark_floor_reported_separately
250,19,11,false,false,false,false,true,false,false,false,true,1,true,true,physical_support_with_dark_floor_reported_separately
250,19,12,false,false,false,false,true,false,false,false,true,1,true,true,physical_support_with_dark_floor_reported_separately
250,19,13,false,false,false,false,true,false,false,false,true,1,true,true,physical_support_with_dark_floor_reported_separately
250,19,14,false,false,false,false,true,false,false,false,true,1,true,true,physical_support_with_dark_floor_reported_separately
250,19,15,false,false,false,false,true,false,false,false,true,1,true,true,physical_support_with_dark_floor_reported_separately
250,20,1,false,false,false,false,true,false,false,false,true,1,true,true,physical_support_with_dark_floor_reported_separately
250,20,2,false,false,false,false,true,false,false,false,true,1,true,true,physical_support_with_dark_floor_reported_separately
250,20,3,false,false,false,false,true,false,false,false,true,1,true,true,physical_support_with_dark_floor_reported_separately
250,20,4,false,false,false,false,true,false,false,false,true,1,true,true,physical_support_with_dark_floor_reported_separately
250,20,5,false,false,false,false,true,false,false,false,true,1,true,true,physical_support_with_dark_floor_reported_separately
250,20,6,false,false,false,false,true,false,false,false,true,1,true,true,physical_support_with_dark_floor_reported_separately
250,20,7,false,false,false,false,true,false,false,false,true,1,true,true,physical_support_with_dark_floor_reported_separately
250,20,8,false,false,false,false,true,false,false,false,true,1,true,true,physical_support_with_dark_floor_reported_separately
250,20,9,false,false,false,false,true,false,false,false,true,1,true,true,physical_support_with_dark_floor_reported_separately
250,20,10,false,false,false,false,true,false,false,false,true,1,true,true,physical_support_with_dark_floor_reported_separately
250,20,11,false,false,false,false,true,false,false,false,true,1,true,true,physical_support_with_dark_floor_reported_separately
250,20,12,false,false,false,false,true,false,false,false,true,1,true,true,physical_support_with_dark_floor_reported_separately
250,20,13,false,false,false,false,true,false,false,false,true,1,true,true,physical_support_with_dark_floor_reported_separately
250,20,14,false,false,false,false,true,false,false,false,true,1,true,true,physical_support_with_dark_floor_reported_separately
250,20,15,false,false,false,false,true,false,false,false,true,1,true,true,physical_support_with_dark_floor_reported_separately
250,21,1,false,false,false,false,true,false,true,false,true,2,true,true,physical_support_with_dark_floor_reported_separately
250,21,2,false,false,false,false,true,false,true,false,true,2,true,true,physical_support_with_dark_floor_reported_separately
250,21,3,false,false,false,false,true,false,true,false,true,2,true,true,physical_support_with_dark_floor_reported_separately
250,21,4,false,false,false,false,true,false,true,false,true,2,true,true,physical_support_with_dark_floor_reported_separately
250,21,5,false,false,false,false,true,false,true,false,true,2,true,true,physical_support_with_dark_floor_reported_separately
250,21,6,false,false,false,false,true,false,true,false,true,2,true,true,physical_support_with_dark_floor_reported_separately
250,21,7,false,false,false,false,true,false,true,false,true,2,true,true,physical_support_with_dark_floor_reported_separately
250,21,8,false,false,false,false,true,false,true,false,true,2,true,true,physical_support_with_dark_floor_reported_separately
250,21,9,false,false,false,false,true,false,true,false,true,2,true,true,physical_support_with_dark_floor_reported_separately
250,21,10,false,false,false,false,true,false,true,false,true,2,true,true,physical_support_with_dark_floor_reported_separately
250,21,11,false,false,false,false,true,false,true,false,true,2,true,true,physical_support_with_dark_floor_reported_separately
250,21,12,false,false,false,false,true,false,true,false,true,2,true,true,physical_support_with_dark_floor_reported_separately
250,21,13,false,false,false,false,true,false,true,false,true,2,true,true,physical_support_with_dark_floor_reported_separately
250,21,14,false,false,false,false,true,false,true,false,true,2,true,true,physical_support_with_dark_floor_reported_separately
250,21,15,false,false,false,false,true,false,true,false,true,2,true,true,physical_support_with_dark_floor_reported_separately
250,22,1,false,false,false,false,true,false,false,false,true,1,true,true,physical_support_with_dark_floor_reported_separately
250,22,2,false,false,false,false,true,false,false,false,true,1,true,true,physical_support_with_dark_floor_reported_separately
250,22,3,false,false,false,false,true,false,false,false,true,1,true,true,physical_support_with_dark_floor_reported_separately
250,22,4,false,false,false,false,true,false,false,false,true,1,true,true,physical_support_with_dark_floor_reported_separately
250,22,5,false,false,false,false,true,false,false,false,true,1,true,true,physical_support_with_dark_floor_reported_separately
250,22,6,false,false,false,false,true,false,false,false,true,1,true,true,physical_support_with_dark_floor_reported_separately
250,22,7,false,false,false,false,true,false,false,false,true,1,true,true,physical_support_with_dark_floor_reported_separately
250,22,8,false,false,false,false,true,false,false,false,true,1,true,true,physical_support_with_dark_floor_reported_separately
250,22,9,false,false,false,false,true,false,false,false,true,1,true,true,physical_support_with_dark_floor_reported_separately
250,22,10,false,false,false,false,true,false,false,false,true,1,true,true,physical_support_with_dark_floor_reported_separately
250,22,11,false,false,false,false,true,false,false,false,true,1,true,true,physical_support_with_dark_floor_reported_separately
250,22,12,false,false,false,false,true,false,false,false,true,1,true,true,physical_support_with_dark_floor_reported_separately
250,22,13,false,false,false,false,true,false,false,false,true,1,true,true,physical_support_with_dark_floor_reported_separately
250,22,14,false,false,false,false,true,false,false,false,true,1,true,true,physical_support_with_dark_floor_reported_separately
250,22,15,false,false,false,false,true,false,false,false,true,1,true,true,physical_support_with_dark_floor_reported_separately
250,23,1,false,false,false,false,true,false,false,false,true,1,true,true,physical_support_with_dark_floor_reported_separately
250,23,2,false,false,false,false,true,false,false,false,true,1,true,true,physical_support_with_dark_floor_reported_separately
250,23,3,false,false,false,false,true,false,false,false,true,1,true,true,physical_support_with_dark_floor_reported_separately
250,23,4,false,false,false,false,true,false,false,false,true,1,true,true,physical_support_with_dark_floor_reported_separately
250,23,5,false,false,false,false,true,false,false,false,true,1,true,true,physical_support_with_dark_floor_reported_separately
250,23,6,false,false,false,false,true,false,false,false,true,1,true,true,physical_support_with_dark_floor_reported_separately
250,23,7,false,false,false,false,true,false,false,false,true,1,true,true,physical_support_with_dark_floor_reported_separately
250,23,8,false,false,false,false,true,false,false,false,true,1,true,true,physical_support_with_dark_floor_reported_separately
250,23,9,false,false,false,false,true,false,false,false,true,1,true,true,physical_support_with_dark_floor_reported_separately
250,23,10,false,false,false,false,true,false,false,false,true,1,true,true,physical_support_with_dark_floor_reported_separately
250,23,11,false,false,false,false,true,false,false,false,true,1,true,true,physical_support_with_dark_floor_reported_separately
250,23,12,false,false,false,false,true,false,false,false,true,1,true,true,physical_support_with_dark_floor_reported_separately
250,23,13,false,false,false,false,true,false,false,false,true,1,true,true,physical_support_with_dark_floor_reported_separately
250,23,14,false,false,false,false,true,false,false,false,true,1,true,true,physical_support_with_dark_floor_reported_separately
250,23,15,false,false,false,false,true,false,false,false,true,1,true,true,physical_support_with_dark_floor_reported_separately
250,24,1,false,false,false,false,false,false,true,false,true,1,true,true,physical_support_with_dark_floor_reported_separately
250,24,2,false,false,false,false,false,false,true,false,true,1,true,true,physical_support_with_dark_floor_reported_separately
250,24,3,false,false,false,false,false,false,true,false,true,1,true,true,physical_support_with_dark_floor_reported_separately
250,24,4,false,false,false,false,false,false,true,false,true,1,true,true,physical_support_with_dark_floor_reported_separately
250,24,5,false,false,false,false,false,false,true,false,true,1,true,true,physical_support_with_dark_floor_reported_separately
250,24,6,false,false,false,false,false,false,true,false,true,1,true,true,physical_support_with_dark_floor_reported_separately
250,24,7,false,false,false,false,false,false,true,false,true,1,true,true,physical_support_with_dark_floor_reported_separately
250,24,8,false,false,false,false,false,false,true,false,true,1,true,true,physical_support_with_dark_floor_reported_separately
250,24,9,false,false,false,false,false,false,true,false,true,1,true,true,physical_support_with_dark_floor_reported_separately
250,24,10,false,false,false,false,false,false,true,false,true,1,true,true,physical_support_with_dark_floor_reported_separately
250,24,11,false,false,false,false,false,false,true,false,true,1,true,true,physical_support_with_dark_floor_reported_separately
250,24,12,false,false,false,false,false,false,true,false,true,1,true,true,physical_support_with_dark_floor_reported_separately
250,24,13,false,false,false,false,false,false,true,false,true,1,true,true,physical_support_with_dark_floor_reported_separately
250,24,14,false,false,false,false,false,false,true,false,true,1,true,true,physical_support_with_dark_floor_reported_separately
250,24,15,false,false,false,false,false,false,true,false,true,1,true,true,physical_support_with_dark_floor_reported_separately
250,25,1,false,false,false,false,false,false,false,false,false,0,true,true,physical_support_with_dark_floor_reported_separately
250,25,2,false,false,false,false,false,false,false,false,false,0,true,true,physical_support_with_dark_floor_reported_separately
250,25,3,false,false,false,false,false,false,false,false,false,0,true,true,physical_support_with_dark_floor_reported_separately
250,25,4,false,false,false,false,false,false,false,false,false,0,true,true,physical_support_with_dark_floor_reported_separately
250,25,5,false,false,false,false,false,false,false,false,false,0,true,true,physical_support_with_dark_floor_reported_separately
250,25,6,false,false,false,false,false,false,false,false,false,0,true,true,physical_support_with_dark_floor_reported_separately
250,25,7,false,false,false,false,false,false,false,false,false,0,true,true,physical_support_with_dark_floor_reported_separately
250,25,8,false,false,false,false,false,false,false,false,false,0,true,true,physical_support_with_dark_floor_reported_separately
250,25,9,false,false,false,false,false,false,false,false,false,0,true,true,physical_support_with_dark_floor_reported_separately
250,25,10,false,false,false,false,false,false,false,false,false,0,true,true,physical_support_with_dark_floor_reported_separately
250,25,11,false,false,false,false,false,false,false,false,false,0,true,true,physical_support_with_dark_floor_reported_separately
250,25,12,false,false,false,false,false,false,false,false,false,0,true,true,physical_support_with_dark_floor_reported_separately
250,25,13,false,false,false,false,false,false,false,false,false,0,true,true,physical_support_with_dark_floor_reported_separately
250,25,14,false,false,false,false,false,false,false,false,false,0,true,true,physical_support_with_dark_floor_reported_separately
250,25,15,false,false,false,false,false,false,false,false,false,0,true,true,physical_support_with_dark_floor_reported_separately
250,26,1,false,false,false,false,false,false,true,false,true,1,true,true,physical_support_with_dark_floor_reported_separately
250,26,2,false,false,false,false,false,false,true,false,true,1,true,true,physical_support_with_dark_floor_reported_separately
250,26,3,false,false,false,false,false,false,true,false,true,1,true,true,physical_support_with_dark_floor_reported_separately
250,26,4,false,false,false,false,false,false,true,false,true,1,true,true,physical_support_with_dark_floor_reported_separately
250,26,5,false,false,false,false,false,false,true,false,true,1,true,true,physical_support_with_dark_floor_reported_separately
250,26,6,false,false,false,false,false,false,true,false,true,1,true,true,physical_support_with_dark_floor_reported_separately
250,26,7,false,false,false,false,false,false,true,false,true,1,true,true,physical_support_with_dark_floor_reported_separately
250,26,8,false,false,false,false,false,false,true,false,true,1,true,true,physical_support_with_dark_floor_reported_separately
250,26,9,false,false,false,false,false,false,true,false,true,1,true,true,physical_support_with_dark_floor_reported_separately
250,26,10,false,false,false,false,false,false,true,false,true,1,true,true,physical_support_with_dark_floor_reported_separately
250,26,11,false,false,false,false,false,false,true,false,true,1,true,true,physical_support_with_dark_floor_reported_separately
250,26,12,false,false,false,false,false,false,true,false,true,1,true,true,physical_support_with_dark_floor_reported_separately
250,26,13,false,false,false,false,false,false,true,false,true,1,true,true,physical_support_with_dark_floor_reported_separately
250,26,14,false,false,false,false,false,false,true,false,true,1,true,true,physical_support_with_dark_floor_reported_separately
250,26,15,false,false,false,false,false,false,true,false,true,1,true,true,physical_support_with_dark_floor_reported_separately
250,27,1,false,false,false,false,true,false,true,false,true,2,true,true,physical_support_with_dark_floor_reported_separately
250,27,2,false,false,false,false,true,false,true,false,true,2,true,true,physical_support_with_dark_floor_reported_separately
250,27,3,false,false,false,false,true,false,true,false,true,2,true,true,physical_support_with_dark_floor_reported_separately
250,27,4,false,false,false,false,true,false,true,false,true,2,true,true,physical_support_with_dark_floor_reported_separately
250,27,5,false,false,false,false,true,false,true,false,true,2,true,true,physical_support_with_dark_floor_reported_separately
250,27,6,false,false,false,false,true,false,true,false,true,2,true,true,physical_support_with_dark_floor_reported_separately
250,27,7,false,false,false,false,true,false,true,false,true,2,true,true,physical_support_with_dark_floor_reported_separately
250,27,8,false,false,false,false,true,false,true,false,true,2,true,true,physical_support_with_dark_floor_reported_separately
250,27,9,false,false,false,false,true,false,true,false,true,2,true,true,physical_support_with_dark_floor_reported_separately
250,27,10,false,false,false,false,true,false,true,false,true,2,true,true,physical_support_with_dark_floor_reported_separately
250,27,11,false,false,false,false,true,false,true,false,true,2,true,true,physical_support_with_dark_floor_reported_separately
250,27,12,false,false,false,false,true,false,true,false,true,2,true,true,physical_support_with_dark_floor_reported_separately
250,27,13,false,false,false,false,true,false,true,false,true,2,true,true,physical_support_with_dark_floor_reported_separately
250,27,14,false,false,false,false,true,false,true,false,true,2,true,true,physical_support_with_dark_floor_reported_separately
250,27,15,false,false,false,false,true,false,true,false,true,2,true,true,physical_support_with_dark_floor_reported_separately
250,28,1,false,false,false,false,true,false,true,false,true,2,true,true,physical_support_with_dark_floor_reported_separately
250,28,2,false,false,false,false,true,false,true,false,true,2,true,true,physical_support_with_dark_floor_reported_separately
250,28,3,false,false,false,false,true,false,true,false,true,2,true,true,physical_support_with_dark_floor_reported_separately
250,28,4,false,false,false,false,true,false,false,false,true,1,true,true,physical_support_with_dark_floor_reported_separately
250,28,5,false,false,false,false,true,false,true,false,true,2,true,true,physical_support_with_dark_floor_reported_separately
250,28,6,false,false,false,false,true,false,true,false,true,2,true,true,physical_support_with_dark_floor_reported_separately
250,28,7,false,false,false,false,true,false,true,false,true,2,true,true,physical_support_with_dark_floor_reported_separately
250,28,8,false,false,false,false,true,false,true,false,true,2,true,true,physical_support_with_dark_floor_reported_separately
250,28,9,false,false,false,false,true,false,false,false,true,1,true,true,physical_support_with_dark_floor_reported_separately
250,28,10,false,false,false,false,true,false,true,false,true,2,true,true,physical_support_with_dark_floor_reported_separately
250,28,11,false,false,false,false,true,false,true,false,true,2,true,true,physical_support_with_dark_floor_reported_separately
250,28,12,false,false,false,false,true,false,true,false,true,2,true,true,physical_support_with_dark_floor_reported_separately
250,28,13,false,false,false,false,true,false,true,false,true,2,true,true,physical_support_with_dark_floor_reported_separately
250,28,14,false,false,false,false,true,false,false,false,true,1,true,true,physical_support_with_dark_floor_reported_separately
250,28,15,false,false,false,false,true,false,true,false,true,2,true,true,physical_support_with_dark_floor_reported_separately
250,29,1,false,false,false,false,false,false,true,false,true,1,true,true,physical_support_with_dark_floor_reported_separately
250,29,2,false,false,false,false,false,false,true,false,true,1,true,true,physical_support_with_dark_floor_reported_separately
250,29,3,false,false,false,false,false,false,true,false,true,1,true,true,physical_support_with_dark_floor_reported_separately
250,29,4,false,false,false,false,false,false,true,false,true,1,true,true,physical_support_with_dark_floor_reported_separately
250,29,5,false,false,false,false,false,false,true,false,true,1,true,true,physical_support_with_dark_floor_reported_separately
250,29,6,false,false,false,false,false,false,true,false,true,1,true,true,physical_support_with_dark_floor_reported_separately
250,29,7,false,false,false,false,false,false,true,false,true,1,true,true,physical_support_with_dark_floor_reported_separately
250,29,8,false,false,false,false,false,false,true,false,true,1,true,true,physical_support_with_dark_floor_reported_separately
250,29,9,false,false,false,false,false,false,true,false,true,1,true,true,physical_support_with_dark_floor_reported_separately
250,29,10,false,false,false,false,false,false,true,false,true,1,true,true,physical_support_with_dark_floor_reported_separately
250,29,11,false,false,false,false,false,false,true,false,true,1,true,true,physical_support_with_dark_floor_reported_separately
250,29,12,false,false,false,false,false,false,true,false,true,1,true,true,physical_support_with_dark_floor_reported_separately
250,29,13,false,false,false,false,false,false,true,false,true,1,true,true,physical_support_with_dark_floor_reported_separately
250,29,14,false,false,false,false,false,false,true,false,true,1,true,true,physical_support_with_dark_floor_reported_separately
250,29,15,false,false,false,false,false,false,true,false,true,1,true,true,physical_support_with_dark_floor_reported_separately
250,30,1,false,false,false,false,true,false,true,false,true,2,true,true,physical_support_with_dark_floor_reported_separately
250,30,2,false,false,false,false,true,false,true,false,true,2,true,true,physical_support_with_dark_floor_reported_separately
250,30,3,false,false,false,false,true,false,true,false,true,2,true,true,physical_support_with_dark_floor_reported_separately
250,30,4,false,false,false,false,true,false,true,false,true,2,true,true,physical_support_with_dark_floor_reported_separately
250,30,5,false,false,false,false,true,false,true,false,true,2,true,true,physical_support_with_dark_floor_reported_separately
250,30,6,false,false,false,false,true,false,true,false,true,2,true,true,physical_support_with_dark_floor_reported_separately
250,30,7,false,false,false,false,true,false,true,false,true,2,true,true,physical_support_with_dark_floor_reported_separately
250,30,8,false,false,false,false,true,false,true,false,true,2,true,true,physical_support_with_dark_floor_reported_separately
250,30,9,false,false,false,false,true,false,true,false,true,2,true,true,physical_support_with_dark_floor_reported_separately
250,30,10,false,false,false,false,true,false,true,false,true,2,true,true,physical_support_with_dark_floor_reported_separately
250,30,11,false,false,false,false,true,false,true,false,true,2,true,true,physical_support_with_dark_floor_reported_separately
250,30,12,false,false,false,false,true,false,true,false,true,2,true,true,physical_support_with_dark_floor_reported_separately
250,30,13,false,false,false,false,true,false,true,false,true,2,true,true,physical_support_with_dark_floor_reported_separately
250,30,14,false,false,false,false,true,false,true,false,true,2,true,true,physical_support_with_dark_floor_reported_separately
250,30,15,false,false,false,false,true,false,true,false,true,2,true,true,physical_support_with_dark_floor_reported_separately
250,31,1,false,false,false,false,true,false,false,false,true,1,true,true,physical_support_with_dark_floor_reported_separately
250,31,2,false,false,false,false,true,false,false,false,true,1,true,true,physical_support_with_dark_floor_reported_separately
250,31,3,false,false,false,false,true,false,false,false,true,1,true,true,physical_support_with_dark_floor_reported_separately
250,31,4,false,false,false,false,true,false,false,false,true,1,true,true,physical_support_with_dark_floor_reported_separately
250,31,5,false,false,false,false,true,false,false,false,true,1,true,true,physical_support_with_dark_floor_reported_separately
250,31,6,false,false,false,false,true,false,false,false,true,1,true,true,physical_support_with_dark_floor_reported_separately
250,31,7,false,false,false,false,true,false,false,false,true,1,true,true,physical_support_with_dark_floor_reported_separately
250,31,8,false,false,false,false,true,false,false,false,true,1,true,true,physical_support_with_dark_floor_reported_separately
250,31,9,false,false,false,false,true,false,false,false,true,1,true,true,physical_support_with_dark_floor_reported_separately
250,31,10,false,false,false,false,true,false,false,false,true,1,true,true,physical_support_with_dark_floor_reported_separately
250,31,11,false,false,false,false,true,false,false,false,true,1,true,true,physical_support_with_dark_floor_reported_separately
250,31,12,false,false,false,false,true,false,false,false,true,1,true,true,physical_support_with_dark_floor_reported_separately
250,31,13,false,false,false,false,true,false,false,false,true,1,true,true,physical_support_with_dark_floor_reported_separately
250,31,14,false,false,false,false,true,false,false,false,true,1,true,true,physical_support_with_dark_floor_reported_separately
250,31,15,false,false,false,false,true,false,false,false,true,1,true,true,physical_support_with_dark_floor_reported_separately
250,32,1,false,false,false,false,true,false,true,false,true,2,true,true,physical_support_with_dark_floor_reported_separately
250,32,2,false,false,false,false,true,false,true,false,true,2,true,true,physical_support_with_dark_floor_reported_separately
250,32,3,false,false,false,false,true,false,true,false,true,2,true,true,physical_support_with_dark_floor_reported_separately
250,32,4,false,false,false,false,true,false,true,false,true,2,true,true,physical_support_with_dark_floor_reported_separately
250,32,5,false,false,false,false,true,false,true,false,true,2,true,true,physical_support_with_dark_floor_reported_separately
250,32,6,false,false,false,false,true,false,true,false,true,2,true,true,physical_support_with_dark_floor_reported_separately
250,32,7,false,false,false,false,true,false,true,false,true,2,true,true,physical_support_with_dark_floor_reported_separately
250,32,8,false,false,false,false,true,false,true,false,true,2,true,true,physical_support_with_dark_floor_reported_separately
250,32,9,false,false,false,false,true,false,true,false,true,2,true,true,physical_support_with_dark_floor_reported_separately
250,32,10,false,false,false,false,true,false,true,false,true,2,true,true,physical_support_with_dark_floor_reported_separately
250,32,11,false,false,false,false,true,false,true,false,true,2,true,true,physical_support_with_dark_floor_reported_separately
250,32,12,false,false,false,false,true,false,true,false,true,2,true,true,physical_support_with_dark_floor_reported_separately
250,32,13,false,false,false,false,true,false,true,false,true,2,true,true,physical_support_with_dark_floor_reported_separately
250,32,14,false,false,false,false,true,false,true,false,true,2,true,true,physical_support_with_dark_floor_reported_separately
250,32,15,false,false,false,false,true,false,true,false,true,2,true,true,physical_support_with_dark_floor_reported_separately
250,33,1,false,false,false,false,false,false,true,false,true,1,true,true,physical_support_with_dark_floor_reported_separately
250,33,2,false,false,false,false,false,false,true,false,true,1,true,true,physical_support_with_dark_floor_reported_separately
250,33,3,false,false,false,false,false,false,true,false,true,1,true,true,physical_support_with_dark_floor_reported_separately
250,33,4,false,false,false,false,false,false,true,false,true,1,true,true,physical_support_with_dark_floor_reported_separately
250,33,5,false,false,false,false,false,false,true,false,true,1,true,true,physical_support_with_dark_floor_reported_separately
250,33,6,false,false,false,false,false,false,true,false,true,1,true,true,physical_support_with_dark_floor_reported_separately
250,33,7,false,false,false,false,false,false,true,false,true,1,true,true,physical_support_with_dark_floor_reported_separately
250,33,8,false,false,false,false,false,false,true,false,true,1,true,true,physical_support_with_dark_floor_reported_separately
250,33,9,false,false,false,false,false,false,true,false,true,1,true,true,physical_support_with_dark_floor_reported_separately
250,33,10,false,false,false,false,false,false,true,false,true,1,true,true,physical_support_with_dark_floor_reported_separately
250,33,11,false,false,false,false,false,false,true,false,true,1,true,true,physical_support_with_dark_floor_reported_separately
250,33,12,false,false,false,false,false,false,true,false,true,1,true,true,physical_support_with_dark_floor_reported_separately
250,33,13,false,false,false,false,false,false,true,false,true,1,true,true,physical_support_with_dark_floor_reported_separately
250,33,14,false,false,false,false,false,false,true,false,true,1,true,true,physical_support_with_dark_floor_reported_separately
250,33,15,false,false,false,false,false,false,true,false,true,1,true,true,physical_support_with_dark_floor_reported_separately
250,34,1,false,false,false,false,true,false,false,false,true,1,true,true,physical_support_with_dark_floor_reported_separately
250,34,2,false,false,false,false,true,false,false,false,true,1,true,true,physical_support_with_dark_floor_reported_separately
250,34,3,false,false,false,false,true,false,false,false,true,1,true,true,physical_support_with_dark_floor_reported_separately
250,34,4,false,false,false,false,true,false,false,false,true,1,true,true,physical_support_with_dark_floor_reported_separately
250,34,5,false,false,false,false,true,false,false,false,true,1,true,true,physical_support_with_dark_floor_reported_separately
250,34,6,false,false,false,false,true,false,false,false,true,1,true,true,physical_support_with_dark_floor_reported_separately
250,34,7,false,false,false,false,true,false,false,false,true,1,true,true,physical_support_with_dark_floor_reported_separately
250,34,8,false,false,false,false,true,false,false,false,true,1,true,true,physical_support_with_dark_floor_reported_separately
250,34,9,false,false,false,false,true,false,false,false,true,1,true,true,physical_support_with_dark_floor_reported_separately
250,34,10,false,false,false,false,true,false,false,false,true,1,true,true,physical_support_with_dark_floor_reported_separately
250,34,11,false,false,false,false,true,false,false,false,true,1,true,true,physical_support_with_dark_floor_reported_separately
250,34,12,false,false,false,false,true,false,false,false,true,1,true,true,physical_support_with_dark_floor_reported_separately
250,34,13,false,false,false,false,true,false,false,false,true,1,true,true,physical_support_with_dark_floor_reported_separately
250,34,14,false,false,false,false,true,false,false,false,true,1,true,true,physical_support_with_dark_floor_reported_separately
250,34,15,false,false,false,false,true,false,false,false,true,1,true,true,physical_support_with_dark_floor_reported_separately
250,35,1,false,false,false,false,true,false,false,false,true,1,true,true,physical_support_with_dark_floor_reported_separately
250,35,2,false,false,false,false,true,false,false,false,true,1,true,true,physical_support_with_dark_floor_reported_separately
250,35,3,false,false,false,false,true,false,false,false,true,1,true,true,physical_support_with_dark_floor_reported_separately
250,35,4,false,false,false,false,true,false,false,false,true,1,true,true,physical_support_with_dark_floor_reported_separately
250,35,5,false,false,false,false,true,false,false,false,true,1,true,true,physical_support_with_dark_floor_reported_separately
250,35,6,false,false,false,false,true,false,false,false,true,1,true,true,physical_support_with_dark_floor_reported_separately
250,35,7,false,false,false,false,true,false,false,false,true,1,true,true,physical_support_with_dark_floor_reported_separately
250,35,8,false,false,false,false,true,false,false,false,true,1,true,true,physical_support_with_dark_floor_reported_separately
250,35,9,false,false,false,false,true,false,false,false,true,1,true,true,physical_support_with_dark_floor_reported_separately
250,35,10,false,false,false,false,true,false,false,false,true,1,true,true,physical_support_with_dark_floor_reported_separately
250,35,11,false,false,false,false,true,false,false,false,true,1,true,true,physical_support_with_dark_floor_reported_separately
250,35,12,false,false,false,false,true,false,false,false,true,1,true,true,physical_support_with_dark_floor_reported_separately
250,35,13,false,false,false,false,true,false,false,false,true,1,true,true,physical_support_with_dark_floor_reported_separately
250,35,14,false,false,false,false,true,false,false,false,true,1,true,true,physical_support_with_dark_floor_reported_separately
250,35,15,false,false,false,false,true,false,false,false,true,1,true,true,physical_support_with_dark_floor_reported_separately
250,36,1,false,false,false,false,false,false,false,false,false,0,true,true,physical_support_with_dark_floor_reported_separately
250,36,2,false,false,false,false,false,false,false,false,false,0,true,true,physical_support_with_dark_floor_reported_separately
250,36,3,false,false,false,false,false,false,false,false,false,0,true,true,physical_support_with_dark_floor_reported_separately
250,36,4,false,false,false,false,false,false,false,false,false,0,true,true,physical_support_with_dark_floor_reported_separately
250,36,5,false,false,false,false,false,false,false,false,false,0,true,true,physical_support_with_dark_floor_reported_separately
250,36,6,false,false,false,false,false,false,false,false,false,0,true,true,physical_support_with_dark_floor_reported_separately
250,36,7,false,false,false,false,false,false,false,false,false,0,true,true,physical_support_with_dark_floor_reported_separately
250,36,8,false,false,false,false,false,false,false,false,false,0,true,true,physical_support_with_dark_floor_reported_separately
250,36,9,false,false,false,false,false,false,false,false,false,0,true,true,physical_support_with_dark_floor_reported_separately
250,36,10,false,false,false,false,false,false,false,false,false,0,true,true,physical_support_with_dark_floor_reported_separately
250,36,11,false,false,false,false,false,false,false,false,false,0,true,true,physical_support_with_dark_floor_reported_separately
250,36,12,false,false,false,false,false,false,false,false,false,0,true,true,physical_support_with_dark_floor_reported_separately
250,36,13,false,false,false,false,false,false,false,false,false,0,true,true,physical_support_with_dark_floor_reported_separately
250,36,14,false,false,false,false,false,false,false,false,false,0,true,true,physical_support_with_dark_floor_reported_separately
250,36,15,false,false,false,false,false,false,false,false,false,0,true,true,physical_support_with_dark_floor_reported_separately
250,37,1,false,false,false,false,false,false,true,false,true,1,true,true,physical_support_with_dark_floor_reported_separately
250,37,2,false,false,false,false,false,false,true,false,true,1,true,true,physical_support_with_dark_floor_reported_separately
250,37,3,false,false,false,false,false,false,true,false,true,1,true,true,physical_support_with_dark_floor_reported_separately
250,37,4,false,false,false,false,false,false,true,false,true,1,true,true,physical_support_with_dark_floor_reported_separately
250,37,5,false,false,false,false,false,false,true,false,true,1,true,true,physical_support_with_dark_floor_reported_separately
250,37,6,false,false,false,false,false,false,true,false,true,1,true,true,physical_support_with_dark_floor_reported_separately
250,37,7,false,false,false,false,false,false,true,false,true,1,true,true,physical_support_with_dark_floor_reported_separately
250,37,8,false,false,false,false,false,false,true,false,true,1,true,true,physical_support_with_dark_floor_reported_separately
250,37,9,false,false,false,false,false,false,true,false,true,1,true,true,physical_support_with_dark_floor_reported_separately
250,37,10,false,false,false,false,false,false,true,false,true,1,true,true,physical_support_with_dark_floor_reported_separately
250,37,11,false,false,false,false,false,false,true,false,true,1,true,true,physical_support_with_dark_floor_reported_separately
250,37,12,false,false,false,false,false,false,true,false,true,1,true,true,physical_support_with_dark_floor_reported_separately
250,37,13,false,false,false,false,false,false,true,false,true,1,true,true,physical_support_with_dark_floor_reported_separately
250,37,14,false,false,false,false,false,false,true,false,true,1,true,true,physical_support_with_dark_floor_reported_separately
250,37,15,false,false,false,false,false,false,true,false,true,1,true,true,physical_support_with_dark_floor_reported_separately
250,38,1,false,false,false,false,false,false,false,false,false,0,true,true,physical_support_with_dark_floor_reported_separately
250,38,2,false,false,false,false,false,false,false,false,false,0,true,true,physical_support_with_dark_floor_reported_separately
250,38,3,false,false,false,false,false,false,false,false,false,0,true,true,physical_support_with_dark_floor_reported_separately
250,38,4,false,false,false,false,false,false,false,false,false,0,true,true,physical_support_with_dark_floor_reported_separately
250,38,5,false,false,false,false,false,false,false,false,false,0,true,true,physical_support_with_dark_floor_reported_separately
250,38,6,false,false,false,false,false,false,false,false,false,0,true,true,physical_support_with_dark_floor_reported_separately
250,38,7,false,false,false,false,false,false,false,false,false,0,true,true,physical_support_with_dark_floor_reported_separately
250,38,8,false,false,false,false,false,false,false,false,false,0,true,true,physical_support_with_dark_floor_reported_separately
250,38,9,false,false,false,false,false,false,false,false,false,0,true,true,physical_support_with_dark_floor_reported_separately
250,38,10,false,false,false,false,false,false,false,false,false,0,true,true,physical_support_with_dark_floor_reported_separately
250,38,11,false,false,false,false,false,false,false,false,false,0,true,true,physical_support_with_dark_floor_reported_separately
250,38,12,false,false,false,false,false,false,false,false,false,0,true,true,physical_support_with_dark_floor_reported_separately
250,38,13,false,false,false,false,false,false,false,false,false,0,true,true,physical_support_with_dark_floor_reported_separately
250,38,14,false,false,false,false,false,false,false,false,false,0,true,true,physical_support_with_dark_floor_reported_separately
250,38,15,false,false,false,false,false,false,false,false,false,0,true,true,physical_support_with_dark_floor_reported_separately
250,39,1,false,false,false,false,false,false,false,false,false,0,true,true,physical_support_with_dark_floor_reported_separately
250,39,2,false,false,false,false,false,false,false,false,false,0,true,true,physical_support_with_dark_floor_reported_separately
250,39,3,false,false,false,false,false,false,false,false,false,0,true,true,physical_support_with_dark_floor_reported_separately
250,39,4,false,false,false,false,false,false,false,false,false,0,true,true,physical_support_with_dark_floor_reported_separately
250,39,5,false,false,false,false,false,false,false,false,false,0,true,true,physical_support_with_dark_floor_reported_separately
250,39,6,false,false,false,false,false,false,false,false,false,0,true,true,physical_support_with_dark_floor_reported_separately
250,39,7,false,false,false,false,false,false,false,false,false,0,true,true,physical_support_with_dark_floor_reported_separately
250,39,8,false,false,false,false,false,false,false,false,false,0,true,true,physical_support_with_dark_floor_reported_separately
250,39,9,false,false,false,false,false,false,false,false,false,0,true,true,physical_support_with_dark_floor_reported_separately
250,39,10,false,false,false,false,false,false,false,false,false,0,true,true,physical_support_with_dark_floor_reported_separately
250,39,11,false,false,false,false,false,false,false,false,false,0,true,true,physical_support_with_dark_floor_reported_separately
250,39,12,false,false,false,false,false,false,false,false,false,0,true,true,physical_support_with_dark_floor_reported_separately
250,39,13,false,false,false,false,false,false,false,false,false,0,true,true,physical_support_with_dark_floor_reported_separately
250,39,14,false,false,false,false,false,false,false,false,false,0,true,true,physical_support_with_dark_floor_reported_separately
250,39,15,false,false,false,false,false,false,false,false,false,0,true,true,physical_support_with_dark_floor_reported_separately
250,40,1,false,false,false,false,true,false,true,false,true,2,true,true,physical_support_with_dark_floor_reported_separately
250,40,2,false,false,false,false,true,false,true,false,true,2,true,true,physical_support_with_dark_floor_reported_separately
250,40,3,false,false,false,false,true,false,true,false,true,2,true,true,physical_support_with_dark_floor_reported_separately
250,40,4,false,false,false,false,true,false,true,false,true,2,true,true,physical_support_with_dark_floor_reported_separately
250,40,5,false,false,false,false,true,false,true,false,true,2,true,true,physical_support_with_dark_floor_reported_separately
250,40,6,false,false,false,false,true,false,true,false,true,2,true,true,physical_support_with_dark_floor_reported_separately
250,40,7,false,false,false,false,true,false,true,false,true,2,true,true,physical_support_with_dark_floor_reported_separately
250,40,8,false,false,false,false,true,false,true,false,true,2,true,true,physical_support_with_dark_floor_reported_separately
250,40,9,false,false,false,false,true,false,true,false,true,2,true,true,physical_support_with_dark_floor_reported_separately
250,40,10,false,false,false,false,true,false,true,false,true,2,true,true,physical_support_with_dark_floor_reported_separately
250,40,11,false,false,false,false,true,false,true,false,true,2,true,true,physical_support_with_dark_floor_reported_separately
250,40,12,false,false,false,false,true,false,true,false,true,2,true,true,physical_support_with_dark_floor_reported_separately
250,40,13,false,false,false,false,true,false,true,false,true,2,true,true,physical_support_with_dark_floor_reported_separately
250,40,14,false,false,false,false,true,false,true,false,true,2,true,true,physical_support_with_dark_floor_reported_separately
250,40,15,false,false,false,false,true,false,true,false,true,2,true,true,physical_support_with_dark_floor_reported_separately
250,41,1,false,false,false,false,false,false,false,false,false,0,true,true,physical_support_with_dark_floor_reported_separately
250,41,2,false,false,false,false,false,false,false,false,false,0,true,true,physical_support_with_dark_floor_reported_separately
250,41,3,false,false,false,false,false,false,false,false,false,0,true,true,physical_support_with_dark_floor_reported_separately
250,41,4,false,false,false,false,false,false,false,false,false,0,true,true,physical_support_with_dark_floor_reported_separately
250,41,5,false,false,false,false,false,false,false,false,false,0,true,true,physical_support_with_dark_floor_reported_separately
250,41,6,false,false,false,false,false,false,false,false,false,0,true,true,physical_support_with_dark_floor_reported_separately
250,41,7,false,false,false,false,false,false,false,false,false,0,true,true,physical_support_with_dark_floor_reported_separately
250,41,8,false,false,false,false,false,false,false,false,false,0,true,true,physical_support_with_dark_floor_reported_separately
250,41,9,false,false,false,false,false,false,false,false,false,0,true,true,physical_support_with_dark_floor_reported_separately
250,41,10,false,false,false,false,false,false,false,false,false,0,true,true,physical_support_with_dark_floor_reported_separately
250,41,11,false,false,false,false,false,false,false,false,false,0,true,true,physical_support_with_dark_floor_reported_separately
250,41,12,false,false,false,false,false,false,false,false,false,0,true,true,physical_support_with_dark_floor_reported_separately
250,41,13,false,false,false,false,false,false,false,false,false,0,true,true,physical_support_with_dark_floor_reported_separately
250,41,14,false,false,false,false,false,false,false,false,false,0,true,true,physical_support_with_dark_floor_reported_separately
250,41,15,false,false,false,false,false,false,false,false,false,0,true,true,physical_support_with_dark_floor_reported_separately
250,42,1,false,false,false,false,true,false,true,false,true,2,true,true,physical_support_with_dark_floor_reported_separately
250,42,2,false,false,false,false,true,false,true,false,true,2,true,true,physical_support_with_dark_floor_reported_separately
250,42,3,false,false,false,false,true,false,true,false,true,2,true,true,physical_support_with_dark_floor_reported_separately
250,42,4,false,false,false,false,true,false,true,false,true,2,true,true,physical_support_with_dark_floor_reported_separately
250,42,5,false,false,false,false,true,false,true,false,true,2,true,true,physical_support_with_dark_floor_reported_separately
250,42,6,false,false,false,false,true,false,true,false,true,2,true,true,physical_support_with_dark_floor_reported_separately
250,42,7,false,false,false,false,true,false,true,false,true,2,true,true,physical_support_with_dark_floor_reported_separately
250,42,8,false,false,false,false,true,false,true,false,true,2,true,true,physical_support_with_dark_floor_reported_separately
250,42,9,false,false,false,false,true,false,true,false,true,2,true,true,physical_support_with_dark_floor_reported_separately
250,42,10,false,false,false,false,true,false,true,false,true,2,true,true,physical_support_with_dark_floor_reported_separately
250,42,11,false,false,false,false,true,false,true,false,true,2,true,true,physical_support_with_dark_floor_reported_separately
250,42,12,false,false,false,false,true,false,true,false,true,2,true,true,physical_support_with_dark_floor_reported_separately
250,42,13,false,false,false,false,true,false,true,false,true,2,true,true,physical_support_with_dark_floor_reported_separately
250,42,14,false,false,false,false,true,false,true,false,true,2,true,true,physical_support_with_dark_floor_reported_separately
250,42,15,false,false,false,false,true,false,true,false,true,2,true,true,physical_support_with_dark_floor_reported_separately
250,43,1,false,false,false,false,false,false,false,false,false,0,true,true,physical_support_with_dark_floor_reported_separately
250,43,2,false,false,false,false,false,false,false,false,false,0,true,true,physical_support_with_dark_floor_reported_separately
250,43,3,false,false,false,false,false,false,false,false,false,0,true,true,physical_support_with_dark_floor_reported_separately
250,43,4,false,false,false,false,false,false,false,false,false,0,true,true,physical_support_with_dark_floor_reported_separately
250,43,5,false,false,false,false,false,false,false,false,false,0,true,true,physical_support_with_dark_floor_reported_separately
250,43,6,false,false,false,false,false,false,false,false,false,0,true,true,physical_support_with_dark_floor_reported_separately
250,43,7,false,false,false,false,false,false,false,false,false,0,true,true,physical_support_with_dark_floor_reported_separately
250,43,8,false,false,false,false,false,false,false,false,false,0,true,true,physical_support_with_dark_floor_reported_separately
250,43,9,false,false,false,false,false,false,false,false,false,0,true,true,physical_support_with_dark_floor_reported_separately
250,43,10,false,false,false,false,false,false,false,false,false,0,true,true,physical_support_with_dark_floor_reported_separately
250,43,11,false,false,false,false,false,false,false,false,false,0,true,true,physical_support_with_dark_floor_reported_separately
250,43,12,false,false,false,false,false,false,false,false,false,0,true,true,physical_support_with_dark_floor_reported_separately
250,43,13,false,false,false,false,false,false,false,false,false,0,true,true,physical_support_with_dark_floor_reported_separately
250,43,14,false,false,false,false,false,false,false,false,false,0,true,true,physical_support_with_dark_floor_reported_separately
250,43,15,false,false,false,false,false,false,false,false,false,0,true,true,physical_support_with_dark_floor_reported_separately
250,44,1,false,false,false,false,false,false,true,false,true,1,true,true,physical_support_with_dark_floor_reported_separately
250,44,2,false,false,false,false,false,false,true,false,true,1,true,true,physical_support_with_dark_floor_reported_separately
250,44,3,false,false,false,false,false,false,true,false,true,1,true,true,physical_support_with_dark_floor_reported_separately
250,44,4,false,false,false,false,false,false,true,false,true,1,true,true,physical_support_with_dark_floor_reported_separately
250,44,5,false,false,false,false,false,false,true,false,true,1,true,true,physical_support_with_dark_floor_reported_separately
250,44,6,false,false,false,false,false,false,true,false,true,1,true,true,physical_support_with_dark_floor_reported_separately
250,44,7,false,false,false,false,false,false,true,false,true,1,true,true,physical_support_with_dark_floor_reported_separately
250,44,8,false,false,false,false,false,false,true,false,true,1,true,true,physical_support_with_dark_floor_reported_separately
250,44,9,false,false,false,false,false,false,true,false,true,1,true,true,physical_support_with_dark_floor_reported_separately
250,44,10,false,false,false,false,false,false,true,false,true,1,true,true,physical_support_with_dark_floor_reported_separately
250,44,11,false,false,false,false,false,false,true,false,true,1,true,true,physical_support_with_dark_floor_reported_separately
250,44,12,false,false,false,false,false,false,true,false,true,1,true,true,physical_support_with_dark_floor_reported_separately
250,44,13,false,false,false,false,false,false,true,false,true,1,true,true,physical_support_with_dark_floor_reported_separately
250,44,14,false,false,false,false,false,false,true,false,true,1,true,true,physical_support_with_dark_floor_reported_separately
250,44,15,false,false,false,false,false,false,true,false,true,1,true,true,physical_support_with_dark_floor_reported_separately
250,45,1,false,false,false,false,true,false,true,false,true,2,true,true,physical_support_with_dark_floor_reported_separately
250,45,2,false,false,false,false,true,false,true,false,true,2,true,true,physical_support_with_dark_floor_reported_separately
250,45,3,false,false,false,false,true,false,true,false,true,2,true,true,physical_support_with_dark_floor_reported_separately
250,45,4,false,false,false,false,true,false,true,false,true,2,true,true,physical_support_with_dark_floor_reported_separately
250,45,5,false,false,false,false,true,false,true,false,true,2,true,true,physical_support_with_dark_floor_reported_separately
250,45,6,false,false,false,false,true,false,true,false,true,2,true,true,physical_support_with_dark_floor_reported_separately
250,45,7,false,false,false,false,true,false,true,false,true,2,true,true,physical_support_with_dark_floor_reported_separately
250,45,8,false,false,false,false,true,false,true,false,true,2,true,true,physical_support_with_dark_floor_reported_separately
250,45,9,false,false,false,false,true,false,true,false,true,2,true,true,physical_support_with_dark_floor_reported_separately
250,45,10,false,false,false,false,true,false,true,false,true,2,true,true,physical_support_with_dark_floor_reported_separately
250,45,11,false,false,false,false,true,false,true,false,true,2,true,true,physical_support_with_dark_floor_reported_separately
250,45,12,false,false,false,false,true,false,true,false,true,2,true,true,physical_support_with_dark_floor_reported_separately
250,45,13,false,false,false,false,true,false,true,false,true,2,true,true,physical_support_with_dark_floor_reported_separately
250,45,14,false,false,false,false,true,false,true,false,true,2,true,true,physical_support_with_dark_floor_reported_separately
250,45,15,false,false,false,false,true,false,true,false,true,2,true,true,physical_support_with_dark_floor_reported_separately
250,46,1,false,false,false,false,true,false,false,false,true,1,true,true,physical_support_with_dark_floor_reported_separately
250,46,2,false,false,false,false,true,false,false,false,true,1,true,true,physical_support_with_dark_floor_reported_separately
250,46,3,false,false,false,false,true,false,false,false,true,1,true,true,physical_support_with_dark_floor_reported_separately
250,46,4,false,false,false,false,true,false,false,false,true,1,true,true,physical_support_with_dark_floor_reported_separately
250,46,5,false,false,false,false,true,false,false,false,true,1,true,true,physical_support_with_dark_floor_reported_separately
250,46,6,false,false,false,false,true,false,false,false,true,1,true,true,physical_support_with_dark_floor_reported_separately
250,46,7,false,false,false,false,true,false,false,false,true,1,true,true,physical_support_with_dark_floor_reported_separately
250,46,8,false,false,false,false,true,false,false,false,true,1,true,true,physical_support_with_dark_floor_reported_separately
250,46,9,false,false,false,false,true,false,false,false,true,1,true,true,physical_support_with_dark_floor_reported_separately
250,46,10,false,false,false,false,true,false,false,false,true,1,true,true,physical_support_with_dark_floor_reported_separately
250,46,11,false,false,false,false,true,false,false,false,true,1,true,true,physical_support_with_dark_floor_reported_separately
250,46,12,false,false,false,false,true,false,false,false,true,1,true,true,physical_support_with_dark_floor_reported_separately
250,46,13,false,false,false,false,true,false,false,false,true,1,true,true,physical_support_with_dark_floor_reported_separately
250,46,14,false,false,false,false,true,false,false,false,true,1,true,true,physical_support_with_dark_floor_reported_separately
250,46,15,false,false,false,false,true,false,false,false,true,1,true,true,physical_support_with_dark_floor_reported_separately
250,47,1,false,false,false,false,true,false,false,false,true,1,true,true,physical_support_with_dark_floor_reported_separately
250,47,2,false,false,false,false,true,false,false,false,true,1,true,true,physical_support_with_dark_floor_reported_separately
250,47,3,false,false,false,false,true,false,false,false,true,1,true,true,physical_support_with_dark_floor_reported_separately
250,47,4,false,false,false,false,true,false,false,false,true,1,true,true,physical_support_with_dark_floor_reported_separately
250,47,5,false,false,false,false,true,false,false,false,true,1,true,true,physical_support_with_dark_floor_reported_separately
250,47,6,false,false,false,false,true,false,false,false,true,1,true,true,physical_support_with_dark_floor_reported_separately
250,47,7,false,false,false,false,true,false,false,false,true,1,true,true,physical_support_with_dark_floor_reported_separately
250,47,8,false,false,false,false,true,false,false,false,true,1,true,true,physical_support_with_dark_floor_reported_separately
250,47,9,false,false,false,false,true,false,false,false,true,1,true,true,physical_support_with_dark_floor_reported_separately
250,47,10,false,false,false,false,true,false,false,false,true,1,true,true,physical_support_with_dark_floor_reported_separately
250,47,11,false,false,false,false,true,false,false,false,true,1,true,true,physical_support_with_dark_floor_reported_separately
250,47,12,false,false,false,false,true,false,false,false,true,1,true,true,physical_support_with_dark_floor_reported_separately
250,47,13,false,false,false,false,true,false,false,false,true,1,true,true,physical_support_with_dark_floor_reported_separately
250,47,14,false,false,false,false,true,false,false,false,true,1,true,true,physical_support_with_dark_floor_reported_separately
250,47,15,false,false,false,false,true,false,false,false,true,1,true,true,physical_support_with_dark_floor_reported_separately
250,48,1,false,false,false,false,false,false,true,false,true,1,true,true,physical_support_with_dark_floor_reported_separately
250,48,2,false,false,false,false,false,false,true,false,true,1,true,true,physical_support_with_dark_floor_reported_separately
250,48,3,false,false,false,false,false,false,true,false,true,1,true,true,physical_support_with_dark_floor_reported_separately
250,48,4,false,false,false,false,false,false,true,false,true,1,true,true,physical_support_with_dark_floor_reported_separately
250,48,5,false,false,false,false,false,false,true,false,true,1,true,true,physical_support_with_dark_floor_reported_separately
250,48,6,false,false,false,false,false,false,true,false,true,1,true,true,physical_support_with_dark_floor_reported_separately
250,48,7,false,false,false,false,false,false,true,false,true,1,true,true,physical_support_with_dark_floor_reported_separately
250,48,8,false,false,false,false,false,false,true,false,true,1,true,true,physical_support_with_dark_floor_reported_separately
250,48,9,false,false,false,false,false,false,true,false,true,1,true,true,physical_support_with_dark_floor_reported_separately
250,48,10,false,false,false,false,false,false,true,false,true,1,true,true,physical_support_with_dark_floor_reported_separately
250,48,11,false,false,false,false,false,false,true,false,true,1,true,true,physical_support_with_dark_floor_reported_separately
250,48,12,false,false,false,false,false,false,true,false,true,1,true,true,physical_support_with_dark_floor_reported_separately
250,48,13,false,false,false,false,false,false,true,false,true,1,true,true,physical_support_with_dark_floor_reported_separately
250,48,14,false,false,false,false,false,false,true,false,true,1,true,true,physical_support_with_dark_floor_reported_separately
250,48,15,false,false,false,false,false,false,true,false,true,1,true,true,physical_support_with_dark_floor_reported_separately
250,49,1,false,false,false,false,true,false,true,false,true,2,true,true,physical_support_with_dark_floor_reported_separately
250,49,2,false,false,false,false,true,false,true,false,true,2,true,true,physical_support_with_dark_floor_reported_separately
250,49,3,false,false,false,false,true,false,true,false,true,2,true,true,physical_support_with_dark_floor_reported_separately
250,49,4,false,false,false,false,true,false,true,false,true,2,true,true,physical_support_with_dark_floor_reported_separately
250,49,5,false,false,false,false,true,false,true,false,true,2,true,true,physical_support_with_dark_floor_reported_separately
250,49,6,false,false,false,false,true,false,true,false,true,2,true,true,physical_support_with_dark_floor_reported_separately
250,49,7,false,false,false,false,true,false,true,false,true,2,true,true,physical_support_with_dark_floor_reported_separately
250,49,8,false,false,false,false,true,false,true,false,true,2,true,true,physical_support_with_dark_floor_reported_separately
250,49,9,false,false,false,false,true,false,true,false,true,2,true,true,physical_support_with_dark_floor_reported_separately
250,49,10,false,false,false,false,true,false,true,false,true,2,true,true,physical_support_with_dark_floor_reported_separately
250,49,11,false,false,false,false,true,false,true,false,true,2,true,true,physical_support_with_dark_floor_reported_separately
250,49,12,false,false,false,false,true,false,true,false,true,2,true,true,physical_support_with_dark_floor_reported_separately
250,49,13,false,false,false,false,true,false,true,false,true,2,true,true,physical_support_with_dark_floor_reported_separately
250,49,14,false,false,false,false,true,false,true,false,true,2,true,true,physical_support_with_dark_floor_reported_separately
250,49,15,false,false,false,false,true,false,true,false,true,2,true,true,physical_support_with_dark_floor_reported_separately
250,50,1,false,false,false,false,false,false,true,false,true,1,true,true,physical_support_with_dark_floor_reported_separately
250,50,2,false,false,false,false,false,false,true,false,true,1,true,true,physical_support_with_dark_floor_reported_separately
250,50,3,false,false,false,false,false,false,true,false,true,1,true,true,physical_support_with_dark_floor_reported_separately
250,50,4,false,false,false,false,false,false,true,false,true,1,true,true,physical_support_with_dark_floor_reported_separately
250,50,5,false,false,false,false,false,false,true,false,true,1,true,true,physical_support_with_dark_floor_reported_separately
250,50,6,false,false,false,false,false,false,true,false,true,1,true,true,physical_support_with_dark_floor_reported_separately
250,50,7,false,false,false,false,false,false,true,false,true,1,true,true,physical_support_with_dark_floor_reported_separately
250,50,8,false,false,false,false,false,false,true,false,true,1,true,true,physical_support_with_dark_floor_reported_separately
250,50,9,false,false,false,false,false,false,true,false,true,1,true,true,physical_support_with_dark_floor_reported_separately
250,50,10,false,false,false,false,false,false,true,false,true,1,true,true,physical_support_with_dark_floor_reported_separately
250,50,11,false,false,false,false,false,false,true,false,true,1,true,true,physical_support_with_dark_floor_reported_separately
250,50,12,false,false,false,false,false,false,true,false,true,1,true,true,physical_support_with_dark_floor_reported_separately
250,50,13,false,false,false,false,false,false,true,false,true,1,true,true,physical_support_with_dark_floor_reported_separately
250,50,14,false,false,false,false,false,false,true,false,true,1,true,true,physical_support_with_dark_floor_reported_separately
250,50,15,false,false,false,false,false,false,true,false,true,1,true,true,physical_support_with_dark_floor_reported_separately
250,51,1,false,false,false,false,false,false,true,false,true,1,true,true,physical_support_with_dark_floor_reported_separately
250,51,2,false,false,false,false,false,false,true,false,true,1,true,true,physical_support_with_dark_floor_reported_separately
250,51,3,false,false,false,false,false,false,true,false,true,1,true,true,physical_support_with_dark_floor_reported_separately
250,51,4,false,false,false,false,false,false,true,false,true,1,true,true,physical_support_with_dark_floor_reported_separately
250,51,5,false,false,false,false,false,false,true,false,true,1,true,true,physical_support_with_dark_floor_reported_separately
250,51,6,false,false,false,false,false,false,true,false,true,1,true,true,physical_support_with_dark_floor_reported_separately
250,51,7,false,false,false,false,false,false,true,false,true,1,true,true,physical_support_with_dark_floor_reported_separately
250,51,8,false,false,false,false,false,false,true,false,true,1,true,true,physical_support_with_dark_floor_reported_separately
250,51,9,false,false,false,false,false,false,true,false,true,1,true,true,physical_support_with_dark_floor_reported_separately
250,51,10,false,false,false,false,false,false,true,false,true,1,true,true,physical_support_with_dark_floor_reported_separately
250,51,11,false,false,false,false,false,false,true,false,true,1,true,true,physical_support_with_dark_floor_reported_separately
250,51,12,false,false,false,false,false,false,true,false,true,1,true,true,physical_support_with_dark_floor_reported_separately
250,51,13,false,false,false,false,false,false,true,false,true,1,true,true,physical_support_with_dark_floor_reported_separately
250,51,14,false,false,false,false,false,false,true,false,true,1,true,true,physical_support_with_dark_floor_reported_separately
250,51,15,false,false,false,false,false,false,true,false,true,1,true,true,physical_support_with_dark_floor_reported_separately
250,52,1,false,false,false,false,true,false,false,false,true,1,true,true,physical_support_with_dark_floor_reported_separately
250,52,2,false,false,false,false,true,false,false,false,true,1,true,true,physical_support_with_dark_floor_reported_separately
250,52,3,false,false,false,false,true,false,false,false,true,1,true,true,physical_support_with_dark_floor_reported_separately
250,52,4,false,false,false,false,true,false,false,false,true,1,true,true,physical_support_with_dark_floor_reported_separately
250,52,5,false,false,false,false,true,false,false,false,true,1,true,true,physical_support_with_dark_floor_reported_separately
250,52,6,false,false,false,false,true,false,false,false,true,1,true,true,physical_support_with_dark_floor_reported_separately
250,52,7,false,false,false,false,true,false,false,false,true,1,true,true,physical_support_with_dark_floor_reported_separately
250,52,8,false,false,false,false,true,false,false,false,true,1,true,true,physical_support_with_dark_floor_reported_separately
250,52,9,false,false,false,false,true,false,false,false,true,1,true,true,physical_support_with_dark_floor_reported_separately
250,52,10,false,false,false,false,true,false,false,false,true,1,true,true,physical_support_with_dark_floor_reported_separately
250,52,11,false,false,false,false,true,false,false,false,true,1,true,true,physical_support_with_dark_floor_reported_separately
250,52,12,false,false,false,false,true,false,false,false,true,1,true,true,physical_support_with_dark_floor_reported_separately
250,52,13,false,false,false,false,true,false,false,false,true,1,true,true,physical_support_with_dark_floor_reported_separately
250,52,14,false,false,false,false,true,false,false,false,true,1,true,true,physical_support_with_dark_floor_reported_separately
250,52,15,false,false,false,false,true,false,false,false,true,1,true,true,physical_support_with_dark_floor_reported_separately
250,53,1,false,false,false,false,true,false,false,false,true,1,true,true,physical_support_with_dark_floor_reported_separately
250,53,2,false,false,false,false,true,false,false,false,true,1,true,true,physical_support_with_dark_floor_reported_separately
250,53,3,false,false,false,false,true,false,false,false,true,1,true,true,physical_support_with_dark_floor_reported_separately
250,53,4,false,false,false,false,true,false,false,false,true,1,true,true,physical_support_with_dark_floor_reported_separately
250,53,5,false,false,false,false,true,false,false,false,true,1,true,true,physical_support_with_dark_floor_reported_separately
250,53,6,false,false,false,false,true,false,false,false,true,1,true,true,physical_support_with_dark_floor_reported_separately
250,53,7,false,false,false,false,true,false,false,false,true,1,true,true,physical_support_with_dark_floor_reported_separately
250,53,8,false,false,false,false,true,false,false,false,true,1,true,true,physical_support_with_dark_floor_reported_separately
250,53,9,false,false,false,false,true,false,false,false,true,1,true,true,physical_support_with_dark_floor_reported_separately
250,53,10,false,false,false,false,true,false,false,false,true,1,true,true,physical_support_with_dark_floor_reported_separately
250,53,11,false,false,false,false,true,false,false,false,true,1,true,true,physical_support_with_dark_floor_reported_separately
250,53,12,false,false,false,false,true,false,false,false,true,1,true,true,physical_support_with_dark_floor_reported_separately
250,53,13,false,false,false,false,true,false,false,false,true,1,true,true,physical_support_with_dark_floor_reported_separately
250,53,14,false,false,false,false,true,false,false,false,true,1,true,true,physical_support_with_dark_floor_reported_separately
250,53,15,false,false,false,false,true,false,false,false,true,1,true,true,physical_support_with_dark_floor_reported_separately
250,54,1,false,false,false,false,false,false,true,false,true,1,true,true,physical_support_with_dark_floor_reported_separately
250,54,2,false,false,false,false,false,false,true,false,true,1,true,true,physical_support_with_dark_floor_reported_separately
250,54,3,false,false,false,false,false,false,true,false,true,1,true,true,physical_support_with_dark_floor_reported_separately
250,54,4,false,false,false,false,false,false,true,false,true,1,true,true,physical_support_with_dark_floor_reported_separately
250,54,5,false,false,false,false,false,false,true,false,true,1,true,true,physical_support_with_dark_floor_reported_separately
250,54,6,false,false,false,false,false,false,true,false,true,1,true,true,physical_support_with_dark_floor_reported_separately
250,54,7,false,false,false,false,false,false,true,false,true,1,true,true,physical_support_with_dark_floor_reported_separately
250,54,8,false,false,false,false,false,false,true,false,true,1,true,true,physical_support_with_dark_floor_reported_separately
250,54,9,false,false,false,false,false,false,true,false,true,1,true,true,physical_support_with_dark_floor_reported_separately
250,54,10,false,false,false,false,false,false,true,false,true,1,true,true,physical_support_with_dark_floor_reported_separately
250,54,11,false,false,false,false,false,false,true,false,true,1,true,true,physical_support_with_dark_floor_reported_separately
250,54,12,false,false,false,false,false,false,true,false,true,1,true,true,physical_support_with_dark_floor_reported_separately
250,54,13,false,false,false,false,false,false,true,false,true,1,true,true,physical_support_with_dark_floor_reported_separately
250,54,14,false,false,false,false,false,false,true,false,true,1,true,true,physical_support_with_dark_floor_reported_separately
250,54,15,false,false,false,false,false,false,true,false,true,1,true,true,physical_support_with_dark_floor_reported_separately
250,55,1,false,false,false,false,true,false,false,false,true,1,true,true,physical_support_with_dark_floor_reported_separately
250,55,2,false,false,false,false,true,false,false,false,true,1,true,true,physical_support_with_dark_floor_reported_separately
250,55,3,false,false,false,false,true,false,false,false,true,1,true,true,physical_support_with_dark_floor_reported_separately
250,55,4,false,false,false,false,true,false,false,false,true,1,true,true,physical_support_with_dark_floor_reported_separately
250,55,5,false,false,false,false,true,false,false,false,true,1,true,true,physical_support_with_dark_floor_reported_separately
250,55,6,false,false,false,false,true,false,false,false,true,1,true,true,physical_support_with_dark_floor_reported_separately
250,55,7,false,false,false,false,true,false,false,false,true,1,true,true,physical_support_with_dark_floor_reported_separately
250,55,8,false,false,false,false,true,false,false,false,true,1,true,true,physical_support_with_dark_floor_reported_separately
250,55,9,false,false,false,false,true,false,false,false,true,1,true,true,physical_support_with_dark_floor_reported_separately
250,55,10,false,false,false,false,true,false,false,false,true,1,true,true,physical_support_with_dark_floor_reported_separately
250,55,11,false,false,false,false,true,false,false,false,true,1,true,true,physical_support_with_dark_floor_reported_separately
250,55,12,false,false,false,false,true,false,false,false,true,1,true,true,physical_support_with_dark_floor_reported_separately
250,55,13,false,false,false,false,true,false,false,false,true,1,true,true,physical_support_with_dark_floor_reported_separately
250,55,14,false,false,false,false,true,false,false,false,true,1,true,true,physical_support_with_dark_floor_reported_separately
250,55,15,false,false,false,false,true,false,false,false,true,1,true,true,physical_support_with_dark_floor_reported_separately
250,56,1,false,false,false,false,true,false,true,false,true,2,true,true,physical_support_with_dark_floor_reported_separately
250,56,2,false,false,false,false,true,false,true,false,true,2,true,true,physical_support_with_dark_floor_reported_separately
250,56,3,false,false,false,false,true,false,true,false,true,2,true,true,physical_support_with_dark_floor_reported_separately
250,56,4,false,false,false,false,true,false,true,false,true,2,true,true,physical_support_with_dark_floor_reported_separately
250,56,5,false,false,false,false,true,false,true,false,true,2,true,true,physical_support_with_dark_floor_reported_separately
250,56,6,false,false,false,false,true,false,true,false,true,2,true,true,physical_support_with_dark_floor_reported_separately
250,56,7,false,false,false,false,true,false,true,false,true,2,true,true,physical_support_with_dark_floor_reported_separately
250,56,8,false,false,false,false,true,false,true,false,true,2,true,true,physical_support_with_dark_floor_reported_separately
250,56,9,false,false,false,false,true,false,true,false,true,2,true,true,physical_support_with_dark_floor_reported_separately
250,56,10,false,false,false,false,true,false,true,false,true,2,true,true,physical_support_with_dark_floor_reported_separately
250,56,11,false,false,false,false,true,false,true,false,true,2,true,true,physical_support_with_dark_floor_reported_separately
250,56,12,false,false,false,false,true,false,true,false,true,2,true,true,physical_support_with_dark_floor_reported_separately
250,56,13,false,false,false,false,true,false,true,false,true,2,true,true,physical_support_with_dark_floor_reported_separately
250,56,14,false,false,false,false,true,false,true,false,true,2,true,true,physical_support_with_dark_floor_reported_separately
250,56,15,false,false,false,false,true,false,true,false,true,2,true,true,physical_support_with_dark_floor_reported_separately
250,57,1,false,false,false,false,true,false,false,false,true,1,true,true,physical_support_with_dark_floor_reported_separately
250,57,2,false,false,false,false,true,false,false,false,true,1,true,true,physical_support_with_dark_floor_reported_separately
250,57,3,false,false,false,false,true,false,false,false,true,1,true,true,physical_support_with_dark_floor_reported_separately
250,57,4,false,false,false,false,true,false,false,false,true,1,true,true,physical_support_with_dark_floor_reported_separately
250,57,5,false,false,false,false,true,false,false,false,true,1,true,true,physical_support_with_dark_floor_reported_separately
250,57,6,false,false,false,false,true,false,false,false,true,1,true,true,physical_support_with_dark_floor_reported_separately
250,57,7,false,false,false,false,true,false,false,false,true,1,true,true,physical_support_with_dark_floor_reported_separately
250,57,8,false,false,false,false,true,false,false,false,true,1,true,true,physical_support_with_dark_floor_reported_separately
250,57,9,false,false,false,false,true,false,false,false,true,1,true,true,physical_support_with_dark_floor_reported_separately
250,57,10,false,false,false,false,true,false,false,false,true,1,true,true,physical_support_with_dark_floor_reported_separately
250,57,11,false,false,false,false,true,false,false,false,true,1,true,true,physical_support_with_dark_floor_reported_separately
250,57,12,false,false,false,false,true,false,false,false,true,1,true,true,physical_support_with_dark_floor_reported_separately
250,57,13,false,false,false,false,true,false,false,false,true,1,true,true,physical_support_with_dark_floor_reported_separately
250,57,14,false,false,false,false,true,false,false,false,true,1,true,true,physical_support_with_dark_floor_reported_separately
250,57,15,false,false,false,false,true,false,false,false,true,1,true,true,physical_support_with_dark_floor_reported_separately
250,58,1,false,false,false,false,true,false,false,false,true,1,true,true,physical_support_with_dark_floor_reported_separately
250,58,2,false,false,false,false,true,false,false,false,true,1,true,true,physical_support_with_dark_floor_reported_separately
250,58,3,false,false,false,false,true,false,false,false,true,1,true,true,physical_support_with_dark_floor_reported_separately
250,58,4,false,false,false,false,true,false,false,false,true,1,true,true,physical_support_with_dark_floor_reported_separately
250,58,5,false,false,false,false,true,false,false,false,true,1,true,true,physical_support_with_dark_floor_reported_separately
250,58,6,false,false,false,false,true,false,false,false,true,1,true,true,physical_support_with_dark_floor_reported_separately
250,58,7,false,false,false,false,true,false,false,false,true,1,true,true,physical_support_with_dark_floor_reported_separately
250,58,8,false,false,false,false,true,false,false,false,true,1,true,true,physical_support_with_dark_floor_reported_separately
250,58,9,false,false,false,false,true,false,false,false,true,1,true,true,physical_support_with_dark_floor_reported_separately
250,58,10,false,false,false,false,true,false,false,false,true,1,true,true,physical_support_with_dark_floor_reported_separately
250,58,11,false,false,false,false,true,false,false,false,true,1,true,true,physical_support_with_dark_floor_reported_separately
250,58,12,false,false,false,false,true,false,false,false,true,1,true,true,physical_support_with_dark_floor_reported_separately
250,58,13,false,false,false,false,true,false,false,false,true,1,true,true,physical_support_with_dark_floor_reported_separately
250,58,14,false,false,false,false,true,false,false,false,true,1,true,true,physical_support_with_dark_floor_reported_separately
250,58,15,false,false,false,false,true,false,false,false,true,1,true,true,physical_support_with_dark_floor_reported_separately
250,59,1,false,false,false,false,true,false,true,false,true,2,true,true,physical_support_with_dark_floor_reported_separately
250,59,2,false,false,false,false,true,false,true,false,true,2,true,true,physical_support_with_dark_floor_reported_separately
250,59,3,false,false,false,false,true,false,true,false,true,2,true,true,physical_support_with_dark_floor_reported_separately
250,59,4,false,false,false,false,true,false,true,false,true,2,true,true,physical_support_with_dark_floor_reported_separately
250,59,5,false,false,false,false,true,false,true,false,true,2,true,true,physical_support_with_dark_floor_reported_separately
250,59,6,false,false,false,false,true,false,true,false,true,2,true,true,physical_support_with_dark_floor_reported_separately
250,59,7,false,false,false,false,true,false,true,false,true,2,true,true,physical_support_with_dark_floor_reported_separately
250,59,8,false,false,false,false,true,false,true,false,true,2,true,true,physical_support_with_dark_floor_reported_separately
250,59,9,false,false,false,false,true,false,true,false,true,2,true,true,physical_support_with_dark_floor_reported_separately
250,59,10,false,false,false,false,true,false,true,false,true,2,true,true,physical_support_with_dark_floor_reported_separately
250,59,11,false,false,false,false,true,false,true,false,true,2,true,true,physical_support_with_dark_floor_reported_separately
250,59,12,false,false,false,false,true,false,true,false,true,2,true,true,physical_support_with_dark_floor_reported_separately
250,59,13,false,false,false,false,true,false,true,false,true,2,true,true,physical_support_with_dark_floor_reported_separately
250,59,14,false,false,false,false,true,false,true,false,true,2,true,true,physical_support_with_dark_floor_reported_separately
250,59,15,false,false,false,false,true,false,true,false,true,2,true,true,physical_support_with_dark_floor_reported_separately
250,60,1,false,false,false,false,false,false,false,false,false,0,true,true,physical_support_with_dark_floor_reported_separately
250,60,2,false,false,false,false,false,false,false,false,false,0,true,true,physical_support_with_dark_floor_reported_separately
250,60,3,false,false,false,false,false,false,false,false,false,0,true,true,physical_support_with_dark_floor_reported_separately
250,60,4,false,false,false,false,false,false,false,false,false,0,true,true,physical_support_with_dark_floor_reported_separately
250,60,5,false,false,false,false,false,false,false,false,false,0,true,true,physical_support_with_dark_floor_reported_separately
250,60,6,false,false,false,false,false,false,false,false,false,0,true,true,physical_support_with_dark_floor_reported_separately
250,60,7,false,false,false,false,false,false,false,false,false,0,true,true,physical_support_with_dark_floor_reported_separately
250,60,8,false,false,false,false,false,false,false,false,false,0,true,true,physical_support_with_dark_floor_reported_separately
250,60,9,false,false,false,false,false,false,false,false,false,0,true,true,physical_support_with_dark_floor_reported_separately
250,60,10,false,false,false,false,false,false,false,false,false,0,true,true,physical_support_with_dark_floor_reported_separately
250,60,11,false,false,false,false,false,false,false,false,false,0,true,true,physical_support_with_dark_floor_reported_separately
250,60,12,false,false,false,false,false,false,false,false,false,0,true,true,physical_support_with_dark_floor_reported_separately
250,60,13,false,false,false,false,false,false,false,false,false,0,true,true,physical_support_with_dark_floor_reported_separately
250,60,14,false,false,false,false,false,false,false,false,false,0,true,true,physical_support_with_dark_floor_reported_separately
250,60,15,false,false,false,false,false,false,false,false,false,0,true,true,physical_support_with_dark_floor_reported_separately
250,61,1,false,false,false,false,true,false,true,false,true,2,true,true,physical_support_with_dark_floor_reported_separately
250,61,2,false,false,false,false,true,false,true,false,true,2,true,true,physical_support_with_dark_floor_reported_separately
250,61,3,false,false,false,false,true,false,true,false,true,2,true,true,physical_support_with_dark_floor_reported_separately
250,61,4,false,false,false,false,true,false,true,false,true,2,true,true,physical_support_with_dark_floor_reported_separately
250,61,5,false,false,false,false,true,false,true,false,true,2,true,true,physical_support_with_dark_floor_reported_separately
250,61,6,false,false,false,false,true,false,true,false,true,2,true,true,physical_support_with_dark_floor_reported_separately
250,61,7,false,false,false,false,true,false,true,false,true,2,true,true,physical_support_with_dark_floor_reported_separately
250,61,8,false,false,false,false,true,false,true,false,true,2,true,true,physical_support_with_dark_floor_reported_separately
250,61,9,false,false,false,false,true,false,true,false,true,2,true,true,physical_support_with_dark_floor_reported_separately
250,61,10,false,false,false,false,true,false,true,false,true,2,true,true,physical_support_with_dark_floor_reported_separately
250,61,11,false,false,false,false,true,false,true,false,true,2,true,true,physical_support_with_dark_floor_reported_separately
250,61,12,false,false,false,false,true,false,true,false,true,2,true,true,physical_support_with_dark_floor_reported_separately
250,61,13,false,false,false,false,true,false,true,false,true,2,true,true,physical_support_with_dark_floor_reported_separately
250,61,14,false,false,false,false,true,false,true,false,true,2,true,true,physical_support_with_dark_floor_reported_separately
250,61,15,false,false,false,false,true,false,true,false,true,2,true,true,physical_support_with_dark_floor_reported_separately
250,62,1,false,false,false,false,true,false,true,false,true,2,true,true,physical_support_with_dark_floor_reported_separately
250,62,2,false,false,false,false,true,false,true,false,true,2,true,true,physical_support_with_dark_floor_reported_separately
250,62,3,false,false,false,false,true,false,true,false,true,2,true,true,physical_support_with_dark_floor_reported_separately
250,62,4,false,false,false,false,true,false,true,false,true,2,true,true,physical_support_with_dark_floor_reported_separately
250,62,5,false,false,false,false,true,false,true,false,true,2,true,true,physical_support_with_dark_floor_reported_separately
250,62,6,false,false,false,false,true,false,true,false,true,2,true,true,physical_support_with_dark_floor_reported_separately
250,62,7,false,false,false,false,true,false,true,false,true,2,true,true,physical_support_with_dark_floor_reported_separately
250,62,8,false,false,false,false,true,false,true,false,true,2,true,true,physical_support_with_dark_floor_reported_separately
250,62,9,false,false,false,false,true,false,true,false,true,2,true,true,physical_support_with_dark_floor_reported_separately
250,62,10,false,false,false,false,true,false,true,false,true,2,true,true,physical_support_with_dark_floor_reported_separately
250,62,11,false,false,false,false,true,false,true,false,true,2,true,true,physical_support_with_dark_floor_reported_separately
250,62,12,false,false,false,false,true,false,true,false,true,2,true,true,physical_support_with_dark_floor_reported_separately
250,62,13,false,false,false,false,true,false,true,false,true,2,true,true,physical_support_with_dark_floor_reported_separately
250,62,14,false,false,false,false,true,false,true,false,true,2,true,true,physical_support_with_dark_floor_reported_separately
250,62,15,false,false,false,false,true,false,true,false,true,2,true,true,physical_support_with_dark_floor_reported_separately
250,63,1,false,false,false,false,false,false,true,false,true,1,true,true,physical_support_with_dark_floor_reported_separately
250,63,2,false,false,false,false,false,false,true,false,true,1,true,true,physical_support_with_dark_floor_reported_separately
250,63,3,false,false,false,false,false,false,true,false,true,1,true,true,physical_support_with_dark_floor_reported_separately
250,63,4,false,false,false,false,false,false,true,false,true,1,true,true,physical_support_with_dark_floor_reported_separately
250,63,5,false,false,false,false,false,false,true,false,true,1,true,true,physical_support_with_dark_floor_reported_separately
250,63,6,false,false,false,false,false,false,true,false,true,1,true,true,physical_support_with_dark_floor_reported_separately
250,63,7,false,false,false,false,false,false,true,false,true,1,true,true,physical_support_with_dark_floor_reported_separately
250,63,8,false,false,false,false,false,false,true,false,true,1,true,true,physical_support_with_dark_floor_reported_separately
250,63,9,false,false,false,false,false,false,true,false,true,1,true,true,physical_support_with_dark_floor_reported_separately
250,63,10,false,false,false,false,false,false,true,false,true,1,true,true,physical_support_with_dark_floor_reported_separately
250,63,11,false,false,false,false,false,false,true,false,true,1,true,true,physical_support_with_dark_floor_reported_separately
250,63,12,false,false,false,false,false,false,true,false,true,1,true,true,physical_support_with_dark_floor_reported_separately
250,63,13,false,false,false,false,false,false,true,false,true,1,true,true,physical_support_with_dark_floor_reported_separately
250,63,14,false,false,false,false,false,false,true,false,true,1,true,true,physical_support_with_dark_floor_reported_separately
250,63,15,false,false,false,false,false,false,true,false,true,1,true,true,physical_support_with_dark_floor_reported_separately
300,0,1,false,false,false,false,true,false,false,false,true,1,true,true,physical_support_with_dark_floor_reported_separately
300,0,2,false,false,false,false,true,false,false,false,true,1,true,true,physical_support_with_dark_floor_reported_separately
300,0,3,false,false,false,false,true,false,false,false,true,1,true,true,physical_support_with_dark_floor_reported_separately
300,0,4,false,false,false,false,true,false,false,false,true,1,true,true,physical_support_with_dark_floor_reported_separately
300,0,5,false,false,false,false,true,false,false,false,true,1,true,true,physical_support_with_dark_floor_reported_separately
300,0,6,false,false,false,false,true,false,false,false,true,1,true,true,physical_support_with_dark_floor_reported_separately
300,0,7,false,false,false,false,true,false,false,false,true,1,true,true,physical_support_with_dark_floor_reported_separately
300,0,8,false,false,false,false,true,false,false,false,true,1,true,true,physical_support_with_dark_floor_reported_separately
300,0,9,false,false,false,false,true,false,false,false,true,1,true,true,physical_support_with_dark_floor_reported_separately
300,0,10,false,false,false,false,true,false,false,false,true,1,true,true,physical_support_with_dark_floor_reported_separately
300,0,11,false,false,false,false,true,false,false,false,true,1,true,true,physical_support_with_dark_floor_reported_separately
300,0,12,false,false,false,false,true,false,false,false,true,1,true,true,physical_support_with_dark_floor_reported_separately
300,0,13,false,false,false,false,true,false,false,false,true,1,true,true,physical_support_with_dark_floor_reported_separately
300,0,14,false,false,false,false,true,false,false,false,true,1,true,true,physical_support_with_dark_floor_reported_separately
300,0,15,false,false,false,false,true,false,false,false,true,1,true,true,physical_support_with_dark_floor_reported_separately
300,1,1,false,false,false,false,false,false,false,false,false,0,true,true,physical_support_with_dark_floor_reported_separately
300,1,2,false,false,false,false,false,false,false,false,false,0,true,true,physical_support_with_dark_floor_reported_separately
300,1,3,false,false,false,false,false,false,false,false,false,0,true,true,physical_support_with_dark_floor_reported_separately
300,1,4,false,false,false,false,false,false,false,false,false,0,true,true,physical_support_with_dark_floor_reported_separately
300,1,5,false,false,false,false,false,false,false,false,false,0,true,true,physical_support_with_dark_floor_reported_separately
300,1,6,false,false,false,false,false,false,false,false,false,0,true,true,physical_support_with_dark_floor_reported_separately
300,1,7,false,false,false,false,false,false,false,false,false,0,true,true,physical_support_with_dark_floor_reported_separately
300,1,8,false,false,false,false,false,false,false,false,false,0,true,true,physical_support_with_dark_floor_reported_separately
300,1,9,false,false,false,false,false,false,false,false,false,0,true,true,physical_support_with_dark_floor_reported_separately
300,1,10,false,false,false,false,false,false,false,false,false,0,true,true,physical_support_with_dark_floor_reported_separately
300,1,11,false,false,false,false,false,false,false,false,false,0,true,true,physical_support_with_dark_floor_reported_separately
300,1,12,false,false,false,false,false,false,false,false,false,0,true,true,physical_support_with_dark_floor_reported_separately
300,1,13,false,false,false,false,false,false,false,false,false,0,true,true,physical_support_with_dark_floor_reported_separately
300,1,14,false,false,false,false,false,false,false,false,false,0,true,true,physical_support_with_dark_floor_reported_separately
300,1,15,false,false,false,false,false,false,false,false,false,0,true,true,physical_support_with_dark_floor_reported_separately
300,2,1,false,false,false,false,false,false,false,false,false,0,true,true,physical_support_with_dark_floor_reported_separately
300,2,2,false,false,false,false,false,false,false,false,false,0,true,true,physical_support_with_dark_floor_reported_separately
300,2,3,false,false,false,false,false,false,false,false,false,0,true,true,physical_support_with_dark_floor_reported_separately
300,2,4,false,false,false,false,false,false,false,false,false,0,true,true,physical_support_with_dark_floor_reported_separately
300,2,5,false,false,false,false,false,false,false,false,false,0,true,true,physical_support_with_dark_floor_reported_separately
300,2,6,false,false,false,false,false,false,false,false,false,0,true,true,physical_support_with_dark_floor_reported_separately
300,2,7,false,false,false,false,false,false,false,false,false,0,true,true,physical_support_with_dark_floor_reported_separately
300,2,8,false,false,false,false,false,false,false,false,false,0,true,true,physical_support_with_dark_floor_reported_separately
300,2,9,false,false,false,false,false,false,false,false,false,0,true,true,physical_support_with_dark_floor_reported_separately
300,2,10,false,false,false,false,false,false,false,false,false,0,true,true,physical_support_with_dark_floor_reported_separately
300,2,11,false,false,false,false,false,false,false,false,false,0,true,true,physical_support_with_dark_floor_reported_separately
300,2,12,false,false,false,false,false,false,false,false,false,0,true,true,physical_support_with_dark_floor_reported_separately
300,2,13,false,false,false,false,false,false,false,false,false,0,true,true,physical_support_with_dark_floor_reported_separately
300,2,14,false,false,false,false,false,false,false,false,false,0,true,true,physical_support_with_dark_floor_reported_separately
300,2,15,false,false,false,false,false,false,false,false,false,0,true,true,physical_support_with_dark_floor_reported_separately
300,3,1,false,false,false,false,false,false,true,false,true,1,true,true,physical_support_with_dark_floor_reported_separately
300,3,2,false,false,false,false,false,false,true,false,true,1,true,true,physical_support_with_dark_floor_reported_separately
300,3,3,false,false,false,false,false,false,true,false,true,1,true,true,physical_support_with_dark_floor_reported_separately
300,3,4,false,false,false,false,false,false,true,false,true,1,true,true,physical_support_with_dark_floor_reported_separately
300,3,5,false,false,false,false,false,false,true,false,true,1,true,true,physical_support_with_dark_floor_reported_separately
300,3,6,false,false,false,false,false,false,true,false,true,1,true,true,physical_support_with_dark_floor_reported_separately
300,3,7,false,false,false,false,false,false,true,false,true,1,true,true,physical_support_with_dark_floor_reported_separately
300,3,8,false,false,false,false,false,false,true,false,true,1,true,true,physical_support_with_dark_floor_reported_separately
300,3,9,false,false,false,false,false,false,true,false,true,1,true,true,physical_support_with_dark_floor_reported_separately
300,3,10,false,false,false,false,false,false,true,false,true,1,true,true,physical_support_with_dark_floor_reported_separately
300,3,11,false,false,false,false,false,false,true,false,true,1,true,true,physical_support_with_dark_floor_reported_separately
300,3,12,false,false,false,false,false,false,true,false,true,1,true,true,physical_support_with_dark_floor_reported_separately
300,3,13,false,false,false,false,false,false,true,false,true,1,true,true,physical_support_with_dark_floor_reported_separately
300,3,14,false,false,false,false,false,false,true,false,true,1,true,true,physical_support_with_dark_floor_reported_separately
300,3,15,false,false,false,false,false,false,true,false,true,1,true,true,physical_support_with_dark_floor_reported_separately
300,4,1,false,false,false,false,true,false,false,false,true,1,true,true,physical_support_with_dark_floor_reported_separately
300,4,2,false,false,false,false,true,false,false,false,true,1,true,true,physical_support_with_dark_floor_reported_separately
300,4,3,false,false,false,false,true,false,false,false,true,1,true,true,physical_support_with_dark_floor_reported_separately
300,4,4,false,false,false,false,true,false,false,false,true,1,true,true,physical_support_with_dark_floor_reported_separately
300,4,5,false,false,false,false,true,false,false,false,true,1,true,true,physical_support_with_dark_floor_reported_separately
300,4,6,false,false,false,false,true,false,false,false,true,1,true,true,physical_support_with_dark_floor_reported_separately
300,4,7,false,false,false,false,true,false,false,false,true,1,true,true,physical_support_with_dark_floor_reported_separately
300,4,8,false,false,false,false,true,false,false,false,true,1,true,true,physical_support_with_dark_floor_reported_separately
300,4,9,false,false,false,false,true,false,false,false,true,1,true,true,physical_support_with_dark_floor_reported_separately
300,4,10,false,false,false,false,true,false,false,false,true,1,true,true,physical_support_with_dark_floor_reported_separately
300,4,11,false,false,false,false,true,false,false,false,true,1,true,true,physical_support_with_dark_floor_reported_separately
300,4,12,false,false,false,false,true,false,false,false,true,1,true,true,physical_support_with_dark_floor_reported_separately
300,4,13,false,false,false,false,true,false,false,false,true,1,true,true,physical_support_with_dark_floor_reported_separately
300,4,14,false,false,false,false,true,false,false,false,true,1,true,true,physical_support_with_dark_floor_reported_separately
300,4,15,false,false,false,false,true,false,false,false,true,1,true,true,physical_support_with_dark_floor_reported_separately
300,5,1,false,false,false,false,true,false,true,false,true,2,true,true,physical_support_with_dark_floor_reported_separately
300,5,2,false,false,false,false,true,false,true,false,true,2,true,true,physical_support_with_dark_floor_reported_separately
300,5,3,false,false,false,false,true,false,true,false,true,2,true,true,physical_support_with_dark_floor_reported_separately
300,5,4,false,false,false,false,true,false,true,false,true,2,true,true,physical_support_with_dark_floor_reported_separately
300,5,5,false,false,false,false,true,false,true,false,true,2,true,true,physical_support_with_dark_floor_reported_separately
300,5,6,false,false,false,false,true,false,true,false,true,2,true,true,physical_support_with_dark_floor_reported_separately
300,5,7,false,false,false,false,true,false,true,false,true,2,true,true,physical_support_with_dark_floor_reported_separately
300,5,8,false,false,false,false,true,false,true,false,true,2,true,true,physical_support_with_dark_floor_reported_separately
300,5,9,false,false,false,false,true,false,true,false,true,2,true,true,physical_support_with_dark_floor_reported_separately
300,5,10,false,false,false,false,true,false,true,false,true,2,true,true,physical_support_with_dark_floor_reported_separately
300,5,11,false,false,false,false,true,false,true,false,true,2,true,true,physical_support_with_dark_floor_reported_separately
300,5,12,false,false,false,false,true,false,true,false,true,2,true,true,physical_support_with_dark_floor_reported_separately
300,5,13,false,false,false,false,true,false,true,false,true,2,true,true,physical_support_with_dark_floor_reported_separately
300,5,14,false,false,false,false,true,false,true,false,true,2,true,true,physical_support_with_dark_floor_reported_separately
300,5,15,false,false,false,false,true,false,true,false,true,2,true,true,physical_support_with_dark_floor_reported_separately
300,6,1,false,false,false,false,true,false,true,false,true,2,true,true,physical_support_with_dark_floor_reported_separately
300,6,2,false,false,false,false,true,false,true,false,true,2,true,true,physical_support_with_dark_floor_reported_separately
300,6,3,false,false,false,false,true,false,true,false,true,2,true,true,physical_support_with_dark_floor_reported_separately
300,6,4,false,false,false,false,true,false,true,false,true,2,true,true,physical_support_with_dark_floor_reported_separately
300,6,5,false,false,false,false,true,false,true,false,true,2,true,true,physical_support_with_dark_floor_reported_separately
300,6,6,false,false,false,false,true,false,true,false,true,2,true,true,physical_support_with_dark_floor_reported_separately
300,6,7,false,false,false,false,true,false,true,false,true,2,true,true,physical_support_with_dark_floor_reported_separately
300,6,8,false,false,false,false,true,false,true,false,true,2,true,true,physical_support_with_dark_floor_reported_separately
300,6,9,false,false,false,false,true,false,true,false,true,2,true,true,physical_support_with_dark_floor_reported_separately
300,6,10,false,false,false,false,true,false,true,false,true,2,true,true,physical_support_with_dark_floor_reported_separately
300,6,11,false,false,false,false,true,false,true,false,true,2,true,true,physical_support_with_dark_floor_reported_separately
300,6,12,false,false,false,false,true,false,true,false,true,2,true,true,physical_support_with_dark_floor_reported_separately
300,6,13,false,false,false,false,true,false,true,false,true,2,true,true,physical_support_with_dark_floor_reported_separately
300,6,14,false,false,false,false,true,false,true,false,true,2,true,true,physical_support_with_dark_floor_reported_separately
300,6,15,false,false,false,false,true,false,true,false,true,2,true,true,physical_support_with_dark_floor_reported_separately
300,7,1,false,false,false,false,true,false,true,false,true,2,true,true,physical_support_with_dark_floor_reported_separately
300,7,2,false,false,false,false,true,false,true,false,true,2,true,true,physical_support_with_dark_floor_reported_separately
300,7,3,false,false,false,false,true,false,true,false,true,2,true,true,physical_support_with_dark_floor_reported_separately
300,7,4,false,false,false,false,true,false,true,false,true,2,true,true,physical_support_with_dark_floor_reported_separately
300,7,5,false,false,false,false,true,false,true,false,true,2,true,true,physical_support_with_dark_floor_reported_separately
300,7,6,false,false,false,false,true,false,true,false,true,2,true,true,physical_support_with_dark_floor_reported_separately
300,7,7,false,false,false,false,true,false,true,false,true,2,true,true,physical_support_with_dark_floor_reported_separately
300,7,8,false,false,false,false,true,false,true,false,true,2,true,true,physical_support_with_dark_floor_reported_separately
300,7,9,false,false,false,false,true,false,true,false,true,2,true,true,physical_support_with_dark_floor_reported_separately
300,7,10,false,false,false,false,true,false,true,false,true,2,true,true,physical_support_with_dark_floor_reported_separately
300,7,11,false,false,false,false,true,false,true,false,true,2,true,true,physical_support_with_dark_floor_reported_separately
300,7,12,false,false,false,false,true,false,true,false,true,2,true,true,physical_support_with_dark_floor_reported_separately
300,7,13,false,false,false,false,true,false,true,false,true,2,true,true,physical_support_with_dark_floor_reported_separately
300,7,14,false,false,false,false,true,false,true,false,true,2,true,true,physical_support_with_dark_floor_reported_separately
300,7,15,false,false,false,false,true,false,true,false,true,2,true,true,physical_support_with_dark_floor_reported_separately
300,8,1,false,false,false,false,false,false,true,false,true,1,true,true,physical_support_with_dark_floor_reported_separately
300,8,2,false,false,false,false,false,false,true,false,true,1,true,true,physical_support_with_dark_floor_reported_separately
300,8,3,false,false,false,false,false,false,true,false,true,1,true,true,physical_support_with_dark_floor_reported_separately
300,8,4,false,false,false,false,false,false,true,false,true,1,true,true,physical_support_with_dark_floor_reported_separately
300,8,5,false,false,false,false,false,false,true,false,true,1,true,true,physical_support_with_dark_floor_reported_separately
300,8,6,false,false,false,false,false,false,true,false,true,1,true,true,physical_support_with_dark_floor_reported_separately
300,8,7,false,false,false,false,false,false,true,false,true,1,true,true,physical_support_with_dark_floor_reported_separately
300,8,8,false,false,false,false,false,false,true,false,true,1,true,true,physical_support_with_dark_floor_reported_separately
300,8,9,false,false,false,false,false,false,true,false,true,1,true,true,physical_support_with_dark_floor_reported_separately
300,8,10,false,false,false,false,false,false,true,false,true,1,true,true,physical_support_with_dark_floor_reported_separately
300,8,11,false,false,false,false,false,false,true,false,true,1,true,true,physical_support_with_dark_floor_reported_separately
300,8,12,false,false,false,false,false,false,true,false,true,1,true,true,physical_support_with_dark_floor_reported_separately
300,8,13,false,false,false,false,false,false,true,false,true,1,true,true,physical_support_with_dark_floor_reported_separately
300,8,14,false,false,false,false,false,false,true,false,true,1,true,true,physical_support_with_dark_floor_reported_separately
300,8,15,false,false,false,false,false,false,true,false,true,1,true,true,physical_support_with_dark_floor_reported_separately
300,9,1,false,false,false,false,false,false,true,false,true,1,true,true,physical_support_with_dark_floor_reported_separately
300,9,2,false,false,false,false,false,false,true,false,true,1,true,true,physical_support_with_dark_floor_reported_separately
300,9,3,false,false,false,false,false,false,true,false,true,1,true,true,physical_support_with_dark_floor_reported_separately
300,9,4,false,false,false,false,false,false,true,false,true,1,true,true,physical_support_with_dark_floor_reported_separately
300,9,5,false,false,false,false,false,false,true,false,true,1,true,true,physical_support_with_dark_floor_reported_separately
300,9,6,false,false,false,false,false,false,true,false,true,1,true,true,physical_support_with_dark_floor_reported_separately
300,9,7,false,false,false,false,false,false,true,false,true,1,true,true,physical_support_with_dark_floor_reported_separately
300,9,8,false,false,false,false,false,false,true,false,true,1,true,true,physical_support_with_dark_floor_reported_separately
300,9,9,false,false,false,false,false,false,true,false,true,1,true,true,physical_support_with_dark_floor_reported_separately
300,9,10,false,false,false,false,false,false,true,false,true,1,true,true,physical_support_with_dark_floor_reported_separately
300,9,11,false,false,false,false,false,false,true,false,true,1,true,true,physical_support_with_dark_floor_reported_separately
300,9,12,false,false,false,false,false,false,true,false,true,1,true,true,physical_support_with_dark_floor_reported_separately
300,9,13,false,false,false,false,false,false,true,false,true,1,true,true,physical_support_with_dark_floor_reported_separately
300,9,14,false,false,false,false,false,false,true,false,true,1,true,true,physical_support_with_dark_floor_reported_separately
300,9,15,false,false,false,false,false,false,true,false,true,1,true,true,physical_support_with_dark_floor_reported_separately
300,10,1,false,false,false,false,false,false,true,false,true,1,true,true,physical_support_with_dark_floor_reported_separately
300,10,2,false,false,false,false,false,false,true,false,true,1,true,true,physical_support_with_dark_floor_reported_separately
300,10,3,false,false,false,false,false,false,true,false,true,1,true,true,physical_support_with_dark_floor_reported_separately
300,10,4,false,false,false,false,false,false,true,false,true,1,true,true,physical_support_with_dark_floor_reported_separately
300,10,5,false,false,false,false,false,false,true,false,true,1,true,true,physical_support_with_dark_floor_reported_separately
300,10,6,false,false,false,false,false,false,true,false,true,1,true,true,physical_support_with_dark_floor_reported_separately
300,10,7,false,false,false,false,false,false,true,false,true,1,true,true,physical_support_with_dark_floor_reported_separately
300,10,8,false,false,false,false,false,false,true,false,true,1,true,true,physical_support_with_dark_floor_reported_separately
300,10,9,false,false,false,false,false,false,true,false,true,1,true,true,physical_support_with_dark_floor_reported_separately
300,10,10,false,false,false,false,false,false,true,false,true,1,true,true,physical_support_with_dark_floor_reported_separately
300,10,11,false,false,false,false,false,false,true,false,true,1,true,true,physical_support_with_dark_floor_reported_separately
300,10,12,false,false,false,false,false,false,true,false,true,1,true,true,physical_support_with_dark_floor_reported_separately
300,10,13,false,false,false,false,false,false,true,false,true,1,true,true,physical_support_with_dark_floor_reported_separately
300,10,14,false,false,false,false,false,false,true,false,true,1,true,true,physical_support_with_dark_floor_reported_separately
300,10,15,false,false,false,false,false,false,true,false,true,1,true,true,physical_support_with_dark_floor_reported_separately
300,11,1,false,false,false,false,true,false,false,false,true,1,true,true,physical_support_with_dark_floor_reported_separately
300,11,2,false,false,false,false,true,false,false,false,true,1,true,true,physical_support_with_dark_floor_reported_separately
300,11,3,false,false,false,false,true,false,false,false,true,1,true,true,physical_support_with_dark_floor_reported_separately
300,11,4,false,false,false,false,true,false,false,false,true,1,true,true,physical_support_with_dark_floor_reported_separately
300,11,5,false,false,false,false,true,false,false,false,true,1,true,true,physical_support_with_dark_floor_reported_separately
300,11,6,false,false,false,false,true,false,false,false,true,1,true,true,physical_support_with_dark_floor_reported_separately
300,11,7,false,false,false,false,true,false,false,false,true,1,true,true,physical_support_with_dark_floor_reported_separately
300,11,8,false,false,false,false,true,false,false,false,true,1,true,true,physical_support_with_dark_floor_reported_separately
300,11,9,false,false,false,false,true,false,false,false,true,1,true,true,physical_support_with_dark_floor_reported_separately
300,11,10,false,false,false,false,true,false,false,false,true,1,true,true,physical_support_with_dark_floor_reported_separately
300,11,11,false,false,false,false,true,false,false,false,true,1,true,true,physical_support_with_dark_floor_reported_separately
300,11,12,false,false,false,false,true,false,false,false,true,1,true,true,physical_support_with_dark_floor_reported_separately
300,11,13,false,false,false,false,true,false,false,false,true,1,true,true,physical_support_with_dark_floor_reported_separately
300,11,14,false,false,false,false,true,false,false,false,true,1,true,true,physical_support_with_dark_floor_reported_separately
300,11,15,false,false,false,false,true,false,false,false,true,1,true,true,physical_support_with_dark_floor_reported_separately
300,12,1,false,false,false,false,true,false,true,false,true,2,true,true,physical_support_with_dark_floor_reported_separately
300,12,2,false,false,false,false,true,false,true,false,true,2,true,true,physical_support_with_dark_floor_reported_separately
300,12,3,false,false,false,false,true,false,true,false,true,2,true,true,physical_support_with_dark_floor_reported_separately
300,12,4,false,false,false,false,true,false,true,false,true,2,true,true,physical_support_with_dark_floor_reported_separately
300,12,5,false,false,false,false,true,false,true,false,true,2,true,true,physical_support_with_dark_floor_reported_separately
300,12,6,false,false,false,false,true,false,true,false,true,2,true,true,physical_support_with_dark_floor_reported_separately
300,12,7,false,false,false,false,true,false,true,false,true,2,true,true,physical_support_with_dark_floor_reported_separately
300,12,8,false,false,false,false,true,false,true,false,true,2,true,true,physical_support_with_dark_floor_reported_separately
300,12,9,false,false,false,false,true,false,true,false,true,2,true,true,physical_support_with_dark_floor_reported_separately
300,12,10,false,false,false,false,true,false,true,false,true,2,true,true,physical_support_with_dark_floor_reported_separately
300,12,11,false,false,false,false,true,false,true,false,true,2,true,true,physical_support_with_dark_floor_reported_separately
300,12,12,false,false,false,false,true,false,true,false,true,2,true,true,physical_support_with_dark_floor_reported_separately
300,12,13,false,false,false,false,true,false,true,false,true,2,true,true,physical_support_with_dark_floor_reported_separately
300,12,14,false,false,false,false,true,false,true,false,true,2,true,true,physical_support_with_dark_floor_reported_separately
300,12,15,false,false,false,false,true,false,true,false,true,2,true,true,physical_support_with_dark_floor_reported_separately
300,13,1,false,false,false,false,true,false,true,false,true,2,true,true,physical_support_with_dark_floor_reported_separately
300,13,2,false,false,false,false,true,false,true,false,true,2,true,true,physical_support_with_dark_floor_reported_separately
300,13,3,false,false,false,false,true,false,true,false,true,2,true,true,physical_support_with_dark_floor_reported_separately
300,13,4,false,false,false,false,true,false,true,false,true,2,true,true,physical_support_with_dark_floor_reported_separately
300,13,5,false,false,false,false,true,false,true,false,true,2,true,true,physical_support_with_dark_floor_reported_separately
300,13,6,false,false,false,false,true,false,true,false,true,2,true,true,physical_support_with_dark_floor_reported_separately
300,13,7,false,false,false,false,true,false,true,false,true,2,true,true,physical_support_with_dark_floor_reported_separately
300,13,8,false,false,false,false,true,false,true,false,true,2,true,true,physical_support_with_dark_floor_reported_separately
300,13,9,false,false,false,false,true,false,true,false,true,2,true,true,physical_support_with_dark_floor_reported_separately
300,13,10,false,false,false,false,true,false,true,false,true,2,true,true,physical_support_with_dark_floor_reported_separately
300,13,11,false,false,false,false,true,false,true,false,true,2,true,true,physical_support_with_dark_floor_reported_separately
300,13,12,false,false,false,false,true,false,true,false,true,2,true,true,physical_support_with_dark_floor_reported_separately
300,13,13,false,false,false,false,true,false,true,false,true,2,true,true,physical_support_with_dark_floor_reported_separately
300,13,14,false,false,false,false,true,false,true,false,true,2,true,true,physical_support_with_dark_floor_reported_separately
300,13,15,false,false,false,false,true,false,true,false,true,2,true,true,physical_support_with_dark_floor_reported_separately
300,14,1,false,false,false,false,false,false,true,false,true,1,true,true,physical_support_with_dark_floor_reported_separately
300,14,2,false,false,false,false,false,false,true,false,true,1,true,true,physical_support_with_dark_floor_reported_separately
300,14,3,false,false,false,false,false,false,true,false,true,1,true,true,physical_support_with_dark_floor_reported_separately
300,14,4,false,false,false,false,false,false,true,false,true,1,true,true,physical_support_with_dark_floor_reported_separately
300,14,5,false,false,false,false,false,false,true,false,true,1,true,true,physical_support_with_dark_floor_reported_separately
300,14,6,false,false,false,false,false,false,true,false,true,1,true,true,physical_support_with_dark_floor_reported_separately
300,14,7,false,false,false,false,false,false,true,false,true,1,true,true,physical_support_with_dark_floor_reported_separately
300,14,8,false,false,false,false,false,false,true,false,true,1,true,true,physical_support_with_dark_floor_reported_separately
300,14,9,false,false,false,false,false,false,true,false,true,1,true,true,physical_support_with_dark_floor_reported_separately
300,14,10,false,false,false,false,false,false,true,false,true,1,true,true,physical_support_with_dark_floor_reported_separately
300,14,11,false,false,false,false,false,false,true,false,true,1,true,true,physical_support_with_dark_floor_reported_separately
300,14,12,false,false,false,false,false,false,true,false,true,1,true,true,physical_support_with_dark_floor_reported_separately
300,14,13,false,false,false,false,false,false,true,false,true,1,true,true,physical_support_with_dark_floor_reported_separately
300,14,14,false,false,false,false,false,false,true,false,true,1,true,true,physical_support_with_dark_floor_reported_separately
300,14,15,false,false,false,false,false,false,true,false,true,1,true,true,physical_support_with_dark_floor_reported_separately
300,15,1,false,false,false,false,true,false,false,false,true,1,true,true,physical_support_with_dark_floor_reported_separately
300,15,2,false,false,false,false,true,false,false,false,true,1,true,true,physical_support_with_dark_floor_reported_separately
300,15,3,false,false,false,false,true,false,false,false,true,1,true,true,physical_support_with_dark_floor_reported_separately
300,15,4,false,false,false,false,true,false,false,false,true,1,true,true,physical_support_with_dark_floor_reported_separately
300,15,5,false,false,false,false,true,false,false,false,true,1,true,true,physical_support_with_dark_floor_reported_separately
300,15,6,false,false,false,false,true,false,false,false,true,1,true,true,physical_support_with_dark_floor_reported_separately
300,15,7,false,false,false,false,true,false,false,false,true,1,true,true,physical_support_with_dark_floor_reported_separately
300,15,8,false,false,false,false,true,false,false,false,true,1,true,true,physical_support_with_dark_floor_reported_separately
300,15,9,false,false,false,false,true,false,false,false,true,1,true,true,physical_support_with_dark_floor_reported_separately
300,15,10,false,false,false,false,true,false,false,false,true,1,true,true,physical_support_with_dark_floor_reported_separately
300,15,11,false,false,false,false,true,false,false,false,true,1,true,true,physical_support_with_dark_floor_reported_separately
300,15,12,false,false,false,false,true,false,false,false,true,1,true,true,physical_support_with_dark_floor_reported_separately
300,15,13,false,false,false,false,true,false,false,false,true,1,true,true,physical_support_with_dark_floor_reported_separately
300,15,14,false,false,false,false,true,false,false,false,true,1,true,true,physical_support_with_dark_floor_reported_separately
300,15,15,false,false,false,false,true,false,false,false,true,1,true,true,physical_support_with_dark_floor_reported_separately
300,16,1,false,false,false,false,true,false,true,false,true,2,true,true,physical_support_with_dark_floor_reported_separately
300,16,2,false,false,false,false,true,false,true,false,true,2,true,true,physical_support_with_dark_floor_reported_separately
300,16,3,false,false,false,false,true,false,true,false,true,2,true,true,physical_support_with_dark_floor_reported_separately
300,16,4,false,false,false,false,true,false,true,false,true,2,true,true,physical_support_with_dark_floor_reported_separately
300,16,5,false,false,false,false,true,false,true,false,true,2,true,true,physical_support_with_dark_floor_reported_separately
300,16,6,false,false,false,false,true,false,true,false,true,2,true,true,physical_support_with_dark_floor_reported_separately
300,16,7,false,false,false,false,true,false,true,false,true,2,true,true,physical_support_with_dark_floor_reported_separately
300,16,8,false,false,false,false,true,false,true,false,true,2,true,true,physical_support_with_dark_floor_reported_separately
300,16,9,false,false,false,false,true,false,true,false,true,2,true,true,physical_support_with_dark_floor_reported_separately
300,16,10,false,false,false,false,true,false,true,false,true,2,true,true,physical_support_with_dark_floor_reported_separately
300,16,11,false,false,false,false,true,false,true,false,true,2,true,true,physical_support_with_dark_floor_reported_separately
300,16,12,false,false,false,false,true,false,true,false,true,2,true,true,physical_support_with_dark_floor_reported_separately
300,16,13,false,false,false,false,true,false,true,false,true,2,true,true,physical_support_with_dark_floor_reported_separately
300,16,14,false,false,false,false,true,false,true,false,true,2,true,true,physical_support_with_dark_floor_reported_separately
300,16,15,false,false,false,false,true,false,true,false,true,2,true,true,physical_support_with_dark_floor_reported_separately
300,17,1,false,false,false,false,true,false,false,false,true,1,true,true,physical_support_with_dark_floor_reported_separately
300,17,2,false,false,false,false,true,false,false,false,true,1,true,true,physical_support_with_dark_floor_reported_separately
300,17,3,false,false,false,false,true,false,false,false,true,1,true,true,physical_support_with_dark_floor_reported_separately
300,17,4,false,false,false,false,true,false,false,false,true,1,true,true,physical_support_with_dark_floor_reported_separately
300,17,5,false,false,false,false,true,false,false,false,true,1,true,true,physical_support_with_dark_floor_reported_separately
300,17,6,false,false,false,false,true,false,false,false,true,1,true,true,physical_support_with_dark_floor_reported_separately
300,17,7,false,false,false,false,true,false,true,false,true,2,true,true,physical_support_with_dark_floor_reported_separately
300,17,8,false,false,false,false,true,false,false,false,true,1,true,true,physical_support_with_dark_floor_reported_separately
300,17,9,false,false,false,false,true,false,false,false,true,1,true,true,physical_support_with_dark_floor_reported_separately
300,17,10,false,false,false,false,true,false,true,false,true,2,true,true,physical_support_with_dark_floor_reported_separately
300,17,11,false,false,false,false,true,false,false,false,true,1,true,true,physical_support_with_dark_floor_reported_separately
300,17,12,false,false,false,false,true,false,false,false,true,1,true,true,physical_support_with_dark_floor_reported_separately
300,17,13,false,false,false,false,true,false,false,false,true,1,true,true,physical_support_with_dark_floor_reported_separately
300,17,14,false,false,false,false,true,false,true,false,true,2,true,true,physical_support_with_dark_floor_reported_separately
300,17,15,false,false,false,false,true,false,true,false,true,2,true,true,physical_support_with_dark_floor_reported_separately
300,18,1,false,false,false,false,true,false,false,false,true,1,true,true,physical_support_with_dark_floor_reported_separately
300,18,2,false,false,false,false,true,false,false,false,true,1,true,true,physical_support_with_dark_floor_reported_separately
300,18,3,false,false,false,false,true,false,false,false,true,1,true,true,physical_support_with_dark_floor_reported_separately
300,18,4,false,false,false,false,true,false,false,false,true,1,true,true,physical_support_with_dark_floor_reported_separately
300,18,5,false,false,false,false,true,false,false,false,true,1,true,true,physical_support_with_dark_floor_reported_separately
300,18,6,false,false,false,false,true,false,false,false,true,1,true,true,physical_support_with_dark_floor_reported_separately
300,18,7,false,false,false,false,true,false,false,false,true,1,true,true,physical_support_with_dark_floor_reported_separately
300,18,8,false,false,false,false,true,false,false,false,true,1,true,true,physical_support_with_dark_floor_reported_separately
300,18,9,false,false,false,false,true,false,false,false,true,1,true,true,physical_support_with_dark_floor_reported_separately
300,18,10,false,false,false,false,true,false,false,false,true,1,true,true,physical_support_with_dark_floor_reported_separately
300,18,11,false,false,false,false,true,false,false,false,true,1,true,true,physical_support_with_dark_floor_reported_separately
300,18,12,false,false,false,false,true,false,false,false,true,1,true,true,physical_support_with_dark_floor_reported_separately
300,18,13,false,false,false,false,true,false,false,false,true,1,true,true,physical_support_with_dark_floor_reported_separately
300,18,14,false,false,false,false,true,false,false,false,true,1,true,true,physical_support_with_dark_floor_reported_separately
300,18,15,false,false,false,false,true,false,false,false,true,1,true,true,physical_support_with_dark_floor_reported_separately
300,19,1,false,false,false,false,true,false,false,false,true,1,true,true,physical_support_with_dark_floor_reported_separately
300,19,2,false,false,false,false,true,false,false,false,true,1,true,true,physical_support_with_dark_floor_reported_separately
300,19,3,false,false,false,false,true,false,false,false,true,1,true,true,physical_support_with_dark_floor_reported_separately
300,19,4,false,false,false,false,true,false,false,false,true,1,true,true,physical_support_with_dark_floor_reported_separately
300,19,5,false,false,false,false,true,false,false,false,true,1,true,true,physical_support_with_dark_floor_reported_separately
300,19,6,false,false,false,false,true,false,false,false,true,1,true,true,physical_support_with_dark_floor_reported_separately
300,19,7,false,false,false,false,true,false,false,false,true,1,true,true,physical_support_with_dark_floor_reported_separately
300,19,8,false,false,false,false,true,false,false,false,true,1,true,true,physical_support_with_dark_floor_reported_separately
300,19,9,false,false,false,false,true,false,false,false,true,1,true,true,physical_support_with_dark_floor_reported_separately
300,19,10,false,false,false,false,true,false,false,false,true,1,true,true,physical_support_with_dark_floor_reported_separately
300,19,11,false,false,false,false,true,false,false,false,true,1,true,true,physical_support_with_dark_floor_reported_separately
300,19,12,false,false,false,false,true,false,false,false,true,1,true,true,physical_support_with_dark_floor_reported_separately
300,19,13,false,false,false,false,true,false,false,false,true,1,true,true,physical_support_with_dark_floor_reported_separately
300,19,14,false,false,false,false,true,false,false,false,true,1,true,true,physical_support_with_dark_floor_reported_separately
300,19,15,false,false,false,false,true,false,false,false,true,1,true,true,physical_support_with_dark_floor_reported_separately
300,20,1,false,false,false,false,true,false,true,false,true,2,true,true,physical_support_with_dark_floor_reported_separately
300,20,2,false,false,false,false,true,false,true,false,true,2,true,true,physical_support_with_dark_floor_reported_separately
300,20,3,false,false,false,false,true,false,true,false,true,2,true,true,physical_support_with_dark_floor_reported_separately
300,20,4,false,false,false,false,true,false,true,false,true,2,true,true,physical_support_with_dark_floor_reported_separately
300,20,5,false,false,false,false,true,false,true,false,true,2,true,true,physical_support_with_dark_floor_reported_separately
300,20,6,false,false,false,false,true,false,true,false,true,2,true,true,physical_support_with_dark_floor_reported_separately
300,20,7,false,false,false,false,true,false,true,false,true,2,true,true,physical_support_with_dark_floor_reported_separately
300,20,8,false,false,false,false,true,false,true,false,true,2,true,true,physical_support_with_dark_floor_reported_separately
300,20,9,false,false,false,false,true,false,true,false,true,2,true,true,physical_support_with_dark_floor_reported_separately
300,20,10,false,false,false,false,true,false,true,false,true,2,true,true,physical_support_with_dark_floor_reported_separately
300,20,11,false,false,false,false,true,false,true,false,true,2,true,true,physical_support_with_dark_floor_reported_separately
300,20,12,false,false,false,false,true,false,true,false,true,2,true,true,physical_support_with_dark_floor_reported_separately
300,20,13,false,false,false,false,true,false,true,false,true,2,true,true,physical_support_with_dark_floor_reported_separately
300,20,14,false,false,false,false,true,false,true,false,true,2,true,true,physical_support_with_dark_floor_reported_separately
300,20,15,false,false,false,false,true,false,true,false,true,2,true,true,physical_support_with_dark_floor_reported_separately
300,21,1,false,false,false,false,true,false,false,false,true,1,true,true,physical_support_with_dark_floor_reported_separately
300,21,2,false,false,false,false,true,false,false,false,true,1,true,true,physical_support_with_dark_floor_reported_separately
300,21,3,false,false,false,false,true,false,false,false,true,1,true,true,physical_support_with_dark_floor_reported_separately
300,21,4,false,false,false,false,true,false,false,false,true,1,true,true,physical_support_with_dark_floor_reported_separately
300,21,5,false,false,false,false,true,false,false,false,true,1,true,true,physical_support_with_dark_floor_reported_separately
300,21,6,false,false,false,false,true,false,false,false,true,1,true,true,physical_support_with_dark_floor_reported_separately
300,21,7,false,false,false,false,true,false,false,false,true,1,true,true,physical_support_with_dark_floor_reported_separately
300,21,8,false,false,false,false,true,false,false,false,true,1,true,true,physical_support_with_dark_floor_reported_separately
300,21,9,false,false,false,false,true,false,false,false,true,1,true,true,physical_support_with_dark_floor_reported_separately
300,21,10,false,false,false,false,true,false,false,false,true,1,true,true,physical_support_with_dark_floor_reported_separately
300,21,11,false,false,false,false,true,false,false,false,true,1,true,true,physical_support_with_dark_floor_reported_separately
300,21,12,false,false,false,false,true,false,false,false,true,1,true,true,physical_support_with_dark_floor_reported_separately
300,21,13,false,false,false,false,true,false,false,false,true,1,true,true,physical_support_with_dark_floor_reported_separately
300,21,14,false,false,false,false,true,false,false,false,true,1,true,true,physical_support_with_dark_floor_reported_separately
300,21,15,false,false,false,false,true,false,false,false,true,1,true,true,physical_support_with_dark_floor_reported_separately
300,22,1,false,false,false,false,false,false,false,false,false,0,true,true,physical_support_with_dark_floor_reported_separately
300,22,2,false,false,false,false,false,false,false,false,false,0,true,true,physical_support_with_dark_floor_reported_separately
300,22,3,false,false,false,false,false,false,false,false,false,0,true,true,physical_support_with_dark_floor_reported_separately
300,22,4,false,false,false,false,false,false,false,false,false,0,true,true,physical_support_with_dark_floor_reported_separately
300,22,5,false,false,false,false,false,false,false,false,false,0,true,true,physical_support_with_dark_floor_reported_separately
300,22,6,false,false,false,false,false,false,false,false,false,0,true,true,physical_support_with_dark_floor_reported_separately
300,22,7,false,false,false,false,false,false,false,false,false,0,true,true,physical_support_with_dark_floor_reported_separately
300,22,8,false,false,false,false,false,false,false,false,false,0,true,true,physical_support_with_dark_floor_reported_separately
300,22,9,false,false,false,false,false,false,false,false,false,0,true,true,physical_support_with_dark_floor_reported_separately
300,22,10,false,false,false,false,false,false,false,false,false,0,true,true,physical_support_with_dark_floor_reported_separately
300,22,11,false,false,false,false,false,false,false,false,false,0,true,true,physical_support_with_dark_floor_reported_separately
300,22,12,false,false,false,false,false,false,false,false,false,0,true,true,physical_support_with_dark_floor_reported_separately
300,22,13,false,false,false,false,false,false,false,false,false,0,true,true,physical_support_with_dark_floor_reported_separately
300,22,14,false,false,false,false,false,false,false,false,false,0,true,true,physical_support_with_dark_floor_reported_separately
300,22,15,false,false,false,false,false,false,false,false,false,0,true,true,physical_support_with_dark_floor_reported_separately
300,23,1,false,false,false,false,false,false,true,false,true,1,true,true,physical_support_with_dark_floor_reported_separately
300,23,2,false,false,false,false,false,false,true,false,true,1,true,true,physical_support_with_dark_floor_reported_separately
300,23,3,false,false,false,false,false,false,true,false,true,1,true,true,physical_support_with_dark_floor_reported_separately
300,23,4,false,false,false,false,false,false,true,false,true,1,true,true,physical_support_with_dark_floor_reported_separately
300,23,5,false,false,false,false,false,false,true,false,true,1,true,true,physical_support_with_dark_floor_reported_separately
300,23,6,false,false,false,false,false,false,true,false,true,1,true,true,physical_support_with_dark_floor_reported_separately
300,23,7,false,false,false,false,false,false,true,false,true,1,true,true,physical_support_with_dark_floor_reported_separately
300,23,8,false,false,false,false,false,false,true,false,true,1,true,true,physical_support_with_dark_floor_reported_separately
300,23,9,false,false,false,false,false,false,true,false,true,1,true,true,physical_support_with_dark_floor_reported_separately
300,23,10,false,false,false,false,false,false,true,false,true,1,true,true,physical_support_with_dark_floor_reported_separately
300,23,11,false,false,false,false,false,false,true,false,true,1,true,true,physical_support_with_dark_floor_reported_separately
300,23,12,false,false,false,false,false,false,true,false,true,1,true,true,physical_support_with_dark_floor_reported_separately
300,23,13,false,false,false,false,false,false,true,false,true,1,true,true,physical_support_with_dark_floor_reported_separately
300,23,14,false,false,false,false,false,false,true,false,true,1,true,true,physical_support_with_dark_floor_reported_separately
300,23,15,false,false,false,false,false,false,true,false,true,1,true,true,physical_support_with_dark_floor_reported_separately
300,24,1,false,false,false,false,true,false,true,false,true,2,true,true,physical_support_with_dark_floor_reported_separately
300,24,2,false,false,false,false,true,false,true,false,true,2,true,true,physical_support_with_dark_floor_reported_separately
300,24,3,false,false,false,false,true,false,true,false,true,2,true,true,physical_support_with_dark_floor_reported_separately
300,24,4,false,false,false,false,true,false,true,false,true,2,true,true,physical_support_with_dark_floor_reported_separately
300,24,5,false,false,false,false,true,false,true,false,true,2,true,true,physical_support_with_dark_floor_reported_separately
300,24,6,false,false,false,false,true,false,true,false,true,2,true,true,physical_support_with_dark_floor_reported_separately
300,24,7,false,false,false,false,true,false,true,false,true,2,true,true,physical_support_with_dark_floor_reported_separately
300,24,8,false,false,false,false,true,false,true,false,true,2,true,true,physical_support_with_dark_floor_reported_separately
300,24,9,false,false,false,false,true,false,true,false,true,2,true,true,physical_support_with_dark_floor_reported_separately
300,24,10,false,false,false,false,true,false,true,false,true,2,true,true,physical_support_with_dark_floor_reported_separately
300,24,11,false,false,false,false,true,false,true,false,true,2,true,true,physical_support_with_dark_floor_reported_separately
300,24,12,false,false,false,false,true,false,true,false,true,2,true,true,physical_support_with_dark_floor_reported_separately
300,24,13,false,false,false,false,true,false,true,false,true,2,true,true,physical_support_with_dark_floor_reported_separately
300,24,14,false,false,false,false,true,false,true,false,true,2,true,true,physical_support_with_dark_floor_reported_separately
300,24,15,false,false,false,false,true,false,true,false,true,2,true,true,physical_support_with_dark_floor_reported_separately
300,25,1,false,false,false,false,false,false,false,false,false,0,true,true,physical_support_with_dark_floor_reported_separately
300,25,2,false,false,false,false,false,false,false,false,false,0,true,true,physical_support_with_dark_floor_reported_separately
300,25,3,false,false,false,false,false,false,false,false,false,0,true,true,physical_support_with_dark_floor_reported_separately
300,25,4,false,false,false,false,false,false,false,false,false,0,true,true,physical_support_with_dark_floor_reported_separately
300,25,5,false,false,false,false,false,false,false,false,false,0,true,true,physical_support_with_dark_floor_reported_separately
300,25,6,false,false,false,false,false,false,false,false,false,0,true,true,physical_support_with_dark_floor_reported_separately
300,25,7,false,false,false,false,false,false,false,false,false,0,true,true,physical_support_with_dark_floor_reported_separately
300,25,8,false,false,false,false,false,false,false,false,false,0,true,true,physical_support_with_dark_floor_reported_separately
300,25,9,false,false,false,false,false,false,false,false,false,0,true,true,physical_support_with_dark_floor_reported_separately
300,25,10,false,false,false,false,false,false,false,false,false,0,true,true,physical_support_with_dark_floor_reported_separately
300,25,11,false,false,false,false,false,false,false,false,false,0,true,true,physical_support_with_dark_floor_reported_separately
300,25,12,false,false,false,false,false,false,false,false,false,0,true,true,physical_support_with_dark_floor_reported_separately
300,25,13,false,false,false,false,false,false,false,false,false,0,true,true,physical_support_with_dark_floor_reported_separately
300,25,14,false,false,false,false,false,false,false,false,false,0,true,true,physical_support_with_dark_floor_reported_separately
300,25,15,false,false,false,false,false,false,false,false,false,0,true,true,physical_support_with_dark_floor_reported_separately
300,26,1,false,false,false,false,true,false,true,false,true,2,true,true,physical_support_with_dark_floor_reported_separately
300,26,2,false,false,false,false,true,false,true,false,true,2,true,true,physical_support_with_dark_floor_reported_separately
300,26,3,false,false,false,false,true,false,true,false,true,2,true,true,physical_support_with_dark_floor_reported_separately
300,26,4,false,false,false,false,true,false,true,false,true,2,true,true,physical_support_with_dark_floor_reported_separately
300,26,5,false,false,false,false,true,false,true,false,true,2,true,true,physical_support_with_dark_floor_reported_separately
300,26,6,false,false,false,false,true,false,true,false,true,2,true,true,physical_support_with_dark_floor_reported_separately
300,26,7,false,false,false,false,true,false,true,false,true,2,true,true,physical_support_with_dark_floor_reported_separately
300,26,8,false,false,false,false,true,false,true,false,true,2,true,true,physical_support_with_dark_floor_reported_separately
300,26,9,false,false,false,false,true,false,true,false,true,2,true,true,physical_support_with_dark_floor_reported_separately
300,26,10,false,false,false,false,true,false,true,false,true,2,true,true,physical_support_with_dark_floor_reported_separately
300,26,11,false,false,false,false,true,false,true,false,true,2,true,true,physical_support_with_dark_floor_reported_separately
300,26,12,false,false,false,false,true,false,true,false,true,2,true,true,physical_support_with_dark_floor_reported_separately
300,26,13,false,false,false,false,true,false,true,false,true,2,true,true,physical_support_with_dark_floor_reported_separately
300,26,14,false,false,false,false,true,false,true,false,true,2,true,true,physical_support_with_dark_floor_reported_separately
300,26,15,false,false,false,false,true,false,true,false,true,2,true,true,physical_support_with_dark_floor_reported_separately
300,27,1,false,false,false,false,false,false,false,false,false,0,true,true,physical_support_with_dark_floor_reported_separately
300,27,2,false,false,false,false,false,false,false,false,false,0,true,true,physical_support_with_dark_floor_reported_separately
300,27,3,false,false,false,false,false,false,false,false,false,0,true,true,physical_support_with_dark_floor_reported_separately
300,27,4,false,false,false,false,false,false,false,false,false,0,true,true,physical_support_with_dark_floor_reported_separately
300,27,5,false,false,false,false,false,false,false,false,false,0,true,true,physical_support_with_dark_floor_reported_separately
300,27,6,false,false,false,false,false,false,false,false,false,0,true,true,physical_support_with_dark_floor_reported_separately
300,27,7,false,false,false,false,false,false,false,false,false,0,true,true,physical_support_with_dark_floor_reported_separately
300,27,8,false,false,false,false,false,false,false,false,false,0,true,true,physical_support_with_dark_floor_reported_separately
300,27,9,false,false,false,false,false,false,false,false,false,0,true,true,physical_support_with_dark_floor_reported_separately
300,27,10,false,false,false,false,false,false,false,false,false,0,true,true,physical_support_with_dark_floor_reported_separately
300,27,11,false,false,false,false,false,false,false,false,false,0,true,true,physical_support_with_dark_floor_reported_separately
300,27,12,false,false,false,false,false,false,false,false,false,0,true,true,physical_support_with_dark_floor_reported_separately
300,27,13,false,false,false,false,false,false,false,false,false,0,true,true,physical_support_with_dark_floor_reported_separately
300,27,14,false,false,false,false,false,false,false,false,false,0,true,true,physical_support_with_dark_floor_reported_separately
300,27,15,false,false,false,false,false,false,false,false,false,0,true,true,physical_support_with_dark_floor_reported_separately
300,28,1,false,false,false,false,true,false,true,false,true,2,true,true,physical_support_with_dark_floor_reported_separately
300,28,2,false,false,false,false,true,false,true,false,true,2,true,true,physical_support_with_dark_floor_reported_separately
300,28,3,false,false,false,false,true,false,true,false,true,2,true,true,physical_support_with_dark_floor_reported_separately
300,28,4,false,false,false,false,true,false,true,false,true,2,true,true,physical_support_with_dark_floor_reported_separately
300,28,5,false,false,false,false,true,false,true,false,true,2,true,true,physical_support_with_dark_floor_reported_separately
300,28,6,false,false,false,false,true,false,true,false,true,2,true,true,physical_support_with_dark_floor_reported_separately
300,28,7,false,false,false,false,true,false,true,false,true,2,true,true,physical_support_with_dark_floor_reported_separately
300,28,8,false,false,false,false,true,false,true,false,true,2,true,true,physical_support_with_dark_floor_reported_separately
300,28,9,false,false,false,false,true,false,true,false,true,2,true,true,physical_support_with_dark_floor_reported_separately
300,28,10,false,false,false,false,true,false,true,false,true,2,true,true,physical_support_with_dark_floor_reported_separately
300,28,11,false,false,false,false,true,false,true,false,true,2,true,true,physical_support_with_dark_floor_reported_separately
300,28,12,false,false,false,false,true,false,true,false,true,2,true,true,physical_support_with_dark_floor_reported_separately
300,28,13,false,false,false,false,true,false,true,false,true,2,true,true,physical_support_with_dark_floor_reported_separately
300,28,14,false,false,false,false,true,false,true,false,true,2,true,true,physical_support_with_dark_floor_reported_separately
300,28,15,false,false,false,false,true,false,true,false,true,2,true,true,physical_support_with_dark_floor_reported_separately
300,29,1,false,false,false,false,false,false,true,false,true,1,true,true,physical_support_with_dark_floor_reported_separately
300,29,2,false,false,false,false,false,false,true,false,true,1,true,true,physical_support_with_dark_floor_reported_separately
300,29,3,false,false,false,false,false,false,true,false,true,1,true,true,physical_support_with_dark_floor_reported_separately
300,29,4,false,false,false,false,false,false,true,false,true,1,true,true,physical_support_with_dark_floor_reported_separately
300,29,5,false,false,false,false,false,false,true,false,true,1,true,true,physical_support_with_dark_floor_reported_separately
300,29,6,false,false,false,false,false,false,true,false,true,1,true,true,physical_support_with_dark_floor_reported_separately
300,29,7,false,false,false,false,false,false,true,false,true,1,true,true,physical_support_with_dark_floor_reported_separately
300,29,8,false,false,false,false,false,false,true,false,true,1,true,true,physical_support_with_dark_floor_reported_separately
300,29,9,false,false,false,false,false,false,true,false,true,1,true,true,physical_support_with_dark_floor_reported_separately
300,29,10,false,false,false,false,false,false,true,false,true,1,true,true,physical_support_with_dark_floor_reported_separately
300,29,11,false,false,false,false,false,false,true,false,true,1,true,true,physical_support_with_dark_floor_reported_separately
300,29,12,false,false,false,false,false,false,true,false,true,1,true,true,physical_support_with_dark_floor_reported_separately
300,29,13,false,false,false,false,false,false,true,false,true,1,true,true,physical_support_with_dark_floor_reported_separately
300,29,14,false,false,false,false,false,false,true,false,true,1,true,true,physical_support_with_dark_floor_reported_separately
300,29,15,false,false,false,false,false,false,true,false,true,1,true,true,physical_support_with_dark_floor_reported_separately
300,30,1,false,false,false,false,false,false,true,false,true,1,true,true,physical_support_with_dark_floor_reported_separately
300,30,2,false,false,false,false,false,false,true,false,true,1,true,true,physical_support_with_dark_floor_reported_separately
300,30,3,false,false,false,false,false,false,true,false,true,1,true,true,physical_support_with_dark_floor_reported_separately
300,30,4,false,false,false,false,false,false,true,false,true,1,true,true,physical_support_with_dark_floor_reported_separately
300,30,5,false,false,false,false,false,false,true,false,true,1,true,true,physical_support_with_dark_floor_reported_separately
300,30,6,false,false,false,false,false,false,true,false,true,1,true,true,physical_support_with_dark_floor_reported_separately
300,30,7,false,false,false,false,false,false,true,false,true,1,true,true,physical_support_with_dark_floor_reported_separately
300,30,8,false,false,false,false,false,false,true,false,true,1,true,true,physical_support_with_dark_floor_reported_separately
300,30,9,false,false,false,false,false,false,true,false,true,1,true,true,physical_support_with_dark_floor_reported_separately
300,30,10,false,false,false,false,false,false,true,false,true,1,true,true,physical_support_with_dark_floor_reported_separately
300,30,11,false,false,false,false,false,false,true,false,true,1,true,true,physical_support_with_dark_floor_reported_separately
300,30,12,false,false,false,false,false,false,true,false,true,1,true,true,physical_support_with_dark_floor_reported_separately
300,30,13,false,false,false,false,false,false,true,false,true,1,true,true,physical_support_with_dark_floor_reported_separately
300,30,14,false,false,false,false,false,false,true,false,true,1,true,true,physical_support_with_dark_floor_reported_separately
300,30,15,false,false,false,false,false,false,true,false,true,1,true,true,physical_support_with_dark_floor_reported_separately
300,31,1,false,false,false,false,false,false,true,false,true,1,true,true,physical_support_with_dark_floor_reported_separately
300,31,2,false,false,false,false,false,false,true,false,true,1,true,true,physical_support_with_dark_floor_reported_separately
300,31,3,false,false,false,false,false,false,true,false,true,1,true,true,physical_support_with_dark_floor_reported_separately
300,31,4,false,false,false,false,false,false,true,false,true,1,true,true,physical_support_with_dark_floor_reported_separately
300,31,5,false,false,false,false,false,false,true,false,true,1,true,true,physical_support_with_dark_floor_reported_separately
300,31,6,false,false,false,false,false,false,true,false,true,1,true,true,physical_support_with_dark_floor_reported_separately
300,31,7,false,false,false,false,false,false,true,false,true,1,true,true,physical_support_with_dark_floor_reported_separately
300,31,8,false,false,false,false,false,false,true,false,true,1,true,true,physical_support_with_dark_floor_reported_separately
300,31,9,false,false,false,false,false,false,true,false,true,1,true,true,physical_support_with_dark_floor_reported_separately
300,31,10,false,false,false,false,false,false,true,false,true,1,true,true,physical_support_with_dark_floor_reported_separately
300,31,11,false,false,false,false,false,false,true,false,true,1,true,true,physical_support_with_dark_floor_reported_separately
300,31,12,false,false,false,false,false,false,true,false,true,1,true,true,physical_support_with_dark_floor_reported_separately
300,31,13,false,false,false,false,false,false,true,false,true,1,true,true,physical_support_with_dark_floor_reported_separately
300,31,14,false,false,false,false,false,false,true,false,true,1,true,true,physical_support_with_dark_floor_reported_separately
300,31,15,false,false,false,false,false,false,true,false,true,1,true,true,physical_support_with_dark_floor_reported_separately
300,32,1,false,false,false,false,false,false,true,false,true,1,true,true,physical_support_with_dark_floor_reported_separately
300,32,2,false,false,false,false,false,false,true,false,true,1,true,true,physical_support_with_dark_floor_reported_separately
300,32,3,false,false,false,false,false,false,true,false,true,1,true,true,physical_support_with_dark_floor_reported_separately
300,32,4,false,false,false,false,false,false,true,false,true,1,true,true,physical_support_with_dark_floor_reported_separately
300,32,5,false,false,false,false,false,false,true,false,true,1,true,true,physical_support_with_dark_floor_reported_separately
300,32,6,false,false,false,false,false,false,true,false,true,1,true,true,physical_support_with_dark_floor_reported_separately
300,32,7,false,false,false,false,false,false,true,false,true,1,true,true,physical_support_with_dark_floor_reported_separately
300,32,8,false,false,false,false,false,false,true,false,true,1,true,true,physical_support_with_dark_floor_reported_separately
300,32,9,false,false,false,false,false,false,true,false,true,1,true,true,physical_support_with_dark_floor_reported_separately
300,32,10,false,false,false,false,false,false,true,false,true,1,true,true,physical_support_with_dark_floor_reported_separately
300,32,11,false,false,false,false,false,false,true,false,true,1,true,true,physical_support_with_dark_floor_reported_separately
300,32,12,false,false,false,false,false,false,true,false,true,1,true,true,physical_support_with_dark_floor_reported_separately
300,32,13,false,false,false,false,false,false,true,false,true,1,true,true,physical_support_with_dark_floor_reported_separately
300,32,14,false,false,false,false,false,false,true,false,true,1,true,true,physical_support_with_dark_floor_reported_separately
300,32,15,false,false,false,false,false,false,true,false,true,1,true,true,physical_support_with_dark_floor_reported_separately
300,33,1,false,false,false,false,true,false,true,false,true,2,true,true,physical_support_with_dark_floor_reported_separately
300,33,2,false,false,false,false,true,false,true,false,true,2,true,true,physical_support_with_dark_floor_reported_separately
300,33,3,false,false,false,false,true,false,true,false,true,2,true,true,physical_support_with_dark_floor_reported_separately
300,33,4,false,false,false,false,true,false,true,false,true,2,true,true,physical_support_with_dark_floor_reported_separately
300,33,5,false,false,false,false,true,false,true,false,true,2,true,true,physical_support_with_dark_floor_reported_separately
300,33,6,false,false,false,false,true,false,true,false,true,2,true,true,physical_support_with_dark_floor_reported_separately
300,33,7,false,false,false,false,true,false,true,false,true,2,true,true,physical_support_with_dark_floor_reported_separately
300,33,8,false,false,false,false,true,false,true,false,true,2,true,true,physical_support_with_dark_floor_reported_separately
300,33,9,false,false,false,false,true,false,true,false,true,2,true,true,physical_support_with_dark_floor_reported_separately
300,33,10,false,false,false,false,true,false,true,false,true,2,true,true,physical_support_with_dark_floor_reported_separately
300,33,11,false,false,false,false,true,false,true,false,true,2,true,true,physical_support_with_dark_floor_reported_separately
300,33,12,false,false,false,false,true,false,true,false,true,2,true,true,physical_support_with_dark_floor_reported_separately
300,33,13,false,false,false,false,true,false,true,false,true,2,true,true,physical_support_with_dark_floor_reported_separately
300,33,14,false,false,false,false,true,false,true,false,true,2,true,true,physical_support_with_dark_floor_reported_separately
300,33,15,false,false,false,false,true,false,true,false,true,2,true,true,physical_support_with_dark_floor_reported_separately
300,34,1,false,false,false,false,false,false,true,false,true,1,true,true,physical_support_with_dark_floor_reported_separately
300,34,2,false,false,false,false,false,false,true,false,true,1,true,true,physical_support_with_dark_floor_reported_separately
300,34,3,false,false,false,false,false,false,true,false,true,1,true,true,physical_support_with_dark_floor_reported_separately
300,34,4,false,false,false,false,false,false,true,false,true,1,true,true,physical_support_with_dark_floor_reported_separately
300,34,5,false,false,false,false,false,false,true,false,true,1,true,true,physical_support_with_dark_floor_reported_separately
300,34,6,false,false,false,false,false,false,true,false,true,1,true,true,physical_support_with_dark_floor_reported_separately
300,34,7,false,false,false,false,false,false,true,false,true,1,true,true,physical_support_with_dark_floor_reported_separately
300,34,8,false,false,false,false,false,false,true,false,true,1,true,true,physical_support_with_dark_floor_reported_separately
300,34,9,false,false,false,false,false,false,true,false,true,1,true,true,physical_support_with_dark_floor_reported_separately
300,34,10,false,false,false,false,false,false,true,false,true,1,true,true,physical_support_with_dark_floor_reported_separately
300,34,11,false,false,false,false,false,false,true,false,true,1,true,true,physical_support_with_dark_floor_reported_separately
300,34,12,false,false,false,false,false,false,true,false,true,1,true,true,physical_support_with_dark_floor_reported_separately
300,34,13,false,false,false,false,false,false,true,false,true,1,true,true,physical_support_with_dark_floor_reported_separately
300,34,14,false,false,false,false,false,false,true,false,true,1,true,true,physical_support_with_dark_floor_reported_separately
300,34,15,false,false,false,false,false,false,true,false,true,1,true,true,physical_support_with_dark_floor_reported_separately
300,35,1,false,false,false,false,false,false,false,false,false,0,true,true,physical_support_with_dark_floor_reported_separately
300,35,2,false,false,false,false,false,false,false,false,false,0,true,true,physical_support_with_dark_floor_reported_separately
300,35,3,false,false,false,false,false,false,false,false,false,0,true,true,physical_support_with_dark_floor_reported_separately
300,35,4,false,false,false,false,false,false,false,false,false,0,true,true,physical_support_with_dark_floor_reported_separately
300,35,5,false,false,false,false,false,false,false,false,false,0,true,true,physical_support_with_dark_floor_reported_separately
300,35,6,false,false,false,false,false,false,false,false,false,0,true,true,physical_support_with_dark_floor_reported_separately
300,35,7,false,false,false,false,false,false,false,false,false,0,true,true,physical_support_with_dark_floor_reported_separately
300,35,8,false,false,false,false,false,false,false,false,false,0,true,true,physical_support_with_dark_floor_reported_separately
300,35,9,false,false,false,false,false,false,false,false,false,0,true,true,physical_support_with_dark_floor_reported_separately
300,35,10,false,false,false,false,false,false,false,false,false,0,true,true,physical_support_with_dark_floor_reported_separately
300,35,11,false,false,false,false,false,false,false,false,false,0,true,true,physical_support_with_dark_floor_reported_separately
300,35,12,false,false,false,false,false,false,false,false,false,0,true,true,physical_support_with_dark_floor_reported_separately
300,35,13,false,false,false,false,false,false,false,false,false,0,true,true,physical_support_with_dark_floor_reported_separately
300,35,14,false,false,false,false,false,false,false,false,false,0,true,true,physical_support_with_dark_floor_reported_separately
300,35,15,false,false,false,false,false,false,false,false,false,0,true,true,physical_support_with_dark_floor_reported_separately
300,36,1,false,false,false,false,true,false,false,false,true,1,true,true,physical_support_with_dark_floor_reported_separately
300,36,2,false,false,false,false,true,false,false,false,true,1,true,true,physical_support_with_dark_floor_reported_separately
300,36,3,false,false,false,false,true,false,false,false,true,1,true,true,physical_support_with_dark_floor_reported_separately
300,36,4,false,false,false,false,true,false,false,false,true,1,true,true,physical_support_with_dark_floor_reported_separately
300,36,5,false,false,false,false,true,false,false,false,true,1,true,true,physical_support_with_dark_floor_reported_separately
300,36,6,false,false,false,false,true,false,false,false,true,1,true,true,physical_support_with_dark_floor_reported_separately
300,36,7,false,false,false,false,true,false,false,false,true,1,true,true,physical_support_with_dark_floor_reported_separately
300,36,8,false,false,false,false,true,false,false,false,true,1,true,true,physical_support_with_dark_floor_reported_separately
300,36,9,false,false,false,false,true,false,false,false,true,1,true,true,physical_support_with_dark_floor_reported_separately
300,36,10,false,false,false,false,true,false,false,false,true,1,true,true,physical_support_with_dark_floor_reported_separately
300,36,11,false,false,false,false,true,false,false,false,true,1,true,true,physical_support_with_dark_floor_reported_separately
300,36,12,false,false,false,false,true,false,false,false,true,1,true,true,physical_support_with_dark_floor_reported_separately
300,36,13,false,false,false,false,true,false,false,false,true,1,true,true,physical_support_with_dark_floor_reported_separately
300,36,14,false,false,false,false,true,false,false,false,true,1,true,true,physical_support_with_dark_floor_reported_separately
300,36,15,false,false,false,false,true,false,false,false,true,1,true,true,physical_support_with_dark_floor_reported_separately
300,37,1,false,false,false,false,false,false,false,false,false,0,true,true,physical_support_with_dark_floor_reported_separately
300,37,2,false,false,false,false,false,false,false,false,false,0,true,true,physical_support_with_dark_floor_reported_separately
300,37,3,false,false,false,false,false,false,false,false,false,0,true,true,physical_support_with_dark_floor_reported_separately
300,37,4,false,false,false,false,false,false,false,false,false,0,true,true,physical_support_with_dark_floor_reported_separately
300,37,5,false,false,false,false,false,false,false,false,false,0,true,true,physical_support_with_dark_floor_reported_separately
300,37,6,false,false,false,false,false,false,false,false,false,0,true,true,physical_support_with_dark_floor_reported_separately
300,37,7,false,false,false,false,false,false,false,false,false,0,true,true,physical_support_with_dark_floor_reported_separately
300,37,8,false,false,false,false,false,false,false,false,false,0,true,true,physical_support_with_dark_floor_reported_separately
300,37,9,false,false,false,false,false,false,false,false,false,0,true,true,physical_support_with_dark_floor_reported_separately
300,37,10,false,false,false,false,false,false,false,false,false,0,true,true,physical_support_with_dark_floor_reported_separately
300,37,11,false,false,false,false,false,false,false,false,false,0,true,true,physical_support_with_dark_floor_reported_separately
300,37,12,false,false,false,false,false,false,false,false,false,0,true,true,physical_support_with_dark_floor_reported_separately
300,37,13,false,false,false,false,false,false,false,false,false,0,true,true,physical_support_with_dark_floor_reported_separately
300,37,14,false,false,false,false,false,false,false,false,false,0,true,true,physical_support_with_dark_floor_reported_separately
300,37,15,false,false,false,false,false,false,false,false,false,0,true,true,physical_support_with_dark_floor_reported_separately
300,38,1,false,false,false,false,true,false,true,false,true,2,true,true,physical_support_with_dark_floor_reported_separately
300,38,2,false,false,false,false,true,false,true,false,true,2,true,true,physical_support_with_dark_floor_reported_separately
300,38,3,false,false,false,false,true,false,true,false,true,2,true,true,physical_support_with_dark_floor_reported_separately
300,38,4,false,false,false,false,true,false,true,false,true,2,true,true,physical_support_with_dark_floor_reported_separately
300,38,5,false,false,false,false,true,false,true,false,true,2,true,true,physical_support_with_dark_floor_reported_separately
300,38,6,false,false,false,false,true,false,true,false,true,2,true,true,physical_support_with_dark_floor_reported_separately
300,38,7,false,false,false,false,true,false,true,false,true,2,true,true,physical_support_with_dark_floor_reported_separately
300,38,8,false,false,false,false,true,false,true,false,true,2,true,true,physical_support_with_dark_floor_reported_separately
300,38,9,false,false,false,false,true,false,true,false,true,2,true,true,physical_support_with_dark_floor_reported_separately
300,38,10,false,false,false,false,true,false,true,false,true,2,true,true,physical_support_with_dark_floor_reported_separately
300,38,11,false,false,false,false,true,false,true,false,true,2,true,true,physical_support_with_dark_floor_reported_separately
300,38,12,false,false,false,false,true,false,true,false,true,2,true,true,physical_support_with_dark_floor_reported_separately
300,38,13,false,false,false,false,true,false,true,false,true,2,true,true,physical_support_with_dark_floor_reported_separately
300,38,14,false,false,false,false,true,false,true,false,true,2,true,true,physical_support_with_dark_floor_reported_separately
300,38,15,false,false,false,false,true,false,true,false,true,2,true,true,physical_support_with_dark_floor_reported_separately
300,39,1,false,false,false,false,false,false,true,false,true,1,true,true,physical_support_with_dark_floor_reported_separately
300,39,2,false,false,false,false,false,false,true,false,true,1,true,true,physical_support_with_dark_floor_reported_separately
300,39,3,false,false,false,false,false,false,true,false,true,1,true,true,physical_support_with_dark_floor_reported_separately
300,39,4,false,false,false,false,false,false,true,false,true,1,true,true,physical_support_with_dark_floor_reported_separately
300,39,5,false,false,false,false,false,false,true,false,true,1,true,true,physical_support_with_dark_floor_reported_separately
300,39,6,false,false,false,false,false,false,true,false,true,1,true,true,physical_support_with_dark_floor_reported_separately
300,39,7,false,false,false,false,false,false,true,false,true,1,true,true,physical_support_with_dark_floor_reported_separately
300,39,8,false,false,false,false,false,false,true,false,true,1,true,true,physical_support_with_dark_floor_reported_separately
300,39,9,false,false,false,false,false,false,true,false,true,1,true,true,physical_support_with_dark_floor_reported_separately
300,39,10,false,false,false,false,false,false,true,false,true,1,true,true,physical_support_with_dark_floor_reported_separately
300,39,11,false,false,false,false,false,false,true,false,true,1,true,true,physical_support_with_dark_floor_reported_separately
300,39,12,false,false,false,false,false,false,true,false,true,1,true,true,physical_support_with_dark_floor_reported_separately
300,39,13,false,false,false,false,false,false,true,false,true,1,true,true,physical_support_with_dark_floor_reported_separately
300,39,14,false,false,false,false,false,false,true,false,true,1,true,true,physical_support_with_dark_floor_reported_separately
300,39,15,false,false,false,false,false,false,true,false,true,1,true,true,physical_support_with_dark_floor_reported_separately
300,40,1,false,false,false,false,false,false,false,false,false,0,true,true,physical_support_with_dark_floor_reported_separately
300,40,2,false,false,false,false,false,false,false,false,false,0,true,true,physical_support_with_dark_floor_reported_separately
300,40,3,false,false,false,false,false,false,false,false,false,0,true,true,physical_support_with_dark_floor_reported_separately
300,40,4,false,false,false,false,false,false,false,false,false,0,true,true,physical_support_with_dark_floor_reported_separately
300,40,5,false,false,false,false,false,false,false,false,false,0,true,true,physical_support_with_dark_floor_reported_separately
300,40,6,false,false,false,false,false,false,false,false,false,0,true,true,physical_support_with_dark_floor_reported_separately
300,40,7,false,false,false,false,false,false,false,false,false,0,true,true,physical_support_with_dark_floor_reported_separately
300,40,8,false,false,false,false,false,false,false,false,false,0,true,true,physical_support_with_dark_floor_reported_separately
300,40,9,false,false,false,false,false,false,false,false,false,0,true,true,physical_support_with_dark_floor_reported_separately
300,40,10,false,false,false,false,false,false,false,false,false,0,true,true,physical_support_with_dark_floor_reported_separately
300,40,11,false,false,false,false,false,false,false,false,false,0,true,true,physical_support_with_dark_floor_reported_separately
300,40,12,false,false,false,false,false,false,false,false,false,0,true,true,physical_support_with_dark_floor_reported_separately
300,40,13,false,false,false,false,false,false,false,false,false,0,true,true,physical_support_with_dark_floor_reported_separately
300,40,14,false,false,false,false,false,false,false,false,false,0,true,true,physical_support_with_dark_floor_reported_separately
300,40,15,false,false,false,false,false,false,false,false,false,0,true,true,physical_support_with_dark_floor_reported_separately
300,41,1,false,false,false,false,true,false,false,false,true,1,true,true,physical_support_with_dark_floor_reported_separately
300,41,2,false,false,false,false,true,false,false,false,true,1,true,true,physical_support_with_dark_floor_reported_separately
300,41,3,false,false,false,false,true,false,false,false,true,1,true,true,physical_support_with_dark_floor_reported_separately
300,41,4,false,false,false,false,true,false,false,false,true,1,true,true,physical_support_with_dark_floor_reported_separately
300,41,5,false,false,false,false,true,false,false,false,true,1,true,true,physical_support_with_dark_floor_reported_separately
300,41,6,false,false,false,false,true,false,false,false,true,1,true,true,physical_support_with_dark_floor_reported_separately
300,41,7,false,false,false,false,true,false,false,false,true,1,true,true,physical_support_with_dark_floor_reported_separately
300,41,8,false,false,false,false,true,false,false,false,true,1,true,true,physical_support_with_dark_floor_reported_separately
300,41,9,false,false,false,false,true,false,false,false,true,1,true,true,physical_support_with_dark_floor_reported_separately
300,41,10,false,false,false,false,true,false,false,false,true,1,true,true,physical_support_with_dark_floor_reported_separately
300,41,11,false,false,false,false,true,false,false,false,true,1,true,true,physical_support_with_dark_floor_reported_separately
300,41,12,false,false,false,false,true,false,false,false,true,1,true,true,physical_support_with_dark_floor_reported_separately
300,41,13,false,false,false,false,true,false,false,false,true,1,true,true,physical_support_with_dark_floor_reported_separately
300,41,14,false,false,false,false,true,false,false,false,true,1,true,true,physical_support_with_dark_floor_reported_separately
300,41,15,false,false,false,false,true,false,false,false,true,1,true,true,physical_support_with_dark_floor_reported_separately
300,42,1,false,false,false,false,false,false,false,false,false,0,true,true,physical_support_with_dark_floor_reported_separately
300,42,2,false,false,false,false,false,false,false,false,false,0,true,true,physical_support_with_dark_floor_reported_separately
300,42,3,false,false,false,false,false,false,false,false,false,0,true,true,physical_support_with_dark_floor_reported_separately
300,42,4,false,false,false,false,false,false,false,false,false,0,true,true,physical_support_with_dark_floor_reported_separately
300,42,5,false,false,false,false,false,false,false,false,false,0,true,true,physical_support_with_dark_floor_reported_separately
300,42,6,false,false,false,false,false,false,false,false,false,0,true,true,physical_support_with_dark_floor_reported_separately
300,42,7,false,false,false,false,false,false,false,false,false,0,true,true,physical_support_with_dark_floor_reported_separately
300,42,8,false,false,false,false,false,false,false,false,false,0,true,true,physical_support_with_dark_floor_reported_separately
300,42,9,false,false,false,false,false,false,false,false,false,0,true,true,physical_support_with_dark_floor_reported_separately
300,42,10,false,false,false,false,false,false,false,false,false,0,true,true,physical_support_with_dark_floor_reported_separately
300,42,11,false,false,false,false,false,false,false,false,false,0,true,true,physical_support_with_dark_floor_reported_separately
300,42,12,false,false,false,false,false,false,false,false,false,0,true,true,physical_support_with_dark_floor_reported_separately
300,42,13,false,false,false,false,false,false,false,false,false,0,true,true,physical_support_with_dark_floor_reported_separately
300,42,14,false,false,false,false,false,false,false,false,false,0,true,true,physical_support_with_dark_floor_reported_separately
300,42,15,false,false,false,false,false,false,false,false,false,0,true,true,physical_support_with_dark_floor_reported_separately
300,43,1,false,false,false,false,true,false,false,false,true,1,true,true,physical_support_with_dark_floor_reported_separately
300,43,2,false,false,false,false,true,false,false,false,true,1,true,true,physical_support_with_dark_floor_reported_separately
300,43,3,false,false,false,false,true,false,false,false,true,1,true,true,physical_support_with_dark_floor_reported_separately
300,43,4,false,false,false,false,true,false,false,false,true,1,true,true,physical_support_with_dark_floor_reported_separately
300,43,5,false,false,false,false,true,false,false,false,true,1,true,true,physical_support_with_dark_floor_reported_separately
300,43,6,false,false,false,false,true,false,false,false,true,1,true,true,physical_support_with_dark_floor_reported_separately
300,43,7,false,false,false,false,true,false,false,false,true,1,true,true,physical_support_with_dark_floor_reported_separately
300,43,8,false,false,false,false,true,false,false,false,true,1,true,true,physical_support_with_dark_floor_reported_separately
300,43,9,false,false,false,false,true,false,false,false,true,1,true,true,physical_support_with_dark_floor_reported_separately
300,43,10,false,false,false,false,true,false,false,false,true,1,true,true,physical_support_with_dark_floor_reported_separately
300,43,11,false,false,false,false,true,false,false,false,true,1,true,true,physical_support_with_dark_floor_reported_separately
300,43,12,false,false,false,false,true,false,false,false,true,1,true,true,physical_support_with_dark_floor_reported_separately
300,43,13,false,false,false,false,true,false,false,false,true,1,true,true,physical_support_with_dark_floor_reported_separately
300,43,14,false,false,false,false,true,false,false,false,true,1,true,true,physical_support_with_dark_floor_reported_separately
300,43,15,false,false,false,false,true,false,false,false,true,1,true,true,physical_support_with_dark_floor_reported_separately
300,44,1,false,false,false,false,true,false,false,false,true,1,true,true,physical_support_with_dark_floor_reported_separately
300,44,2,false,false,false,false,true,false,false,false,true,1,true,true,physical_support_with_dark_floor_reported_separately
300,44,3,false,false,false,false,true,false,false,false,true,1,true,true,physical_support_with_dark_floor_reported_separately
300,44,4,false,false,false,false,true,false,false,false,true,1,true,true,physical_support_with_dark_floor_reported_separately
300,44,5,false,false,false,false,true,false,false,false,true,1,true,true,physical_support_with_dark_floor_reported_separately
300,44,6,false,false,false,false,true,false,false,false,true,1,true,true,physical_support_with_dark_floor_reported_separately
300,44,7,false,false,false,false,true,false,false,false,true,1,true,true,physical_support_with_dark_floor_reported_separately
300,44,8,false,false,false,false,true,false,false,false,true,1,true,true,physical_support_with_dark_floor_reported_separately
300,44,9,false,false,false,false,true,false,false,false,true,1,true,true,physical_support_with_dark_floor_reported_separately
300,44,10,false,false,false,false,true,false,false,false,true,1,true,true,physical_support_with_dark_floor_reported_separately
300,44,11,false,false,false,false,true,false,false,false,true,1,true,true,physical_support_with_dark_floor_reported_separately
300,44,12,false,false,false,false,true,false,false,false,true,1,true,true,physical_support_with_dark_floor_reported_separately
300,44,13,false,false,false,false,true,false,false,false,true,1,true,true,physical_support_with_dark_floor_reported_separately
300,44,14,false,false,false,false,true,false,false,false,true,1,true,true,physical_support_with_dark_floor_reported_separately
300,44,15,false,false,false,false,true,false,false,false,true,1,true,true,physical_support_with_dark_floor_reported_separately
300,45,1,false,false,false,false,false,false,false,false,false,0,true,true,physical_support_with_dark_floor_reported_separately
300,45,2,false,false,false,false,false,false,false,false,false,0,true,true,physical_support_with_dark_floor_reported_separately
300,45,3,false,false,false,false,false,false,false,false,false,0,true,true,physical_support_with_dark_floor_reported_separately
300,45,4,false,false,false,false,false,false,false,false,false,0,true,true,physical_support_with_dark_floor_reported_separately
300,45,5,false,false,false,false,false,false,false,false,false,0,true,true,physical_support_with_dark_floor_reported_separately
300,45,6,false,false,false,false,false,false,false,false,false,0,true,true,physical_support_with_dark_floor_reported_separately
300,45,7,false,false,false,false,false,false,false,false,false,0,true,true,physical_support_with_dark_floor_reported_separately
300,45,8,false,false,false,false,false,false,false,false,false,0,true,true,physical_support_with_dark_floor_reported_separately
300,45,9,false,false,false,false,false,false,false,false,false,0,true,true,physical_support_with_dark_floor_reported_separately
300,45,10,false,false,false,false,false,false,false,false,false,0,true,true,physical_support_with_dark_floor_reported_separately
300,45,11,false,false,false,false,false,false,false,false,false,0,true,true,physical_support_with_dark_floor_reported_separately
300,45,12,false,false,false,false,false,false,false,false,false,0,true,true,physical_support_with_dark_floor_reported_separately
300,45,13,false,false,false,false,false,false,false,false,false,0,true,true,physical_support_with_dark_floor_reported_separately
300,45,14,false,false,false,false,false,false,false,false,false,0,true,true,physical_support_with_dark_floor_reported_separately
300,45,15,false,false,false,false,false,false,false,false,false,0,true,true,physical_support_with_dark_floor_reported_separately
300,46,1,false,false,false,false,true,false,true,false,true,2,true,true,physical_support_with_dark_floor_reported_separately
300,46,2,false,false,false,false,true,false,true,false,true,2,true,true,physical_support_with_dark_floor_reported_separately
300,46,3,false,false,false,false,true,false,true,false,true,2,true,true,physical_support_with_dark_floor_reported_separately
300,46,4,false,false,false,false,true,false,true,false,true,2,true,true,physical_support_with_dark_floor_reported_separately
300,46,5,false,false,false,false,true,false,true,false,true,2,true,true,physical_support_with_dark_floor_reported_separately
300,46,6,false,false,false,false,true,false,true,false,true,2,true,true,physical_support_with_dark_floor_reported_separately
300,46,7,false,false,false,false,true,false,true,false,true,2,true,true,physical_support_with_dark_floor_reported_separately
300,46,8,false,false,false,false,true,false,true,false,true,2,true,true,physical_support_with_dark_floor_reported_separately
300,46,9,false,false,false,false,true,false,true,false,true,2,true,true,physical_support_with_dark_floor_reported_separately
300,46,10,false,false,false,false,true,false,true,false,true,2,true,true,physical_support_with_dark_floor_reported_separately
300,46,11,false,false,false,false,true,false,true,false,true,2,true,true,physical_support_with_dark_floor_reported_separately
300,46,12,false,false,false,false,true,false,true,false,true,2,true,true,physical_support_with_dark_floor_reported_separately
300,46,13,false,false,false,false,true,false,true,false,true,2,true,true,physical_support_with_dark_floor_reported_separately
300,46,14,false,false,false,false,true,false,true,false,true,2,true,true,physical_support_with_dark_floor_reported_separately
300,46,15,false,false,false,false,true,false,true,false,true,2,true,true,physical_support_with_dark_floor_reported_separately
300,47,1,false,false,false,false,false,false,false,false,false,0,true,true,physical_support_with_dark_floor_reported_separately
300,47,2,false,false,false,false,false,false,false,false,false,0,true,true,physical_support_with_dark_floor_reported_separately
300,47,3,false,false,false,false,false,false,false,false,false,0,true,true,physical_support_with_dark_floor_reported_separately
300,47,4,false,false,false,false,false,false,false,false,false,0,true,true,physical_support_with_dark_floor_reported_separately
300,47,5,false,false,false,false,false,false,false,false,false,0,true,true,physical_support_with_dark_floor_reported_separately
300,47,6,false,false,false,false,false,false,false,false,false,0,true,true,physical_support_with_dark_floor_reported_separately
300,47,7,false,false,false,false,false,false,false,false,false,0,true,true,physical_support_with_dark_floor_reported_separately
300,47,8,false,false,false,false,false,false,false,false,false,0,true,true,physical_support_with_dark_floor_reported_separately
300,47,9,false,false,false,false,false,false,false,false,false,0,true,true,physical_support_with_dark_floor_reported_separately
300,47,10,false,false,false,false,false,false,false,false,false,0,true,true,physical_support_with_dark_floor_reported_separately
300,47,11,false,false,false,false,false,false,false,false,false,0,true,true,physical_support_with_dark_floor_reported_separately
300,47,12,false,false,false,false,false,false,false,false,false,0,true,true,physical_support_with_dark_floor_reported_separately
300,47,13,false,false,false,false,false,false,false,false,false,0,true,true,physical_support_with_dark_floor_reported_separately
300,47,14,false,false,false,false,false,false,false,false,false,0,true,true,physical_support_with_dark_floor_reported_separately
300,47,15,false,false,false,false,false,false,false,false,false,0,true,true,physical_support_with_dark_floor_reported_separately
300,48,1,false,false,false,false,true,false,true,false,true,2,true,true,physical_support_with_dark_floor_reported_separately
300,48,2,false,false,false,false,true,false,true,false,true,2,true,true,physical_support_with_dark_floor_reported_separately
300,48,3,false,false,false,false,true,false,true,false,true,2,true,true,physical_support_with_dark_floor_reported_separately
300,48,4,false,false,false,false,true,false,true,false,true,2,true,true,physical_support_with_dark_floor_reported_separately
300,48,5,false,false,false,false,true,false,true,false,true,2,true,true,physical_support_with_dark_floor_reported_separately
300,48,6,false,false,false,false,true,false,true,false,true,2,true,true,physical_support_with_dark_floor_reported_separately
300,48,7,false,false,false,false,true,false,true,false,true,2,true,true,physical_support_with_dark_floor_reported_separately
300,48,8,false,false,false,false,true,false,true,false,true,2,true,true,physical_support_with_dark_floor_reported_separately
300,48,9,false,false,false,false,true,false,true,false,true,2,true,true,physical_support_with_dark_floor_reported_separately
300,48,10,false,false,false,false,true,false,true,false,true,2,true,true,physical_support_with_dark_floor_reported_separately
300,48,11,false,false,false,false,true,false,true,false,true,2,true,true,physical_support_with_dark_floor_reported_separately
300,48,12,false,false,false,false,true,false,true,false,true,2,true,true,physical_support_with_dark_floor_reported_separately
300,48,13,false,false,false,false,true,false,true,false,true,2,true,true,physical_support_with_dark_floor_reported_separately
300,48,14,false,false,false,false,true,false,true,false,true,2,true,true,physical_support_with_dark_floor_reported_separately
300,48,15,false,false,false,false,true,false,true,false,true,2,true,true,physical_support_with_dark_floor_reported_separately
300,49,1,false,false,false,false,false,false,true,false,true,1,true,true,physical_support_with_dark_floor_reported_separately
300,49,2,false,false,false,false,false,false,true,false,true,1,true,true,physical_support_with_dark_floor_reported_separately
300,49,3,false,false,false,false,false,false,true,false,true,1,true,true,physical_support_with_dark_floor_reported_separately
300,49,4,false,false,false,false,false,false,true,false,true,1,true,true,physical_support_with_dark_floor_reported_separately
300,49,5,false,false,false,false,false,false,true,false,true,1,true,true,physical_support_with_dark_floor_reported_separately
300,49,6,false,false,false,false,false,false,true,false,true,1,true,true,physical_support_with_dark_floor_reported_separately
300,49,7,false,false,false,false,false,false,true,false,true,1,true,true,physical_support_with_dark_floor_reported_separately
300,49,8,false,false,false,false,false,false,true,false,true,1,true,true,physical_support_with_dark_floor_reported_separately
300,49,9,false,false,false,false,false,false,true,false,true,1,true,true,physical_support_with_dark_floor_reported_separately
300,49,10,false,false,false,false,false,false,true,false,true,1,true,true,physical_support_with_dark_floor_reported_separately
300,49,11,false,false,false,false,false,false,true,false,true,1,true,true,physical_support_with_dark_floor_reported_separately
300,49,12,false,false,false,false,false,false,true,false,true,1,true,true,physical_support_with_dark_floor_reported_separately
300,49,13,false,false,false,false,false,false,true,false,true,1,true,true,physical_support_with_dark_floor_reported_separately
300,49,14,false,false,false,false,false,false,true,false,true,1,true,true,physical_support_with_dark_floor_reported_separately
300,49,15,false,false,false,false,false,false,true,false,true,1,true,true,physical_support_with_dark_floor_reported_separately
300,50,1,false,false,false,false,false,false,false,false,false,0,true,true,physical_support_with_dark_floor_reported_separately
300,50,2,false,false,false,false,false,false,false,false,false,0,true,true,physical_support_with_dark_floor_reported_separately
300,50,3,false,false,false,false,false,false,false,false,false,0,true,true,physical_support_with_dark_floor_reported_separately
300,50,4,false,false,false,false,false,false,false,false,false,0,true,true,physical_support_with_dark_floor_reported_separately
300,50,5,false,false,false,false,false,false,false,false,false,0,true,true,physical_support_with_dark_floor_reported_separately
300,50,6,false,false,false,false,false,false,false,false,false,0,true,true,physical_support_with_dark_floor_reported_separately
300,50,7,false,false,false,false,false,false,false,false,false,0,true,true,physical_support_with_dark_floor_reported_separately
300,50,8,false,false,false,false,false,false,false,false,false,0,true,true,physical_support_with_dark_floor_reported_separately
300,50,9,false,false,false,false,false,false,false,false,false,0,true,true,physical_support_with_dark_floor_reported_separately
300,50,10,false,false,false,false,false,false,false,false,false,0,true,true,physical_support_with_dark_floor_reported_separately
300,50,11,false,false,false,false,false,false,false,false,false,0,true,true,physical_support_with_dark_floor_reported_separately
300,50,12,false,false,false,false,false,false,false,false,false,0,true,true,physical_support_with_dark_floor_reported_separately
300,50,13,false,false,false,false,false,false,false,false,false,0,true,true,physical_support_with_dark_floor_reported_separately
300,50,14,false,false,false,false,false,false,false,false,false,0,true,true,physical_support_with_dark_floor_reported_separately
300,50,15,false,false,false,false,false,false,false,false,false,0,true,true,physical_support_with_dark_floor_reported_separately
300,51,1,false,false,false,false,true,false,true,false,true,2,true,true,physical_support_with_dark_floor_reported_separately
300,51,2,false,false,false,false,true,false,true,false,true,2,true,true,physical_support_with_dark_floor_reported_separately
300,51,3,false,false,false,false,true,false,true,false,true,2,true,true,physical_support_with_dark_floor_reported_separately
300,51,4,false,false,false,false,true,false,true,false,true,2,true,true,physical_support_with_dark_floor_reported_separately
300,51,5,false,false,false,false,true,false,true,false,true,2,true,true,physical_support_with_dark_floor_reported_separately
300,51,6,false,false,false,false,true,false,true,false,true,2,true,true,physical_support_with_dark_floor_reported_separately
300,51,7,false,false,false,false,true,false,true,false,true,2,true,true,physical_support_with_dark_floor_reported_separately
300,51,8,false,false,false,false,true,false,true,false,true,2,true,true,physical_support_with_dark_floor_reported_separately
300,51,9,false,false,false,false,true,false,true,false,true,2,true,true,physical_support_with_dark_floor_reported_separately
300,51,10,false,false,false,false,true,false,true,false,true,2,true,true,physical_support_with_dark_floor_reported_separately
300,51,11,false,false,false,false,true,false,true,false,true,2,true,true,physical_support_with_dark_floor_reported_separately
300,51,12,false,false,false,false,true,false,true,false,true,2,true,true,physical_support_with_dark_floor_reported_separately
300,51,13,false,false,false,false,true,false,true,false,true,2,true,true,physical_support_with_dark_floor_reported_separately
300,51,14,false,false,false,false,true,false,true,false,true,2,true,true,physical_support_with_dark_floor_reported_separately
300,51,15,false,false,false,false,true,false,true,false,true,2,true,true,physical_support_with_dark_floor_reported_separately
300,52,1,false,false,false,false,true,false,true,false,true,2,true,true,physical_support_with_dark_floor_reported_separately
300,52,2,false,false,false,false,true,false,true,false,true,2,true,true,physical_support_with_dark_floor_reported_separately
300,52,3,false,false,false,false,true,false,true,false,true,2,true,true,physical_support_with_dark_floor_reported_separately
300,52,4,false,false,false,false,true,false,true,false,true,2,true,true,physical_support_with_dark_floor_reported_separately
300,52,5,false,false,false,false,true,false,true,false,true,2,true,true,physical_support_with_dark_floor_reported_separately
300,52,6,false,false,false,false,true,false,true,false,true,2,true,true,physical_support_with_dark_floor_reported_separately
300,52,7,false,false,false,false,true,false,true,false,true,2,true,true,physical_support_with_dark_floor_reported_separately
300,52,8,false,false,false,false,true,false,true,false,true,2,true,true,physical_support_with_dark_floor_reported_separately
300,52,9,false,false,false,false,true,false,true,false,true,2,true,true,physical_support_with_dark_floor_reported_separately
300,52,10,false,false,false,false,true,false,true,false,true,2,true,true,physical_support_with_dark_floor_reported_separately
300,52,11,false,false,false,false,true,false,true,false,true,2,true,true,physical_support_with_dark_floor_reported_separately
300,52,12,false,false,false,false,true,false,true,false,true,2,true,true,physical_support_with_dark_floor_reported_separately
300,52,13,false,false,false,false,true,false,true,false,true,2,true,true,physical_support_with_dark_floor_reported_separately
300,52,14,false,false,false,false,true,false,true,false,true,2,true,true,physical_support_with_dark_floor_reported_separately
300,52,15,false,false,false,false,true,false,true,false,true,2,true,true,physical_support_with_dark_floor_reported_separately
300,53,1,false,false,false,false,false,false,false,false,false,0,true,true,physical_support_with_dark_floor_reported_separately
300,53,2,false,false,false,false,false,false,false,false,false,0,true,true,physical_support_with_dark_floor_reported_separately
300,53,3,false,false,false,false,false,false,false,false,false,0,true,true,physical_support_with_dark_floor_reported_separately
300,53,4,false,false,false,false,false,false,false,false,false,0,true,true,physical_support_with_dark_floor_reported_separately
300,53,5,false,false,false,false,false,false,false,false,false,0,true,true,physical_support_with_dark_floor_reported_separately
300,53,6,false,false,false,false,false,false,false,false,false,0,true,true,physical_support_with_dark_floor_reported_separately
300,53,7,false,false,false,false,false,false,false,false,false,0,true,true,physical_support_with_dark_floor_reported_separately
300,53,8,false,false,false,false,false,false,false,false,false,0,true,true,physical_support_with_dark_floor_reported_separately
300,53,9,false,false,false,false,false,false,false,false,false,0,true,true,physical_support_with_dark_floor_reported_separately
300,53,10,false,false,false,false,false,false,false,false,false,0,true,true,physical_support_with_dark_floor_reported_separately
300,53,11,false,false,false,false,false,false,false,false,false,0,true,true,physical_support_with_dark_floor_reported_separately
300,53,12,false,false,false,false,false,false,false,false,false,0,true,true,physical_support_with_dark_floor_reported_separately
300,53,13,false,false,false,false,false,false,false,false,false,0,true,true,physical_support_with_dark_floor_reported_separately
300,53,14,false,false,false,false,false,false,false,false,false,0,true,true,physical_support_with_dark_floor_reported_separately
300,53,15,false,false,false,false,false,false,false,false,false,0,true,true,physical_support_with_dark_floor_reported_separately
300,54,1,false,false,false,false,true,false,false,false,true,1,true,true,physical_support_with_dark_floor_reported_separately
300,54,2,false,false,false,false,true,false,false,false,true,1,true,true,physical_support_with_dark_floor_reported_separately
300,54,3,false,false,false,false,true,false,false,false,true,1,true,true,physical_support_with_dark_floor_reported_separately
300,54,4,false,false,false,false,true,false,false,false,true,1,true,true,physical_support_with_dark_floor_reported_separately
300,54,5,false,false,false,false,true,false,false,false,true,1,true,true,physical_support_with_dark_floor_reported_separately
300,54,6,false,false,false,false,true,false,false,false,true,1,true,true,physical_support_with_dark_floor_reported_separately
300,54,7,false,false,false,false,true,false,false,false,true,1,true,true,physical_support_with_dark_floor_reported_separately
300,54,8,false,false,false,false,true,false,false,false,true,1,true,true,physical_support_with_dark_floor_reported_separately
300,54,9,false,false,false,false,true,false,false,false,true,1,true,true,physical_support_with_dark_floor_reported_separately
300,54,10,false,false,false,false,true,false,false,false,true,1,true,true,physical_support_with_dark_floor_reported_separately
300,54,11,false,false,false,false,true,false,false,false,true,1,true,true,physical_support_with_dark_floor_reported_separately
300,54,12,false,false,false,false,true,false,false,false,true,1,true,true,physical_support_with_dark_floor_reported_separately
300,54,13,false,false,false,false,true,false,false,false,true,1,true,true,physical_support_with_dark_floor_reported_separately
300,54,14,false,false,false,false,true,false,false,false,true,1,true,true,physical_support_with_dark_floor_reported_separately
300,54,15,false,false,false,false,true,false,false,false,true,1,true,true,physical_support_with_dark_floor_reported_separately
300,55,1,false,false,false,false,true,false,true,false,true,2,true,true,physical_support_with_dark_floor_reported_separately
300,55,2,false,false,false,false,true,false,true,false,true,2,true,true,physical_support_with_dark_floor_reported_separately
300,55,3,false,false,false,false,true,false,true,false,true,2,true,true,physical_support_with_dark_floor_reported_separately
300,55,4,false,false,false,false,true,false,true,false,true,2,true,true,physical_support_with_dark_floor_reported_separately
300,55,5,false,false,false,false,true,false,true,false,true,2,true,true,physical_support_with_dark_floor_reported_separately
300,55,6,false,false,false,false,true,false,true,false,true,2,true,true,physical_support_with_dark_floor_reported_separately
300,55,7,false,false,false,false,true,false,true,false,true,2,true,true,physical_support_with_dark_floor_reported_separately
300,55,8,false,false,false,false,true,false,true,false,true,2,true,true,physical_support_with_dark_floor_reported_separately
300,55,9,false,false,false,false,true,false,true,false,true,2,true,true,physical_support_with_dark_floor_reported_separately
300,55,10,false,false,false,false,true,false,true,false,true,2,true,true,physical_support_with_dark_floor_reported_separately
300,55,11,false,false,false,false,true,false,true,false,true,2,true,true,physical_support_with_dark_floor_reported_separately
300,55,12,false,false,false,false,true,false,true,false,true,2,true,true,physical_support_with_dark_floor_reported_separately
300,55,13,false,false,false,false,true,false,true,false,true,2,true,true,physical_support_with_dark_floor_reported_separately
300,55,14,false,false,false,false,true,false,true,false,true,2,true,true,physical_support_with_dark_floor_reported_separately
300,55,15,false,false,false,false,true,false,true,false,true,2,true,true,physical_support_with_dark_floor_reported_separately
300,56,1,false,false,false,false,false,false,true,false,true,1,true,true,physical_support_with_dark_floor_reported_separately
300,56,2,false,false,false,false,false,false,true,false,true,1,true,true,physical_support_with_dark_floor_reported_separately
300,56,3,false,false,false,false,false,false,true,false,true,1,true,true,physical_support_with_dark_floor_reported_separately
300,56,4,false,false,false,false,false,false,true,false,true,1,true,true,physical_support_with_dark_floor_reported_separately
300,56,5,false,false,false,false,false,false,true,false,true,1,true,true,physical_support_with_dark_floor_reported_separately
300,56,6,false,false,false,false,false,false,true,false,true,1,true,true,physical_support_with_dark_floor_reported_separately
300,56,7,false,false,false,false,false,false,true,false,true,1,true,true,physical_support_with_dark_floor_reported_separately
300,56,8,false,false,false,false,false,false,true,false,true,1,true,true,physical_support_with_dark_floor_reported_separately
300,56,9,false,false,false,false,false,false,true,false,true,1,true,true,physical_support_with_dark_floor_reported_separately
300,56,10,false,false,false,false,false,false,true,false,true,1,true,true,physical_support_with_dark_floor_reported_separately
300,56,11,false,false,false,false,false,false,true,false,true,1,true,true,physical_support_with_dark_floor_reported_separately
300,56,12,false,false,false,false,false,false,true,false,true,1,true,true,physical_support_with_dark_floor_reported_separately
300,56,13,false,false,false,false,false,false,true,false,true,1,true,true,physical_support_with_dark_floor_reported_separately
300,56,14,false,false,false,false,false,false,true,false,true,1,true,true,physical_support_with_dark_floor_reported_separately
300,56,15,false,false,false,false,false,false,true,false,true,1,true,true,physical_support_with_dark_floor_reported_separately
300,57,1,false,false,false,false,false,false,false,false,false,0,true,true,physical_support_with_dark_floor_reported_separately
300,57,2,false,false,false,false,false,false,false,false,false,0,true,true,physical_support_with_dark_floor_reported_separately
300,57,3,false,false,false,false,false,false,false,false,false,0,true,true,physical_support_with_dark_floor_reported_separately
300,57,4,false,false,false,false,false,false,false,false,false,0,true,true,physical_support_with_dark_floor_reported_separately
300,57,5,false,false,false,false,false,false,false,false,false,0,true,true,physical_support_with_dark_floor_reported_separately
300,57,6,false,false,false,false,false,false,false,false,false,0,true,true,physical_support_with_dark_floor_reported_separately
300,57,7,false,false,false,false,false,false,false,false,false,0,true,true,physical_support_with_dark_floor_reported_separately
300,57,8,false,false,false,false,false,false,false,false,false,0,true,true,physical_support_with_dark_floor_reported_separately
300,57,9,false,false,false,false,false,false,false,false,false,0,true,true,physical_support_with_dark_floor_reported_separately
300,57,10,false,false,false,false,false,false,false,false,false,0,true,true,physical_support_with_dark_floor_reported_separately
300,57,11,false,false,false,false,false,false,false,false,false,0,true,true,physical_support_with_dark_floor_reported_separately
300,57,12,false,false,false,false,false,false,false,false,false,0,true,true,physical_support_with_dark_floor_reported_separately
300,57,13,false,false,false,false,false,false,false,false,false,0,true,true,physical_support_with_dark_floor_reported_separately
300,57,14,false,false,false,false,false,false,false,false,false,0,true,true,physical_support_with_dark_floor_reported_separately
300,57,15,false,false,false,false,false,false,false,false,false,0,true,true,physical_support_with_dark_floor_reported_separately
300,58,1,false,false,false,false,false,false,false,false,false,0,true,true,physical_support_with_dark_floor_reported_separately
300,58,2,false,false,false,false,false,false,false,false,false,0,true,true,physical_support_with_dark_floor_reported_separately
300,58,3,false,false,false,false,false,false,false,false,false,0,true,true,physical_support_with_dark_floor_reported_separately
300,58,4,false,false,false,false,false,false,false,false,false,0,true,true,physical_support_with_dark_floor_reported_separately
300,58,5,false,false,false,false,false,false,false,false,false,0,true,true,physical_support_with_dark_floor_reported_separately
300,58,6,false,false,false,false,false,false,false,false,false,0,true,true,physical_support_with_dark_floor_reported_separately
300,58,7,false,false,false,false,false,false,false,false,false,0,true,true,physical_support_with_dark_floor_reported_separately
300,58,8,false,false,false,false,false,false,false,false,false,0,true,true,physical_support_with_dark_floor_reported_separately
300,58,9,false,false,false,false,false,false,false,false,false,0,true,true,physical_support_with_dark_floor_reported_separately
300,58,10,false,false,false,false,false,false,false,false,false,0,true,true,physical_support_with_dark_floor_reported_separately
300,58,11,false,false,false,false,false,false,false,false,false,0,true,true,physical_support_with_dark_floor_reported_separately
300,58,12,false,false,false,false,false,false,false,false,false,0,true,true,physical_support_with_dark_floor_reported_separately
300,58,13,false,false,false,false,false,false,false,false,false,0,true,true,physical_support_with_dark_floor_reported_separately
300,58,14,false,false,false,false,false,false,false,false,false,0,true,true,physical_support_with_dark_floor_reported_separately
300,58,15,false,false,false,false,false,false,false,false,false,0,true,true,physical_support_with_dark_floor_reported_separately
300,59,1,false,false,false,false,false,false,false,false,false,0,true,true,physical_support_with_dark_floor_reported_separately
300,59,2,false,false,false,false,false,false,false,false,false,0,true,true,physical_support_with_dark_floor_reported_separately
300,59,3,false,false,false,false,false,false,false,false,false,0,true,true,physical_support_with_dark_floor_reported_separately
300,59,4,false,false,false,false,false,false,false,false,false,0,true,true,physical_support_with_dark_floor_reported_separately
300,59,5,false,false,false,false,false,false,false,false,false,0,true,true,physical_support_with_dark_floor_reported_separately
300,59,6,false,false,false,false,false,false,false,false,false,0,true,true,physical_support_with_dark_floor_reported_separately
300,59,7,false,false,false,false,false,false,false,false,false,0,true,true,physical_support_with_dark_floor_reported_separately
300,59,8,false,false,false,false,false,false,false,false,false,0,true,true,physical_support_with_dark_floor_reported_separately
300,59,9,false,false,false,false,false,false,false,false,false,0,true,true,physical_support_with_dark_floor_reported_separately
300,59,10,false,false,false,false,false,false,false,false,false,0,true,true,physical_support_with_dark_floor_reported_separately
300,59,11,false,false,false,false,false,false,false,false,false,0,true,true,physical_support_with_dark_floor_reported_separately
300,59,12,false,false,false,false,false,false,false,false,false,0,true,true,physical_support_with_dark_floor_reported_separately
300,59,13,false,false,false,false,false,false,false,false,false,0,true,true,physical_support_with_dark_floor_reported_separately
300,59,14,false,false,false,false,false,false,false,false,false,0,true,true,physical_support_with_dark_floor_reported_separately
300,59,15,false,false,false,false,false,false,false,false,false,0,true,true,physical_support_with_dark_floor_reported_separately
300,60,1,false,false,false,false,true,false,false,false,true,1,true,true,physical_support_with_dark_floor_reported_separately
300,60,2,false,false,false,false,true,false,false,false,true,1,true,true,physical_support_with_dark_floor_reported_separately
300,60,3,false,false,false,false,true,false,false,false,true,1,true,true,physical_support_with_dark_floor_reported_separately
300,60,4,false,false,false,false,true,false,false,false,true,1,true,true,physical_support_with_dark_floor_reported_separately
300,60,5,false,false,false,false,true,false,false,false,true,1,true,true,physical_support_with_dark_floor_reported_separately
300,60,6,false,false,false,false,true,false,false,false,true,1,true,true,physical_support_with_dark_floor_reported_separately
300,60,7,false,false,false,false,true,false,false,false,true,1,true,true,physical_support_with_dark_floor_reported_separately
300,60,8,false,false,false,false,true,false,false,false,true,1,true,true,physical_support_with_dark_floor_reported_separately
300,60,9,false,false,false,false,true,false,false,false,true,1,true,true,physical_support_with_dark_floor_reported_separately
300,60,10,false,false,false,false,true,false,false,false,true,1,true,true,physical_support_with_dark_floor_reported_separately
300,60,11,false,false,false,false,true,false,false,false,true,1,true,true,physical_support_with_dark_floor_reported_separately
300,60,12,false,false,false,false,true,false,false,false,true,1,true,true,physical_support_with_dark_floor_reported_separately
300,60,13,false,false,false,false,true,false,false,false,true,1,true,true,physical_support_with_dark_floor_reported_separately
300,60,14,false,false,false,false,true,false,false,false,true,1,true,true,physical_support_with_dark_floor_reported_separately
300,60,15,false,false,false,false,true,false,false,false,true,1,true,true,physical_support_with_dark_floor_reported_separately
300,61,1,false,false,false,false,false,false,false,false,false,0,true,true,physical_support_with_dark_floor_reported_separately
300,61,2,false,false,false,false,false,false,false,false,false,0,true,true,physical_support_with_dark_floor_reported_separately
300,61,3,false,false,false,false,false,false,false,false,false,0,true,true,physical_support_with_dark_floor_reported_separately
300,61,4,false,false,false,false,false,false,false,false,false,0,true,true,physical_support_with_dark_floor_reported_separately
300,61,5,false,false,false,false,false,false,false,false,false,0,true,true,physical_support_with_dark_floor_reported_separately
300,61,6,false,false,false,false,false,false,false,false,false,0,true,true,physical_support_with_dark_floor_reported_separately
300,61,7,false,false,false,false,false,false,false,false,false,0,true,true,physical_support_with_dark_floor_reported_separately
300,61,8,false,false,false,false,false,false,false,false,false,0,true,true,physical_support_with_dark_floor_reported_separately
300,61,9,false,false,false,false,false,false,false,false,false,0,true,true,physical_support_with_dark_floor_reported_separately
300,61,10,false,false,false,false,false,false,false,false,false,0,true,true,physical_support_with_dark_floor_reported_separately
300,61,11,false,false,false,false,false,false,false,false,false,0,true,true,physical_support_with_dark_floor_reported_separately
300,61,12,false,false,false,false,false,false,false,false,false,0,true,true,physical_support_with_dark_floor_reported_separately
300,61,13,false,false,false,false,false,false,false,false,false,0,true,true,physical_support_with_dark_floor_reported_separately
300,61,14,false,false,false,false,false,false,false,false,false,0,true,true,physical_support_with_dark_floor_reported_separately
300,61,15,false,false,false,false,false,false,false,false,false,0,true,true,physical_support_with_dark_floor_reported_separately
300,62,1,false,false,false,false,true,false,true,false,true,2,true,true,physical_support_with_dark_floor_reported_separately
300,62,2,false,false,false,false,true,false,true,false,true,2,true,true,physical_support_with_dark_floor_reported_separately
300,62,3,false,false,false,false,true,false,true,false,true,2,true,true,physical_support_with_dark_floor_reported_separately
300,62,4,false,false,false,false,true,false,true,false,true,2,true,true,physical_support_with_dark_floor_reported_separately
300,62,5,false,false,false,false,true,false,true,false,true,2,true,true,physical_support_with_dark_floor_reported_separately
300,62,6,false,false,false,false,true,false,true,false,true,2,true,true,physical_support_with_dark_floor_reported_separately
300,62,7,false,false,false,false,true,false,true,false,true,2,true,true,physical_support_with_dark_floor_reported_separately
300,62,8,false,false,false,false,true,false,true,false,true,2,true,true,physical_support_with_dark_floor_reported_separately
300,62,9,false,false,false,false,true,false,true,false,true,2,true,true,physical_support_with_dark_floor_reported_separately
300,62,10,false,false,false,false,true,false,true,false,true,2,true,true,physical_support_with_dark_floor_reported_separately
300,62,11,false,false,false,false,true,false,true,false,true,2,true,true,physical_support_with_dark_floor_reported_separately
300,62,12,false,false,false,false,true,false,true,false,true,2,true,true,physical_support_with_dark_floor_reported_separately
300,62,13,false,false,false,false,true,false,true,false,true,2,true,true,physical_support_with_dark_floor_reported_separately
300,62,14,false,false,false,false,true,false,true,false,true,2,true,true,physical_support_with_dark_floor_reported_separately
300,62,15,false,false,false,false,true,false,true,false,true,2,true,true,physical_support_with_dark_floor_reported_separately
300,63,1,false,false,false,false,true,false,false,false,true,1,true,true,physical_support_with_dark_floor_reported_separately
300,63,2,false,false,false,false,true,false,false,false,true,1,true,true,physical_support_with_dark_floor_reported_separately
300,63,3,false,false,false,false,true,false,false,false,true,1,true,true,physical_support_with_dark_floor_reported_separately
300,63,4,false,false,false,false,true,false,false,false,true,1,true,true,physical_support_with_dark_floor_reported_separately
300,63,5,false,false,false,false,true,false,false,false,true,1,true,true,physical_support_with_dark_floor_reported_separately
300,63,6,false,false,false,false,true,false,false,false,true,1,true,true,physical_support_with_dark_floor_reported_separately
300,63,7,false,false,false,false,true,false,false,false,true,1,true,true,physical_support_with_dark_floor_reported_separately
300,63,8,false,false,false,false,true,false,false,false,true,1,true,true,physical_support_with_dark_floor_reported_separately
300,63,9,false,false,false,false,true,false,false,false,true,1,true,true,physical_support_with_dark_floor_reported_separately
300,63,10,false,false,false,false,true,false,false,false,true,1,true,true,physical_support_with_dark_floor_reported_separately
300,63,11,false,false,false,false,true,false,false,false,true,1,true,true,physical_support_with_dark_floor_reported_separately
300,63,12,false,false,false,false,true,false,false,false,true,1,true,true,physical_support_with_dark_floor_reported_separately
300,63,13,false,false,false,false,true,false,false,false,true,1,true,true,physical_support_with_dark_floor_reported_separately
300,63,14,false,false,false,false,true,false,false,false,true,1,true,true,physical_support_with_dark_floor_reported_separately
300,63,15,false,false,false,false,true,false,false,false,true,1,true,true,physical_support_with_dark_floor_reported_separately
350,0,1,false,false,false,false,false,false,false,false,false,0,true,true,physical_support_with_dark_floor_reported_separately
350,0,2,false,false,false,false,false,false,false,false,false,0,true,true,physical_support_with_dark_floor_reported_separately
350,0,3,false,false,false,false,false,false,false,false,false,0,true,true,physical_support_with_dark_floor_reported_separately
350,0,4,false,false,false,false,false,false,false,false,false,0,true,true,physical_support_with_dark_floor_reported_separately
350,0,5,false,false,false,false,false,false,false,false,false,0,true,true,physical_support_with_dark_floor_reported_separately
350,0,6,false,false,false,false,false,false,false,false,false,0,true,true,physical_support_with_dark_floor_reported_separately
350,0,7,false,false,false,false,false,false,false,false,false,0,true,true,physical_support_with_dark_floor_reported_separately
350,0,8,false,false,false,false,false,false,false,false,false,0,true,true,physical_support_with_dark_floor_reported_separately
350,0,9,false,false,false,false,false,false,false,false,false,0,true,true,physical_support_with_dark_floor_reported_separately
350,0,10,false,false,false,false,false,false,false,false,false,0,true,true,physical_support_with_dark_floor_reported_separately
350,0,11,false,false,false,false,false,false,false,false,false,0,true,true,physical_support_with_dark_floor_reported_separately
350,0,12,false,false,false,false,false,false,false,false,false,0,true,true,physical_support_with_dark_floor_reported_separately
350,0,13,false,false,false,false,false,false,false,false,false,0,true,true,physical_support_with_dark_floor_reported_separately
350,0,14,false,false,false,false,false,false,false,false,false,0,true,true,physical_support_with_dark_floor_reported_separately
350,0,15,false,false,false,false,false,false,false,false,false,0,true,true,physical_support_with_dark_floor_reported_separately
350,1,1,false,false,false,false,false,false,false,false,false,0,true,true,physical_support_with_dark_floor_reported_separately
350,1,2,false,false,false,false,false,false,false,false,false,0,true,true,physical_support_with_dark_floor_reported_separately
350,1,3,false,false,false,false,false,false,false,false,false,0,true,true,physical_support_with_dark_floor_reported_separately
350,1,4,false,false,false,false,false,false,false,false,false,0,true,true,physical_support_with_dark_floor_reported_separately
350,1,5,false,false,false,false,false,false,false,false,false,0,true,true,physical_support_with_dark_floor_reported_separately
350,1,6,false,false,false,false,false,false,false,false,false,0,true,true,physical_support_with_dark_floor_reported_separately
350,1,7,false,false,false,false,false,false,false,false,false,0,true,true,physical_support_with_dark_floor_reported_separately
350,1,8,false,false,false,false,false,false,false,false,false,0,true,true,physical_support_with_dark_floor_reported_separately
350,1,9,false,false,false,false,false,false,false,false,false,0,true,true,physical_support_with_dark_floor_reported_separately
350,1,10,false,false,false,false,false,false,false,false,false,0,true,true,physical_support_with_dark_floor_reported_separately
350,1,11,false,false,false,false,false,false,false,false,false,0,true,true,physical_support_with_dark_floor_reported_separately
350,1,12,false,false,false,false,false,false,false,false,false,0,true,true,physical_support_with_dark_floor_reported_separately
350,1,13,false,false,false,false,false,false,false,false,false,0,true,true,physical_support_with_dark_floor_reported_separately
350,1,14,false,false,false,false,false,false,false,false,false,0,true,true,physical_support_with_dark_floor_reported_separately
350,1,15,false,false,false,false,false,false,false,false,false,0,true,true,physical_support_with_dark_floor_reported_separately
350,2,1,false,false,false,false,false,false,false,false,false,0,true,true,physical_support_with_dark_floor_reported_separately
350,2,2,false,false,false,false,false,false,false,false,false,0,true,true,physical_support_with_dark_floor_reported_separately
350,2,3,false,false,false,false,false,false,false,false,false,0,true,true,physical_support_with_dark_floor_reported_separately
350,2,4,false,false,false,false,false,false,false,false,false,0,true,true,physical_support_with_dark_floor_reported_separately
350,2,5,false,false,false,false,false,false,false,false,false,0,true,true,physical_support_with_dark_floor_reported_separately
350,2,6,false,false,false,false,false,false,false,false,false,0,true,true,physical_support_with_dark_floor_reported_separately
350,2,7,false,false,false,false,false,false,false,false,false,0,true,true,physical_support_with_dark_floor_reported_separately
350,2,8,false,false,false,false,false,false,false,false,false,0,true,true,physical_support_with_dark_floor_reported_separately
350,2,9,false,false,false,false,false,false,false,false,false,0,true,true,physical_support_with_dark_floor_reported_separately
350,2,10,false,false,false,false,false,false,false,false,false,0,true,true,physical_support_with_dark_floor_reported_separately
350,2,11,false,false,false,false,false,false,false,false,false,0,true,true,physical_support_with_dark_floor_reported_separately
350,2,12,false,false,false,false,false,false,false,false,false,0,true,true,physical_support_with_dark_floor_reported_separately
350,2,13,false,false,false,false,false,false,false,false,false,0,true,true,physical_support_with_dark_floor_reported_separately
350,2,14,false,false,false,false,false,false,false,false,false,0,true,true,physical_support_with_dark_floor_reported_separately
350,2,15,false,false,false,false,false,false,false,false,false,0,true,true,physical_support_with_dark_floor_reported_separately
350,3,1,false,false,false,false,false,false,true,false,true,1,true,true,physical_support_with_dark_floor_reported_separately
350,3,2,false,false,false,false,false,false,true,false,true,1,true,true,physical_support_with_dark_floor_reported_separately
350,3,3,false,false,false,false,false,false,true,false,true,1,true,true,physical_support_with_dark_floor_reported_separately
350,3,4,false,false,false,false,false,false,true,false,true,1,true,true,physical_support_with_dark_floor_reported_separately
350,3,5,false,false,false,false,false,false,true,false,true,1,true,true,physical_support_with_dark_floor_reported_separately
350,3,6,false,false,false,false,false,false,true,false,true,1,true,true,physical_support_with_dark_floor_reported_separately
350,3,7,false,false,false,false,false,false,true,false,true,1,true,true,physical_support_with_dark_floor_reported_separately
350,3,8,false,false,false,false,false,false,true,false,true,1,true,true,physical_support_with_dark_floor_reported_separately
350,3,9,false,false,false,false,false,false,true,false,true,1,true,true,physical_support_with_dark_floor_reported_separately
350,3,10,false,false,false,false,false,false,true,false,true,1,true,true,physical_support_with_dark_floor_reported_separately
350,3,11,false,false,false,false,false,false,true,false,true,1,true,true,physical_support_with_dark_floor_reported_separately
350,3,12,false,false,false,false,false,false,true,false,true,1,true,true,physical_support_with_dark_floor_reported_separately
350,3,13,false,false,false,false,false,false,true,false,true,1,true,true,physical_support_with_dark_floor_reported_separately
350,3,14,false,false,false,false,false,false,true,false,true,1,true,true,physical_support_with_dark_floor_reported_separately
350,3,15,false,false,false,false,false,false,true,false,true,1,true,true,physical_support_with_dark_floor_reported_separately
350,4,1,false,false,false,false,false,false,false,false,false,0,true,true,physical_support_with_dark_floor_reported_separately
350,4,2,false,false,false,false,false,false,false,false,false,0,true,true,physical_support_with_dark_floor_reported_separately
350,4,3,false,false,false,false,false,false,false,false,false,0,true,true,physical_support_with_dark_floor_reported_separately
350,4,4,false,false,false,false,false,false,false,false,false,0,true,true,physical_support_with_dark_floor_reported_separately
350,4,5,false,false,false,false,false,false,false,false,false,0,true,true,physical_support_with_dark_floor_reported_separately
350,4,6,false,false,false,false,false,false,false,false,false,0,true,true,physical_support_with_dark_floor_reported_separately
350,4,7,false,false,false,false,false,false,false,false,false,0,true,true,physical_support_with_dark_floor_reported_separately
350,4,8,false,false,false,false,false,false,false,false,false,0,true,true,physical_support_with_dark_floor_reported_separately
350,4,9,false,false,false,false,false,false,false,false,false,0,true,true,physical_support_with_dark_floor_reported_separately
350,4,10,false,false,false,false,false,false,false,false,false,0,true,true,physical_support_with_dark_floor_reported_separately
350,4,11,false,false,false,false,false,false,false,false,false,0,true,true,physical_support_with_dark_floor_reported_separately
350,4,12,false,false,false,false,false,false,false,false,false,0,true,true,physical_support_with_dark_floor_reported_separately
350,4,13,false,false,false,false,false,false,false,false,false,0,true,true,physical_support_with_dark_floor_reported_separately
350,4,14,false,false,false,false,false,false,false,false,false,0,true,true,physical_support_with_dark_floor_reported_separately
350,4,15,false,false,false,false,false,false,false,false,false,0,true,true,physical_support_with_dark_floor_reported_separately
350,5,1,false,false,false,false,false,false,false,false,false,0,true,true,physical_support_with_dark_floor_reported_separately
350,5,2,false,false,false,false,false,false,false,false,false,0,true,true,physical_support_with_dark_floor_reported_separately
350,5,3,false,false,false,false,false,false,false,false,false,0,true,true,physical_support_with_dark_floor_reported_separately
350,5,4,false,false,false,false,false,false,false,false,false,0,true,true,physical_support_with_dark_floor_reported_separately
350,5,5,false,false,false,false,false,false,false,false,false,0,true,true,physical_support_with_dark_floor_reported_separately
350,5,6,false,false,false,false,false,false,false,false,false,0,true,true,physical_support_with_dark_floor_reported_separately
350,5,7,false,false,false,false,false,false,false,false,false,0,true,true,physical_support_with_dark_floor_reported_separately
350,5,8,false,false,false,false,false,false,false,false,false,0,true,true,physical_support_with_dark_floor_reported_separately
350,5,9,false,false,false,false,false,false,false,false,false,0,true,true,physical_support_with_dark_floor_reported_separately
350,5,10,false,false,false,false,false,false,false,false,false,0,true,true,physical_support_with_dark_floor_reported_separately
350,5,11,false,false,false,false,false,false,false,false,false,0,true,true,physical_support_with_dark_floor_reported_separately
350,5,12,false,false,false,false,false,false,false,false,false,0,true,true,physical_support_with_dark_floor_reported_separately
350,5,13,false,false,false,false,false,false,false,false,false,0,true,true,physical_support_with_dark_floor_reported_separately
350,5,14,false,false,false,false,false,false,false,false,false,0,true,true,physical_support_with_dark_floor_reported_separately
350,5,15,false,false,false,false,false,false,false,false,false,0,true,true,physical_support_with_dark_floor_reported_separately
350,6,1,false,false,false,false,true,false,false,false,true,1,true,true,physical_support_with_dark_floor_reported_separately
350,6,2,false,false,false,false,true,false,false,false,true,1,true,true,physical_support_with_dark_floor_reported_separately
350,6,3,false,false,false,false,true,false,false,false,true,1,true,true,physical_support_with_dark_floor_reported_separately
350,6,4,false,false,false,false,true,false,false,false,true,1,true,true,physical_support_with_dark_floor_reported_separately
350,6,5,false,false,false,false,true,false,false,false,true,1,true,true,physical_support_with_dark_floor_reported_separately
350,6,6,false,false,false,false,true,false,false,false,true,1,true,true,physical_support_with_dark_floor_reported_separately
350,6,7,false,false,false,false,true,false,false,false,true,1,true,true,physical_support_with_dark_floor_reported_separately
350,6,8,false,false,false,false,true,false,false,false,true,1,true,true,physical_support_with_dark_floor_reported_separately
350,6,9,false,false,false,false,true,false,false,false,true,1,true,true,physical_support_with_dark_floor_reported_separately
350,6,10,false,false,false,false,true,false,false,false,true,1,true,true,physical_support_with_dark_floor_reported_separately
350,6,11,false,false,false,false,true,false,false,false,true,1,true,true,physical_support_with_dark_floor_reported_separately
350,6,12,false,false,false,false,true,false,false,false,true,1,true,true,physical_support_with_dark_floor_reported_separately
350,6,13,false,false,false,false,true,false,false,false,true,1,true,true,physical_support_with_dark_floor_reported_separately
350,6,14,false,false,false,false,true,false,false,false,true,1,true,true,physical_support_with_dark_floor_reported_separately
350,6,15,false,false,false,false,true,false,false,false,true,1,true,true,physical_support_with_dark_floor_reported_separately
350,7,1,false,false,false,false,false,false,false,false,false,0,true,true,physical_support_with_dark_floor_reported_separately
350,7,2,false,false,false,false,false,false,false,false,false,0,true,true,physical_support_with_dark_floor_reported_separately
350,7,3,false,false,false,false,false,false,false,false,false,0,true,true,physical_support_with_dark_floor_reported_separately
350,7,4,false,false,false,false,false,false,false,false,false,0,true,true,physical_support_with_dark_floor_reported_separately
350,7,5,false,false,false,false,false,false,false,false,false,0,true,true,physical_support_with_dark_floor_reported_separately
350,7,6,false,false,false,false,false,false,false,false,false,0,true,true,physical_support_with_dark_floor_reported_separately
350,7,7,false,false,false,false,false,false,false,false,false,0,true,true,physical_support_with_dark_floor_reported_separately
350,7,8,false,false,false,false,false,false,false,false,false,0,true,true,physical_support_with_dark_floor_reported_separately
350,7,9,false,false,false,false,false,false,false,false,false,0,true,true,physical_support_with_dark_floor_reported_separately
350,7,10,false,false,false,false,false,false,false,false,false,0,true,true,physical_support_with_dark_floor_reported_separately
350,7,11,false,false,false,false,false,false,false,false,false,0,true,true,physical_support_with_dark_floor_reported_separately
350,7,12,false,false,false,false,false,false,false,false,false,0,true,true,physical_support_with_dark_floor_reported_separately
350,7,13,false,false,false,false,false,false,false,false,false,0,true,true,physical_support_with_dark_floor_reported_separately
350,7,14,false,false,false,false,false,false,false,false,false,0,true,true,physical_support_with_dark_floor_reported_separately
350,7,15,false,false,false,false,false,false,false,false,false,0,true,true,physical_support_with_dark_floor_reported_separately
350,8,1,false,false,false,false,true,false,false,false,true,1,true,true,physical_support_with_dark_floor_reported_separately
350,8,2,false,false,false,false,true,false,false,false,true,1,true,true,physical_support_with_dark_floor_reported_separately
350,8,3,false,false,false,false,true,false,false,false,true,1,true,true,physical_support_with_dark_floor_reported_separately
350,8,4,false,false,false,false,true,false,false,false,true,1,true,true,physical_support_with_dark_floor_reported_separately
350,8,5,false,false,false,false,true,false,false,false,true,1,true,true,physical_support_with_dark_floor_reported_separately
350,8,6,false,false,false,false,true,false,false,false,true,1,true,true,physical_support_with_dark_floor_reported_separately
350,8,7,false,false,false,false,true,false,false,false,true,1,true,true,physical_support_with_dark_floor_reported_separately
350,8,8,false,false,false,false,true,false,false,false,true,1,true,true,physical_support_with_dark_floor_reported_separately
350,8,9,false,false,false,false,true,false,false,false,true,1,true,true,physical_support_with_dark_floor_reported_separately
350,8,10,false,false,false,false,true,false,false,false,true,1,true,true,physical_support_with_dark_floor_reported_separately
350,8,11,false,false,false,false,true,false,false,false,true,1,true,true,physical_support_with_dark_floor_reported_separately
350,8,12,false,false,false,false,true,false,false,false,true,1,true,true,physical_support_with_dark_floor_reported_separately
350,8,13,false,false,false,false,true,false,false,false,true,1,true,true,physical_support_with_dark_floor_reported_separately
350,8,14,false,false,false,false,true,false,false,false,true,1,true,true,physical_support_with_dark_floor_reported_separately
350,8,15,false,false,false,false,true,false,false,false,true,1,true,true,physical_support_with_dark_floor_reported_separately
350,9,1,false,false,false,false,true,false,true,false,true,2,true,true,physical_support_with_dark_floor_reported_separately
350,9,2,false,false,false,false,true,false,true,false,true,2,true,true,physical_support_with_dark_floor_reported_separately
350,9,3,false,false,false,false,true,false,true,false,true,2,true,true,physical_support_with_dark_floor_reported_separately
350,9,4,false,false,false,false,true,false,true,false,true,2,true,true,physical_support_with_dark_floor_reported_separately
350,9,5,false,false,false,false,true,false,true,false,true,2,true,true,physical_support_with_dark_floor_reported_separately
350,9,6,false,false,false,false,true,false,true,false,true,2,true,true,physical_support_with_dark_floor_reported_separately
350,9,7,false,false,false,false,true,false,true,false,true,2,true,true,physical_support_with_dark_floor_reported_separately
350,9,8,false,false,false,false,true,false,true,false,true,2,true,true,physical_support_with_dark_floor_reported_separately
350,9,9,false,false,false,false,true,false,true,false,true,2,true,true,physical_support_with_dark_floor_reported_separately
350,9,10,false,false,false,false,true,false,true,false,true,2,true,true,physical_support_with_dark_floor_reported_separately
350,9,11,false,false,false,false,true,false,true,false,true,2,true,true,physical_support_with_dark_floor_reported_separately
350,9,12,false,false,false,false,true,false,true,false,true,2,true,true,physical_support_with_dark_floor_reported_separately
350,9,13,false,false,false,false,true,false,true,false,true,2,true,true,physical_support_with_dark_floor_reported_separately
350,9,14,false,false,false,false,true,false,true,false,true,2,true,true,physical_support_with_dark_floor_reported_separately
350,9,15,false,false,false,false,true,false,true,false,true,2,true,true,physical_support_with_dark_floor_reported_separately
350,10,1,false,false,false,false,false,false,true,false,true,1,true,true,physical_support_with_dark_floor_reported_separately
350,10,2,false,false,false,false,false,false,true,false,true,1,true,true,physical_support_with_dark_floor_reported_separately
350,10,3,false,false,false,false,false,false,true,false,true,1,true,true,physical_support_with_dark_floor_reported_separately
350,10,4,false,false,false,false,false,false,true,false,true,1,true,true,physical_support_with_dark_floor_reported_separately
350,10,5,false,false,false,false,false,false,true,false,true,1,true,true,physical_support_with_dark_floor_reported_separately
350,10,6,false,false,false,false,false,false,true,false,true,1,true,true,physical_support_with_dark_floor_reported_separately
350,10,7,false,false,false,false,false,false,true,false,true,1,true,true,physical_support_with_dark_floor_reported_separately
350,10,8,false,false,false,false,false,false,true,false,true,1,true,true,physical_support_with_dark_floor_reported_separately
350,10,9,false,false,false,false,false,false,true,false,true,1,true,true,physical_support_with_dark_floor_reported_separately
350,10,10,false,false,false,false,false,false,true,false,true,1,true,true,physical_support_with_dark_floor_reported_separately
350,10,11,false,false,false,false,false,false,true,false,true,1,true,true,physical_support_with_dark_floor_reported_separately
350,10,12,false,false,false,false,false,false,true,false,true,1,true,true,physical_support_with_dark_floor_reported_separately
350,10,13,false,false,false,false,false,false,true,false,true,1,true,true,physical_support_with_dark_floor_reported_separately
350,10,14,false,false,false,false,false,false,true,false,true,1,true,true,physical_support_with_dark_floor_reported_separately
350,10,15,false,false,false,false,false,false,true,false,true,1,true,true,physical_support_with_dark_floor_reported_separately
350,11,1,false,false,false,false,true,false,true,false,true,2,true,true,physical_support_with_dark_floor_reported_separately
350,11,2,false,false,false,false,true,false,true,false,true,2,true,true,physical_support_with_dark_floor_reported_separately
350,11,3,false,false,false,false,true,false,true,false,true,2,true,true,physical_support_with_dark_floor_reported_separately
350,11,4,false,false,false,false,true,false,true,false,true,2,true,true,physical_support_with_dark_floor_reported_separately
350,11,5,false,false,false,false,true,false,true,false,true,2,true,true,physical_support_with_dark_floor_reported_separately
350,11,6,false,false,false,false,true,false,true,false,true,2,true,true,physical_support_with_dark_floor_reported_separately
350,11,7,false,false,false,false,true,false,true,false,true,2,true,true,physical_support_with_dark_floor_reported_separately
350,11,8,false,false,false,false,true,false,true,false,true,2,true,true,physical_support_with_dark_floor_reported_separately
350,11,9,false,false,false,false,true,false,true,false,true,2,true,true,physical_support_with_dark_floor_reported_separately
350,11,10,false,false,false,false,true,false,true,false,true,2,true,true,physical_support_with_dark_floor_reported_separately
350,11,11,false,false,false,false,true,false,true,false,true,2,true,true,physical_support_with_dark_floor_reported_separately
350,11,12,false,false,false,false,true,false,true,false,true,2,true,true,physical_support_with_dark_floor_reported_separately
350,11,13,false,false,false,false,true,false,true,false,true,2,true,true,physical_support_with_dark_floor_reported_separately
350,11,14,false,false,false,false,true,false,true,false,true,2,true,true,physical_support_with_dark_floor_reported_separately
350,11,15,false,false,false,false,true,false,true,false,true,2,true,true,physical_support_with_dark_floor_reported_separately
350,12,1,false,false,false,false,true,false,true,false,true,2,true,true,physical_support_with_dark_floor_reported_separately
350,12,2,false,false,false,false,true,false,true,false,true,2,true,true,physical_support_with_dark_floor_reported_separately
350,12,3,false,false,false,false,true,false,true,false,true,2,true,true,physical_support_with_dark_floor_reported_separately
350,12,4,false,false,false,false,true,false,true,false,true,2,true,true,physical_support_with_dark_floor_reported_separately
350,12,5,false,false,false,false,true,false,true,false,true,2,true,true,physical_support_with_dark_floor_reported_separately
350,12,6,false,false,false,false,true,false,true,false,true,2,true,true,physical_support_with_dark_floor_reported_separately
350,12,7,false,false,false,false,true,false,true,false,true,2,true,true,physical_support_with_dark_floor_reported_separately
350,12,8,false,false,false,false,true,false,true,false,true,2,true,true,physical_support_with_dark_floor_reported_separately
350,12,9,false,false,false,false,true,false,true,false,true,2,true,true,physical_support_with_dark_floor_reported_separately
350,12,10,false,false,false,false,true,false,true,false,true,2,true,true,physical_support_with_dark_floor_reported_separately
350,12,11,false,false,false,false,true,false,true,false,true,2,true,true,physical_support_with_dark_floor_reported_separately
350,12,12,false,false,false,false,true,false,true,false,true,2,true,true,physical_support_with_dark_floor_reported_separately
350,12,13,false,false,false,false,true,false,true,false,true,2,true,true,physical_support_with_dark_floor_reported_separately
350,12,14,false,false,false,false,true,false,true,false,true,2,true,true,physical_support_with_dark_floor_reported_separately
350,12,15,false,false,false,false,true,false,true,false,true,2,true,true,physical_support_with_dark_floor_reported_separately
350,13,1,false,false,false,false,true,false,false,false,true,1,true,true,physical_support_with_dark_floor_reported_separately
350,13,2,false,false,false,false,true,false,false,false,true,1,true,true,physical_support_with_dark_floor_reported_separately
350,13,3,false,false,false,false,true,false,false,false,true,1,true,true,physical_support_with_dark_floor_reported_separately
350,13,4,false,false,false,false,true,false,false,false,true,1,true,true,physical_support_with_dark_floor_reported_separately
350,13,5,false,false,false,false,true,false,false,false,true,1,true,true,physical_support_with_dark_floor_reported_separately
350,13,6,false,false,false,false,true,false,false,false,true,1,true,true,physical_support_with_dark_floor_reported_separately
350,13,7,false,false,false,false,true,false,false,false,true,1,true,true,physical_support_with_dark_floor_reported_separately
350,13,8,false,false,false,false,true,false,false,false,true,1,true,true,physical_support_with_dark_floor_reported_separately
350,13,9,false,false,false,false,true,false,false,false,true,1,true,true,physical_support_with_dark_floor_reported_separately
350,13,10,false,false,false,false,true,false,false,false,true,1,true,true,physical_support_with_dark_floor_reported_separately
350,13,11,false,false,false,false,true,false,false,false,true,1,true,true,physical_support_with_dark_floor_reported_separately
350,13,12,false,false,false,false,true,false,false,false,true,1,true,true,physical_support_with_dark_floor_reported_separately
350,13,13,false,false,false,false,true,false,false,false,true,1,true,true,physical_support_with_dark_floor_reported_separately
350,13,14,false,false,false,false,true,false,false,false,true,1,true,true,physical_support_with_dark_floor_reported_separately
350,13,15,false,false,false,false,true,false,false,false,true,1,true,true,physical_support_with_dark_floor_reported_separately
350,14,1,false,false,false,false,false,false,true,false,true,1,true,true,physical_support_with_dark_floor_reported_separately
350,14,2,false,false,false,false,false,false,true,false,true,1,true,true,physical_support_with_dark_floor_reported_separately
350,14,3,false,false,false,false,false,false,true,false,true,1,true,true,physical_support_with_dark_floor_reported_separately
350,14,4,false,false,false,false,false,false,true,false,true,1,true,true,physical_support_with_dark_floor_reported_separately
350,14,5,false,false,false,false,false,false,true,false,true,1,true,true,physical_support_with_dark_floor_reported_separately
350,14,6,false,false,false,false,false,false,true,false,true,1,true,true,physical_support_with_dark_floor_reported_separately
350,14,7,false,false,false,false,false,false,true,false,true,1,true,true,physical_support_with_dark_floor_reported_separately
350,14,8,false,false,false,false,false,false,true,false,true,1,true,true,physical_support_with_dark_floor_reported_separately
350,14,9,false,false,false,false,false,false,true,false,true,1,true,true,physical_support_with_dark_floor_reported_separately
350,14,10,false,false,false,false,false,false,true,false,true,1,true,true,physical_support_with_dark_floor_reported_separately
350,14,11,false,false,false,false,false,false,true,false,true,1,true,true,physical_support_with_dark_floor_reported_separately
350,14,12,false,false,false,false,false,false,true,false,true,1,true,true,physical_support_with_dark_floor_reported_separately
350,14,13,false,false,false,false,false,false,true,false,true,1,true,true,physical_support_with_dark_floor_reported_separately
350,14,14,false,false,false,false,false,false,true,false,true,1,true,true,physical_support_with_dark_floor_reported_separately
350,14,15,false,false,false,false,false,false,true,false,true,1,true,true,physical_support_with_dark_floor_reported_separately
350,15,1,false,false,false,false,true,false,true,false,true,2,true,true,physical_support_with_dark_floor_reported_separately
350,15,2,false,false,false,false,true,false,true,false,true,2,true,true,physical_support_with_dark_floor_reported_separately
350,15,3,false,false,false,false,true,false,true,false,true,2,true,true,physical_support_with_dark_floor_reported_separately
350,15,4,false,false,false,false,true,false,true,false,true,2,true,true,physical_support_with_dark_floor_reported_separately
350,15,5,false,false,false,false,true,false,true,false,true,2,true,true,physical_support_with_dark_floor_reported_separately
350,15,6,false,false,false,false,true,false,true,false,true,2,true,true,physical_support_with_dark_floor_reported_separately
350,15,7,false,false,false,false,true,false,true,false,true,2,true,true,physical_support_with_dark_floor_reported_separately
350,15,8,false,false,false,false,true,false,true,false,true,2,true,true,physical_support_with_dark_floor_reported_separately
350,15,9,false,false,false,false,true,false,true,false,true,2,true,true,physical_support_with_dark_floor_reported_separately
350,15,10,false,false,false,false,true,false,true,false,true,2,true,true,physical_support_with_dark_floor_reported_separately
350,15,11,false,false,false,false,true,false,true,false,true,2,true,true,physical_support_with_dark_floor_reported_separately
350,15,12,false,false,false,false,true,false,true,false,true,2,true,true,physical_support_with_dark_floor_reported_separately
350,15,13,false,false,false,false,true,false,true,false,true,2,true,true,physical_support_with_dark_floor_reported_separately
350,15,14,false,false,false,false,true,false,true,false,true,2,true,true,physical_support_with_dark_floor_reported_separately
350,15,15,false,false,false,false,true,false,true,false,true,2,true,true,physical_support_with_dark_floor_reported_separately
350,16,1,false,false,false,false,false,false,true,false,true,1,true,true,physical_support_with_dark_floor_reported_separately
350,16,2,false,false,false,false,false,false,true,false,true,1,true,true,physical_support_with_dark_floor_reported_separately
350,16,3,false,false,false,false,false,false,true,false,true,1,true,true,physical_support_with_dark_floor_reported_separately
350,16,4,false,false,false,false,false,false,true,false,true,1,true,true,physical_support_with_dark_floor_reported_separately
350,16,5,false,false,false,false,false,false,true,false,true,1,true,true,physical_support_with_dark_floor_reported_separately
350,16,6,false,false,false,false,false,false,true,false,true,1,true,true,physical_support_with_dark_floor_reported_separately
350,16,7,false,false,false,false,false,false,true,false,true,1,true,true,physical_support_with_dark_floor_reported_separately
350,16,8,false,false,false,false,false,false,true,false,true,1,true,true,physical_support_with_dark_floor_reported_separately
350,16,9,false,false,false,false,false,false,true,false,true,1,true,true,physical_support_with_dark_floor_reported_separately
350,16,10,false,false,false,false,false,false,true,false,true,1,true,true,physical_support_with_dark_floor_reported_separately
350,16,11,false,false,false,false,false,false,true,false,true,1,true,true,physical_support_with_dark_floor_reported_separately
350,16,12,false,false,false,false,false,false,true,false,true,1,true,true,physical_support_with_dark_floor_reported_separately
350,16,13,false,false,false,false,false,false,true,false,true,1,true,true,physical_support_with_dark_floor_reported_separately
350,16,14,false,false,false,false,false,false,true,false,true,1,true,true,physical_support_with_dark_floor_reported_separately
350,16,15,false,false,false,false,false,false,true,false,true,1,true,true,physical_support_with_dark_floor_reported_separately
350,17,1,false,false,false,false,true,false,true,false,true,2,true,true,physical_support_with_dark_floor_reported_separately
350,17,2,false,false,false,false,true,false,true,false,true,2,true,true,physical_support_with_dark_floor_reported_separately
350,17,3,false,false,false,false,true,false,true,false,true,2,true,true,physical_support_with_dark_floor_reported_separately
350,17,4,false,false,false,false,true,false,true,false,true,2,true,true,physical_support_with_dark_floor_reported_separately
350,17,5,false,false,false,false,true,false,true,false,true,2,true,true,physical_support_with_dark_floor_reported_separately
350,17,6,false,false,false,false,true,false,true,false,true,2,true,true,physical_support_with_dark_floor_reported_separately
350,17,7,false,false,false,false,true,false,true,false,true,2,true,true,physical_support_with_dark_floor_reported_separately
350,17,8,false,false,false,false,true,false,true,false,true,2,true,true,physical_support_with_dark_floor_reported_separately
350,17,9,false,false,false,false,true,false,true,false,true,2,true,true,physical_support_with_dark_floor_reported_separately
350,17,10,false,false,false,false,true,false,true,false,true,2,true,true,physical_support_with_dark_floor_reported_separately
350,17,11,false,false,false,false,true,false,true,false,true,2,true,true,physical_support_with_dark_floor_reported_separately
350,17,12,false,false,false,false,true,false,true,false,true,2,true,true,physical_support_with_dark_floor_reported_separately
350,17,13,false,false,false,false,true,false,true,false,true,2,true,true,physical_support_with_dark_floor_reported_separately
350,17,14,false,false,false,false,true,false,true,false,true,2,true,true,physical_support_with_dark_floor_reported_separately
350,17,15,false,false,false,false,true,false,true,false,true,2,true,true,physical_support_with_dark_floor_reported_separately
350,18,1,false,false,false,false,false,false,false,false,false,0,true,true,physical_support_with_dark_floor_reported_separately
350,18,2,false,false,false,false,false,false,false,false,false,0,true,true,physical_support_with_dark_floor_reported_separately
350,18,3,false,false,false,false,false,false,false,false,false,0,true,true,physical_support_with_dark_floor_reported_separately
350,18,4,false,false,false,false,false,false,false,false,false,0,true,true,physical_support_with_dark_floor_reported_separately
350,18,5,false,false,false,false,false,false,false,false,false,0,true,true,physical_support_with_dark_floor_reported_separately
350,18,6,false,false,false,false,false,false,false,false,false,0,true,true,physical_support_with_dark_floor_reported_separately
350,18,7,false,false,false,false,false,false,false,false,false,0,true,true,physical_support_with_dark_floor_reported_separately
350,18,8,false,false,false,false,false,false,false,false,false,0,true,true,physical_support_with_dark_floor_reported_separately
350,18,9,false,false,false,false,false,false,false,false,false,0,true,true,physical_support_with_dark_floor_reported_separately
350,18,10,false,false,false,false,false,false,false,false,false,0,true,true,physical_support_with_dark_floor_reported_separately
350,18,11,false,false,false,false,false,false,false,false,false,0,true,true,physical_support_with_dark_floor_reported_separately
350,18,12,false,false,false,false,false,false,false,false,false,0,true,true,physical_support_with_dark_floor_reported_separately
350,18,13,false,false,false,false,false,false,false,false,false,0,true,true,physical_support_with_dark_floor_reported_separately
350,18,14,false,false,false,false,false,false,false,false,false,0,true,true,physical_support_with_dark_floor_reported_separately
350,18,15,false,false,false,false,false,false,false,false,false,0,true,true,physical_support_with_dark_floor_reported_separately
350,19,1,false,false,false,false,false,false,true,false,true,1,true,true,physical_support_with_dark_floor_reported_separately
350,19,2,false,false,false,false,false,false,true,false,true,1,true,true,physical_support_with_dark_floor_reported_separately
350,19,3,false,false,false,false,false,false,true,false,true,1,true,true,physical_support_with_dark_floor_reported_separately
350,19,4,false,false,false,false,false,false,true,false,true,1,true,true,physical_support_with_dark_floor_reported_separately
350,19,5,false,false,false,false,false,false,true,false,true,1,true,true,physical_support_with_dark_floor_reported_separately
350,19,6,false,false,false,false,false,false,true,false,true,1,true,true,physical_support_with_dark_floor_reported_separately
350,19,7,false,false,false,false,false,false,true,false,true,1,true,true,physical_support_with_dark_floor_reported_separately
350,19,8,false,false,false,false,false,false,true,false,true,1,true,true,physical_support_with_dark_floor_reported_separately
350,19,9,false,false,false,false,false,false,true,false,true,1,true,true,physical_support_with_dark_floor_reported_separately
350,19,10,false,false,false,false,false,false,true,false,true,1,true,true,physical_support_with_dark_floor_reported_separately
350,19,11,false,false,false,false,false,false,true,false,true,1,true,true,physical_support_with_dark_floor_reported_separately
350,19,12,false,false,false,false,false,false,true,false,true,1,true,true,physical_support_with_dark_floor_reported_separately
350,19,13,false,false,false,false,false,false,true,false,true,1,true,true,physical_support_with_dark_floor_reported_separately
350,19,14,false,false,false,false,false,false,true,false,true,1,true,true,physical_support_with_dark_floor_reported_separately
350,19,15,false,false,false,false,false,false,true,false,true,1,true,true,physical_support_with_dark_floor_reported_separately
350,20,1,false,false,false,false,true,false,true,false,true,2,true,true,physical_support_with_dark_floor_reported_separately
350,20,2,false,false,false,false,true,false,true,false,true,2,true,true,physical_support_with_dark_floor_reported_separately
350,20,3,false,false,false,false,true,false,true,false,true,2,true,true,physical_support_with_dark_floor_reported_separately
350,20,4,false,false,false,false,true,false,true,false,true,2,true,true,physical_support_with_dark_floor_reported_separately
350,20,5,false,false,false,false,true,false,true,false,true,2,true,true,physical_support_with_dark_floor_reported_separately
350,20,6,false,false,false,false,true,false,true,false,true,2,true,true,physical_support_with_dark_floor_reported_separately
350,20,7,false,false,false,false,true,false,true,false,true,2,true,true,physical_support_with_dark_floor_reported_separately
350,20,8,false,false,false,false,true,false,true,false,true,2,true,true,physical_support_with_dark_floor_reported_separately
350,20,9,false,false,false,false,true,false,true,false,true,2,true,true,physical_support_with_dark_floor_reported_separately
350,20,10,false,false,false,false,true,false,true,false,true,2,true,true,physical_support_with_dark_floor_reported_separately
350,20,11,false,false,false,false,true,false,true,false,true,2,true,true,physical_support_with_dark_floor_reported_separately
350,20,12,false,false,false,false,true,false,true,false,true,2,true,true,physical_support_with_dark_floor_reported_separately
350,20,13,false,false,false,false,true,false,true,false,true,2,true,true,physical_support_with_dark_floor_reported_separately
350,20,14,false,false,false,false,true,false,true,false,true,2,true,true,physical_support_with_dark_floor_reported_separately
350,20,15,false,false,false,false,true,false,true,false,true,2,true,true,physical_support_with_dark_floor_reported_separately
350,21,1,false,false,false,false,false,false,true,false,true,1,true,true,physical_support_with_dark_floor_reported_separately
350,21,2,false,false,false,false,false,false,true,false,true,1,true,true,physical_support_with_dark_floor_reported_separately
350,21,3,false,false,false,false,false,false,true,false,true,1,true,true,physical_support_with_dark_floor_reported_separately
350,21,4,false,false,false,false,false,false,true,false,true,1,true,true,physical_support_with_dark_floor_reported_separately
350,21,5,false,false,false,false,false,false,true,false,true,1,true,true,physical_support_with_dark_floor_reported_separately
350,21,6,false,false,false,false,false,false,true,false,true,1,true,true,physical_support_with_dark_floor_reported_separately
350,21,7,false,false,false,false,false,false,true,false,true,1,true,true,physical_support_with_dark_floor_reported_separately
350,21,8,false,false,false,false,false,false,true,false,true,1,true,true,physical_support_with_dark_floor_reported_separately
350,21,9,false,false,false,false,false,false,true,false,true,1,true,true,physical_support_with_dark_floor_reported_separately
350,21,10,false,false,false,false,false,false,true,false,true,1,true,true,physical_support_with_dark_floor_reported_separately
350,21,11,false,false,false,false,false,false,true,false,true,1,true,true,physical_support_with_dark_floor_reported_separately
350,21,12,false,false,false,false,false,false,true,false,true,1,true,true,physical_support_with_dark_floor_reported_separately
350,21,13,false,false,false,false,false,false,true,false,true,1,true,true,physical_support_with_dark_floor_reported_separately
350,21,14,false,false,false,false,false,false,true,false,true,1,true,true,physical_support_with_dark_floor_reported_separately
350,21,15,false,false,false,false,false,false,true,false,true,1,true,true,physical_support_with_dark_floor_reported_separately
350,22,1,false,false,false,false,true,false,false,false,true,1,true,true,physical_support_with_dark_floor_reported_separately
350,22,2,false,false,false,false,true,false,false,false,true,1,true,true,physical_support_with_dark_floor_reported_separately
350,22,3,false,false,false,false,true,false,false,false,true,1,true,true,physical_support_with_dark_floor_reported_separately
350,22,4,false,false,false,false,true,false,false,false,true,1,true,true,physical_support_with_dark_floor_reported_separately
350,22,5,false,false,false,false,true,false,false,false,true,1,true,true,physical_support_with_dark_floor_reported_separately
350,22,6,false,false,false,false,true,false,false,false,true,1,true,true,physical_support_with_dark_floor_reported_separately
350,22,7,false,false,false,false,true,false,false,false,true,1,true,true,physical_support_with_dark_floor_reported_separately
350,22,8,false,false,false,false,true,false,false,false,true,1,true,true,physical_support_with_dark_floor_reported_separately
350,22,9,false,false,false,false,true,false,false,false,true,1,true,true,physical_support_with_dark_floor_reported_separately
350,22,10,false,false,false,false,true,false,false,false,true,1,true,true,physical_support_with_dark_floor_reported_separately
350,22,11,false,false,false,false,true,false,false,false,true,1,true,true,physical_support_with_dark_floor_reported_separately
350,22,12,false,false,false,false,true,false,false,false,true,1,true,true,physical_support_with_dark_floor_reported_separately
350,22,13,false,false,false,false,true,false,false,false,true,1,true,true,physical_support_with_dark_floor_reported_separately
350,22,14,false,false,false,false,true,false,false,false,true,1,true,true,physical_support_with_dark_floor_reported_separately
350,22,15,false,false,false,false,true,false,false,false,true,1,true,true,physical_support_with_dark_floor_reported_separately
350,23,1,false,false,false,false,true,false,true,false,true,2,true,true,physical_support_with_dark_floor_reported_separately
350,23,2,false,false,false,false,true,false,true,false,true,2,true,true,physical_support_with_dark_floor_reported_separately
350,23,3,false,false,false,false,true,false,true,false,true,2,true,true,physical_support_with_dark_floor_reported_separately
350,23,4,false,false,false,false,true,false,true,false,true,2,true,true,physical_support_with_dark_floor_reported_separately
350,23,5,false,false,false,false,true,false,true,false,true,2,true,true,physical_support_with_dark_floor_reported_separately
350,23,6,false,false,false,false,true,false,true,false,true,2,true,true,physical_support_with_dark_floor_reported_separately
350,23,7,false,false,false,false,true,false,true,false,true,2,true,true,physical_support_with_dark_floor_reported_separately
350,23,8,false,false,false,false,true,false,true,false,true,2,true,true,physical_support_with_dark_floor_reported_separately
350,23,9,false,false,false,false,true,false,true,false,true,2,true,true,physical_support_with_dark_floor_reported_separately
350,23,10,false,false,false,false,true,false,true,false,true,2,true,true,physical_support_with_dark_floor_reported_separately
350,23,11,false,false,false,false,true,false,true,false,true,2,true,true,physical_support_with_dark_floor_reported_separately
350,23,12,false,false,false,false,true,false,true,false,true,2,true,true,physical_support_with_dark_floor_reported_separately
350,23,13,false,false,false,false,true,false,true,false,true,2,true,true,physical_support_with_dark_floor_reported_separately
350,23,14,false,false,false,false,true,false,true,false,true,2,true,true,physical_support_with_dark_floor_reported_separately
350,23,15,false,false,false,false,true,false,true,false,true,2,true,true,physical_support_with_dark_floor_reported_separately
350,24,1,false,false,false,false,false,false,false,false,false,0,true,true,physical_support_with_dark_floor_reported_separately
350,24,2,false,false,false,false,false,false,false,false,false,0,true,true,physical_support_with_dark_floor_reported_separately
350,24,3,false,false,false,false,false,false,false,false,false,0,true,true,physical_support_with_dark_floor_reported_separately
350,24,4,false,false,false,false,false,false,false,false,false,0,true,true,physical_support_with_dark_floor_reported_separately
350,24,5,false,false,false,false,false,false,false,false,false,0,true,true,physical_support_with_dark_floor_reported_separately
350,24,6,false,false,false,false,false,false,false,false,false,0,true,true,physical_support_with_dark_floor_reported_separately
350,24,7,false,false,false,false,false,false,false,false,false,0,true,true,physical_support_with_dark_floor_reported_separately
350,24,8,false,false,false,false,false,false,false,false,false,0,true,true,physical_support_with_dark_floor_reported_separately
350,24,9,false,false,false,false,false,false,false,false,false,0,true,true,physical_support_with_dark_floor_reported_separately
350,24,10,false,false,false,false,false,false,false,false,false,0,true,true,physical_support_with_dark_floor_reported_separately
350,24,11,false,false,false,false,false,false,false,false,false,0,true,true,physical_support_with_dark_floor_reported_separately
350,24,12,false,false,false,false,false,false,false,false,false,0,true,true,physical_support_with_dark_floor_reported_separately
350,24,13,false,false,false,false,false,false,false,false,false,0,true,true,physical_support_with_dark_floor_reported_separately
350,24,14,false,false,false,false,false,false,false,false,false,0,true,true,physical_support_with_dark_floor_reported_separately
350,24,15,false,false,false,false,false,false,false,false,false,0,true,true,physical_support_with_dark_floor_reported_separately
350,25,1,false,false,false,false,true,false,true,false,true,2,true,true,physical_support_with_dark_floor_reported_separately
350,25,2,false,false,false,false,true,false,true,false,true,2,true,true,physical_support_with_dark_floor_reported_separately
350,25,3,false,false,false,false,true,false,true,false,true,2,true,true,physical_support_with_dark_floor_reported_separately
350,25,4,false,false,false,false,true,false,true,false,true,2,true,true,physical_support_with_dark_floor_reported_separately
350,25,5,false,false,false,false,true,false,true,false,true,2,true,true,physical_support_with_dark_floor_reported_separately
350,25,6,false,false,false,false,true,false,true,false,true,2,true,true,physical_support_with_dark_floor_reported_separately
350,25,7,false,false,false,false,true,false,true,false,true,2,true,true,physical_support_with_dark_floor_reported_separately
350,25,8,false,false,false,false,true,false,true,false,true,2,true,true,physical_support_with_dark_floor_reported_separately
350,25,9,false,false,false,false,true,false,true,false,true,2,true,true,physical_support_with_dark_floor_reported_separately
350,25,10,false,false,false,false,true,false,true,false,true,2,true,true,physical_support_with_dark_floor_reported_separately
350,25,11,false,false,false,false,true,false,true,false,true,2,true,true,physical_support_with_dark_floor_reported_separately
350,25,12,false,false,false,false,true,false,true,false,true,2,true,true,physical_support_with_dark_floor_reported_separately
350,25,13,false,false,false,false,true,false,true,false,true,2,true,true,physical_support_with_dark_floor_reported_separately
350,25,14,false,false,false,false,true,false,true,false,true,2,true,true,physical_support_with_dark_floor_reported_separately
350,25,15,false,false,false,false,true,false,true,false,true,2,true,true,physical_support_with_dark_floor_reported_separately
350,26,1,false,false,false,false,false,false,false,false,false,0,true,true,physical_support_with_dark_floor_reported_separately
350,26,2,false,false,false,false,false,false,false,false,false,0,true,true,physical_support_with_dark_floor_reported_separately
350,26,3,false,false,false,false,false,false,false,false,false,0,true,true,physical_support_with_dark_floor_reported_separately
350,26,4,false,false,false,false,false,false,false,false,false,0,true,true,physical_support_with_dark_floor_reported_separately
350,26,5,false,false,false,false,false,false,false,false,false,0,true,true,physical_support_with_dark_floor_reported_separately
350,26,6,false,false,false,false,false,false,false,false,false,0,true,true,physical_support_with_dark_floor_reported_separately
350,26,7,false,false,false,false,false,false,false,false,false,0,true,true,physical_support_with_dark_floor_reported_separately
350,26,8,false,false,false,false,false,false,false,false,false,0,true,true,physical_support_with_dark_floor_reported_separately
350,26,9,false,false,false,false,false,false,false,false,false,0,true,true,physical_support_with_dark_floor_reported_separately
350,26,10,false,false,false,false,false,false,false,false,false,0,true,true,physical_support_with_dark_floor_reported_separately
350,26,11,false,false,false,false,false,false,false,false,false,0,true,true,physical_support_with_dark_floor_reported_separately
350,26,12,false,false,false,false,false,false,false,false,false,0,true,true,physical_support_with_dark_floor_reported_separately
350,26,13,false,false,false,false,false,false,false,false,false,0,true,true,physical_support_with_dark_floor_reported_separately
350,26,14,false,false,false,false,false,false,false,false,false,0,true,true,physical_support_with_dark_floor_reported_separately
350,26,15,false,false,false,false,false,false,false,false,false,0,true,true,physical_support_with_dark_floor_reported_separately
350,27,1,false,false,false,false,false,false,true,false,true,1,true,true,physical_support_with_dark_floor_reported_separately
350,27,2,false,false,false,false,false,false,true,false,true,1,true,true,physical_support_with_dark_floor_reported_separately
350,27,3,false,false,false,false,false,false,true,false,true,1,true,true,physical_support_with_dark_floor_reported_separately
350,27,4,false,false,false,false,false,false,true,false,true,1,true,true,physical_support_with_dark_floor_reported_separately
350,27,5,false,false,false,false,false,false,true,false,true,1,true,true,physical_support_with_dark_floor_reported_separately
350,27,6,false,false,false,false,false,false,true,false,true,1,true,true,physical_support_with_dark_floor_reported_separately
350,27,7,false,false,false,false,false,false,true,false,true,1,true,true,physical_support_with_dark_floor_reported_separately
350,27,8,false,false,false,false,false,false,true,false,true,1,true,true,physical_support_with_dark_floor_reported_separately
350,27,9,false,false,false,false,false,false,true,false,true,1,true,true,physical_support_with_dark_floor_reported_separately
350,27,10,false,false,false,false,false,false,true,false,true,1,true,true,physical_support_with_dark_floor_reported_separately
350,27,11,false,false,false,false,false,false,true,false,true,1,true,true,physical_support_with_dark_floor_reported_separately
350,27,12,false,false,false,false,false,false,true,false,true,1,true,true,physical_support_with_dark_floor_reported_separately
350,27,13,false,false,false,false,false,false,true,false,true,1,true,true,physical_support_with_dark_floor_reported_separately
350,27,14,false,false,false,false,false,false,true,false,true,1,true,true,physical_support_with_dark_floor_reported_separately
350,27,15,false,false,false,false,false,false,true,false,true,1,true,true,physical_support_with_dark_floor_reported_separately
350,28,1,false,false,false,false,false,false,true,false,true,1,true,true,physical_support_with_dark_floor_reported_separately
350,28,2,false,false,false,false,false,false,true,false,true,1,true,true,physical_support_with_dark_floor_reported_separately
350,28,3,false,false,false,false,false,false,true,false,true,1,true,true,physical_support_with_dark_floor_reported_separately
350,28,4,false,false,false,false,false,false,true,false,true,1,true,true,physical_support_with_dark_floor_reported_separately
350,28,5,false,false,false,false,false,false,true,false,true,1,true,true,physical_support_with_dark_floor_reported_separately
350,28,6,false,false,false,false,false,false,true,false,true,1,true,true,physical_support_with_dark_floor_reported_separately
350,28,7,false,false,false,false,false,false,true,false,true,1,true,true,physical_support_with_dark_floor_reported_separately
350,28,8,false,false,false,false,false,false,true,false,true,1,true,true,physical_support_with_dark_floor_reported_separately
350,28,9,false,false,false,false,false,false,true,false,true,1,true,true,physical_support_with_dark_floor_reported_separately
350,28,10,false,false,false,false,false,false,true,false,true,1,true,true,physical_support_with_dark_floor_reported_separately
350,28,11,false,false,false,false,false,false,true,false,true,1,true,true,physical_support_with_dark_floor_reported_separately
350,28,12,false,false,false,false,false,false,true,false,true,1,true,true,physical_support_with_dark_floor_reported_separately
350,28,13,false,false,false,false,false,false,true,false,true,1,true,true,physical_support_with_dark_floor_reported_separately
350,28,14,false,false,false,false,false,false,true,false,true,1,true,true,physical_support_with_dark_floor_reported_separately
350,28,15,false,false,false,false,false,false,true,false,true,1,true,true,physical_support_with_dark_floor_reported_separately
350,29,1,false,false,false,false,false,false,false,false,false,0,true,true,physical_support_with_dark_floor_reported_separately
350,29,2,false,false,false,false,false,false,false,false,false,0,true,true,physical_support_with_dark_floor_reported_separately
350,29,3,false,false,false,false,false,false,false,false,false,0,true,true,physical_support_with_dark_floor_reported_separately
350,29,4,false,false,false,false,false,false,false,false,false,0,true,true,physical_support_with_dark_floor_reported_separately
350,29,5,false,false,false,false,false,false,false,false,false,0,true,true,physical_support_with_dark_floor_reported_separately
350,29,6,false,false,false,false,false,false,false,false,false,0,true,true,physical_support_with_dark_floor_reported_separately
350,29,7,false,false,false,false,false,false,false,false,false,0,true,true,physical_support_with_dark_floor_reported_separately
350,29,8,false,false,false,false,false,false,false,false,false,0,true,true,physical_support_with_dark_floor_reported_separately
350,29,9,false,false,false,false,false,false,false,false,false,0,true,true,physical_support_with_dark_floor_reported_separately
350,29,10,false,false,false,false,false,false,false,false,false,0,true,true,physical_support_with_dark_floor_reported_separately
350,29,11,false,false,false,false,false,false,false,false,false,0,true,true,physical_support_with_dark_floor_reported_separately
350,29,12,false,false,false,false,false,false,false,false,false,0,true,true,physical_support_with_dark_floor_reported_separately
350,29,13,false,false,false,false,false,false,false,false,false,0,true,true,physical_support_with_dark_floor_reported_separately
350,29,14,false,false,false,false,false,false,false,false,false,0,true,true,physical_support_with_dark_floor_reported_separately
350,29,15,false,false,false,false,false,false,false,false,false,0,true,true,physical_support_with_dark_floor_reported_separately
350,30,1,false,false,false,false,false,false,false,false,false,0,true,true,physical_support_with_dark_floor_reported_separately
350,30,2,false,false,false,false,false,false,false,false,false,0,true,true,physical_support_with_dark_floor_reported_separately
350,30,3,false,false,false,false,false,false,false,false,false,0,true,true,physical_support_with_dark_floor_reported_separately
350,30,4,false,false,false,false,false,false,false,false,false,0,true,true,physical_support_with_dark_floor_reported_separately
350,30,5,false,false,false,false,false,false,false,false,false,0,true,true,physical_support_with_dark_floor_reported_separately
350,30,6,false,false,false,false,false,false,false,false,false,0,true,true,physical_support_with_dark_floor_reported_separately
350,30,7,false,false,false,false,false,false,false,false,false,0,true,true,physical_support_with_dark_floor_reported_separately
350,30,8,false,false,false,false,false,false,false,false,false,0,true,true,physical_support_with_dark_floor_reported_separately
350,30,9,false,false,false,false,false,false,false,false,false,0,true,true,physical_support_with_dark_floor_reported_separately
350,30,10,false,false,false,false,false,false,false,false,false,0,true,true,physical_support_with_dark_floor_reported_separately
350,30,11,false,false,false,false,false,false,false,false,false,0,true,true,physical_support_with_dark_floor_reported_separately
350,30,12,false,false,false,false,false,false,false,false,false,0,true,true,physical_support_with_dark_floor_reported_separately
350,30,13,false,false,false,false,false,false,false,false,false,0,true,true,physical_support_with_dark_floor_reported_separately
350,30,14,false,false,false,false,false,false,false,false,false,0,true,true,physical_support_with_dark_floor_reported_separately
350,30,15,false,false,false,false,false,false,false,false,false,0,true,true,physical_support_with_dark_floor_reported_separately
350,31,1,false,false,false,false,false,false,true,false,true,1,true,true,physical_support_with_dark_floor_reported_separately
350,31,2,false,false,false,false,false,false,true,false,true,1,true,true,physical_support_with_dark_floor_reported_separately
350,31,3,false,false,false,false,false,false,true,false,true,1,true,true,physical_support_with_dark_floor_reported_separately
350,31,4,false,false,false,false,false,false,true,false,true,1,true,true,physical_support_with_dark_floor_reported_separately
350,31,5,false,false,false,false,false,false,true,false,true,1,true,true,physical_support_with_dark_floor_reported_separately
350,31,6,false,false,false,false,false,false,true,false,true,1,true,true,physical_support_with_dark_floor_reported_separately
350,31,7,false,false,false,false,false,false,true,false,true,1,true,true,physical_support_with_dark_floor_reported_separately
350,31,8,false,false,false,false,false,false,true,false,true,1,true,true,physical_support_with_dark_floor_reported_separately
350,31,9,false,false,false,false,false,false,true,false,true,1,true,true,physical_support_with_dark_floor_reported_separately
350,31,10,false,false,false,false,false,false,true,false,true,1,true,true,physical_support_with_dark_floor_reported_separately
350,31,11,false,false,false,false,false,false,true,false,true,1,true,true,physical_support_with_dark_floor_reported_separately
350,31,12,false,false,false,false,false,false,true,false,true,1,true,true,physical_support_with_dark_floor_reported_separately
350,31,13,false,false,false,false,false,false,true,false,true,1,true,true,physical_support_with_dark_floor_reported_separately
350,31,14,false,false,false,false,false,false,true,false,true,1,true,true,physical_support_with_dark_floor_reported_separately
350,31,15,false,false,false,false,false,false,true,false,true,1,true,true,physical_support_with_dark_floor_reported_separately
350,32,1,false,false,false,false,false,false,true,false,true,1,true,true,physical_support_with_dark_floor_reported_separately
350,32,2,false,false,false,false,false,false,true,false,true,1,true,true,physical_support_with_dark_floor_reported_separately
350,32,3,false,false,false,false,false,false,true,false,true,1,true,true,physical_support_with_dark_floor_reported_separately
350,32,4,false,false,false,false,false,false,true,false,true,1,true,true,physical_support_with_dark_floor_reported_separately
350,32,5,false,false,false,false,false,false,true,false,true,1,true,true,physical_support_with_dark_floor_reported_separately
350,32,6,false,false,false,false,false,false,true,false,true,1,true,true,physical_support_with_dark_floor_reported_separately
350,32,7,false,false,false,false,false,false,true,false,true,1,true,true,physical_support_with_dark_floor_reported_separately
350,32,8,false,false,false,false,false,false,true,false,true,1,true,true,physical_support_with_dark_floor_reported_separately
350,32,9,false,false,false,false,false,false,true,false,true,1,true,true,physical_support_with_dark_floor_reported_separately
350,32,10,false,false,false,false,false,false,true,false,true,1,true,true,physical_support_with_dark_floor_reported_separately
350,32,11,false,false,false,false,false,false,true,false,true,1,true,true,physical_support_with_dark_floor_reported_separately
350,32,12,false,false,false,false,false,false,true,false,true,1,true,true,physical_support_with_dark_floor_reported_separately
350,32,13,false,false,false,false,false,false,true,false,true,1,true,true,physical_support_with_dark_floor_reported_separately
350,32,14,false,false,false,false,false,false,true,false,true,1,true,true,physical_support_with_dark_floor_reported_separately
350,32,15,false,false,false,false,false,false,true,false,true,1,true,true,physical_support_with_dark_floor_reported_separately
350,33,1,false,false,false,false,true,false,false,false,true,1,true,true,physical_support_with_dark_floor_reported_separately
350,33,2,false,false,false,false,true,false,false,false,true,1,true,true,physical_support_with_dark_floor_reported_separately
350,33,3,false,false,false,false,true,false,false,false,true,1,true,true,physical_support_with_dark_floor_reported_separately
350,33,4,false,false,false,false,true,false,false,false,true,1,true,true,physical_support_with_dark_floor_reported_separately
350,33,5,false,false,false,false,true,false,false,false,true,1,true,true,physical_support_with_dark_floor_reported_separately
350,33,6,false,false,false,false,true,false,false,false,true,1,true,true,physical_support_with_dark_floor_reported_separately
350,33,7,false,false,false,false,true,false,false,false,true,1,true,true,physical_support_with_dark_floor_reported_separately
350,33,8,false,false,false,false,true,false,false,false,true,1,true,true,physical_support_with_dark_floor_reported_separately
350,33,9,false,false,false,false,true,false,false,false,true,1,true,true,physical_support_with_dark_floor_reported_separately
350,33,10,false,false,false,false,true,false,false,false,true,1,true,true,physical_support_with_dark_floor_reported_separately
350,33,11,false,false,false,false,true,false,false,false,true,1,true,true,physical_support_with_dark_floor_reported_separately
350,33,12,false,false,false,false,true,false,false,false,true,1,true,true,physical_support_with_dark_floor_reported_separately
350,33,13,false,false,false,false,true,false,false,false,true,1,true,true,physical_support_with_dark_floor_reported_separately
350,33,14,false,false,false,false,true,false,false,false,true,1,true,true,physical_support_with_dark_floor_reported_separately
350,33,15,false,false,false,false,true,false,false,false,true,1,true,true,physical_support_with_dark_floor_reported_separately
350,34,1,false,false,false,false,false,false,false,false,false,0,true,true,physical_support_with_dark_floor_reported_separately
350,34,2,false,false,false,false,false,false,false,false,false,0,true,true,physical_support_with_dark_floor_reported_separately
350,34,3,false,false,false,false,false,false,false,false,false,0,true,true,physical_support_with_dark_floor_reported_separately
350,34,4,false,false,false,false,false,false,false,false,false,0,true,true,physical_support_with_dark_floor_reported_separately
350,34,5,false,false,false,false,false,false,false,false,false,0,true,true,physical_support_with_dark_floor_reported_separately
350,34,6,false,false,false,false,false,false,false,false,false,0,true,true,physical_support_with_dark_floor_reported_separately
350,34,7,false,false,false,false,false,false,false,false,false,0,true,true,physical_support_with_dark_floor_reported_separately
350,34,8,false,false,false,false,false,false,false,false,false,0,true,true,physical_support_with_dark_floor_reported_separately
350,34,9,false,false,false,false,false,false,false,false,false,0,true,true,physical_support_with_dark_floor_reported_separately
350,34,10,false,false,false,false,false,false,false,false,false,0,true,true,physical_support_with_dark_floor_reported_separately
350,34,11,false,false,false,false,false,false,false,false,false,0,true,true,physical_support_with_dark_floor_reported_separately
350,34,12,false,false,false,false,false,false,false,false,false,0,true,true,physical_support_with_dark_floor_reported_separately
350,34,13,false,false,false,false,false,false,false,false,false,0,true,true,physical_support_with_dark_floor_reported_separately
350,34,14,false,false,false,false,false,false,false,false,false,0,true,true,physical_support_with_dark_floor_reported_separately
350,34,15,false,false,false,false,false,false,false,false,false,0,true,true,physical_support_with_dark_floor_reported_separately
350,35,1,false,false,false,false,true,false,true,false,true,2,true,true,physical_support_with_dark_floor_reported_separately
350,35,2,false,false,false,false,true,false,true,false,true,2,true,true,physical_support_with_dark_floor_reported_separately
350,35,3,false,false,false,false,true,false,true,false,true,2,true,true,physical_support_with_dark_floor_reported_separately
350,35,4,false,false,false,false,true,false,true,false,true,2,true,true,physical_support_with_dark_floor_reported_separately
350,35,5,false,false,false,false,true,false,true,false,true,2,true,true,physical_support_with_dark_floor_reported_separately
350,35,6,false,false,false,false,true,false,true,false,true,2,true,true,physical_support_with_dark_floor_reported_separately
350,35,7,false,false,false,false,true,false,true,false,true,2,true,true,physical_support_with_dark_floor_reported_separately
350,35,8,false,false,false,false,true,false,true,false,true,2,true,true,physical_support_with_dark_floor_reported_separately
350,35,9,false,false,false,false,true,false,true,false,true,2,true,true,physical_support_with_dark_floor_reported_separately
350,35,10,false,false,false,false,true,false,true,false,true,2,true,true,physical_support_with_dark_floor_reported_separately
350,35,11,false,false,false,false,true,false,true,false,true,2,true,true,physical_support_with_dark_floor_reported_separately
350,35,12,false,false,false,false,true,false,true,false,true,2,true,true,physical_support_with_dark_floor_reported_separately
350,35,13,false,false,false,false,true,false,true,false,true,2,true,true,physical_support_with_dark_floor_reported_separately
350,35,14,false,false,false,false,true,false,true,false,true,2,true,true,physical_support_with_dark_floor_reported_separately
350,35,15,false,false,false,false,true,false,true,false,true,2,true,true,physical_support_with_dark_floor_reported_separately
350,36,1,false,false,false,false,true,false,true,false,true,2,true,true,physical_support_with_dark_floor_reported_separately
350,36,2,false,false,false,false,true,false,true,false,true,2,true,true,physical_support_with_dark_floor_reported_separately
350,36,3,false,false,false,false,true,false,true,false,true,2,true,true,physical_support_with_dark_floor_reported_separately
350,36,4,false,false,false,false,true,false,true,false,true,2,true,true,physical_support_with_dark_floor_reported_separately
350,36,5,false,false,false,false,true,false,true,false,true,2,true,true,physical_support_with_dark_floor_reported_separately
350,36,6,false,false,false,false,true,false,true,false,true,2,true,true,physical_support_with_dark_floor_reported_separately
350,36,7,false,false,false,false,true,false,true,false,true,2,true,true,physical_support_with_dark_floor_reported_separately
350,36,8,false,false,false,false,true,false,true,false,true,2,true,true,physical_support_with_dark_floor_reported_separately
350,36,9,false,false,false,false,true,false,true,false,true,2,true,true,physical_support_with_dark_floor_reported_separately
350,36,10,false,false,false,false,true,false,true,false,true,2,true,true,physical_support_with_dark_floor_reported_separately
350,36,11,false,false,false,false,true,false,true,false,true,2,true,true,physical_support_with_dark_floor_reported_separately
350,36,12,false,false,false,false,true,false,true,false,true,2,true,true,physical_support_with_dark_floor_reported_separately
350,36,13,false,false,false,false,true,false,true,false,true,2,true,true,physical_support_with_dark_floor_reported_separately
350,36,14,false,false,false,false,true,false,true,false,true,2,true,true,physical_support_with_dark_floor_reported_separately
350,36,15,false,false,false,false,true,false,true,false,true,2,true,true,physical_support_with_dark_floor_reported_separately
350,37,1,false,false,false,false,true,false,true,false,true,2,true,true,physical_support_with_dark_floor_reported_separately
350,37,2,false,false,false,false,true,false,true,false,true,2,true,true,physical_support_with_dark_floor_reported_separately
350,37,3,false,false,false,false,true,false,true,false,true,2,true,true,physical_support_with_dark_floor_reported_separately
350,37,4,false,false,false,false,true,false,true,false,true,2,true,true,physical_support_with_dark_floor_reported_separately
350,37,5,false,false,false,false,true,false,true,false,true,2,true,true,physical_support_with_dark_floor_reported_separately
350,37,6,false,false,false,false,true,false,true,false,true,2,true,true,physical_support_with_dark_floor_reported_separately
350,37,7,false,false,false,false,true,false,true,false,true,2,true,true,physical_support_with_dark_floor_reported_separately
350,37,8,false,false,false,false,true,false,true,false,true,2,true,true,physical_support_with_dark_floor_reported_separately
350,37,9,false,false,false,false,true,false,true,false,true,2,true,true,physical_support_with_dark_floor_reported_separately
350,37,10,false,false,false,false,true,false,true,false,true,2,true,true,physical_support_with_dark_floor_reported_separately
350,37,11,false,false,false,false,true,false,true,false,true,2,true,true,physical_support_with_dark_floor_reported_separately
350,37,12,false,false,false,false,true,false,true,false,true,2,true,true,physical_support_with_dark_floor_reported_separately
350,37,13,false,false,false,false,true,false,true,false,true,2,true,true,physical_support_with_dark_floor_reported_separately
350,37,14,false,false,false,false,true,false,true,false,true,2,true,true,physical_support_with_dark_floor_reported_separately
350,37,15,false,false,false,false,true,false,true,false,true,2,true,true,physical_support_with_dark_floor_reported_separately
350,38,1,false,false,false,false,false,false,false,false,false,0,true,true,physical_support_with_dark_floor_reported_separately
350,38,2,false,false,false,false,false,false,false,false,false,0,true,true,physical_support_with_dark_floor_reported_separately
350,38,3,false,false,false,false,false,false,false,false,false,0,true,true,physical_support_with_dark_floor_reported_separately
350,38,4,false,false,false,false,false,false,false,false,false,0,true,true,physical_support_with_dark_floor_reported_separately
350,38,5,false,false,false,false,false,false,false,false,false,0,true,true,physical_support_with_dark_floor_reported_separately
350,38,6,false,false,false,false,false,false,false,false,false,0,true,true,physical_support_with_dark_floor_reported_separately
350,38,7,false,false,false,false,false,false,false,false,false,0,true,true,physical_support_with_dark_floor_reported_separately
350,38,8,false,false,false,false,false,false,false,false,false,0,true,true,physical_support_with_dark_floor_reported_separately
350,38,9,false,false,false,false,false,false,false,false,false,0,true,true,physical_support_with_dark_floor_reported_separately
350,38,10,false,false,false,false,false,false,false,false,false,0,true,true,physical_support_with_dark_floor_reported_separately
350,38,11,false,false,false,false,false,false,false,false,false,0,true,true,physical_support_with_dark_floor_reported_separately
350,38,12,false,false,false,false,false,false,false,false,false,0,true,true,physical_support_with_dark_floor_reported_separately
350,38,13,false,false,false,false,false,false,false,false,false,0,true,true,physical_support_with_dark_floor_reported_separately
350,38,14,false,false,false,false,false,false,false,false,false,0,true,true,physical_support_with_dark_floor_reported_separately
350,38,15,false,false,false,false,false,false,false,false,false,0,true,true,physical_support_with_dark_floor_reported_separately
350,39,1,false,false,false,false,false,false,false,false,false,0,true,true,physical_support_with_dark_floor_reported_separately
350,39,2,false,false,false,false,false,false,false,false,false,0,true,true,physical_support_with_dark_floor_reported_separately
350,39,3,false,false,false,false,false,false,false,false,false,0,true,true,physical_support_with_dark_floor_reported_separately
350,39,4,false,false,false,false,false,false,false,false,false,0,true,true,physical_support_with_dark_floor_reported_separately
350,39,5,false,false,false,false,false,false,false,false,false,0,true,true,physical_support_with_dark_floor_reported_separately
350,39,6,false,false,false,false,false,false,false,false,false,0,true,true,physical_support_with_dark_floor_reported_separately
350,39,7,false,false,false,false,false,false,false,false,false,0,true,true,physical_support_with_dark_floor_reported_separately
350,39,8,false,false,false,false,false,false,false,false,false,0,true,true,physical_support_with_dark_floor_reported_separately
350,39,9,false,false,false,false,false,false,false,false,false,0,true,true,physical_support_with_dark_floor_reported_separately
350,39,10,false,false,false,false,false,false,false,false,false,0,true,true,physical_support_with_dark_floor_reported_separately
350,39,11,false,false,false,false,false,false,false,false,false,0,true,true,physical_support_with_dark_floor_reported_separately
350,39,12,false,false,false,false,false,false,false,false,false,0,true,true,physical_support_with_dark_floor_reported_separately
350,39,13,false,false,false,false,false,false,false,false,false,0,true,true,physical_support_with_dark_floor_reported_separately
350,39,14,false,false,false,false,false,false,false,false,false,0,true,true,physical_support_with_dark_floor_reported_separately
350,39,15,false,false,false,false,false,false,false,false,false,0,true,true,physical_support_with_dark_floor_reported_separately
350,40,1,false,false,false,false,false,false,true,false,true,1,true,true,physical_support_with_dark_floor_reported_separately
350,40,2,false,false,false,false,false,false,true,false,true,1,true,true,physical_support_with_dark_floor_reported_separately
350,40,3,false,false,false,false,false,false,true,false,true,1,true,true,physical_support_with_dark_floor_reported_separately
350,40,4,false,false,false,false,false,false,true,false,true,1,true,true,physical_support_with_dark_floor_reported_separately
350,40,5,false,false,false,false,false,false,true,false,true,1,true,true,physical_support_with_dark_floor_reported_separately
350,40,6,false,false,false,false,false,false,true,false,true,1,true,true,physical_support_with_dark_floor_reported_separately
350,40,7,false,false,false,false,false,false,true,false,true,1,true,true,physical_support_with_dark_floor_reported_separately
350,40,8,false,false,false,false,false,false,true,false,true,1,true,true,physical_support_with_dark_floor_reported_separately
350,40,9,false,false,false,false,false,false,true,false,true,1,true,true,physical_support_with_dark_floor_reported_separately
350,40,10,false,false,false,false,false,false,true,false,true,1,true,true,physical_support_with_dark_floor_reported_separately
350,40,11,false,false,false,false,false,false,true,false,true,1,true,true,physical_support_with_dark_floor_reported_separately
350,40,12,false,false,false,false,false,false,true,false,true,1,true,true,physical_support_with_dark_floor_reported_separately
350,40,13,false,false,false,false,false,false,true,false,true,1,true,true,physical_support_with_dark_floor_reported_separately
350,40,14,false,false,false,false,false,false,true,false,true,1,true,true,physical_support_with_dark_floor_reported_separately
350,40,15,false,false,false,false,false,false,true,false,true,1,true,true,physical_support_with_dark_floor_reported_separately
350,41,1,false,false,false,false,false,false,true,false,true,1,true,true,physical_support_with_dark_floor_reported_separately
350,41,2,false,false,false,false,false,false,true,false,true,1,true,true,physical_support_with_dark_floor_reported_separately
350,41,3,false,false,false,false,false,false,true,false,true,1,true,true,physical_support_with_dark_floor_reported_separately
350,41,4,false,false,false,false,false,false,true,false,true,1,true,true,physical_support_with_dark_floor_reported_separately
350,41,5,false,false,false,false,false,false,true,false,true,1,true,true,physical_support_with_dark_floor_reported_separately
350,41,6,false,false,false,false,false,false,true,false,true,1,true,true,physical_support_with_dark_floor_reported_separately
350,41,7,false,false,false,false,false,false,true,false,true,1,true,true,physical_support_with_dark_floor_reported_separately
350,41,8,false,false,false,false,false,false,true,false,true,1,true,true,physical_support_with_dark_floor_reported_separately
350,41,9,false,false,false,false,false,false,true,false,true,1,true,true,physical_support_with_dark_floor_reported_separately
350,41,10,false,false,false,false,false,false,true,false,true,1,true,true,physical_support_with_dark_floor_reported_separately
350,41,11,false,false,false,false,false,false,true,false,true,1,true,true,physical_support_with_dark_floor_reported_separately
350,41,12,false,false,false,false,false,false,true,false,true,1,true,true,physical_support_with_dark_floor_reported_separately
350,41,13,false,false,false,false,false,false,true,false,true,1,true,true,physical_support_with_dark_floor_reported_separately
350,41,14,false,false,false,false,false,false,true,false,true,1,true,true,physical_support_with_dark_floor_reported_separately
350,41,15,false,false,false,false,false,false,true,false,true,1,true,true,physical_support_with_dark_floor_reported_separately
350,42,1,false,false,false,false,false,false,false,false,false,0,true,true,physical_support_with_dark_floor_reported_separately
350,42,2,false,false,false,false,false,false,false,false,false,0,true,true,physical_support_with_dark_floor_reported_separately
350,42,3,false,false,false,false,false,false,false,false,false,0,true,true,physical_support_with_dark_floor_reported_separately
350,42,4,false,false,false,false,false,false,false,false,false,0,true,true,physical_support_with_dark_floor_reported_separately
350,42,5,false,false,false,false,false,false,false,false,false,0,true,true,physical_support_with_dark_floor_reported_separately
350,42,6,false,false,false,false,false,false,false,false,false,0,true,true,physical_support_with_dark_floor_reported_separately
350,42,7,false,false,false,false,false,false,false,false,false,0,true,true,physical_support_with_dark_floor_reported_separately
350,42,8,false,false,false,false,false,false,false,false,false,0,true,true,physical_support_with_dark_floor_reported_separately
350,42,9,false,false,false,false,false,false,false,false,false,0,true,true,physical_support_with_dark_floor_reported_separately
350,42,10,false,false,false,false,false,false,false,false,false,0,true,true,physical_support_with_dark_floor_reported_separately
350,42,11,false,false,false,false,false,false,false,false,false,0,true,true,physical_support_with_dark_floor_reported_separately
350,42,12,false,false,false,false,false,false,false,false,false,0,true,true,physical_support_with_dark_floor_reported_separately
350,42,13,false,false,false,false,false,false,false,false,false,0,true,true,physical_support_with_dark_floor_reported_separately
350,42,14,false,false,false,false,false,false,false,false,false,0,true,true,physical_support_with_dark_floor_reported_separately
350,42,15,false,false,false,false,false,false,false,false,false,0,true,true,physical_support_with_dark_floor_reported_separately
350,43,1,false,false,false,false,false,false,true,false,true,1,true,true,physical_support_with_dark_floor_reported_separately
350,43,2,false,false,false,false,false,false,true,false,true,1,true,true,physical_support_with_dark_floor_reported_separately
350,43,3,false,false,false,false,false,false,true,false,true,1,true,true,physical_support_with_dark_floor_reported_separately
350,43,4,false,false,false,false,false,false,true,false,true,1,true,true,physical_support_with_dark_floor_reported_separately
350,43,5,false,false,false,false,false,false,true,false,true,1,true,true,physical_support_with_dark_floor_reported_separately
350,43,6,false,false,false,false,false,false,true,false,true,1,true,true,physical_support_with_dark_floor_reported_separately
350,43,7,false,false,false,false,false,false,true,false,true,1,true,true,physical_support_with_dark_floor_reported_separately
350,43,8,false,false,false,false,false,false,true,false,true,1,true,true,physical_support_with_dark_floor_reported_separately
350,43,9,false,false,false,false,false,false,true,false,true,1,true,true,physical_support_with_dark_floor_reported_separately
350,43,10,false,false,false,false,false,false,true,false,true,1,true,true,physical_support_with_dark_floor_reported_separately
350,43,11,false,false,false,false,false,false,true,false,true,1,true,true,physical_support_with_dark_floor_reported_separately
350,43,12,false,false,false,false,false,false,true,false,true,1,true,true,physical_support_with_dark_floor_reported_separately
350,43,13,false,false,false,false,false,false,true,false,true,1,true,true,physical_support_with_dark_floor_reported_separately
350,43,14,false,false,false,false,false,false,true,false,true,1,true,true,physical_support_with_dark_floor_reported_separately
350,43,15,false,false,false,false,false,false,true,false,true,1,true,true,physical_support_with_dark_floor_reported_separately
350,44,1,false,false,false,false,false,false,true,false,true,1,true,true,physical_support_with_dark_floor_reported_separately
350,44,2,false,false,false,false,false,false,true,false,true,1,true,true,physical_support_with_dark_floor_reported_separately
350,44,3,false,false,false,false,false,false,true,false,true,1,true,true,physical_support_with_dark_floor_reported_separately
350,44,4,false,false,false,false,false,false,true,false,true,1,true,true,physical_support_with_dark_floor_reported_separately
350,44,5,false,false,false,false,false,false,true,false,true,1,true,true,physical_support_with_dark_floor_reported_separately
350,44,6,false,false,false,false,false,false,true,false,true,1,true,true,physical_support_with_dark_floor_reported_separately
350,44,7,false,false,false,false,false,false,true,false,true,1,true,true,physical_support_with_dark_floor_reported_separately
350,44,8,false,false,false,false,false,false,true,false,true,1,true,true,physical_support_with_dark_floor_reported_separately
350,44,9,false,false,false,false,false,false,true,false,true,1,true,true,physical_support_with_dark_floor_reported_separately
350,44,10,false,false,false,false,false,false,true,false,true,1,true,true,physical_support_with_dark_floor_reported_separately
350,44,11,false,false,false,false,false,false,true,false,true,1,true,true,physical_support_with_dark_floor_reported_separately
350,44,12,false,false,false,false,false,false,true,false,true,1,true,true,physical_support_with_dark_floor_reported_separately
350,44,13,false,false,false,false,false,false,true,false,true,1,true,true,physical_support_with_dark_floor_reported_separately
350,44,14,false,false,false,false,false,false,true,false,true,1,true,true,physical_support_with_dark_floor_reported_separately
350,44,15,false,false,false,false,false,false,true,false,true,1,true,true,physical_support_with_dark_floor_reported_separately
350,45,1,false,false,false,false,false,false,true,false,true,1,true,true,physical_support_with_dark_floor_reported_separately
350,45,2,false,false,false,false,false,false,true,false,true,1,true,true,physical_support_with_dark_floor_reported_separately
350,45,3,false,false,false,false,false,false,true,false,true,1,true,true,physical_support_with_dark_floor_reported_separately
350,45,4,false,false,false,false,false,false,true,false,true,1,true,true,physical_support_with_dark_floor_reported_separately
350,45,5,false,false,false,false,false,false,true,false,true,1,true,true,physical_support_with_dark_floor_reported_separately
350,45,6,false,false,false,false,false,false,true,false,true,1,true,true,physical_support_with_dark_floor_reported_separately
350,45,7,false,false,false,false,false,false,true,false,true,1,true,true,physical_support_with_dark_floor_reported_separately
350,45,8,false,false,false,false,false,false,true,false,true,1,true,true,physical_support_with_dark_floor_reported_separately
350,45,9,false,false,false,false,false,false,true,false,true,1,true,true,physical_support_with_dark_floor_reported_separately
350,45,10,false,false,false,false,false,false,true,false,true,1,true,true,physical_support_with_dark_floor_reported_separately
350,45,11,false,false,false,false,false,false,true,false,true,1,true,true,physical_support_with_dark_floor_reported_separately
350,45,12,false,false,false,false,false,false,true,false,true,1,true,true,physical_support_with_dark_floor_reported_separately
350,45,13,false,false,false,false,false,false,true,false,true,1,true,true,physical_support_with_dark_floor_reported_separately
350,45,14,false,false,false,false,false,false,true,false,true,1,true,true,physical_support_with_dark_floor_reported_separately
350,45,15,false,false,false,false,false,false,true,false,true,1,true,true,physical_support_with_dark_floor_reported_separately
350,46,1,false,false,false,false,true,false,false,false,true,1,true,true,physical_support_with_dark_floor_reported_separately
350,46,2,false,false,false,false,true,false,false,false,true,1,true,true,physical_support_with_dark_floor_reported_separately
350,46,3,false,false,false,false,true,false,false,false,true,1,true,true,physical_support_with_dark_floor_reported_separately
350,46,4,false,false,false,false,true,false,false,false,true,1,true,true,physical_support_with_dark_floor_reported_separately
350,46,5,false,false,false,false,true,false,false,false,true,1,true,true,physical_support_with_dark_floor_reported_separately
350,46,6,false,false,false,false,true,false,false,false,true,1,true,true,physical_support_with_dark_floor_reported_separately
350,46,7,false,false,false,false,true,false,false,false,true,1,true,true,physical_support_with_dark_floor_reported_separately
350,46,8,false,false,false,false,true,false,false,false,true,1,true,true,physical_support_with_dark_floor_reported_separately
350,46,9,false,false,false,false,true,false,false,false,true,1,true,true,physical_support_with_dark_floor_reported_separately
350,46,10,false,false,false,false,true,false,false,false,true,1,true,true,physical_support_with_dark_floor_reported_separately
350,46,11,false,false,false,false,true,false,false,false,true,1,true,true,physical_support_with_dark_floor_reported_separately
350,46,12,false,false,false,false,true,false,false,false,true,1,true,true,physical_support_with_dark_floor_reported_separately
350,46,13,false,false,false,false,true,false,false,false,true,1,true,true,physical_support_with_dark_floor_reported_separately
350,46,14,false,false,false,false,true,false,false,false,true,1,true,true,physical_support_with_dark_floor_reported_separately
350,46,15,false,false,false,false,true,false,false,false,true,1,true,true,physical_support_with_dark_floor_reported_separately
350,47,1,false,false,false,false,true,false,true,false,true,2,true,true,physical_support_with_dark_floor_reported_separately
350,47,2,false,false,false,false,true,false,true,false,true,2,true,true,physical_support_with_dark_floor_reported_separately
350,47,3,false,false,false,false,true,false,true,false,true,2,true,true,physical_support_with_dark_floor_reported_separately
350,47,4,false,false,false,false,true,false,true,false,true,2,true,true,physical_support_with_dark_floor_reported_separately
350,47,5,false,false,false,false,true,false,true,false,true,2,true,true,physical_support_with_dark_floor_reported_separately
350,47,6,false,false,false,false,true,false,true,false,true,2,true,true,physical_support_with_dark_floor_reported_separately
350,47,7,false,false,false,false,true,false,true,false,true,2,true,true,physical_support_with_dark_floor_reported_separately
350,47,8,false,false,false,false,true,false,true,false,true,2,true,true,physical_support_with_dark_floor_reported_separately
350,47,9,false,false,false,false,true,false,true,false,true,2,true,true,physical_support_with_dark_floor_reported_separately
350,47,10,false,false,false,false,true,false,true,false,true,2,true,true,physical_support_with_dark_floor_reported_separately
350,47,11,false,false,false,false,true,false,true,false,true,2,true,true,physical_support_with_dark_floor_reported_separately
350,47,12,false,false,false,false,true,false,true,false,true,2,true,true,physical_support_with_dark_floor_reported_separately
350,47,13,false,false,false,false,true,false,true,false,true,2,true,true,physical_support_with_dark_floor_reported_separately
350,47,14,false,false,false,false,true,false,true,false,true,2,true,true,physical_support_with_dark_floor_reported_separately
350,47,15,false,false,false,false,true,false,true,false,true,2,true,true,physical_support_with_dark_floor_reported_separately
350,48,1,false,false,false,false,true,false,false,false,true,1,true,true,physical_support_with_dark_floor_reported_separately
350,48,2,false,false,false,false,true,false,false,false,true,1,true,true,physical_support_with_dark_floor_reported_separately
350,48,3,false,false,false,false,true,false,false,false,true,1,true,true,physical_support_with_dark_floor_reported_separately
350,48,4,false,false,false,false,true,false,false,false,true,1,true,true,physical_support_with_dark_floor_reported_separately
350,48,5,false,false,false,false,true,false,false,false,true,1,true,true,physical_support_with_dark_floor_reported_separately
350,48,6,false,false,false,false,true,false,false,false,true,1,true,true,physical_support_with_dark_floor_reported_separately
350,48,7,false,false,false,false,true,false,false,false,true,1,true,true,physical_support_with_dark_floor_reported_separately
350,48,8,false,false,false,false,true,false,false,false,true,1,true,true,physical_support_with_dark_floor_reported_separately
350,48,9,false,false,false,false,true,false,false,false,true,1,true,true,physical_support_with_dark_floor_reported_separately
350,48,10,false,false,false,false,true,false,false,false,true,1,true,true,physical_support_with_dark_floor_reported_separately
350,48,11,false,false,false,false,true,false,false,false,true,1,true,true,physical_support_with_dark_floor_reported_separately
350,48,12,false,false,false,false,true,false,false,false,true,1,true,true,physical_support_with_dark_floor_reported_separately
350,48,13,false,false,false,false,true,false,false,false,true,1,true,true,physical_support_with_dark_floor_reported_separately
350,48,14,false,false,false,false,true,false,false,false,true,1,true,true,physical_support_with_dark_floor_reported_separately
350,48,15,false,false,false,false,true,false,false,false,true,1,true,true,physical_support_with_dark_floor_reported_separately
350,49,1,false,false,false,false,false,false,true,false,true,1,true,true,physical_support_with_dark_floor_reported_separately
350,49,2,false,false,false,false,false,false,true,false,true,1,true,true,physical_support_with_dark_floor_reported_separately
350,49,3,false,false,false,false,false,false,true,false,true,1,true,true,physical_support_with_dark_floor_reported_separately
350,49,4,false,false,false,false,false,false,true,false,true,1,true,true,physical_support_with_dark_floor_reported_separately
350,49,5,false,false,false,false,false,false,true,false,true,1,true,true,physical_support_with_dark_floor_reported_separately
350,49,6,false,false,false,false,false,false,true,false,true,1,true,true,physical_support_with_dark_floor_reported_separately
350,49,7,false,false,false,false,false,false,true,false,true,1,true,true,physical_support_with_dark_floor_reported_separately
350,49,8,false,false,false,false,false,false,true,false,true,1,true,true,physical_support_with_dark_floor_reported_separately
350,49,9,false,false,false,false,false,false,true,false,true,1,true,true,physical_support_with_dark_floor_reported_separately
350,49,10,false,false,false,false,false,false,true,false,true,1,true,true,physical_support_with_dark_floor_reported_separately
350,49,11,false,false,false,false,false,false,true,false,true,1,true,true,physical_support_with_dark_floor_reported_separately
350,49,12,false,false,false,false,false,false,true,false,true,1,true,true,physical_support_with_dark_floor_reported_separately
350,49,13,false,false,false,false,false,false,true,false,true,1,true,true,physical_support_with_dark_floor_reported_separately
350,49,14,false,false,false,false,false,false,true,false,true,1,true,true,physical_support_with_dark_floor_reported_separately
350,49,15,false,false,false,false,false,false,true,false,true,1,true,true,physical_support_with_dark_floor_reported_separately
350,50,1,false,false,false,false,false,false,true,false,true,1,true,true,physical_support_with_dark_floor_reported_separately
350,50,2,false,false,false,false,false,false,true,false,true,1,true,true,physical_support_with_dark_floor_reported_separately
350,50,3,false,false,false,false,false,false,true,false,true,1,true,true,physical_support_with_dark_floor_reported_separately
350,50,4,false,false,false,false,false,false,true,false,true,1,true,true,physical_support_with_dark_floor_reported_separately
350,50,5,false,false,false,false,false,false,true,false,true,1,true,true,physical_support_with_dark_floor_reported_separately
350,50,6,false,false,false,false,false,false,true,false,true,1,true,true,physical_support_with_dark_floor_reported_separately
350,50,7,false,false,false,false,false,false,true,false,true,1,true,true,physical_support_with_dark_floor_reported_separately
350,50,8,false,false,false,false,false,false,true,false,true,1,true,true,physical_support_with_dark_floor_reported_separately
350,50,9,false,false,false,false,false,false,true,false,true,1,true,true,physical_support_with_dark_floor_reported_separately
350,50,10,false,false,false,false,false,false,true,false,true,1,true,true,physical_support_with_dark_floor_reported_separately
350,50,11,false,false,false,false,false,false,true,false,true,1,true,true,physical_support_with_dark_floor_reported_separately
350,50,12,false,false,false,false,false,false,true,false,true,1,true,true,physical_support_with_dark_floor_reported_separately
350,50,13,false,false,false,false,false,false,true,false,true,1,true,true,physical_support_with_dark_floor_reported_separately
350,50,14,false,false,false,false,false,false,true,false,true,1,true,true,physical_support_with_dark_floor_reported_separately
350,50,15,false,false,false,false,false,false,true,false,true,1,true,true,physical_support_with_dark_floor_reported_separately
350,51,1,false,false,false,false,false,false,true,false,true,1,true,true,physical_support_with_dark_floor_reported_separately
350,51,2,false,false,false,false,false,false,true,false,true,1,true,true,physical_support_with_dark_floor_reported_separately
350,51,3,false,false,false,false,false,false,true,false,true,1,true,true,physical_support_with_dark_floor_reported_separately
350,51,4,false,false,false,false,false,false,true,false,true,1,true,true,physical_support_with_dark_floor_reported_separately
350,51,5,false,false,false,false,false,false,true,false,true,1,true,true,physical_support_with_dark_floor_reported_separately
350,51,6,false,false,false,false,false,false,true,false,true,1,true,true,physical_support_with_dark_floor_reported_separately
350,51,7,false,false,false,false,false,false,true,false,true,1,true,true,physical_support_with_dark_floor_reported_separately
350,51,8,false,false,false,false,false,false,true,false,true,1,true,true,physical_support_with_dark_floor_reported_separately
350,51,9,false,false,false,false,false,false,true,false,true,1,true,true,physical_support_with_dark_floor_reported_separately
350,51,10,false,false,false,false,false,false,true,false,true,1,true,true,physical_support_with_dark_floor_reported_separately
350,51,11,false,false,false,false,false,false,true,false,true,1,true,true,physical_support_with_dark_floor_reported_separately
350,51,12,false,false,false,false,false,false,true,false,true,1,true,true,physical_support_with_dark_floor_reported_separately
350,51,13,false,false,false,false,false,false,true,false,true,1,true,true,physical_support_with_dark_floor_reported_separately
350,51,14,false,false,false,false,false,false,true,false,true,1,true,true,physical_support_with_dark_floor_reported_separately
350,51,15,false,false,false,false,false,false,true,false,true,1,true,true,physical_support_with_dark_floor_reported_separately
350,52,1,false,false,false,false,false,false,true,false,true,1,true,true,physical_support_with_dark_floor_reported_separately
350,52,2,false,false,false,false,false,false,true,false,true,1,true,true,physical_support_with_dark_floor_reported_separately
350,52,3,false,false,false,false,false,false,true,false,true,1,true,true,physical_support_with_dark_floor_reported_separately
350,52,4,false,false,false,false,false,false,true,false,true,1,true,true,physical_support_with_dark_floor_reported_separately
350,52,5,false,false,false,false,false,false,true,false,true,1,true,true,physical_support_with_dark_floor_reported_separately
350,52,6,false,false,false,false,false,false,true,false,true,1,true,true,physical_support_with_dark_floor_reported_separately
350,52,7,false,false,false,false,false,false,true,false,true,1,true,true,physical_support_with_dark_floor_reported_separately
350,52,8,false,false,false,false,false,false,true,false,true,1,true,true,physical_support_with_dark_floor_reported_separately
350,52,9,false,false,false,false,false,false,true,false,true,1,true,true,physical_support_with_dark_floor_reported_separately
350,52,10,false,false,false,false,false,false,true,false,true,1,true,true,physical_support_with_dark_floor_reported_separately
350,52,11,false,false,false,false,false,false,true,false,true,1,true,true,physical_support_with_dark_floor_reported_separately
350,52,12,false,false,false,false,false,false,true,false,true,1,true,true,physical_support_with_dark_floor_reported_separately
350,52,13,false,false,false,false,false,false,true,false,true,1,true,true,physical_support_with_dark_floor_reported_separately
350,52,14,false,false,false,false,false,false,true,false,true,1,true,true,physical_support_with_dark_floor_reported_separately
350,52,15,false,false,false,false,false,false,true,false,true,1,true,true,physical_support_with_dark_floor_reported_separately
350,53,1,false,false,false,false,false,false,false,false,false,0,true,true,physical_support_with_dark_floor_reported_separately
350,53,2,false,false,false,false,false,false,false,false,false,0,true,true,physical_support_with_dark_floor_reported_separately
350,53,3,false,false,false,false,false,false,false,false,false,0,true,true,physical_support_with_dark_floor_reported_separately
350,53,4,false,false,false,false,false,false,false,false,false,0,true,true,physical_support_with_dark_floor_reported_separately
350,53,5,false,false,false,false,false,false,false,false,false,0,true,true,physical_support_with_dark_floor_reported_separately
350,53,6,false,false,false,false,false,false,false,false,false,0,true,true,physical_support_with_dark_floor_reported_separately
350,53,7,false,false,false,false,false,false,false,false,false,0,true,true,physical_support_with_dark_floor_reported_separately
350,53,8,false,false,false,false,false,false,false,false,false,0,true,true,physical_support_with_dark_floor_reported_separately
350,53,9,false,false,false,false,false,false,false,false,false,0,true,true,physical_support_with_dark_floor_reported_separately
350,53,10,false,false,false,false,false,false,false,false,false,0,true,true,physical_support_with_dark_floor_reported_separately
350,53,11,false,false,false,false,false,false,false,false,false,0,true,true,physical_support_with_dark_floor_reported_separately
350,53,12,false,false,false,false,false,false,false,false,false,0,true,true,physical_support_with_dark_floor_reported_separately
350,53,13,false,false,false,false,false,false,false,false,false,0,true,true,physical_support_with_dark_floor_reported_separately
350,53,14,false,false,false,false,false,false,false,false,false,0,true,true,physical_support_with_dark_floor_reported_separately
350,53,15,false,false,false,false,false,false,false,false,false,0,true,true,physical_support_with_dark_floor_reported_separately
350,54,1,false,false,false,false,false,false,false,false,false,0,true,true,physical_support_with_dark_floor_reported_separately
350,54,2,false,false,false,false,false,false,false,false,false,0,true,true,physical_support_with_dark_floor_reported_separately
350,54,3,false,false,false,false,false,false,false,false,false,0,true,true,physical_support_with_dark_floor_reported_separately
350,54,4,false,false,false,false,false,false,false,false,false,0,true,true,physical_support_with_dark_floor_reported_separately
350,54,5,false,false,false,false,false,false,false,false,false,0,true,true,physical_support_with_dark_floor_reported_separately
350,54,6,false,false,false,false,false,false,false,false,false,0,true,true,physical_support_with_dark_floor_reported_separately
350,54,7,false,false,false,false,false,false,false,false,false,0,true,true,physical_support_with_dark_floor_reported_separately
350,54,8,false,false,false,false,false,false,false,false,false,0,true,true,physical_support_with_dark_floor_reported_separately
350,54,9,false,false,false,false,false,false,false,false,false,0,true,true,physical_support_with_dark_floor_reported_separately
350,54,10,false,false,false,false,false,false,false,false,false,0,true,true,physical_support_with_dark_floor_reported_separately
350,54,11,false,false,false,false,false,false,false,false,false,0,true,true,physical_support_with_dark_floor_reported_separately
350,54,12,false,false,false,false,false,false,false,false,false,0,true,true,physical_support_with_dark_floor_reported_separately
350,54,13,false,false,false,false,false,false,false,false,false,0,true,true,physical_support_with_dark_floor_reported_separately
350,54,14,false,false,false,false,false,false,false,false,false,0,true,true,physical_support_with_dark_floor_reported_separately
350,54,15,false,false,false,false,false,false,false,false,false,0,true,true,physical_support_with_dark_floor_reported_separately
350,55,1,false,false,false,false,false,false,false,false,false,0,true,true,physical_support_with_dark_floor_reported_separately
350,55,2,false,false,false,false,false,false,false,false,false,0,true,true,physical_support_with_dark_floor_reported_separately
350,55,3,false,false,false,false,false,false,false,false,false,0,true,true,physical_support_with_dark_floor_reported_separately
350,55,4,false,false,false,false,false,false,false,false,false,0,true,true,physical_support_with_dark_floor_reported_separately
350,55,5,false,false,false,false,false,false,false,false,false,0,true,true,physical_support_with_dark_floor_reported_separately
350,55,6,false,false,false,false,false,false,false,false,false,0,true,true,physical_support_with_dark_floor_reported_separately
350,55,7,false,false,false,false,false,false,false,false,false,0,true,true,physical_support_with_dark_floor_reported_separately
350,55,8,false,false,false,false,false,false,false,false,false,0,true,true,physical_support_with_dark_floor_reported_separately
350,55,9,false,false,false,false,false,false,false,false,false,0,true,true,physical_support_with_dark_floor_reported_separately
350,55,10,false,false,false,false,false,false,false,false,false,0,true,true,physical_support_with_dark_floor_reported_separately
350,55,11,false,false,false,false,false,false,false,false,false,0,true,true,physical_support_with_dark_floor_reported_separately
350,55,12,false,false,false,false,false,false,false,false,false,0,true,true,physical_support_with_dark_floor_reported_separately
350,55,13,false,false,false,false,false,false,false,false,false,0,true,true,physical_support_with_dark_floor_reported_separately
350,55,14,false,false,false,false,false,false,false,false,false,0,true,true,physical_support_with_dark_floor_reported_separately
350,55,15,false,false,false,false,false,false,false,false,false,0,true,true,physical_support_with_dark_floor_reported_separately
350,56,1,false,false,false,false,true,false,true,false,true,2,true,true,physical_support_with_dark_floor_reported_separately
350,56,2,false,false,false,false,true,false,true,false,true,2,true,true,physical_support_with_dark_floor_reported_separately
350,56,3,false,false,false,false,true,false,true,false,true,2,true,true,physical_support_with_dark_floor_reported_separately
350,56,4,false,false,false,false,true,false,true,false,true,2,true,true,physical_support_with_dark_floor_reported_separately
350,56,5,false,false,false,false,true,false,true,false,true,2,true,true,physical_support_with_dark_floor_reported_separately
350,56,6,false,false,false,false,true,false,true,false,true,2,true,true,physical_support_with_dark_floor_reported_separately
350,56,7,false,false,false,false,true,false,true,false,true,2,true,true,physical_support_with_dark_floor_reported_separately
350,56,8,false,false,false,false,true,false,true,false,true,2,true,true,physical_support_with_dark_floor_reported_separately
350,56,9,false,false,false,false,true,false,true,false,true,2,true,true,physical_support_with_dark_floor_reported_separately
350,56,10,false,false,false,false,true,false,true,false,true,2,true,true,physical_support_with_dark_floor_reported_separately
350,56,11,false,false,false,false,true,false,true,false,true,2,true,true,physical_support_with_dark_floor_reported_separately
350,56,12,false,false,false,false,true,false,true,false,true,2,true,true,physical_support_with_dark_floor_reported_separately
350,56,13,false,false,false,false,true,false,true,false,true,2,true,true,physical_support_with_dark_floor_reported_separately
350,56,14,false,false,false,false,true,false,true,false,true,2,true,true,physical_support_with_dark_floor_reported_separately
350,56,15,false,false,false,false,true,false,true,false,true,2,true,true,physical_support_with_dark_floor_reported_separately
350,57,1,false,false,false,false,false,false,false,false,false,0,true,true,physical_support_with_dark_floor_reported_separately
350,57,2,false,false,false,false,false,false,false,false,false,0,true,true,physical_support_with_dark_floor_reported_separately
350,57,3,false,false,false,false,false,false,false,false,false,0,true,true,physical_support_with_dark_floor_reported_separately
350,57,4,false,false,false,false,false,false,false,false,false,0,true,true,physical_support_with_dark_floor_reported_separately
350,57,5,false,false,false,false,false,false,false,false,false,0,true,true,physical_support_with_dark_floor_reported_separately
350,57,6,false,false,false,false,false,false,false,false,false,0,true,true,physical_support_with_dark_floor_reported_separately
350,57,7,false,false,false,false,false,false,false,false,false,0,true,true,physical_support_with_dark_floor_reported_separately
350,57,8,false,false,false,false,false,false,false,false,false,0,true,true,physical_support_with_dark_floor_reported_separately
350,57,9,false,false,false,false,false,false,false,false,false,0,true,true,physical_support_with_dark_floor_reported_separately
350,57,10,false,false,false,false,false,false,false,false,false,0,true,true,physical_support_with_dark_floor_reported_separately
350,57,11,false,false,false,false,false,false,false,false,false,0,true,true,physical_support_with_dark_floor_reported_separately
350,57,12,false,false,false,false,false,false,false,false,false,0,true,true,physical_support_with_dark_floor_reported_separately
350,57,13,false,false,false,false,false,false,false,false,false,0,true,true,physical_support_with_dark_floor_reported_separately
350,57,14,false,false,false,false,false,false,false,false,false,0,true,true,physical_support_with_dark_floor_reported_separately
350,57,15,false,false,false,false,false,false,false,false,false,0,true,true,physical_support_with_dark_floor_reported_separately
350,58,1,false,false,false,false,false,false,false,false,false,0,true,true,physical_support_with_dark_floor_reported_separately
350,58,2,false,false,false,false,false,false,false,false,false,0,true,true,physical_support_with_dark_floor_reported_separately
350,58,3,false,false,false,false,false,false,false,false,false,0,true,true,physical_support_with_dark_floor_reported_separately
350,58,4,false,false,false,false,false,false,false,false,false,0,true,true,physical_support_with_dark_floor_reported_separately
350,58,5,false,false,false,false,false,false,false,false,false,0,true,true,physical_support_with_dark_floor_reported_separately
350,58,6,false,false,false,false,false,false,false,false,false,0,true,true,physical_support_with_dark_floor_reported_separately
350,58,7,false,false,false,false,false,false,false,false,false,0,true,true,physical_support_with_dark_floor_reported_separately
350,58,8,false,false,false,false,false,false,false,false,false,0,true,true,physical_support_with_dark_floor_reported_separately
350,58,9,false,false,false,false,false,false,false,false,false,0,true,true,physical_support_with_dark_floor_reported_separately
350,58,10,false,false,false,false,false,false,false,false,false,0,true,true,physical_support_with_dark_floor_reported_separately
350,58,11,false,false,false,false,false,false,false,false,false,0,true,true,physical_support_with_dark_floor_reported_separately
350,58,12,false,false,false,false,false,false,false,false,false,0,true,true,physical_support_with_dark_floor_reported_separately
350,58,13,false,false,false,false,false,false,false,false,false,0,true,true,physical_support_with_dark_floor_reported_separately
350,58,14,false,false,false,false,false,false,false,false,false,0,true,true,physical_support_with_dark_floor_reported_separately
350,58,15,false,false,false,false,false,false,false,false,false,0,true,true,physical_support_with_dark_floor_reported_separately
350,59,1,false,false,false,false,true,false,true,false,true,2,true,true,physical_support_with_dark_floor_reported_separately
350,59,2,false,false,false,false,true,false,true,false,true,2,true,true,physical_support_with_dark_floor_reported_separately
350,59,3,false,false,false,false,true,false,true,false,true,2,true,true,physical_support_with_dark_floor_reported_separately
350,59,4,false,false,false,false,true,false,true,false,true,2,true,true,physical_support_with_dark_floor_reported_separately
350,59,5,false,false,false,false,true,false,true,false,true,2,true,true,physical_support_with_dark_floor_reported_separately
350,59,6,false,false,false,false,true,false,true,false,true,2,true,true,physical_support_with_dark_floor_reported_separately
350,59,7,false,false,false,false,true,false,true,false,true,2,true,true,physical_support_with_dark_floor_reported_separately
350,59,8,false,false,false,false,true,false,true,false,true,2,true,true,physical_support_with_dark_floor_reported_separately
350,59,9,false,false,false,false,true,false,true,false,true,2,true,true,physical_support_with_dark_floor_reported_separately
350,59,10,false,false,false,false,true,false,true,false,true,2,true,true,physical_support_with_dark_floor_reported_separately
350,59,11,false,false,false,false,true,false,true,false,true,2,true,true,physical_support_with_dark_floor_reported_separately
350,59,12,false,false,false,false,true,false,true,false,true,2,true,true,physical_support_with_dark_floor_reported_separately
350,59,13,false,false,false,false,true,false,true,false,true,2,true,true,physical_support_with_dark_floor_reported_separately
350,59,14,false,false,false,false,true,false,true,false,true,2,true,true,physical_support_with_dark_floor_reported_separately
350,59,15,false,false,false,false,true,false,true,false,true,2,true,true,physical_support_with_dark_floor_reported_separately
350,60,1,false,false,false,false,true,false,true,false,true,2,true,true,physical_support_with_dark_floor_reported_separately
350,60,2,false,false,false,false,true,false,true,false,true,2,true,true,physical_support_with_dark_floor_reported_separately
350,60,3,false,false,false,false,true,false,true,false,true,2,true,true,physical_support_with_dark_floor_reported_separately
350,60,4,false,false,false,false,true,false,true,false,true,2,true,true,physical_support_with_dark_floor_reported_separately
350,60,5,false,false,false,false,true,false,true,false,true,2,true,true,physical_support_with_dark_floor_reported_separately
350,60,6,false,false,false,false,true,false,true,false,true,2,true,true,physical_support_with_dark_floor_reported_separately
350,60,7,false,false,false,false,true,false,true,false,true,2,true,true,physical_support_with_dark_floor_reported_separately
350,60,8,false,false,false,false,true,false,true,false,true,2,true,true,physical_support_with_dark_floor_reported_separately
350,60,9,false,false,false,false,true,false,true,false,true,2,true,true,physical_support_with_dark_floor_reported_separately
350,60,10,false,false,false,false,true,false,true,false,true,2,true,true,physical_support_with_dark_floor_reported_separately
350,60,11,false,false,false,false,true,false,true,false,true,2,true,true,physical_support_with_dark_floor_reported_separately
350,60,12,false,false,false,false,true,false,true,false,true,2,true,true,physical_support_with_dark_floor_reported_separately
350,60,13,false,false,false,false,true,false,true,false,true,2,true,true,physical_support_with_dark_floor_reported_separately
350,60,14,false,false,false,false,true,false,true,false,true,2,true,true,physical_support_with_dark_floor_reported_separately
350,60,15,false,false,false,false,true,false,true,false,true,2,true,true,physical_support_with_dark_floor_reported_separately
350,61,1,false,false,false,false,true,false,true,false,true,2,true,true,physical_support_with_dark_floor_reported_separately
350,61,2,false,false,false,false,true,false,true,false,true,2,true,true,physical_support_with_dark_floor_reported_separately
350,61,3,false,false,false,false,true,false,true,false,true,2,true,true,physical_support_with_dark_floor_reported_separately
350,61,4,false,false,false,false,true,false,true,false,true,2,true,true,physical_support_with_dark_floor_reported_separately
350,61,5,false,false,false,false,true,false,true,false,true,2,true,true,physical_support_with_dark_floor_reported_separately
350,61,6,false,false,false,false,true,false,true,false,true,2,true,true,physical_support_with_dark_floor_reported_separately
350,61,7,false,false,false,false,true,false,true,false,true,2,true,true,physical_support_with_dark_floor_reported_separately
350,61,8,false,false,false,false,true,false,true,false,true,2,true,true,physical_support_with_dark_floor_reported_separately
350,61,9,false,false,false,false,true,false,true,false,true,2,true,true,physical_support_with_dark_floor_reported_separately
350,61,10,false,false,false,false,true,false,true,false,true,2,true,true,physical_support_with_dark_floor_reported_separately
350,61,11,false,false,false,false,true,false,true,false,true,2,true,true,physical_support_with_dark_floor_reported_separately
350,61,12,false,false,false,false,true,false,true,false,true,2,true,true,physical_support_with_dark_floor_reported_separately
350,61,13,false,false,false,false,true,false,true,false,true,2,true,true,physical_support_with_dark_floor_reported_separately
350,61,14,false,false,false,false,true,false,true,false,true,2,true,true,physical_support_with_dark_floor_reported_separately
350,61,15,false,false,false,false,true,false,true,false,true,2,true,true,physical_support_with_dark_floor_reported_separately
350,62,1,false,false,false,false,true,false,false,false,true,1,true,true,physical_support_with_dark_floor_reported_separately
350,62,2,false,false,false,false,true,false,false,false,true,1,true,true,physical_support_with_dark_floor_reported_separately
350,62,3,false,false,false,false,true,false,false,false,true,1,true,true,physical_support_with_dark_floor_reported_separately
350,62,4,false,false,false,false,true,false,false,false,true,1,true,true,physical_support_with_dark_floor_reported_separately
350,62,5,false,false,false,false,true,false,false,false,true,1,true,true,physical_support_with_dark_floor_reported_separately
350,62,6,false,false,false,false,true,false,false,false,true,1,true,true,physical_support_with_dark_floor_reported_separately
350,62,7,false,false,false,false,true,false,false,false,true,1,true,true,physical_support_with_dark_floor_reported_separately
350,62,8,false,false,false,false,true,false,false,false,true,1,true,true,physical_support_with_dark_floor_reported_separately
350,62,9,false,false,false,false,true,false,false,false,true,1,true,true,physical_support_with_dark_floor_reported_separately
350,62,10,false,false,false,false,true,false,false,false,true,1,true,true,physical_support_with_dark_floor_reported_separately
350,62,11,false,false,false,false,true,false,false,false,true,1,true,true,physical_support_with_dark_floor_reported_separately
350,62,12,false,false,false,false,true,false,false,false,true,1,true,true,physical_support_with_dark_floor_reported_separately
350,62,13,false,false,false,false,true,false,false,false,true,1,true,true,physical_support_with_dark_floor_reported_separately
350,62,14,false,false,false,false,true,false,false,false,true,1,true,true,physical_support_with_dark_floor_reported_separately
350,62,15,false,false,false,false,true,false,false,false,true,1,true,true,physical_support_with_dark_floor_reported_separately
350,63,1,false,false,false,false,true,false,true,false,true,2,true,true,physical_support_with_dark_floor_reported_separately
350,63,2,false,false,false,false,true,false,true,false,true,2,true,true,physical_support_with_dark_floor_reported_separately
350,63,3,false,false,false,false,true,false,true,false,true,2,true,true,physical_support_with_dark_floor_reported_separately
350,63,4,false,false,false,false,true,false,true,false,true,2,true,true,physical_support_with_dark_floor_reported_separately
350,63,5,false,false,false,false,true,false,true,false,true,2,true,true,physical_support_with_dark_floor_reported_separately
350,63,6,false,false,false,false,true,false,true,false,true,2,true,true,physical_support_with_dark_floor_reported_separately
350,63,7,false,false,false,false,true,false,true,false,true,2,true,true,physical_support_with_dark_floor_reported_separately
350,63,8,false,false,false,false,true,false,true,false,true,2,true,true,physical_support_with_dark_floor_reported_separately
350,63,9,false,false,false,false,true,false,true,false,true,2,true,true,physical_support_with_dark_floor_reported_separately
350,63,10,false,false,false,false,true,false,true,false,true,2,true,true,physical_support_with_dark_floor_reported_separately
350,63,11,false,false,false,false,true,false,true,false,true,2,true,true,physical_support_with_dark_floor_reported_separately
350,63,12,false,false,false,false,true,false,true,false,true,2,true,true,physical_support_with_dark_floor_reported_separately
350,63,13,false,false,false,false,true,false,true,false,true,2,true,true,physical_support_with_dark_floor_reported_separately
350,63,14,false,false,false,false,true,false,true,false,true,2,true,true,physical_support_with_dark_floor_reported_separately
350,63,15,false,false,false,false,true,false,true,false,true,2,true,true,physical_support_with_dark_floor_reported_separately
400,0,1,false,false,false,false,true,false,true,false,true,2,true,true,physical_support_with_dark_floor_reported_separately
400,0,2,false,false,false,false,true,false,true,false,true,2,true,true,physical_support_with_dark_floor_reported_separately
400,0,3,false,false,false,false,true,false,true,false,true,2,true,true,physical_support_with_dark_floor_reported_separately
400,0,4,false,false,false,false,true,false,true,false,true,2,true,true,physical_support_with_dark_floor_reported_separately
400,0,5,false,false,false,false,true,false,true,false,true,2,true,true,physical_support_with_dark_floor_reported_separately
400,0,6,false,false,false,false,true,false,true,false,true,2,true,true,physical_support_with_dark_floor_reported_separately
400,0,7,false,false,false,false,true,false,true,false,true,2,true,true,physical_support_with_dark_floor_reported_separately
400,0,8,false,false,false,false,true,false,true,false,true,2,true,true,physical_support_with_dark_floor_reported_separately
400,0,9,false,false,false,false,true,false,true,false,true,2,true,true,physical_support_with_dark_floor_reported_separately
400,0,10,false,false,false,false,true,false,true,false,true,2,true,true,physical_support_with_dark_floor_reported_separately
400,0,11,false,false,false,false,true,false,true,false,true,2,true,true,physical_support_with_dark_floor_reported_separately
400,0,12,false,false,false,false,true,false,true,false,true,2,true,true,physical_support_with_dark_floor_reported_separately
400,0,13,false,false,false,false,true,false,true,false,true,2,true,true,physical_support_with_dark_floor_reported_separately
400,0,14,false,false,false,false,true,false,true,false,true,2,true,true,physical_support_with_dark_floor_reported_separately
400,0,15,false,false,false,false,true,false,true,false,true,2,true,true,physical_support_with_dark_floor_reported_separately
400,1,1,false,false,false,false,false,false,false,false,false,0,true,true,physical_support_with_dark_floor_reported_separately
400,1,2,false,false,false,false,false,false,false,false,false,0,true,true,physical_support_with_dark_floor_reported_separately
400,1,3,false,false,false,false,false,false,false,false,false,0,true,true,physical_support_with_dark_floor_reported_separately
400,1,4,false,false,false,false,false,false,false,false,false,0,true,true,physical_support_with_dark_floor_reported_separately
400,1,5,false,false,false,false,false,false,false,false,false,0,true,true,physical_support_with_dark_floor_reported_separately
400,1,6,false,false,false,false,false,false,false,false,false,0,true,true,physical_support_with_dark_floor_reported_separately
400,1,7,false,false,false,false,false,false,false,false,false,0,true,true,physical_support_with_dark_floor_reported_separately
400,1,8,false,false,false,false,false,false,false,false,false,0,true,true,physical_support_with_dark_floor_reported_separately
400,1,9,false,false,false,false,false,false,false,false,false,0,true,true,physical_support_with_dark_floor_reported_separately
400,1,10,false,false,false,false,false,false,false,false,false,0,true,true,physical_support_with_dark_floor_reported_separately
400,1,11,false,false,false,false,false,false,false,false,false,0,true,true,physical_support_with_dark_floor_reported_separately
400,1,12,false,false,false,false,false,false,false,false,false,0,true,true,physical_support_with_dark_floor_reported_separately
400,1,13,false,false,false,false,false,false,false,false,false,0,true,true,physical_support_with_dark_floor_reported_separately
400,1,14,false,false,false,false,false,false,false,false,false,0,true,true,physical_support_with_dark_floor_reported_separately
400,1,15,false,false,false,false,false,false,false,false,false,0,true,true,physical_support_with_dark_floor_reported_separately
400,2,1,false,false,false,false,false,false,true,false,true,1,true,true,physical_support_with_dark_floor_reported_separately
400,2,2,false,false,false,false,false,false,true,false,true,1,true,true,physical_support_with_dark_floor_reported_separately
400,2,3,false,false,false,false,false,false,true,false,true,1,true,true,physical_support_with_dark_floor_reported_separately
400,2,4,false,false,false,false,false,false,true,false,true,1,true,true,physical_support_with_dark_floor_reported_separately
400,2,5,false,false,false,false,false,false,true,false,true,1,true,true,physical_support_with_dark_floor_reported_separately
400,2,6,false,false,false,false,false,false,true,false,true,1,true,true,physical_support_with_dark_floor_reported_separately
400,2,7,false,false,false,false,false,false,true,false,true,1,true,true,physical_support_with_dark_floor_reported_separately
400,2,8,false,false,false,false,false,false,true,false,true,1,true,true,physical_support_with_dark_floor_reported_separately
400,2,9,false,false,false,false,false,false,true,false,true,1,true,true,physical_support_with_dark_floor_reported_separately
400,2,10,false,false,false,false,false,false,true,false,true,1,true,true,physical_support_with_dark_floor_reported_separately
400,2,11,false,false,false,false,false,false,true,false,true,1,true,true,physical_support_with_dark_floor_reported_separately
400,2,12,false,false,false,false,false,false,true,false,true,1,true,true,physical_support_with_dark_floor_reported_separately
400,2,13,false,false,false,false,false,false,true,false,true,1,true,true,physical_support_with_dark_floor_reported_separately
400,2,14,false,false,false,false,false,false,true,false,true,1,true,true,physical_support_with_dark_floor_reported_separately
400,2,15,false,false,false,false,false,false,true,false,true,1,true,true,physical_support_with_dark_floor_reported_separately
400,3,1,false,false,false,false,true,false,false,false,true,1,true,true,physical_support_with_dark_floor_reported_separately
400,3,2,false,false,false,false,false,false,false,false,false,0,true,true,physical_support_with_dark_floor_reported_separately
400,3,3,false,false,false,false,false,false,false,false,false,0,true,true,physical_support_with_dark_floor_reported_separately
400,3,4,false,false,false,false,false,false,false,false,false,0,true,true,physical_support_with_dark_floor_reported_separately
400,3,5,false,false,false,false,false,false,false,false,false,0,true,true,physical_support_with_dark_floor_reported_separately
400,3,6,false,false,false,false,false,false,false,false,false,0,true,true,physical_support_with_dark_floor_reported_separately
400,3,7,false,false,false,false,false,false,false,false,false,0,true,true,physical_support_with_dark_floor_reported_separately
400,3,8,false,false,false,false,false,false,false,false,false,0,true,true,physical_support_with_dark_floor_reported_separately
400,3,9,false,false,false,false,false,false,false,false,false,0,true,true,physical_support_with_dark_floor_reported_separately
400,3,10,false,false,false,false,false,false,false,false,false,0,true,true,physical_support_with_dark_floor_reported_separately
400,3,11,false,false,false,false,false,false,false,false,false,0,true,true,physical_support_with_dark_floor_reported_separately
400,3,12,false,false,false,false,false,false,false,false,false,0,true,true,physical_support_with_dark_floor_reported_separately
400,3,13,false,false,false,false,false,false,false,false,false,0,true,true,physical_support_with_dark_floor_reported_separately
400,3,14,false,false,false,false,false,false,false,false,false,0,true,true,physical_support_with_dark_floor_reported_separately
400,3,15,false,false,false,false,false,false,false,false,false,0,true,true,physical_support_with_dark_floor_reported_separately
400,4,1,false,false,false,false,true,false,false,false,true,1,true,true,physical_support_with_dark_floor_reported_separately
400,4,2,false,false,false,false,true,false,false,false,true,1,true,true,physical_support_with_dark_floor_reported_separately
400,4,3,false,false,false,false,true,false,false,false,true,1,true,true,physical_support_with_dark_floor_reported_separately
400,4,4,false,false,false,false,true,false,false,false,true,1,true,true,physical_support_with_dark_floor_reported_separately
400,4,5,false,false,false,false,true,false,false,false,true,1,true,true,physical_support_with_dark_floor_reported_separately
400,4,6,false,false,false,false,true,false,false,false,true,1,true,true,physical_support_with_dark_floor_reported_separately
400,4,7,false,false,false,false,true,false,false,false,true,1,true,true,physical_support_with_dark_floor_reported_separately
400,4,8,false,false,false,false,true,false,false,false,true,1,true,true,physical_support_with_dark_floor_reported_separately
400,4,9,false,false,false,false,true,false,false,false,true,1,true,true,physical_support_with_dark_floor_reported_separately
400,4,10,false,false,false,false,true,false,false,false,true,1,true,true,physical_support_with_dark_floor_reported_separately
400,4,11,false,false,false,false,true,false,false,false,true,1,true,true,physical_support_with_dark_floor_reported_separately
400,4,12,false,false,false,false,true,false,false,false,true,1,true,true,physical_support_with_dark_floor_reported_separately
400,4,13,false,false,false,false,true,false,false,false,true,1,true,true,physical_support_with_dark_floor_reported_separately
400,4,14,false,false,false,false,true,false,false,false,true,1,true,true,physical_support_with_dark_floor_reported_separately
400,4,15,false,false,false,false,true,false,false,false,true,1,true,true,physical_support_with_dark_floor_reported_separately
400,5,1,false,false,false,false,true,false,true,false,true,2,true,true,physical_support_with_dark_floor_reported_separately
400,5,2,false,false,false,false,true,false,true,false,true,2,true,true,physical_support_with_dark_floor_reported_separately
400,5,3,false,false,false,false,true,false,true,false,true,2,true,true,physical_support_with_dark_floor_reported_separately
400,5,4,false,false,false,false,true,false,true,false,true,2,true,true,physical_support_with_dark_floor_reported_separately
400,5,5,false,false,false,false,true,false,true,false,true,2,true,true,physical_support_with_dark_floor_reported_separately
400,5,6,false,false,false,false,true,false,true,false,true,2,true,true,physical_support_with_dark_floor_reported_separately
400,5,7,false,false,false,false,true,false,true,false,true,2,true,true,physical_support_with_dark_floor_reported_separately
400,5,8,false,false,false,false,true,false,true,false,true,2,true,true,physical_support_with_dark_floor_reported_separately
400,5,9,false,false,false,false,true,false,true,false,true,2,true,true,physical_support_with_dark_floor_reported_separately
400,5,10,false,false,false,false,true,false,true,false,true,2,true,true,physical_support_with_dark_floor_reported_separately
400,5,11,false,false,false,false,true,false,true,false,true,2,true,true,physical_support_with_dark_floor_reported_separately
400,5,12,false,false,false,false,true,false,true,false,true,2,true,true,physical_support_with_dark_floor_reported_separately
400,5,13,false,false,false,false,true,false,true,false,true,2,true,true,physical_support_with_dark_floor_reported_separately
400,5,14,false,false,false,false,true,false,true,false,true,2,true,true,physical_support_with_dark_floor_reported_separately
400,5,15,false,false,false,false,true,false,true,false,true,2,true,true,physical_support_with_dark_floor_reported_separately
400,6,1,false,false,false,false,false,false,true,false,true,1,true,true,physical_support_with_dark_floor_reported_separately
400,6,2,false,false,false,false,false,false,true,false,true,1,true,true,physical_support_with_dark_floor_reported_separately
400,6,3,false,false,false,false,false,false,true,false,true,1,true,true,physical_support_with_dark_floor_reported_separately
400,6,4,false,false,false,false,false,false,true,false,true,1,true,true,physical_support_with_dark_floor_reported_separately
400,6,5,false,false,false,false,false,false,true,false,true,1,true,true,physical_support_with_dark_floor_reported_separately
400,6,6,false,false,false,false,false,false,true,false,true,1,true,true,physical_support_with_dark_floor_reported_separately
400,6,7,false,false,false,false,false,false,true,false,true,1,true,true,physical_support_with_dark_floor_reported_separately
400,6,8,false,false,false,false,false,false,true,false,true,1,true,true,physical_support_with_dark_floor_reported_separately
400,6,9,false,false,false,false,false,false,true,false,true,1,true,true,physical_support_with_dark_floor_reported_separately
400,6,10,false,false,false,false,false,false,true,false,true,1,true,true,physical_support_with_dark_floor_reported_separately
400,6,11,false,false,false,false,false,false,true,false,true,1,true,true,physical_support_with_dark_floor_reported_separately
400,6,12,false,false,false,false,false,false,true,false,true,1,true,true,physical_support_with_dark_floor_reported_separately
400,6,13,false,false,false,false,false,false,true,false,true,1,true,true,physical_support_with_dark_floor_reported_separately
400,6,14,false,false,false,false,false,false,true,false,true,1,true,true,physical_support_with_dark_floor_reported_separately
400,6,15,false,false,false,false,false,false,true,false,true,1,true,true,physical_support_with_dark_floor_reported_separately
400,7,1,false,false,false,false,true,false,false,false,true,1,true,true,physical_support_with_dark_floor_reported_separately
400,7,2,false,false,false,false,true,false,false,false,true,1,true,true,physical_support_with_dark_floor_reported_separately
400,7,3,false,false,false,false,true,false,false,false,true,1,true,true,physical_support_with_dark_floor_reported_separately
400,7,4,false,false,false,false,true,false,false,false,true,1,true,true,physical_support_with_dark_floor_reported_separately
400,7,5,false,false,false,false,true,false,false,false,true,1,true,true,physical_support_with_dark_floor_reported_separately
400,7,6,false,false,false,false,true,false,false,false,true,1,true,true,physical_support_with_dark_floor_reported_separately
400,7,7,false,false,false,false,true,false,false,false,true,1,true,true,physical_support_with_dark_floor_reported_separately
400,7,8,false,false,false,false,true,false,false,false,true,1,true,true,physical_support_with_dark_floor_reported_separately
400,7,9,false,false,false,false,true,false,false,false,true,1,true,true,physical_support_with_dark_floor_reported_separately
400,7,10,false,false,false,false,true,false,false,false,true,1,true,true,physical_support_with_dark_floor_reported_separately
400,7,11,false,false,false,false,true,false,false,false,true,1,true,true,physical_support_with_dark_floor_reported_separately
400,7,12,false,false,false,false,true,false,false,false,true,1,true,true,physical_support_with_dark_floor_reported_separately
400,7,13,false,false,false,false,true,false,false,false,true,1,true,true,physical_support_with_dark_floor_reported_separately
400,7,14,false,false,false,false,true,false,false,false,true,1,true,true,physical_support_with_dark_floor_reported_separately
400,7,15,false,false,false,false,true,false,false,false,true,1,true,true,physical_support_with_dark_floor_reported_separately
400,8,1,false,false,false,false,false,false,true,false,true,1,true,true,physical_support_with_dark_floor_reported_separately
400,8,2,false,false,false,false,false,false,true,false,true,1,true,true,physical_support_with_dark_floor_reported_separately
400,8,3,false,false,false,false,false,false,true,false,true,1,true,true,physical_support_with_dark_floor_reported_separately
400,8,4,false,false,false,false,false,false,true,false,true,1,true,true,physical_support_with_dark_floor_reported_separately
400,8,5,false,false,false,false,false,false,true,false,true,1,true,true,physical_support_with_dark_floor_reported_separately
400,8,6,false,false,false,false,false,false,true,false,true,1,true,true,physical_support_with_dark_floor_reported_separately
400,8,7,false,false,false,false,false,false,true,false,true,1,true,true,physical_support_with_dark_floor_reported_separately
400,8,8,false,false,false,false,false,false,true,false,true,1,true,true,physical_support_with_dark_floor_reported_separately
400,8,9,false,false,false,false,false,false,true,false,true,1,true,true,physical_support_with_dark_floor_reported_separately
400,8,10,false,false,false,false,false,false,true,false,true,1,true,true,physical_support_with_dark_floor_reported_separately
400,8,11,false,false,false,false,false,false,true,false,true,1,true,true,physical_support_with_dark_floor_reported_separately
400,8,12,false,false,false,false,false,false,true,false,true,1,true,true,physical_support_with_dark_floor_reported_separately
400,8,13,false,false,false,false,false,false,true,false,true,1,true,true,physical_support_with_dark_floor_reported_separately
400,8,14,false,false,false,false,false,false,true,false,true,1,true,true,physical_support_with_dark_floor_reported_separately
400,8,15,false,false,false,false,false,false,true,false,true,1,true,true,physical_support_with_dark_floor_reported_separately
400,9,1,false,false,false,false,false,false,true,false,true,1,true,true,physical_support_with_dark_floor_reported_separately
400,9,2,false,false,false,false,false,false,true,false,true,1,true,true,physical_support_with_dark_floor_reported_separately
400,9,3,false,false,false,false,false,false,true,false,true,1,true,true,physical_support_with_dark_floor_reported_separately
400,9,4,false,false,false,false,false,false,true,false,true,1,true,true,physical_support_with_dark_floor_reported_separately
400,9,5,false,false,false,false,false,false,true,false,true,1,true,true,physical_support_with_dark_floor_reported_separately
400,9,6,false,false,false,false,false,false,true,false,true,1,true,true,physical_support_with_dark_floor_reported_separately
400,9,7,false,false,false,false,false,false,true,false,true,1,true,true,physical_support_with_dark_floor_reported_separately
400,9,8,false,false,false,false,false,false,true,false,true,1,true,true,physical_support_with_dark_floor_reported_separately
400,9,9,false,false,false,false,false,false,true,false,true,1,true,true,physical_support_with_dark_floor_reported_separately
400,9,10,false,false,false,false,false,false,true,false,true,1,true,true,physical_support_with_dark_floor_reported_separately
400,9,11,false,false,false,false,false,false,true,false,true,1,true,true,physical_support_with_dark_floor_reported_separately
400,9,12,false,false,false,false,false,false,true,false,true,1,true,true,physical_support_with_dark_floor_reported_separately
400,9,13,false,false,false,false,false,false,true,false,true,1,true,true,physical_support_with_dark_floor_reported_separately
400,9,14,false,false,false,false,false,false,true,false,true,1,true,true,physical_support_with_dark_floor_reported_separately
400,9,15,false,false,false,false,false,false,true,false,true,1,true,true,physical_support_with_dark_floor_reported_separately
400,10,1,false,false,false,false,false,false,false,false,false,0,true,true,physical_support_with_dark_floor_reported_separately
400,10,2,false,false,false,false,false,false,false,false,false,0,true,true,physical_support_with_dark_floor_reported_separately
400,10,3,false,false,false,false,false,false,false,false,false,0,true,true,physical_support_with_dark_floor_reported_separately
400,10,4,false,false,false,false,false,false,false,false,false,0,true,true,physical_support_with_dark_floor_reported_separately
400,10,5,false,false,false,false,false,false,false,false,false,0,true,true,physical_support_with_dark_floor_reported_separately
400,10,6,false,false,false,false,false,false,false,false,false,0,true,true,physical_support_with_dark_floor_reported_separately
400,10,7,false,false,false,false,false,false,false,false,false,0,true,true,physical_support_with_dark_floor_reported_separately
400,10,8,false,false,false,false,false,false,false,false,false,0,true,true,physical_support_with_dark_floor_reported_separately
400,10,9,false,false,false,false,false,false,false,false,false,0,true,true,physical_support_with_dark_floor_reported_separately
400,10,10,false,false,false,false,false,false,false,false,false,0,true,true,physical_support_with_dark_floor_reported_separately
400,10,11,false,false,false,false,false,false,false,false,false,0,true,true,physical_support_with_dark_floor_reported_separately
400,10,12,false,false,false,false,false,false,false,false,false,0,true,true,physical_support_with_dark_floor_reported_separately
400,10,13,false,false,false,false,false,false,false,false,false,0,true,true,physical_support_with_dark_floor_reported_separately
400,10,14,false,false,false,false,false,false,false,false,false,0,true,true,physical_support_with_dark_floor_reported_separately
400,10,15,false,false,false,false,false,false,false,false,false,0,true,true,physical_support_with_dark_floor_reported_separately
400,11,1,false,false,false,false,false,false,true,false,true,1,true,true,physical_support_with_dark_floor_reported_separately
400,11,2,false,false,false,false,false,false,true,false,true,1,true,true,physical_support_with_dark_floor_reported_separately
400,11,3,false,false,false,false,false,false,true,false,true,1,true,true,physical_support_with_dark_floor_reported_separately
400,11,4,false,false,false,false,false,false,true,false,true,1,true,true,physical_support_with_dark_floor_reported_separately
400,11,5,false,false,false,false,false,false,true,false,true,1,true,true,physical_support_with_dark_floor_reported_separately
400,11,6,false,false,false,false,false,false,true,false,true,1,true,true,physical_support_with_dark_floor_reported_separately
400,11,7,false,false,false,false,false,false,true,false,true,1,true,true,physical_support_with_dark_floor_reported_separately
400,11,8,false,false,false,false,false,false,true,false,true,1,true,true,physical_support_with_dark_floor_reported_separately
400,11,9,false,false,false,false,false,false,true,false,true,1,true,true,physical_support_with_dark_floor_reported_separately
400,11,10,false,false,false,false,false,false,true,false,true,1,true,true,physical_support_with_dark_floor_reported_separately
400,11,11,false,false,false,false,false,false,true,false,true,1,true,true,physical_support_with_dark_floor_reported_separately
400,11,12,false,false,false,false,false,false,true,false,true,1,true,true,physical_support_with_dark_floor_reported_separately
400,11,13,false,false,false,false,false,false,true,false,true,1,true,true,physical_support_with_dark_floor_reported_separately
400,11,14,false,false,false,false,false,false,true,false,true,1,true,true,physical_support_with_dark_floor_reported_separately
400,11,15,false,false,false,false,false,false,true,false,true,1,true,true,physical_support_with_dark_floor_reported_separately
400,12,1,false,false,false,false,true,false,false,false,true,1,true,true,physical_support_with_dark_floor_reported_separately
400,12,2,false,false,false,false,true,false,false,false,true,1,true,true,physical_support_with_dark_floor_reported_separately
400,12,3,false,false,false,false,true,false,false,false,true,1,true,true,physical_support_with_dark_floor_reported_separately
400,12,4,false,false,false,false,true,false,false,false,true,1,true,true,physical_support_with_dark_floor_reported_separately
400,12,5,false,false,false,false,true,false,false,false,true,1,true,true,physical_support_with_dark_floor_reported_separately
400,12,6,false,false,false,false,true,false,false,false,true,1,true,true,physical_support_with_dark_floor_reported_separately
400,12,7,false,false,false,false,true,false,false,false,true,1,true,true,physical_support_with_dark_floor_reported_separately
400,12,8,false,false,false,false,true,false,false,false,true,1,true,true,physical_support_with_dark_floor_reported_separately
400,12,9,false,false,false,false,true,false,false,false,true,1,true,true,physical_support_with_dark_floor_reported_separately
400,12,10,false,false,false,false,true,false,false,false,true,1,true,true,physical_support_with_dark_floor_reported_separately
400,12,11,false,false,false,false,true,false,false,false,true,1,true,true,physical_support_with_dark_floor_reported_separately
400,12,12,false,false,false,false,true,false,false,false,true,1,true,true,physical_support_with_dark_floor_reported_separately
400,12,13,false,false,false,false,true,false,false,false,true,1,true,true,physical_support_with_dark_floor_reported_separately
400,12,14,false,false,false,false,true,false,false,false,true,1,true,true,physical_support_with_dark_floor_reported_separately
400,12,15,false,false,false,false,true,false,false,false,true,1,true,true,physical_support_with_dark_floor_reported_separately
400,13,1,false,false,false,false,false,false,true,false,true,1,true,true,physical_support_with_dark_floor_reported_separately
400,13,2,false,false,false,false,false,false,true,false,true,1,true,true,physical_support_with_dark_floor_reported_separately
400,13,3,false,false,false,false,false,false,true,false,true,1,true,true,physical_support_with_dark_floor_reported_separately
400,13,4,false,false,false,false,false,false,true,false,true,1,true,true,physical_support_with_dark_floor_reported_separately
400,13,5,false,false,false,false,false,false,true,false,true,1,true,true,physical_support_with_dark_floor_reported_separately
400,13,6,false,false,false,false,false,false,true,false,true,1,true,true,physical_support_with_dark_floor_reported_separately
400,13,7,false,false,false,false,false,false,true,false,true,1,true,true,physical_support_with_dark_floor_reported_separately
400,13,8,false,false,false,false,false,false,true,false,true,1,true,true,physical_support_with_dark_floor_reported_separately
400,13,9,false,false,false,false,false,false,true,false,true,1,true,true,physical_support_with_dark_floor_reported_separately
400,13,10,false,false,false,false,false,false,true,false,true,1,true,true,physical_support_with_dark_floor_reported_separately
400,13,11,false,false,false,false,false,false,true,false,true,1,true,true,physical_support_with_dark_floor_reported_separately
400,13,12,false,false,false,false,false,false,true,false,true,1,true,true,physical_support_with_dark_floor_reported_separately
400,13,13,false,false,false,false,false,false,true,false,true,1,true,true,physical_support_with_dark_floor_reported_separately
400,13,14,false,false,false,false,false,false,true,false,true,1,true,true,physical_support_with_dark_floor_reported_separately
400,13,15,false,false,false,false,false,false,true,false,true,1,true,true,physical_support_with_dark_floor_reported_separately
400,14,1,false,false,false,false,false,false,false,false,false,0,true,true,physical_support_with_dark_floor_reported_separately
400,14,2,false,false,false,false,false,false,false,false,false,0,true,true,physical_support_with_dark_floor_reported_separately
400,14,3,false,false,false,false,false,false,false,false,false,0,true,true,physical_support_with_dark_floor_reported_separately
400,14,4,false,false,false,false,false,false,false,false,false,0,true,true,physical_support_with_dark_floor_reported_separately
400,14,5,false,false,false,false,false,false,false,false,false,0,true,true,physical_support_with_dark_floor_reported_separately
400,14,6,false,false,false,false,false,false,false,false,false,0,true,true,physical_support_with_dark_floor_reported_separately
400,14,7,false,false,false,false,false,false,false,false,false,0,true,true,physical_support_with_dark_floor_reported_separately
400,14,8,false,false,false,false,false,false,false,false,false,0,true,true,physical_support_with_dark_floor_reported_separately
400,14,9,false,false,false,false,false,false,false,false,false,0,true,true,physical_support_with_dark_floor_reported_separately
400,14,10,false,false,false,false,false,false,false,false,false,0,true,true,physical_support_with_dark_floor_reported_separately
400,14,11,false,false,false,false,false,false,false,false,false,0,true,true,physical_support_with_dark_floor_reported_separately
400,14,12,false,false,false,false,false,false,false,false,false,0,true,true,physical_support_with_dark_floor_reported_separately
400,14,13,false,false,false,false,false,false,false,false,false,0,true,true,physical_support_with_dark_floor_reported_separately
400,14,14,false,false,false,false,false,false,false,false,false,0,true,true,physical_support_with_dark_floor_reported_separately
400,14,15,false,false,false,false,false,false,false,false,false,0,true,true,physical_support_with_dark_floor_reported_separately
400,15,1,false,false,false,false,true,false,true,false,true,2,true,true,physical_support_with_dark_floor_reported_separately
400,15,2,false,false,false,false,true,false,true,false,true,2,true,true,physical_support_with_dark_floor_reported_separately
400,15,3,false,false,false,false,true,false,true,false,true,2,true,true,physical_support_with_dark_floor_reported_separately
400,15,4,false,false,false,false,true,false,true,false,true,2,true,true,physical_support_with_dark_floor_reported_separately
400,15,5,false,false,false,false,true,false,true,false,true,2,true,true,physical_support_with_dark_floor_reported_separately
400,15,6,false,false,false,false,true,false,true,false,true,2,true,true,physical_support_with_dark_floor_reported_separately
400,15,7,false,false,false,false,true,false,true,false,true,2,true,true,physical_support_with_dark_floor_reported_separately
400,15,8,false,false,false,false,true,false,true,false,true,2,true,true,physical_support_with_dark_floor_reported_separately
400,15,9,false,false,false,false,true,false,true,false,true,2,true,true,physical_support_with_dark_floor_reported_separately
400,15,10,false,false,false,false,true,false,true,false,true,2,true,true,physical_support_with_dark_floor_reported_separately
400,15,11,false,false,false,false,true,false,true,false,true,2,true,true,physical_support_with_dark_floor_reported_separately
400,15,12,false,false,false,false,true,false,true,false,true,2,true,true,physical_support_with_dark_floor_reported_separately
400,15,13,false,false,false,false,true,false,true,false,true,2,true,true,physical_support_with_dark_floor_reported_separately
400,15,14,false,false,false,false,true,false,true,false,true,2,true,true,physical_support_with_dark_floor_reported_separately
400,15,15,false,false,false,false,true,false,true,false,true,2,true,true,physical_support_with_dark_floor_reported_separately
400,16,1,false,false,false,false,true,false,false,false,true,1,true,true,physical_support_with_dark_floor_reported_separately
400,16,2,false,false,false,false,true,false,false,false,true,1,true,true,physical_support_with_dark_floor_reported_separately
400,16,3,false,false,false,false,true,false,false,false,true,1,true,true,physical_support_with_dark_floor_reported_separately
400,16,4,false,false,false,false,true,false,false,false,true,1,true,true,physical_support_with_dark_floor_reported_separately
400,16,5,false,false,false,false,true,false,false,false,true,1,true,true,physical_support_with_dark_floor_reported_separately
400,16,6,false,false,false,false,true,false,false,false,true,1,true,true,physical_support_with_dark_floor_reported_separately
400,16,7,false,false,false,false,true,false,false,false,true,1,true,true,physical_support_with_dark_floor_reported_separately
400,16,8,false,false,false,false,true,false,false,false,true,1,true,true,physical_support_with_dark_floor_reported_separately
400,16,9,false,false,false,false,true,false,false,false,true,1,true,true,physical_support_with_dark_floor_reported_separately
400,16,10,false,false,false,false,true,false,false,false,true,1,true,true,physical_support_with_dark_floor_reported_separately
400,16,11,false,false,false,false,true,false,false,false,true,1,true,true,physical_support_with_dark_floor_reported_separately
400,16,12,false,false,false,false,true,false,false,false,true,1,true,true,physical_support_with_dark_floor_reported_separately
400,16,13,false,false,false,false,true,false,false,false,true,1,true,true,physical_support_with_dark_floor_reported_separately
400,16,14,false,false,false,false,true,false,false,false,true,1,true,true,physical_support_with_dark_floor_reported_separately
400,16,15,false,false,false,false,true,false,false,false,true,1,true,true,physical_support_with_dark_floor_reported_separately
400,17,1,false,false,false,false,false,false,false,false,false,0,true,true,physical_support_with_dark_floor_reported_separately
400,17,2,false,false,false,false,false,false,false,false,false,0,true,true,physical_support_with_dark_floor_reported_separately
400,17,3,false,false,false,false,false,false,false,false,false,0,true,true,physical_support_with_dark_floor_reported_separately
400,17,4,false,false,false,false,false,false,false,false,false,0,true,true,physical_support_with_dark_floor_reported_separately
400,17,5,false,false,false,false,false,false,false,false,false,0,true,true,physical_support_with_dark_floor_reported_separately
400,17,6,false,false,false,false,false,false,false,false,false,0,true,true,physical_support_with_dark_floor_reported_separately
400,17,7,false,false,false,false,false,false,false,false,false,0,true,true,physical_support_with_dark_floor_reported_separately
400,17,8,false,false,false,false,false,false,false,false,false,0,true,true,physical_support_with_dark_floor_reported_separately
400,17,9,false,false,false,false,false,false,false,false,false,0,true,true,physical_support_with_dark_floor_reported_separately
400,17,10,false,false,false,false,false,false,false,false,false,0,true,true,physical_support_with_dark_floor_reported_separately
400,17,11,false,false,false,false,false,false,false,false,false,0,true,true,physical_support_with_dark_floor_reported_separately
400,17,12,false,false,false,false,false,false,false,false,false,0,true,true,physical_support_with_dark_floor_reported_separately
400,17,13,false,false,false,false,false,false,false,false,false,0,true,true,physical_support_with_dark_floor_reported_separately
400,17,14,false,false,false,false,false,false,false,false,false,0,true,true,physical_support_with_dark_floor_reported_separately
400,17,15,false,false,false,false,false,false,false,false,false,0,true,true,physical_support_with_dark_floor_reported_separately
400,18,1,false,false,false,false,true,false,false,false,true,1,true,true,physical_support_with_dark_floor_reported_separately
400,18,2,false,false,false,false,true,false,false,false,true,1,true,true,physical_support_with_dark_floor_reported_separately
400,18,3,false,false,false,false,true,false,false,false,true,1,true,true,physical_support_with_dark_floor_reported_separately
400,18,4,false,false,false,false,true,false,false,false,true,1,true,true,physical_support_with_dark_floor_reported_separately
400,18,5,false,false,false,false,true,false,false,false,true,1,true,true,physical_support_with_dark_floor_reported_separately
400,18,6,false,false,false,false,true,false,false,false,true,1,true,true,physical_support_with_dark_floor_reported_separately
400,18,7,false,false,false,false,true,false,false,false,true,1,true,true,physical_support_with_dark_floor_reported_separately
400,18,8,false,false,false,false,true,false,false,false,true,1,true,true,physical_support_with_dark_floor_reported_separately
400,18,9,false,false,false,false,true,false,false,false,true,1,true,true,physical_support_with_dark_floor_reported_separately
400,18,10,false,false,false,false,true,false,false,false,true,1,true,true,physical_support_with_dark_floor_reported_separately
400,18,11,false,false,false,false,true,false,false,false,true,1,true,true,physical_support_with_dark_floor_reported_separately
400,18,12,false,false,false,false,true,false,false,false,true,1,true,true,physical_support_with_dark_floor_reported_separately
400,18,13,false,false,false,false,true,false,false,false,true,1,true,true,physical_support_with_dark_floor_reported_separately
400,18,14,false,false,false,false,true,false,false,false,true,1,true,true,physical_support_with_dark_floor_reported_separately
400,18,15,false,false,false,false,true,false,false,false,true,1,true,true,physical_support_with_dark_floor_reported_separately
400,19,1,false,false,false,false,true,false,true,false,true,2,true,true,physical_support_with_dark_floor_reported_separately
400,19,2,false,false,false,false,true,false,true,false,true,2,true,true,physical_support_with_dark_floor_reported_separately
400,19,3,false,false,false,false,true,false,true,false,true,2,true,true,physical_support_with_dark_floor_reported_separately
400,19,4,false,false,false,false,true,false,true,false,true,2,true,true,physical_support_with_dark_floor_reported_separately
400,19,5,false,false,false,false,true,false,true,false,true,2,true,true,physical_support_with_dark_floor_reported_separately
400,19,6,false,false,false,false,true,false,true,false,true,2,true,true,physical_support_with_dark_floor_reported_separately
400,19,7,false,false,false,false,true,false,true,false,true,2,true,true,physical_support_with_dark_floor_reported_separately
400,19,8,false,false,false,false,true,false,true,false,true,2,true,true,physical_support_with_dark_floor_reported_separately
400,19,9,false,false,false,false,true,false,true,false,true,2,true,true,physical_support_with_dark_floor_reported_separately
400,19,10,false,false,false,false,true,false,true,false,true,2,true,true,physical_support_with_dark_floor_reported_separately
400,19,11,false,false,false,false,true,false,true,false,true,2,true,true,physical_support_with_dark_floor_reported_separately
400,19,12,false,false,false,false,true,false,true,false,true,2,true,true,physical_support_with_dark_floor_reported_separately
400,19,13,false,false,false,false,true,false,true,false,true,2,true,true,physical_support_with_dark_floor_reported_separately
400,19,14,false,false,false,false,true,false,true,false,true,2,true,true,physical_support_with_dark_floor_reported_separately
400,19,15,false,false,false,false,true,false,true,false,true,2,true,true,physical_support_with_dark_floor_reported_separately
400,20,1,false,false,false,false,true,false,false,false,true,1,true,true,physical_support_with_dark_floor_reported_separately
400,20,2,false,false,false,false,true,false,false,false,true,1,true,true,physical_support_with_dark_floor_reported_separately
400,20,3,false,false,false,false,true,false,false,false,true,1,true,true,physical_support_with_dark_floor_reported_separately
400,20,4,false,false,false,false,true,false,false,false,true,1,true,true,physical_support_with_dark_floor_reported_separately
400,20,5,false,false,false,false,true,false,false,false,true,1,true,true,physical_support_with_dark_floor_reported_separately
400,20,6,false,false,false,false,true,false,false,false,true,1,true,true,physical_support_with_dark_floor_reported_separately
400,20,7,false,false,false,false,true,false,false,false,true,1,true,true,physical_support_with_dark_floor_reported_separately
400,20,8,false,false,false,false,true,false,false,false,true,1,true,true,physical_support_with_dark_floor_reported_separately
400,20,9,false,false,false,false,true,false,false,false,true,1,true,true,physical_support_with_dark_floor_reported_separately
400,20,10,false,false,false,false,true,false,false,false,true,1,true,true,physical_support_with_dark_floor_reported_separately
400,20,11,false,false,false,false,true,false,false,false,true,1,true,true,physical_support_with_dark_floor_reported_separately
400,20,12,false,false,false,false,true,false,false,false,true,1,true,true,physical_support_with_dark_floor_reported_separately
400,20,13,false,false,false,false,true,false,false,false,true,1,true,true,physical_support_with_dark_floor_reported_separately
400,20,14,false,false,false,false,true,false,false,false,true,1,true,true,physical_support_with_dark_floor_reported_separately
400,20,15,false,false,false,false,true,false,false,false,true,1,true,true,physical_support_with_dark_floor_reported_separately
400,21,1,false,false,false,false,true,false,true,false,true,2,true,true,physical_support_with_dark_floor_reported_separately
400,21,2,false,false,false,false,true,false,true,false,true,2,true,true,physical_support_with_dark_floor_reported_separately
400,21,3,false,false,false,false,true,false,true,false,true,2,true,true,physical_support_with_dark_floor_reported_separately
400,21,4,false,false,false,false,true,false,true,false,true,2,true,true,physical_support_with_dark_floor_reported_separately
400,21,5,false,false,false,false,true,false,true,false,true,2,true,true,physical_support_with_dark_floor_reported_separately
400,21,6,false,false,false,false,true,false,true,false,true,2,true,true,physical_support_with_dark_floor_reported_separately
400,21,7,false,false,false,false,true,false,true,false,true,2,true,true,physical_support_with_dark_floor_reported_separately
400,21,8,false,false,false,false,true,false,true,false,true,2,true,true,physical_support_with_dark_floor_reported_separately
400,21,9,false,false,false,false,true,false,true,false,true,2,true,true,physical_support_with_dark_floor_reported_separately
400,21,10,false,false,false,false,true,false,true,false,true,2,true,true,physical_support_with_dark_floor_reported_separately
400,21,11,false,false,false,false,true,false,true,false,true,2,true,true,physical_support_with_dark_floor_reported_separately
400,21,12,false,false,false,false,true,false,true,false,true,2,true,true,physical_support_with_dark_floor_reported_separately
400,21,13,false,false,false,false,true,false,true,false,true,2,true,true,physical_support_with_dark_floor_reported_separately
400,21,14,false,false,false,false,true,false,true,false,true,2,true,true,physical_support_with_dark_floor_reported_separately
400,21,15,false,false,false,false,true,false,true,false,true,2,true,true,physical_support_with_dark_floor_reported_separately
400,22,1,false,false,false,false,false,false,true,false,true,1,true,true,physical_support_with_dark_floor_reported_separately
400,22,2,false,false,false,false,false,false,true,false,true,1,true,true,physical_support_with_dark_floor_reported_separately
400,22,3,false,false,false,false,false,false,true,false,true,1,true,true,physical_support_with_dark_floor_reported_separately
400,22,4,false,false,false,false,false,false,true,false,true,1,true,true,physical_support_with_dark_floor_reported_separately
400,22,5,false,false,false,false,false,false,true,false,true,1,true,true,physical_support_with_dark_floor_reported_separately
400,22,6,false,false,false,false,false,false,true,false,true,1,true,true,physical_support_with_dark_floor_reported_separately
400,22,7,false,false,false,false,false,false,true,false,true,1,true,true,physical_support_with_dark_floor_reported_separately
400,22,8,false,false,false,false,false,false,true,false,true,1,true,true,physical_support_with_dark_floor_reported_separately
400,22,9,false,false,false,false,false,false,true,false,true,1,true,true,physical_support_with_dark_floor_reported_separately
400,22,10,false,false,false,false,false,false,true,false,true,1,true,true,physical_support_with_dark_floor_reported_separately
400,22,11,false,false,false,false,false,false,true,false,true,1,true,true,physical_support_with_dark_floor_reported_separately
400,22,12,false,false,false,false,false,false,true,false,true,1,true,true,physical_support_with_dark_floor_reported_separately
400,22,13,false,false,false,false,false,false,true,false,true,1,true,true,physical_support_with_dark_floor_reported_separately
400,22,14,false,false,false,false,false,false,true,false,true,1,true,true,physical_support_with_dark_floor_reported_separately
400,22,15,false,false,false,false,false,false,true,false,true,1,true,true,physical_support_with_dark_floor_reported_separately
400,23,1,false,false,false,false,false,false,true,false,true,1,true,true,physical_support_with_dark_floor_reported_separately
400,23,2,false,false,false,false,false,false,true,false,true,1,true,true,physical_support_with_dark_floor_reported_separately
400,23,3,false,false,false,false,false,false,true,false,true,1,true,true,physical_support_with_dark_floor_reported_separately
400,23,4,false,false,false,false,false,false,true,false,true,1,true,true,physical_support_with_dark_floor_reported_separately
400,23,5,false,false,false,false,false,false,true,false,true,1,true,true,physical_support_with_dark_floor_reported_separately
400,23,6,false,false,false,false,false,false,true,false,true,1,true,true,physical_support_with_dark_floor_reported_separately
400,23,7,false,false,false,false,false,false,true,false,true,1,true,true,physical_support_with_dark_floor_reported_separately
400,23,8,false,false,false,false,false,false,true,false,true,1,true,true,physical_support_with_dark_floor_reported_separately
400,23,9,false,false,false,false,false,false,true,false,true,1,true,true,physical_support_with_dark_floor_reported_separately
400,23,10,false,false,false,false,false,false,true,false,true,1,true,true,physical_support_with_dark_floor_reported_separately
400,23,11,false,false,false,false,false,false,true,false,true,1,true,true,physical_support_with_dark_floor_reported_separately
400,23,12,false,false,false,false,false,false,true,false,true,1,true,true,physical_support_with_dark_floor_reported_separately
400,23,13,false,false,false,false,false,false,true,false,true,1,true,true,physical_support_with_dark_floor_reported_separately
400,23,14,false,false,false,false,false,false,true,false,true,1,true,true,physical_support_with_dark_floor_reported_separately
400,23,15,false,false,false,false,false,false,true,false,true,1,true,true,physical_support_with_dark_floor_reported_separately
400,24,1,false,false,false,false,true,false,true,false,true,2,true,true,physical_support_with_dark_floor_reported_separately
400,24,2,false,false,false,false,true,false,true,false,true,2,true,true,physical_support_with_dark_floor_reported_separately
400,24,3,false,false,false,false,true,false,true,false,true,2,true,true,physical_support_with_dark_floor_reported_separately
400,24,4,false,false,false,false,true,false,true,false,true,2,true,true,physical_support_with_dark_floor_reported_separately
400,24,5,false,false,false,false,true,false,true,false,true,2,true,true,physical_support_with_dark_floor_reported_separately
400,24,6,false,false,false,false,true,false,true,false,true,2,true,true,physical_support_with_dark_floor_reported_separately
400,24,7,false,false,false,false,true,false,true,false,true,2,true,true,physical_support_with_dark_floor_reported_separately
400,24,8,false,false,false,false,true,false,true,false,true,2,true,true,physical_support_with_dark_floor_reported_separately
400,24,9,false,false,false,false,true,false,true,false,true,2,true,true,physical_support_with_dark_floor_reported_separately
400,24,10,false,false,false,false,true,false,true,false,true,2,true,true,physical_support_with_dark_floor_reported_separately
400,24,11,false,false,false,false,true,false,true,false,true,2,true,true,physical_support_with_dark_floor_reported_separately
400,24,12,false,false,false,false,true,false,true,false,true,2,true,true,physical_support_with_dark_floor_reported_separately
400,24,13,false,false,false,false,true,false,true,false,true,2,true,true,physical_support_with_dark_floor_reported_separately
400,24,14,false,false,false,false,true,false,true,false,true,2,true,true,physical_support_with_dark_floor_reported_separately
400,24,15,false,false,false,false,true,false,true,false,true,2,true,true,physical_support_with_dark_floor_reported_separately
400,25,1,false,false,false,false,false,false,false,false,false,0,true,true,physical_support_with_dark_floor_reported_separately
400,25,2,false,false,false,false,false,false,false,false,false,0,true,true,physical_support_with_dark_floor_reported_separately
400,25,3,false,false,false,false,false,false,false,false,false,0,true,true,physical_support_with_dark_floor_reported_separately
400,25,4,false,false,false,false,false,false,false,false,false,0,true,true,physical_support_with_dark_floor_reported_separately
400,25,5,false,false,false,false,false,false,false,false,false,0,true,true,physical_support_with_dark_floor_reported_separately
400,25,6,false,false,false,false,false,false,false,false,false,0,true,true,physical_support_with_dark_floor_reported_separately
400,25,7,false,false,false,false,false,false,false,false,false,0,true,true,physical_support_with_dark_floor_reported_separately
400,25,8,false,false,false,false,false,false,false,false,false,0,true,true,physical_support_with_dark_floor_reported_separately
400,25,9,false,false,false,false,false,false,false,false,false,0,true,true,physical_support_with_dark_floor_reported_separately
400,25,10,false,false,false,false,false,false,false,false,false,0,true,true,physical_support_with_dark_floor_reported_separately
400,25,11,false,false,false,false,false,false,false,false,false,0,true,true,physical_support_with_dark_floor_reported_separately
400,25,12,false,false,false,false,false,false,false,false,false,0,true,true,physical_support_with_dark_floor_reported_separately
400,25,13,false,false,false,false,false,false,false,false,false,0,true,true,physical_support_with_dark_floor_reported_separately
400,25,14,false,false,false,false,false,false,false,false,false,0,true,true,physical_support_with_dark_floor_reported_separately
400,25,15,false,false,false,false,false,false,false,false,false,0,true,true,physical_support_with_dark_floor_reported_separately
400,26,1,false,false,false,false,true,false,false,false,true,1,true,true,physical_support_with_dark_floor_reported_separately
400,26,2,false,false,false,false,true,false,false,false,true,1,true,true,physical_support_with_dark_floor_reported_separately
400,26,3,false,false,false,false,true,false,false,false,true,1,true,true,physical_support_with_dark_floor_reported_separately
400,26,4,false,false,false,false,true,false,false,false,true,1,true,true,physical_support_with_dark_floor_reported_separately
400,26,5,false,false,false,false,true,false,false,false,true,1,true,true,physical_support_with_dark_floor_reported_separately
400,26,6,false,false,false,false,true,false,false,false,true,1,true,true,physical_support_with_dark_floor_reported_separately
400,26,7,false,false,false,false,true,false,false,false,true,1,true,true,physical_support_with_dark_floor_reported_separately
400,26,8,false,false,false,false,true,false,false,false,true,1,true,true,physical_support_with_dark_floor_reported_separately
400,26,9,false,false,false,false,true,false,false,false,true,1,true,true,physical_support_with_dark_floor_reported_separately
400,26,10,false,false,false,false,true,false,false,false,true,1,true,true,physical_support_with_dark_floor_reported_separately
400,26,11,false,false,false,false,true,false,false,false,true,1,true,true,physical_support_with_dark_floor_reported_separately
400,26,12,false,false,false,false,true,false,false,false,true,1,true,true,physical_support_with_dark_floor_reported_separately
400,26,13,false,false,false,false,true,false,false,false,true,1,true,true,physical_support_with_dark_floor_reported_separately
400,26,14,false,false,false,false,true,false,false,false,true,1,true,true,physical_support_with_dark_floor_reported_separately
400,26,15,false,false,false,false,true,false,false,false,true,1,true,true,physical_support_with_dark_floor_reported_separately
400,27,1,false,false,false,false,false,false,false,false,false,0,true,true,physical_support_with_dark_floor_reported_separately
400,27,2,false,false,false,false,false,false,false,false,false,0,true,true,physical_support_with_dark_floor_reported_separately
400,27,3,false,false,false,false,true,false,false,false,true,1,true,true,physical_support_with_dark_floor_reported_separately
400,27,4,false,false,false,false,true,false,false,false,true,1,true,true,physical_support_with_dark_floor_reported_separately
400,27,5,false,false,false,false,true,false,false,false,true,1,true,true,physical_support_with_dark_floor_reported_separately
400,27,6,false,false,false,false,true,false,false,false,true,1,true,true,physical_support_with_dark_floor_reported_separately
400,27,7,false,false,false,false,false,false,false,false,false,0,true,true,physical_support_with_dark_floor_reported_separately
400,27,8,false,false,false,false,true,false,false,false,true,1,true,true,physical_support_with_dark_floor_reported_separately
400,27,9,false,false,false,false,true,false,false,false,true,1,true,true,physical_support_with_dark_floor_reported_separately
400,27,10,false,false,false,false,true,false,false,false,true,1,true,true,physical_support_with_dark_floor_reported_separately
400,27,11,false,false,false,false,true,false,false,false,true,1,true,true,physical_support_with_dark_floor_reported_separately
400,27,12,false,false,false,false,true,false,false,false,true,1,true,true,physical_support_with_dark_floor_reported_separately
400,27,13,false,false,false,false,true,false,false,false,true,1,true,true,physical_support_with_dark_floor_reported_separately
400,27,14,false,false,false,false,true,false,false,false,true,1,true,true,physical_support_with_dark_floor_reported_separately
400,27,15,false,false,false,false,true,false,false,false,true,1,true,true,physical_support_with_dark_floor_reported_separately
400,28,1,false,false,false,false,true,false,false,false,true,1,true,true,physical_support_with_dark_floor_reported_separately
400,28,2,false,false,false,false,true,false,false,false,true,1,true,true,physical_support_with_dark_floor_reported_separately
400,28,3,false,false,false,false,true,false,false,false,true,1,true,true,physical_support_with_dark_floor_reported_separately
400,28,4,false,false,false,false,true,false,false,false,true,1,true,true,physical_support_with_dark_floor_reported_separately
400,28,5,false,false,false,false,true,false,false,false,true,1,true,true,physical_support_with_dark_floor_reported_separately
400,28,6,false,false,false,false,true,false,false,false,true,1,true,true,physical_support_with_dark_floor_reported_separately
400,28,7,false,false,false,false,true,false,false,false,true,1,true,true,physical_support_with_dark_floor_reported_separately
400,28,8,false,false,false,false,true,false,false,false,true,1,true,true,physical_support_with_dark_floor_reported_separately
400,28,9,false,false,false,false,true,false,false,false,true,1,true,true,physical_support_with_dark_floor_reported_separately
400,28,10,false,false,false,false,true,false,false,false,true,1,true,true,physical_support_with_dark_floor_reported_separately
400,28,11,false,false,false,false,true,false,false,false,true,1,true,true,physical_support_with_dark_floor_reported_separately
400,28,12,false,false,false,false,true,false,false,false,true,1,true,true,physical_support_with_dark_floor_reported_separately
400,28,13,false,false,false,false,true,false,false,false,true,1,true,true,physical_support_with_dark_floor_reported_separately
400,28,14,false,false,false,false,true,false,false,false,true,1,true,true,physical_support_with_dark_floor_reported_separately
400,28,15,false,false,false,false,true,false,false,false,true,1,true,true,physical_support_with_dark_floor_reported_separately
400,29,1,false,false,false,false,true,false,true,false,true,2,true,true,physical_support_with_dark_floor_reported_separately
400,29,2,false,false,false,false,true,false,true,false,true,2,true,true,physical_support_with_dark_floor_reported_separately
400,29,3,false,false,false,false,true,false,true,false,true,2,true,true,physical_support_with_dark_floor_reported_separately
400,29,4,false,false,false,false,true,false,true,false,true,2,true,true,physical_support_with_dark_floor_reported_separately
400,29,5,false,false,false,false,true,false,true,false,true,2,true,true,physical_support_with_dark_floor_reported_separately
400,29,6,false,false,false,false,true,false,true,false,true,2,true,true,physical_support_with_dark_floor_reported_separately
400,29,7,false,false,false,false,true,false,true,false,true,2,true,true,physical_support_with_dark_floor_reported_separately
400,29,8,false,false,false,false,true,false,true,false,true,2,true,true,physical_support_with_dark_floor_reported_separately
400,29,9,false,false,false,false,true,false,true,false,true,2,true,true,physical_support_with_dark_floor_reported_separately
400,29,10,false,false,false,false,true,false,true,false,true,2,true,true,physical_support_with_dark_floor_reported_separately
400,29,11,false,false,false,false,true,false,true,false,true,2,true,true,physical_support_with_dark_floor_reported_separately
400,29,12,false,false,false,false,true,false,true,false,true,2,true,true,physical_support_with_dark_floor_reported_separately
400,29,13,false,false,false,false,true,false,true,false,true,2,true,true,physical_support_with_dark_floor_reported_separately
400,29,14,false,false,false,false,true,false,true,false,true,2,true,true,physical_support_with_dark_floor_reported_separately
400,29,15,false,false,false,false,true,false,true,false,true,2,true,true,physical_support_with_dark_floor_reported_separately
400,30,1,false,false,false,false,false,false,true,false,true,1,true,true,physical_support_with_dark_floor_reported_separately
400,30,2,false,false,false,false,false,false,true,false,true,1,true,true,physical_support_with_dark_floor_reported_separately
400,30,3,false,false,false,false,false,false,true,false,true,1,true,true,physical_support_with_dark_floor_reported_separately
400,30,4,false,false,false,false,false,false,true,false,true,1,true,true,physical_support_with_dark_floor_reported_separately
400,30,5,false,false,false,false,false,false,true,false,true,1,true,true,physical_support_with_dark_floor_reported_separately
400,30,6,false,false,false,false,false,false,true,false,true,1,true,true,physical_support_with_dark_floor_reported_separately
400,30,7,false,false,false,false,false,false,true,false,true,1,true,true,physical_support_with_dark_floor_reported_separately
400,30,8,false,false,false,false,false,false,true,false,true,1,true,true,physical_support_with_dark_floor_reported_separately
400,30,9,false,false,false,false,false,false,true,false,true,1,true,true,physical_support_with_dark_floor_reported_separately
400,30,10,false,false,false,false,false,false,true,false,true,1,true,true,physical_support_with_dark_floor_reported_separately
400,30,11,false,false,false,false,false,false,true,false,true,1,true,true,physical_support_with_dark_floor_reported_separately
400,30,12,false,false,false,false,false,false,true,false,true,1,true,true,physical_support_with_dark_floor_reported_separately
400,30,13,false,false,false,false,false,false,true,false,true,1,true,true,physical_support_with_dark_floor_reported_separately
400,30,14,false,false,false,false,false,false,true,false,true,1,true,true,physical_support_with_dark_floor_reported_separately
400,30,15,false,false,false,false,false,false,true,false,true,1,true,true,physical_support_with_dark_floor_reported_separately
400,31,1,false,false,false,false,false,false,true,false,true,1,true,true,physical_support_with_dark_floor_reported_separately
400,31,2,false,false,false,false,false,false,true,false,true,1,true,true,physical_support_with_dark_floor_reported_separately
400,31,3,false,false,false,false,false,false,true,false,true,1,true,true,physical_support_with_dark_floor_reported_separately
400,31,4,false,false,false,false,false,false,true,false,true,1,true,true,physical_support_with_dark_floor_reported_separately
400,31,5,false,false,false,false,false,false,true,false,true,1,true,true,physical_support_with_dark_floor_reported_separately
400,31,6,false,false,false,false,false,false,true,false,true,1,true,true,physical_support_with_dark_floor_reported_separately
400,31,7,false,false,false,false,false,false,true,false,true,1,true,true,physical_support_with_dark_floor_reported_separately
400,31,8,false,false,false,false,false,false,true,false,true,1,true,true,physical_support_with_dark_floor_reported_separately
400,31,9,false,false,false,false,false,false,true,false,true,1,true,true,physical_support_with_dark_floor_reported_separately
400,31,10,false,false,false,false,false,false,true,false,true,1,true,true,physical_support_with_dark_floor_reported_separately
400,31,11,false,false,false,false,false,false,true,false,true,1,true,true,physical_support_with_dark_floor_reported_separately
400,31,12,false,false,false,false,false,false,true,false,true,1,true,true,physical_support_with_dark_floor_reported_separately
400,31,13,false,false,false,false,false,false,true,false,true,1,true,true,physical_support_with_dark_floor_reported_separately
400,31,14,false,false,false,false,false,false,true,false,true,1,true,true,physical_support_with_dark_floor_reported_separately
400,31,15,false,false,false,false,false,false,true,false,true,1,true,true,physical_support_with_dark_floor_reported_separately
400,32,1,false,false,false,false,false,false,true,false,true,1,true,true,physical_support_with_dark_floor_reported_separately
400,32,2,false,false,false,false,false,false,true,false,true,1,true,true,physical_support_with_dark_floor_reported_separately
400,32,3,false,false,false,false,false,false,true,false,true,1,true,true,physical_support_with_dark_floor_reported_separately
400,32,4,false,false,false,false,false,false,true,false,true,1,true,true,physical_support_with_dark_floor_reported_separately
400,32,5,false,false,false,false,false,false,true,false,true,1,true,true,physical_support_with_dark_floor_reported_separately
400,32,6,false,false,false,false,false,false,true,false,true,1,true,true,physical_support_with_dark_floor_reported_separately
400,32,7,false,false,false,false,false,false,true,false,true,1,true,true,physical_support_with_dark_floor_reported_separately
400,32,8,false,false,false,false,false,false,true,false,true,1,true,true,physical_support_with_dark_floor_reported_separately
400,32,9,false,false,false,false,false,false,true,false,true,1,true,true,physical_support_with_dark_floor_reported_separately
400,32,10,false,false,false,false,false,false,true,false,true,1,true,true,physical_support_with_dark_floor_reported_separately
400,32,11,false,false,false,false,false,false,true,false,true,1,true,true,physical_support_with_dark_floor_reported_separately
400,32,12,false,false,false,false,false,false,true,false,true,1,true,true,physical_support_with_dark_floor_reported_separately
400,32,13,false,false,false,false,false,false,true,false,true,1,true,true,physical_support_with_dark_floor_reported_separately
400,32,14,false,false,false,false,false,false,true,false,true,1,true,true,physical_support_with_dark_floor_reported_separately
400,32,15,false,false,false,false,false,false,true,false,true,1,true,true,physical_support_with_dark_floor_reported_separately
400,33,1,false,false,false,false,false,false,false,false,false,0,true,true,physical_support_with_dark_floor_reported_separately
400,33,2,false,false,false,false,false,false,false,false,false,0,true,true,physical_support_with_dark_floor_reported_separately
400,33,3,false,false,false,false,false,false,false,false,false,0,true,true,physical_support_with_dark_floor_reported_separately
400,33,4,false,false,false,false,false,false,false,false,false,0,true,true,physical_support_with_dark_floor_reported_separately
400,33,5,false,false,false,false,false,false,false,false,false,0,true,true,physical_support_with_dark_floor_reported_separately
400,33,6,false,false,false,false,false,false,false,false,false,0,true,true,physical_support_with_dark_floor_reported_separately
400,33,7,false,false,false,false,false,false,false,false,false,0,true,true,physical_support_with_dark_floor_reported_separately
400,33,8,false,false,false,false,false,false,false,false,false,0,true,true,physical_support_with_dark_floor_reported_separately
400,33,9,false,false,false,false,false,false,false,false,false,0,true,true,physical_support_with_dark_floor_reported_separately
400,33,10,false,false,false,false,false,false,false,false,false,0,true,true,physical_support_with_dark_floor_reported_separately
400,33,11,false,false,false,false,false,false,false,false,false,0,true,true,physical_support_with_dark_floor_reported_separately
400,33,12,false,false,false,false,false,false,false,false,false,0,true,true,physical_support_with_dark_floor_reported_separately
400,33,13,false,false,false,false,false,false,false,false,false,0,true,true,physical_support_with_dark_floor_reported_separately
400,33,14,false,false,false,false,false,false,false,false,false,0,true,true,physical_support_with_dark_floor_reported_separately
400,33,15,false,false,false,false,false,false,false,false,false,0,true,true,physical_support_with_dark_floor_reported_separately
400,34,1,false,false,false,false,false,false,false,false,false,0,true,true,physical_support_with_dark_floor_reported_separately
400,34,2,false,false,false,false,false,false,false,false,false,0,true,true,physical_support_with_dark_floor_reported_separately
400,34,3,false,false,false,false,false,false,false,false,false,0,true,true,physical_support_with_dark_floor_reported_separately
400,34,4,false,false,false,false,false,false,false,false,false,0,true,true,physical_support_with_dark_floor_reported_separately
400,34,5,false,false,false,false,false,false,false,false,false,0,true,true,physical_support_with_dark_floor_reported_separately
400,34,6,false,false,false,false,false,false,false,false,false,0,true,true,physical_support_with_dark_floor_reported_separately
400,34,7,false,false,false,false,false,false,false,false,false,0,true,true,physical_support_with_dark_floor_reported_separately
400,34,8,false,false,false,false,false,false,false,false,false,0,true,true,physical_support_with_dark_floor_reported_separately
400,34,9,false,false,false,false,false,false,false,false,false,0,true,true,physical_support_with_dark_floor_reported_separately
400,34,10,false,false,false,false,false,false,false,false,false,0,true,true,physical_support_with_dark_floor_reported_separately
400,34,11,false,false,false,false,false,false,false,false,false,0,true,true,physical_support_with_dark_floor_reported_separately
400,34,12,false,false,false,false,false,false,false,false,false,0,true,true,physical_support_with_dark_floor_reported_separately
400,34,13,false,false,false,false,false,false,false,false,false,0,true,true,physical_support_with_dark_floor_reported_separately
400,34,14,false,false,false,false,false,false,false,false,false,0,true,true,physical_support_with_dark_floor_reported_separately
400,34,15,false,false,false,false,false,false,false,false,false,0,true,true,physical_support_with_dark_floor_reported_separately
400,35,1,false,false,false,false,true,false,true,false,true,2,true,true,physical_support_with_dark_floor_reported_separately
400,35,2,false,false,false,false,true,false,true,false,true,2,true,true,physical_support_with_dark_floor_reported_separately
400,35,3,false,false,false,false,true,false,true,false,true,2,true,true,physical_support_with_dark_floor_reported_separately
400,35,4,false,false,false,false,true,false,true,false,true,2,true,true,physical_support_with_dark_floor_reported_separately
400,35,5,false,false,false,false,true,false,true,false,true,2,true,true,physical_support_with_dark_floor_reported_separately
400,35,6,false,false,false,false,true,false,true,false,true,2,true,true,physical_support_with_dark_floor_reported_separately
400,35,7,false,false,false,false,true,false,true,false,true,2,true,true,physical_support_with_dark_floor_reported_separately
400,35,8,false,false,false,false,true,false,true,false,true,2,true,true,physical_support_with_dark_floor_reported_separately
400,35,9,false,false,false,false,true,false,true,false,true,2,true,true,physical_support_with_dark_floor_reported_separately
400,35,10,false,false,false,false,true,false,true,false,true,2,true,true,physical_support_with_dark_floor_reported_separately
400,35,11,false,false,false,false,true,false,true,false,true,2,true,true,physical_support_with_dark_floor_reported_separately
400,35,12,false,false,false,false,true,false,true,false,true,2,true,true,physical_support_with_dark_floor_reported_separately
400,35,13,false,false,false,false,true,false,true,false,true,2,true,true,physical_support_with_dark_floor_reported_separately
400,35,14,false,false,false,false,true,false,true,false,true,2,true,true,physical_support_with_dark_floor_reported_separately
400,35,15,false,false,false,false,true,false,true,false,true,2,true,true,physical_support_with_dark_floor_reported_separately
400,36,1,false,false,false,false,false,false,false,false,false,0,true,true,physical_support_with_dark_floor_reported_separately
400,36,2,false,false,false,false,false,false,false,false,false,0,true,true,physical_support_with_dark_floor_reported_separately
400,36,3,false,false,false,false,false,false,false,false,false,0,true,true,physical_support_with_dark_floor_reported_separately
400,36,4,false,false,false,false,false,false,false,false,false,0,true,true,physical_support_with_dark_floor_reported_separately
400,36,5,false,false,false,false,false,false,false,false,false,0,true,true,physical_support_with_dark_floor_reported_separately
400,36,6,false,false,false,false,false,false,false,false,false,0,true,true,physical_support_with_dark_floor_reported_separately
400,36,7,false,false,false,false,false,false,false,false,false,0,true,true,physical_support_with_dark_floor_reported_separately
400,36,8,false,false,false,false,false,false,false,false,false,0,true,true,physical_support_with_dark_floor_reported_separately
400,36,9,false,false,false,false,false,false,false,false,false,0,true,true,physical_support_with_dark_floor_reported_separately
400,36,10,false,false,false,false,false,false,false,false,false,0,true,true,physical_support_with_dark_floor_reported_separately
400,36,11,false,false,false,false,false,false,false,false,false,0,true,true,physical_support_with_dark_floor_reported_separately
400,36,12,false,false,false,false,false,false,false,false,false,0,true,true,physical_support_with_dark_floor_reported_separately
400,36,13,false,false,false,false,false,false,false,false,false,0,true,true,physical_support_with_dark_floor_reported_separately
400,36,14,false,false,false,false,false,false,false,false,false,0,true,true,physical_support_with_dark_floor_reported_separately
400,36,15,false,false,false,false,false,false,false,false,false,0,true,true,physical_support_with_dark_floor_reported_separately
400,37,1,false,false,false,false,true,false,false,false,true,1,true,true,physical_support_with_dark_floor_reported_separately
400,37,2,false,false,false,false,true,false,false,false,true,1,true,true,physical_support_with_dark_floor_reported_separately
400,37,3,false,false,false,false,true,false,false,false,true,1,true,true,physical_support_with_dark_floor_reported_separately
400,37,4,false,false,false,false,true,false,false,false,true,1,true,true,physical_support_with_dark_floor_reported_separately
400,37,5,false,false,false,false,true,false,false,false,true,1,true,true,physical_support_with_dark_floor_reported_separately
400,37,6,false,false,false,false,true,false,false,false,true,1,true,true,physical_support_with_dark_floor_reported_separately
400,37,7,false,false,false,false,true,false,false,false,true,1,true,true,physical_support_with_dark_floor_reported_separately
400,37,8,false,false,false,false,true,false,false,false,true,1,true,true,physical_support_with_dark_floor_reported_separately
400,37,9,false,false,false,false,true,false,false,false,true,1,true,true,physical_support_with_dark_floor_reported_separately
400,37,10,false,false,false,false,true,false,false,false,true,1,true,true,physical_support_with_dark_floor_reported_separately
400,37,11,false,false,false,false,true,false,false,false,true,1,true,true,physical_support_with_dark_floor_reported_separately
400,37,12,false,false,false,false,true,false,false,false,true,1,true,true,physical_support_with_dark_floor_reported_separately
400,37,13,false,false,false,false,true,false,false,false,true,1,true,true,physical_support_with_dark_floor_reported_separately
400,37,14,false,false,false,false,true,false,false,false,true,1,true,true,physical_support_with_dark_floor_reported_separately
400,37,15,false,false,false,false,true,false,false,false,true,1,true,true,physical_support_with_dark_floor_reported_separately
400,38,1,false,false,false,false,true,false,false,false,true,1,true,true,physical_support_with_dark_floor_reported_separately
400,38,2,false,false,false,false,true,false,false,false,true,1,true,true,physical_support_with_dark_floor_reported_separately
400,38,3,false,false,false,false,true,false,false,false,true,1,true,true,physical_support_with_dark_floor_reported_separately
400,38,4,false,false,false,false,true,false,false,false,true,1,true,true,physical_support_with_dark_floor_reported_separately
400,38,5,false,false,false,false,true,false,false,false,true,1,true,true,physical_support_with_dark_floor_reported_separately
400,38,6,false,false,false,false,true,false,false,false,true,1,true,true,physical_support_with_dark_floor_reported_separately
400,38,7,false,false,false,false,true,false,false,false,true,1,true,true,physical_support_with_dark_floor_reported_separately
400,38,8,false,false,false,false,true,false,false,false,true,1,true,true,physical_support_with_dark_floor_reported_separately
400,38,9,false,false,false,false,true,false,false,false,true,1,true,true,physical_support_with_dark_floor_reported_separately
400,38,10,false,false,false,false,true,false,false,false,true,1,true,true,physical_support_with_dark_floor_reported_separately
400,38,11,false,false,false,false,true,false,false,false,true,1,true,true,physical_support_with_dark_floor_reported_separately
400,38,12,false,false,false,false,true,false,false,false,true,1,true,true,physical_support_with_dark_floor_reported_separately
400,38,13,false,false,false,false,true,false,false,false,true,1,true,true,physical_support_with_dark_floor_reported_separately
400,38,14,false,false,false,false,true,false,false,false,true,1,true,true,physical_support_with_dark_floor_reported_separately
400,38,15,false,false,false,false,true,false,false,false,true,1,true,true,physical_support_with_dark_floor_reported_separately
400,39,1,false,false,false,false,false,false,true,false,true,1,true,true,physical_support_with_dark_floor_reported_separately
400,39,2,false,false,false,false,false,false,true,false,true,1,true,true,physical_support_with_dark_floor_reported_separately
400,39,3,false,false,false,false,false,false,true,false,true,1,true,true,physical_support_with_dark_floor_reported_separately
400,39,4,false,false,false,false,false,false,true,false,true,1,true,true,physical_support_with_dark_floor_reported_separately
400,39,5,false,false,false,false,false,false,true,false,true,1,true,true,physical_support_with_dark_floor_reported_separately
400,39,6,false,false,false,false,false,false,true,false,true,1,true,true,physical_support_with_dark_floor_reported_separately
400,39,7,false,false,false,false,false,false,true,false,true,1,true,true,physical_support_with_dark_floor_reported_separately
400,39,8,false,false,false,false,false,false,true,false,true,1,true,true,physical_support_with_dark_floor_reported_separately
400,39,9,false,false,false,false,false,false,true,false,true,1,true,true,physical_support_with_dark_floor_reported_separately
400,39,10,false,false,false,false,false,false,true,false,true,1,true,true,physical_support_with_dark_floor_reported_separately
400,39,11,false,false,false,false,false,false,true,false,true,1,true,true,physical_support_with_dark_floor_reported_separately
400,39,12,false,false,false,false,false,false,true,false,true,1,true,true,physical_support_with_dark_floor_reported_separately
400,39,13,false,false,false,false,false,false,true,false,true,1,true,true,physical_support_with_dark_floor_reported_separately
400,39,14,false,false,false,false,false,false,true,false,true,1,true,true,physical_support_with_dark_floor_reported_separately
400,39,15,false,false,false,false,false,false,true,false,true,1,true,true,physical_support_with_dark_floor_reported_separately
400,40,1,false,false,false,false,true,false,false,false,true,1,true,true,physical_support_with_dark_floor_reported_separately
400,40,2,false,false,false,false,true,false,false,false,true,1,true,true,physical_support_with_dark_floor_reported_separately
400,40,3,false,false,false,false,true,false,false,false,true,1,true,true,physical_support_with_dark_floor_reported_separately
400,40,4,false,false,false,false,false,false,false,false,false,0,true,true,physical_support_with_dark_floor_reported_separately
400,40,5,false,false,false,false,true,false,false,false,true,1,true,true,physical_support_with_dark_floor_reported_separately
400,40,6,false,false,false,false,true,false,false,false,true,1,true,true,physical_support_with_dark_floor_reported_separately
400,40,7,false,false,false,false,true,false,false,false,true,1,true,true,physical_support_with_dark_floor_reported_separately
400,40,8,false,false,false,false,true,false,false,false,true,1,true,true,physical_support_with_dark_floor_reported_separately
400,40,9,false,false,false,false,true,false,false,false,true,1,true,true,physical_support_with_dark_floor_reported_separately
400,40,10,false,false,false,false,true,false,false,false,true,1,true,true,physical_support_with_dark_floor_reported_separately
400,40,11,false,false,false,false,true,false,false,false,true,1,true,true,physical_support_with_dark_floor_reported_separately
400,40,12,false,false,false,false,true,false,false,false,true,1,true,true,physical_support_with_dark_floor_reported_separately
400,40,13,false,false,false,false,true,false,false,false,true,1,true,true,physical_support_with_dark_floor_reported_separately
400,40,14,false,false,false,false,true,false,false,false,true,1,true,true,physical_support_with_dark_floor_reported_separately
400,40,15,false,false,false,false,true,false,false,false,true,1,true,true,physical_support_with_dark_floor_reported_separately
400,41,1,false,false,false,false,false,false,false,false,false,0,true,true,physical_support_with_dark_floor_reported_separately
400,41,2,false,false,false,false,false,false,false,false,false,0,true,true,physical_support_with_dark_floor_reported_separately
400,41,3,false,false,false,false,false,false,false,false,false,0,true,true,physical_support_with_dark_floor_reported_separately
400,41,4,false,false,false,false,false,false,false,false,false,0,true,true,physical_support_with_dark_floor_reported_separately
400,41,5,false,false,false,false,false,false,false,false,false,0,true,true,physical_support_with_dark_floor_reported_separately
400,41,6,false,false,false,false,false,false,false,false,false,0,true,true,physical_support_with_dark_floor_reported_separately
400,41,7,false,false,false,false,false,false,false,false,false,0,true,true,physical_support_with_dark_floor_reported_separately
400,41,8,false,false,false,false,false,false,false,false,false,0,true,true,physical_support_with_dark_floor_reported_separately
400,41,9,false,false,false,false,false,false,false,false,false,0,true,true,physical_support_with_dark_floor_reported_separately
400,41,10,false,false,false,false,false,false,false,false,false,0,true,true,physical_support_with_dark_floor_reported_separately
400,41,11,false,false,false,false,false,false,false,false,false,0,true,true,physical_support_with_dark_floor_reported_separately
400,41,12,false,false,false,false,false,false,false,false,false,0,true,true,physical_support_with_dark_floor_reported_separately
400,41,13,false,false,false,false,false,false,false,false,false,0,true,true,physical_support_with_dark_floor_reported_separately
400,41,14,false,false,false,false,false,false,false,false,false,0,true,true,physical_support_with_dark_floor_reported_separately
400,41,15,false,false,false,false,false,false,false,false,false,0,true,true,physical_support_with_dark_floor_reported_separately
400,42,1,false,false,false,false,false,false,true,false,true,1,true,true,physical_support_with_dark_floor_reported_separately
400,42,2,false,false,false,false,false,false,true,false,true,1,true,true,physical_support_with_dark_floor_reported_separately
400,42,3,false,false,false,false,false,false,true,false,true,1,true,true,physical_support_with_dark_floor_reported_separately
400,42,4,false,false,false,false,false,false,true,false,true,1,true,true,physical_support_with_dark_floor_reported_separately
400,42,5,false,false,false,false,false,false,true,false,true,1,true,true,physical_support_with_dark_floor_reported_separately
400,42,6,false,false,false,false,false,false,true,false,true,1,true,true,physical_support_with_dark_floor_reported_separately
400,42,7,false,false,false,false,false,false,true,false,true,1,true,true,physical_support_with_dark_floor_reported_separately
400,42,8,false,false,false,false,false,false,true,false,true,1,true,true,physical_support_with_dark_floor_reported_separately
400,42,9,false,false,false,false,false,false,true,false,true,1,true,true,physical_support_with_dark_floor_reported_separately
400,42,10,false,false,false,false,false,false,true,false,true,1,true,true,physical_support_with_dark_floor_reported_separately
400,42,11,false,false,false,false,false,false,true,false,true,1,true,true,physical_support_with_dark_floor_reported_separately
400,42,12,false,false,false,false,false,false,true,false,true,1,true,true,physical_support_with_dark_floor_reported_separately
400,42,13,false,false,false,false,false,false,true,false,true,1,true,true,physical_support_with_dark_floor_reported_separately
400,42,14,false,false,false,false,false,false,true,false,true,1,true,true,physical_support_with_dark_floor_reported_separately
400,42,15,false,false,false,false,false,false,true,false,true,1,true,true,physical_support_with_dark_floor_reported_separately
400,43,1,false,false,false,false,false,false,false,false,false,0,true,true,physical_support_with_dark_floor_reported_separately
400,43,2,false,false,false,false,false,false,false,false,false,0,true,true,physical_support_with_dark_floor_reported_separately
400,43,3,false,false,false,false,false,false,false,false,false,0,true,true,physical_support_with_dark_floor_reported_separately
400,43,4,false,false,false,false,false,false,false,false,false,0,true,true,physical_support_with_dark_floor_reported_separately
400,43,5,false,false,false,false,false,false,false,false,false,0,true,true,physical_support_with_dark_floor_reported_separately
400,43,6,false,false,false,false,false,false,false,false,false,0,true,true,physical_support_with_dark_floor_reported_separately
400,43,7,false,false,false,false,false,false,false,false,false,0,true,true,physical_support_with_dark_floor_reported_separately
400,43,8,false,false,false,false,false,false,false,false,false,0,true,true,physical_support_with_dark_floor_reported_separately
400,43,9,false,false,false,false,false,false,false,false,false,0,true,true,physical_support_with_dark_floor_reported_separately
400,43,10,false,false,false,false,false,false,false,false,false,0,true,true,physical_support_with_dark_floor_reported_separately
400,43,11,false,false,false,false,false,false,false,false,false,0,true,true,physical_support_with_dark_floor_reported_separately
400,43,12,false,false,false,false,false,false,false,false,false,0,true,true,physical_support_with_dark_floor_reported_separately
400,43,13,false,false,false,false,false,false,false,false,false,0,true,true,physical_support_with_dark_floor_reported_separately
400,43,14,false,false,false,false,false,false,false,false,false,0,true,true,physical_support_with_dark_floor_reported_separately
400,43,15,false,false,false,false,false,false,false,false,false,0,true,true,physical_support_with_dark_floor_reported_separately
400,44,1,false,false,false,false,true,false,true,false,true,2,true,true,physical_support_with_dark_floor_reported_separately
400,44,2,false,false,false,false,true,false,true,false,true,2,true,true,physical_support_with_dark_floor_reported_separately
400,44,3,false,false,false,false,true,false,true,false,true,2,true,true,physical_support_with_dark_floor_reported_separately
400,44,4,false,false,false,false,true,false,true,false,true,2,true,true,physical_support_with_dark_floor_reported_separately
400,44,5,false,false,false,false,true,false,true,false,true,2,true,true,physical_support_with_dark_floor_reported_separately
400,44,6,false,false,false,false,true,false,true,false,true,2,true,true,physical_support_with_dark_floor_reported_separately
400,44,7,false,false,false,false,true,false,true,false,true,2,true,true,physical_support_with_dark_floor_reported_separately
400,44,8,false,false,false,false,true,false,true,false,true,2,true,true,physical_support_with_dark_floor_reported_separately
400,44,9,false,false,false,false,true,false,true,false,true,2,true,true,physical_support_with_dark_floor_reported_separately
400,44,10,false,false,false,false,true,false,true,false,true,2,true,true,physical_support_with_dark_floor_reported_separately
400,44,11,false,false,false,false,true,false,true,false,true,2,true,true,physical_support_with_dark_floor_reported_separately
400,44,12,false,false,false,false,true,false,true,false,true,2,true,true,physical_support_with_dark_floor_reported_separately
400,44,13,false,false,false,false,true,false,true,false,true,2,true,true,physical_support_with_dark_floor_reported_separately
400,44,14,false,false,false,false,true,false,true,false,true,2,true,true,physical_support_with_dark_floor_reported_separately
400,44,15,false,false,false,false,true,false,true,false,true,2,true,true,physical_support_with_dark_floor_reported_separately
400,45,1,false,false,false,false,false,false,false,false,false,0,true,true,physical_support_with_dark_floor_reported_separately
400,45,2,false,false,false,false,false,false,false,false,false,0,true,true,physical_support_with_dark_floor_reported_separately
400,45,3,false,false,false,false,false,false,false,false,false,0,true,true,physical_support_with_dark_floor_reported_separately
400,45,4,false,false,false,false,false,false,false,false,false,0,true,true,physical_support_with_dark_floor_reported_separately
400,45,5,false,false,false,false,false,false,false,false,false,0,true,true,physical_support_with_dark_floor_reported_separately
400,45,6,false,false,false,false,false,false,false,false,false,0,true,true,physical_support_with_dark_floor_reported_separately
400,45,7,false,false,false,false,false,false,false,false,false,0,true,true,physical_support_with_dark_floor_reported_separately
400,45,8,false,false,false,false,false,false,false,false,false,0,true,true,physical_support_with_dark_floor_reported_separately
400,45,9,false,false,false,false,false,false,false,false,false,0,true,true,physical_support_with_dark_floor_reported_separately
400,45,10,false,false,false,false,false,false,false,false,false,0,true,true,physical_support_with_dark_floor_reported_separately
400,45,11,false,false,false,false,false,false,false,false,false,0,true,true,physical_support_with_dark_floor_reported_separately
400,45,12,false,false,false,false,false,false,false,false,false,0,true,true,physical_support_with_dark_floor_reported_separately
400,45,13,false,false,false,false,false,false,false,false,false,0,true,true,physical_support_with_dark_floor_reported_separately
400,45,14,false,false,false,false,false,false,false,false,false,0,true,true,physical_support_with_dark_floor_reported_separately
400,45,15,false,false,false,false,false,false,false,false,false,0,true,true,physical_support_with_dark_floor_reported_separately
400,46,1,false,false,false,false,true,false,true,false,true,2,true,true,physical_support_with_dark_floor_reported_separately
400,46,2,false,false,false,false,true,false,true,false,true,2,true,true,physical_support_with_dark_floor_reported_separately
400,46,3,false,false,false,false,true,false,true,false,true,2,true,true,physical_support_with_dark_floor_reported_separately
400,46,4,false,false,false,false,true,false,true,false,true,2,true,true,physical_support_with_dark_floor_reported_separately
400,46,5,false,false,false,false,true,false,true,false,true,2,true,true,physical_support_with_dark_floor_reported_separately
400,46,6,false,false,false,false,true,false,true,false,true,2,true,true,physical_support_with_dark_floor_reported_separately
400,46,7,false,false,false,false,true,false,true,false,true,2,true,true,physical_support_with_dark_floor_reported_separately
400,46,8,false,false,false,false,true,false,true,false,true,2,true,true,physical_support_with_dark_floor_reported_separately
400,46,9,false,false,false,false,true,false,true,false,true,2,true,true,physical_support_with_dark_floor_reported_separately
400,46,10,false,false,false,false,true,false,true,false,true,2,true,true,physical_support_with_dark_floor_reported_separately
400,46,11,false,false,false,false,true,false,true,false,true,2,true,true,physical_support_with_dark_floor_reported_separately
400,46,12,false,false,false,false,true,false,true,false,true,2,true,true,physical_support_with_dark_floor_reported_separately
400,46,13,false,false,false,false,true,false,true,false,true,2,true,true,physical_support_with_dark_floor_reported_separately
400,46,14,false,false,false,false,true,false,true,false,true,2,true,true,physical_support_with_dark_floor_reported_separately
400,46,15,false,false,false,false,true,false,true,false,true,2,true,true,physical_support_with_dark_floor_reported_separately
400,47,1,false,false,false,false,false,false,false,false,false,0,true,true,physical_support_with_dark_floor_reported_separately
400,47,2,false,false,false,false,false,false,false,false,false,0,true,true,physical_support_with_dark_floor_reported_separately
400,47,3,false,false,false,false,false,false,false,false,false,0,true,true,physical_support_with_dark_floor_reported_separately
400,47,4,false,false,false,false,false,false,false,false,false,0,true,true,physical_support_with_dark_floor_reported_separately
400,47,5,false,false,false,false,false,false,false,false,false,0,true,true,physical_support_with_dark_floor_reported_separately
400,47,6,false,false,false,false,false,false,false,false,false,0,true,true,physical_support_with_dark_floor_reported_separately
400,47,7,false,false,false,false,false,false,false,false,false,0,true,true,physical_support_with_dark_floor_reported_separately
400,47,8,false,false,false,false,false,false,false,false,false,0,true,true,physical_support_with_dark_floor_reported_separately
400,47,9,false,false,false,false,false,false,false,false,false,0,true,true,physical_support_with_dark_floor_reported_separately
400,47,10,false,false,false,false,false,false,false,false,false,0,true,true,physical_support_with_dark_floor_reported_separately
400,47,11,false,false,false,false,false,false,false,false,false,0,true,true,physical_support_with_dark_floor_reported_separately
400,47,12,false,false,false,false,false,false,false,false,false,0,true,true,physical_support_with_dark_floor_reported_separately
400,47,13,false,false,false,false,false,false,false,false,false,0,true,true,physical_support_with_dark_floor_reported_separately
400,47,14,false,false,false,false,false,false,false,false,false,0,true,true,physical_support_with_dark_floor_reported_separately
400,47,15,false,false,false,false,false,false,false,false,false,0,true,true,physical_support_with_dark_floor_reported_separately
400,48,1,false,false,false,false,false,false,false,false,false,0,true,true,physical_support_with_dark_floor_reported_separately
400,48,2,false,false,false,false,false,false,false,false,false,0,true,true,physical_support_with_dark_floor_reported_separately
400,48,3,false,false,false,false,false,false,false,false,false,0,true,true,physical_support_with_dark_floor_reported_separately
400,48,4,false,false,false,false,false,false,false,false,false,0,true,true,physical_support_with_dark_floor_reported_separately
400,48,5,false,false,false,false,false,false,false,false,false,0,true,true,physical_support_with_dark_floor_reported_separately
400,48,6,false,false,false,false,false,false,false,false,false,0,true,true,physical_support_with_dark_floor_reported_separately
400,48,7,false,false,false,false,false,false,false,false,false,0,true,true,physical_support_with_dark_floor_reported_separately
400,48,8,false,false,false,false,false,false,false,false,false,0,true,true,physical_support_with_dark_floor_reported_separately
400,48,9,false,false,false,false,false,false,false,false,false,0,true,true,physical_support_with_dark_floor_reported_separately
400,48,10,false,false,false,false,false,false,false,false,false,0,true,true,physical_support_with_dark_floor_reported_separately
400,48,11,false,false,false,false,false,false,false,false,false,0,true,true,physical_support_with_dark_floor_reported_separately
400,48,12,false,false,false,false,false,false,false,false,false,0,true,true,physical_support_with_dark_floor_reported_separately
400,48,13,false,false,false,false,false,false,false,false,false,0,true,true,physical_support_with_dark_floor_reported_separately
400,48,14,false,false,false,false,false,false,false,false,false,0,true,true,physical_support_with_dark_floor_reported_separately
400,48,15,false,false,false,false,false,false,false,false,false,0,true,true,physical_support_with_dark_floor_reported_separately
400,49,1,false,false,false,false,false,false,true,false,true,1,true,true,physical_support_with_dark_floor_reported_separately
400,49,2,false,false,false,false,false,false,true,false,true,1,true,true,physical_support_with_dark_floor_reported_separately
400,49,3,false,false,false,false,false,false,true,false,true,1,true,true,physical_support_with_dark_floor_reported_separately
400,49,4,false,false,false,false,false,false,true,false,true,1,true,true,physical_support_with_dark_floor_reported_separately
400,49,5,false,false,false,false,false,false,true,false,true,1,true,true,physical_support_with_dark_floor_reported_separately
400,49,6,false,false,false,false,false,false,true,false,true,1,true,true,physical_support_with_dark_floor_reported_separately
400,49,7,false,false,false,false,false,false,true,false,true,1,true,true,physical_support_with_dark_floor_reported_separately
400,49,8,false,false,false,false,false,false,true,false,true,1,true,true,physical_support_with_dark_floor_reported_separately
400,49,9,false,false,false,false,false,false,true,false,true,1,true,true,physical_support_with_dark_floor_reported_separately
400,49,10,false,false,false,false,false,false,true,false,true,1,true,true,physical_support_with_dark_floor_reported_separately
400,49,11,false,false,false,false,false,false,true,false,true,1,true,true,physical_support_with_dark_floor_reported_separately
400,49,12,false,false,false,false,false,false,true,false,true,1,true,true,physical_support_with_dark_floor_reported_separately
400,49,13,false,false,false,false,false,false,true,false,true,1,true,true,physical_support_with_dark_floor_reported_separately
400,49,14,false,false,false,false,false,false,true,false,true,1,true,true,physical_support_with_dark_floor_reported_separately
400,49,15,false,false,false,false,false,false,true,false,true,1,true,true,physical_support_with_dark_floor_reported_separately
400,50,1,false,false,false,false,false,false,true,false,true,1,true,true,physical_support_with_dark_floor_reported_separately
400,50,2,false,false,false,false,false,false,true,false,true,1,true,true,physical_support_with_dark_floor_reported_separately
400,50,3,false,false,false,false,false,false,true,false,true,1,true,true,physical_support_with_dark_floor_reported_separately
400,50,4,false,false,false,false,false,false,true,false,true,1,true,true,physical_support_with_dark_floor_reported_separately
400,50,5,false,false,false,false,false,false,true,false,true,1,true,true,physical_support_with_dark_floor_reported_separately
400,50,6,false,false,false,false,false,false,true,false,true,1,true,true,physical_support_with_dark_floor_reported_separately
400,50,7,false,false,false,false,false,false,true,false,true,1,true,true,physical_support_with_dark_floor_reported_separately
400,50,8,false,false,false,false,false,false,true,false,true,1,true,true,physical_support_with_dark_floor_reported_separately
400,50,9,false,false,false,false,false,false,true,false,true,1,true,true,physical_support_with_dark_floor_reported_separately
400,50,10,false,false,false,false,false,false,true,false,true,1,true,true,physical_support_with_dark_floor_reported_separately
400,50,11,false,false,false,false,false,false,true,false,true,1,true,true,physical_support_with_dark_floor_reported_separately
400,50,12,false,false,false,false,false,false,true,false,true,1,true,true,physical_support_with_dark_floor_reported_separately
400,50,13,false,false,false,false,false,false,true,false,true,1,true,true,physical_support_with_dark_floor_reported_separately
400,50,14,false,false,false,false,false,false,true,false,true,1,true,true,physical_support_with_dark_floor_reported_separately
400,50,15,false,false,false,false,false,false,true,false,true,1,true,true,physical_support_with_dark_floor_reported_separately
400,51,1,false,false,false,false,true,false,true,false,true,2,true,true,physical_support_with_dark_floor_reported_separately
400,51,2,false,false,false,false,true,false,true,false,true,2,true,true,physical_support_with_dark_floor_reported_separately
400,51,3,false,false,false,false,true,false,true,false,true,2,true,true,physical_support_with_dark_floor_reported_separately
400,51,4,false,false,false,false,true,false,true,false,true,2,true,true,physical_support_with_dark_floor_reported_separately
400,51,5,false,false,false,false,true,false,true,false,true,2,true,true,physical_support_with_dark_floor_reported_separately
400,51,6,false,false,false,false,true,false,true,false,true,2,true,true,physical_support_with_dark_floor_reported_separately
400,51,7,false,false,false,false,true,false,true,false,true,2,true,true,physical_support_with_dark_floor_reported_separately
400,51,8,false,false,false,false,true,false,true,false,true,2,true,true,physical_support_with_dark_floor_reported_separately
400,51,9,false,false,false,false,true,false,true,false,true,2,true,true,physical_support_with_dark_floor_reported_separately
400,51,10,false,false,false,false,true,false,true,false,true,2,true,true,physical_support_with_dark_floor_reported_separately
400,51,11,false,false,false,false,true,false,true,false,true,2,true,true,physical_support_with_dark_floor_reported_separately
400,51,12,false,false,false,false,true,false,true,false,true,2,true,true,physical_support_with_dark_floor_reported_separately
400,51,13,false,false,false,false,true,false,true,false,true,2,true,true,physical_support_with_dark_floor_reported_separately
400,51,14,false,false,false,false,true,false,true,false,true,2,true,true,physical_support_with_dark_floor_reported_separately
400,51,15,false,false,false,false,true,false,true,false,true,2,true,true,physical_support_with_dark_floor_reported_separately
400,52,1,false,false,false,false,false,false,true,false,true,1,true,true,physical_support_with_dark_floor_reported_separately
400,52,2,false,false,false,false,false,false,true,false,true,1,true,true,physical_support_with_dark_floor_reported_separately
400,52,3,false,false,false,false,false,false,true,false,true,1,true,true,physical_support_with_dark_floor_reported_separately
400,52,4,false,false,false,false,false,false,true,false,true,1,true,true,physical_support_with_dark_floor_reported_separately
400,52,5,false,false,false,false,false,false,true,false,true,1,true,true,physical_support_with_dark_floor_reported_separately
400,52,6,false,false,false,false,false,false,true,false,true,1,true,true,physical_support_with_dark_floor_reported_separately
400,52,7,false,false,false,false,false,false,true,false,true,1,true,true,physical_support_with_dark_floor_reported_separately
400,52,8,false,false,false,false,false,false,true,false,true,1,true,true,physical_support_with_dark_floor_reported_separately
400,52,9,false,false,false,false,false,false,true,false,true,1,true,true,physical_support_with_dark_floor_reported_separately
400,52,10,false,false,false,false,false,false,true,false,true,1,true,true,physical_support_with_dark_floor_reported_separately
400,52,11,false,false,false,false,false,false,true,false,true,1,true,true,physical_support_with_dark_floor_reported_separately
400,52,12,false,false,false,false,false,false,true,false,true,1,true,true,physical_support_with_dark_floor_reported_separately
400,52,13,false,false,false,false,false,false,true,false,true,1,true,true,physical_support_with_dark_floor_reported_separately
400,52,14,false,false,false,false,false,false,true,false,true,1,true,true,physical_support_with_dark_floor_reported_separately
400,52,15,false,false,false,false,false,false,true,false,true,1,true,true,physical_support_with_dark_floor_reported_separately
400,53,1,false,false,false,false,false,false,false,false,false,0,true,true,physical_support_with_dark_floor_reported_separately
400,53,2,false,false,false,false,false,false,false,false,false,0,true,true,physical_support_with_dark_floor_reported_separately
400,53,3,false,false,false,false,false,false,false,false,false,0,true,true,physical_support_with_dark_floor_reported_separately
400,53,4,false,false,false,false,false,false,false,false,false,0,true,true,physical_support_with_dark_floor_reported_separately
400,53,5,false,false,false,false,false,false,false,false,false,0,true,true,physical_support_with_dark_floor_reported_separately
400,53,6,false,false,false,false,false,false,false,false,false,0,true,true,physical_support_with_dark_floor_reported_separately
400,53,7,false,false,false,false,false,false,false,false,false,0,true,true,physical_support_with_dark_floor_reported_separately
400,53,8,false,false,false,false,false,false,false,false,false,0,true,true,physical_support_with_dark_floor_reported_separately
400,53,9,false,false,false,false,false,false,false,false,false,0,true,true,physical_support_with_dark_floor_reported_separately
400,53,10,false,false,false,false,false,false,false,false,false,0,true,true,physical_support_with_dark_floor_reported_separately
400,53,11,false,false,false,false,false,false,false,false,false,0,true,true,physical_support_with_dark_floor_reported_separately
400,53,12,false,false,false,false,false,false,false,false,false,0,true,true,physical_support_with_dark_floor_reported_separately
400,53,13,false,false,false,false,false,false,false,false,false,0,true,true,physical_support_with_dark_floor_reported_separately
400,53,14,false,false,false,false,false,false,false,false,false,0,true,true,physical_support_with_dark_floor_reported_separately
400,53,15,false,false,false,false,false,false,false,false,false,0,true,true,physical_support_with_dark_floor_reported_separately
400,54,1,false,false,false,false,false,false,false,false,false,0,true,true,physical_support_with_dark_floor_reported_separately
400,54,2,false,false,false,false,false,false,false,false,false,0,true,true,physical_support_with_dark_floor_reported_separately
400,54,3,false,false,false,false,false,false,false,false,false,0,true,true,physical_support_with_dark_floor_reported_separately
400,54,4,false,false,false,false,false,false,false,false,false,0,true,true,physical_support_with_dark_floor_reported_separately
400,54,5,false,false,false,false,false,false,false,false,false,0,true,true,physical_support_with_dark_floor_reported_separately
400,54,6,false,false,false,false,false,false,false,false,false,0,true,true,physical_support_with_dark_floor_reported_separately
400,54,7,false,false,false,false,false,false,false,false,false,0,true,true,physical_support_with_dark_floor_reported_separately
400,54,8,false,false,false,false,false,false,false,false,false,0,true,true,physical_support_with_dark_floor_reported_separately
400,54,9,false,false,false,false,false,false,false,false,false,0,true,true,physical_support_with_dark_floor_reported_separately
400,54,10,false,false,false,false,false,false,false,false,false,0,true,true,physical_support_with_dark_floor_reported_separately
400,54,11,false,false,false,false,false,false,false,false,false,0,true,true,physical_support_with_dark_floor_reported_separately
400,54,12,false,false,false,false,false,false,false,false,false,0,true,true,physical_support_with_dark_floor_reported_separately
400,54,13,false,false,false,false,false,false,false,false,false,0,true,true,physical_support_with_dark_floor_reported_separately
400,54,14,false,false,false,false,false,false,false,false,false,0,true,true,physical_support_with_dark_floor_reported_separately
400,54,15,false,false,false,false,false,false,false,false,false,0,true,true,physical_support_with_dark_floor_reported_separately
400,55,1,false,false,false,false,true,false,false,false,true,1,true,true,physical_support_with_dark_floor_reported_separately
400,55,2,false,false,false,false,true,false,false,false,true,1,true,true,physical_support_with_dark_floor_reported_separately
400,55,3,false,false,false,false,true,false,false,false,true,1,true,true,physical_support_with_dark_floor_reported_separately
400,55,4,false,false,false,false,true,false,false,false,true,1,true,true,physical_support_with_dark_floor_reported_separately
400,55,5,false,false,false,false,true,false,false,false,true,1,true,true,physical_support_with_dark_floor_reported_separately
400,55,6,false,false,false,false,true,false,false,false,true,1,true,true,physical_support_with_dark_floor_reported_separately
400,55,7,false,false,false,false,true,false,false,false,true,1,true,true,physical_support_with_dark_floor_reported_separately
400,55,8,false,false,false,false,true,false,false,false,true,1,true,true,physical_support_with_dark_floor_reported_separately
400,55,9,false,false,false,false,true,false,false,false,true,1,true,true,physical_support_with_dark_floor_reported_separately
400,55,10,false,false,false,false,true,false,false,false,true,1,true,true,physical_support_with_dark_floor_reported_separately
400,55,11,false,false,false,false,true,false,false,false,true,1,true,true,physical_support_with_dark_floor_reported_separately
400,55,12,false,false,false,false,true,false,false,false,true,1,true,true,physical_support_with_dark_floor_reported_separately
400,55,13,false,false,false,false,true,false,false,false,true,1,true,true,physical_support_with_dark_floor_reported_separately
400,55,14,false,false,false,false,true,false,false,false,true,1,true,true,physical_support_with_dark_floor_reported_separately
400,55,15,false,false,false,false,true,false,false,false,true,1,true,true,physical_support_with_dark_floor_reported_separately
400,56,1,false,false,false,false,false,false,false,false,false,0,true,true,physical_support_with_dark_floor_reported_separately
400,56,2,false,false,false,false,false,false,false,false,false,0,true,true,physical_support_with_dark_floor_reported_separately
400,56,3,false,false,false,false,false,false,false,false,false,0,true,true,physical_support_with_dark_floor_reported_separately
400,56,4,false,false,false,false,false,false,false,false,false,0,true,true,physical_support_with_dark_floor_reported_separately
400,56,5,false,false,false,false,false,false,false,false,false,0,true,true,physical_support_with_dark_floor_reported_separately
400,56,6,false,false,false,false,false,false,false,false,false,0,true,true,physical_support_with_dark_floor_reported_separately
400,56,7,false,false,false,false,false,false,false,false,false,0,true,true,physical_support_with_dark_floor_reported_separately
400,56,8,false,false,false,false,false,false,false,false,false,0,true,true,physical_support_with_dark_floor_reported_separately
400,56,9,false,false,false,false,false,false,false,false,false,0,true,true,physical_support_with_dark_floor_reported_separately
400,56,10,false,false,false,false,false,false,false,false,false,0,true,true,physical_support_with_dark_floor_reported_separately
400,56,11,false,false,false,false,false,false,false,false,false,0,true,true,physical_support_with_dark_floor_reported_separately
400,56,12,false,false,false,false,false,false,false,false,false,0,true,true,physical_support_with_dark_floor_reported_separately
400,56,13,false,false,false,false,false,false,false,false,false,0,true,true,physical_support_with_dark_floor_reported_separately
400,56,14,false,false,false,false,false,false,false,false,false,0,true,true,physical_support_with_dark_floor_reported_separately
400,56,15,false,false,false,false,false,false,false,false,false,0,true,true,physical_support_with_dark_floor_reported_separately
400,57,1,false,false,false,false,false,false,true,false,true,1,true,true,physical_support_with_dark_floor_reported_separately
400,57,2,false,false,false,false,false,false,true,false,true,1,true,true,physical_support_with_dark_floor_reported_separately
400,57,3,false,false,false,false,false,false,true,false,true,1,true,true,physical_support_with_dark_floor_reported_separately
400,57,4,false,false,false,false,false,false,true,false,true,1,true,true,physical_support_with_dark_floor_reported_separately
400,57,5,false,false,false,false,false,false,true,false,true,1,true,true,physical_support_with_dark_floor_reported_separately
400,57,6,false,false,false,false,false,false,true,false,true,1,true,true,physical_support_with_dark_floor_reported_separately
400,57,7,false,false,false,false,false,false,true,false,true,1,true,true,physical_support_with_dark_floor_reported_separately
400,57,8,false,false,false,false,false,false,true,false,true,1,true,true,physical_support_with_dark_floor_reported_separately
400,57,9,false,false,false,false,false,false,true,false,true,1,true,true,physical_support_with_dark_floor_reported_separately
400,57,10,false,false,false,false,false,false,true,false,true,1,true,true,physical_support_with_dark_floor_reported_separately
400,57,11,false,false,false,false,false,false,true,false,true,1,true,true,physical_support_with_dark_floor_reported_separately
400,57,12,false,false,false,false,false,false,true,false,true,1,true,true,physical_support_with_dark_floor_reported_separately
400,57,13,false,false,false,false,false,false,true,false,true,1,true,true,physical_support_with_dark_floor_reported_separately
400,57,14,false,false,false,false,false,false,true,false,true,1,true,true,physical_support_with_dark_floor_reported_separately
400,57,15,false,false,false,false,false,false,true,false,true,1,true,true,physical_support_with_dark_floor_reported_separately
400,58,1,false,false,false,false,false,false,false,false,false,0,true,true,physical_support_with_dark_floor_reported_separately
400,58,2,false,false,false,false,false,false,false,false,false,0,true,true,physical_support_with_dark_floor_reported_separately
400,58,3,false,false,false,false,false,false,false,false,false,0,true,true,physical_support_with_dark_floor_reported_separately
400,58,4,false,false,false,false,false,false,false,false,false,0,true,true,physical_support_with_dark_floor_reported_separately
400,58,5,false,false,false,false,false,false,false,false,false,0,true,true,physical_support_with_dark_floor_reported_separately
400,58,6,false,false,false,false,false,false,false,false,false,0,true,true,physical_support_with_dark_floor_reported_separately
400,58,7,false,false,false,false,false,false,false,false,false,0,true,true,physical_support_with_dark_floor_reported_separately
400,58,8,false,false,false,false,false,false,false,false,false,0,true,true,physical_support_with_dark_floor_reported_separately
400,58,9,false,false,false,false,false,false,false,false,false,0,true,true,physical_support_with_dark_floor_reported_separately
400,58,10,false,false,false,false,false,false,false,false,false,0,true,true,physical_support_with_dark_floor_reported_separately
400,58,11,false,false,false,false,false,false,false,false,false,0,true,true,physical_support_with_dark_floor_reported_separately
400,58,12,false,false,false,false,false,false,false,false,false,0,true,true,physical_support_with_dark_floor_reported_separately
400,58,13,false,false,false,false,false,false,false,false,false,0,true,true,physical_support_with_dark_floor_reported_separately
400,58,14,false,false,false,false,false,false,false,false,false,0,true,true,physical_support_with_dark_floor_reported_separately
400,58,15,false,false,false,false,false,false,false,false,false,0,true,true,physical_support_with_dark_floor_reported_separately
400,59,1,false,false,false,false,true,false,true,false,true,2,true,true,physical_support_with_dark_floor_reported_separately
400,59,2,false,false,false,false,true,false,true,false,true,2,true,true,physical_support_with_dark_floor_reported_separately
400,59,3,false,false,false,false,true,false,true,false,true,2,true,true,physical_support_with_dark_floor_reported_separately
400,59,4,false,false,false,false,true,false,true,false,true,2,true,true,physical_support_with_dark_floor_reported_separately
400,59,5,false,false,false,false,true,false,true,false,true,2,true,true,physical_support_with_dark_floor_reported_separately
400,59,6,false,false,false,false,true,false,true,false,true,2,true,true,physical_support_with_dark_floor_reported_separately
400,59,7,false,false,false,false,true,false,true,false,true,2,true,true,physical_support_with_dark_floor_reported_separately
400,59,8,false,false,false,false,true,false,true,false,true,2,true,true,physical_support_with_dark_floor_reported_separately
400,59,9,false,false,false,false,true,false,true,false,true,2,true,true,physical_support_with_dark_floor_reported_separately
400,59,10,false,false,false,false,true,false,true,false,true,2,true,true,physical_support_with_dark_floor_reported_separately
400,59,11,false,false,false,false,true,false,true,false,true,2,true,true,physical_support_with_dark_floor_reported_separately
400,59,12,false,false,false,false,true,false,true,false,true,2,true,true,physical_support_with_dark_floor_reported_separately
400,59,13,false,false,false,false,true,false,true,false,true,2,true,true,physical_support_with_dark_floor_reported_separately
400,59,14,false,false,false,false,true,false,true,false,true,2,true,true,physical_support_with_dark_floor_reported_separately
400,59,15,false,false,false,false,true,false,true,false,true,2,true,true,physical_support_with_dark_floor_reported_separately
400,60,1,false,false,false,false,true,false,false,false,true,1,true,true,physical_support_with_dark_floor_reported_separately
400,60,2,false,false,false,false,true,false,false,false,true,1,true,true,physical_support_with_dark_floor_reported_separately
400,60,3,false,false,false,false,true,false,false,false,true,1,true,true,physical_support_with_dark_floor_reported_separately
400,60,4,false,false,false,false,true,false,false,false,true,1,true,true,physical_support_with_dark_floor_reported_separately
400,60,5,false,false,false,false,true,false,false,false,true,1,true,true,physical_support_with_dark_floor_reported_separately
400,60,6,false,false,false,false,true,false,false,false,true,1,true,true,physical_support_with_dark_floor_reported_separately
400,60,7,false,false,false,false,true,false,false,false,true,1,true,true,physical_support_with_dark_floor_reported_separately
400,60,8,false,false,false,false,true,false,false,false,true,1,true,true,physical_support_with_dark_floor_reported_separately
400,60,9,false,false,false,false,true,false,false,false,true,1,true,true,physical_support_with_dark_floor_reported_separately
400,60,10,false,false,false,false,true,false,false,false,true,1,true,true,physical_support_with_dark_floor_reported_separately
400,60,11,false,false,false,false,true,false,false,false,true,1,true,true,physical_support_with_dark_floor_reported_separately
400,60,12,false,false,false,false,true,false,false,false,true,1,true,true,physical_support_with_dark_floor_reported_separately
400,60,13,false,false,false,false,true,false,false,false,true,1,true,true,physical_support_with_dark_floor_reported_separately
400,60,14,false,false,false,false,true,false,false,false,true,1,true,true,physical_support_with_dark_floor_reported_separately
400,60,15,false,false,false,false,true,false,false,false,true,1,true,true,physical_support_with_dark_floor_reported_separately
400,61,1,false,false,false,false,true,false,false,false,true,1,true,true,physical_support_with_dark_floor_reported_separately
400,61,2,false,false,false,false,true,false,false,false,true,1,true,true,physical_support_with_dark_floor_reported_separately
400,61,3,false,false,false,false,true,false,false,false,true,1,true,true,physical_support_with_dark_floor_reported_separately
400,61,4,false,false,false,false,true,false,false,false,true,1,true,true,physical_support_with_dark_floor_reported_separately
400,61,5,false,false,false,false,true,false,false,false,true,1,true,true,physical_support_with_dark_floor_reported_separately
400,61,6,false,false,false,false,true,false,false,false,true,1,true,true,physical_support_with_dark_floor_reported_separately
400,61,7,false,false,false,false,true,false,false,false,true,1,true,true,physical_support_with_dark_floor_reported_separately
400,61,8,false,false,false,false,true,false,false,false,true,1,true,true,physical_support_with_dark_floor_reported_separately
400,61,9,false,false,false,false,true,false,false,false,true,1,true,true,physical_support_with_dark_floor_reported_separately
400,61,10,false,false,false,false,true,false,false,false,true,1,true,true,physical_support_with_dark_floor_reported_separately
400,61,11,false,false,false,false,true,false,false,false,true,1,true,true,physical_support_with_dark_floor_reported_separately
400,61,12,false,false,false,false,true,false,false,false,true,1,true,true,physical_support_with_dark_floor_reported_separately
400,61,13,false,false,false,false,true,false,false,false,true,1,true,true,physical_support_with_dark_floor_reported_separately
400,61,14,false,false,false,false,true,false,false,false,true,1,true,true,physical_support_with_dark_floor_reported_separately
400,61,15,false,false,false,false,true,false,false,false,true,1,true,true,physical_support_with_dark_floor_reported_separately
400,62,1,false,false,false,false,false,false,false,false,false,0,true,true,physical_support_with_dark_floor_reported_separately
400,62,2,false,false,false,false,false,false,false,false,false,0,true,true,physical_support_with_dark_floor_reported_separately
400,62,3,false,false,false,false,false,false,false,false,false,0,true,true,physical_support_with_dark_floor_reported_separately
400,62,4,false,false,false,false,false,false,false,false,false,0,true,true,physical_support_with_dark_floor_reported_separately
400,62,5,false,false,false,false,false,false,false,false,false,0,true,true,physical_support_with_dark_floor_reported_separately
400,62,6,false,false,false,false,false,false,false,false,false,0,true,true,physical_support_with_dark_floor_reported_separately
400,62,7,false,false,false,false,false,false,false,false,false,0,true,true,physical_support_with_dark_floor_reported_separately
400,62,8,false,false,false,false,false,false,false,false,false,0,true,true,physical_support_with_dark_floor_reported_separately
400,62,9,false,false,false,false,false,false,false,false,false,0,true,true,physical_support_with_dark_floor_reported_separately
400,62,10,false,false,false,false,false,false,false,false,false,0,true,true,physical_support_with_dark_floor_reported_separately
400,62,11,false,false,false,false,false,false,false,false,false,0,true,true,physical_support_with_dark_floor_reported_separately
400,62,12,false,false,false,false,false,false,false,false,false,0,true,true,physical_support_with_dark_floor_reported_separately
400,62,13,false,false,false,false,false,false,false,false,false,0,true,true,physical_support_with_dark_floor_reported_separately
400,62,14,false,false,false,false,false,false,false,false,false,0,true,true,physical_support_with_dark_floor_reported_separately
400,62,15,false,false,false,false,false,false,false,false,false,0,true,true,physical_support_with_dark_floor_reported_separately
400,63,1,false,false,false,false,false,false,false,false,false,0,true,true,physical_support_with_dark_floor_reported_separately
400,63,2,false,false,false,false,false,false,false,false,false,0,true,true,physical_support_with_dark_floor_reported_separately
400,63,3,false,false,false,false,false,false,false,false,false,0,true,true,physical_support_with_dark_floor_reported_separately
400,63,4,false,false,false,false,false,false,false,false,false,0,true,true,physical_support_with_dark_floor_reported_separately
400,63,5,false,false,false,false,false,false,false,false,false,0,true,true,physical_support_with_dark_floor_reported_separately
400,63,6,false,false,false,false,false,false,false,false,false,0,true,true,physical_support_with_dark_floor_reported_separately
400,63,7,false,false,false,false,false,false,false,false,false,0,true,true,physical_support_with_dark_floor_reported_separately
400,63,8,false,false,false,false,false,false,false,false,false,0,true,true,physical_support_with_dark_floor_reported_separately
400,63,9,false,false,false,false,false,false,false,false,false,0,true,true,physical_support_with_dark_floor_reported_separately
400,63,10,false,false,false,false,false,false,false,false,false,0,true,true,physical_support_with_dark_floor_reported_separately
400,63,11,false,false,false,false,false,false,false,false,false,0,true,true,physical_support_with_dark_floor_reported_separately
400,63,12,false,false,false,false,false,false,false,false,false,0,true,true,physical_support_with_dark_floor_reported_separately
400,63,13,false,false,false,false,false,false,false,false,false,0,true,true,physical_support_with_dark_floor_reported_separately
400,63,14,false,false,false,false,false,false,false,false,false,0,true,true,physical_support_with_dark_floor_reported_separately
400,63,15,false,false,false,false,false,false,false,false,false,0,true,true,physical_support_with_dark_floor_reported_separately
