duration_us,draw_id,image_q,delta_eta_q_given_1,delta_rho_y_q_given_1,truth_delta_eta_q_given_1,truth_delta_rho_y_q_given_1,eta_pair_supported,rho_y_pair_supported,eta_pair_reason,rho_y_pair_reason
25,0,1,0.0,0.0,0.0,0.0,true,true,supported,supported
25,0,2,0.07409053051514036,0.0650360454197012,-0.0028653850287652105,-0.0005737431088805867,true,true,supported,supported
25,0,3,0.001265097622373923,-0.0035569781021396185,-0.005727598353157504,-0.0011481631107591594,true,true,supported,supported
25,0,4,-0.010530864992828737,-0.05744097145229865,-0.008586642042826997,-0.0017232710691525988,true,true,supported,supported
25,0,5,0.030887259762070296,-0.024358255508653004,-0.01144251922178463,-0.0022990596478537073,true,true,supported,supported
25,0,6,-0.06391302433693857,-0.02120730633802237,-0.014295232358622956,-0.0028755300241831705,true,true,supported,supported
25,0,7,0.01088524222948184,0.07141841551296912,-0.017144780418153927,-0.00345272346108616,true,true,supported,supported
25,0,8,-0.018170075164926747,0.05707011149294838,-0.019991169663249653,-0.004030593673255312,true,true,supported,supported
25,0,9,0.030144528699157402,0.02386687517963937,-0.022834405935228896,-0.004609178441481565,true,true,supported,supported
25,0,10,-0.04776463101459927,-0.09385484100068908,-0.025674479936079075,-0.005188451246219361,true,true,supported,supported
25,0,11,0.059739498116668455,0.019862027915593883,-0.0285113990229805,-0.005768449218922389,true,true,supported,supported
25,0,12,-0.02371471607563813,-0.015034300788773658,-0.03134516601585047,-0.006349160963455169,true,true,supported,supported
25,0,13,-0.034143245494706154,-0.029660730842424265,-0.03417601520363278,-0.006930613128595886,true,true,supported,supported
25,0,14,-0.007829618118762371,-0.05917658180005525,-0.037003634162659726,-0.007512768077172716,true,true,supported,supported
25,0,15,-0.06554509221396576,-0.07879983403306212,-0.03982806586113119,-0.008095634824816123,true,true,supported,supported
25,1,1,0.0,0.0,0.0,0.0,true,true,supported,supported
25,1,2,-0.022781501893879508,0.010506988358075287,-0.0028653850287652105,-0.0005737431088805867,true,true,supported,supported
25,1,3,-0.020599482199314068,0.008331917727911087,-0.005727598353157504,-0.0011481631107591594,true,true,supported,supported
25,1,4,-0.07349992860502041,-0.022318427131803098,-0.008586642042826997,-0.0017232710691525988,true,true,supported,supported
25,1,5,-0.057569696282378735,-0.040533534036969465,-0.01144251922178463,-0.0022990596478537073,true,true,supported,supported
25,1,6,-0.06135153353761702,-0.06056388527891543,-0.014295232358622956,-0.0028755300241831705,true,true,supported,supported
25,1,7,-0.1272439056067015,-0.04629254745181377,-0.017144780418153927,-0.00345272346108616,true,true,supported,supported
25,1,8,-0.06379258054015269,-0.07689985466949412,-0.019991169663249653,-0.004030593673255312,true,true,supported,supported
25,1,9,-0.0992043331298943,-0.06660817668951069,-0.022834405935228896,-0.004609178441481565,true,true,supported,supported
25,1,10,-0.031321908892425476,0.04164387813111481,-0.025674479936079075,-0.005188451246219361,true,true,supported,supported
25,1,11,-0.04530062228904996,-0.04004356780495655,-0.0285113990229805,-0.005768449218922389,true,true,supported,supported
25,1,12,-0.058254860614488924,-0.05005213064337555,-0.03134516601585047,-0.006349160963455169,true,true,supported,supported
25,1,13,-0.07118153865723265,-0.050379326912579625,-0.03417601520363278,-0.006930613128595886,true,true,supported,supported
25,1,14,-0.015211292583488412,-0.00821670405682795,-0.037003634162659726,-0.007512768077172716,true,true,supported,supported
25,1,15,-0.10311807874590584,-0.021222981994617474,-0.03982806586113119,-0.008095634824816123,true,true,supported,supported
25,2,1,0.0,0.0,0.0,0.0,true,true,supported,supported
25,2,2,-0.08357709092615961,-0.08533767767780986,-0.0028653850287652105,-0.0005737431088805867,true,true,supported,supported
25,2,3,-0.02549043832047726,0.015088685770501487,-0.005727598353157504,-0.0011481631107591594,true,true,supported,supported
25,2,4,-0.09545348811198717,-0.09499328602016233,-0.008586642042826997,-0.0017232710691525988,true,true,supported,supported
25,2,5,-0.027242193280305305,-0.028074162014679382,-0.01144251922178463,-0.0022990596478537073,true,true,supported,supported
25,2,6,-0.14514528597467335,-0.07679631640658413,-0.014295232358622956,-0.0028755300241831705,true,true,supported,supported
25,2,7,-0.05544585007488534,-0.08837053594311695,-0.017144780418153927,-0.00345272346108616,true,true,supported,supported
25,2,8,-0.049904061887929174,-0.07742603109899082,-0.019991169663249653,-0.004030593673255312,true,true,supported,supported
25,2,9,-0.0660649430497684,-0.09643911047043618,-0.022834405935228896,-0.004609178441481565,true,true,supported,supported
25,2,10,-0.13143249611121566,-0.10317339363586175,-0.025674479936079075,-0.005188451246219361,true,true,supported,supported
25,2,11,-0.14434589464114023,-0.07013574560327585,-0.0285113990229805,-0.005768449218922389,true,true,supported,supported
25,2,12,-0.07491151472080226,-0.024841109115211646,-0.03134516601585047,-0.006349160963455169,true,true,supported,supported
25,2,13,-0.18062845744150646,-0.10680875047382499,-0.03417601520363278,-0.006930613128595886,true,true,supported,supported
25,2,14,-0.12055455921512515,-0.1127041216883532,-0.037003634162659726,-0.007512768077172716,true,true,supported,supported
25,2,15,-0.10364826957704187,-0.057398140632199834,-0.03982806586113119,-0.008095634824816123,true,true,supported,supported
25,3,1,0.0,0.0,0.0,0.0,true,true,supported,supported
25,3,2,0.0005446076645273523,-0.04128716156061929,-0.0028653850287652105,-0.0005737431088805867,true,true,supported,supported
25,3,3,0.005491890808773436,0.07229695167231709,-0.005727598353157504,-0.0011481631107591594,true,true,supported,supported
25,3,4,0.04468352484805227,-0.032831832098069835,-0.008586642042826997,-0.0017232710691525988,true,true,supported,supported
25,3,5,-0.0174793547745703,-0.059112810445827724,-0.01144251922178463,-0.0022990596478537073,true,true,supported,supported
25,3,6,-0.06014037161344388,-0.035074130201194875,-0.014295232358622956,-0.0028755300241831705,true,true,supported,supported
25,3,7,-0.006729216123478876,-0.06663357995138408,-0.017144780418153927,-0.00345272346108616,true,true,supported,supported
25,3,8,0.004020162824228568,0.0016053279366015083,-0.019991169663249653,-0.004030593673255312,true,true,supported,supported
25,3,9,0.01080930811599723,0.04821400067080761,-0.022834405935228896,-0.004609178441481565,true,true,supported,supported
25,3,10,-0.10413183312995922,0.016937735974344337,-0.025674479936079075,-0.005188451246219361,true,true,supported,supported
25,3,11,-0.07036363137976887,-0.03175428164887184,-0.0285113990229805,-0.005768449218922389,true,true,supported,supported
25,3,12,-0.05309248407905509,-0.014623025878312879,-0.03134516601585047,-0.006349160963455169,true,true,supported,supported
25,3,13,-0.09226867370050373,-0.024029285880016182,-0.03417601520363278,-0.006930613128595886,true,true,supported,supported
25,3,14,-0.04309530247714577,0.013817743939404492,-0.037003634162659726,-0.007512768077172716,true,true,supported,supported
25,3,15,-0.07711380037438886,0.01710432769950554,-0.03982806586113119,-0.008095634824816123,true,true,supported,supported
25,4,1,0.0,0.0,0.0,0.0,true,true,supported,supported
25,4,2,0.052260933697570344,-0.008988310103575703,-0.0028653850287652105,-0.0005737431088805867,true,true,supported,supported
25,4,3,-0.0326809481765129,0.016868677822473144,-0.005727598353157504,-0.0011481631107591594,true,true,supported,supported
25,4,4,0.06676689547446402,0.037707877143463575,-0.008586642042826997,-0.0017232710691525988,true,true,supported,supported
25,4,5,-0.041798349551257497,-0.04202097166782326,-0.01144251922178463,-0.0022990596478537073,true,true,supported,supported
25,4,6,-0.02313844862966219,-0.015144788005985954,-0.014295232358622956,-0.0028755300241831705,true,true,supported,supported
25,4,7,0.011539942485781496,-0.005826867220083187,-0.017144780418153927,-0.00345272346108616,true,true,supported,supported
25,4,8,-0.03541391764846091,-0.023650888257070513,-0.019991169663249653,-0.004030593673255312,true,true,supported,supported
25,4,9,0.08519879821192422,0.02939914713991798,-0.022834405935228896,-0.004609178441481565,true,true,supported,supported
25,4,10,0.03885193722347813,0.02788064372595711,-0.025674479936079075,-0.005188451246219361,true,true,supported,supported
25,4,11,0.03319716448520005,-0.008087467607318932,-0.0285113990229805,-0.005768449218922389,true,true,supported,supported
25,4,12,-0.06648412340806453,0.02549383904196767,-0.03134516601585047,-0.006349160963455169,true,true,supported,supported
25,4,13,-0.02300686732410062,-0.016630215700742412,-0.03417601520363278,-0.006930613128595886,true,true,supported,supported
25,4,14,-0.019233666797843885,-0.032483260925532886,-0.037003634162659726,-0.007512768077172716,true,true,supported,supported
25,4,15,-0.07947307970865225,-0.09699143133747135,-0.03982806586113119,-0.008095634824816123,true,true,supported,supported
25,5,1,0.0,0.0,0.0,0.0,true,true,supported,supported
25,5,2,-0.020919751272558074,-0.025680651843765556,-0.0028653850287652105,-0.0005737431088805867,true,true,supported,supported
25,5,3,-0.010070026780156116,0.08528059364540486,-0.005727598353157504,-0.0011481631107591594,true,true,supported,supported
25,5,4,-0.04227163590766558,0.00795477522300203,-0.008586642042826997,-0.0017232710691525988,true,true,supported,supported
25,5,5,-0.017195074301911473,0.026415555963968496,-0.01144251922178463,-0.0022990596478537073,true,true,supported,supported
25,5,6,-0.10738475396950686,-0.03850005586787175,-0.014295232358622956,-0.0028755300241831705,true,true,supported,supported
25,5,7,-0.008811029007664284,-0.029082159691471876,-0.017144780418153927,-0.00345272346108616,true,true,supported,supported
25,5,8,-0.0685776918304174,0.005915320674617863,-0.019991169663249653,-0.004030593673255312,true,true,supported,supported
25,5,9,0.009996783614429128,-0.002896348898879797,-0.022834405935228896,-0.004609178441481565,true,true,supported,supported
25,5,10,-0.055310911352341674,-0.027803535725617667,-0.025674479936079075,-0.005188451246219361,true,true,supported,supported
25,5,11,-0.05613988062658204,-0.06326759505194623,-0.0285113990229805,-0.005768449218922389,true,true,supported,supported
25,5,12,-0.029251919790377667,0.0077784581973213696,-0.03134516601585047,-0.006349160963455169,true,true,supported,supported
25,5,13,-0.008081750050925818,0.05172696539445054,-0.03417601520363278,-0.006930613128595886,true,true,supported,supported
25,5,14,-0.00251169461046441,0.04019952908984248,-0.037003634162659726,-0.007512768077172716,true,true,supported,supported
25,5,15,-0.11249293636856583,-0.06808078608663859,-0.03982806586113119,-0.008095634824816123,true,true,supported,supported
25,6,1,0.0,0.0,0.0,0.0,true,true,supported,supported
25,6,2,0.07216581461657035,0.1065221848711192,-0.0028653850287652105,-0.0005737431088805867,true,true,supported,supported
25,6,3,-0.0011467066347052857,0.028185609203684847,-0.005727598353157504,-0.0011481631107591594,true,true,supported,supported
25,6,4,0.059533255523054884,0.039740074506212975,-0.008586642042826997,-0.0017232710691525988,true,true,supported,supported
25,6,5,0.07141292703861024,0.04848723971570046,-0.01144251922178463,-0.0022990596478537073,true,true,supported,supported
25,6,6,-0.038722696196881956,-0.011999693240782427,-0.014295232358622956,-0.0028755300241831705,true,true,supported,supported
25,6,7,-0.011430929819261082,0.08044737986142747,-0.017144780418153927,-0.00345272346108616,true,true,supported,supported
25,6,8,-0.022223130357022836,-0.06329008093812727,-0.019991169663249653,-0.004030593673255312,true,true,supported,supported
25,6,9,-0.02000934709368929,-0.0034807987750752334,-0.022834405935228896,-0.004609178441481565,true,true,supported,supported
25,6,10,0.054659986127004845,0.049308662644223955,-0.025674479936079075,-0.005188451246219361,true,true,supported,supported
25,6,11,-0.0020505338707232923,0.0709696509293739,-0.0285113990229805,-0.005768449218922389,true,true,supported,supported
25,6,12,-0.03883303073579325,-0.03596827701186067,-0.03134516601585047,-0.006349160963455169,true,true,supported,supported
25,6,13,0.0487480794917895,-0.058490132153869334,-0.03417601520363278,-0.006930613128595886,true,true,supported,supported
25,6,14,-0.06553649101542869,-0.008768186261893796,-0.037003634162659726,-0.007512768077172716,true,true,supported,supported
25,6,15,-0.09736355625055315,-0.042219160305826064,-0.03982806586113119,-0.008095634824816123,true,true,supported,supported
25,7,1,0.0,0.0,0.0,0.0,true,true,supported,supported
25,7,2,-0.030193916843360036,0.029942641718000318,-0.0028653850287652105,-0.0005737431088805867,true,true,supported,supported
25,7,3,-0.009488307101847004,0.05315751503230537,-0.005727598353157504,-0.0011481631107591594,true,true,supported,supported
25,7,4,-0.05243126878279358,0.03674390907366931,-0.008586642042826997,-0.0017232710691525988,true,true,supported,supported
25,7,5,-0.04464935860382413,0.026570167065014805,-0.01144251922178463,-0.0022990596478537073,true,true,supported,supported
25,7,6,0.010513510262326387,0.05007175367488248,-0.014295232358622956,-0.0028755300241831705,true,true,supported,supported
25,7,7,0.02694613553616021,0.11782222828061417,-0.017144780418153927,-0.00345272346108616,true,true,supported,supported
25,7,8,-0.08578686705498417,0.017518269915377638,-0.019991169663249653,-0.004030593673255312,true,true,supported,supported
25,7,9,-0.024429485504369297,0.059424184643180555,-0.022834405935228896,-0.004609178441481565,true,true,supported,supported
25,7,10,-0.0527293084266649,-0.002410180931186945,-0.025674479936079075,-0.005188451246219361,true,true,supported,supported
25,7,11,-0.07824007674494848,0.017839397610770802,-0.0285113990229805,-0.005768449218922389,true,true,supported,supported
25,7,12,-0.009335424527791458,0.15475625587233688,-0.03134516601585047,-0.006349160963455169,true,true,supported,supported
25,7,13,-0.01681505636775449,0.12879287970723963,-0.03417601520363278,-0.006930613128595886,true,true,supported,supported
25,7,14,0.009078344902921476,0.052234096466273194,-0.037003634162659726,-0.007512768077172716,true,true,supported,supported
25,7,15,0.02219657219019555,0.11889901912031997,-0.03982806586113119,-0.008095634824816123,true,true,supported,supported
25,8,1,0.0,0.0,0.0,0.0,true,true,supported,supported
25,8,2,0.016116730895478715,0.027957788089344682,-0.0028653850287652105,-0.0005737431088805867,true,true,supported,supported
25,8,3,0.09214411853545712,0.0216029471051582,-0.005727598353157504,-0.0011481631107591594,true,true,supported,supported
25,8,4,0.008495194481798474,-0.06802338618575521,-0.008586642042826997,-0.0017232710691525988,true,true,supported,supported
25,8,5,0.031182649480650082,-0.027558673564733405,-0.01144251922178463,-0.0022990596478537073,true,true,supported,supported
25,8,6,0.13805228437406292,0.07839342606448318,-0.014295232358622956,-0.0028755300241831705,true,true,supported,supported
25,8,7,-0.07044455006211947,-0.0951169025425147,-0.017144780418153927,-0.00345272346108616,true,true,supported,supported
25,8,8,-0.041667056988986984,-0.0011958996808194566,-0.019991169663249653,-0.004030593673255312,true,true,supported,supported
25,8,9,0.03771931595626887,-0.039028500371722896,-0.022834405935228896,-0.004609178441481565,true,true,supported,supported
25,8,10,-0.00032988509603970595,0.02236314328638378,-0.025674479936079075,-0.005188451246219361,true,true,supported,supported
25,8,11,0.0004623645155071854,0.013113537137811493,-0.0285113990229805,-0.005768449218922389,true,true,supported,supported
25,8,12,-0.011817173301389539,-0.06243281992000016,-0.03134516601585047,-0.006349160963455169,true,true,supported,supported
25,8,13,0.03758348476780815,0.038008819338541944,-0.03417601520363278,-0.006930613128595886,true,true,supported,supported
25,8,14,0.014080252181486674,0.016528135587458914,-0.037003634162659726,-0.007512768077172716,true,true,supported,supported
25,8,15,-0.058541124554728485,-0.04049473570468254,-0.03982806586113119,-0.008095634824816123,true,true,supported,supported
25,9,1,0.0,0.0,0.0,0.0,true,true,supported,supported
25,9,2,-0.07144934225611288,0.04966577935025385,-0.0028653850287652105,-0.0005737431088805867,true,true,supported,supported
25,9,3,-0.037035568429060195,0.09349190723041878,-0.005727598353157504,-0.0011481631107591594,true,true,supported,supported
25,9,4,-0.03221983599992839,0.057615029133543105,-0.008586642042826997,-0.0017232710691525988,true,true,supported,supported
25,9,5,-0.007827445285222612,0.0416132267161472,-0.01144251922178463,-0.0022990596478537073,true,true,supported,supported
25,9,6,0.022822008880799327,0.11003882426443856,-0.014295232358622956,-0.0028755300241831705,true,true,supported,supported
25,9,7,0.010858732295658369,0.018446793909167702,-0.017144780418153927,-0.00345272346108616,true,true,supported,supported
25,9,8,-0.030383469154247056,0.0381760707809945,-0.019991169663249653,-0.004030593673255312,true,true,supported,supported
25,9,9,-0.02054131235789436,0.08518693433713698,-0.022834405935228896,-0.004609178441481565,true,true,supported,supported
25,9,10,-0.0734271905141819,0.014420706096838098,-0.025674479936079075,-0.005188451246219361,true,true,supported,supported
25,9,11,-0.050786640931790195,0.036184026660548096,-0.0285113990229805,-0.005768449218922389,true,true,supported,supported
25,9,12,-0.020844030578545447,0.05479884323258177,-0.03134516601585047,-0.006349160963455169,true,true,supported,supported
25,9,13,-0.14674688835674532,-0.012415609678898876,-0.03417601520363278,-0.006930613128595886,true,true,supported,supported
25,9,14,0.05342449633478963,0.10492813690027503,-0.037003634162659726,-0.007512768077172716,true,true,supported,supported
25,9,15,0.02507361490858173,0.04196597500885424,-0.03982806586113119,-0.008095634824816123,true,true,supported,supported
25,10,1,0.0,0.0,0.0,0.0,true,true,supported,supported
25,10,2,-0.022448385784947233,-0.015279232881994398,-0.0028653850287652105,-0.0005737431088805867,true,true,supported,supported
25,10,3,0.013236792888420501,0.0006884896870352764,-0.005727598353157504,-0.0011481631107591594,true,true,supported,supported
25,10,4,0.02105077285221202,0.08133236375075859,-0.008586642042826997,-0.0017232710691525988,true,true,supported,supported
25,10,5,0.009410330645692078,0.050485807069916344,-0.01144251922178463,-0.0022990596478537073,true,true,supported,supported
25,10,6,-0.0043497436676160905,-0.013710541792995024,-0.014295232358622956,-0.0028755300241831705,true,true,supported,supported
25,10,7,-0.0018504495753413064,0.04251952688735905,-0.017144780418153927,-0.00345272346108616,true,true,supported,supported
25,10,8,0.07749647258125436,0.057472130876595307,-0.019991169663249653,-0.004030593673255312,true,true,supported,supported
25,10,9,-0.004825877585660332,0.02711645851819111,-0.022834405935228896,-0.004609178441481565,true,true,supported,supported
25,10,10,-0.0009397864621609742,0.011740146894277825,-0.025674479936079075,-0.005188451246219361,true,true,supported,supported
25,10,11,-0.007104064043579217,0.06933495681083457,-0.0285113990229805,-0.005768449218922389,true,true,supported,supported
25,10,12,0.01456811531660418,0.005505791717294484,-0.03134516601585047,-0.006349160963455169,true,true,supported,supported
25,10,13,-0.043342766979684644,0.019261958724967165,-0.03417601520363278,-0.006930613128595886,true,true,supported,supported
25,10,14,-0.0016161597160324614,0.015815387095121203,-0.037003634162659726,-0.007512768077172716,true,true,supported,supported
25,10,15,-0.022556445262310487,0.0022701910065107134,-0.03982806586113119,-0.008095634824816123,true,true,supported,supported
25,11,1,0.0,0.0,0.0,0.0,true,true,supported,supported
25,11,2,-0.09416486768120469,-0.12129077886963002,-0.0028653850287652105,-0.0005737431088805867,true,true,supported,supported
25,11,3,-0.06730843902471562,-0.1518254633511641,-0.005727598353157504,-0.0011481631107591594,true,true,supported,supported
25,11,4,-0.06185929764757647,-0.17428781816182704,-0.008586642042826997,-0.0017232710691525988,true,true,supported,supported
25,11,5,-0.09796301088737669,-0.12442497138156094,-0.01144251922178463,-0.0022990596478537073,true,true,supported,supported
25,11,6,0.00946897701437166,-0.08055587674200981,-0.014295232358622956,-0.0028755300241831705,true,true,supported,supported
25,11,7,-0.08111388021024202,-0.13568779564638844,-0.017144780418153927,-0.00345272346108616,true,true,supported,supported
25,11,8,-0.15723757810053285,-0.15091833283245415,-0.019991169663249653,-0.004030593673255312,true,true,supported,supported
25,11,9,-0.047338624026866394,-0.07244715593368611,-0.022834405935228896,-0.004609178441481565,true,true,supported,supported
25,11,10,-0.15609698833546548,-0.13136634709610584,-0.025674479936079075,-0.005188451246219361,true,true,supported,supported
25,11,11,-0.06780363157896196,-0.1557997076163512,-0.0285113990229805,-0.005768449218922389,true,true,supported,supported
25,11,12,-0.07044745907473027,-0.16403678552586842,-0.03134516601585047,-0.006349160963455169,true,true,supported,supported
25,11,13,-0.13349520789895386,-0.17168034805343424,-0.03417601520363278,-0.006930613128595886,true,true,supported,supported
25,11,14,-0.08030800500769264,-0.14466133104947898,-0.037003634162659726,-0.007512768077172716,true,true,supported,supported
25,11,15,-0.053421420387971486,-0.09989925501117569,-0.03982806586113119,-0.008095634824816123,true,true,supported,supported
25,12,1,0.0,0.0,0.0,0.0,true,true,supported,supported
25,12,2,0.03748636438321096,0.03961365722241961,-0.0028653850287652105,-0.0005737431088805867,true,true,supported,supported
25,12,3,0.0011596359461176764,-0.020695814591898065,-0.005727598353157504,-0.0011481631107591594,true,true,supported,supported
25,12,4,-0.012888543325825563,-0.024815344530560557,-0.008586642042826997,-0.0017232710691525988,true,true,supported,supported
25,12,5,0.04751241212995294,0.06072863098875014,-0.01144251922178463,-0.0022990596478537073,true,true,supported,supported
25,12,6,-0.02613576494237846,0.019510620250737687,-0.014295232358622956,-0.0028755300241831705,true,true,supported,supported
25,12,7,-0.024386482508982565,-0.07600373355085122,-0.017144780418153927,-0.00345272346108616,true,true,supported,supported
25,12,8,0.010769263759776826,-0.011536676976722116,-0.019991169663249653,-0.004030593673255312,true,true,supported,supported
25,12,9,0.07809553009958459,0.06056392844160585,-0.022834405935228896,-0.004609178441481565,true,true,supported,supported
25,12,10,0.021669887696453727,0.0168029735082863,-0.025674479936079075,-0.005188451246219361,true,true,supported,supported
25,12,11,-0.029822786636421683,0.01846860085099633,-0.0285113990229805,-0.005768449218922389,true,true,supported,supported
25,12,12,-0.04958119571616748,-0.02096064946485754,-0.03134516601585047,-0.006349160963455169,true,true,supported,supported
25,12,13,0.02275605876283915,0.08314909520984293,-0.03417601520363278,-0.006930613128595886,true,true,supported,supported
25,12,14,0.00811921515531877,-0.010294044035077388,-0.037003634162659726,-0.007512768077172716,true,true,supported,supported
25,12,15,0.04731477431997233,0.03499444228927373,-0.03982806586113119,-0.008095634824816123,true,true,supported,supported
25,13,1,0.0,0.0,0.0,0.0,true,true,supported,supported
25,13,2,-0.07399316549151702,-0.013782698508321034,-0.0028653850287652105,-0.0005737431088805867,true,true,supported,supported
25,13,3,-0.09948528339730867,-0.06395934282388516,-0.005727598353157504,-0.0011481631107591594,true,true,supported,supported
25,13,4,-0.040261242806324704,-0.030669193275999262,-0.008586642042826997,-0.0017232710691525988,true,true,supported,supported
25,13,5,-0.09536341643140211,-0.04867234507316265,-0.01144251922178463,-0.0022990596478537073,true,true,supported,supported
25,13,6,-0.04511707766452755,0.03569397246947004,-0.014295232358622956,-0.0028755300241831705,true,true,supported,supported
25,13,7,-0.06538677770999146,-0.03976358565499716,-0.017144780418153927,-0.00345272346108616,true,true,supported,supported
25,13,8,-0.12561922780028656,-0.02036781183353631,-0.019991169663249653,-0.004030593673255312,true,true,supported,supported
25,13,9,-0.0737591877025171,0.03024301955105524,-0.022834405935228896,-0.004609178441481565,true,true,supported,supported
25,13,10,-0.14301562510695465,-0.042815512344023365,-0.025674479936079075,-0.005188451246219361,true,true,supported,supported
25,13,11,-0.04743424865732959,0.028132255727611355,-0.0285113990229805,-0.005768449218922389,true,true,supported,supported
25,13,12,-0.12397030973723111,-0.08028808638485385,-0.03134516601585047,-0.006349160963455169,true,true,supported,supported
25,13,13,-0.1571589901058531,-0.02747024292904643,-0.03417601520363278,-0.006930613128595886,true,true,supported,supported
25,13,14,-0.06763700526711947,-0.057872402614757124,-0.037003634162659726,-0.007512768077172716,true,true,supported,supported
25,13,15,-0.10650753607796881,-0.004013567507556104,-0.03982806586113119,-0.008095634824816123,true,true,supported,supported
25,14,1,0.0,0.0,0.0,0.0,true,true,supported,supported
25,14,2,-0.06512676251434579,-0.01391965896950087,-0.0028653850287652105,-0.0005737431088805867,true,true,supported,supported
25,14,3,-0.01169914250956361,0.034570778190343265,-0.005727598353157504,-0.0011481631107591594,true,true,supported,supported
25,14,4,-0.014841951261388209,0.02534233471906666,-0.008586642042826997,-0.0017232710691525988,true,true,supported,supported
25,14,5,-0.08134778739847226,0.050974131490404306,-0.01144251922178463,-0.0022990596478537073,true,true,supported,supported
25,14,6,0.03545275640738166,0.10972509485498494,-0.014295232358622956,-0.0028755300241831705,true,true,supported,supported
25,14,7,-0.06463120821815271,-0.005994021810816541,-0.017144780418153927,-0.00345272346108616,true,true,supported,supported
25,14,8,-0.026432368052837663,-0.010101598716381277,-0.019991169663249653,-0.004030593673255312,true,true,supported,supported
25,14,9,-0.08202195275803814,-0.027131945277260594,-0.022834405935228896,-0.004609178441481565,true,true,supported,supported
25,14,10,-0.00029924645131607086,0.034971517422683895,-0.025674479936079075,-0.005188451246219361,true,true,supported,supported
25,14,11,0.003809175326613179,-0.014132320648835961,-0.0285113990229805,-0.005768449218922389,true,true,supported,supported
25,14,12,-0.0637012267606063,-0.00016109515781459471,-0.03134516601585047,-0.006349160963455169,true,true,supported,supported
25,14,13,-0.037224453195470075,0.04704328897670862,-0.03417601520363278,-0.006930613128595886,true,true,supported,supported
25,14,14,-0.07517306638893839,0.03295962127152485,-0.037003634162659726,-0.007512768077172716,true,true,supported,supported
25,14,15,-0.08431995060086672,0.04510849851077314,-0.03982806586113119,-0.008095634824816123,true,true,supported,supported
25,15,1,0.0,0.0,0.0,0.0,true,true,supported,supported
25,15,2,0.04586457115693121,0.0224384530212407,-0.0028653850287652105,-0.0005737431088805867,true,true,supported,supported
25,15,3,0.08166298078022982,-0.003798378829302118,-0.005727598353157504,-0.0011481631107591594,true,true,supported,supported
25,15,4,0.03174623330326842,-0.04711020295501733,-0.008586642042826997,-0.0017232710691525988,true,true,supported,supported
25,15,5,0.04513360357300611,-0.011091309105791036,-0.01144251922178463,-0.0022990596478537073,true,true,supported,supported
25,15,6,0.021327365097693507,-0.023328103827265356,-0.014295232358622956,-0.0028755300241831705,true,true,supported,supported
25,15,7,0.05964757677465338,-0.002466179347307973,-0.017144780418153927,-0.00345272346108616,true,true,supported,supported
25,15,8,0.1177618191560621,0.08679160543868503,-0.019991169663249653,-0.004030593673255312,true,true,supported,supported
25,15,9,0.06713592615177211,0.0019998811556427576,-0.022834405935228896,-0.004609178441481565,true,true,supported,supported
25,15,10,-0.013867533779872154,-0.09076582900886776,-0.025674479936079075,-0.005188451246219361,true,true,supported,supported
25,15,11,0.006297551306908011,-0.031843822975516245,-0.0285113990229805,-0.005768449218922389,true,true,supported,supported
25,15,12,-0.013771738358329455,-0.048357232189538024,-0.03134516601585047,-0.006349160963455169,true,true,supported,supported
25,15,13,0.0015668831358417457,-0.06936654708923062,-0.03417601520363278,-0.006930613128595886,true,true,supported,supported
25,15,14,-0.008792400125090527,0.0008681764165396899,-0.037003634162659726,-0.007512768077172716,true,true,supported,supported
25,15,15,-0.024408304785138224,0.0005099508305441702,-0.03982806586113119,-0.008095634824816123,true,true,supported,supported
25,16,1,0.0,0.0,0.0,0.0,true,true,supported,supported
25,16,2,0.10579465641867525,-0.06086819499045104,-0.0028653850287652105,-0.0005737431088805867,true,true,supported,supported
25,16,3,-0.038009048402054324,-0.07073331754062695,-0.005727598353157504,-0.0011481631107591594,true,true,supported,supported
25,16,4,0.007507234480337521,-0.04299766159197549,-0.008586642042826997,-0.0017232710691525988,true,true,supported,supported
25,16,5,0.05623483989232303,0.01999925776710354,-0.01144251922178463,-0.0022990596478537073,true,true,supported,supported
25,16,6,-0.02259339721734077,-0.08422791277545139,-0.014295232358622956,-0.0028755300241831705,true,true,supported,supported
25,16,7,0.05492752064414297,-0.03028682314387865,-0.017144780418153927,-0.00345272346108616,true,true,supported,supported
25,16,8,0.03527054776234728,-0.023865813616488873,-0.019991169663249653,-0.004030593673255312,true,true,supported,supported
25,16,9,-0.05935085394218964,-0.10700085056686104,-0.022834405935228896,-0.004609178441481565,true,true,supported,supported
25,16,10,-0.031146084835171006,-0.08095232943397623,-0.025674479936079075,-0.005188451246219361,true,true,supported,supported
25,16,11,-0.058320501852954565,-0.07499953354109079,-0.0285113990229805,-0.005768449218922389,true,true,supported,supported
25,16,12,0.01804139703356311,-0.03196191252035252,-0.03134516601585047,-0.006349160963455169,true,true,supported,supported
25,16,13,0.037523394462637194,-0.05465841916305081,-0.03417601520363278,-0.006930613128595886,true,true,supported,supported
25,16,14,0.08327482154211074,-0.022654238673244675,-0.037003634162659726,-0.007512768077172716,true,true,supported,supported
25,16,15,0.03648865828933223,-0.040895080839654874,-0.03982806586113119,-0.008095634824816123,true,true,supported,supported
25,17,1,0.0,0.0,0.0,0.0,true,true,supported,supported
25,17,2,0.030345332298086114,0.03886234632566954,-0.0028653850287652105,-0.0005737431088805867,true,true,supported,supported
25,17,3,0.008784798182140618,0.00877905764481901,-0.005727598353157504,-0.0011481631107591594,true,true,supported,supported
25,17,4,0.015001747727803605,-0.015401173602273888,-0.008586642042826997,-0.0017232710691525988,true,true,supported,supported
25,17,5,-0.01622743275071359,-0.049200369921936105,-0.01144251922178463,-0.0022990596478537073,true,true,supported,supported
25,17,6,-0.04063992498916624,0.012432983023210942,-0.014295232358622956,-0.0028755300241831705,true,true,supported,supported
25,17,7,-0.08187984266563886,-0.029192312790332076,-0.017144780418153927,-0.00345272346108616,true,true,supported,supported
25,17,8,0.05074823935568662,0.061136444873120976,-0.019991169663249653,-0.004030593673255312,true,true,supported,supported
25,17,9,-0.006460940256544201,0.0539550964332699,-0.022834405935228896,-0.004609178441481565,true,true,supported,supported
25,17,10,0.10258119165166257,0.0071152257906859084,-0.025674479936079075,-0.005188451246219361,true,true,supported,supported
25,17,11,-0.04098215700482155,-0.0007611132362282946,-0.0285113990229805,-0.005768449218922389,true,true,supported,supported
25,17,12,-0.029072460378909537,0.0319525404816593,-0.03134516601585047,-0.006349160963455169,true,true,supported,supported
25,17,13,-0.046252233133849185,-0.003944291275841172,-0.03417601520363278,-0.006930613128595886,true,true,supported,supported
25,17,14,-0.03091642658530902,-0.017034766670312562,-0.037003634162659726,-0.007512768077172716,true,true,supported,supported
25,17,15,0.02158227723631756,0.01769512046555144,-0.03982806586113119,-0.008095634824816123,true,true,supported,supported
25,18,1,0.0,0.0,0.0,0.0,true,true,supported,supported
25,18,2,0.037253323479852885,-0.031105555113316807,-0.0028653850287652105,-0.0005737431088805867,true,true,supported,supported
25,18,3,-0.02861963370481213,-0.05394539378329688,-0.005727598353157504,-0.0011481631107591594,true,true,supported,supported
25,18,4,-0.05252601826949643,-0.05715341132679885,-0.008586642042826997,-0.0017232710691525988,true,true,supported,supported
25,18,5,-0.035680999324842144,0.008175779867431787,-0.01144251922178463,-0.0022990596478537073,true,true,supported,supported
25,18,6,-0.048377951620624415,-0.03978350962818822,-0.014295232358622956,-0.0028755300241831705,true,true,supported,supported
25,18,7,-0.0780567297194733,-0.05359708225394444,-0.017144780418153927,-0.00345272346108616,true,true,supported,supported
25,18,8,-0.008580156778736914,0.018822552313135565,-0.019991169663249653,-0.004030593673255312,true,true,supported,supported
25,18,9,-0.032698474106853226,-0.0012584633755021724,-0.022834405935228896,-0.004609178441481565,true,true,supported,supported
25,18,10,-0.08626710368461155,-0.05350062486182661,-0.025674479936079075,-0.005188451246219361,true,true,supported,supported
25,18,11,-0.09246143875370083,-0.05386042662039481,-0.0285113990229805,-0.005768449218922389,true,true,supported,supported
25,18,12,-0.07005099952947369,-0.06690943944156569,-0.03134516601585047,-0.006349160963455169,true,true,supported,supported
25,18,13,-0.06333793455404058,-0.06121083898068669,-0.03417601520363278,-0.006930613128595886,true,true,supported,supported
25,18,14,-0.08406620877402693,-0.051805813991603444,-0.037003634162659726,-0.007512768077172716,true,true,supported,supported
25,18,15,-0.07896649655790944,-0.046943332955494466,-0.03982806586113119,-0.008095634824816123,true,true,supported,supported
25,19,1,0.0,0.0,0.0,0.0,true,true,supported,supported
25,19,2,-0.05008326986325573,-0.02979310207359498,-0.0028653850287652105,-0.0005737431088805867,true,true,supported,supported
25,19,3,-0.033434470216120005,0.030870124236113905,-0.005727598353157504,-0.0011481631107591594,true,true,supported,supported
25,19,4,-0.06389831417326419,0.00636735923532894,-0.008586642042826997,-0.0017232710691525988,true,true,supported,supported
25,19,5,-0.02284501632152547,0.04054746846842805,-0.01144251922178463,-0.0022990596478537073,true,true,supported,supported
25,19,6,-0.07537591547999567,0.0013670556037241877,-0.014295232358622956,-0.0028755300241831705,true,true,supported,supported
25,19,7,-0.06934297856743088,0.04127513238847447,-0.017144780418153927,-0.00345272346108616,true,true,supported,supported
25,19,8,-0.04898429562330642,0.06558169660642299,-0.019991169663249653,-0.004030593673255312,true,true,supported,supported
25,19,9,-0.0938233951089078,-0.03373074761010275,-0.022834405935228896,-0.004609178441481565,true,true,supported,supported
25,19,10,-0.10174021088485052,-0.003864186935048086,-0.025674479936079075,-0.005188451246219361,true,true,supported,supported
25,19,11,-0.07883683095345384,0.0028452735447195288,-0.0285113990229805,-0.005768449218922389,true,true,supported,supported
25,19,12,-0.06525975932900674,0.025848718607355603,-0.03134516601585047,-0.006349160963455169,true,true,supported,supported
25,19,13,-0.1368171709079894,-0.06292032562727079,-0.03417601520363278,-0.006930613128595886,true,true,supported,supported
25,19,14,-0.13112472077534232,0.07192533516161193,-0.037003634162659726,-0.007512768077172716,true,true,supported,supported
25,19,15,-0.08609004426981048,0.007743019365393011,-0.03982806586113119,-0.008095634824816123,true,true,supported,supported
25,20,1,0.0,0.0,0.0,0.0,true,true,supported,supported
25,20,2,-0.014161803566547948,-0.02941545908243548,-0.0028653850287652105,-0.0005737431088805867,true,true,supported,supported
25,20,3,-0.05676875114473512,-0.05826216049752231,-0.005727598353157504,-0.0011481631107591594,true,true,supported,supported
25,20,4,-0.04185634799997873,-0.0723219916106912,-0.008586642042826997,-0.0017232710691525988,true,true,supported,supported
25,20,5,0.03772060124834031,0.007068304231906741,-0.01144251922178463,-0.0022990596478537073,true,true,supported,supported
25,20,6,-0.052109772373375884,-0.01255904736459168,-0.014295232358622956,-0.0028755300241831705,true,true,supported,supported
25,20,7,-0.033260073202176055,0.022439786156104424,-0.017144780418153927,-0.00345272346108616,true,true,supported,supported
25,20,8,0.0005316725487773954,0.0712094974760541,-0.019991169663249653,-0.004030593673255312,true,true,supported,supported
25,20,9,-0.028196124861628813,0.014546500688383035,-0.022834405935228896,-0.004609178441481565,true,true,supported,supported
25,20,10,-0.0055769456709647836,0.05376295691847688,-0.025674479936079075,-0.005188451246219361,true,true,supported,supported
25,20,11,-0.0408251692208671,0.006915225151947424,-0.0285113990229805,-0.005768449218922389,true,true,supported,supported
25,20,12,0.013747313810040018,-0.042743619070326866,-0.03134516601585047,-0.006349160963455169,true,true,supported,supported
25,20,13,0.01848516366307129,0.011764749608022651,-0.03417601520363278,-0.006930613128595886,true,true,supported,supported
25,20,14,-0.06784671197658632,0.027421534549410986,-0.037003634162659726,-0.007512768077172716,true,true,supported,supported
25,20,15,-0.01668733696346436,0.020385340738421687,-0.03982806586113119,-0.008095634824816123,true,true,supported,supported
25,21,1,0.0,0.0,0.0,0.0,true,true,supported,supported
25,21,2,0.06708754775119508,0.0021799559320279105,-0.0028653850287652105,-0.0005737431088805867,true,true,supported,supported
25,21,3,0.13728342575881447,0.027320052798747385,-0.005727598353157504,-0.0011481631107591594,true,true,supported,supported
25,21,4,0.04344689053071937,0.016698428849592828,-0.008586642042826997,-0.0017232710691525988,true,true,supported,supported
25,21,5,0.1141880253572527,-0.0008100672978974544,-0.01144251922178463,-0.0022990596478537073,true,true,supported,supported
25,21,6,-0.02203266722385422,-0.04592586195544823,-0.014295232358622956,-0.0028755300241831705,true,true,supported,supported
25,21,7,0.02722812816549769,-0.011697369005928993,-0.017144780418153927,-0.00345272346108616,true,true,supported,supported
25,21,8,0.0644133494514133,-0.06854068915991052,-0.019991169663249653,-0.004030593673255312,true,true,supported,supported
25,21,9,0.01863108359704735,-0.03788465043498879,-0.022834405935228896,-0.004609178441481565,true,true,supported,supported
25,21,10,0.04360887704019423,-0.014613670031280002,-0.025674479936079075,-0.005188451246219361,true,true,supported,supported
25,21,11,0.005572237552264658,-0.049792204105074456,-0.0285113990229805,-0.005768449218922389,true,true,supported,supported
25,21,12,0.03336023625929718,-0.009875343798668057,-0.03134516601585047,-0.006349160963455169,true,true,supported,supported
25,21,13,0.01615832478153789,-0.01759741038212359,-0.03417601520363278,-0.006930613128595886,true,true,supported,supported
25,21,14,0.0042414601911279215,-0.01764079810118735,-0.037003634162659726,-0.007512768077172716,true,true,supported,supported
25,21,15,0.07230454153928267,-0.025670547502492314,-0.03982806586113119,-0.008095634824816123,true,true,supported,supported
25,22,1,0.0,0.0,0.0,0.0,true,true,supported,supported
25,22,2,-0.01821705101885207,-0.05230428952578681,-0.0028653850287652105,-0.0005737431088805867,true,true,supported,supported
25,22,3,0.05690765392268271,0.04116440383622466,-0.005727598353157504,-0.0011481631107591594,true,true,supported,supported
25,22,4,-0.027071151100037882,0.020364802340484323,-0.008586642042826997,-0.0017232710691525988,true,true,supported,supported
25,22,5,0.008225332870846813,-0.08066790903405674,-0.01144251922178463,-0.0022990596478537073,true,true,supported,supported
25,22,6,-0.006373844475111579,-0.002929187464402405,-0.014295232358622956,-0.0028755300241831705,true,true,supported,supported
25,22,7,0.035075537380005795,0.01877342622465572,-0.017144780418153927,-0.00345272346108616,true,true,supported,supported
25,22,8,-0.06955403525930604,-0.08237138348406181,-0.019991169663249653,-0.004030593673255312,true,true,supported,supported
25,22,9,-0.01666895889332831,-0.020966960761499065,-0.022834405935228896,-0.004609178441481565,true,true,supported,supported
25,22,10,-0.04940116965502539,-0.08208636462746821,-0.025674479936079075,-0.005188451246219361,true,true,supported,supported
25,22,11,-0.04512730460409009,-0.02463206699960474,-0.0285113990229805,-0.005768449218922389,true,true,supported,supported
25,22,12,0.017932189352518835,0.011841164817259608,-0.03134516601585047,-0.006349160963455169,true,true,supported,supported
25,22,13,-0.01586898740905207,-0.025628038074750226,-0.03417601520363278,-0.006930613128595886,true,true,supported,supported
25,22,14,0.005525461132493303,-0.02538030345436415,-0.037003634162659726,-0.007512768077172716,true,true,supported,supported
25,22,15,0.02614723165021937,-0.022479208244821303,-0.03982806586113119,-0.008095634824816123,true,true,supported,supported
25,23,1,0.0,0.0,0.0,0.0,true,true,supported,supported
25,23,2,-0.022296379561991486,0.002115382788547837,-0.0028653850287652105,-0.0005737431088805867,true,true,supported,supported
25,23,3,-0.020618058150000396,-0.003928189258769033,-0.005727598353157504,-0.0011481631107591594,true,true,supported,supported
25,23,4,0.0014327820905850608,-0.06207764583980402,-0.008586642042826997,-0.0017232710691525988,true,true,supported,supported
25,23,5,-0.03510425100908665,-0.07226980733826749,-0.01144251922178463,-0.0022990596478537073,true,true,supported,supported
25,23,6,0.02056853710824247,-0.09816937888183841,-0.014295232358622956,-0.0028755300241831705,true,true,supported,supported
25,23,7,-0.15586024857616043,-0.12726721145993258,-0.017144780418153927,-0.00345272346108616,true,true,supported,supported
25,23,8,-0.01794925680050763,-0.0860035444167131,-0.019991169663249653,-0.004030593673255312,true,true,supported,supported
25,23,9,-0.08414702444031374,-0.0960764912977572,-0.022834405935228896,-0.004609178441481565,true,true,supported,supported
25,23,10,-0.09948584403594696,-0.12732186760664055,-0.025674479936079075,-0.005188451246219361,true,true,supported,supported
25,23,11,0.01610240948454189,-0.08713822184905584,-0.0285113990229805,-0.005768449218922389,true,true,supported,supported
25,23,12,-0.037774577008857335,-0.08373178138297643,-0.03134516601585047,-0.006349160963455169,true,true,supported,supported
25,23,13,-0.05956353296494876,-0.11806542745673332,-0.03417601520363278,-0.006930613128595886,true,true,supported,supported
25,23,14,-0.08804210258624945,-0.07996802756210786,-0.037003634162659726,-0.007512768077172716,true,true,supported,supported
25,23,15,0.00310590478356354,-0.042962414505219204,-0.03982806586113119,-0.008095634824816123,true,true,supported,supported
25,24,1,0.0,0.0,0.0,0.0,true,true,supported,supported
25,24,2,-0.12480160678657337,-0.03810941525734768,-0.0028653850287652105,-0.0005737431088805867,true,true,supported,supported
25,24,3,-0.08088615518134112,-0.04002363448029633,-0.005727598353157504,-0.0011481631107591594,true,true,supported,supported
25,24,4,0.016179541655853225,-0.0006161250533999185,-0.008586642042826997,-0.0017232710691525988,true,true,supported,supported
25,24,5,-0.07653881142277263,-0.02054253664735639,-0.01144251922178463,-0.0022990596478537073,true,true,supported,supported
25,24,6,-0.05814823167418992,-0.0035688189628136913,-0.014295232358622956,-0.0028755300241831705,true,true,supported,supported
25,24,7,-0.10045157759836454,-0.029356789165106423,-0.017144780418153927,-0.00345272346108616,true,true,supported,supported
25,24,8,-0.09933041185513747,-0.0200372332482881,-0.019991169663249653,-0.004030593673255312,true,true,supported,supported
25,24,9,-0.10425234959974872,-0.04055451938432053,-0.022834405935228896,-0.004609178441481565,true,true,supported,supported
25,24,10,-0.0189117866516606,-0.0035399499332213757,-0.025674479936079075,-0.005188451246219361,true,true,supported,supported
25,24,11,-0.1160103914279853,-0.04571778951440442,-0.0285113990229805,-0.005768449218922389,true,true,supported,supported
25,24,12,-0.03614186909571737,0.05340576710988787,-0.03134516601585047,-0.006349160963455169,true,true,supported,supported
25,24,13,-0.10521618638777708,0.08353574731372648,-0.03417601520363278,-0.006930613128595886,true,true,supported,supported
25,24,14,-0.08134035265912587,-0.04468183228575817,-0.037003634162659726,-0.007512768077172716,true,true,supported,supported
25,24,15,-0.0580910798832146,0.03504952772261005,-0.03982806586113119,-0.008095634824816123,true,true,supported,supported
25,25,1,0.0,0.0,0.0,0.0,true,true,supported,supported
25,25,2,-0.0030235698752415496,-0.05951493842891076,-0.0028653850287652105,-0.0005737431088805867,true,true,supported,supported
25,25,3,0.0004912028361866438,-0.021389948688239402,-0.005727598353157504,-0.0011481631107591594,true,true,supported,supported
25,25,4,-0.05870298414201014,-0.0991036031971737,-0.008586642042826997,-0.0017232710691525988,true,true,supported,supported
25,25,5,0.06387174250935923,-0.02578641522566727,-0.01144251922178463,-0.0022990596478537073,true,true,supported,supported
25,25,6,0.05920815820720049,-0.059016078737966327,-0.014295232358622956,-0.0028755300241831705,true,true,supported,supported
25,25,7,-0.015025173167360628,-0.009063618393096995,-0.017144780418153927,-0.00345272346108616,true,true,supported,supported
25,25,8,0.007304487984467811,-0.06665361320659724,-0.019991169663249653,-0.004030593673255312,true,true,supported,supported
25,25,9,0.02697011097140012,-0.05324156627713983,-0.022834405935228896,-0.004609178441481565,true,true,supported,supported
25,25,10,-0.02775347593664801,-0.08345732658811411,-0.025674479936079075,-0.005188451246219361,true,true,supported,supported
25,25,11,-0.007754339695847823,0.02721171037173442,-0.0285113990229805,-0.005768449218922389,true,true,supported,supported
25,25,12,-0.020191596691052416,-0.08033746598351499,-0.03134516601585047,-0.006349160963455169,true,true,supported,supported
25,25,13,-0.02611589596890751,-0.05539010122979526,-0.03417601520363278,-0.006930613128595886,true,true,supported,supported
25,25,14,-0.06444493618217462,-0.06414430779596603,-0.037003634162659726,-0.007512768077172716,true,true,supported,supported
25,25,15,-0.028387502950918075,-0.031043509003143788,-0.03982806586113119,-0.008095634824816123,true,true,supported,supported
25,26,1,0.0,0.0,0.0,0.0,true,true,supported,supported
25,26,2,-0.00311137325183819,-0.010866943460694611,-0.0028653850287652105,-0.0005737431088805867,true,true,supported,supported
25,26,3,0.05250477844984558,0.09754871377009222,-0.005727598353157504,-0.0011481631107591594,true,true,supported,supported
25,26,4,0.0018577090145661668,0.01160519787730474,-0.008586642042826997,-0.0017232710691525988,true,true,supported,supported
25,26,5,-0.09037462275503383,-0.07333634673497802,-0.01144251922178463,-0.0022990596478537073,true,true,supported,supported
25,26,6,-0.020731583413914123,-0.034311666438403665,-0.014295232358622956,-0.0028755300241831705,true,true,supported,supported
25,26,7,-0.017156105147699052,0.010026388486987448,-0.017144780418153927,-0.00345272346108616,true,true,supported,supported
25,26,8,-0.0762668337335255,-0.05623148947030987,-0.019991169663249653,-0.004030593673255312,true,true,supported,supported
25,26,9,0.005773134544605707,-0.020003520640057837,-0.022834405935228896,-0.004609178441481565,true,true,supported,supported
25,26,10,-0.02078054991737055,-0.03321499505009262,-0.025674479936079075,-0.005188451246219361,true,true,supported,supported
25,26,11,-0.005619609532563574,0.027251009652899394,-0.0285113990229805,-0.005768449218922389,true,true,supported,supported
25,26,12,-0.055723077347028416,-0.004083269292526337,-0.03134516601585047,-0.006349160963455169,true,true,supported,supported
25,26,13,-0.010937275146649661,-0.013042543046585364,-0.03417601520363278,-0.006930613128595886,true,true,supported,supported
25,26,14,0.02229839270537215,0.011644072217398604,-0.037003634162659726,-0.007512768077172716,true,true,supported,supported
25,26,15,-0.06633076084208844,-0.03203179201748796,-0.03982806586113119,-0.008095634824816123,true,true,supported,supported
25,27,1,0.0,0.0,0.0,0.0,true,true,supported,supported
25,27,2,0.04141456469608884,0.01342102709839288,-0.0028653850287652105,-0.0005737431088805867,true,true,supported,supported
25,27,3,-0.04909167487472965,0.024615296735016945,-0.005727598353157504,-0.0011481631107591594,true,true,supported,supported
25,27,4,0.03021380783095884,0.04042441762728177,-0.008586642042826997,-0.0017232710691525988,true,true,supported,supported
25,27,5,0.019744590494246594,0.03933777078263867,-0.01144251922178463,-0.0022990596478537073,true,true,supported,supported
25,27,6,0.014911728230044385,-0.046286376825457554,-0.014295232358622956,-0.0028755300241831705,true,true,supported,supported
25,27,7,0.022229290477270736,0.07198353779233824,-0.017144780418153927,-0.00345272346108616,true,true,supported,supported
25,27,8,-0.05119742314146636,0.021449863974425498,-0.019991169663249653,-0.004030593673255312,true,true,supported,supported
25,27,9,-0.02661184686721274,0.014112764467074768,-0.022834405935228896,-0.004609178441481565,true,true,supported,supported
25,27,10,-0.01032869040570894,-0.03153397201206998,-0.025674479936079075,-0.005188451246219361,true,true,supported,supported
25,27,11,-0.020087520031508266,0.03238745593053782,-0.0285113990229805,-0.005768449218922389,true,true,supported,supported
25,27,12,-0.027732375634809014,-0.05587742217025138,-0.03134516601585047,-0.006349160963455169,true,true,supported,supported
25,27,13,0.03441216710676076,-0.002696752125734281,-0.03417601520363278,-0.006930613128595886,true,true,supported,supported
25,27,14,-0.06044412551110967,0.05055161752513271,-0.037003634162659726,-0.007512768077172716,true,true,supported,supported
25,27,15,-0.059837759086906916,-0.05608285741512342,-0.03982806586113119,-0.008095634824816123,true,true,supported,supported
25,28,1,0.0,0.0,0.0,0.0,true,true,supported,supported
25,28,2,0.03152337829184115,-0.06778536279192526,-0.0028653850287652105,-0.0005737431088805867,true,true,supported,supported
25,28,3,0.03666943805650624,-0.01200106995281347,-0.005727598353157504,-0.0011481631107591594,true,true,supported,supported
25,28,4,-0.0010257050283437597,-0.03971023202917512,-0.008586642042826997,-0.0017232710691525988,true,true,supported,supported
25,28,5,-0.02625283747619722,-0.03676402209783869,-0.01144251922178463,-0.0022990596478537073,true,true,supported,supported
25,28,6,-0.02561734220560896,-0.04480356528947316,-0.014295232358622956,-0.0028755300241831705,true,true,supported,supported
25,28,7,-0.054877236594800816,-0.044472821952351804,-0.017144780418153927,-0.00345272346108616,true,true,supported,supported
25,28,8,-0.07096563514425203,-0.12882846330925424,-0.019991169663249653,-0.004030593673255312,true,true,supported,supported
25,28,9,-0.04227097121906198,-0.03371558761944593,-0.022834405935228896,-0.004609178441481565,true,true,supported,supported
25,28,10,-0.09581525239939903,-0.09025269797300384,-0.025674479936079075,-0.005188451246219361,true,true,supported,supported
25,28,11,-0.05099702671909512,-0.12082519333162633,-0.0285113990229805,-0.005768449218922389,true,true,supported,supported
25,28,12,-0.027272131646737918,-0.08485296813200183,-0.03134516601585047,-0.006349160963455169,true,true,supported,supported
25,28,13,-0.003731544881684812,-0.12711433341452394,-0.03417601520363278,-0.006930613128595886,true,true,supported,supported
25,28,14,-0.09058409260115419,-0.08892864903900077,-0.037003634162659726,-0.007512768077172716,true,true,supported,supported
25,28,15,-0.17462807072939157,-0.15201481655029858,-0.03982806586113119,-0.008095634824816123,true,true,supported,supported
25,29,1,0.0,0.0,0.0,0.0,true,true,supported,supported
25,29,2,0.05295825829154732,-0.004990769997933464,-0.0028653850287652105,-0.0005737431088805867,true,true,supported,supported
25,29,3,-0.003997605669236348,-0.07532633217080664,-0.005727598353157504,-0.0011481631107591594,true,true,supported,supported
25,29,4,0.028642701887296562,-0.01449293623531589,-0.008586642042826997,-0.0017232710691525988,true,true,supported,supported
25,29,5,0.033275764924733275,-0.018720353409543478,-0.01144251922178463,-0.0022990596478537073,true,true,supported,supported
25,29,6,0.1135458059646024,-0.03847848880858329,-0.014295232358622956,-0.0028755300241831705,true,true,supported,supported
25,29,7,0.027584297758220355,-0.044743325402237355,-0.017144780418153927,-0.00345272346108616,true,true,supported,supported
25,29,8,-0.06046661326123404,-0.0577342364441642,-0.019991169663249653,-0.004030593673255312,true,true,supported,supported
25,29,9,-0.049634799506142246,-0.02863620430567282,-0.022834405935228896,-0.004609178441481565,true,true,supported,supported
25,29,10,-0.05345041796321004,-0.025993692293667547,-0.025674479936079075,-0.005188451246219361,true,true,supported,supported
25,29,11,0.03983472056209991,-0.01566396945877435,-0.0285113990229805,-0.005768449218922389,true,true,supported,supported
25,29,12,-0.03840609526953731,0.013129865646792194,-0.03134516601585047,-0.006349160963455169,true,true,supported,supported
25,29,13,-0.024122853201135386,-0.04030491971983807,-0.03417601520363278,-0.006930613128595886,true,true,supported,supported
25,29,14,0.011608907086861575,0.01648449020523901,-0.037003634162659726,-0.007512768077172716,true,true,supported,supported
25,29,15,-0.024636405596954236,-0.025325559992529167,-0.03982806586113119,-0.008095634824816123,true,true,supported,supported
25,30,1,0.0,0.0,0.0,0.0,true,true,supported,supported
25,30,2,0.03672266838638527,0.0022674778249411887,-0.0028653850287652105,-0.0005737431088805867,true,true,supported,supported
25,30,3,-0.025062418715226742,0.03914671210127474,-0.005727598353157504,-0.0011481631107591594,true,true,supported,supported
25,30,4,-0.0027345665369025163,0.01464265725706626,-0.008586642042826997,-0.0017232710691525988,true,true,supported,supported
25,30,5,-0.07958077410484632,-0.03160234242195392,-0.01144251922178463,-0.0022990596478537073,true,true,supported,supported
25,30,6,-0.05523736092557552,-0.05686098919442195,-0.014295232358622956,-0.0028755300241831705,true,true,supported,supported
25,30,7,-0.07330161764538512,-0.025148324407581968,-0.017144780418153927,-0.00345272346108616,true,true,supported,supported
25,30,8,-0.09283246413706081,-0.002130226591668505,-0.019991169663249653,-0.004030593673255312,true,true,supported,supported
25,30,9,-0.08484240511618557,0.0052638593808150835,-0.022834405935228896,-0.004609178441481565,true,true,supported,supported
25,30,10,-0.0903086410649725,-0.025074385988416936,-0.025674479936079075,-0.005188451246219361,true,true,supported,supported
25,30,11,-0.08758368557573581,0.04830497583051119,-0.0285113990229805,-0.005768449218922389,true,true,supported,supported
25,30,12,-0.033926254050643534,0.007266814991581216,-0.03134516601585047,-0.006349160963455169,true,true,supported,supported
25,30,13,-0.0727713846062995,0.09498900323035775,-0.03417601520363278,-0.006930613128595886,true,true,supported,supported
25,30,14,-0.061001646739937465,-0.014565333085963084,-0.037003634162659726,-0.007512768077172716,true,true,supported,supported
25,30,15,-0.03552143663535845,0.04011621075713245,-0.03982806586113119,-0.008095634824816123,true,true,supported,supported
25,31,1,0.0,0.0,0.0,0.0,true,true,supported,supported
25,31,2,-0.09944162929569933,-0.0534039153338004,-0.0028653850287652105,-0.0005737431088805867,true,true,supported,supported
25,31,3,-0.08683873562375366,0.020591591485715766,-0.005727598353157504,-0.0011481631107591594,true,true,supported,supported
25,31,4,-0.10219365502566524,-0.05791596261344034,-0.008586642042826997,-0.0017232710691525988,true,true,supported,supported
25,31,5,-0.1210632356454251,-0.07047075913540468,-0.01144251922178463,-0.0022990596478537073,true,true,supported,supported
25,31,6,-0.044971480924036245,-0.023840962304580993,-0.014295232358622956,-0.0028755300241831705,true,true,supported,supported
25,31,7,-0.059741122596392415,-0.04360660915396064,-0.017144780418153927,-0.00345272346108616,true,true,supported,supported
25,31,8,-0.04258430731250917,-0.031729129540566614,-0.019991169663249653,-0.004030593673255312,true,true,supported,supported
25,31,9,-0.10702897152203206,-0.027097620184767024,-0.022834405935228896,-0.004609178441481565,true,true,supported,supported
25,31,10,-0.12642160526234736,-0.05241290829611178,-0.025674479936079075,-0.005188451246219361,true,true,supported,supported
25,31,11,-0.11123257404199349,-0.03833494968082207,-0.0285113990229805,-0.005768449218922389,true,true,supported,supported
25,31,12,-0.022413581503749835,-0.018165860327036043,-0.03134516601585047,-0.006349160963455169,true,true,supported,supported
25,31,13,-0.05257749501900699,-0.010130677718704906,-0.03417601520363278,-0.006930613128595886,true,true,supported,supported
25,31,14,-0.09605414135974755,-0.08744429550441057,-0.037003634162659726,-0.007512768077172716,true,true,supported,supported
25,31,15,-0.10947343744821647,-0.023640517609497813,-0.03982806586113119,-0.008095634824816123,true,true,supported,supported
25,32,1,0.0,0.0,0.0,0.0,true,true,supported,supported
25,32,2,0.019689448251564823,-0.014434386087228246,-0.0028653850287652105,-0.0005737431088805867,true,true,supported,supported
25,32,3,0.0206144667703565,0.020490721580465387,-0.005727598353157504,-0.0011481631107591594,true,true,supported,supported
25,32,4,0.0032079403028311138,-0.022374078371104722,-0.008586642042826997,-0.0017232710691525988,true,true,supported,supported
25,32,5,-0.03788906440028472,0.0074245301700335276,-0.01144251922178463,-0.0022990596478537073,true,true,supported,supported
25,32,6,0.07712599621075289,0.043671677073169435,-0.014295232358622956,-0.0028755300241831705,true,true,supported,supported
25,32,7,-0.011399543715663207,-0.01459138639481039,-0.017144780418153927,-0.00345272346108616,true,true,supported,supported
25,32,8,0.11703898540384161,0.06366726887517882,-0.019991169663249653,-0.004030593673255312,true,true,supported,supported
25,32,9,0.0014222770464646928,0.010830877451136756,-0.022834405935228896,-0.004609178441481565,true,true,supported,supported
25,32,10,-0.0020691838805549922,0.009326736224416043,-0.025674479936079075,-0.005188451246219361,true,true,supported,supported
25,32,11,-0.07026860840126192,-0.03982891107710951,-0.0285113990229805,-0.005768449218922389,true,true,supported,supported
25,32,12,0.002930100405746483,0.03212803028043043,-0.03134516601585047,-0.006349160963455169,true,true,supported,supported
25,32,13,-0.0030496750381679982,0.08960881266403453,-0.03417601520363278,-0.006930613128595886,true,true,supported,supported
25,32,14,-0.01686586287999592,-0.003814681495214911,-0.037003634162659726,-0.007512768077172716,true,true,supported,supported
25,32,15,-0.0055363047012004785,0.002055349601815748,-0.03982806586113119,-0.008095634824816123,true,true,supported,supported
25,33,1,0.0,0.0,0.0,0.0,true,true,supported,supported
25,33,2,0.036064338143088515,0.024642271688218087,-0.0028653850287652105,-0.0005737431088805867,true,true,supported,supported
25,33,3,-0.05228986389441781,0.06112557546856778,-0.005727598353157504,-0.0011481631107591594,true,true,supported,supported
25,33,4,-0.0008636783158333383,0.01933007490069516,-0.008586642042826997,-0.0017232710691525988,true,true,supported,supported
25,33,5,-0.012624698909261323,0.06792577189198945,-0.01144251922178463,-0.0022990596478537073,true,true,supported,supported
25,33,6,0.012653887687501308,0.05886114374078133,-0.014295232358622956,-0.0028755300241831705,true,true,supported,supported
25,33,7,-0.04180443042458726,0.03235060759365316,-0.017144780418153927,-0.00345272346108616,true,true,supported,supported
25,33,8,-0.004327989059482951,0.06585258077159262,-0.019991169663249653,-0.004030593673255312,true,true,supported,supported
25,33,9,-0.0057173133427455,0.12071461563570374,-0.022834405935228896,-0.004609178441481565,true,true,supported,supported
25,33,10,-0.06369964068316203,0.01995250114486702,-0.025674479936079075,-0.005188451246219361,true,true,supported,supported
25,33,11,-0.029791922882783983,0.0935066057860705,-0.0285113990229805,-0.005768449218922389,true,true,supported,supported
25,33,12,-0.05021602240904166,0.06012058691971145,-0.03134516601585047,-0.006349160963455169,true,true,supported,supported
25,33,13,0.0021759417348701238,0.05069310738178445,-0.03417601520363278,-0.006930613128595886,true,true,supported,supported
25,33,14,-0.011971948555663303,0.07022709744429756,-0.037003634162659726,-0.007512768077172716,true,true,supported,supported
25,33,15,-0.0975852235720529,0.010144515671187349,-0.03982806586113119,-0.008095634824816123,true,true,supported,supported
25,34,1,0.0,0.0,0.0,0.0,true,true,supported,supported
25,34,2,0.0627062679540017,0.07834772618751673,-0.0028653850287652105,-0.0005737431088805867,true,true,supported,supported
25,34,3,-0.019878883246540857,-0.04085881606734454,-0.005727598353157504,-0.0011481631107591594,true,true,supported,supported
25,34,4,-0.004315538162530386,0.028084407088608376,-0.008586642042826997,-0.0017232710691525988,true,true,supported,supported
25,34,5,0.06841580574941053,-0.005181944487202328,-0.01144251922178463,-0.0022990596478537073,true,true,supported,supported
25,34,6,-0.029734776045140077,0.03448548776720428,-0.014295232358622956,-0.0028755300241831705,true,true,supported,supported
25,34,7,-0.055011020762283924,0.01843655125946264,-0.017144780418153927,-0.00345272346108616,true,true,supported,supported
25,34,8,0.06162730688806939,-0.011773871223809351,-0.019991169663249653,-0.004030593673255312,true,true,supported,supported
25,34,9,-0.033623662548055155,0.033823052623976,-0.022834405935228896,-0.004609178441481565,true,true,supported,supported
25,34,10,0.04839039915544563,0.044126065223680344,-0.025674479936079075,-0.005188451246219361,true,true,supported,supported
25,34,11,-0.03145239879427142,0.04088438584667076,-0.0285113990229805,-0.005768449218922389,true,true,supported,supported
25,34,12,0.0029516518713060824,0.06253509937345036,-0.03134516601585047,-0.006349160963455169,true,true,supported,supported
25,34,13,0.03277173876664141,0.05486186197875664,-0.03417601520363278,-0.006930613128595886,true,true,supported,supported
25,34,14,-0.02390894866625415,0.012689184034635925,-0.037003634162659726,-0.007512768077172716,true,true,supported,supported
25,34,15,-0.051337108860085356,0.03550638886933255,-0.03982806586113119,-0.008095634824816123,true,true,supported,supported
25,35,1,0.0,0.0,0.0,0.0,true,true,supported,supported
25,35,2,0.07565773950042243,0.09117242490242772,-0.0028653850287652105,-0.0005737431088805867,true,true,supported,supported
25,35,3,0.0651293446314084,0.04002737016463487,-0.005727598353157504,-0.0011481631107591594,true,true,supported,supported
25,35,4,0.025574247025592634,0.06327731682730642,-0.008586642042826997,-0.0017232710691525988,true,true,supported,supported
25,35,5,0.01631687980547536,0.05547658134933953,-0.01144251922178463,-0.0022990596478537073,true,true,supported,supported
25,35,6,0.05748281892742835,0.08406658429508118,-0.014295232358622956,-0.0028755300241831705,true,true,supported,supported
25,35,7,0.015096227332495493,0.05717772092052631,-0.017144780418153927,-0.00345272346108616,true,true,supported,supported
25,35,8,-0.006741855310869904,0.053221600885064224,-0.019991169663249653,-0.004030593673255312,true,true,supported,supported
25,35,9,0.05738706672722227,0.11767144581866074,-0.022834405935228896,-0.004609178441481565,true,true,supported,supported
25,35,10,0.05570248749056106,0.10129024754904736,-0.025674479936079075,-0.005188451246219361,true,true,supported,supported
25,35,11,0.0210298124518139,0.11654534333999655,-0.0285113990229805,-0.005768449218922389,true,true,supported,supported
25,35,12,0.1431042244843027,0.10763391259289334,-0.03134516601585047,-0.006349160963455169,true,true,supported,supported
25,35,13,0.06686012355727489,0.1059034647485877,-0.03417601520363278,-0.006930613128595886,true,true,supported,supported
25,35,14,0.031630710951981,0.14357886635512362,-0.037003634162659726,-0.007512768077172716,true,true,supported,supported
25,35,15,0.02072438637636287,0.0818162165245453,-0.03982806586113119,-0.008095634824816123,true,true,supported,supported
25,36,1,0.0,0.0,0.0,0.0,true,true,supported,supported
25,36,2,0.10488542330349993,0.06281438219054203,-0.0028653850287652105,-0.0005737431088805867,true,true,supported,supported
25,36,3,0.014459385475140363,0.05233082730109917,-0.005727598353157504,-0.0011481631107591594,true,true,supported,supported
25,36,4,0.05262765594875518,0.04771731586920147,-0.008586642042826997,-0.0017232710691525988,true,true,supported,supported
25,36,5,-0.03874074706331143,0.06417165080268883,-0.01144251922178463,-0.0022990596478537073,true,true,supported,supported
25,36,6,0.034623188027045226,0.021971909716004934,-0.014295232358622956,-0.0028755300241831705,true,true,supported,supported
25,36,7,0.004800502275092433,0.02410102451902696,-0.017144780418153927,-0.00345272346108616,true,true,supported,supported
25,36,8,0.03397832714440807,0.015960180633775023,-0.019991169663249653,-0.004030593673255312,true,true,supported,supported
25,36,9,0.04560082979262936,0.02796512885298985,-0.022834405935228896,-0.004609178441481565,true,true,supported,supported
25,36,10,0.021068253598484743,0.10457523498279886,-0.025674479936079075,-0.005188451246219361,true,true,supported,supported
25,36,11,0.025124505038812472,0.05028419013769114,-0.0285113990229805,-0.005768449218922389,true,true,supported,supported
25,36,12,0.028867272362327556,0.027444642705721334,-0.03134516601585047,-0.006349160963455169,true,true,supported,supported
25,36,13,-0.012188466891520089,-0.07655094055446254,-0.03417601520363278,-0.006930613128595886,true,true,supported,supported
25,36,14,0.09196476390823949,0.10124147755238022,-0.037003634162659726,-0.007512768077172716,true,true,supported,supported
25,36,15,-0.06399674573038527,-0.012649101545050834,-0.03982806586113119,-0.008095634824816123,true,true,supported,supported
25,37,1,0.0,0.0,0.0,0.0,true,true,supported,supported
25,37,2,-0.0002762990923634856,-0.05540921800783005,-0.0028653850287652105,-0.0005737431088805867,true,true,supported,supported
25,37,3,0.022432695821286375,0.0033515027709642986,-0.005727598353157504,-0.0011481631107591594,true,true,supported,supported
25,37,4,-0.012036032501949068,0.05203118428666964,-0.008586642042826997,-0.0017232710691525988,true,true,supported,supported
25,37,5,-0.049047747506417716,0.011840167005989555,-0.01144251922178463,-0.0022990596478537073,true,true,supported,supported
25,37,6,-0.03173608389271365,-0.10201586751969927,-0.014295232358622956,-0.0028755300241831705,true,true,supported,supported
25,37,7,-0.09413166103813919,-0.07926293043486576,-0.017144780418153927,-0.00345272346108616,true,true,supported,supported
25,37,8,-0.03130234634747764,-0.016892908238715698,-0.019991169663249653,-0.004030593673255312,true,true,supported,supported
25,37,9,-0.07707236006369977,-0.07663244319339224,-0.022834405935228896,-0.004609178441481565,true,true,supported,supported
25,37,10,-0.02367802122738516,-0.013235327085486581,-0.025674479936079075,-0.005188451246219361,true,true,supported,supported
25,37,11,-0.05468005329211223,-0.07458537395301856,-0.0285113990229805,-0.005768449218922389,true,true,supported,supported
25,37,12,0.007853605227291727,-0.013455483580874672,-0.03134516601585047,-0.006349160963455169,true,true,supported,supported
25,37,13,0.019294872847502642,-0.05777730061055153,-0.03417601520363278,-0.006930613128595886,true,true,supported,supported
25,37,14,-0.06274832202959835,-0.09675328667696115,-0.037003634162659726,-0.007512768077172716,true,true,supported,supported
25,37,15,0.00416649594665186,-0.06433798242924482,-0.03982806586113119,-0.008095634824816123,true,true,supported,supported
25,38,1,0.0,0.0,0.0,0.0,true,true,supported,supported
25,38,2,0.03237257066718202,0.0180621318470775,-0.0028653850287652105,-0.0005737431088805867,true,true,supported,supported
25,38,3,0.04008782802246802,0.019939791256374684,-0.005727598353157504,-0.0011481631107591594,true,true,supported,supported
25,38,4,0.020774088176527927,0.056280163142692685,-0.008586642042826997,-0.0017232710691525988,true,true,supported,supported
25,38,5,0.06705958289263825,0.031642379560606115,-0.01144251922178463,-0.0022990596478537073,true,true,supported,supported
25,38,6,0.04681410479940917,0.05712028708409689,-0.014295232358622956,-0.0028755300241831705,true,true,supported,supported
25,38,7,0.04335483266228812,0.022006222205605552,-0.017144780418153927,-0.00345272346108616,true,true,supported,supported
25,38,8,0.020291941231723398,-0.010337593465096884,-0.019991169663249653,-0.004030593673255312,true,true,supported,supported
25,38,9,-0.02585536163167701,-0.005605019241680775,-0.022834405935228896,-0.004609178441481565,true,true,supported,supported
25,38,10,0.034433131794091354,0.023844660889677294,-0.025674479936079075,-0.005188451246219361,true,true,supported,supported
25,38,11,-0.034331664686114705,-0.023066328351353582,-0.0285113990229805,-0.005768449218922389,true,true,supported,supported
25,38,12,0.044780402743973435,0.024699368047787273,-0.03134516601585047,-0.006349160963455169,true,true,supported,supported
25,38,13,0.0462515152386449,0.0823052122383433,-0.03417601520363278,-0.006930613128595886,true,true,supported,supported
25,38,14,0.05858754717611858,0.04257735019086428,-0.037003634162659726,-0.007512768077172716,true,true,supported,supported
25,38,15,0.04362736891667873,0.025155756380313088,-0.03982806586113119,-0.008095634824816123,true,true,supported,supported
25,39,1,0.0,0.0,0.0,0.0,true,true,supported,supported
25,39,2,-0.11151223040274505,-0.03636917595554745,-0.0028653850287652105,-0.0005737431088805867,true,true,supported,supported
25,39,3,-0.08016841586355028,-0.05912124075643066,-0.005727598353157504,-0.0011481631107591594,true,true,supported,supported
25,39,4,-0.04810145724393311,0.008652177756688806,-0.008586642042826997,-0.0017232710691525988,true,true,supported,supported
25,39,5,-0.07230203566016791,0.025684956884071353,-0.01144251922178463,-0.0022990596478537073,true,true,supported,supported
25,39,6,-0.044392765318542526,-0.0034200351551918473,-0.014295232358622956,-0.0028755300241831705,true,true,supported,supported
25,39,7,-0.1438618226174765,0.00014173431222674893,-0.017144780418153927,-0.00345272346108616,true,true,supported,supported
25,39,8,-0.112346090228019,-0.02184001959841375,-0.019991169663249653,-0.004030593673255312,true,true,supported,supported
25,39,9,-0.0988465704940833,0.012309434825188204,-0.022834405935228896,-0.004609178441481565,true,true,supported,supported
25,39,10,-0.034018911142464026,-0.007946439533080829,-0.025674479936079075,-0.005188451246219361,true,true,supported,supported
25,39,11,-0.11291676833457343,-0.00989594500193225,-0.0285113990229805,-0.005768449218922389,true,true,supported,supported
25,39,12,-0.09859933477971383,-0.05779306031356046,-0.03134516601585047,-0.006349160963455169,true,true,supported,supported
25,39,13,-0.13185336067988185,-0.0020353080488759723,-0.03417601520363278,-0.006930613128595886,true,true,supported,supported
25,39,14,-0.09292479823065625,-0.07264729334325537,-0.037003634162659726,-0.007512768077172716,true,true,supported,supported
25,39,15,-0.08664121273872805,-0.05269044835948633,-0.03982806586113119,-0.008095634824816123,true,true,supported,supported
25,40,1,0.0,0.0,0.0,0.0,true,true,supported,supported
25,40,2,0.044288356028015174,0.0670207153047695,-0.0028653850287652105,-0.0005737431088805867,true,true,supported,supported
25,40,3,-0.022565302458999237,-0.03364702884669357,-0.005727598353157504,-0.0011481631107591594,true,true,supported,supported
25,40,4,-0.024072196765959175,-0.04652379014619068,-0.008586642042826997,-0.0017232710691525988,true,true,supported,supported
25,40,5,0.01528093917531792,0.019265247095353377,-0.01144251922178463,-0.0022990596478537073,true,true,supported,supported
25,40,6,-0.02066020577785188,0.022596504145193208,-0.014295232358622956,-0.0028755300241831705,true,true,supported,supported
25,40,7,-0.011826649474094952,-0.033244900821757795,-0.017144780418153927,-0.00345272346108616,true,true,supported,supported
25,40,8,-0.03949888437854432,-0.06576244300339606,-0.019991169663249653,-0.004030593673255312,true,true,supported,supported
25,40,9,-0.04213535411367286,-0.03591636804320941,-0.022834405935228896,-0.004609178441481565,true,true,supported,supported
25,40,10,-0.07017826279695272,-0.0746739279974612,-0.025674479936079075,-0.005188451246219361,true,true,supported,supported
25,40,11,0.020670863755736013,-0.02573580461815206,-0.0285113990229805,-0.005768449218922389,true,true,supported,supported
25,40,12,-0.027230220079505596,-0.012181580074419163,-0.03134516601585047,-0.006349160963455169,true,true,supported,supported
25,40,13,-0.0411443142005371,-0.09256603060821689,-0.03417601520363278,-0.006930613128595886,true,true,supported,supported
25,40,14,-0.08429541112801364,-0.04374911132293502,-0.037003634162659726,-0.007512768077172716,true,true,supported,supported
25,40,15,-0.042439782105385904,-0.0021910924894152917,-0.03982806586113119,-0.008095634824816123,true,true,supported,supported
25,41,1,0.0,0.0,0.0,0.0,true,true,supported,supported
25,41,2,-0.07291635243732542,-0.03411988344080097,-0.0028653850287652105,-0.0005737431088805867,true,true,supported,supported
25,41,3,0.007943870987798807,0.0025045673397273704,-0.005727598353157504,-0.0011481631107591594,true,true,supported,supported
25,41,4,-0.01193489660327951,0.022762100626988024,-0.008586642042826997,-0.0017232710691525988,true,true,supported,supported
25,41,5,-0.05463249562127437,0.033841293820696894,-0.01144251922178463,-0.0022990596478537073,true,true,supported,supported
25,41,6,-0.004549762859267892,0.04136079424987016,-0.014295232358622956,-0.0028755300241831705,true,true,supported,supported
25,41,7,-0.026294598619844733,-0.0102150175772443,-0.017144780418153927,-0.00345272346108616,true,true,supported,supported
25,41,8,-0.040490621334464794,0.03614881244530577,-0.019991169663249653,-0.004030593673255312,true,true,supported,supported
25,41,9,-0.015976959824586467,0.019278965486352106,-0.022834405935228896,-0.004609178441481565,true,true,supported,supported
25,41,10,-0.08484163311739035,-0.007020817170132698,-0.025674479936079075,-0.005188451246219361,true,true,supported,supported
25,41,11,-0.06944594773076973,-0.003052450866935952,-0.0285113990229805,-0.005768449218922389,true,true,supported,supported
25,41,12,-0.06286870822287882,-0.015608843453467136,-0.03134516601585047,-0.006349160963455169,true,true,supported,supported
25,41,13,-0.050118414884282814,0.033729497092387595,-0.03417601520363278,-0.006930613128595886,true,true,supported,supported
25,41,14,-0.00729766236186391,0.09033625679123447,-0.037003634162659726,-0.007512768077172716,true,true,supported,supported
25,41,15,-0.10082736042836127,-0.02157434548800885,-0.03982806586113119,-0.008095634824816123,true,true,supported,supported
25,42,1,0.0,0.0,0.0,0.0,true,true,supported,supported
25,42,2,0.04099217368803254,0.053230292419332415,-0.0028653850287652105,-0.0005737431088805867,true,true,supported,supported
25,42,3,0.054892512415814054,0.09521733128908239,-0.005727598353157504,-0.0011481631107591594,true,true,supported,supported
25,42,4,0.06212808122991176,0.01069409282403333,-0.008586642042826997,-0.0017232710691525988,true,true,supported,supported
25,42,5,0.01627028701416866,0.05672021718509257,-0.01144251922178463,-0.0022990596478537073,true,true,supported,supported
25,42,6,0.12202403039742482,0.06545247026339851,-0.014295232358622956,-0.0028755300241831705,true,true,supported,supported
25,42,7,0.07763225147192265,0.07017969975159577,-0.017144780418153927,-0.00345272346108616,true,true,supported,supported
25,42,8,0.020781184123312757,0.05148706990744123,-0.019991169663249653,-0.004030593673255312,true,true,supported,supported
25,42,9,0.01370805912474149,0.08043875727299243,-0.022834405935228896,-0.004609178441481565,true,true,supported,supported
25,42,10,0.06905564781085194,0.01677962307085734,-0.025674479936079075,-0.005188451246219361,true,true,supported,supported
25,42,11,0.0630199888013202,0.14242717042509045,-0.0285113990229805,-0.005768449218922389,true,true,supported,supported
25,42,12,0.053076007382813484,0.03615770718783673,-0.03134516601585047,-0.006349160963455169,true,true,supported,supported
25,42,13,0.0043751425611184835,0.06855163624005678,-0.03417601520363278,-0.006930613128595886,true,true,supported,supported
25,42,14,0.0031779655173959087,0.037765477635559375,-0.037003634162659726,-0.007512768077172716,true,true,supported,supported
25,42,15,-0.08743101330822056,0.06988983810723615,-0.03982806586113119,-0.008095634824816123,true,true,supported,supported
25,43,1,0.0,0.0,0.0,0.0,true,true,supported,supported
25,43,2,0.047501037404126256,0.05573716396880224,-0.0028653850287652105,-0.0005737431088805867,true,true,supported,supported
25,43,3,-0.05833102398013579,-0.08916551261812933,-0.005727598353157504,-0.0011481631107591594,true,true,supported,supported
25,43,4,-0.023003389258085427,-0.0890973564492259,-0.008586642042826997,-0.0017232710691525988,true,true,supported,supported
25,43,5,-0.05394592956745847,-0.027509741307452984,-0.01144251922178463,-0.0022990596478537073,true,true,supported,supported
25,43,6,-0.045388206239231565,-0.035902628585410046,-0.014295232358622956,-0.0028755300241831705,true,true,supported,supported
25,43,7,-0.08497329598493053,-0.11785098385498571,-0.017144780418153927,-0.00345272346108616,true,true,supported,supported
25,43,8,-0.02561739655731654,-0.05871169331054904,-0.019991169663249653,-0.004030593673255312,true,true,supported,supported
25,43,9,-0.008664130553921234,0.002381268594707109,-0.022834405935228896,-0.004609178441481565,true,true,supported,supported
25,43,10,-0.07589720190925275,-0.09239621971022272,-0.025674479936079075,-0.005188451246219361,true,true,supported,supported
25,43,11,-0.06910859259511604,-0.041680889325666826,-0.0285113990229805,-0.005768449218922389,true,true,supported,supported
25,43,12,-0.018839807573911793,-0.07082175797658996,-0.03134516601585047,-0.006349160963455169,true,true,supported,supported
25,43,13,-0.07416425312759567,-0.0516481295744835,-0.03417601520363278,-0.006930613128595886,true,true,supported,supported
25,43,14,-0.10866812357721656,-0.08360923004340215,-0.037003634162659726,-0.007512768077172716,true,true,supported,supported
25,43,15,-0.03121834200502749,-0.018387811290296874,-0.03982806586113119,-0.008095634824816123,true,true,supported,supported
25,44,1,0.0,0.0,0.0,0.0,true,true,supported,supported
25,44,2,-0.03362554053992994,0.006436946879544658,-0.0028653850287652105,-0.0005737431088805867,true,true,supported,supported
25,44,3,-0.04550620115494475,0.027170616375735923,-0.005727598353157504,-0.0011481631107591594,true,true,supported,supported
25,44,4,0.0579310839228363,-0.051646151932353335,-0.008586642042826997,-0.0017232710691525988,true,true,supported,supported
25,44,5,0.06150298096700413,0.047526664332026236,-0.01144251922178463,-0.0022990596478537073,true,true,supported,supported
25,44,6,0.07184508412623469,0.03882398192313441,-0.014295232358622956,-0.0028755300241831705,true,true,supported,supported
25,44,7,-0.04977349988374946,-0.035377674370576595,-0.017144780418153927,-0.00345272346108616,true,true,supported,supported
25,44,8,-0.03402294650718962,0.06168884678859876,-0.019991169663249653,-0.004030593673255312,true,true,supported,supported
25,44,9,-0.039650539346744784,-0.010881253055014195,-0.022834405935228896,-0.004609178441481565,true,true,supported,supported
25,44,10,-0.03521220683276893,-0.05652506850944916,-0.025674479936079075,-0.005188451246219361,true,true,supported,supported
25,44,11,-0.05685919739828438,-0.03592632911563742,-0.0285113990229805,-0.005768449218922389,true,true,supported,supported
25,44,12,0.01578843010848041,0.004656526843016318,-0.03134516601585047,-0.006349160963455169,true,true,supported,supported
25,44,13,-0.06745126389655687,-0.021656076808076463,-0.03417601520363278,-0.006930613128595886,true,true,supported,supported
25,44,14,0.02131811021104124,0.004261544734422085,-0.037003634162659726,-0.007512768077172716,true,true,supported,supported
25,44,15,-0.07057647078495322,-0.021603933063608527,-0.03982806586113119,-0.008095634824816123,true,true,supported,supported
25,45,1,0.0,0.0,0.0,0.0,true,true,supported,supported
25,45,2,0.005448222346772003,0.04761808038154325,-0.0028653850287652105,-0.0005737431088805867,true,true,supported,supported
25,45,3,-0.021401761418925802,-0.0507887757553126,-0.005727598353157504,-0.0011481631107591594,true,true,supported,supported
25,45,4,0.009565094353203074,0.05050142918959921,-0.008586642042826997,-0.0017232710691525988,true,true,supported,supported
25,45,5,0.026472038711018442,-0.000745936659120372,-0.01144251922178463,-0.0022990596478537073,true,true,supported,supported
25,45,6,-0.1318918248378529,-0.015444868740754125,-0.014295232358622956,-0.0028755300241831705,true,true,supported,supported
25,45,7,-0.062133284081889784,-0.048841830483400406,-0.017144780418153927,-0.00345272346108616,true,true,supported,supported
25,45,8,0.015925281448003092,-0.015949360454454387,-0.019991169663249653,-0.004030593673255312,true,true,supported,supported
25,45,9,-0.048732459614705514,0.02132644032454556,-0.022834405935228896,-0.004609178441481565,true,true,supported,supported
25,45,10,0.035244280961782115,0.09304166522371149,-0.025674479936079075,-0.005188451246219361,true,true,supported,supported
25,45,11,-0.014559067621967903,0.05088476132340036,-0.0285113990229805,-0.005768449218922389,true,true,supported,supported
25,45,12,-0.0615470475913481,-0.0412281945482742,-0.03134516601585047,-0.006349160963455169,true,true,supported,supported
25,45,13,-0.0662661228249799,0.032394180648485205,-0.03417601520363278,-0.006930613128595886,true,true,supported,supported
25,45,14,-0.026868409555960593,0.02055025687244838,-0.037003634162659726,-0.007512768077172716,true,true,supported,supported
25,45,15,-0.026612847518632354,0.017332634614680154,-0.03982806586113119,-0.008095634824816123,true,true,supported,supported
25,46,1,0.0,0.0,0.0,0.0,true,true,supported,supported
25,46,2,-0.1426691669194029,-0.08853948083162055,-0.0028653850287652105,-0.0005737431088805867,true,true,supported,supported
25,46,3,-0.1206946963793335,-0.08321265457182092,-0.005727598353157504,-0.0011481631107591594,true,true,supported,supported
25,46,4,-0.18861274761726843,-0.029354884920411495,-0.008586642042826997,-0.0017232710691525988,true,true,supported,supported
25,46,5,-0.1157459698956601,-0.04855385173163973,-0.01144251922178463,-0.0022990596478537073,true,true,supported,supported
25,46,6,-0.14461522399742233,-0.05238616745613067,-0.014295232358622956,-0.0028755300241831705,true,true,supported,supported
25,46,7,-0.15922079389340527,-0.04241767759250359,-0.017144780418153927,-0.00345272346108616,true,true,supported,supported
25,46,8,-0.15522565551287482,-0.06668763801267541,-0.019991169663249653,-0.004030593673255312,true,true,supported,supported
25,46,9,-0.1545099386011588,-0.002204941012241113,-0.022834405935228896,-0.004609178441481565,true,true,supported,supported
25,46,10,-0.04873541096838685,0.08197913827092806,-0.025674479936079075,-0.005188451246219361,true,true,supported,supported
25,46,11,-0.1491395478233899,-0.0030420684671392806,-0.0285113990229805,-0.005768449218922389,true,true,supported,supported
25,46,12,-0.13032041492517377,-0.029728511315960215,-0.03134516601585047,-0.006349160963455169,true,true,supported,supported
25,46,13,-0.19300917080126911,-0.09491923760563159,-0.03417601520363278,-0.006930613128595886,true,true,supported,supported
25,46,14,-0.14733546957933208,-0.05961033426650075,-0.037003634162659726,-0.007512768077172716,true,true,supported,supported
25,46,15,-0.03905927968231904,0.018642657336009005,-0.03982806586113119,-0.008095634824816123,true,true,supported,supported
25,47,1,0.0,0.0,0.0,0.0,true,true,supported,supported
25,47,2,0.050718940634416065,0.06889139764099628,-0.0028653850287652105,-0.0005737431088805867,true,true,supported,supported
25,47,3,-0.04614952136125339,0.02426811463986156,-0.005727598353157504,-0.0011481631107591594,true,true,supported,supported
25,47,4,-0.06673449559292688,0.005742035825593739,-0.008586642042826997,-0.0017232710691525988,true,true,supported,supported
25,47,5,-0.001715404531103415,-0.02301079082382984,-0.01144251922178463,-0.0022990596478537073,true,true,supported,supported
25,47,6,0.03647177716797889,0.07077253282927776,-0.014295232358622956,-0.0028755300241831705,true,true,supported,supported
25,47,7,-0.03675756251696283,-0.005022002615707177,-0.017144780418153927,-0.00345272346108616,true,true,supported,supported
25,47,8,-0.006775638638332304,-0.0022135069276455477,-0.019991169663249653,-0.004030593673255312,true,true,supported,supported
25,47,9,0.022105861151324735,0.02094253676729607,-0.022834405935228896,-0.004609178441481565,true,true,supported,supported
25,47,10,-0.016978563620656417,0.04780630597578861,-0.025674479936079075,-0.005188451246219361,true,true,supported,supported
25,47,11,-0.009875007508071132,0.040329055090843835,-0.0285113990229805,-0.005768449218922389,true,true,supported,supported
25,47,12,-0.000905534299552313,0.00130638605686062,-0.03134516601585047,-0.006349160963455169,true,true,supported,supported
25,47,13,0.017218640962918363,0.06328019277152952,-0.03417601520363278,-0.006930613128595886,true,true,supported,supported
25,47,14,-0.022062709009709636,-0.031665719265358216,-0.037003634162659726,-0.007512768077172716,true,true,supported,supported
25,47,15,-0.050478253406926576,0.001097255432066624,-0.03982806586113119,-0.008095634824816123,true,true,supported,supported
25,48,1,0.0,0.0,0.0,0.0,true,true,supported,supported
25,48,2,0.02572139037035448,0.05249590555533068,-0.0028653850287652105,-0.0005737431088805867,true,true,supported,supported
25,48,3,0.09437360331002842,0.06549410762345098,-0.005727598353157504,-0.0011481631107591594,true,true,supported,supported
25,48,4,0.0329455371879257,-0.030291324930481478,-0.008586642042826997,-0.0017232710691525988,true,true,supported,supported
25,48,5,0.112521463540739,0.03272174199934552,-0.01144251922178463,-0.0022990596478537073,true,true,supported,supported
25,48,6,0.12279949078176844,0.03492584494714257,-0.014295232358622956,-0.0028755300241831705,true,true,supported,supported
25,48,7,-0.03494880077549889,-0.04066191070954772,-0.017144780418153927,-0.00345272346108616,true,true,supported,supported
25,48,8,0.15232615799903715,0.02967052370119805,-0.019991169663249653,-0.004030593673255312,true,true,supported,supported
25,48,9,0.014418271071453659,-0.017926869201918105,-0.022834405935228896,-0.004609178441481565,true,true,supported,supported
25,48,10,0.029177065134268987,0.04512643595633237,-0.025674479936079075,-0.005188451246219361,true,true,supported,supported
25,48,11,0.054156726596866434,0.026748818330011526,-0.0285113990229805,-0.005768449218922389,true,true,supported,supported
25,48,12,0.011877018920722349,-0.019587604834858552,-0.03134516601585047,-0.006349160963455169,true,true,supported,supported
25,48,13,0.03371857577881798,-0.023994232542891014,-0.03417601520363278,-0.006930613128595886,true,true,supported,supported
25,48,14,0.04664808512665608,0.09945511263571616,-0.037003634162659726,-0.007512768077172716,true,true,supported,supported
25,48,15,0.05250538014585637,-0.0017293174754898777,-0.03982806586113119,-0.008095634824816123,true,true,supported,supported
25,49,1,0.0,0.0,0.0,0.0,true,true,supported,supported
25,49,2,0.024151946991239126,-0.02896395380560124,-0.0028653850287652105,-0.0005737431088805867,true,true,supported,supported
25,49,3,0.01553485180018721,-0.02997465348228978,-0.005727598353157504,-0.0011481631107591594,true,true,supported,supported
25,49,4,-0.03399263707783351,-0.04795631538197209,-0.008586642042826997,-0.0017232710691525988,true,true,supported,supported
25,49,5,0.06958806728582256,-0.00894294591681688,-0.01144251922178463,-0.0022990596478537073,true,true,supported,supported
25,49,6,0.0022546675090848733,0.01900468672736544,-0.014295232358622956,-0.0028755300241831705,true,true,supported,supported
25,49,7,0.006655157133055645,0.022066558889384025,-0.017144780418153927,-0.00345272346108616,true,true,supported,supported
25,49,8,-0.09192991881666712,-0.06185297330659556,-0.019991169663249653,-0.004030593673255312,true,true,supported,supported
25,49,9,0.06707096696083592,0.03595370267640985,-0.022834405935228896,-0.004609178441481565,true,true,supported,supported
25,49,10,-0.07876280266642277,-0.0988322562424716,-0.025674479936079075,-0.005188451246219361,true,true,supported,supported
25,49,11,-0.0006512933672448984,-0.012386392527159451,-0.0285113990229805,-0.005768449218922389,true,true,supported,supported
25,49,12,-0.012103395598747513,-0.02545526872024939,-0.03134516601585047,-0.006349160963455169,true,true,supported,supported
25,49,13,-0.016730806387301622,-0.025250374681715093,-0.03417601520363278,-0.006930613128595886,true,true,supported,supported
25,49,14,-0.08474008276381528,-0.028994335528992665,-0.037003634162659726,-0.007512768077172716,true,true,supported,supported
25,49,15,-0.04334312061970658,-0.07995983775577464,-0.03982806586113119,-0.008095634824816123,true,true,supported,supported
25,50,1,0.0,0.0,0.0,0.0,true,true,supported,supported
25,50,2,0.06411936061232293,0.013024752517257432,-0.0028653850287652105,-0.0005737431088805867,true,true,supported,supported
25,50,3,0.06238093578644821,0.019873411447011824,-0.005727598353157504,-0.0011481631107591594,true,true,supported,supported
25,50,4,0.03903097471468864,-0.0126161581421399,-0.008586642042826997,-0.0017232710691525988,true,true,supported,supported
25,50,5,0.05396715247439743,0.02592027430891286,-0.01144251922178463,-0.0022990596478537073,true,true,supported,supported
25,50,6,-0.009562601823773331,0.02153825799676734,-0.014295232358622956,-0.0028755300241831705,true,true,supported,supported
25,50,7,-0.02926848271894611,-0.026272551453683013,-0.017144780418153927,-0.00345272346108616,true,true,supported,supported
25,50,8,-0.030068430238675337,0.045253095999524984,-0.019991169663249653,-0.004030593673255312,true,true,supported,supported
25,50,9,0.04505970723690367,7.610118535572585e-05,-0.022834405935228896,-0.004609178441481565,true,true,supported,supported
25,50,10,-0.025745067808961575,-0.007682239455818252,-0.025674479936079075,-0.005188451246219361,true,true,supported,supported
25,50,11,-0.07284697829758857,0.017380710314256698,-0.0285113990229805,-0.005768449218922389,true,true,supported,supported
25,50,12,0.030226520358729858,0.011768199902610799,-0.03134516601585047,-0.006349160963455169,true,true,supported,supported
25,50,13,-0.03096735189097255,0.022986140942564237,-0.03417601520363278,-0.006930613128595886,true,true,supported,supported
25,50,14,0.05795502291431509,0.04091221409082846,-0.037003634162659726,-0.007512768077172716,true,true,supported,supported
25,50,15,-0.01234602207427793,-0.03745505587622522,-0.03982806586113119,-0.008095634824816123,true,true,supported,supported
25,51,1,0.0,0.0,0.0,0.0,true,true,supported,supported
25,51,2,-0.07443000406494771,-0.141193646087454,-0.0028653850287652105,-0.0005737431088805867,true,true,supported,supported
25,51,3,-0.039269233155577066,-0.09751838333309593,-0.005727598353157504,-0.0011481631107591594,true,true,supported,supported
25,51,4,-0.10439598264535654,-0.12271050144488571,-0.008586642042826997,-0.0017232710691525988,true,true,supported,supported
25,51,5,-0.012192728770412664,-0.046780372983093566,-0.01144251922178463,-0.0022990596478537073,true,true,supported,supported
25,51,6,-0.1225390079123827,-0.07619927510772984,-0.014295232358622956,-0.0028755300241831705,true,true,supported,supported
25,51,7,-0.04037866758192932,-0.010797146776212019,-0.017144780418153927,-0.00345272346108616,true,true,supported,supported
25,51,8,-0.03180823112600939,-0.07396201022449178,-0.019991169663249653,-0.004030593673255312,true,true,supported,supported
25,51,9,-0.013140819371182388,-0.03512638822157843,-0.022834405935228896,-0.004609178441481565,true,true,supported,supported
25,51,10,-0.05162817661845742,-0.013561106007634827,-0.025674479936079075,-0.005188451246219361,true,true,supported,supported
25,51,11,1.2648561712902406e-05,-0.05592475705883626,-0.0285113990229805,-0.005768449218922389,true,true,supported,supported
25,51,12,-0.13392769427092366,-0.11642471560151568,-0.03134516601585047,-0.006349160963455169,true,true,supported,supported
25,51,13,-0.018010859541778057,-0.10253493317674611,-0.03417601520363278,-0.006930613128595886,true,true,supported,supported
25,51,14,-0.04818041822897656,-0.06963752716537441,-0.037003634162659726,-0.007512768077172716,true,true,supported,supported
25,51,15,-0.006058189106035616,-0.06002776753246308,-0.03982806586113119,-0.008095634824816123,true,true,supported,supported
25,52,1,0.0,0.0,0.0,0.0,true,true,supported,supported
25,52,2,-0.07455374835190742,0.006754001124852804,-0.0028653850287652105,-0.0005737431088805867,true,true,supported,supported
25,52,3,-0.013918742952385599,0.040949178216933446,-0.005727598353157504,-0.0011481631107591594,true,true,supported,supported
25,52,4,0.005108994195473393,0.04863910968035701,-0.008586642042826997,-0.0017232710691525988,true,true,supported,supported
25,52,5,0.00697333706442449,0.0008847884973929299,-0.01144251922178463,-0.0022990596478537073,true,true,supported,supported
25,52,6,-0.003733192327601609,0.03227226279233408,-0.014295232358622956,-0.0028755300241831705,true,true,supported,supported
25,52,7,-0.042331024126173955,0.00195442841370308,-0.017144780418153927,-0.00345272346108616,true,true,supported,supported
25,52,8,-0.06006403498737589,0.02088480066128484,-0.019991169663249653,-0.004030593673255312,true,true,supported,supported
25,52,9,-0.04158944809894882,0.01773618039772784,-0.022834405935228896,-0.004609178441481565,true,true,supported,supported
25,52,10,0.015861019859538805,0.05182675467498543,-0.025674479936079075,-0.005188451246219361,true,true,supported,supported
25,52,11,-0.05186198921608387,0.03612109789231999,-0.0285113990229805,-0.005768449218922389,true,true,supported,supported
25,52,12,-0.11437429010537858,-0.021399760386538347,-0.03134516601585047,-0.006349160963455169,true,true,supported,supported
25,52,13,0.041375502306474576,0.1224815431070031,-0.03417601520363278,-0.006930613128595886,true,true,supported,supported
25,52,14,-0.0742715334261912,0.013702428860777993,-0.037003634162659726,-0.007512768077172716,true,true,supported,supported
25,52,15,-0.12465597133642303,0.01412701121884341,-0.03982806586113119,-0.008095634824816123,true,true,supported,supported
25,53,1,0.0,0.0,0.0,0.0,true,true,supported,supported
25,53,2,-0.044983067639114305,-0.04013132087331073,-0.0028653850287652105,-0.0005737431088805867,true,true,supported,supported
25,53,3,-0.014893719142877848,0.012921539180925978,-0.005727598353157504,-0.0011481631107591594,true,true,supported,supported
25,53,4,0.02386806463824187,0.04969355835634526,-0.008586642042826997,-0.0017232710691525988,true,true,supported,supported
25,53,5,0.023383664420021155,-0.01472107836437353,-0.01144251922178463,-0.0022990596478537073,true,true,supported,supported
25,53,6,-0.034291525879092455,0.0355166376354531,-0.014295232358622956,-0.0028755300241831705,true,true,supported,supported
25,53,7,-0.015519996352792997,0.017552518007008522,-0.017144780418153927,-0.00345272346108616,true,true,supported,supported
25,53,8,-0.029069500719052233,0.007940013628986997,-0.019991169663249653,-0.004030593673255312,true,true,supported,supported
25,53,9,0.0020634705684667853,0.07816456973776009,-0.022834405935228896,-0.004609178441481565,true,true,supported,supported
25,53,10,-0.10197330654509862,-0.018520725366244717,-0.025674479936079075,-0.005188451246219361,true,true,supported,supported
25,53,11,0.008262473705618723,-0.016204558617336495,-0.0285113990229805,-0.005768449218922389,true,true,supported,supported
25,53,12,-0.018523750913504666,0.0571160285525939,-0.03134516601585047,-0.006349160963455169,true,true,supported,supported
25,53,13,-0.06456238528927438,0.03508618335850289,-0.03417601520363278,-0.006930613128595886,true,true,supported,supported
25,53,14,-0.030621767700024005,0.031068178323795048,-0.037003634162659726,-0.007512768077172716,true,true,supported,supported
25,53,15,-0.03694899465511714,0.02782384167418217,-0.03982806586113119,-0.008095634824816123,true,true,supported,supported
25,54,1,0.0,0.0,0.0,0.0,true,true,supported,supported
25,54,2,-0.011058078964101714,0.05519604937427902,-0.0028653850287652105,-0.0005737431088805867,true,true,supported,supported
25,54,3,-0.06218639101502166,0.02666445024080666,-0.005727598353157504,-0.0011481631107591594,true,true,supported,supported
25,54,4,0.06329710275579958,0.08580275874313015,-0.008586642042826997,-0.0017232710691525988,true,true,supported,supported
25,54,5,-0.1118912624939159,-0.002227774025198692,-0.01144251922178463,-0.0022990596478537073,true,true,supported,supported
25,54,6,-0.03080738917830539,0.04608628662124248,-0.014295232358622956,-0.0028755300241831705,true,true,supported,supported
25,54,7,-0.06136693735345966,0.05456460356786874,-0.017144780418153927,-0.00345272346108616,true,true,supported,supported
25,54,8,-0.04986087480413126,0.04076091175819774,-0.019991169663249653,-0.004030593673255312,true,true,supported,supported
25,54,9,-0.027865516860287265,0.07356500926112897,-0.022834405935228896,-0.004609178441481565,true,true,supported,supported
25,54,10,-0.02874150933226538,0.061825985075992684,-0.025674479936079075,-0.005188451246219361,true,true,supported,supported
25,54,11,-0.10199918069288483,0.06421268723334184,-0.0285113990229805,-0.005768449218922389,true,true,supported,supported
25,54,12,0.004104022251794959,0.031895399895820464,-0.03134516601585047,-0.006349160963455169,true,true,supported,supported
25,54,13,-0.11356614815592436,-0.013365001131289134,-0.03417601520363278,-0.006930613128595886,true,true,supported,supported
25,54,14,-0.10814651318167035,-0.014573662478333249,-0.037003634162659726,-0.007512768077172716,true,true,supported,supported
25,54,15,-0.098127352701185,0.06420794936353513,-0.03982806586113119,-0.008095634824816123,true,true,supported,supported
25,55,1,0.0,0.0,0.0,0.0,true,true,supported,supported
25,55,2,-0.0035351523294695486,0.027588342738130267,-0.0028653850287652105,-0.0005737431088805867,true,true,supported,supported
25,55,3,-0.004207609461526873,0.039526201411195894,-0.005727598353157504,-0.0011481631107591594,true,true,supported,supported
25,55,4,-0.1345236287743129,-0.008560104983095118,-0.008586642042826997,-0.0017232710691525988,true,true,supported,supported
25,55,5,-0.07319234039579259,0.0029242415988987025,-0.01144251922178463,-0.0022990596478537073,true,true,supported,supported
25,55,6,-0.0685466872219177,0.006591580730386348,-0.014295232358622956,-0.0028755300241831705,true,true,supported,supported
25,55,7,-0.06824076602465357,-0.017693601187415586,-0.017144780418153927,-0.00345272346108616,true,true,supported,supported
25,55,8,-0.05539110612223841,0.0019514369857358549,-0.019991169663249653,-0.004030593673255312,true,true,supported,supported
25,55,9,-0.08284779810726017,0.02426788016512993,-0.022834405935228896,-0.004609178441481565,true,true,supported,supported
25,55,10,-0.024265927320947345,0.007425046945079283,-0.025674479936079075,-0.005188451246219361,true,true,supported,supported
25,55,11,-0.09997409726902995,-0.034191159521089864,-0.0285113990229805,-0.005768449218922389,true,true,supported,supported
25,55,12,-0.0635450239205404,0.006609125160502827,-0.03134516601585047,-0.006349160963455169,true,true,supported,supported
25,55,13,-0.0037210723322635975,0.008406955398403637,-0.03417601520363278,-0.006930613128595886,true,true,supported,supported
25,55,14,-0.07896184924863936,0.010685474613420731,-0.037003634162659726,-0.007512768077172716,true,true,supported,supported
25,55,15,-0.08117967997964326,0.053855406514726756,-0.03982806586113119,-0.008095634824816123,true,true,supported,supported
25,56,1,0.0,0.0,0.0,0.0,true,true,supported,supported
25,56,2,0.03901649560067577,-0.014450474476555009,-0.0028653850287652105,-0.0005737431088805867,true,true,supported,supported
25,56,3,-0.01486830784875226,-0.09326949744460666,-0.005727598353157504,-0.0011481631107591594,true,true,supported,supported
25,56,4,0.02652464676763988,-0.05698123198701488,-0.008586642042826997,-0.0017232710691525988,true,true,supported,supported
25,56,5,0.05445123280104314,-0.027407866877502407,-0.01144251922178463,-0.0022990596478537073,true,true,supported,supported
25,56,6,-0.008164263010050576,0.009779710404104414,-0.014295232358622956,-0.0028755300241831705,true,true,supported,supported
25,56,7,-0.0008107723681125556,-0.05691712138676874,-0.017144780418153927,-0.00345272346108616,true,true,supported,supported
25,56,8,-0.034242583625264666,-0.0595441867557539,-0.019991169663249653,-0.004030593673255312,true,true,supported,supported
25,56,9,-0.023215934041886932,-0.016821950067899216,-0.022834405935228896,-0.004609178441481565,true,true,supported,supported
25,56,10,0.04563192495500479,-0.03998390515836958,-0.025674479936079075,-0.005188451246219361,true,true,supported,supported
25,56,11,-0.04294840960562318,-0.07935556226145168,-0.0285113990229805,-0.005768449218922389,true,true,supported,supported
25,56,12,-0.03786123867622326,-0.03493133430112172,-0.03134516601585047,-0.006349160963455169,true,true,supported,supported
25,56,13,0.01543038521704887,-0.04852957697929394,-0.03417601520363278,-0.006930613128595886,true,true,supported,supported
25,56,14,-0.0031194314908027376,0.03171493745589182,-0.037003634162659726,-0.007512768077172716,true,true,supported,supported
25,56,15,-0.048048661003075366,-0.042833623571312485,-0.03982806586113119,-0.008095634824816123,true,true,supported,supported
25,57,1,0.0,0.0,0.0,0.0,true,true,supported,supported
25,57,2,-0.05947426823232571,-0.0630671780528449,-0.0028653850287652105,-0.0005737431088805867,true,true,supported,supported
25,57,3,0.012993389675124867,-0.058307470852570376,-0.005727598353157504,-0.0011481631107591594,true,true,supported,supported
25,57,4,-0.01806821124168212,-0.031136467141695934,-0.008586642042826997,-0.0017232710691525988,true,true,supported,supported
25,57,5,-0.029248396823617906,-0.019655739913827075,-0.01144251922178463,-0.0022990596478537073,true,true,supported,supported
25,57,6,0.021828040168995422,0.030527498774176598,-0.014295232358622956,-0.0028755300241831705,true,true,supported,supported
25,57,7,-0.042042704053389834,-0.04734143840340954,-0.017144780418153927,-0.00345272346108616,true,true,supported,supported
25,57,8,-0.05190130401994608,-0.0062328719203770255,-0.019991169663249653,-0.004030593673255312,true,true,supported,supported
25,57,9,-0.08036689821261356,-0.02279001238966316,-0.022834405935228896,-0.004609178441481565,true,true,supported,supported
25,57,10,-0.08351742111462879,-0.059765097615312235,-0.025674479936079075,-0.005188451246219361,true,true,supported,supported
25,57,11,-0.044903268064232726,-0.05661848749039633,-0.0285113990229805,-0.005768449218922389,true,true,supported,supported
25,57,12,0.0015887916134200708,-0.017565854906076872,-0.03134516601585047,-0.006349160963455169,true,true,supported,supported
25,57,13,-0.07221609297102694,-0.02830700808272535,-0.03417601520363278,-0.006930613128595886,true,true,supported,supported
25,57,14,-0.06951026982807873,0.02661447251938953,-0.037003634162659726,-0.007512768077172716,true,true,supported,supported
25,57,15,-0.09126740966296298,-0.029725501878237193,-0.03982806586113119,-0.008095634824816123,true,true,supported,supported
25,58,1,0.0,0.0,0.0,0.0,true,true,supported,supported
25,58,2,-0.07565316252325427,0.013183101292923438,-0.0028653850287652105,-0.0005737431088805867,true,true,supported,supported
25,58,3,-0.020111316684962688,0.03519730269254617,-0.005727598353157504,-0.0011481631107591594,true,true,supported,supported
25,58,4,-0.02029307983722206,0.0014656352613697798,-0.008586642042826997,-0.0017232710691525988,true,true,supported,supported
25,58,5,-0.07475313243544879,-0.010265472631446282,-0.01144251922178463,-0.0022990596478537073,true,true,supported,supported
25,58,6,-0.05978738876815304,0.011877244010198185,-0.014295232358622956,-0.0028755300241831705,true,true,supported,supported
25,58,7,-0.08258258094348392,-0.0032700532554482686,-0.017144780418153927,-0.00345272346108616,true,true,supported,supported
25,58,8,-0.006143152500053484,0.04962567883628932,-0.019991169663249653,-0.004030593673255312,true,true,supported,supported
25,58,9,-0.024444574426402355,0.02068884041824892,-0.022834405935228896,-0.004609178441481565,true,true,supported,supported
25,58,10,0.002218705222744033,0.059639869900397824,-0.025674479936079075,-0.005188451246219361,true,true,supported,supported
25,58,11,-0.012246366361854832,0.017196871505258837,-0.0285113990229805,-0.005768449218922389,true,true,supported,supported
25,58,12,-0.11504858913208516,-0.015576590114046107,-0.03134516601585047,-0.006349160963455169,true,true,supported,supported
25,58,13,0.013722731211660122,0.015524383297269573,-0.03417601520363278,-0.006930613128595886,true,true,supported,supported
25,58,14,-0.0765440358128665,0.03263924874965107,-0.037003634162659726,-0.007512768077172716,true,true,supported,supported
25,58,15,-0.06787899532733521,0.05053995877887696,-0.03982806586113119,-0.008095634824816123,true,true,supported,supported
25,59,1,0.0,0.0,0.0,0.0,true,true,supported,supported
25,59,2,-0.0910818826000992,-0.06471834131802412,-0.0028653850287652105,-0.0005737431088805867,true,true,supported,supported
25,59,3,-0.015110258518270525,-0.0430260210194916,-0.005727598353157504,-0.0011481631107591594,true,true,supported,supported
25,59,4,-0.044042178732601855,0.08237563039801099,-0.008586642042826997,-0.0017232710691525988,true,true,supported,supported
25,59,5,-0.018187082399060084,0.03557039231707937,-0.01144251922178463,-0.0022990596478537073,true,true,supported,supported
25,59,6,-0.01360053680419826,-0.010201100621891612,-0.014295232358622956,-0.0028755300241831705,true,true,supported,supported
25,59,7,0.03833162602378848,-0.009806921861943985,-0.017144780418153927,-0.00345272346108616,true,true,supported,supported
25,59,8,-0.04536667099318792,-0.0006477867496923473,-0.019991169663249653,-0.004030593673255312,true,true,supported,supported
25,59,9,-0.034139003462044015,0.03135544810732105,-0.022834405935228896,-0.004609178441481565,true,true,supported,supported
25,59,10,-0.020181571774322893,0.009165827149472783,-0.025674479936079075,-0.005188451246219361,true,true,supported,supported
25,59,11,-0.04543156676735194,0.035285035782284035,-0.0285113990229805,-0.005768449218922389,true,true,supported,supported
25,59,12,-0.06991718161186677,-0.01376085168972685,-0.03134516601585047,-0.006349160963455169,true,true,supported,supported
25,59,13,-0.046060099558992595,-0.03976697315995148,-0.03417601520363278,-0.006930613128595886,true,true,supported,supported
25,59,14,-0.019699641087148834,0.03789659037798776,-0.037003634162659726,-0.007512768077172716,true,true,supported,supported
25,59,15,-0.10413990408605456,-0.07480783303070748,-0.03982806586113119,-0.008095634824816123,true,true,supported,supported
25,60,1,0.0,0.0,0.0,0.0,true,true,supported,supported
25,60,2,0.07339010939787749,0.04718161941355481,-0.0028653850287652105,-0.0005737431088805867,true,true,supported,supported
25,60,3,0.008768576962367547,-0.0412795110530122,-0.005727598353157504,-0.0011481631107591594,true,true,supported,supported
25,60,4,-0.00163560080349745,-0.00575731455144779,-0.008586642042826997,-0.0017232710691525988,true,true,supported,supported
25,60,5,0.03972922021665459,-0.015767552184432154,-0.01144251922178463,-0.0022990596478537073,true,true,supported,supported
25,60,6,0.017214550740504375,0.06277502205564534,-0.014295232358622956,-0.0028755300241831705,true,true,supported,supported
25,60,7,0.04058764556475647,0.07836323727310979,-0.017144780418153927,-0.00345272346108616,true,true,supported,supported
25,60,8,-0.027536284266595712,-0.00702419951464317,-0.019991169663249653,-0.004030593673255312,true,true,supported,supported
25,60,9,0.04210814511233041,0.037864025003436774,-0.022834405935228896,-0.004609178441481565,true,true,supported,supported
25,60,10,0.04803988934748937,0.058602210127738585,-0.025674479936079075,-0.005188451246219361,true,true,supported,supported
25,60,11,-0.01587729664807236,0.0008200534845139718,-0.0285113990229805,-0.005768449218922389,true,true,supported,supported
25,60,12,-0.07006405547730454,-0.06675419810435756,-0.03134516601585047,-0.006349160963455169,true,true,supported,supported
25,60,13,-0.03898157194789709,-0.046610784669596006,-0.03417601520363278,-0.006930613128595886,true,true,supported,supported
25,60,14,0.03105292552341976,0.05798515600754861,-0.037003634162659726,-0.007512768077172716,true,true,supported,supported
25,60,15,-0.058105166359648575,-0.027424015821867043,-0.03982806586113119,-0.008095634824816123,true,true,supported,supported
25,61,1,0.0,0.0,0.0,0.0,true,true,supported,supported
25,61,2,-0.06426722896849002,-0.04634737753589058,-0.0028653850287652105,-0.0005737431088805867,true,true,supported,supported
25,61,3,-0.009703139318480991,-0.019229114606030384,-0.005727598353157504,-0.0011481631107591594,true,true,supported,supported
25,61,4,-0.046459224860303405,-0.06248243028868283,-0.008586642042826997,-0.0017232710691525988,true,true,supported,supported
25,61,5,-0.1140337853823622,-0.12102677334517398,-0.01144251922178463,-0.0022990596478537073,true,true,supported,supported
25,61,6,-0.10328674244070424,-0.08542105276990808,-0.014295232358622956,-0.0028755300241831705,true,true,supported,supported
25,61,7,-0.04824374531032938,-0.07600605181887876,-0.017144780418153927,-0.00345272346108616,true,true,supported,supported
25,61,8,-0.08336966589099082,-0.0670271204063263,-0.019991169663249653,-0.004030593673255312,true,true,supported,supported
25,61,9,-0.09898331727411258,-0.03736923167560757,-0.022834405935228896,-0.004609178441481565,true,true,supported,supported
25,61,10,-0.05905169321189252,-0.01397043745470783,-0.025674479936079075,-0.005188451246219361,true,true,supported,supported
25,61,11,-0.06244890311381501,0.010631660296845258,-0.0285113990229805,-0.005768449218922389,true,true,supported,supported
25,61,12,-0.0903228793689752,-0.0495168556116512,-0.03134516601585047,-0.006349160963455169,true,true,supported,supported
25,61,13,-0.15675823755709462,-0.05583175487463388,-0.03417601520363278,-0.006930613128595886,true,true,supported,supported
25,61,14,-0.04034658884539111,-0.045957327607999865,-0.037003634162659726,-0.007512768077172716,true,true,supported,supported
25,61,15,-0.08179719109089545,-0.02713057925430129,-0.03982806586113119,-0.008095634824816123,true,true,supported,supported
25,62,1,0.0,0.0,0.0,0.0,true,true,supported,supported
25,62,2,0.06734451279168074,0.01429790342031878,-0.0028653850287652105,-0.0005737431088805867,true,true,supported,supported
25,62,3,0.00824862222809608,-0.028436270013651677,-0.005727598353157504,-0.0011481631107591594,true,true,supported,supported
25,62,4,0.009684259462085731,-0.008110816458029357,-0.008586642042826997,-0.0017232710691525988,true,true,supported,supported
25,62,5,0.04001250032640136,0.017277290667386147,-0.01144251922178463,-0.0022990596478537073,true,true,supported,supported
25,62,6,0.057508758310910624,0.04126405535711952,-0.014295232358622956,-0.0028755300241831705,true,true,supported,supported
25,62,7,-0.033180955437469795,-0.02097199978524933,-0.017144780418153927,-0.00345272346108616,true,true,supported,supported
25,62,8,-0.04144146893725398,1.0512132563311738e-05,-0.019991169663249653,-0.004030593673255312,true,true,supported,supported
25,62,9,0.029817686090237272,0.04094832089464884,-0.022834405935228896,-0.004609178441481565,true,true,supported,supported
25,62,10,-0.01773329859250483,0.03048312272667464,-0.025674479936079075,-0.005188451246219361,true,true,supported,supported
25,62,11,-0.0016297997086709426,-0.03393209453518642,-0.0285113990229805,-0.005768449218922389,true,true,supported,supported
25,62,12,0.008699188363505916,0.06207492318876073,-0.03134516601585047,-0.006349160963455169,true,true,supported,supported
25,62,13,-0.09333338616475062,-0.051054026147400844,-0.03417601520363278,-0.006930613128595886,true,true,supported,supported
25,62,14,0.006037627578651561,-0.015596137115541087,-0.037003634162659726,-0.007512768077172716,true,true,supported,supported
25,62,15,-0.10395729496088457,-0.04238164188167359,-0.03982806586113119,-0.008095634824816123,true,true,supported,supported
25,63,1,0.0,0.0,0.0,0.0,true,true,supported,supported
25,63,2,0.13055855579154096,0.10168192849106572,-0.0028653850287652105,-0.0005737431088805867,true,true,supported,supported
25,63,3,0.08198602581472136,0.06396019354107474,-0.005727598353157504,-0.0011481631107591594,true,true,supported,supported
25,63,4,0.050581555025522196,-0.031373123410774806,-0.008586642042826997,-0.0017232710691525988,true,true,supported,supported
25,63,5,-0.06152774675780848,-0.02517681154114404,-0.01144251922178463,-0.0022990596478537073,true,true,supported,supported
25,63,6,0.021748372948023675,0.021757747012336237,-0.014295232358622956,-0.0028755300241831705,true,true,supported,supported
25,63,7,-0.03138644999540907,-0.016688112062080318,-0.017144780418153927,-0.00345272346108616,true,true,supported,supported
25,63,8,0.027622102211051436,0.08302126914577213,-0.019991169663249653,-0.004030593673255312,true,true,supported,supported
25,63,9,-0.036848408301361824,0.019775204183772654,-0.022834405935228896,-0.004609178441481565,true,true,supported,supported
25,63,10,0.07304237669787761,0.07115409388381333,-0.025674479936079075,-0.005188451246219361,true,true,supported,supported
25,63,11,-0.029271562811022944,-0.032297069936014666,-0.0285113990229805,-0.005768449218922389,true,true,supported,supported
25,63,12,-0.024864276201040703,0.038858190499460044,-0.03134516601585047,-0.006349160963455169,true,true,supported,supported
25,63,13,-0.03686269132823761,-0.024077944574550036,-0.03417601520363278,-0.006930613128595886,true,true,supported,supported
25,63,14,0.019159775435972914,0.007126098457249097,-0.037003634162659726,-0.007512768077172716,true,true,supported,supported
25,63,15,-0.022037385827933686,0.0070674497061238295,-0.03982806586113119,-0.008095634824816123,true,true,supported,supported
100,0,1,0.0,0.0,0.0,0.0,true,true,supported,supported
100,0,2,0.043167445702594565,-0.0110087111345879,-0.01144251922178463,-0.0022990596478537073,true,true,supported,supported
100,0,3,0.05290273683698976,0.026326897413993966,-0.022834405935228896,-0.004609178441481565,true,true,supported,supported
100,0,4,0.001490406954381629,-0.013921683908778792,-0.03417601520363278,-0.006930613128595886,true,true,supported,supported
100,0,5,0.014197491603013424,0.02414361684956623,-0.04546743062120617,-0.009263535895236208,true,true,supported,supported
100,0,6,-0.014848298042806407,-0.02213711450037925,-0.056708336970759055,-0.011608053053717593,true,true,supported,supported
100,0,7,0.023302300124985353,0.0010150621433533402,-0.06789901947459309,-0.01396439853007514,true,true,supported,supported
100,0,8,-0.05903889988998057,-0.03422691358284302,-0.07904011104729458,-0.0163329104618839,true,true,supported,supported
100,0,9,-0.06847736049601638,-0.0009530540585752645,-0.09013118890064764,-0.018713661427476103,true,true,supported,supported
100,0,10,-0.03145310521434208,0.01852752939623359,-0.10117216454028588,-0.021106823250838902,true,true,supported,supported
100,0,11,-0.10970660000619326,-0.05028009432336933,-0.1121632868884026,-0.023512653366313363,true,true,supported,supported
100,0,12,-0.09426605731657178,-0.028320727056499462,-0.12310468700713728,-0.025931402512729185,true,true,supported,supported
100,0,13,-0.06180084075167058,0.0029103950863461625,-0.13399646036816137,-0.028363255966455614,true,true,supported,supported
100,0,14,-0.08490314728458837,-0.04066831358449663,-0.14483868152288548,-0.030808471984895003,true,true,supported,supported
100,0,15,-0.10091362698885986,-0.007475919281176524,-0.1556323224851307,-0.03326750608379536,true,true,supported,supported
100,1,1,0.0,0.0,0.0,0.0,true,true,supported,supported
100,1,2,-0.01114580570978796,0.0028539289994300443,-0.01144251922178463,-0.0022990596478537073,true,true,supported,supported
100,1,3,-0.028308862375495125,-0.004268768519986699,-0.022834405935228896,-0.004609178441481565,true,true,supported,supported
100,1,4,-0.04793328266579988,-0.015289745067471383,-0.03417601520363278,-0.006930613128595886,true,true,supported,supported
100,1,5,-0.03620337798992013,-0.016932879842814663,-0.04546743062120617,-0.009263535895236208,true,true,supported,supported
100,1,6,-0.04016737941941284,-0.00820286120867375,-0.056708336970759055,-0.011608053053717593,true,true,supported,supported
100,1,7,-0.07564449367758341,0.003270660300878747,-0.06789901947459309,-0.01396439853007514,true,true,supported,supported
100,1,8,-0.05703255741337343,-0.02597580225421403,-0.07904011104729458,-0.0163329104618839,true,true,supported,supported
100,1,9,-0.06988389343228008,-0.024755277071989434,-0.09013118890064764,-0.018713661427476103,true,true,supported,supported
100,1,10,-0.0755375277337359,-0.04353419013178961,-0.10117216454028588,-0.021106823250838902,true,true,supported,supported
100,1,11,-0.11117603657548791,-0.028160269926311488,-0.1121632868884026,-0.023512653366313363,true,true,supported,supported
100,1,12,-0.11533195231627935,-0.018548398318863013,-0.12310468700713728,-0.025931402512729185,true,true,supported,supported
100,1,13,-0.12618445092961572,-0.059026224911561065,-0.13399646036816137,-0.028363255966455614,true,true,supported,supported
100,1,14,-0.15862045572899797,-0.03493161011311474,-0.14483868152288548,-0.030808471984895003,true,true,supported,supported
100,1,15,-0.18451279034717016,-0.05255870415466646,-0.1556323224851307,-0.03326750608379536,true,true,supported,supported
100,2,1,0.0,0.0,0.0,0.0,true,true,supported,supported
100,2,2,0.022104575307513308,0.03464874605240442,-0.01144251922178463,-0.0022990596478537073,true,true,supported,supported
100,2,3,0.0031338305312761383,0.01925689729325042,-0.022834405935228896,-0.004609178441481565,true,true,supported,supported
100,2,4,-0.03961027617341761,-0.02345388476432919,-0.03417601520363278,-0.006930613128595886,true,true,supported,supported
100,2,5,-0.04093267107512644,0.0062623573709940095,-0.04546743062120617,-0.009263535895236208,true,true,supported,supported
100,2,6,-0.052802277261033814,0.01471450535107477,-0.056708336970759055,-0.011608053053717593,true,true,supported,supported
100,2,7,-0.09485546628637742,-0.007460577136733648,-0.06789901947459309,-0.01396439853007514,true,true,supported,supported
100,2,8,-0.061619768071552006,-0.0013064097849457834,-0.07904011104729458,-0.0163329104618839,true,true,supported,supported
100,2,9,-0.11871098928493573,-0.02697881690206072,-0.09013118890064764,-0.018713661427476103,true,true,supported,supported
100,2,10,-0.10314472887456172,0.008436689767473693,-0.10117216454028588,-0.021106823250838902,true,true,supported,supported
100,2,11,-0.10502929184641363,0.043730113754522404,-0.1121632868884026,-0.023512653366313363,true,true,supported,supported
100,2,12,-0.15071549113330984,-0.02810465476069668,-0.12310468700713728,-0.025931402512729185,true,true,supported,supported
100,2,13,-0.14885285640103263,-6.842620812874678e-05,-0.13399646036816137,-0.028363255966455614,true,true,supported,supported
100,2,14,-0.1615861113514001,-0.024442009554644928,-0.14483868152288548,-0.030808471984895003,true,true,supported,supported
100,2,15,-0.13318505692943583,-0.014089730408884837,-0.1556323224851307,-0.03326750608379536,true,true,supported,supported
100,3,1,0.0,0.0,0.0,0.0,true,true,supported,supported
100,3,2,-0.02724792901098172,-0.020123098258145067,-0.01144251922178463,-0.0022990596478537073,true,true,supported,supported
100,3,3,-0.03211090163717567,-0.006906939809203205,-0.022834405935228896,-0.004609178441481565,true,true,supported,supported
100,3,4,-0.059037969226446,0.011173144810886049,-0.03417601520363278,-0.006930613128595886,true,true,supported,supported
100,3,5,-0.07825995176319989,-0.037056705562724,-0.04546743062120617,-0.009263535895236208,true,true,supported,supported
100,3,6,-0.06637998220272079,-0.005422592267792847,-0.056708336970759055,-0.011608053053717593,true,true,supported,supported
100,3,7,-0.1145714299091789,0.006513274156909166,-0.06789901947459309,-0.01396439853007514,true,true,supported,supported
100,3,8,-0.10523578084020868,-0.04091416254396241,-0.07904011104729458,-0.0163329104618839,true,true,supported,supported
100,3,9,-0.10724500499813261,-0.020962057485850227,-0.09013118890064764,-0.018713661427476103,true,true,supported,supported
100,3,10,-0.1477029023774431,-0.023461945172728815,-0.10117216454028588,-0.021106823250838902,true,true,supported,supported
100,3,11,-0.161669327683018,-0.04090831070157919,-0.1121632868884026,-0.023512653366313363,true,true,supported,supported
100,3,12,-0.14583583706199443,-0.020242166285266094,-0.12310468700713728,-0.025931402512729185,true,true,supported,supported
100,3,13,-0.20842516770066155,-0.03240886412570643,-0.13399646036816137,-0.028363255966455614,true,true,supported,supported
100,3,14,-0.16194132295971364,-0.010244150001878172,-0.14483868152288548,-0.030808471984895003,true,true,supported,supported
100,3,15,-0.18229065021832935,-0.04459595856001841,-0.1556323224851307,-0.03326750608379536,true,true,supported,supported
100,4,1,0.0,0.0,0.0,0.0,true,true,supported,supported
100,4,2,-0.03620716748076336,-0.023481872498485767,-0.01144251922178463,-0.0022990596478537073,true,true,supported,supported
100,4,3,-0.04020866129744083,-0.013123231346124586,-0.022834405935228896,-0.004609178441481565,true,true,supported,supported
100,4,4,-0.00791808148942219,0.03235670344478914,-0.03417601520363278,-0.006930613128595886,true,true,supported,supported
100,4,5,-0.02517164037707642,-0.001443592533681759,-0.04546743062120617,-0.009263535895236208,true,true,supported,supported
100,4,6,-0.04401166779920129,0.01859518913703373,-0.056708336970759055,-0.011608053053717593,true,true,supported,supported
100,4,7,-0.06226016058534434,-0.02516691977959895,-0.06789901947459309,-0.01396439853007514,true,true,supported,supported
100,4,8,-0.0677224992804264,-0.003426455060237976,-0.07904011104729458,-0.0163329104618839,true,true,supported,supported
100,4,9,-0.09037869161043832,-0.006791832126169295,-0.09013118890064764,-0.018713661427476103,true,true,supported,supported
100,4,10,-0.10483437846817978,-0.0336835596639129,-0.10117216454028588,-0.021106823250838902,true,true,supported,supported
100,4,11,-0.07602738002687048,-0.0012920978587313003,-0.1121632868884026,-0.023512653366313363,true,true,supported,supported
100,4,12,-0.13700204136373073,-0.038396793142645325,-0.12310468700713728,-0.025931402512729185,true,true,supported,supported
100,4,13,-0.1570783109404349,-0.0015666799953556465,-0.13399646036816137,-0.028363255966455614,true,true,supported,supported
100,4,14,-0.17130601537798795,-0.05489158427134899,-0.14483868152288548,-0.030808471984895003,true,true,supported,supported
100,4,15,-0.13412510326247684,0.012169277166677706,-0.1556323224851307,-0.03326750608379536,true,true,supported,supported
100,5,1,0.0,0.0,0.0,0.0,true,true,supported,supported
100,5,2,-0.0726826567095048,-0.03265105803951218,-0.01144251922178463,-0.0022990596478537073,true,true,supported,supported
100,5,3,-0.0385950577940215,0.003016903331908183,-0.022834405935228896,-0.004609178441481565,true,true,supported,supported
100,5,4,-0.06543599517440635,-0.01567428742642485,-0.03417601520363278,-0.006930613128595886,true,true,supported,supported
100,5,5,-0.05043477153183218,-0.008614202712629693,-0.04546743062120617,-0.009263535895236208,true,true,supported,supported
100,5,6,-0.07033156357836201,-0.0177907928261285,-0.056708336970759055,-0.011608053053717593,true,true,supported,supported
100,5,7,-0.10834811115405818,-0.024660831925850557,-0.06789901947459309,-0.01396439853007514,true,true,supported,supported
100,5,8,-0.11014459961503376,-0.018226192719676848,-0.07904011104729458,-0.0163329104618839,true,true,supported,supported
100,5,9,-0.09845256330452279,-0.021189768460683767,-0.09013118890064764,-0.018713661427476103,true,true,supported,supported
100,5,10,-0.1408956089783795,-0.062489937339793133,-0.10117216454028588,-0.021106823250838902,true,true,supported,supported
100,5,11,-0.10968057039594348,0.009661882757095452,-0.1121632868884026,-0.023512653366313363,true,true,supported,supported
100,5,12,-0.11450435667975423,-0.01655925800117375,-0.12310468700713728,-0.025931402512729185,true,true,supported,supported
100,5,13,-0.1547033271097088,-0.004643169096708255,-0.13399646036816137,-0.028363255966455614,true,true,supported,supported
100,5,14,-0.15115286038369646,-0.042301495109877574,-0.14483868152288548,-0.030808471984895003,true,true,supported,supported
100,5,15,-0.15955494711856322,-0.014160235372816854,-0.1556323224851307,-0.03326750608379536,true,true,supported,supported
100,6,1,0.0,0.0,0.0,0.0,true,true,supported,supported
100,6,2,-0.013187095404967542,0.0065278255780977235,-0.01144251922178463,-0.0022990596478537073,true,true,supported,supported
100,6,3,-0.013871613193049859,-0.009899470924905951,-0.022834405935228896,-0.004609178441481565,true,true,supported,supported
100,6,4,-0.03725559061814754,-0.002984116604121123,-0.03417601520363278,-0.006930613128595886,true,true,supported,supported
100,6,5,-0.0738091411117422,-0.0006807711655952842,-0.04546743062120617,-0.009263535895236208,true,true,supported,supported
100,6,6,-0.02636024979159801,0.026215587494061943,-0.056708336970759055,-0.011608053053717593,true,true,supported,supported
100,6,7,-0.0547008669224035,0.013123657107502185,-0.06789901947459309,-0.01396439853007514,true,true,supported,supported
100,6,8,-0.04860266900303567,0.01660220689690739,-0.07904011104729458,-0.0163329104618839,true,true,supported,supported
100,6,9,-0.0810345619884505,0.010989847465258773,-0.09013118890064764,-0.018713661427476103,true,true,supported,supported
100,6,10,-0.07573735210647747,0.005916125912851511,-0.10117216454028588,-0.021106823250838902,true,true,supported,supported
100,6,11,-0.08597719692080164,0.012023063235347298,-0.1121632868884026,-0.023512653366313363,true,true,supported,supported
100,6,12,-0.12701057276879046,-0.0146677922726699,-0.12310468700713728,-0.025931402512729185,true,true,supported,supported
100,6,13,-0.09451695606885457,0.022917214769077265,-0.13399646036816137,-0.028363255966455614,true,true,supported,supported
100,6,14,-0.13335309748560886,-0.00012708659172222525,-0.14483868152288548,-0.030808471984895003,true,true,supported,supported
100,6,15,-0.1622213637108486,-0.0296432599286246,-0.1556323224851307,-0.03326750608379536,true,true,supported,supported
100,7,1,0.0,0.0,0.0,0.0,true,true,supported,supported
100,7,2,-0.036441193279032946,-0.04230873958752812,-0.01144251922178463,-0.0022990596478537073,true,true,supported,supported
100,7,3,-0.05720219769855028,-0.02244322181299152,-0.022834405935228896,-0.004609178441481565,true,true,supported,supported
100,7,4,-0.06685811052483048,-0.03688914276751554,-0.03417601520363278,-0.006930613128595886,true,true,supported,supported
100,7,5,-0.06735685607060526,-0.019683728809915313,-0.04546743062120617,-0.009263535895236208,true,true,supported,supported
100,7,6,-0.08169510584608097,-0.03271234460699801,-0.056708336970759055,-0.011608053053717593,true,true,supported,supported
100,7,7,-0.08502283200854399,-0.04315195984443421,-0.06789901947459309,-0.01396439853007514,true,true,supported,supported
100,7,8,-0.07541585867860834,-0.031334466656865234,-0.07904011104729458,-0.0163329104618839,true,true,supported,supported
100,7,9,-0.05748634549743936,0.007507076771732901,-0.09013118890064764,-0.018713661427476103,true,true,supported,supported
100,7,10,-0.1335132953235445,-0.03610775395259358,-0.10117216454028588,-0.021106823250838902,true,true,supported,supported
100,7,11,-0.16991598801469587,-0.04670363528596044,-0.1121632868884026,-0.023512653366313363,true,true,supported,supported
100,7,12,-0.1337161319775666,-0.028391311329982183,-0.12310468700713728,-0.025931402512729185,true,true,supported,supported
100,7,13,-0.11704699811068331,-0.03441680456780849,-0.13399646036816137,-0.028363255966455614,true,true,supported,supported
100,7,14,-0.1712997913359957,-0.03167175374990805,-0.14483868152288548,-0.030808471984895003,true,true,supported,supported
100,7,15,-0.1532974664797988,-0.030646994941382677,-0.1556323224851307,-0.03326750608379536,true,true,supported,supported
100,8,1,0.0,0.0,0.0,0.0,true,true,supported,supported
100,8,2,-0.015930672417938885,0.020899146853306072,-0.01144251922178463,-0.0022990596478537073,true,true,supported,supported
100,8,3,-0.02697207980816463,0.039455806373325686,-0.022834405935228896,-0.004609178441481565,true,true,supported,supported
100,8,4,-0.07252734386370885,0.04241238118473878,-0.03417601520363278,-0.006930613128595886,true,true,supported,supported
100,8,5,-0.05528253303206476,0.0008227835128464811,-0.04546743062120617,-0.009263535895236208,true,true,supported,supported
100,8,6,-0.06393396552117403,0.011721705909894742,-0.056708336970759055,-0.011608053053717593,true,true,supported,supported
100,8,7,-0.08861900937309963,0.017803601587959017,-0.06789901947459309,-0.01396439853007514,true,true,supported,supported
100,8,8,-0.09627567755837585,0.017610375012096946,-0.07904011104729458,-0.0163329104618839,true,true,supported,supported
100,8,9,-0.09336789682833202,0.017025522845538266,-0.09013118890064764,-0.018713661427476103,true,true,supported,supported
100,8,10,-0.07895562719029015,0.01643022552403528,-0.10117216454028588,-0.021106823250838902,true,true,supported,supported
100,8,11,-0.13349675424863472,0.006413664944865394,-0.1121632868884026,-0.023512653366313363,true,true,supported,supported
100,8,12,-0.1363221215314554,0.013140386792286796,-0.12310468700713728,-0.025931402512729185,true,true,supported,supported
100,8,13,-0.13354110337854463,0.032715122597188895,-0.13399646036816137,-0.028363255966455614,true,true,supported,supported
100,8,14,-0.16200986441262155,-0.011610697749679155,-0.14483868152288548,-0.030808471984895003,true,true,supported,supported
100,8,15,-0.15825712330747177,-0.0019631458516137235,-0.1556323224851307,-0.03326750608379536,true,true,supported,supported
100,9,1,0.0,0.0,0.0,0.0,true,true,supported,supported
100,9,2,-0.03052927953857032,-0.05400636920018731,-0.01144251922178463,-0.0022990596478537073,true,true,supported,supported
100,9,3,-0.03946980519459742,-0.008945403991990508,-0.022834405935228896,-0.004609178441481565,true,true,supported,supported
100,9,4,-0.07864017987752991,-0.06304130623754034,-0.03417601520363278,-0.006930613128595886,true,true,supported,supported
100,9,5,-0.045901957703397556,-0.024111718284600903,-0.04546743062120617,-0.009263535895236208,true,true,supported,supported
100,9,6,-0.05172095832139745,-0.06136294895685135,-0.056708336970759055,-0.011608053053717593,true,true,supported,supported
100,9,7,-0.07126368736450306,-0.0482415331760373,-0.06789901947459309,-0.01396439853007514,true,true,supported,supported
100,9,8,-0.13001976547162808,-0.05958868675744311,-0.07904011104729458,-0.0163329104618839,true,true,supported,supported
100,9,9,-0.12041555924600866,-0.055450722634084015,-0.09013118890064764,-0.018713661427476103,true,true,supported,supported
100,9,10,-0.10825404338661437,-0.04725530439216474,-0.10117216454028588,-0.021106823250838902,true,true,supported,supported
100,9,11,-0.12981386553837293,-0.028605840277771022,-0.1121632868884026,-0.023512653366313363,true,true,supported,supported
100,9,12,-0.11267811612853684,-0.037274016533361376,-0.12310468700713728,-0.025931402512729185,true,true,supported,supported
100,9,13,-0.14366016380436564,-0.016039424724996643,-0.13399646036816137,-0.028363255966455614,true,true,supported,supported
100,9,14,-0.20486165689510838,-0.05859617906277326,-0.14483868152288548,-0.030808471984895003,true,true,supported,supported
100,9,15,-0.1720325786086443,-0.06270678193591062,-0.1556323224851307,-0.03326750608379536,true,true,supported,supported
100,10,1,0.0,0.0,0.0,0.0,true,true,supported,supported
100,10,2,0.01182267842512541,-0.013787180758984219,-0.01144251922178463,-0.0022990596478537073,true,true,supported,supported
100,10,3,-0.015490292648956405,-0.04395248039856037,-0.022834405935228896,-0.004609178441481565,true,true,supported,supported
100,10,4,-0.03972325713728886,0.0062455299255431695,-0.03417601520363278,-0.006930613128595886,true,true,supported,supported
100,10,5,-0.01534361862448863,-0.015178574326828453,-0.04546743062120617,-0.009263535895236208,true,true,supported,supported
100,10,6,-0.04368654115220749,0.0010227081061467969,-0.056708336970759055,-0.011608053053717593,true,true,supported,supported
100,10,7,-0.07606563098189523,-0.008621382221416174,-0.06789901947459309,-0.01396439853007514,true,true,supported,supported
100,10,8,-0.0799996651520587,-0.025994158083074148,-0.07904011104729458,-0.0163329104618839,true,true,supported,supported
100,10,9,-0.0539664472702992,-0.019673520865737704,-0.09013118890064764,-0.018713661427476103,true,true,supported,supported
100,10,10,-0.05770318597378277,-0.01823944192213578,-0.10117216454028588,-0.021106823250838902,true,true,supported,supported
100,10,11,-0.123209429984806,-0.021918994038173434,-0.1121632868884026,-0.023512653366313363,true,true,supported,supported
100,10,12,-0.0878357745313616,-0.015384440726024073,-0.12310468700713728,-0.025931402512729185,true,true,supported,supported
100,10,13,-0.12047885882416565,-0.02524824615587451,-0.13399646036816137,-0.028363255966455614,true,true,supported,supported
100,10,14,-0.1081187687609152,0.0010932438677712097,-0.14483868152288548,-0.030808471984895003,true,true,supported,supported
100,10,15,-0.12148135021389994,-0.020918883977943503,-0.1556323224851307,-0.03326750608379536,true,true,supported,supported
100,11,1,0.0,0.0,0.0,0.0,true,true,supported,supported
100,11,2,0.007150442002405,0.0668279567447575,-0.01144251922178463,-0.0022990596478537073,true,true,supported,supported
100,11,3,-0.04254563954579604,-0.002878812257667951,-0.022834405935228896,-0.004609178441481565,true,true,supported,supported
100,11,4,-0.019214277546759972,0.009433555761750312,-0.03417601520363278,-0.006930613128595886,true,true,supported,supported
100,11,5,-0.03728946981244541,0.016057394079230902,-0.04546743062120617,-0.009263535895236208,true,true,supported,supported
100,11,6,-0.06762511526968062,0.02271691757974914,-0.056708336970759055,-0.011608053053717593,true,true,supported,supported
100,11,7,-0.050919521462887474,0.008263736038661151,-0.06789901947459309,-0.01396439853007514,true,true,supported,supported
100,11,8,-0.055322982253958486,-0.034866942576789905,-0.07904011104729458,-0.0163329104618839,true,true,supported,supported
100,11,9,-0.07328816467429233,-0.027442715186688837,-0.09013118890064764,-0.018713661427476103,true,true,supported,supported
100,11,10,-0.10145308034683853,-0.026291772726371287,-0.10117216454028588,-0.021106823250838902,true,true,supported,supported
100,11,11,-0.1421818683665137,-0.039831536602962125,-0.1121632868884026,-0.023512653366313363,true,true,supported,supported
100,11,12,-0.12881533680579937,-0.03838199574759449,-0.12310468700713728,-0.025931402512729185,true,true,supported,supported
100,11,13,-0.11636403273391704,-0.01178569324972556,-0.13399646036816137,-0.028363255966455614,true,true,supported,supported
100,11,14,-0.17970361580725414,-0.0495318087264347,-0.14483868152288548,-0.030808471984895003,true,true,supported,supported
100,11,15,-0.17607406582546836,-0.055958907762857835,-0.1556323224851307,-0.03326750608379536,true,true,supported,supported
100,12,1,0.0,0.0,0.0,0.0,true,true,supported,supported
100,12,2,0.013796249808450955,0.029496323881023412,-0.01144251922178463,-0.0022990596478537073,true,true,supported,supported
100,12,3,-0.012023486298963548,0.01533418910463813,-0.022834405935228896,-0.004609178441481565,true,true,supported,supported
100,12,4,-0.03479255659482927,0.006367897970790626,-0.03417601520363278,-0.006930613128595886,true,true,supported,supported
100,12,5,-0.04221233524183188,0.009827600458850116,-0.04546743062120617,-0.009263535895236208,true,true,supported,supported
100,12,6,-0.08572490727786153,0.001975613670791243,-0.056708336970759055,-0.011608053053717593,true,true,supported,supported
100,12,7,-0.09278178548185356,-0.009303009514293636,-0.06789901947459309,-0.01396439853007514,true,true,supported,supported
100,12,8,-0.10468872863097778,-0.008476429935831975,-0.07904011104729458,-0.0163329104618839,true,true,supported,supported
100,12,9,-0.0764509449056412,-0.0009551627868519263,-0.09013118890064764,-0.018713661427476103,true,true,supported,supported
100,12,10,-0.12223174621405752,-0.02593462673307334,-0.10117216454028588,-0.021106823250838902,true,true,supported,supported
100,12,11,-0.10607649376449457,0.03030167040607712,-0.1121632868884026,-0.023512653366313363,true,true,supported,supported
100,12,12,-0.11154956251155879,-0.01361443536709439,-0.12310468700713728,-0.025931402512729185,true,true,supported,supported
100,12,13,-0.09766092868343967,0.048783529785320856,-0.13399646036816137,-0.028363255966455614,true,true,supported,supported
100,12,14,-0.12682969477131367,0.018443895432814994,-0.14483868152288548,-0.030808471984895003,true,true,supported,supported
100,12,15,-0.14967670529852806,-0.00019218003347143409,-0.1556323224851307,-0.03326750608379536,true,true,supported,supported
100,13,1,0.0,0.0,0.0,0.0,true,true,supported,supported
100,13,2,-0.002516926894810978,0.009381883896627863,-0.01144251922178463,-0.0022990596478537073,true,true,supported,supported
100,13,3,-0.009287506719678595,0.02757761922261015,-0.022834405935228896,-0.004609178441481565,true,true,supported,supported
100,13,4,-0.021915302198523112,0.02148092393617962,-0.03417601520363278,-0.006930613128595886,true,true,supported,supported
100,13,5,-0.013169240850226194,0.011483947612997314,-0.04546743062120617,-0.009263535895236208,true,true,supported,supported
100,13,6,-0.03910767026190032,0.021289947950076993,-0.056708336970759055,-0.011608053053717593,true,true,supported,supported
100,13,7,-0.0785178018987358,0.005720322582085546,-0.06789901947459309,-0.01396439853007514,true,true,supported,supported
100,13,8,-0.07383033908831604,-0.02090633144687659,-0.07904011104729458,-0.0163329104618839,true,true,supported,supported
100,13,9,-0.05524807803103571,-0.004585144297901134,-0.09013118890064764,-0.018713661427476103,true,true,supported,supported
100,13,10,-0.0723247165249894,0.05171495555591532,-0.10117216454028588,-0.021106823250838902,true,true,supported,supported
100,13,11,-0.09254130277673389,0.004493700018753377,-0.1121632868884026,-0.023512653366313363,true,true,supported,supported
100,13,12,-0.07877288669266591,0.005645333174083,-0.12310468700713728,-0.025931402512729185,true,true,supported,supported
100,13,13,-0.1460661341885694,-0.033066762238570746,-0.13399646036816137,-0.028363255966455614,true,true,supported,supported
100,13,14,-0.14198314656916455,0.0023609564464984745,-0.14483868152288548,-0.030808471984895003,true,true,supported,supported
100,13,15,-0.12370538162811318,0.003479746924073268,-0.1556323224851307,-0.03326750608379536,true,true,supported,supported
100,14,1,0.0,0.0,0.0,0.0,true,true,supported,supported
100,14,2,0.033760085346548285,0.005525372583047972,-0.01144251922178463,-0.0022990596478537073,true,true,supported,supported
100,14,3,-0.014855058314966363,-0.044587795456839885,-0.022834405935228896,-0.004609178441481565,true,true,supported,supported
100,14,4,-0.057106522386113134,-0.0286859687943527,-0.03417601520363278,-0.006930613128595886,true,true,supported,supported
100,14,5,-0.044828502152300054,-0.013112525115340112,-0.04546743062120617,-0.009263535895236208,true,true,supported,supported
100,14,6,-0.07124615217629138,-0.03258112950485681,-0.056708336970759055,-0.011608053053717593,true,true,supported,supported
100,14,7,-0.05926820492255325,-0.018170065282998693,-0.06789901947459309,-0.01396439853007514,true,true,supported,supported
100,14,8,-0.07452062909333512,-0.016703298627931518,-0.07904011104729458,-0.0163329104618839,true,true,supported,supported
100,14,9,-0.07542254357477463,-0.03209640242494538,-0.09013118890064764,-0.018713661427476103,true,true,supported,supported
100,14,10,-0.10754051754232197,-0.009000832638700107,-0.10117216454028588,-0.021106823250838902,true,true,supported,supported
100,14,11,-0.0559308310137816,-0.015843440995454205,-0.1121632868884026,-0.023512653366313363,true,true,supported,supported
100,14,12,-0.11158556879923154,-0.05670703023358925,-0.12310468700713728,-0.025931402512729185,true,true,supported,supported
100,14,13,-0.06898129458887681,0.00278055556320278,-0.13399646036816137,-0.028363255966455614,true,true,supported,supported
100,14,14,-0.12416312117202066,-0.028054085564331643,-0.14483868152288548,-0.030808471984895003,true,true,supported,supported
100,14,15,-0.16657529869038068,-0.0452461658645531,-0.1556323224851307,-0.03326750608379536,true,true,supported,supported
100,15,1,0.0,0.0,0.0,0.0,true,true,supported,supported
100,15,2,0.03574790834131558,0.00021870317584782306,-0.01144251922178463,-0.0022990596478537073,true,true,supported,supported
100,15,3,-0.049271601529140785,-0.017469033340277718,-0.022834405935228896,-0.004609178441481565,true,true,supported,supported
100,15,4,-0.047131550330075433,-0.03340178697631224,-0.03417601520363278,-0.006930613128595886,true,true,supported,supported
100,15,5,-0.047681928746462376,-0.03714940760034424,-0.04546743062120617,-0.009263535895236208,true,true,supported,supported
100,15,6,-0.03453537965922604,-0.03586702565792632,-0.056708336970759055,-0.011608053053717593,true,true,supported,supported
100,15,7,-0.10276000223858572,-0.06882606234552147,-0.06789901947459309,-0.01396439853007514,true,true,supported,supported
100,15,8,-0.1013411657490143,-0.013368684126377262,-0.07904011104729458,-0.0163329104618839,true,true,supported,supported
100,15,9,-0.08730598007647372,-0.033791633398672305,-0.09013118890064764,-0.018713661427476103,true,true,supported,supported
100,15,10,-0.08755260167861223,-0.052670669790689795,-0.10117216454028588,-0.021106823250838902,true,true,supported,supported
100,15,11,-0.14774873480859285,-0.048353190222971354,-0.1121632868884026,-0.023512653366313363,true,true,supported,supported
100,15,12,-0.12487379283471312,-0.02860069894439543,-0.12310468700713728,-0.025931402512729185,true,true,supported,supported
100,15,13,-0.15834927811699828,-0.05010429983311204,-0.13399646036816137,-0.028363255966455614,true,true,supported,supported
100,15,14,-0.11972019149673363,-0.027080106118892222,-0.14483868152288548,-0.030808471984895003,true,true,supported,supported
100,15,15,-0.1774573474843718,-0.05274290061178788,-0.1556323224851307,-0.03326750608379536,true,true,supported,supported
100,16,1,0.0,0.0,0.0,0.0,true,true,supported,supported
100,16,2,0.030450184844996064,-0.014514819120769906,-0.01144251922178463,-0.0022990596478537073,true,true,supported,supported
100,16,3,0.02345386433954244,0.011702946818700655,-0.022834405935228896,-0.004609178441481565,true,true,supported,supported
100,16,4,-0.0002440611090843703,-0.007715084349830925,-0.03417601520363278,-0.006930613128595886,true,true,supported,supported
100,16,5,-0.073205153685858,-0.010942697108742516,-0.04546743062120617,-0.009263535895236208,true,true,supported,supported
100,16,6,-0.03985139687170902,-0.01809869796219321,-0.056708336970759055,-0.011608053053717593,true,true,supported,supported
100,16,7,-0.08418347286089756,-0.07508078733524282,-0.06789901947459309,-0.01396439853007514,true,true,supported,supported
100,16,8,-0.05008674601436758,-0.016343832205654496,-0.07904011104729458,-0.0163329104618839,true,true,supported,supported
100,16,9,-0.08759075908332459,-0.020046621073929183,-0.09013118890064764,-0.018713661427476103,true,true,supported,supported
100,16,10,-0.10092331422377332,-0.045298481405561586,-0.10117216454028588,-0.021106823250838902,true,true,supported,supported
100,16,11,-0.08582010566766274,-0.015900107447493372,-0.1121632868884026,-0.023512653366313363,true,true,supported,supported
100,16,12,-0.1214559306079529,-0.024065947076690408,-0.12310468700713728,-0.025931402512729185,true,true,supported,supported
100,16,13,-0.0985300729571773,-0.03887493854053825,-0.13399646036816137,-0.028363255966455614,true,true,supported,supported
100,16,14,-0.1410910580732484,-0.0350960260137293,-0.14483868152288548,-0.030808471984895003,true,true,supported,supported
100,16,15,-0.14263841797296029,-0.06815010348448947,-0.1556323224851307,-0.03326750608379536,true,true,supported,supported
100,17,1,0.0,0.0,0.0,0.0,true,true,supported,supported
100,17,2,-0.019220608153247776,0.01749749229007791,-0.01144251922178463,-0.0022990596478537073,true,true,supported,supported
100,17,3,-0.0009080014489896149,0.052256259794986826,-0.022834405935228896,-0.004609178441481565,true,true,supported,supported
100,17,4,-0.03536002351565437,0.0015053524822564723,-0.03417601520363278,-0.006930613128595886,true,true,supported,supported
100,17,5,-0.08351996432520703,-0.014365646483265548,-0.04546743062120617,-0.009263535895236208,true,true,supported,supported
100,17,6,-0.08511597100603241,0.0019979655370112592,-0.056708336970759055,-0.011608053053717593,true,true,supported,supported
100,17,7,-0.06805463656233823,-0.01803247960380583,-0.06789901947459309,-0.01396439853007514,true,true,supported,supported
100,17,8,-0.07084795205747096,-0.018363922150080536,-0.07904011104729458,-0.0163329104618839,true,true,supported,supported
100,17,9,-0.09343420618992537,-0.016460364295094676,-0.09013118890064764,-0.018713661427476103,true,true,supported,supported
100,17,10,-0.12545965073549403,0.0055528354813094705,-0.10117216454028588,-0.021106823250838902,true,true,supported,supported
100,17,11,-0.0793940010775912,0.0174915833448982,-0.1121632868884026,-0.023512653366313363,true,true,supported,supported
100,17,12,-0.11140624138459787,0.01591894209446032,-0.12310468700713728,-0.025931402512729185,true,true,supported,supported
100,17,13,-0.09430108556849248,0.008971549537981294,-0.13399646036816137,-0.028363255966455614,true,true,supported,supported
100,17,14,-0.10133602706959166,-0.004070669552788897,-0.14483868152288548,-0.030808471984895003,true,true,supported,supported
100,17,15,-0.1683077836197946,-0.015167535558480938,-0.1556323224851307,-0.03326750608379536,true,true,supported,supported
100,18,1,0.0,0.0,0.0,0.0,true,true,supported,supported
100,18,2,-0.0070208579445114605,-0.008822075365169657,-0.01144251922178463,-0.0022990596478537073,true,true,supported,supported
100,18,3,-0.015577384490694235,0.03075599187658129,-0.022834405935228896,-0.004609178441481565,true,true,supported,supported
100,18,4,-0.035867428712193505,0.028549284435144373,-0.03417601520363278,-0.006930613128595886,true,true,supported,supported
100,18,5,-0.02626315562364745,-0.0038365076786432972,-0.04546743062120617,-0.009263535895236208,true,true,supported,supported
100,18,6,-0.07749045969150037,-0.0018150729772645757,-0.056708336970759055,-0.011608053053717593,true,true,supported,supported
100,18,7,-0.09154215591798032,-0.03783619199853738,-0.06789901947459309,-0.01396439853007514,true,true,supported,supported
100,18,8,-0.07483348377061683,-0.004886001672466445,-0.07904011104729458,-0.0163329104618839,true,true,supported,supported
100,18,9,-0.06787877214358884,0.0004905603968491379,-0.09013118890064764,-0.018713661427476103,true,true,supported,supported
100,18,10,-0.08653438196422791,-0.020688349431452036,-0.10117216454028588,-0.021106823250838902,true,true,supported,supported
100,18,11,-0.07394956339786618,-0.022187750914728577,-0.1121632868884026,-0.023512653366313363,true,true,supported,supported
100,18,12,-0.11690877348198059,-0.02903816846074836,-0.12310468700713728,-0.025931402512729185,true,true,supported,supported
100,18,13,-0.12053801799475461,-0.022830506711865817,-0.13399646036816137,-0.028363255966455614,true,true,supported,supported
100,18,14,-0.15585339446136048,-0.05603649676564837,-0.14483868152288548,-0.030808471984895003,true,true,supported,supported
100,18,15,-0.15417528063305597,-0.02365835976301378,-0.1556323224851307,-0.03326750608379536,true,true,supported,supported
100,19,1,0.0,0.0,0.0,0.0,true,true,supported,supported
100,19,2,-0.04717959079298961,0.011070214427077452,-0.01144251922178463,-0.0022990596478537073,true,true,supported,supported
100,19,3,-0.05443503100040492,0.002995221579367824,-0.022834405935228896,-0.004609178441481565,true,true,supported,supported
100,19,4,-0.06203439265036148,4.911190362388851e-05,-0.03417601520363278,-0.006930613128595886,true,true,supported,supported
100,19,5,-0.05903762336900231,-0.020051635965159242,-0.04546743062120617,-0.009263535895236208,true,true,supported,supported
100,19,6,-0.09086358168285791,-0.014018448363360858,-0.056708336970759055,-0.011608053053717593,true,true,supported,supported
100,19,7,-0.09889472685682654,-3.832161740202622e-05,-0.06789901947459309,-0.01396439853007514,true,true,supported,supported
100,19,8,-0.11528935343833702,-0.023730488641543257,-0.07904011104729458,-0.0163329104618839,true,true,supported,supported
100,19,9,-0.12410930339848836,-0.0031490959694479015,-0.09013118890064764,-0.018713661427476103,true,true,supported,supported
100,19,10,-0.1375334987488901,-0.002828592904142946,-0.10117216454028588,-0.021106823250838902,true,true,supported,supported
100,19,11,-0.1620219191574519,-0.045491722408216195,-0.1121632868884026,-0.023512653366313363,true,true,supported,supported
100,19,12,-0.13330816925479805,0.005832741112454576,-0.12310468700713728,-0.025931402512729185,true,true,supported,supported
100,19,13,-0.1573226843610066,0.003493852341373227,-0.13399646036816137,-0.028363255966455614,true,true,supported,supported
100,19,14,-0.16604948115807094,-0.0006963943941790118,-0.14483868152288548,-0.030808471984895003,true,true,supported,supported
100,19,15,-0.20936319160521677,-0.05661010925008636,-0.1556323224851307,-0.03326750608379536,true,true,supported,supported
100,20,1,0.0,0.0,0.0,0.0,true,true,supported,supported
100,20,2,-0.017325489897226598,-0.008486810679016243,-0.01144251922178463,-0.0022990596478537073,true,true,supported,supported
100,20,3,-0.0045452904151152,-0.028703191442327802,-0.022834405935228896,-0.004609178441481565,true,true,supported,supported
100,20,4,-0.0004014697166219161,-0.007346184186965976,-0.03417601520363278,-0.006930613128595886,true,true,supported,supported
100,20,5,-0.03569157763483255,-0.03124500176178302,-0.04546743062120617,-0.009263535895236208,true,true,supported,supported
100,20,6,-0.02885427920574768,-0.00024406111148866927,-0.056708336970759055,-0.011608053053717593,true,true,supported,supported
100,20,7,-0.04701144414885594,-0.021544311874302613,-0.06789901947459309,-0.01396439853007514,true,true,supported,supported
100,20,8,-0.05016121582714206,-0.03106016755833929,-0.07904011104729458,-0.0163329104618839,true,true,supported,supported
100,20,9,-0.07160496510235947,-0.03621589875368103,-0.09013118890064764,-0.018713661427476103,true,true,supported,supported
100,20,10,-0.08246877539819797,-0.016201945643878446,-0.10117216454028588,-0.021106823250838902,true,true,supported,supported
100,20,11,-0.10741665338542605,-0.0300713838908796,-0.1121632868884026,-0.023512653366313363,true,true,supported,supported
100,20,12,-0.10089389874679289,-0.03835094478235135,-0.12310468700713728,-0.025931402512729185,true,true,supported,supported
100,20,13,-0.13873162921502813,-0.027827423604055768,-0.13399646036816137,-0.028363255966455614,true,true,supported,supported
100,20,14,-0.11999448002468771,-0.04853132958827988,-0.14483868152288548,-0.030808471984895003,true,true,supported,supported
100,20,15,-0.1367761209520555,-0.03433468212958091,-0.1556323224851307,-0.03326750608379536,true,true,supported,supported
100,21,1,0.0,0.0,0.0,0.0,true,true,supported,supported
100,21,2,0.02177007054727198,-0.012986356291505685,-0.01144251922178463,-0.0022990596478537073,true,true,supported,supported
100,21,3,0.01947900792105972,0.019030150601739515,-0.022834405935228896,-0.004609178441481565,true,true,supported,supported
100,21,4,-0.016103231027660203,0.014616301441346402,-0.03417601520363278,-0.006930613128595886,true,true,supported,supported
100,21,5,-0.03139436013283581,-0.006244687189950193,-0.04546743062120617,-0.009263535895236208,true,true,supported,supported
100,21,6,-0.036718239007094144,-0.022596115730014188,-0.056708336970759055,-0.011608053053717593,true,true,supported,supported
100,21,7,-0.033026236358425276,0.007026445602186793,-0.06789901947459309,-0.01396439853007514,true,true,supported,supported
100,21,8,-0.09690103518037585,0.007633899203897898,-0.07904011104729458,-0.0163329104618839,true,true,supported,supported
100,21,9,-0.09001360539051773,-0.0047499852489483185,-0.09013118890064764,-0.018713661427476103,true,true,supported,supported
100,21,10,-0.12425556628848278,-0.014395503078170169,-0.10117216454028588,-0.021106823250838902,true,true,supported,supported
100,21,11,-0.11378676854493941,-0.0350408361292287,-0.1121632868884026,-0.023512653366313363,true,true,supported,supported
100,21,12,-0.11899763076737446,0.011325920475087403,-0.12310468700713728,-0.025931402512729185,true,true,supported,supported
100,21,13,-0.11166199951122202,-0.007376156784695054,-0.13399646036816137,-0.028363255966455614,true,true,supported,supported
100,21,14,-0.16591298075530403,-0.049784514499616184,-0.14483868152288548,-0.030808471984895003,true,true,supported,supported
100,21,15,-0.13797774652566763,-0.04624319839510027,-0.1556323224851307,-0.03326750608379536,true,true,supported,supported
100,22,1,0.0,0.0,0.0,0.0,true,true,supported,supported
100,22,2,-0.014512349252796763,0.021538717556149223,-0.01144251922178463,-0.0022990596478537073,true,true,supported,supported
100,22,3,0.00574367231998707,0.010705256534655039,-0.022834405935228896,-0.004609178441481565,true,true,supported,supported
100,22,4,-0.04855319879212017,-0.01812255854652789,-0.03417601520363278,-0.006930613128595886,true,true,supported,supported
100,22,5,-0.06246995355949014,-0.017571116977086132,-0.04546743062120617,-0.009263535895236208,true,true,supported,supported
100,22,6,-0.05241073646417338,-0.019530496916394524,-0.056708336970759055,-0.011608053053717593,true,true,supported,supported
100,22,7,-0.0823867995749008,0.012708059049004516,-0.06789901947459309,-0.01396439853007514,true,true,supported,supported
100,22,8,-0.12093216696308229,-0.035384225452321005,-0.07904011104729458,-0.0163329104618839,true,true,supported,supported
100,22,9,-0.10955454590761249,-0.050179654888018344,-0.09013118890064764,-0.018713661427476103,true,true,supported,supported
100,22,10,-0.1636676337499443,-0.07331043264318238,-0.10117216454028588,-0.021106823250838902,true,true,supported,supported
100,22,11,-0.1483541951410734,-0.04714959274990671,-0.1121632868884026,-0.023512653366313363,true,true,supported,supported
100,22,12,-0.11330250168676648,-0.020419360345089954,-0.12310468700713728,-0.025931402512729185,true,true,supported,supported
100,22,13,-0.1713263324845501,-0.05126228508508768,-0.13399646036816137,-0.028363255966455614,true,true,supported,supported
100,22,14,-0.17303889450345977,-0.05322235490147165,-0.14483868152288548,-0.030808471984895003,true,true,supported,supported
100,22,15,-0.1877086582759402,-0.04916640103858905,-0.1556323224851307,-0.03326750608379536,true,true,supported,supported
100,23,1,0.0,0.0,0.0,0.0,true,true,supported,supported
100,23,2,0.00390681425909678,-0.01586714363712205,-0.01144251922178463,-0.0022990596478537073,true,true,supported,supported
100,23,3,-0.0033361949889617604,-0.03612418742134804,-0.022834405935228896,-0.004609178441481565,true,true,supported,supported
100,23,4,0.019605957681338437,-0.011415964233850828,-0.03417601520363278,-0.006930613128595886,true,true,supported,supported
100,23,5,-0.019604365599154128,-0.018734183090373446,-0.04546743062120617,-0.009263535895236208,true,true,supported,supported
100,23,6,-0.0299778863069865,-0.001271222253537374,-0.056708336970759055,-0.011608053053717593,true,true,supported,supported
100,23,7,-0.04130187952066511,-0.03577743092109864,-0.06789901947459309,-0.01396439853007514,true,true,supported,supported
100,23,8,-0.03722311237199749,-0.0035480496463455857,-0.07904011104729458,-0.0163329104618839,true,true,supported,supported
100,23,9,-0.05308904987182628,-0.02219176515364729,-0.09013118890064764,-0.018713661427476103,true,true,supported,supported
100,23,10,-0.09174821068423045,-0.04481801364409066,-0.10117216454028588,-0.021106823250838902,true,true,supported,supported
100,23,11,-0.11526590064870423,-0.0450938619135105,-0.1121632868884026,-0.023512653366313363,true,true,supported,supported
100,23,12,-0.1440929109327046,-0.0542992265244544,-0.12310468700713728,-0.025931402512729185,true,true,supported,supported
100,23,13,-0.09433530804779366,-0.03637748154073506,-0.13399646036816137,-0.028363255966455614,true,true,supported,supported
100,23,14,-0.11788474071051669,-0.04421728342461795,-0.14483868152288548,-0.030808471984895003,true,true,supported,supported
100,23,15,-0.1192947635438314,-0.015386930532773735,-0.1556323224851307,-0.03326750608379536,true,true,supported,supported
100,24,1,0.0,0.0,0.0,0.0,true,true,supported,supported
100,24,2,-0.01666441877409508,-0.018193059245502408,-0.01144251922178463,-0.0022990596478537073,true,true,supported,supported
100,24,3,-0.030340957917099787,0.006010986654940709,-0.022834405935228896,-0.004609178441481565,true,true,supported,supported
100,24,4,-0.036327360982555845,-0.0011596645419252871,-0.03417601520363278,-0.006930613128595886,true,true,supported,supported
100,24,5,-0.04265597240299246,0.022992084466357143,-0.04546743062120617,-0.009263535895236208,true,true,supported,supported
100,24,6,0.00011900118676755334,0.010783775612308588,-0.056708336970759055,-0.011608053053717593,true,true,supported,supported
100,24,7,-0.062042545839287144,0.04233650805730438,-0.06789901947459309,-0.01396439853007514,true,true,supported,supported
100,24,8,-0.09237151543960309,-0.013724854381594764,-0.07904011104729458,-0.0163329104618839,true,true,supported,supported
100,24,9,-0.09505252818327159,-0.025839465899413883,-0.09013118890064764,-0.018713661427476103,true,true,supported,supported
100,24,10,-0.09181433199598132,-0.017654115088525324,-0.10117216454028588,-0.021106823250838902,true,true,supported,supported
100,24,11,-0.1115229296834237,-0.011291393657374194,-0.1121632868884026,-0.023512653366313363,true,true,supported,supported
100,24,12,-0.10423814017234367,-0.00010483584107068289,-0.12310468700713728,-0.025931402512729185,true,true,supported,supported
100,24,13,-0.15479368786721337,-0.028756304777001085,-0.13399646036816137,-0.028363255966455614,true,true,supported,supported
100,24,14,-0.18601558324124057,-0.0528896655824066,-0.14483868152288548,-0.030808471984895003,true,true,supported,supported
100,24,15,-0.1636541563759133,-0.027704696390259853,-0.1556323224851307,-0.03326750608379536,true,true,supported,supported
100,25,1,0.0,0.0,0.0,0.0,true,true,supported,supported
100,25,2,0.038321544033166455,0.06742085082791194,-0.01144251922178463,-0.0022990596478537073,true,true,supported,supported
100,25,3,-0.03796549826678608,-0.010956679436889494,-0.022834405935228896,-0.004609178441481565,true,true,supported,supported
100,25,4,-0.00878994868546401,0.026588810526436024,-0.03417601520363278,-0.006930613128595886,true,true,supported,supported
100,25,5,-0.062313947251654844,0.029264266842755182,-0.04546743062120617,-0.009263535895236208,true,true,supported,supported
100,25,6,-0.05655969010180106,0.016512964564152854,-0.056708336970759055,-0.011608053053717593,true,true,supported,supported
100,25,7,-0.04868712753973803,0.041315890249507436,-0.06789901947459309,-0.01396439853007514,true,true,supported,supported
100,25,8,-0.09417037556074825,0.008343192115296993,-0.07904011104729458,-0.0163329104618839,true,true,supported,supported
100,25,9,-0.08090971043010997,0.017377105275661275,-0.09013118890064764,-0.018713661427476103,true,true,supported,supported
100,25,10,-0.10203298081493761,-0.0121071511593287,-0.10117216454028588,-0.021106823250838902,true,true,supported,supported
100,25,11,-0.12308639372756791,0.0034808813047106923,-0.1121632868884026,-0.023512653366313363,true,true,supported,supported
100,25,12,-0.0977869483816084,0.023565685832433236,-0.12310468700713728,-0.025931402512729185,true,true,supported,supported
100,25,13,-0.13090293745838588,-0.024399178171191416,-0.13399646036816137,-0.028363255966455614,true,true,supported,supported
100,25,14,-0.12275280486838136,-0.008617622125846824,-0.14483868152288548,-0.030808471984895003,true,true,supported,supported
100,25,15,-0.18727293984642612,0.004353454367302945,-0.1556323224851307,-0.03326750608379536,true,true,supported,supported
100,26,1,0.0,0.0,0.0,0.0,true,true,supported,supported
100,26,2,-0.02664892694169607,-0.017657628348848098,-0.01144251922178463,-0.0022990596478537073,true,true,supported,supported
100,26,3,-0.04558456210763684,-0.01190415871447581,-0.022834405935228896,-0.004609178441481565,true,true,supported,supported
100,26,4,-0.04166417525225652,0.0015857163797534657,-0.03417601520363278,-0.006930613128595886,true,true,supported,supported
100,26,5,-0.028279015178513944,0.002787856048284798,-0.04546743062120617,-0.009263535895236208,true,true,supported,supported
100,26,6,-0.039297018058858546,-0.04284723451277472,-0.056708336970759055,-0.011608053053717593,true,true,supported,supported
100,26,7,-0.05437399021924871,-0.016192568777531835,-0.06789901947459309,-0.01396439853007514,true,true,supported,supported
100,26,8,-0.08010201980581222,-0.030629613552095147,-0.07904011104729458,-0.0163329104618839,true,true,supported,supported
100,26,9,-0.0820986103448339,-0.007968103240862945,-0.09013118890064764,-0.018713661427476103,true,true,supported,supported
100,26,10,-0.12565396637304171,-0.044089542944572235,-0.10117216454028588,-0.021106823250838902,true,true,supported,supported
100,26,11,-0.11449708781777646,-0.001928774513205056,-0.1121632868884026,-0.023512653366313363,true,true,supported,supported
100,26,12,-0.13724074148257004,-0.03579571132994974,-0.12310468700713728,-0.025931402512729185,true,true,supported,supported
100,26,13,-0.13324512124002386,-0.01579702504817404,-0.13399646036816137,-0.028363255966455614,true,true,supported,supported
100,26,14,-0.16045303819024315,-0.038035416785046516,-0.14483868152288548,-0.030808471984895003,true,true,supported,supported
100,26,15,-0.18708418037096963,-0.06057728843012733,-0.1556323224851307,-0.03326750608379536,true,true,supported,supported
100,27,1,0.0,0.0,0.0,0.0,true,true,supported,supported
100,27,2,-0.020489723896447543,0.004634343476440206,-0.01144251922178463,-0.0022990596478537073,true,true,supported,supported
100,27,3,-0.04257727988331805,-0.013663575702097419,-0.022834405935228896,-0.004609178441481565,true,true,supported,supported
100,27,4,-0.05878702905165267,-0.01348788929263578,-0.03417601520363278,-0.006930613128595886,true,true,supported,supported
100,27,5,-0.038343886820979445,0.010027476550263814,-0.04546743062120617,-0.009263535895236208,true,true,supported,supported
100,27,6,-0.08291019402026134,-0.0005452811970244609,-0.056708336970759055,-0.011608053053717593,true,true,supported,supported
100,27,7,-0.09475905245782745,-0.02104493160289389,-0.06789901947459309,-0.01396439853007514,true,true,supported,supported
100,27,8,-0.1098956156972174,-0.021826539061551298,-0.07904011104729458,-0.0163329104618839,true,true,supported,supported
100,27,9,-0.12207117354313823,-0.012129483147372278,-0.09013118890064764,-0.018713661427476103,true,true,supported,supported
100,27,10,-0.1105108102818676,0.021685948583706316,-0.10117216454028588,-0.021106823250838902,true,true,supported,supported
100,27,11,-0.083467351027947,0.0006718811530335156,-0.1121632868884026,-0.023512653366313363,true,true,supported,supported
100,27,12,-0.15515429399796055,-0.011813493171097256,-0.12310468700713728,-0.025931402512729185,true,true,supported,supported
100,27,13,-0.148650136633231,-0.03886060390519086,-0.13399646036816137,-0.028363255966455614,true,true,supported,supported
100,27,14,-0.15529565392181788,-0.028870705571326982,-0.14483868152288548,-0.030808471984895003,true,true,supported,supported
100,27,15,-0.1718858072331063,-0.040734354987741805,-0.1556323224851307,-0.03326750608379536,true,true,supported,supported
100,28,1,0.0,0.0,0.0,0.0,true,true,supported,supported
100,28,2,0.041156650435504205,0.028559532996625947,-0.01144251922178463,-0.0022990596478537073,true,true,supported,supported
100,28,3,0.04430621604175655,0.01860871954385157,-0.022834405935228896,-0.004609178441481565,true,true,supported,supported
100,28,4,-0.012210765412117297,0.010660203670961765,-0.03417601520363278,-0.006930613128595886,true,true,supported,supported
100,28,5,-0.029596831170458526,0.0003265385904887008,-0.04546743062120617,-0.009263535895236208,true,true,supported,supported
100,28,6,-0.06820090717499994,-0.007310399472367557,-0.056708336970759055,-0.011608053053717593,true,true,supported,supported
100,28,7,-0.06584236934760812,0.012337351592090817,-0.06789901947459309,-0.01396439853007514,true,true,supported,supported
100,28,8,-0.0840889836381894,-0.004113988621546549,-0.07904011104729458,-0.0163329104618839,true,true,supported,supported
100,28,9,-0.09306166966248441,-0.036746158842753784,-0.09013118890064764,-0.018713661427476103,true,true,supported,supported
100,28,10,-0.04633067691566595,-0.011526942505066695,-0.10117216454028588,-0.021106823250838902,true,true,supported,supported
100,28,11,-0.11482887281509568,-0.0635772717943961,-0.1121632868884026,-0.023512653366313363,true,true,supported,supported
100,28,12,-0.13049310440980766,-0.01924039087640872,-0.12310468700713728,-0.025931402512729185,true,true,supported,supported
100,28,13,-0.11739449077604414,-0.02384635775325261,-0.13399646036816137,-0.028363255966455614,true,true,supported,supported
100,28,14,-0.1459403393319948,-0.02706396686753254,-0.14483868152288548,-0.030808471984895003,true,true,supported,supported
100,28,15,-0.16571024271931467,-0.022549792595380924,-0.1556323224851307,-0.03326750608379536,true,true,supported,supported
100,29,1,0.0,0.0,0.0,0.0,true,true,supported,supported
100,29,2,0.0027656922983629872,-0.005910249203771034,-0.01144251922178463,-0.0022990596478537073,true,true,supported,supported
100,29,3,0.0440795002392691,0.04173607172252747,-0.022834405935228896,-0.004609178441481565,true,true,supported,supported
100,29,4,-0.020370747930620214,-0.027330094410020767,-0.03417601520363278,-0.006930613128595886,true,true,supported,supported
100,29,5,-0.014554581466723504,0.03415814813245577,-0.04546743062120617,-0.009263535895236208,true,true,supported,supported
100,29,6,-0.029126347537141162,0.023698983967843645,-0.056708336970759055,-0.011608053053717593,true,true,supported,supported
100,29,7,-0.039806188776052576,-0.009205356613109061,-0.06789901947459309,-0.01396439853007514,true,true,supported,supported
100,29,8,-0.04467854427897311,0.008702893285296165,-0.07904011104729458,-0.0163329104618839,true,true,supported,supported
100,29,9,-0.05120766914803254,0.004963768441773153,-0.09013118890064764,-0.018713661427476103,true,true,supported,supported
100,29,10,-0.0603324022671331,-0.012932366653931382,-0.10117216454028588,-0.021106823250838902,true,true,supported,supported
100,29,11,-0.1053423319533704,-0.011492355008846378,-0.1121632868884026,-0.023512653366313363,true,true,supported,supported
100,29,12,-0.06525295309616808,0.011104288264066398,-0.12310468700713728,-0.025931402512729185,true,true,supported,supported
100,29,13,-0.07766799252885148,-0.03429815801195646,-0.13399646036816137,-0.028363255966455614,true,true,supported,supported
100,29,14,-0.08856245400592355,-0.007145862101024747,-0.14483868152288548,-0.030808471984895003,true,true,supported,supported
100,29,15,-0.1176078639163054,-0.0401842530725145,-0.1556323224851307,-0.03326750608379536,true,true,supported,supported
100,30,1,0.0,0.0,0.0,0.0,true,true,supported,supported
100,30,2,0.0027999508183790267,0.026196409440491952,-0.01144251922178463,-0.0022990596478537073,true,true,supported,supported
100,30,3,-0.01795290481046119,0.012707155478663301,-0.022834405935228896,-0.004609178441481565,true,true,supported,supported
100,30,4,-0.021772639268844873,0.04247272808673597,-0.03417601520363278,-0.006930613128595886,true,true,supported,supported
100,30,5,-0.08505666368985576,-0.03010184994486509,-0.04546743062120617,-0.009263535895236208,true,true,supported,supported
100,30,6,-0.03265105970520943,0.011198123011800454,-0.056708336970759055,-0.011608053053717593,true,true,supported,supported
100,30,7,-0.06723571025711772,0.015168652013017647,-0.06789901947459309,-0.01396439853007514,true,true,supported,supported
100,30,8,-0.07164667731344465,0.026386068621309877,-0.07904011104729458,-0.0163329104618839,true,true,supported,supported
100,30,9,-0.07290652282621146,0.0229607553376302,-0.09013118890064764,-0.018713661427476103,true,true,supported,supported
100,30,10,-0.14618900502165277,-0.009461828834806951,-0.10117216454028588,-0.021106823250838902,true,true,supported,supported
100,30,11,-0.11519244406230555,-0.006987934637905147,-0.1121632868884026,-0.023512653366313363,true,true,supported,supported
100,30,12,-0.09738658382543286,0.02152835522472618,-0.12310468700713728,-0.025931402512729185,true,true,supported,supported
100,30,13,-0.13822656749398388,-0.029529673212345342,-0.13399646036816137,-0.028363255966455614,true,true,supported,supported
100,30,14,-0.14213476473042275,0.00857357161250405,-0.14483868152288548,-0.030808471984895003,true,true,supported,supported
100,30,15,-0.18659600497653672,-0.0006845910407614619,-0.1556323224851307,-0.03326750608379536,true,true,supported,supported
100,31,1,0.0,0.0,0.0,0.0,true,true,supported,supported
100,31,2,0.0008601760603816899,0.023207345330880425,-0.01144251922178463,-0.0022990596478537073,true,true,supported,supported
100,31,3,-0.006135193138199879,0.01681852686408647,-0.022834405935228896,-0.004609178441481565,true,true,supported,supported
100,31,4,-0.027195358800954028,-0.01828419081422683,-0.03417601520363278,-0.006930613128595886,true,true,supported,supported
100,31,5,-0.0416071035235388,-0.016180936515318045,-0.04546743062120617,-0.009263535895236208,true,true,supported,supported
100,31,6,-0.06012595475436178,-0.013758195878044277,-0.056708336970759055,-0.011608053053717593,true,true,supported,supported
100,31,7,-0.04040548899304319,0.007349206976129508,-0.06789901947459309,-0.01396439853007514,true,true,supported,supported
100,31,8,-0.07940713755614559,-0.010127171613543484,-0.07904011104729458,-0.0163329104618839,true,true,supported,supported
100,31,9,-0.11355921433457128,-0.012200670010578563,-0.09013118890064764,-0.018713661427476103,true,true,supported,supported
100,31,10,-0.10184469305179467,-0.025835555656993803,-0.10117216454028588,-0.021106823250838902,true,true,supported,supported
100,31,11,-0.1230769247985557,-0.04305893966386809,-0.1121632868884026,-0.023512653366313363,true,true,supported,supported
100,31,12,-0.12837077406977093,-0.07661769837242882,-0.12310468700713728,-0.025931402512729185,true,true,supported,supported
100,31,13,-0.10357599064402712,-0.04639147316549197,-0.13399646036816137,-0.028363255966455614,true,true,supported,supported
100,31,14,-0.15630310728626928,-0.04565429999185988,-0.14483868152288548,-0.030808471984895003,true,true,supported,supported
100,31,15,-0.16099402215973113,-0.015121695659693346,-0.1556323224851307,-0.03326750608379536,true,true,supported,supported
100,32,1,0.0,0.0,0.0,0.0,true,true,supported,supported
100,32,2,0.0028748676748301394,-0.00302068726677307,-0.01144251922178463,-0.0022990596478537073,true,true,supported,supported
100,32,3,-0.050437655653302715,-0.023761051249374332,-0.022834405935228896,-0.004609178441481565,true,true,supported,supported
100,32,4,-0.0027737675448445964,-0.0032036712196577,-0.03417601520363278,-0.006930613128595886,true,true,supported,supported
100,32,5,-0.0341428737753241,0.01994844894633596,-0.04546743062120617,-0.009263535895236208,true,true,supported,supported
100,32,6,-0.05586353057117166,-0.0019929535004615806,-0.056708336970759055,-0.011608053053717593,true,true,supported,supported
100,32,7,-0.048777814290165034,-0.01172069214426441,-0.06789901947459309,-0.01396439853007514,true,true,supported,supported
100,32,8,-0.057461631401479196,-0.02673849631444636,-0.07904011104729458,-0.0163329104618839,true,true,supported,supported
100,32,9,-0.08590122965577784,-0.05058318200399414,-0.09013118890064764,-0.018713661427476103,true,true,supported,supported
100,32,10,-0.08902882968844361,-0.03133275986953121,-0.10117216454028588,-0.021106823250838902,true,true,supported,supported
100,32,11,-0.08846866007180343,-0.0005627706940795063,-0.1121632868884026,-0.023512653366313363,true,true,supported,supported
100,32,12,-0.07352423466127223,-0.006361634407978434,-0.12310468700713728,-0.025931402512729185,true,true,supported,supported
100,32,13,-0.11943705853954822,-0.03477099226668512,-0.13399646036816137,-0.028363255966455614,true,true,supported,supported
100,32,14,-0.1637562434769012,-0.07409650627812936,-0.14483868152288548,-0.030808471984895003,true,true,supported,supported
100,32,15,-0.1612524267662333,-0.05218949836033482,-0.1556323224851307,-0.03326750608379536,true,true,supported,supported
100,33,1,0.0,0.0,0.0,0.0,true,true,supported,supported
100,33,2,-0.04462394959285765,-0.0024400987557926523,-0.01144251922178463,-0.0022990596478537073,true,true,supported,supported
100,33,3,-0.06406858542915217,-0.006451065663123701,-0.022834405935228896,-0.004609178441481565,true,true,supported,supported
100,33,4,-0.025048165888873042,0.00014957759332179243,-0.03417601520363278,-0.006930613128595886,true,true,supported,supported
100,33,5,-0.04140571986823882,-0.018266440264265382,-0.04546743062120617,-0.009263535895236208,true,true,supported,supported
100,33,6,-0.04946562985320657,0.0015166723306573315,-0.056708336970759055,-0.011608053053717593,true,true,supported,supported
100,33,7,-0.06432626628284233,-0.026277491365940264,-0.06789901947459309,-0.01396439853007514,true,true,supported,supported
100,33,8,-0.09104801641033167,-0.011368239725890184,-0.07904011104729458,-0.0163329104618839,true,true,supported,supported
100,33,9,-0.08804846251888232,-0.01009181461662556,-0.09013118890064764,-0.018713661427476103,true,true,supported,supported
100,33,10,-0.1130597609305587,-0.03372441976366747,-0.10117216454028588,-0.021106823250838902,true,true,supported,supported
100,33,11,-0.12332153085499153,-0.016123359550677896,-0.1121632868884026,-0.023512653366313363,true,true,supported,supported
100,33,12,-0.11088763275696933,-0.0296974957952737,-0.12310468700713728,-0.025931402512729185,true,true,supported,supported
100,33,13,-0.1704778013421765,-0.05422959891640433,-0.13399646036816137,-0.028363255966455614,true,true,supported,supported
100,33,14,-0.15223673313128483,-0.04564848012420941,-0.14483868152288548,-0.030808471984895003,true,true,supported,supported
100,33,15,-0.12205219108554144,0.047952018247755857,-0.1556323224851307,-0.03326750608379536,true,true,supported,supported
100,34,1,0.0,0.0,0.0,0.0,true,true,supported,supported
100,34,2,0.007429906332886205,0.03774114774162374,-0.01144251922178463,-0.0022990596478537073,true,true,supported,supported
100,34,3,0.0002602205829888016,0.015907511759466808,-0.022834405935228896,-0.004609178441481565,true,true,supported,supported
100,34,4,-0.0180697371201749,0.0006338425675317394,-0.03417601520363278,-0.006930613128595886,true,true,supported,supported
100,34,5,-0.024917253505563286,0.011961612889406115,-0.04546743062120617,-0.009263535895236208,true,true,supported,supported
100,34,6,-0.04291472920951289,-0.02303985966924127,-0.056708336970759055,-0.011608053053717593,true,true,supported,supported
100,34,7,-0.04346884219548841,-0.03200162029757325,-0.06789901947459309,-0.01396439853007514,true,true,supported,supported
100,34,8,-0.03491695600846212,0.01098313453916544,-0.07904011104729458,-0.0163329104618839,true,true,supported,supported
100,34,9,-0.11281336953480137,-0.02363613144691401,-0.09013118890064764,-0.018713661427476103,true,true,supported,supported
100,34,10,-0.10061325560813417,-0.03218019221445623,-0.10117216454028588,-0.021106823250838902,true,true,supported,supported
100,34,11,-0.1124392950950488,-0.032848888947593746,-0.1121632868884026,-0.023512653366313363,true,true,supported,supported
100,34,12,-0.11591524835700406,-0.043441881754036626,-0.12310468700713728,-0.025931402512729185,true,true,supported,supported
100,34,13,-0.13177685198495348,-0.010221787802071503,-0.13399646036816137,-0.028363255966455614,true,true,supported,supported
100,34,14,-0.18679192071662898,-0.04993665238871803,-0.14483868152288548,-0.030808471984895003,true,true,supported,supported
100,34,15,-0.17230955919080593,-0.04121771713427114,-0.1556323224851307,-0.03326750608379536,true,true,supported,supported
100,35,1,0.0,0.0,0.0,0.0,true,true,supported,supported
100,35,2,-0.012981343418606017,-0.03337717157111597,-0.01144251922178463,-0.0022990596478537073,true,true,supported,supported
100,35,3,-0.0006327522188021018,-0.02328817529984717,-0.022834405935228896,-0.004609178441481565,true,true,supported,supported
100,35,4,-0.0200523287583686,-0.020290591229116917,-0.03417601520363278,-0.006930613128595886,true,true,supported,supported
100,35,5,-0.01272127879329732,-0.02379519075680947,-0.04546743062120617,-0.009263535895236208,true,true,supported,supported
100,35,6,-0.020018869548977802,-0.030862010626161784,-0.056708336970759055,-0.011608053053717593,true,true,supported,supported
100,35,7,-0.0550156065285301,-0.03882780904100236,-0.06789901947459309,-0.01396439853007514,true,true,supported,supported
100,35,8,-0.05291774560344498,0.00021789334774191538,-0.07904011104729458,-0.0163329104618839,true,true,supported,supported
100,35,9,-0.102745007374613,-0.04115074968614696,-0.09013118890064764,-0.018713661427476103,true,true,supported,supported
100,35,10,-0.09272190628579269,-0.052176944540989645,-0.10117216454028588,-0.021106823250838902,true,true,supported,supported
100,35,11,-0.12120925901985402,-0.04922210616308087,-0.1121632868884026,-0.023512653366313363,true,true,supported,supported
100,35,12,-0.07484185176257818,-0.04364398131849623,-0.12310468700713728,-0.025931402512729185,true,true,supported,supported
100,35,13,-0.11359029955190936,-0.03766200435603806,-0.13399646036816137,-0.028363255966455614,true,true,supported,supported
100,35,14,-0.14471070758910376,-0.04201688696096462,-0.14483868152288548,-0.030808471984895003,true,true,supported,supported
100,35,15,-0.13864818000659906,-0.06930492175280467,-0.1556323224851307,-0.03326750608379536,true,true,supported,supported
100,36,1,0.0,0.0,0.0,0.0,true,true,supported,supported
100,36,2,0.022268096447847774,0.01988449988353591,-0.01144251922178463,-0.0022990596478537073,true,true,supported,supported
100,36,3,0.010732576850374875,-0.03324786258035828,-0.022834405935228896,-0.004609178441481565,true,true,supported,supported
100,36,4,-0.0018023394688647665,0.01706223625993908,-0.03417601520363278,-0.006930613128595886,true,true,supported,supported
100,36,5,-0.049380569591270684,-0.0099749208766996,-0.04546743062120617,-0.009263535895236208,true,true,supported,supported
100,36,6,-0.02250396867491622,-0.011701182847573044,-0.056708336970759055,-0.011608053053717593,true,true,supported,supported
100,36,7,0.014366136041451205,0.03922214359377252,-0.06789901947459309,-0.01396439853007514,true,true,supported,supported
100,36,8,-0.036164303814278265,0.011360239370917569,-0.07904011104729458,-0.0163329104618839,true,true,supported,supported
100,36,9,-0.08482289701175294,-0.03191935809755264,-0.09013118890064764,-0.018713661427476103,true,true,supported,supported
100,36,10,-0.07776145003982082,-0.06630150973496285,-0.10117216454028588,-0.021106823250838902,true,true,supported,supported
100,36,11,-0.11360265280813786,-0.013340691016457629,-0.1121632868884026,-0.023512653366313363,true,true,supported,supported
100,36,12,-0.08504492162017452,-0.031888519208143506,-0.12310468700713728,-0.025931402512729185,true,true,supported,supported
100,36,13,-0.10390516922254922,-0.03959666160208741,-0.13399646036816137,-0.028363255966455614,true,true,supported,supported
100,36,14,-0.11099031024785944,-0.03374025861522256,-0.14483868152288548,-0.030808471984895003,true,true,supported,supported
100,36,15,-0.12054510845132693,-0.08249705320531142,-0.1556323224851307,-0.03326750608379536,true,true,supported,supported
100,37,1,0.0,0.0,0.0,0.0,true,true,supported,supported
100,37,2,0.014334682370496843,-0.02035774114429123,-0.01144251922178463,-0.0022990596478537073,true,true,supported,supported
100,37,3,-0.04063600335631712,-0.03548345790484797,-0.022834405935228896,-0.004609178441481565,true,true,supported,supported
100,37,4,-0.048491930275255446,-0.05091450872810788,-0.03417601520363278,-0.006930613128595886,true,true,supported,supported
100,37,5,-0.06197001254492451,-0.060585226892374555,-0.04546743062120617,-0.009263535895236208,true,true,supported,supported
100,37,6,-0.09339481042946507,-0.08207098915635702,-0.056708336970759055,-0.011608053053717593,true,true,supported,supported
100,37,7,-0.08026928720446513,-0.016814596841182805,-0.06789901947459309,-0.01396439853007514,true,true,supported,supported
100,37,8,-0.07957624396130603,-0.04558704375925704,-0.07904011104729458,-0.0163329104618839,true,true,supported,supported
100,37,9,-0.08000950485028546,-0.042481446290245084,-0.09013118890064764,-0.018713661427476103,true,true,supported,supported
100,37,10,-0.10605839917053717,-0.06946301119618226,-0.10117216454028588,-0.021106823250838902,true,true,supported,supported
100,37,11,-0.1600180982481868,-0.05674584223342771,-0.1121632868884026,-0.023512653366313363,true,true,supported,supported
100,37,12,-0.13435432101977574,-0.07177581494518126,-0.12310468700713728,-0.025931402512729185,true,true,supported,supported
100,37,13,-0.13870809731259082,-0.07856223971387977,-0.13399646036816137,-0.028363255966455614,true,true,supported,supported
100,37,14,-0.1533591874488328,-0.07987606577709383,-0.14483868152288548,-0.030808471984895003,true,true,supported,supported
100,37,15,-0.140038420865768,-0.040149242981326716,-0.1556323224851307,-0.03326750608379536,true,true,supported,supported
100,38,1,0.0,0.0,0.0,0.0,true,true,supported,supported
100,38,2,-0.07072991428318687,0.007555329159551816,-0.01144251922178463,-0.0022990596478537073,true,true,supported,supported
100,38,3,-0.061234449926417356,-0.007655080452671159,-0.022834405935228896,-0.004609178441481565,true,true,supported,supported
100,38,4,-0.05376367227626733,-0.00973492575322421,-0.03417601520363278,-0.006930613128595886,true,true,supported,supported
100,38,5,-0.04287078234223285,-0.0009024973683475768,-0.04546743062120617,-0.009263535895236208,true,true,supported,supported
100,38,6,-0.09399282549081711,-0.015536428780203115,-0.056708336970759055,-0.011608053053717593,true,true,supported,supported
100,38,7,-0.11217376821722214,-0.030641477934653105,-0.06789901947459309,-0.01396439853007514,true,true,supported,supported
100,38,8,-0.11033435751317322,-0.03173135872475297,-0.07904011104729458,-0.0163329104618839,true,true,supported,supported
100,38,9,-0.14149619592249307,-0.021599519011812007,-0.09013118890064764,-0.018713661427476103,true,true,supported,supported
100,38,10,-0.1364991290201215,-0.029634555295962928,-0.10117216454028588,-0.021106823250838902,true,true,supported,supported
100,38,11,-0.10439006922386818,-0.0008108838484848224,-0.1121632868884026,-0.023512653366313363,true,true,supported,supported
100,38,12,-0.14921316351036595,-0.08061080571206658,-0.12310468700713728,-0.025931402512729185,true,true,supported,supported
100,38,13,-0.11986294965670186,-0.015561172518920863,-0.13399646036816137,-0.028363255966455614,true,true,supported,supported
100,38,14,-0.19487229131831718,-0.0380729210865558,-0.14483868152288548,-0.030808471984895003,true,true,supported,supported
100,38,15,-0.16089781764158417,-0.010792562220547142,-0.1556323224851307,-0.03326750608379536,true,true,supported,supported
100,39,1,0.0,0.0,0.0,0.0,true,true,supported,supported
100,39,2,-0.002623971577622841,0.02722778191964037,-0.01144251922178463,-0.0022990596478537073,true,true,supported,supported
100,39,3,0.018813631627337735,0.004164487218360269,-0.022834405935228896,-0.004609178441481565,true,true,supported,supported
100,39,4,-0.0009287818074432685,0.01267549249906963,-0.03417601520363278,-0.006930613128595886,true,true,supported,supported
100,39,5,-0.03856498327305791,-0.0034221154459178615,-0.04546743062120617,-0.009263535895236208,true,true,supported,supported
100,39,6,-0.06559837178177164,0.002104884011903896,-0.056708336970759055,-0.011608053053717593,true,true,supported,supported
100,39,7,-0.05632491668989248,-0.033920538101741005,-0.06789901947459309,-0.01396439853007514,true,true,supported,supported
100,39,8,-0.12929245022015845,-0.025475754982423382,-0.07904011104729458,-0.0163329104618839,true,true,supported,supported
100,39,9,-0.08315017603575459,-0.03230829115732792,-0.09013118890064764,-0.018713661427476103,true,true,supported,supported
100,39,10,-0.11683244807813564,-0.041925054231909176,-0.10117216454028588,-0.021106823250838902,true,true,supported,supported
100,39,11,-0.08275522731076146,0.015022884855887209,-0.1121632868884026,-0.023512653366313363,true,true,supported,supported
100,39,12,-0.12290096754141888,-0.028035561221133043,-0.12310468700713728,-0.025931402512729185,true,true,supported,supported
100,39,13,-0.10859787040281521,-0.005925009399893488,-0.13399646036816137,-0.028363255966455614,true,true,supported,supported
100,39,14,-0.12055785764687044,-0.018463233076517205,-0.14483868152288548,-0.030808471984895003,true,true,supported,supported
100,39,15,-0.14559100077078801,-0.03362187151411311,-0.1556323224851307,-0.03326750608379536,true,true,supported,supported
100,40,1,0.0,0.0,0.0,0.0,true,true,supported,supported
100,40,2,0.009074662910732889,-0.008639876703018357,-0.01144251922178463,-0.0022990596478537073,true,true,supported,supported
100,40,3,0.022982554226951613,-0.0011267177416923735,-0.022834405935228896,-0.004609178441481565,true,true,supported,supported
100,40,4,0.012330153336639227,-0.012600191242159942,-0.03417601520363278,-0.006930613128595886,true,true,supported,supported
100,40,5,0.00103944775799103,0.01295189358562765,-0.04546743062120617,-0.009263535895236208,true,true,supported,supported
100,40,6,-0.03773632954163675,-0.02395079020321178,-0.056708336970759055,-0.011608053053717593,true,true,supported,supported
100,40,7,-0.04279914155821507,0.0059674547081459695,-0.06789901947459309,-0.01396439853007514,true,true,supported,supported
100,40,8,-0.05599098259000257,-0.0174353562588887,-0.07904011104729458,-0.0163329104618839,true,true,supported,supported
100,40,9,-0.058673613840979244,-0.010485129749844835,-0.09013118890064764,-0.018713661427476103,true,true,supported,supported
100,40,10,-0.06986602785142815,-0.04176726893074578,-0.10117216454028588,-0.021106823250838902,true,true,supported,supported
100,40,11,-0.09375129069462484,-0.018507979694072363,-0.1121632868884026,-0.023512653366313363,true,true,supported,supported
100,40,12,-0.09266356940522658,-0.06911635683110395,-0.12310468700713728,-0.025931402512729185,true,true,supported,supported
100,40,13,-0.08634847653892641,0.004568639878300029,-0.13399646036816137,-0.028363255966455614,true,true,supported,supported
100,40,14,-0.08748308022631623,-0.01670443672477806,-0.14483868152288548,-0.030808471984895003,true,true,supported,supported
100,40,15,-0.11169339106767684,-0.046315066913318215,-0.1556323224851307,-0.03326750608379536,true,true,supported,supported
100,41,1,0.0,0.0,0.0,0.0,true,true,supported,supported
100,41,2,-0.026622243486387198,0.019009495595197712,-0.01144251922178463,-0.0022990596478537073,true,true,supported,supported
100,41,3,-0.013712169138533903,0.0023215597975380087,-0.022834405935228896,-0.004609178441481565,true,true,supported,supported
100,41,4,-0.0063197341180976085,-0.005638612100107299,-0.03417601520363278,-0.006930613128595886,true,true,supported,supported
100,41,5,-0.023785079982188706,0.014838069477482008,-0.04546743062120617,-0.009263535895236208,true,true,supported,supported
100,41,6,-0.037385597692106365,-0.004612643427386098,-0.056708336970759055,-0.011608053053717593,true,true,supported,supported
100,41,7,-0.061930856532208534,-0.00017872859686052234,-0.06789901947459309,-0.01396439853007514,true,true,supported,supported
100,41,8,-0.08857948175038954,0.0010252882172874234,-0.07904011104729458,-0.0163329104618839,true,true,supported,supported
100,41,9,-0.09275162492671685,-0.006063213918752419,-0.09013118890064764,-0.018713661427476103,true,true,supported,supported
100,41,10,-0.12594666447450453,-0.02758169518451492,-0.10117216454028588,-0.021106823250838902,true,true,supported,supported
100,41,11,-0.05862845794638971,0.01851879782241983,-0.1121632868884026,-0.023512653366313363,true,true,supported,supported
100,41,12,-0.0825288254376505,0.016059009122955437,-0.12310468700713728,-0.025931402512729185,true,true,supported,supported
100,41,13,-0.13332129948326077,-0.029265046077327606,-0.13399646036816137,-0.028363255966455614,true,true,supported,supported
100,41,14,-0.16862540120761016,-0.033940801136068344,-0.14483868152288548,-0.030808471984895003,true,true,supported,supported
100,41,15,-0.14741527466293902,-0.029422097288168914,-0.1556323224851307,-0.03326750608379536,true,true,supported,supported
100,42,1,0.0,0.0,0.0,0.0,true,true,supported,supported
100,42,2,0.013216001348871131,0.0013753615258158547,-0.01144251922178463,-0.0022990596478537073,true,true,supported,supported
100,42,3,-0.00922513432511285,0.02161265153301284,-0.022834405935228896,-0.004609178441481565,true,true,supported,supported
100,42,4,-0.05085175385505414,-0.028243143893766476,-0.03417601520363278,-0.006930613128595886,true,true,supported,supported
100,42,5,-0.042560460412937484,0.016387455486368996,-0.04546743062120617,-0.009263535895236208,true,true,supported,supported
100,42,6,-0.0553442167959336,0.0080989841415815,-0.056708336970759055,-0.011608053053717593,true,true,supported,supported
100,42,7,-0.08116572539784694,-0.012621312004533314,-0.06789901947459309,-0.01396439853007514,true,true,supported,supported
100,42,8,-0.10098869750308881,-0.03496418269099466,-0.07904011104729458,-0.0163329104618839,true,true,supported,supported
100,42,9,-0.08503971879930339,0.00204387903925074,-0.09013118890064764,-0.018713661427476103,true,true,supported,supported
100,42,10,-0.08232627694454853,0.0008115093364591264,-0.10117216454028588,-0.021106823250838902,true,true,supported,supported
100,42,11,-0.14263712437639298,-0.0359316788391959,-0.1121632868884026,-0.023512653366313363,true,true,supported,supported
100,42,12,-0.1539996030485754,-0.062482643029077245,-0.12310468700713728,-0.025931402512729185,true,true,supported,supported
100,42,13,-0.16002497530675763,-0.000453909176373668,-0.13399646036816137,-0.028363255966455614,true,true,supported,supported
100,42,14,-0.17608547101686067,-0.03897455543538919,-0.14483868152288548,-0.030808471984895003,true,true,supported,supported
100,42,15,-0.163844235712855,-0.013815899955804456,-0.1556323224851307,-0.03326750608379536,true,true,supported,supported
100,43,1,0.0,0.0,0.0,0.0,true,true,supported,supported
100,43,2,-0.03167277162127902,-0.026249035330513926,-0.01144251922178463,-0.0022990596478537073,true,true,supported,supported
100,43,3,-0.018243675405747117,0.018931756741608963,-0.022834405935228896,-0.004609178441481565,true,true,supported,supported
100,43,4,-0.04056520855335288,-0.006721926134857004,-0.03417601520363278,-0.006930613128595886,true,true,supported,supported
100,43,5,-0.06155315927361127,-0.010986655455839434,-0.04546743062120617,-0.009263535895236208,true,true,supported,supported
100,43,6,-0.10221597855765996,-0.012360980685488077,-0.056708336970759055,-0.011608053053717593,true,true,supported,supported
100,43,7,-0.1248816851065474,-0.013508172104440996,-0.06789901947459309,-0.01396439853007514,true,true,supported,supported
100,43,8,-0.09366270238217111,-0.003477215497862618,-0.07904011104729458,-0.0163329104618839,true,true,supported,supported
100,43,9,-0.118021789002139,-0.019172806103800455,-0.09013118890064764,-0.018713661427476103,true,true,supported,supported
100,43,10,-0.1401556135017451,-0.023791477679424466,-0.10117216454028588,-0.021106823250838902,true,true,supported,supported
100,43,11,-0.15215392119953441,-0.05485631393076962,-0.1121632868884026,-0.023512653366313363,true,true,supported,supported
100,43,12,-0.15997050108710775,-0.03724313526291567,-0.12310468700713728,-0.025931402512729185,true,true,supported,supported
100,43,13,-0.1669807238323343,-0.03135932609289671,-0.13399646036816137,-0.028363255966455614,true,true,supported,supported
100,43,14,-0.17436001155223713,-0.04431733829507478,-0.14483868152288548,-0.030808471984895003,true,true,supported,supported
100,43,15,-0.18623550261539812,-0.019041353406518025,-0.1556323224851307,-0.03326750608379536,true,true,supported,supported
100,44,1,0.0,0.0,0.0,0.0,true,true,supported,supported
100,44,2,0.04674481339346448,0.004930644098386172,-0.01144251922178463,-0.0022990596478537073,true,true,supported,supported
100,44,3,0.011141947653834472,-0.01076003153223204,-0.022834405935228896,-0.004609178441481565,true,true,supported,supported
100,44,4,0.021312542380044985,-0.012969863911085566,-0.03417601520363278,-0.006930613128595886,true,true,supported,supported
100,44,5,0.03524945281923486,0.021663857556511457,-0.04546743062120617,-0.009263535895236208,true,true,supported,supported
100,44,6,-0.002991522448442696,0.013187523323328842,-0.056708336970759055,-0.011608053053717593,true,true,supported,supported
100,44,7,-0.04444978181136883,-0.028743477958503294,-0.06789901947459309,-0.01396439853007514,true,true,supported,supported
100,44,8,-0.03563860968761645,-0.03185927939117539,-0.07904011104729458,-0.0163329104618839,true,true,supported,supported
100,44,9,-0.0561795204598633,0.0036445207476035746,-0.09013118890064764,-0.018713661427476103,true,true,supported,supported
100,44,10,-0.04746175057981494,0.007334458032910551,-0.10117216454028588,-0.021106823250838902,true,true,supported,supported
100,44,11,-0.09842271652047507,-0.01955903003481141,-0.1121632868884026,-0.023512653366313363,true,true,supported,supported
100,44,12,-0.10132861345577393,-0.051257576180155806,-0.12310468700713728,-0.025931402512729185,true,true,supported,supported
100,44,13,-0.09061262736720899,-0.020501037469393357,-0.13399646036816137,-0.028363255966455614,true,true,supported,supported
100,44,14,-0.1104700544591487,-0.03216822987234813,-0.14483868152288548,-0.030808471984895003,true,true,supported,supported
100,44,15,-0.10432854834336203,-0.009801833532421478,-0.1556323224851307,-0.03326750608379536,true,true,supported,supported
100,45,1,0.0,0.0,0.0,0.0,true,true,supported,supported
100,45,2,-0.02160406684475058,-0.037903910128948226,-0.01144251922178463,-0.0022990596478537073,true,true,supported,supported
100,45,3,-0.034772867650932016,-0.01638851052889212,-0.022834405935228896,-0.004609178441481565,true,true,supported,supported
100,45,4,-0.06476941522766466,-0.030175852667212455,-0.03417601520363278,-0.006930613128595886,true,true,supported,supported
100,45,5,-0.05168527278152735,-0.031117054009516698,-0.04546743062120617,-0.009263535895236208,true,true,supported,supported
100,45,6,-0.07626380995861659,-0.014903803856993303,-0.056708336970759055,-0.011608053053717593,true,true,supported,supported
100,45,7,-0.08576956195357877,-0.033298198138975166,-0.06789901947459309,-0.01396439853007514,true,true,supported,supported
100,45,8,-0.10649034909300503,-0.05678409553202168,-0.07904011104729458,-0.0163329104618839,true,true,supported,supported
100,45,9,-0.12425269246717119,-0.07490445176709803,-0.09013118890064764,-0.018713661427476103,true,true,supported,supported
100,45,10,-0.13117366288509458,-0.06924410150137073,-0.10117216454028588,-0.021106823250838902,true,true,supported,supported
100,45,11,-0.16124560842073898,-0.06355191763814005,-0.1121632868884026,-0.023512653366313363,true,true,supported,supported
100,45,12,-0.16580007760211846,-0.0715804228257888,-0.12310468700713728,-0.025931402512729185,true,true,supported,supported
100,45,13,-0.17320411839304495,-0.0780036379502197,-0.13399646036816137,-0.028363255966455614,true,true,supported,supported
100,45,14,-0.20495489237789966,-0.08872301127553106,-0.14483868152288548,-0.030808471984895003,true,true,supported,supported
100,45,15,-0.19243808837770227,-0.07067106250299338,-0.1556323224851307,-0.03326750608379536,true,true,supported,supported
100,46,1,0.0,0.0,0.0,0.0,true,true,supported,supported
100,46,2,-0.050445507483413476,-0.00491984985213767,-0.01144251922178463,-0.0022990596478537073,true,true,supported,supported
100,46,3,-0.049299937761452695,-0.0173006898380611,-0.022834405935228896,-0.004609178441481565,true,true,supported,supported
100,46,4,-0.07426398137917245,-0.051051806673168776,-0.03417601520363278,-0.006930613128595886,true,true,supported,supported
100,46,5,-0.09031584071363707,-0.04492231742751385,-0.04546743062120617,-0.009263535895236208,true,true,supported,supported
100,46,6,-0.0823927315683749,-0.018013904249915003,-0.056708336970759055,-0.011608053053717593,true,true,supported,supported
100,46,7,-0.0904319836266344,-0.011634981162610414,-0.06789901947459309,-0.01396439853007514,true,true,supported,supported
100,46,8,-0.07883401023652425,-0.045486153574564425,-0.07904011104729458,-0.0163329104618839,true,true,supported,supported
100,46,9,-0.12299782466218379,-0.045347962230010475,-0.09013118890064764,-0.018713661427476103,true,true,supported,supported
100,46,10,-0.06753736552686973,0.0014589281523587072,-0.10117216454028588,-0.021106823250838902,true,true,supported,supported
100,46,11,-0.16020614205246542,-0.07358725277287226,-0.1121632868884026,-0.023512653366313363,true,true,supported,supported
100,46,12,-0.14734503133306898,-0.04077022524986407,-0.12310468700713728,-0.025931402512729185,true,true,supported,supported
100,46,13,-0.16871620567639367,-0.08081583148114557,-0.13399646036816137,-0.028363255966455614,true,true,supported,supported
100,46,14,-0.1797700605405954,-0.055369361352471835,-0.14483868152288548,-0.030808471984895003,true,true,supported,supported
100,46,15,-0.13787100838842392,-0.040067300460195354,-0.1556323224851307,-0.03326750608379536,true,true,supported,supported
100,47,1,0.0,0.0,0.0,0.0,true,true,supported,supported
100,47,2,0.002099187890800991,0.00974973065684337,-0.01144251922178463,-0.0022990596478537073,true,true,supported,supported
100,47,3,0.0224185499323859,0.0216917978313792,-0.022834405935228896,-0.004609178441481565,true,true,supported,supported
100,47,4,0.012184200277051582,-0.009342803097478147,-0.03417601520363278,-0.006930613128595886,true,true,supported,supported
100,47,5,-0.004838688992019002,0.032036978346002276,-0.04546743062120617,-0.009263535895236208,true,true,supported,supported
100,47,6,-0.03880905842537541,-0.02305761501391057,-0.056708336970759055,-0.011608053053717593,true,true,supported,supported
100,47,7,-0.07408093299483165,-0.045791161988410156,-0.06789901947459309,-0.01396439853007514,true,true,supported,supported
100,47,8,-0.07189565033242962,-0.02953507702091529,-0.07904011104729458,-0.0163329104618839,true,true,supported,supported
100,47,9,-0.09326922346337974,-0.031424731359207536,-0.09013118890064764,-0.018713661427476103,true,true,supported,supported
100,47,10,-0.0655080139805242,-0.0027973677840820166,-0.10117216454028588,-0.021106823250838902,true,true,supported,supported
100,47,11,-0.09387742404904664,-0.01460877748271916,-0.1121632868884026,-0.023512653366313363,true,true,supported,supported
100,47,12,-0.11535148357112057,0.0005089952570783707,-0.12310468700713728,-0.025931402512729185,true,true,supported,supported
100,47,13,-0.10516205090193953,-0.014473716247381252,-0.13399646036816137,-0.028363255966455614,true,true,supported,supported
100,47,14,-0.10519382576751746,-0.024676887799284675,-0.14483868152288548,-0.030808471984895003,true,true,supported,supported
100,47,15,-0.10854415944602014,-0.027992979181024502,-0.1556323224851307,-0.03326750608379536,true,true,supported,supported
100,48,1,0.0,0.0,0.0,0.0,true,true,supported,supported
100,48,2,0.006703546797477422,0.015828860099183384,-0.01144251922178463,-0.0022990596478537073,true,true,supported,supported
100,48,3,-0.031129839473756582,-7.898018650087657e-05,-0.022834405935228896,-0.004609178441481565,true,true,supported,supported
100,48,4,-0.04265390260923008,-0.0034293917563376075,-0.03417601520363278,-0.006930613128595886,true,true,supported,supported
100,48,5,-0.06832432794262411,-0.0058720785080661475,-0.04546743062120617,-0.009263535895236208,true,true,supported,supported
100,48,6,-0.10232770315302586,-0.007087557487551965,-0.056708336970759055,-0.011608053053717593,true,true,supported,supported
100,48,7,-0.11015299484928753,-0.027649444824737857,-0.06789901947459309,-0.01396439853007514,true,true,supported,supported
100,48,8,-0.09751279545253133,-0.020245481576890212,-0.07904011104729458,-0.0163329104618839,true,true,supported,supported
100,48,9,-0.0940684771044491,0.005724479936242366,-0.09013118890064764,-0.018713661427476103,true,true,supported,supported
100,48,10,-0.10186495075535329,-0.02526182071881744,-0.10117216454028588,-0.021106823250838902,true,true,supported,supported
100,48,11,-0.0958297438664717,-0.006447695354120597,-0.1121632868884026,-0.023512653366313363,true,true,supported,supported
100,48,12,-0.16723890916029938,-0.05354561491824483,-0.12310468700713728,-0.025931402512729185,true,true,supported,supported
100,48,13,-0.14790039387439013,-0.03101746009334949,-0.13399646036816137,-0.028363255966455614,true,true,supported,supported
100,48,14,-0.1819305210919222,-0.0558614078712667,-0.14483868152288548,-0.030808471984895003,true,true,supported,supported
100,48,15,-0.19406954666517673,-0.04889032505406832,-0.1556323224851307,-0.03326750608379536,true,true,supported,supported
100,49,1,0.0,0.0,0.0,0.0,true,true,supported,supported
100,49,2,-0.007370702892286252,-0.048028729872331755,-0.01144251922178463,-0.0022990596478537073,true,true,supported,supported
100,49,3,-0.03488174989714432,-0.03151709568254035,-0.022834405935228896,-0.004609178441481565,true,true,supported,supported
100,49,4,-0.017837538770278494,-0.033692732801248626,-0.03417601520363278,-0.006930613128595886,true,true,supported,supported
100,49,5,-0.035417116852083264,0.0021915114240473876,-0.04546743062120617,-0.009263535895236208,true,true,supported,supported
100,49,6,-0.030211212456541348,-0.04189573469754515,-0.056708336970759055,-0.011608053053717593,true,true,supported,supported
100,49,7,-0.03634191164847522,-0.03340673216879331,-0.06789901947459309,-0.01396439853007514,true,true,supported,supported
100,49,8,-0.07355283078155195,-0.017302827601051285,-0.07904011104729458,-0.0163329104618839,true,true,supported,supported
100,49,9,-0.06829861992372421,-0.030809610059682302,-0.09013118890064764,-0.018713661427476103,true,true,supported,supported
100,49,10,-0.11539658195224023,-0.022742819503700384,-0.10117216454028588,-0.021106823250838902,true,true,supported,supported
100,49,11,-0.1155431798912997,-0.06160140319452723,-0.1121632868884026,-0.023512653366313363,true,true,supported,supported
100,49,12,-0.12731315448568659,-0.07172827167913542,-0.12310468700713728,-0.025931402512729185,true,true,supported,supported
100,49,13,-0.13914931173343548,-0.061534221748925644,-0.13399646036816137,-0.028363255966455614,true,true,supported,supported
100,49,14,-0.12321298516295998,-0.005460325129196253,-0.14483868152288548,-0.030808471984895003,true,true,supported,supported
100,49,15,-0.1201296714291269,-0.019708911452702815,-0.1556323224851307,-0.03326750608379536,true,true,supported,supported
100,50,1,0.0,0.0,0.0,0.0,true,true,supported,supported
100,50,2,-0.026302439774230635,-0.0032109298142463105,-0.01144251922178463,-0.0022990596478537073,true,true,supported,supported
100,50,3,-0.009438136210771497,0.035445834339546956,-0.022834405935228896,-0.004609178441481565,true,true,supported,supported
100,50,4,-0.02421762017574325,-0.002335546774994368,-0.03417601520363278,-0.006930613128595886,true,true,supported,supported
100,50,5,-0.03975739291985536,-0.027059202323834852,-0.04546743062120617,-0.009263535895236208,true,true,supported,supported
100,50,6,-0.047434917031851764,-0.011236763094751967,-0.056708336970759055,-0.011608053053717593,true,true,supported,supported
100,50,7,-0.04624155672839958,0.006465058021235537,-0.06789901947459309,-0.01396439853007514,true,true,supported,supported
100,50,8,-0.0612054424496945,-0.016268114584512494,-0.07904011104729458,-0.0163329104618839,true,true,supported,supported
100,50,9,-0.0839280911357776,0.00568395989559245,-0.09013118890064764,-0.018713661427476103,true,true,supported,supported
100,50,10,-0.12110012239285639,-0.03776984257104132,-0.10117216454028588,-0.021106823250838902,true,true,supported,supported
100,50,11,-0.11635342789777547,-0.04889657589491181,-0.1121632868884026,-0.023512653366313363,true,true,supported,supported
100,50,12,-0.10521969012484322,-0.019715705983816667,-0.12310468700713728,-0.025931402512729185,true,true,supported,supported
100,50,13,-0.13443965917077927,-0.019711724197560176,-0.13399646036816137,-0.028363255966455614,true,true,supported,supported
100,50,14,-0.11113759826559333,-0.02911745502869101,-0.14483868152288548,-0.030808471984895003,true,true,supported,supported
100,50,15,-0.1687433921598004,-0.052187691300541794,-0.1556323224851307,-0.03326750608379536,true,true,supported,supported
100,51,1,0.0,0.0,0.0,0.0,true,true,supported,supported
100,51,2,0.024467980947088686,0.004712688668141896,-0.01144251922178463,-0.0022990596478537073,true,true,supported,supported
100,51,3,0.014855851572662004,0.020364338968225204,-0.022834405935228896,-0.004609178441481565,true,true,supported,supported
100,51,4,-0.02684774435519699,-0.005700752846842128,-0.03417601520363278,-0.006930613128595886,true,true,supported,supported
100,51,5,-0.016729239357151537,0.006820292031575748,-0.04546743062120617,-0.009263535895236208,true,true,supported,supported
100,51,6,-0.008400502524549491,0.018303778871560206,-0.056708336970759055,-0.011608053053717593,true,true,supported,supported
100,51,7,-0.036843618526343436,-0.018875572088404957,-0.06789901947459309,-0.01396439853007514,true,true,supported,supported
100,51,8,-0.038077683399979634,-0.0020897029672708456,-0.07904011104729458,-0.0163329104618839,true,true,supported,supported
100,51,9,-0.04386866197517558,0.023024324204835467,-0.09013118890064764,-0.018713661427476103,true,true,supported,supported
100,51,10,-0.036509447569367914,0.016878918926760966,-0.10117216454028588,-0.021106823250838902,true,true,supported,supported
100,51,11,-0.08502160859180741,-0.014309614056293163,-0.1121632868884026,-0.023512653366313363,true,true,supported,supported
100,51,12,-0.09085190524691533,-0.0023501653552115975,-0.12310468700713728,-0.025931402512729185,true,true,supported,supported
100,51,13,-0.08567866236693777,-0.022778127292611083,-0.13399646036816137,-0.028363255966455614,true,true,supported,supported
100,51,14,-0.10978591899653278,-0.037505500045763585,-0.14483868152288548,-0.030808471984895003,true,true,supported,supported
100,51,15,-0.11336720035326242,-0.017319478168616342,-0.1556323224851307,-0.03326750608379536,true,true,supported,supported
100,52,1,0.0,0.0,0.0,0.0,true,true,supported,supported
100,52,2,0.005350873127221156,-0.0036023117228618506,-0.01144251922178463,-0.0022990596478537073,true,true,supported,supported
100,52,3,-0.022847160768893926,-0.013731633495409512,-0.022834405935228896,-0.004609178441481565,true,true,supported,supported
100,52,4,-0.0016881454976577226,0.018110716040845798,-0.03417601520363278,-0.006930613128595886,true,true,supported,supported
100,52,5,-0.0595617990782219,-0.02876806990963454,-0.04546743062120617,-0.009263535895236208,true,true,supported,supported
100,52,6,-0.029790060059096013,0.0011080672978427408,-0.056708336970759055,-0.011608053053717593,true,true,supported,supported
100,52,7,-0.04259182976540876,-0.01754792633471225,-0.06789901947459309,-0.01396439853007514,true,true,supported,supported
100,52,8,-0.07038276421938872,-0.02510049502510725,-0.07904011104729458,-0.0163329104618839,true,true,supported,supported
100,52,9,-0.09594899899769882,-0.04024553385522245,-0.09013118890064764,-0.018713661427476103,true,true,supported,supported
100,52,10,-0.08291627716900551,-0.009327364123547954,-0.10117216454028588,-0.021106823250838902,true,true,supported,supported
100,52,11,-0.07807198312568575,-0.0031913726783382446,-0.1121632868884026,-0.023512653366313363,true,true,supported,supported
100,52,12,-0.09044328705005422,-0.0025224865387395434,-0.12310468700713728,-0.025931402512729185,true,true,supported,supported
100,52,13,-0.12075139656950062,-0.026839983739978313,-0.13399646036816137,-0.028363255966455614,true,true,supported,supported
100,52,14,-0.12611444466473054,-0.06591982456739531,-0.14483868152288548,-0.030808471984895003,true,true,supported,supported
100,52,15,-0.17770264221655008,-0.023889387877645052,-0.1556323224851307,-0.03326750608379536,true,true,supported,supported
100,53,1,0.0,0.0,0.0,0.0,true,true,supported,supported
100,53,2,0.027079915848894576,0.029019837531769177,-0.01144251922178463,-0.0022990596478537073,true,true,supported,supported
100,53,3,-0.01884254038801003,-0.020010448702478367,-0.022834405935228896,-0.004609178441481565,true,true,supported,supported
100,53,4,-0.04790988478700264,-0.048770116401842256,-0.03417601520363278,-0.006930613128595886,true,true,supported,supported
100,53,5,-0.030892244255360524,-0.0007144864272721207,-0.04546743062120617,-0.009263535895236208,true,true,supported,supported
100,53,6,-0.09769844308238496,-0.04844410751002781,-0.056708336970759055,-0.011608053053717593,true,true,supported,supported
100,53,7,-0.06427668348086724,-0.013734458332032684,-0.06789901947459309,-0.01396439853007514,true,true,supported,supported
100,53,8,-0.10177258740059991,-0.019936859373441917,-0.07904011104729458,-0.0163329104618839,true,true,supported,supported
100,53,9,-0.1151842832821599,-0.041666365537054384,-0.09013118890064764,-0.018713661427476103,true,true,supported,supported
100,53,10,-0.12961514315676415,-0.05403346815082688,-0.10117216454028588,-0.021106823250838902,true,true,supported,supported
100,53,11,-0.13441131123663141,-0.036155845519858176,-0.1121632868884026,-0.023512653366313363,true,true,supported,supported
100,53,12,-0.15750590043901602,-0.06079041743615532,-0.12310468700713728,-0.025931402512729185,true,true,supported,supported
100,53,13,-0.16488584760079505,-0.05455738860822312,-0.13399646036816137,-0.028363255966455614,true,true,supported,supported
100,53,14,-0.1306737669836182,-0.04921831633325524,-0.14483868152288548,-0.030808471984895003,true,true,supported,supported
100,53,15,-0.1475502665505195,-0.040421389847541844,-0.1556323224851307,-0.03326750608379536,true,true,supported,supported
100,54,1,0.0,0.0,0.0,0.0,true,true,supported,supported
100,54,2,-0.03346409041630061,0.005670358869967584,-0.01144251922178463,-0.0022990596478537073,true,true,supported,supported
100,54,3,0.003594768256474312,-0.026552468070662916,-0.022834405935228896,-0.004609178441481565,true,true,supported,supported
100,54,4,-0.04322987102376663,0.003161232390777924,-0.03417601520363278,-0.006930613128595886,true,true,supported,supported
100,54,5,-0.05486456219251523,-0.002258119160779337,-0.04546743062120617,-0.009263535895236208,true,true,supported,supported
100,54,6,-0.031059809932672766,-0.004151587477794871,-0.056708336970759055,-0.011608053053717593,true,true,supported,supported
100,54,7,-0.08315861613047082,-0.012389207088511878,-0.06789901947459309,-0.01396439853007514,true,true,supported,supported
100,54,8,-0.05650116242296077,0.02424958433628266,-0.07904011104729458,-0.0163329104618839,true,true,supported,supported
100,54,9,-0.08772385153206641,-0.014311022927964046,-0.09013118890064764,-0.018713661427476103,true,true,supported,supported
100,54,10,-0.11155812518104458,-0.04210915135777871,-0.10117216454028588,-0.021106823250838902,true,true,supported,supported
100,54,11,-0.13276898660610903,-0.007869800243231029,-0.1121632868884026,-0.023512653366313363,true,true,supported,supported
100,54,12,-0.15439509256693806,-0.030874193095577596,-0.12310468700713728,-0.025931402512729185,true,true,supported,supported
100,54,13,-0.13242171669083713,-0.05602257764409635,-0.13399646036816137,-0.028363255966455614,true,true,supported,supported
100,54,14,-0.1442918210029569,-0.010619015855950487,-0.14483868152288548,-0.030808471984895003,true,true,supported,supported
100,54,15,-0.2089621707052296,-0.06341784403163819,-0.1556323224851307,-0.03326750608379536,true,true,supported,supported
100,55,1,0.0,0.0,0.0,0.0,true,true,supported,supported
100,55,2,-0.030788034028006006,0.016806981424573486,-0.01144251922178463,-0.0022990596478537073,true,true,supported,supported
100,55,3,-0.04711116110537761,-0.025500898437290198,-0.022834405935228896,-0.004609178441481565,true,true,supported,supported
100,55,4,-0.0517857877898632,-0.024540725917503337,-0.03417601520363278,-0.006930613128595886,true,true,supported,supported
100,55,5,-0.07739324477002307,-0.020446315406662086,-0.04546743062120617,-0.009263535895236208,true,true,supported,supported
100,55,6,-0.08002232069358373,-0.034335807730944135,-0.056708336970759055,-0.011608053053717593,true,true,supported,supported
100,55,7,-0.0750143889985615,0.0015317547249389385,-0.06789901947459309,-0.01396439853007514,true,true,supported,supported
100,55,8,-0.113295604799873,-0.02197949226158047,-0.07904011104729458,-0.0163329104618839,true,true,supported,supported
100,55,9,-0.11907069605793841,0.015411060171983681,-0.09013118890064764,-0.018713661427476103,true,true,supported,supported
100,55,10,-0.12178797331215385,-0.05422255882635074,-0.10117216454028588,-0.021106823250838902,true,true,supported,supported
100,55,11,-0.133367723539896,-0.02415991386773908,-0.1121632868884026,-0.023512653366313363,true,true,supported,supported
100,55,12,-0.14771621715516903,-0.018630504593850516,-0.12310468700713728,-0.025931402512729185,true,true,supported,supported
100,55,13,-0.13869949708710294,-0.02559912542757914,-0.13399646036816137,-0.028363255966455614,true,true,supported,supported
100,55,14,-0.1768519856913484,-0.02493847534169702,-0.14483868152288548,-0.030808471984895003,true,true,supported,supported
100,55,15,-0.175293386159445,-0.03987439512680646,-0.1556323224851307,-0.03326750608379536,true,true,supported,supported
100,56,1,0.0,0.0,0.0,0.0,true,true,supported,supported
100,56,2,-0.0053610877128507095,-0.02111165853842234,-0.01144251922178463,-0.0022990596478537073,true,true,supported,supported
100,56,3,-0.026123110513884162,-0.03200655905742589,-0.022834405935228896,-0.004609178441481565,true,true,supported,supported
100,56,4,-0.032991465628112726,-0.019489415055278902,-0.03417601520363278,-0.006930613128595886,true,true,supported,supported
100,56,5,-0.06401154193090186,-0.06212987784018098,-0.04546743062120617,-0.009263535895236208,true,true,supported,supported
100,56,6,-0.055413021102274085,-0.02414760472968025,-0.056708336970759055,-0.011608053053717593,true,true,supported,supported
100,56,7,-0.07232802343268252,-0.048484873913360316,-0.06789901947459309,-0.01396439853007514,true,true,supported,supported
100,56,8,-0.06168867822456425,-0.04537942791527483,-0.07904011104729458,-0.0163329104618839,true,true,supported,supported
100,56,9,-0.0892332867289155,-0.04607962651499997,-0.09013118890064764,-0.018713661427476103,true,true,supported,supported
100,56,10,-0.12971734118772993,-0.08512815780366267,-0.10117216454028588,-0.021106823250838902,true,true,supported,supported
100,56,11,-0.11380127272180462,-0.042982074446583196,-0.1121632868884026,-0.023512653366313363,true,true,supported,supported
100,56,12,-0.12919414869843615,-0.05307628049211388,-0.12310468700713728,-0.025931402512729185,true,true,supported,supported
100,56,13,-0.11630154577762764,-0.053179316323997416,-0.13399646036816137,-0.028363255966455614,true,true,supported,supported
100,56,14,-0.13420910629133498,-0.041968843192186966,-0.14483868152288548,-0.030808471984895003,true,true,supported,supported
100,56,15,-0.1393328482681191,-0.06630673022626421,-0.1556323224851307,-0.03326750608379536,true,true,supported,supported
100,57,1,0.0,0.0,0.0,0.0,true,true,supported,supported
100,57,2,-0.026626294737179923,-0.030284924119037493,-0.01144251922178463,-0.0022990596478537073,true,true,supported,supported
100,57,3,0.033642577296520204,0.020468794184303363,-0.022834405935228896,-0.004609178441481565,true,true,supported,supported
100,57,4,-0.019455275340093725,-0.00777655989995929,-0.03417601520363278,-0.006930613128595886,true,true,supported,supported
100,57,5,-0.035949316613905324,-0.0084246516916886,-0.04546743062120617,-0.009263535895236208,true,true,supported,supported
100,57,6,-0.043180583260074346,0.00566814646043956,-0.056708336970759055,-0.011608053053717593,true,true,supported,supported
100,57,7,-0.05486495832988314,-0.03795563627693643,-0.06789901947459309,-0.01396439853007514,true,true,supported,supported
100,57,8,-0.05474802508701393,-0.016886112127263986,-0.07904011104729458,-0.0163329104618839,true,true,supported,supported
100,57,9,-0.0494476785346718,0.012270548442867346,-0.09013118890064764,-0.018713661427476103,true,true,supported,supported
100,57,10,-0.05623711791644792,-0.034680121995318114,-0.10117216454028588,-0.021106823250838902,true,true,supported,supported
100,57,11,-0.10873512333635438,-0.04535029125278567,-0.1121632868884026,-0.023512653366313363,true,true,supported,supported
100,57,12,-0.1286029362602471,-0.047068229964804864,-0.12310468700713728,-0.025931402512729185,true,true,supported,supported
100,57,13,-0.09623916633187402,-0.020940265705433614,-0.13399646036816137,-0.028363255966455614,true,true,supported,supported
100,57,14,-0.08196031652476554,-0.005314395302118413,-0.14483868152288548,-0.030808471984895003,true,true,supported,supported
100,57,15,-0.14641409170282926,-0.07097115638589413,-0.1556323224851307,-0.03326750608379536,true,true,supported,supported
100,58,1,0.0,0.0,0.0,0.0,true,true,supported,supported
100,58,2,0.030633137114691067,0.007969742885574949,-0.01144251922178463,-0.0022990596478537073,true,true,supported,supported
100,58,3,-0.041751188298442266,-0.027773317255802454,-0.022834405935228896,-0.004609178441481565,true,true,supported,supported
100,58,4,-0.03893140918054816,-0.00489205078986199,-0.03417601520363278,-0.006930613128595886,true,true,supported,supported
100,58,5,-0.02409789754129965,0.006273819272586412,-0.04546743062120617,-0.009263535895236208,true,true,supported,supported
100,58,6,-0.054683040059432475,-0.028652079452737733,-0.056708336970759055,-0.011608053053717593,true,true,supported,supported
100,58,7,-0.037439806388301355,-0.0160703867870432,-0.06789901947459309,-0.01396439853007514,true,true,supported,supported
100,58,8,-0.05883800513504833,-0.026519707076560706,-0.07904011104729458,-0.0163329104618839,true,true,supported,supported
100,58,9,-0.10257602089863815,-0.029864450815939025,-0.09013118890064764,-0.018713661427476103,true,true,supported,supported
100,58,10,-0.07711883575394074,-0.0021770564771455003,-0.10117216454028588,-0.021106823250838902,true,true,supported,supported
100,58,11,-0.07815998955700709,-0.017352148933320044,-0.1121632868884026,-0.023512653366313363,true,true,supported,supported
100,58,12,-0.14898964182236474,-0.06634505650858569,-0.12310468700713728,-0.025931402512729185,true,true,supported,supported
100,58,13,-0.08965304571095567,-0.013481784064383051,-0.13399646036816137,-0.028363255966455614,true,true,supported,supported
100,58,14,-0.14821549399742018,-0.04802637712769586,-0.14483868152288548,-0.030808471984895003,true,true,supported,supported
100,58,15,-0.20143771024348223,-0.041743146764932404,-0.1556323224851307,-0.03326750608379536,true,true,supported,supported
100,59,1,0.0,0.0,0.0,0.0,true,true,supported,supported
100,59,2,-0.042309739416042436,-0.005455762574417822,-0.01144251922178463,-0.0022990596478537073,true,true,supported,supported
100,59,3,-0.07125548019200334,0.00934467133281236,-0.022834405935228896,-0.004609178441481565,true,true,supported,supported
100,59,4,-0.02925420472214635,0.01306399269602887,-0.03417601520363278,-0.006930613128595886,true,true,supported,supported
100,59,5,-0.06892410563443108,-0.03617596274065449,-0.04546743062120617,-0.009263535895236208,true,true,supported,supported
100,59,6,-0.09261023051842299,0.0017255904672413003,-0.056708336970759055,-0.011608053053717593,true,true,supported,supported
100,59,7,-0.06373441449652661,0.007313056532095019,-0.06789901947459309,-0.01396439853007514,true,true,supported,supported
100,59,8,-0.08207764233284687,-0.002190577086987111,-0.07904011104729458,-0.0163329104618839,true,true,supported,supported
100,59,9,-0.11446598853005296,-0.030275255779911525,-0.09013118890064764,-0.018713661427476103,true,true,supported,supported
100,59,10,-0.131386044308478,-9.506266563663601e-05,-0.10117216454028588,-0.021106823250838902,true,true,supported,supported
100,59,11,-0.11230409224752358,-0.014243245526442294,-0.1121632868884026,-0.023512653366313363,true,true,supported,supported
100,59,12,-0.14873892686035528,-0.0459670181168107,-0.12310468700713728,-0.025931402512729185,true,true,supported,supported
100,59,13,-0.13792171887138605,-0.014554869572497298,-0.13399646036816137,-0.028363255966455614,true,true,supported,supported
100,59,14,-0.16404831253140728,-0.02505699424033858,-0.14483868152288548,-0.030808471984895003,true,true,supported,supported
100,59,15,-0.19495272743197067,-0.043696833920254696,-0.1556323224851307,-0.03326750608379536,true,true,supported,supported
100,60,1,0.0,0.0,0.0,0.0,true,true,supported,supported
100,60,2,0.006907581056945666,0.03033281725104109,-0.01144251922178463,-0.0022990596478537073,true,true,supported,supported
100,60,3,-0.01305765675242443,0.02617650637304747,-0.022834405935228896,-0.004609178441481565,true,true,supported,supported
100,60,4,-0.027927058279068828,0.03283486882594744,-0.03417601520363278,-0.006930613128595886,true,true,supported,supported
100,60,5,-0.020916205106730312,0.053132564720430375,-0.04546743062120617,-0.009263535895236208,true,true,supported,supported
100,60,6,-0.07631891098426169,0.018688158459246984,-0.056708336970759055,-0.011608053053717593,true,true,supported,supported
100,60,7,-0.04855730836193639,0.003195223044392903,-0.06789901947459309,-0.01396439853007514,true,true,supported,supported
100,60,8,-0.04012658293771232,0.007942972785250801,-0.07904011104729458,-0.0163329104618839,true,true,supported,supported
100,60,9,-0.08165855476823536,0.01848176496330578,-0.09013118890064764,-0.018713661427476103,true,true,supported,supported
100,60,10,-0.1327947261563276,-0.008445985833912095,-0.10117216454028588,-0.021106823250838902,true,true,supported,supported
100,60,11,-0.11234558547111628,-0.009594950695018367,-0.1121632868884026,-0.023512653366313363,true,true,supported,supported
100,60,12,-0.07414269330087309,0.0031523290220117905,-0.12310468700713728,-0.025931402512729185,true,true,supported,supported
100,60,13,-0.10677735407296296,0.011395342211333537,-0.13399646036816137,-0.028363255966455614,true,true,supported,supported
100,60,14,-0.1375951468557045,-0.007062592703827031,-0.14483868152288548,-0.030808471984895003,true,true,supported,supported
100,60,15,-0.17793290465322353,-0.03676748066471791,-0.1556323224851307,-0.03326750608379536,true,true,supported,supported
100,61,1,0.0,0.0,0.0,0.0,true,true,supported,supported
100,61,2,-0.025273946146993742,-0.0039739540475937085,-0.01144251922178463,-0.0022990596478537073,true,true,supported,supported
100,61,3,0.003294773543972118,-0.016401791759595108,-0.022834405935228896,-0.004609178441481565,true,true,supported,supported
100,61,4,-0.031712929139152135,0.0015445146034160917,-0.03417601520363278,-0.006930613128595886,true,true,supported,supported
100,61,5,-0.03247866905150676,0.003292285168104314,-0.04546743062120617,-0.009263535895236208,true,true,supported,supported
100,61,6,-0.028480099859608532,0.007124873185753167,-0.056708336970759055,-0.011608053053717593,true,true,supported,supported
100,61,7,-0.04596907176474885,-0.0023080694313512007,-0.06789901947459309,-0.01396439853007514,true,true,supported,supported
100,61,8,-0.06492552875127389,-0.02660459549544636,-0.07904011104729458,-0.0163329104618839,true,true,supported,supported
100,61,9,-0.059710807859820525,-0.015100442766722622,-0.09013118890064764,-0.018713661427476103,true,true,supported,supported
100,61,10,-0.0996630208945054,-0.03316553104015829,-0.10117216454028588,-0.021106823250838902,true,true,supported,supported
100,61,11,-0.0804603744448169,-0.0246202102084655,-0.1121632868884026,-0.023512653366313363,true,true,supported,supported
100,61,12,-0.09201242600716064,-0.0028486076810909644,-0.12310468700713728,-0.025931402512729185,true,true,supported,supported
100,61,13,-0.11270487294706266,-0.03978612990949626,-0.13399646036816137,-0.028363255966455614,true,true,supported,supported
100,61,14,-0.1498076144334296,-0.033499427990898334,-0.14483868152288548,-0.030808471984895003,true,true,supported,supported
100,61,15,-0.139082168205105,-0.06357943829192114,-0.1556323224851307,-0.03326750608379536,true,true,supported,supported
100,62,1,0.0,0.0,0.0,0.0,true,true,supported,supported
100,62,2,-0.023088502472486727,-0.0002147691047947875,-0.01144251922178463,-0.0022990596478537073,true,true,supported,supported
100,62,3,-0.0628232985815439,0.02671484646837574,-0.022834405935228896,-0.004609178441481565,true,true,supported,supported
100,62,4,-0.03008061849091903,0.008097076989319829,-0.03417601520363278,-0.006930613128595886,true,true,supported,supported
100,62,5,-0.06403923290237756,-0.003517528753666399,-0.04546743062120617,-0.009263535895236208,true,true,supported,supported
100,62,6,-0.09977074530758101,-0.03657230736537276,-0.056708336970759055,-0.011608053053717593,true,true,supported,supported
100,62,7,-0.06194482304518789,0.011971259215455499,-0.06789901947459309,-0.01396439853007514,true,true,supported,supported
100,62,8,-0.10590947328645706,-0.02229685584317498,-0.07904011104729458,-0.0163329104618839,true,true,supported,supported
100,62,9,-0.098620154426456,-0.014957019683424555,-0.09013118890064764,-0.018713661427476103,true,true,supported,supported
100,62,10,-0.1536428885843827,-0.020530366004613887,-0.10117216454028588,-0.021106823250838902,true,true,supported,supported
100,62,11,-0.14187616138216286,-0.02583502094549439,-0.1121632868884026,-0.023512653366313363,true,true,supported,supported
100,62,12,-0.14933245734975975,-0.03896529965861639,-0.12310468700713728,-0.025931402512729185,true,true,supported,supported
100,62,13,-0.12429101553266686,-0.006367982676710793,-0.13399646036816137,-0.028363255966455614,true,true,supported,supported
100,62,14,-0.17116728758431565,-0.04142801556011633,-0.14483868152288548,-0.030808471984895003,true,true,supported,supported
100,62,15,-0.16623133880874252,-0.04885278740113885,-0.1556323224851307,-0.03326750608379536,true,true,supported,supported
100,63,1,0.0,0.0,0.0,0.0,true,true,supported,supported
100,63,2,0.031693009222493074,0.016896101770083716,-0.01144251922178463,-0.0022990596478537073,true,true,supported,supported
100,63,3,-0.018243419880444423,-0.005310174356208952,-0.022834405935228896,-0.004609178441481565,true,true,supported,supported
100,63,4,-0.026174943467709544,-0.033404732270293946,-0.03417601520363278,-0.006930613128595886,true,true,supported,supported
100,63,5,-0.04800645193342101,-0.03464188231720822,-0.04546743062120617,-0.009263535895236208,true,true,supported,supported
100,63,6,-0.01610824871550609,-0.025625255392819235,-0.056708336970759055,-0.011608053053717593,true,true,supported,supported
100,63,7,-0.021938743342924116,-0.019220267150579673,-0.06789901947459309,-0.01396439853007514,true,true,supported,supported
100,63,8,-0.05282118010521464,-0.042834149530334376,-0.07904011104729458,-0.0163329104618839,true,true,supported,supported
100,63,9,-0.04221419392953618,-0.0220618785023734,-0.09013118890064764,-0.018713661427476103,true,true,supported,supported
100,63,10,-0.10183633876515907,-0.059263731406827946,-0.10117216454028588,-0.021106823250838902,true,true,supported,supported
100,63,11,-0.07365620271372464,-0.0457497440324367,-0.1121632868884026,-0.023512653366313363,true,true,supported,supported
100,63,12,-0.10095248208471974,-0.06984720318281168,-0.12310468700713728,-0.025931402512729185,true,true,supported,supported
100,63,13,-0.12488357975773756,-0.03338136905601452,-0.13399646036816137,-0.028363255966455614,true,true,supported,supported
100,63,14,-0.0995259786797017,-0.05735540075355383,-0.14483868152288548,-0.030808471984895003,true,true,supported,supported
100,63,15,-0.1252765756074279,-0.030827380384175318,-0.1556323224851307,-0.03326750608379536,true,true,supported,supported
150,0,1,0.0,0.0,0.0,0.0,true,true,supported,supported
150,0,2,-0.016601332826067794,-0.03445648639721621,-0.017144780418153927,-0.00345272346108616,true,true,supported,supported
150,0,3,-0.03527051629407041,-0.018535960887672065,-0.03417601520363278,-0.006930613128595886,true,true,supported,supported
150,0,4,-0.04866561750269249,-0.03480900205935067,-0.05109417327923127,-0.010434328416402794,true,true,supported,supported
150,0,5,-0.06837352282744635,-0.02473833472244069,-0.06789901947459309,-0.01396439853007514,true,true,supported,supported
150,0,6,-0.08247762804885783,-0.05497044573370424,-0.08459193951108257,-0.0175217503731524,true,true,supported,supported
150,0,7,-0.12164924640865504,-0.04443214735350598,-0.10117216454028588,-0.021106823250838902,true,true,supported,supported
150,0,8,-0.11761368923264992,-0.05059735648022434,-0.11764019563580796,-0.024720393526136863,true,true,supported,supported
150,0,9,-0.1396047388820757,-0.059946190788882636,-0.13399646036816137,-0.028363255966455614,true,true,supported,supported
150,0,10,-0.1539994870878687,-0.09194197282555283,-0.15024172497623478,-0.03203628314860352,true,true,supported,supported
150,0,11,-0.17423289698483002,-0.06306105302365417,-0.16637602355004444,-0.03574024009935106,true,true,supported,supported
150,0,12,-0.18351293057138618,-0.08194570756963893,-0.18239863579193882,-0.03947577592515228,true,true,supported,supported
150,0,13,-0.19232646114608154,-0.05241670503526841,-0.19831012895115097,-0.04324382565070417,true,true,supported,supported
150,0,14,-0.21340778701118523,-0.06071573462993596,-0.21411068847671255,-0.04704526189227565,true,true,supported,supported
150,0,15,-0.23078307318148106,-0.10922571997336039,-0.22980045707614938,-0.050881040517256726,true,true,supported,supported
150,1,1,0.0,0.0,0.0,0.0,true,true,supported,supported
150,1,2,-0.017673501316704088,-0.00010101865056011405,-0.017144780418153927,-0.00345272346108616,true,true,supported,supported
150,1,3,-0.016985545180101758,-0.016048693398515224,-0.03417601520363278,-0.006930613128595886,true,true,supported,supported
150,1,4,-0.042870878862937056,-0.03780724408860925,-0.05109417327923127,-0.010434328416402794,true,true,supported,supported
150,1,5,-0.05750277051472885,-0.012056464629125352,-0.06789901947459309,-0.01396439853007514,true,true,supported,supported
150,1,6,-0.07260893136873436,-0.024832742391449614,-0.08459193951108257,-0.0175217503731524,true,true,supported,supported
150,1,7,-0.10338031030596384,-0.037230361616472085,-0.10117216454028588,-0.021106823250838902,true,true,supported,supported
150,1,8,-0.08710765495729467,-0.02959297781913628,-0.11764019563580796,-0.024720393526136863,true,true,supported,supported
150,1,9,-0.09137300410789462,-0.039310707254022415,-0.13399646036816137,-0.028363255966455614,true,true,supported,supported
150,1,10,-0.14290028152861955,-0.04365688331599715,-0.15024172497623478,-0.03203628314860352,true,true,supported,supported
150,1,11,-0.1700978210133357,-0.06841075081385817,-0.16637602355004444,-0.03574024009935106,true,true,supported,supported
150,1,12,-0.1821424248953899,-0.06206030860493572,-0.18239863579193882,-0.03947577592515228,true,true,supported,supported
150,1,13,-0.18616186744872543,-0.032984786064240934,-0.19831012895115097,-0.04324382565070417,true,true,supported,supported
150,1,14,-0.2128169823431788,-0.047160666861405964,-0.21411068847671255,-0.04704526189227565,true,true,supported,supported
150,1,15,-0.2231497286065004,-0.08238786987167179,-0.22980045707614938,-0.050881040517256726,true,true,supported,supported
150,2,1,0.0,0.0,0.0,0.0,true,true,supported,supported
150,2,2,-0.02746330328485025,-0.014287509796911957,-0.017144780418153927,-0.00345272346108616,true,true,supported,supported
150,2,3,-0.06128903518733231,-0.022344402246920803,-0.03417601520363278,-0.006930613128595886,true,true,supported,supported
150,2,4,-0.02509100019105992,0.010201262496752572,-0.05109417327923127,-0.010434328416402794,true,true,supported,supported
150,2,5,-0.061595015764052796,-0.01491902473046991,-0.06789901947459309,-0.01396439853007514,true,true,supported,supported
150,2,6,-0.07947191523937569,-0.023468371091342477,-0.08459193951108257,-0.0175217503731524,true,true,supported,supported
150,2,7,-0.09375729038257063,-0.024558401587224665,-0.10117216454028588,-0.021106823250838902,true,true,supported,supported
150,2,8,-0.12430038295669144,-0.03390025415202691,-0.11764019563580796,-0.024720393526136863,true,true,supported,supported
150,2,9,-0.14059450498318182,-0.022114472045873468,-0.13399646036816137,-0.028363255966455614,true,true,supported,supported
150,2,10,-0.15985445009803545,-0.015422077162129622,-0.15024172497623478,-0.03203628314860352,true,true,supported,supported
150,2,11,-0.17035347803629775,-0.035055021069327896,-0.16637602355004444,-0.03574024009935106,true,true,supported,supported
150,2,12,-0.2091365433431116,-0.035254859469404765,-0.18239863579193882,-0.03947577592515228,true,true,supported,supported
150,2,13,-0.22482238375199426,-0.0106719072427236,-0.19831012895115097,-0.04324382565070417,true,true,supported,supported
150,2,14,-0.2258249038904504,-0.04024419624321274,-0.21411068847671255,-0.04704526189227565,true,true,supported,supported
150,2,15,-0.24357648310263535,-0.03486189839223597,-0.22980045707614938,-0.050881040517256726,true,true,supported,supported
150,3,1,0.0,0.0,0.0,0.0,true,true,supported,supported
150,3,2,-0.008550664580353806,-0.022996741234218354,-0.017144780418153927,-0.00345272346108616,true,true,supported,supported
150,3,3,-0.02019000968857576,-0.026922190463738227,-0.03417601520363278,-0.006930613128595886,true,true,supported,supported
150,3,4,-0.04920833602505348,-0.011144218786758642,-0.05109417327923127,-0.010434328416402794,true,true,supported,supported
150,3,5,-0.03209739558342917,-0.0018207205601046272,-0.06789901947459309,-0.01396439853007514,true,true,supported,supported
150,3,6,-0.0545170925210543,-0.04085316450245369,-0.08459193951108257,-0.0175217503731524,true,true,supported,supported
150,3,7,-0.07165139707266455,-0.02370524537396168,-0.10117216454028588,-0.021106823250838902,true,true,supported,supported
150,3,8,-0.11711555212567104,-0.04273770672202304,-0.11764019563580796,-0.024720393526136863,true,true,supported,supported
150,3,9,-0.1315086563889334,-0.04722018161692543,-0.13399646036816137,-0.028363255966455614,true,true,supported,supported
150,3,10,-0.13392878112414364,-0.019601258759688878,-0.15024172497623478,-0.03203628314860352,true,true,supported,supported
150,3,11,-0.18340178381408034,-0.09223020150012529,-0.16637602355004444,-0.03574024009935106,true,true,supported,supported
150,3,12,-0.18109476186498186,-0.05779084206679741,-0.18239863579193882,-0.03947577592515228,true,true,supported,supported
150,3,13,-0.19845591791502404,-0.05527379187406378,-0.19831012895115097,-0.04324382565070417,true,true,supported,supported
150,3,14,-0.18185245333605704,-0.03300574394504718,-0.21411068847671255,-0.04704526189227565,true,true,supported,supported
150,3,15,-0.21201723354077173,-0.06157991032668786,-0.22980045707614938,-0.050881040517256726,true,true,supported,supported
150,4,1,0.0,0.0,0.0,0.0,true,true,supported,supported
150,4,2,-0.011896929038129556,-0.005292530144701546,-0.017144780418153927,-0.00345272346108616,true,true,supported,supported
150,4,3,-0.03933640864151322,-0.011912723155776628,-0.03417601520363278,-0.006930613128595886,true,true,supported,supported
150,4,4,-0.05391804299193448,-0.04122306545057719,-0.05109417327923127,-0.010434328416402794,true,true,supported,supported
150,4,5,-0.07101362057333949,-0.03693178540678599,-0.06789901947459309,-0.01396439853007514,true,true,supported,supported
150,4,6,-0.08862661067416422,-0.010618119421989869,-0.08459193951108257,-0.0175217503731524,true,true,supported,supported
150,4,7,-0.08713114309051773,-0.023109840623098843,-0.10117216454028588,-0.021106823250838902,true,true,supported,supported
150,4,8,-0.10901544447445832,-0.04288733265000766,-0.11764019563580796,-0.024720393526136863,true,true,supported,supported
150,4,9,-0.12908214535128382,-0.04478419091447172,-0.13399646036816137,-0.028363255966455614,true,true,supported,supported
150,4,10,-0.14014541394598057,-0.01997133166412346,-0.15024172497623478,-0.03203628314860352,true,true,supported,supported
150,4,11,-0.15198034697919371,-0.016583984680062835,-0.16637602355004444,-0.03574024009935106,true,true,supported,supported
150,4,12,-0.17695890665326275,-0.06399445822912408,-0.18239863579193882,-0.03947577592515228,true,true,supported,supported
150,4,13,-0.18284633155461594,-0.04319007076328796,-0.19831012895115097,-0.04324382565070417,true,true,supported,supported
150,4,14,-0.20606413421461311,-0.034349754469477856,-0.21411068847671255,-0.04704526189227565,true,true,supported,supported
150,4,15,-0.23803263025406163,-0.03323578525233051,-0.22980045707614938,-0.050881040517256726,true,true,supported,supported
150,5,1,0.0,0.0,0.0,0.0,true,true,supported,supported
150,5,2,-0.014721820328262858,0.0030265395514783577,-0.017144780418153927,-0.00345272346108616,true,true,supported,supported
150,5,3,-0.05301360525613452,-0.007232879801765124,-0.03417601520363278,-0.006930613128595886,true,true,supported,supported
150,5,4,-0.046283276599541234,-0.016138869422024804,-0.05109417327923127,-0.010434328416402794,true,true,supported,supported
150,5,5,-0.09286867405912935,-0.028672202201907693,-0.06789901947459309,-0.01396439853007514,true,true,supported,supported
150,5,6,-0.12124109750893108,-0.013917663133780511,-0.08459193951108257,-0.0175217503731524,true,true,supported,supported
150,5,7,-0.10182609064860848,-0.019223153630185896,-0.10117216454028588,-0.021106823250838902,true,true,supported,supported
150,5,8,-0.13913063489630217,-0.02194903697562056,-0.11764019563580796,-0.024720393526136863,true,true,supported,supported
150,5,9,-0.15282190807177176,-0.028129342442070104,-0.13399646036816137,-0.028363255966455614,true,true,supported,supported
150,5,10,-0.13805309994889858,-0.0477297626107821,-0.15024172497623478,-0.03203628314860352,true,true,supported,supported
150,5,11,-0.21041796924339173,-0.04334500032651978,-0.16637602355004444,-0.03574024009935106,true,true,supported,supported
150,5,12,-0.18727468676316572,-0.047750870785352784,-0.18239863579193882,-0.03947577592515228,true,true,supported,supported
150,5,13,-0.22246756097928544,-0.052564568076172824,-0.19831012895115097,-0.04324382565070417,true,true,supported,supported
150,5,14,-0.2232335574290062,-0.036816467644379514,-0.21411068847671255,-0.04704526189227565,true,true,supported,supported
150,5,15,-0.23422880950738822,-0.06624941443247678,-0.22980045707614938,-0.050881040517256726,true,true,supported,supported
150,6,1,0.0,0.0,0.0,0.0,true,true,supported,supported
150,6,2,-0.04487052367886779,-0.0010098171956837154,-0.017144780418153927,-0.00345272346108616,true,true,supported,supported
150,6,3,-0.05352131733998322,-0.01135359096294819,-0.03417601520363278,-0.006930613128595886,true,true,supported,supported
150,6,4,-0.04147323391499802,0.019558428741517808,-0.05109417327923127,-0.010434328416402794,true,true,supported,supported
150,6,5,-0.06110399919796394,0.02313992630106254,-0.06789901947459309,-0.01396439853007514,true,true,supported,supported
150,6,6,-0.05458204764278918,0.017490536705750293,-0.08459193951108257,-0.0175217503731524,true,true,supported,supported
150,6,7,-0.06517672492271631,0.010780385313951979,-0.10117216454028588,-0.021106823250838902,true,true,supported,supported
150,6,8,-0.12417702162502409,-0.0034328810613817318,-0.11764019563580796,-0.024720393526136863,true,true,supported,supported
150,6,9,-0.11481233382227862,-0.03257976660582329,-0.13399646036816137,-0.028363255966455614,true,true,supported,supported
150,6,10,-0.14364684892272617,-0.029825248821605865,-0.15024172497623478,-0.03203628314860352,true,true,supported,supported
150,6,11,-0.17043767783052666,-0.01898409004124746,-0.16637602355004444,-0.03574024009935106,true,true,supported,supported
150,6,12,-0.15659275495807767,-0.025351028514914664,-0.18239863579193882,-0.03947577592515228,true,true,supported,supported
150,6,13,-0.17066328223596117,-0.010556826130467822,-0.19831012895115097,-0.04324382565070417,true,true,supported,supported
150,6,14,-0.22424812718633447,-0.04280684880905394,-0.21411068847671255,-0.04704526189227565,true,true,supported,supported
150,6,15,-0.2213798991626802,-0.012795663229223986,-0.22980045707614938,-0.050881040517256726,true,true,supported,supported
150,7,1,0.0,0.0,0.0,0.0,true,true,supported,supported
150,7,2,-0.025795590361880505,0.009308128749731637,-0.017144780418153927,-0.00345272346108616,true,true,supported,supported
150,7,3,-0.043653881602378375,-0.0017679544429793914,-0.03417601520363278,-0.006930613128595886,true,true,supported,supported
150,7,4,-0.06979553625223356,-0.021476599948145103,-0.05109417327923127,-0.010434328416402794,true,true,supported,supported
150,7,5,-0.09399574433018698,-0.023294749008239357,-0.06789901947459309,-0.01396439853007514,true,true,supported,supported
150,7,6,-0.08891683452888965,0.004330479801480491,-0.08459193951108257,-0.0175217503731524,true,true,supported,supported
150,7,7,-0.08816476567258902,-0.04496801574057674,-0.10117216454028588,-0.021106823250838902,true,true,supported,supported
150,7,8,-0.12922507687536677,-0.03387422516376304,-0.11764019563580796,-0.024720393526136863,true,true,supported,supported
150,7,9,-0.15665242850054006,-0.04063212825295914,-0.13399646036816137,-0.028363255966455614,true,true,supported,supported
150,7,10,-0.1447545557023464,-0.025159208671572952,-0.15024172497623478,-0.03203628314860352,true,true,supported,supported
150,7,11,-0.1838414348549423,-0.03589814955961579,-0.16637602355004444,-0.03574024009935106,true,true,supported,supported
150,7,12,-0.1947860020242358,-0.059231370445495424,-0.18239863579193882,-0.03947577592515228,true,true,supported,supported
150,7,13,-0.19598159748030908,-0.042860333507670156,-0.19831012895115097,-0.04324382565070417,true,true,supported,supported
150,7,14,-0.24238699872972203,-0.05557295023588982,-0.21411068847671255,-0.04704526189227565,true,true,supported,supported
150,7,15,-0.2201018699240097,-0.05814277952385449,-0.22980045707614938,-0.050881040517256726,true,true,supported,supported
150,8,1,0.0,0.0,0.0,0.0,true,true,supported,supported
150,8,2,-0.0005076033675625036,0.0235405797984074,-0.017144780418153927,-0.00345272346108616,true,true,supported,supported
150,8,3,-0.025806010955489622,-0.0018886403635096638,-0.03417601520363278,-0.006930613128595886,true,true,supported,supported
150,8,4,-0.03867175214252094,-0.0012234945389106855,-0.05109417327923127,-0.010434328416402794,true,true,supported,supported
150,8,5,-0.0542413134319617,0.008550574702748115,-0.06789901947459309,-0.01396439853007514,true,true,supported,supported
150,8,6,-0.06118782124635469,-0.00809220866194782,-0.08459193951108257,-0.0175217503731524,true,true,supported,supported
150,8,7,-0.1252213570612034,-0.014761827509095715,-0.10117216454028588,-0.021106823250838902,true,true,supported,supported
150,8,8,-0.07933771229530384,0.0053954656586299166,-0.11764019563580796,-0.024720393526136863,true,true,supported,supported
150,8,9,-0.11959759339826903,-0.015132892112809881,-0.13399646036816137,-0.028363255966455614,true,true,supported,supported
150,8,10,-0.15214911847538803,-0.014572127832478188,-0.15024172497623478,-0.03203628314860352,true,true,supported,supported
150,8,11,-0.17130575821041216,-0.018991605454811267,-0.16637602355004444,-0.03574024009935106,true,true,supported,supported
150,8,12,-0.16404436724022264,-0.03309600371370036,-0.18239863579193882,-0.03947577592515228,true,true,supported,supported
150,8,13,-0.18717058352019855,-0.016379639625215714,-0.19831012895115097,-0.04324382565070417,true,true,supported,supported
150,8,14,-0.21301538612659943,-0.022810547760508393,-0.21411068847671255,-0.04704526189227565,true,true,supported,supported
150,8,15,-0.23025687143563467,-0.04479214792649322,-0.22980045707614938,-0.050881040517256726,true,true,supported,supported
150,9,1,0.0,0.0,0.0,0.0,true,true,supported,supported
150,9,2,-0.011956950473074546,0.027654719551131857,-0.017144780418153927,-0.00345272346108616,true,true,supported,supported
150,9,3,-0.0384733052676427,0.038893526477301155,-0.03417601520363278,-0.006930613128595886,true,true,supported,supported
150,9,4,-0.06507577191026093,0.010065809767347944,-0.05109417327923127,-0.010434328416402794,true,true,supported,supported
150,9,5,-0.05880314075390569,-0.010280800529950063,-0.06789901947459309,-0.01396439853007514,true,true,supported,supported
150,9,6,-0.08716035000573985,0.004989607133088936,-0.08459193951108257,-0.0175217503731524,true,true,supported,supported
150,9,7,-0.09480764051452184,-0.013260707035015806,-0.10117216454028588,-0.021106823250838902,true,true,supported,supported
150,9,8,-0.11729351929297072,0.004532700872757589,-0.11764019563580796,-0.024720393526136863,true,true,supported,supported
150,9,9,-0.14529790207014703,-0.024057885951328628,-0.13399646036816137,-0.028363255966455614,true,true,supported,supported
150,9,10,-0.16797221952038222,-0.039575587741702334,-0.15024172497623478,-0.03203628314860352,true,true,supported,supported
150,9,11,-0.15493022057943429,0.00034964852662444645,-0.16637602355004444,-0.03574024009935106,true,true,supported,supported
150,9,12,-0.2051057793068698,-0.05682076833416738,-0.18239863579193882,-0.03947577592515228,true,true,supported,supported
150,9,13,-0.18499647845465705,-0.013565647182442131,-0.19831012895115097,-0.04324382565070417,true,true,supported,supported
150,9,14,-0.2078413639311658,-0.05167720614223348,-0.21411068847671255,-0.04704526189227565,true,true,supported,supported
150,9,15,-0.24436318582820638,-0.06659508090048649,-0.22980045707614938,-0.050881040517256726,true,true,supported,supported
150,10,1,0.0,0.0,0.0,0.0,true,true,supported,supported
150,10,2,-0.00015756513602760425,0.010951402920436282,-0.017144780418153927,-0.00345272346108616,true,true,supported,supported
150,10,3,-0.0371078174348648,0.02740275040152229,-0.03417601520363278,-0.006930613128595886,true,true,supported,supported
150,10,4,-0.050499334493490644,0.0005176202992182022,-0.05109417327923127,-0.010434328416402794,true,true,supported,supported
150,10,5,-0.05528874074229306,-0.013966522082475064,-0.06789901947459309,-0.01396439853007514,true,true,supported,supported
150,10,6,-0.033431790949510876,-0.0003789091621789753,-0.08459193951108257,-0.0175217503731524,true,true,supported,supported
150,10,7,-0.0855656128618788,-0.010111284640679452,-0.10117216454028588,-0.021106823250838902,true,true,supported,supported
150,10,8,-0.11269447653824993,0.0011591551643765907,-0.11764019563580796,-0.024720393526136863,true,true,supported,supported
150,10,9,-0.10112349780802998,-0.019224668597064065,-0.13399646036816137,-0.028363255966455614,true,true,supported,supported
150,10,10,-0.14254071488249165,-0.020054775131635783,-0.15024172497623478,-0.03203628314860352,true,true,supported,supported
150,10,11,-0.12970657359257742,-0.021808645762912637,-0.16637602355004444,-0.03574024009935106,true,true,supported,supported
150,10,12,-0.1765865273596703,-0.03468132190963358,-0.18239863579193882,-0.03947577592515228,true,true,supported,supported
150,10,13,-0.14937407350522958,-0.019964336040795394,-0.19831012895115097,-0.04324382565070417,true,true,supported,supported
150,10,14,-0.19752611900253803,-0.01659261655596822,-0.21411068847671255,-0.04704526189227565,true,true,supported,supported
150,10,15,-0.21019208322856242,-0.027403689690341237,-0.22980045707614938,-0.050881040517256726,true,true,supported,supported
150,11,1,0.0,0.0,0.0,0.0,true,true,supported,supported
150,11,2,-0.05419174434315055,-0.013861797370665063,-0.017144780418153927,-0.00345272346108616,true,true,supported,supported
150,11,3,-0.047387786400600485,-0.034680003539956705,-0.03417601520363278,-0.006930613128595886,true,true,supported,supported
150,11,4,-0.0470992567847518,-6.745268731167542e-05,-0.05109417327923127,-0.010434328416402794,true,true,supported,supported
150,11,5,-0.08137819363370957,-0.021147793486574917,-0.06789901947459309,-0.01396439853007514,true,true,supported,supported
150,11,6,-0.11301406992345941,-0.021441297167616002,-0.08459193951108257,-0.0175217503731524,true,true,supported,supported
150,11,7,-0.10367437996235429,-0.03681647634861862,-0.10117216454028588,-0.021106823250838902,true,true,supported,supported
150,11,8,-0.1343260728313982,-0.03061254873745889,-0.11764019563580796,-0.024720393526136863,true,true,supported,supported
150,11,9,-0.15706522636795894,-0.04024205038131623,-0.13399646036816137,-0.028363255966455614,true,true,supported,supported
150,11,10,-0.14496008708085917,-0.03394139420015896,-0.15024172497623478,-0.03203628314860352,true,true,supported,supported
150,11,11,-0.16345837929153584,-0.023152690723413527,-0.16637602355004444,-0.03574024009935106,true,true,supported,supported
150,11,12,-0.18885252852999823,-0.0539914221022465,-0.18239863579193882,-0.03947577592515228,true,true,supported,supported
150,11,13,-0.18897680808996686,-0.05762187986448819,-0.19831012895115097,-0.04324382565070417,true,true,supported,supported
150,11,14,-0.21389922788221294,-0.04634311462707341,-0.21411068847671255,-0.04704526189227565,true,true,supported,supported
150,11,15,-0.23475532984183956,-0.05877298836149236,-0.22980045707614938,-0.050881040517256726,true,true,supported,supported
150,12,1,0.0,0.0,0.0,0.0,true,true,supported,supported
150,12,2,0.026905658142223343,0.027368586272046747,-0.017144780418153927,-0.00345272346108616,true,true,supported,supported
150,12,3,-0.03357997168329585,0.019532889899563255,-0.03417601520363278,-0.006930613128595886,true,true,supported,supported
150,12,4,-0.07310212771029223,-0.03217318940107394,-0.05109417327923127,-0.010434328416402794,true,true,supported,supported
150,12,5,-0.06159115595169973,-0.011703699327922257,-0.06789901947459309,-0.01396439853007514,true,true,supported,supported
150,12,6,-0.12394487240380003,-0.04721619329403104,-0.08459193951108257,-0.0175217503731524,true,true,supported,supported
150,12,7,-0.11191519506198389,-0.022611071220141166,-0.10117216454028588,-0.021106823250838902,true,true,supported,supported
150,12,8,-0.1202284729876848,-0.01325807719903227,-0.11764019563580796,-0.024720393526136863,true,true,supported,supported
150,12,9,-0.12733132113565193,-0.017394774850481354,-0.13399646036816137,-0.028363255966455614,true,true,supported,supported
150,12,10,-0.140148589123277,-0.03595618763924846,-0.15024172497623478,-0.03203628314860352,true,true,supported,supported
150,12,11,-0.16204035873557854,-0.040149424331094585,-0.16637602355004444,-0.03574024009935106,true,true,supported,supported
150,12,12,-0.16887003130010458,-0.024180210789654266,-0.18239863579193882,-0.03947577592515228,true,true,supported,supported
150,12,13,-0.193369284118737,-0.013716038793942786,-0.19831012895115097,-0.04324382565070417,true,true,supported,supported
150,12,14,-0.2339905109832614,-0.04908756439604389,-0.21411068847671255,-0.04704526189227565,true,true,supported,supported
150,12,15,-0.22785427605666841,-0.02757369965758938,-0.22980045707614938,-0.050881040517256726,true,true,supported,supported
150,13,1,0.0,0.0,0.0,0.0,true,true,supported,supported
150,13,2,0.0032877547599792223,0.011900119566970457,-0.017144780418153927,-0.00345272346108616,true,true,supported,supported
150,13,3,0.005147732802298077,0.0030982895068480953,-0.03417601520363278,-0.006930613128595886,true,true,supported,supported
150,13,4,-0.026711048126807135,0.016751896824839685,-0.05109417327923127,-0.010434328416402794,true,true,supported,supported
150,13,5,-0.0532655593557112,0.013077617238147043,-0.06789901947459309,-0.01396439853007514,true,true,supported,supported
150,13,6,-0.043041525962054794,-0.0017676176500865948,-0.08459193951108257,-0.0175217503731524,true,true,supported,supported
150,13,7,-0.07719464721569314,0.0040012634298323135,-0.10117216454028588,-0.021106823250838902,true,true,supported,supported
150,13,8,-0.07952361102745475,-0.009249575343099892,-0.11764019563580796,-0.024720393526136863,true,true,supported,supported
150,13,9,-0.13190637752115564,-0.04263376505763705,-0.13399646036816137,-0.028363255966455614,true,true,supported,supported
150,13,10,-0.13270039514336862,-0.033143955426572225,-0.15024172497623478,-0.03203628314860352,true,true,supported,supported
150,13,11,-0.13833290945310894,0.003291881456832013,-0.16637602355004444,-0.03574024009935106,true,true,supported,supported
150,13,12,-0.16289865390744185,-0.03454998987777114,-0.18239863579193882,-0.03947577592515228,true,true,supported,supported
150,13,13,-0.1682287327714327,-0.027715623374161336,-0.19831012895115097,-0.04324382565070417,true,true,supported,supported
150,13,14,-0.19541247685053775,-0.051804888513588776,-0.21411068847671255,-0.04704526189227565,true,true,supported,supported
150,13,15,-0.20436393024806354,-0.048932682345735445,-0.22980045707614938,-0.050881040517256726,true,true,supported,supported
150,14,1,0.0,0.0,0.0,0.0,true,true,supported,supported
150,14,2,-0.0016534527960192502,-0.012956284012033192,-0.017144780418153927,-0.00345272346108616,true,true,supported,supported
150,14,3,-0.03809552946944128,-0.012556497967255886,-0.03417601520363278,-0.006930613128595886,true,true,supported,supported
150,14,4,-0.06145019912461458,-0.030960533398120105,-0.05109417327923127,-0.010434328416402794,true,true,supported,supported
150,14,5,-0.0739815452242698,-0.02849751914476606,-0.06789901947459309,-0.01396439853007514,true,true,supported,supported
150,14,6,-0.1091746960547526,-0.03745935873536321,-0.08459193951108257,-0.0175217503731524,true,true,supported,supported
150,14,7,-0.1252608073545275,-0.022040506844584806,-0.10117216454028588,-0.021106823250838902,true,true,supported,supported
150,14,8,-0.16448157286810405,-0.047434674825452494,-0.11764019563580796,-0.024720393526136863,true,true,supported,supported
150,14,9,-0.16686300512034158,-0.051870840543203234,-0.13399646036816137,-0.028363255966455614,true,true,supported,supported
150,14,10,-0.12988308633635381,-0.04331683077336013,-0.15024172497623478,-0.03203628314860352,true,true,supported,supported
150,14,11,-0.18781767927581217,-0.08363460063994554,-0.16637602355004444,-0.03574024009935106,true,true,supported,supported
150,14,12,-0.19074764348972328,-0.05672579949022605,-0.18239863579193882,-0.03947577592515228,true,true,supported,supported
150,14,13,-0.2351859448839686,-0.08006257679243123,-0.19831012895115097,-0.04324382565070417,true,true,supported,supported
150,14,14,-0.24468457408494138,-0.07344358597673961,-0.21411068847671255,-0.04704526189227565,true,true,supported,supported
150,14,15,-0.2669472185987114,-0.06690588296285815,-0.22980045707614938,-0.050881040517256726,true,true,supported,supported
150,15,1,0.0,0.0,0.0,0.0,true,true,supported,supported
150,15,2,0.0006909386481284141,0.019267431074828645,-0.017144780418153927,-0.00345272346108616,true,true,supported,supported
150,15,3,-0.027190282240817876,0.006941192464209767,-0.03417601520363278,-0.006930613128595886,true,true,supported,supported
150,15,4,-0.05134769630559344,-0.01828544782536734,-0.05109417327923127,-0.010434328416402794,true,true,supported,supported
150,15,5,-0.07630640442927727,-0.023019301390108993,-0.06789901947459309,-0.01396439853007514,true,true,supported,supported
150,15,6,-0.07796142651129723,-0.011415256787155825,-0.08459193951108257,-0.0175217503731524,true,true,supported,supported
150,15,7,-0.09006648860774513,0.0005656525852869576,-0.10117216454028588,-0.021106823250838902,true,true,supported,supported
150,15,8,-0.08434784831993147,-0.020646422184821045,-0.11764019563580796,-0.024720393526136863,true,true,supported,supported
150,15,9,-0.13204208420356256,-0.022354063788217915,-0.13399646036816137,-0.028363255966455614,true,true,supported,supported
150,15,10,-0.1596503899799534,-0.00024038012672056297,-0.15024172497623478,-0.03203628314860352,true,true,supported,supported
150,15,11,-0.14683081803324416,-0.054106592424504774,-0.16637602355004444,-0.03574024009935106,true,true,supported,supported
150,15,12,-0.16022076668521001,-0.03024172915564327,-0.18239863579193882,-0.03947577592515228,true,true,supported,supported
150,15,13,-0.21595413088234217,-0.05694227307952948,-0.19831012895115097,-0.04324382565070417,true,true,supported,supported
150,15,14,-0.23512525800789297,-0.06582185870098001,-0.21411068847671255,-0.04704526189227565,true,true,supported,supported
150,15,15,-0.22442468025240858,-0.025743535326104294,-0.22980045707614938,-0.050881040517256726,true,true,supported,supported
150,16,1,0.0,0.0,0.0,0.0,true,true,supported,supported
150,16,2,-0.0015516503626350486,0.01530942601605334,-0.017144780418153927,-0.00345272346108616,true,true,supported,supported
150,16,3,-0.022968740323949022,-0.011959898453673068,-0.03417601520363278,-0.006930613128595886,true,true,supported,supported
150,16,4,-0.056621553807704395,-0.02079580694295402,-0.05109417327923127,-0.010434328416402794,true,true,supported,supported
150,16,5,-0.08234930433526222,-0.01686316804339405,-0.06789901947459309,-0.01396439853007514,true,true,supported,supported
150,16,6,-0.07593587008165459,-0.033722885792428436,-0.08459193951108257,-0.0175217503731524,true,true,supported,supported
150,16,7,-0.10334041218037948,-0.03368464029926388,-0.10117216454028588,-0.021106823250838902,true,true,supported,supported
150,16,8,-0.12111424179552255,-0.0572785161737821,-0.11764019563580796,-0.024720393526136863,true,true,supported,supported
150,16,9,-0.1430987313642066,-0.025636439549141743,-0.13399646036816137,-0.028363255966455614,true,true,supported,supported
150,16,10,-0.13686804481460635,-0.02867832635607115,-0.15024172497623478,-0.03203628314860352,true,true,supported,supported
150,16,11,-0.16563965796327884,-0.04722982055851255,-0.16637602355004444,-0.03574024009935106,true,true,supported,supported
150,16,12,-0.18859009161175577,-0.046284033302776306,-0.18239863579193882,-0.03947577592515228,true,true,supported,supported
150,16,13,-0.20906701353400037,-0.05425890365269881,-0.19831012895115097,-0.04324382565070417,true,true,supported,supported
150,16,14,-0.21097989451414412,-0.06871348709626812,-0.21411068847671255,-0.04704526189227565,true,true,supported,supported
150,16,15,-0.22507096817132743,-0.029918641660206968,-0.22980045707614938,-0.050881040517256726,true,true,supported,supported
150,17,1,0.0,0.0,0.0,0.0,true,true,supported,supported
150,17,2,-0.030154131722022748,-0.019793454405085953,-0.017144780418153927,-0.00345272346108616,true,true,supported,supported
150,17,3,-0.052674491261841094,-0.038757264192257224,-0.03417601520363278,-0.006930613128595886,true,true,supported,supported
150,17,4,-0.06134801487025188,-0.02588756064889086,-0.05109417327923127,-0.010434328416402794,true,true,supported,supported
150,17,5,-0.11491492706832429,-0.04844806704553006,-0.06789901947459309,-0.01396439853007514,true,true,supported,supported
150,17,6,-0.10689271080352758,-0.053375279889716354,-0.08459193951108257,-0.0175217503731524,true,true,supported,supported
150,17,7,-0.11460549976646084,0.0008432148616073221,-0.10117216454028588,-0.021106823250838902,true,true,supported,supported
150,17,8,-0.1594286520120305,-0.04268481480343067,-0.11764019563580796,-0.024720393526136863,true,true,supported,supported
150,17,9,-0.16367992716288404,-0.04013156660409656,-0.13399646036816137,-0.028363255966455614,true,true,supported,supported
150,17,10,-0.16830337082530056,-0.05982447922181322,-0.15024172497623478,-0.03203628314860352,true,true,supported,supported
150,17,11,-0.16442211225220826,-0.036976544402843925,-0.16637602355004444,-0.03574024009935106,true,true,supported,supported
150,17,12,-0.19037763658756535,-0.03276013049796156,-0.18239863579193882,-0.03947577592515228,true,true,supported,supported
150,17,13,-0.2545690161257459,-0.0770433939876104,-0.19831012895115097,-0.04324382565070417,true,true,supported,supported
150,17,14,-0.24064758053069712,-0.0512215333476167,-0.21411068847671255,-0.04704526189227565,true,true,supported,supported
150,17,15,-0.24546369574508398,-0.029728744083207692,-0.22980045707614938,-0.050881040517256726,true,true,supported,supported
150,18,1,0.0,0.0,0.0,0.0,true,true,supported,supported
150,18,2,-0.01112906664227653,0.01425546323736726,-0.017144780418153927,-0.00345272346108616,true,true,supported,supported
150,18,3,-0.05257533143175552,-0.019787396461391604,-0.03417601520363278,-0.006930613128595886,true,true,supported,supported
150,18,4,-0.08830699149390253,-0.019412519758603808,-0.05109417327923127,-0.010434328416402794,true,true,supported,supported
150,18,5,-0.11411263898769097,-0.03227497387808098,-0.06789901947459309,-0.01396439853007514,true,true,supported,supported
150,18,6,-0.10041250047290051,-0.02517567081184957,-0.08459193951108257,-0.0175217503731524,true,true,supported,supported
150,18,7,-0.1179787370347708,-0.04312795756687471,-0.10117216454028588,-0.021106823250838902,true,true,supported,supported
150,18,8,-0.1600276235078133,-0.04185577142576846,-0.11764019563580796,-0.024720393526136863,true,true,supported,supported
150,18,9,-0.16166188791747882,-0.04162167175019471,-0.13399646036816137,-0.028363255966455614,true,true,supported,supported
150,18,10,-0.18546701301613422,-0.044602367092580475,-0.15024172497623478,-0.03203628314860352,true,true,supported,supported
150,18,11,-0.17957318665420108,-0.053576107454031296,-0.16637602355004444,-0.03574024009935106,true,true,supported,supported
150,18,12,-0.20347498548963816,-0.04813234450114734,-0.18239863579193882,-0.03947577592515228,true,true,supported,supported
150,18,13,-0.19893106668150884,-0.07324723387460064,-0.19831012895115097,-0.04324382565070417,true,true,supported,supported
150,18,14,-0.20139348511144606,-0.013009623603934761,-0.21411068847671255,-0.04704526189227565,true,true,supported,supported
150,18,15,-0.2658742750609894,-0.08218791883753396,-0.22980045707614938,-0.050881040517256726,true,true,supported,supported
150,19,1,0.0,0.0,0.0,0.0,true,true,supported,supported
150,19,2,-0.006346863070157305,0.00795820820499582,-0.017144780418153927,-0.00345272346108616,true,true,supported,supported
150,19,3,-0.03496661003945045,-0.015226882481019,-0.03417601520363278,-0.006930613128595886,true,true,supported,supported
150,19,4,-0.06481836159142462,0.008474392612002779,-0.05109417327923127,-0.010434328416402794,true,true,supported,supported
150,19,5,-0.059544238321957876,-0.004414994914320958,-0.06789901947459309,-0.01396439853007514,true,true,supported,supported
150,19,6,-0.10050203527840473,-0.033231410148220286,-0.08459193951108257,-0.0175217503731524,true,true,supported,supported
150,19,7,-0.1256393133631799,-0.02535710310762096,-0.10117216454028588,-0.021106823250838902,true,true,supported,supported
150,19,8,-0.13611434449027005,-0.028193741291698493,-0.11764019563580796,-0.024720393526136863,true,true,supported,supported
150,19,9,-0.13809209220193586,-0.021551020195484827,-0.13399646036816137,-0.028363255966455614,true,true,supported,supported
150,19,10,-0.15684895015390599,-0.03308762359654027,-0.15024172497623478,-0.03203628314860352,true,true,supported,supported
150,19,11,-0.18030572234895992,-0.017483123407791346,-0.16637602355004444,-0.03574024009935106,true,true,supported,supported
150,19,12,-0.20544504607485403,-0.021982817877876593,-0.18239863579193882,-0.03947577592515228,true,true,supported,supported
150,19,13,-0.1866823520213161,-0.014326451835967369,-0.19831012895115097,-0.04324382565070417,true,true,supported,supported
150,19,14,-0.2214165803177396,-0.04209507030415205,-0.21411068847671255,-0.04704526189227565,true,true,supported,supported
150,19,15,-0.2714818574760356,-0.0545815087585817,-0.22980045707614938,-0.050881040517256726,true,true,supported,supported
150,20,1,0.0,0.0,0.0,0.0,true,true,supported,supported
150,20,2,0.011891284757717946,-0.02166530515237275,-0.017144780418153927,-0.00345272346108616,true,true,supported,supported
150,20,3,-0.003985253224486396,-0.007652694158886697,-0.03417601520363278,-0.006930613128595886,true,true,supported,supported
150,20,4,0.005808805531395622,-0.009500394787013589,-0.05109417327923127,-0.010434328416402794,true,true,supported,supported
150,20,5,-0.0408736080452049,-0.03373013090329213,-0.06789901947459309,-0.01396439853007514,true,true,supported,supported
150,20,6,-0.038637260322191724,-0.010053585375124574,-0.08459193951108257,-0.0175217503731524,true,true,supported,supported
150,20,7,-0.08143018714758343,-0.02103231567807262,-0.10117216454028588,-0.021106823250838902,true,true,supported,supported
150,20,8,-0.08179385414421492,-0.0073646242298242015,-0.11764019563580796,-0.024720393526136863,true,true,supported,supported
150,20,9,-0.07878880943401878,-0.003832463760225502,-0.13399646036816137,-0.028363255966455614,true,true,supported,supported
150,20,10,-0.0965074043994184,-0.013840576286861972,-0.15024172497623478,-0.03203628314860352,true,true,supported,supported
150,20,11,-0.13561937519910094,-0.039199139555494145,-0.16637602355004444,-0.03574024009935106,true,true,supported,supported
150,20,12,-0.12192264667696673,-0.05259797257378207,-0.18239863579193882,-0.03947577592515228,true,true,supported,supported
150,20,13,-0.1390727299506187,-0.06234465137547396,-0.19831012895115097,-0.04324382565070417,true,true,supported,supported
150,20,14,-0.1720524080505389,-0.05261831012739682,-0.21411068847671255,-0.04704526189227565,true,true,supported,supported
150,20,15,-0.2022898654885783,-0.039609967745868335,-0.22980045707614938,-0.050881040517256726,true,true,supported,supported
150,21,1,0.0,0.0,0.0,0.0,true,true,supported,supported
150,21,2,-0.040994302169703345,-0.027610107284908758,-0.017144780418153927,-0.00345272346108616,true,true,supported,supported
150,21,3,-0.06629212360984138,-0.026286375634527848,-0.03417601520363278,-0.006930613128595886,true,true,supported,supported
150,21,4,-0.0799499008414134,-0.00036065643997673646,-0.05109417327923127,-0.010434328416402794,true,true,supported,supported
150,21,5,-0.0916171500485572,0.0005571779395954213,-0.06789901947459309,-0.01396439853007514,true,true,supported,supported
150,21,6,-0.10314049223315225,0.002558018377506688,-0.08459193951108257,-0.0175217503731524,true,true,supported,supported
150,21,7,-0.1667064723171392,-0.0591628607932414,-0.10117216454028588,-0.021106823250838902,true,true,supported,supported
150,21,8,-0.13788338338737538,-0.04729272875027146,-0.11764019563580796,-0.024720393526136863,true,true,supported,supported
150,21,9,-0.16113046755110794,-0.024329144747018305,-0.13399646036816137,-0.028363255966455614,true,true,supported,supported
150,21,10,-0.18168322914289514,-0.03675677071389816,-0.15024172497623478,-0.03203628314860352,true,true,supported,supported
150,21,11,-0.21176004624949174,-0.053384734294742775,-0.16637602355004444,-0.03574024009935106,true,true,supported,supported
150,21,12,-0.1956890106710364,-0.031763817070133094,-0.18239863579193882,-0.03947577592515228,true,true,supported,supported
150,21,13,-0.215352400788702,-0.05586147916370654,-0.19831012895115097,-0.04324382565070417,true,true,supported,supported
150,21,14,-0.25580293358007244,-0.07537065622137884,-0.21411068847671255,-0.04704526189227565,true,true,supported,supported
150,21,15,-0.2533195794179881,-0.048726393499166964,-0.22980045707614938,-0.050881040517256726,true,true,supported,supported
150,22,1,0.0,0.0,0.0,0.0,true,true,supported,supported
150,22,2,-0.02003048527693707,-0.003192050938224056,-0.017144780418153927,-0.00345272346108616,true,true,supported,supported
150,22,3,-0.05248819481743272,-0.013916022051533528,-0.03417601520363278,-0.006930613128595886,true,true,supported,supported
150,22,4,-0.06422790368042997,-0.008524201010213117,-0.05109417327923127,-0.010434328416402794,true,true,supported,supported
150,22,5,-0.09878419683292805,-0.022423029944412476,-0.06789901947459309,-0.01396439853007514,true,true,supported,supported
150,22,6,-0.07230632083627231,-0.0031289205034094048,-0.08459193951108257,-0.0175217503731524,true,true,supported,supported
150,22,7,-0.12881311662854822,-0.02635251868141364,-0.10117216454028588,-0.021106823250838902,true,true,supported,supported
150,22,8,-0.14352892663351324,-0.015480510302742334,-0.11764019563580796,-0.024720393526136863,true,true,supported,supported
150,22,9,-0.15238514258761315,-0.04152845984786102,-0.13399646036816137,-0.028363255966455614,true,true,supported,supported
150,22,10,-0.16670078859595694,-0.04619957841479838,-0.15024172497623478,-0.03203628314860352,true,true,supported,supported
150,22,11,-0.20179846367071064,-0.040781913397268554,-0.16637602355004444,-0.03574024009935106,true,true,supported,supported
150,22,12,-0.1992839836941489,-0.06365427060296636,-0.18239863579193882,-0.03947577592515228,true,true,supported,supported
150,22,13,-0.22666291380918302,-0.060144291749615886,-0.19831012895115097,-0.04324382565070417,true,true,supported,supported
150,22,14,-0.2286184251724911,-0.03654108466234407,-0.21411068847671255,-0.04704526189227565,true,true,supported,supported
150,22,15,-0.2498214319755917,-0.05340750380809067,-0.22980045707614938,-0.050881040517256726,true,true,supported,supported
150,23,1,0.0,0.0,0.0,0.0,true,true,supported,supported
150,23,2,0.01663350622074522,-0.012544071439513527,-0.017144780418153927,-0.00345272346108616,true,true,supported,supported
150,23,3,-0.020279602022330145,-0.0013259901822806341,-0.03417601520363278,-0.006930613128595886,true,true,supported,supported
150,23,4,-0.06467316037482984,-0.04685067113220365,-0.05109417327923127,-0.010434328416402794,true,true,supported,supported
150,23,5,-0.03465437734854826,-0.020664640887213426,-0.06789901947459309,-0.01396439853007514,true,true,supported,supported
150,23,6,-0.07391348230743,-0.03729562707043077,-0.08459193951108257,-0.0175217503731524,true,true,supported,supported
150,23,7,-0.10072161923787304,-0.04105733636797826,-0.10117216454028588,-0.021106823250838902,true,true,supported,supported
150,23,8,-0.11037308133490276,-0.011803184375106412,-0.11764019563580796,-0.024720393526136863,true,true,supported,supported
150,23,9,-0.10606265673776805,-0.04924822006097951,-0.13399646036816137,-0.028363255966455614,true,true,supported,supported
150,23,10,-0.13602041920971397,-0.054431592281468766,-0.15024172497623478,-0.03203628314860352,true,true,supported,supported
150,23,11,-0.16352305474535445,-0.05891118177371335,-0.16637602355004444,-0.03574024009935106,true,true,supported,supported
150,23,12,-0.18319555408418864,-0.052171958795393936,-0.18239863579193882,-0.03947577592515228,true,true,supported,supported
150,23,13,-0.18543952962205013,-0.04745843863889854,-0.19831012895115097,-0.04324382565070417,true,true,supported,supported
150,23,14,-0.22343224423956876,-0.055171816607268775,-0.21411068847671255,-0.04704526189227565,true,true,supported,supported
150,23,15,-0.21003100436526123,-0.05367375746934566,-0.22980045707614938,-0.050881040517256726,true,true,supported,supported
150,24,1,0.0,0.0,0.0,0.0,true,true,supported,supported
150,24,2,-0.03662696146267508,-0.011349328928614066,-0.017144780418153927,-0.00345272346108616,true,true,supported,supported
150,24,3,-0.07507789285576993,-0.007545504289414806,-0.03417601520363278,-0.006930613128595886,true,true,supported,supported
150,24,4,-0.06780104114319652,-0.015568885335779492,-0.05109417327923127,-0.010434328416402794,true,true,supported,supported
150,24,5,-0.06835428273026978,-0.01467639921526287,-0.06789901947459309,-0.01396439853007514,true,true,supported,supported
150,24,6,-0.07556371713982979,0.0012675527045491464,-0.08459193951108257,-0.0175217503731524,true,true,supported,supported
150,24,7,-0.12545464900633274,-0.025119130165557002,-0.10117216454028588,-0.021106823250838902,true,true,supported,supported
150,24,8,-0.12368551297317931,-0.023232200555372562,-0.11764019563580796,-0.024720393526136863,true,true,supported,supported
150,24,9,-0.1307023321881986,-0.013479313116768199,-0.13399646036816137,-0.028363255966455614,true,true,supported,supported
150,24,10,-0.14004503445370442,-0.00953285065837084,-0.15024172497623478,-0.03203628314860352,true,true,supported,supported
150,24,11,-0.1778960224981242,-0.06997778804192967,-0.16637602355004444,-0.03574024009935106,true,true,supported,supported
150,24,12,-0.1747950713210984,-0.039894495103173,-0.18239863579193882,-0.03947577592515228,true,true,supported,supported
150,24,13,-0.20614911039707107,-0.042306014826757,-0.19831012895115097,-0.04324382565070417,true,true,supported,supported
150,24,14,-0.21969834031032698,-0.04661877094300049,-0.21411068847671255,-0.04704526189227565,true,true,supported,supported
150,24,15,-0.2387633859161572,-0.05015165294208679,-0.22980045707614938,-0.050881040517256726,true,true,supported,supported
150,25,1,0.0,0.0,0.0,0.0,true,true,supported,supported
150,25,2,-0.03472498532858681,-0.03797594386280989,-0.017144780418153927,-0.00345272346108616,true,true,supported,supported
150,25,3,-0.02163326672933752,-0.03062391184731661,-0.03417601520363278,-0.006930613128595886,true,true,supported,supported
150,25,4,-0.058607799266892524,-0.03972324493663526,-0.05109417327923127,-0.010434328416402794,true,true,supported,supported
150,25,5,-0.06627954915767664,-0.0746991815165835,-0.06789901947459309,-0.01396439853007514,true,true,supported,supported
150,25,6,-0.07549098132368548,-0.04381651171444889,-0.08459193951108257,-0.0175217503731524,true,true,supported,supported
150,25,7,-0.09935626897461991,-0.02932562764846225,-0.10117216454028588,-0.021106823250838902,true,true,supported,supported
150,25,8,-0.10628898538992781,-0.02547198066344225,-0.11764019563580796,-0.024720393526136863,true,true,supported,supported
150,25,9,-0.10880834796137395,-0.05100237534083518,-0.13399646036816137,-0.028363255966455614,true,true,supported,supported
150,25,10,-0.13621148386717552,-0.0603942009463877,-0.15024172497623478,-0.03203628314860352,true,true,supported,supported
150,25,11,-0.18183302900362586,-0.09316218441648372,-0.16637602355004444,-0.03574024009935106,true,true,supported,supported
150,25,12,-0.19842756633870495,-0.08055870159758316,-0.18239863579193882,-0.03947577592515228,true,true,supported,supported
150,25,13,-0.23616311308972238,-0.06681546265642535,-0.19831012895115097,-0.04324382565070417,true,true,supported,supported
150,25,14,-0.23004008051796043,-0.07052993188473988,-0.21411068847671255,-0.04704526189227565,true,true,supported,supported
150,25,15,-0.2622584487153051,-0.10182217786865044,-0.22980045707614938,-0.050881040517256726,true,true,supported,supported
150,26,1,0.0,0.0,0.0,0.0,true,true,supported,supported
150,26,2,0.0030096217952328974,0.042099991773008494,-0.017144780418153927,-0.00345272346108616,true,true,supported,supported
150,26,3,-0.027319563171957384,0.00897416196078693,-0.03417601520363278,-0.006930613128595886,true,true,supported,supported
150,26,4,-0.014057486365253169,0.009474441958358226,-0.05109417327923127,-0.010434328416402794,true,true,supported,supported
150,26,5,-0.0572835093103955,-0.013143275194455128,-0.06789901947459309,-0.01396439853007514,true,true,supported,supported
150,26,6,-0.04970871618747641,0.01741084703200735,-0.08459193951108257,-0.0175217503731524,true,true,supported,supported
150,26,7,-0.09621417391516185,0.018691943630730457,-0.10117216454028588,-0.021106823250838902,true,true,supported,supported
150,26,8,-0.09399252819720827,-0.02427533087976852,-0.11764019563580796,-0.024720393526136863,true,true,supported,supported
150,26,9,-0.11415121726471666,-0.032502341777154053,-0.13399646036816137,-0.028363255966455614,true,true,supported,supported
150,26,10,-0.11523116924650023,-0.03528677588055096,-0.15024172497623478,-0.03203628314860352,true,true,supported,supported
150,26,11,-0.13293361929971304,0.00043770110604046675,-0.16637602355004444,-0.03574024009935106,true,true,supported,supported
150,26,12,-0.1735954513168817,-0.026798768591451805,-0.18239863579193882,-0.03947577592515228,true,true,supported,supported
150,26,13,-0.18538808876956292,-0.04543912754536816,-0.19831012895115097,-0.04324382565070417,true,true,supported,supported
150,26,14,-0.20151976513234515,-0.04067818969432213,-0.21411068847671255,-0.04704526189227565,true,true,supported,supported
150,26,15,-0.23750994424183458,-0.03668477512777335,-0.22980045707614938,-0.050881040517256726,true,true,supported,supported
150,27,1,0.0,0.0,0.0,0.0,true,true,supported,supported
150,27,2,-0.007158971035387762,-0.009414425604620136,-0.017144780418153927,-0.00345272346108616,true,true,supported,supported
150,27,3,-0.025638777513129596,-0.013114572784538647,-0.03417601520363278,-0.006930613128595886,true,true,supported,supported
150,27,4,-0.0789484380065828,-0.01749826421528078,-0.05109417327923127,-0.010434328416402794,true,true,supported,supported
150,27,5,-0.044617678988710496,0.0036369553481525596,-0.06789901947459309,-0.01396439853007514,true,true,supported,supported
150,27,6,-0.09902659943201764,-0.007603111241959892,-0.08459193951108257,-0.0175217503731524,true,true,supported,supported
150,27,7,-0.12429944569191931,-0.03961589429775181,-0.10117216454028588,-0.021106823250838902,true,true,supported,supported
150,27,8,-0.12185609323520297,-0.0258569185558164,-0.11764019563580796,-0.024720393526136863,true,true,supported,supported
150,27,9,-0.11326920040437605,-0.01048189054671722,-0.13399646036816137,-0.028363255966455614,true,true,supported,supported
150,27,10,-0.14843261620480008,-0.025671047982627426,-0.15024172497623478,-0.03203628314860352,true,true,supported,supported
150,27,11,-0.13929499850053662,-0.006571405846242162,-0.16637602355004444,-0.03574024009935106,true,true,supported,supported
150,27,12,-0.158834194726035,-0.00566896126728178,-0.18239863579193882,-0.03947577592515228,true,true,supported,supported
150,27,13,-0.16892585711328367,-0.019345751321884985,-0.19831012895115097,-0.04324382565070417,true,true,supported,supported
150,27,14,-0.2183244056926109,-0.04125023113618309,-0.21411068847671255,-0.04704526189227565,true,true,supported,supported
150,27,15,-0.21317248763359997,-0.03174566713718374,-0.22980045707614938,-0.050881040517256726,true,true,supported,supported
150,28,1,0.0,0.0,0.0,0.0,true,true,supported,supported
150,28,2,-0.0008226226005734194,-0.041103812396359074,-0.017144780418153927,-0.00345272346108616,true,true,supported,supported
150,28,3,-0.04956534225478715,-0.04169352707364149,-0.03417601520363278,-0.006930613128595886,true,true,supported,supported
150,28,4,-0.05255178432469265,-0.02678347054573782,-0.05109417327923127,-0.010434328416402794,true,true,supported,supported
150,28,5,-0.10050593365088945,-0.051744630175424744,-0.06789901947459309,-0.01396439853007514,true,true,supported,supported
150,28,6,-0.08903420259701067,-0.038805518188141375,-0.08459193951108257,-0.0175217503731524,true,true,supported,supported
150,28,7,-0.15233342600315414,-0.0704902236074404,-0.10117216454028588,-0.021106823250838902,true,true,supported,supported
150,28,8,-0.12868279643423697,-0.04808327289389058,-0.11764019563580796,-0.024720393526136863,true,true,supported,supported
150,28,9,-0.14312527104405004,-0.04579659098551081,-0.13399646036816137,-0.028363255966455614,true,true,supported,supported
150,28,10,-0.15519561987315078,-0.0643545045388233,-0.15024172497623478,-0.03203628314860352,true,true,supported,supported
150,28,11,-0.18304506954638877,-0.07502263431129541,-0.16637602355004444,-0.03574024009935106,true,true,supported,supported
150,28,12,-0.18905514230842924,-0.06371524952184116,-0.18239863579193882,-0.03947577592515228,true,true,supported,supported
150,28,13,-0.1715284346532947,-0.022075299552325456,-0.19831012895115097,-0.04324382565070417,true,true,supported,supported
150,28,14,-0.2024774722376732,-0.07918537809960613,-0.21411068847671255,-0.04704526189227565,true,true,supported,supported
150,28,15,-0.2552291859215182,-0.07174806908812537,-0.22980045707614938,-0.050881040517256726,true,true,supported,supported
150,29,1,0.0,0.0,0.0,0.0,true,true,supported,supported
150,29,2,-0.01729116933870034,-0.03446870849619843,-0.017144780418153927,-0.00345272346108616,true,true,supported,supported
150,29,3,-0.039614899503655154,-0.04428705051235249,-0.03417601520363278,-0.006930613128595886,true,true,supported,supported
150,29,4,-0.05090622998675298,-0.028465425894580232,-0.05109417327923127,-0.010434328416402794,true,true,supported,supported
150,29,5,-0.07671828159712002,-0.0274985633447975,-0.06789901947459309,-0.01396439853007514,true,true,supported,supported
150,29,6,-0.08817462882235383,-0.038182556611742746,-0.08459193951108257,-0.0175217503731524,true,true,supported,supported
150,29,7,-0.10483306862604858,-0.03548680928222914,-0.10117216454028588,-0.021106823250838902,true,true,supported,supported
150,29,8,-0.10898035314076293,-0.007788651473831232,-0.11764019563580796,-0.024720393526136863,true,true,supported,supported
150,29,9,-0.10812076183450381,-0.04824433586939447,-0.13399646036816137,-0.028363255966455614,true,true,supported,supported
150,29,10,-0.14304675035060888,-0.04457453642353215,-0.15024172497623478,-0.03203628314860352,true,true,supported,supported
150,29,11,-0.1590665978714757,-0.011161667621154114,-0.16637602355004444,-0.03574024009935106,true,true,supported,supported
150,29,12,-0.1832653581163466,-0.05824072111549383,-0.18239863579193882,-0.03947577592515228,true,true,supported,supported
150,29,13,-0.19401841134852837,-0.06369855763223942,-0.19831012895115097,-0.04324382565070417,true,true,supported,supported
150,29,14,-0.23222374334347007,-0.06022440468966028,-0.21411068847671255,-0.04704526189227565,true,true,supported,supported
150,29,15,-0.21946802220878314,-0.05946294236080096,-0.22980045707614938,-0.050881040517256726,true,true,supported,supported
150,30,1,0.0,0.0,0.0,0.0,true,true,supported,supported
150,30,2,-0.02153913157190357,-0.05649158437220425,-0.017144780418153927,-0.00345272346108616,true,true,supported,supported
150,30,3,-0.04114929285832325,-0.0533805505550744,-0.03417601520363278,-0.006930613128595886,true,true,supported,supported
150,30,4,-0.08129389189412517,-0.06150066238456897,-0.05109417327923127,-0.010434328416402794,true,true,supported,supported
150,30,5,-0.051228685786160244,-0.03330795554052657,-0.06789901947459309,-0.01396439853007514,true,true,supported,supported
150,30,6,-0.09460310137689654,-0.045799225682967126,-0.08459193951108257,-0.0175217503731524,true,true,supported,supported
150,30,7,-0.11961043546303429,-0.04891706190737999,-0.10117216454028588,-0.021106823250838902,true,true,supported,supported
150,30,8,-0.10903506861268841,-0.03813649722028256,-0.11764019563580796,-0.024720393526136863,true,true,supported,supported
150,30,9,-0.12930474555144822,-0.04648509358123443,-0.13399646036816137,-0.028363255966455614,true,true,supported,supported
150,30,10,-0.16036809866246038,-0.06938325478268403,-0.15024172497623478,-0.03203628314860352,true,true,supported,supported
150,30,11,-0.1464449447759738,-0.05630147476010583,-0.16637602355004444,-0.03574024009935106,true,true,supported,supported
150,30,12,-0.16744509513191008,-0.03916658381206528,-0.18239863579193882,-0.03947577592515228,true,true,supported,supported
150,30,13,-0.19270506993667802,-0.05999812149151418,-0.19831012895115097,-0.04324382565070417,true,true,supported,supported
150,30,14,-0.21707892031458298,-0.028664773806205246,-0.21411068847671255,-0.04704526189227565,true,true,supported,supported
150,30,15,-0.22516155357812195,-0.09510858957069046,-0.22980045707614938,-0.050881040517256726,true,true,supported,supported
150,31,1,0.0,0.0,0.0,0.0,true,true,supported,supported
150,31,2,0.02654731360949425,0.006759521261942458,-0.017144780418153927,-0.00345272346108616,true,true,supported,supported
150,31,3,-0.028736892916606527,-0.014625681684130809,-0.03417601520363278,-0.006930613128595886,true,true,supported,supported
150,31,4,-0.0377366955026871,-0.0006897409213195704,-0.05109417327923127,-0.010434328416402794,true,true,supported,supported
150,31,5,-0.05237151604730139,-0.013345482907297979,-0.06789901947459309,-0.01396439853007514,true,true,supported,supported
150,31,6,-0.05019569922974021,-0.027748891321224045,-0.08459193951108257,-0.0175217503731524,true,true,supported,supported
150,31,7,-0.06672870049885571,-0.0429478246965882,-0.10117216454028588,-0.021106823250838902,true,true,supported,supported
150,31,8,-0.08394447764988999,0.004783985490786513,-0.11764019563580796,-0.024720393526136863,true,true,supported,supported
150,31,9,-0.10824313439734967,-0.0015101620514275105,-0.13399646036816137,-0.028363255966455614,true,true,supported,supported
150,31,10,-0.10796747986652222,-0.05153573753513363,-0.15024172497623478,-0.03203628314860352,true,true,supported,supported
150,31,11,-0.15628784565900633,-0.03233923874502587,-0.16637602355004444,-0.03574024009935106,true,true,supported,supported
150,31,12,-0.2008225804908289,-0.05153481204451782,-0.18239863579193882,-0.03947577592515228,true,true,supported,supported
150,31,13,-0.17188595865196288,-0.05238596594644407,-0.19831012895115097,-0.04324382565070417,true,true,supported,supported
150,31,14,-0.22895833408957678,-0.09454476442378701,-0.21411068847671255,-0.04704526189227565,true,true,supported,supported
150,31,15,-0.1915651814821434,-0.03932223509638433,-0.22980045707614938,-0.050881040517256726,true,true,supported,supported
150,32,1,0.0,0.0,0.0,0.0,true,true,supported,supported
150,32,2,0.00421735920386368,-0.012679499481486944,-0.017144780418153927,-0.00345272346108616,true,true,supported,supported
150,32,3,-0.02770763594798975,-0.009582646314750809,-0.03417601520363278,-0.006930613128595886,true,true,supported,supported
150,32,4,-0.06525350264023211,-0.012952123656463033,-0.05109417327923127,-0.010434328416402794,true,true,supported,supported
150,32,5,-0.05207942779803909,0.010996306379136733,-0.06789901947459309,-0.01396439853007514,true,true,supported,supported
150,32,6,-0.07883279824750677,0.007318790038805423,-0.08459193951108257,-0.0175217503731524,true,true,supported,supported
150,32,7,-0.14704720220336787,-0.04588264699133504,-0.10117216454028588,-0.021106823250838902,true,true,supported,supported
150,32,8,-0.09978041769482193,-0.004942825089513603,-0.11764019563580796,-0.024720393526136863,true,true,supported,supported
150,32,9,-0.13523555773770268,-0.03341003173173518,-0.13399646036816137,-0.028363255966455614,true,true,supported,supported
150,32,10,-0.16273090270001356,-0.013153762457023377,-0.15024172497623478,-0.03203628314860352,true,true,supported,supported
150,32,11,-0.1343952977127978,-0.010267051535075788,-0.16637602355004444,-0.03574024009935106,true,true,supported,supported
150,32,12,-0.19236405057051575,-0.048693666230023136,-0.18239863579193882,-0.03947577592515228,true,true,supported,supported
150,32,13,-0.207498868906424,-0.052025376349617014,-0.19831012895115097,-0.04324382565070417,true,true,supported,supported
150,32,14,-0.20186071621605106,-0.0466300292244074,-0.21411068847671255,-0.04704526189227565,true,true,supported,supported
150,32,15,-0.2074831691781387,-0.05930657487215585,-0.22980045707614938,-0.050881040517256726,true,true,supported,supported
150,33,1,0.0,0.0,0.0,0.0,true,true,supported,supported
150,33,2,-0.06664743475317925,-0.020640834901635596,-0.017144780418153927,-0.00345272346108616,true,true,supported,supported
150,33,3,-0.08264950378892744,-0.03536918181383042,-0.03417601520363278,-0.006930613128595886,true,true,supported,supported
150,33,4,-0.1097442969132717,-0.04794895217831818,-0.05109417327923127,-0.010434328416402794,true,true,supported,supported
150,33,5,-0.1363795068308543,-0.04165014045722737,-0.06789901947459309,-0.01396439853007514,true,true,supported,supported
150,33,6,-0.10445944479307756,-0.03246590146994999,-0.08459193951108257,-0.0175217503731524,true,true,supported,supported
150,33,7,-0.14969961260613607,-0.07442243218642908,-0.10117216454028588,-0.021106823250838902,true,true,supported,supported
150,33,8,-0.15643567570939854,-0.05416265941173681,-0.11764019563580796,-0.024720393526136863,true,true,supported,supported
150,33,9,-0.20755441712354938,-0.11584262467475692,-0.13399646036816137,-0.028363255966455614,true,true,supported,supported
150,33,10,-0.19591432705831735,-0.040305271469405546,-0.15024172497623478,-0.03203628314860352,true,true,supported,supported
150,33,11,-0.20784092430318146,-0.08016498038732611,-0.16637602355004444,-0.03574024009935106,true,true,supported,supported
150,33,12,-0.19986884373418112,-0.055460362352728665,-0.18239863579193882,-0.03947577592515228,true,true,supported,supported
150,33,13,-0.27059798636777954,-0.11024156296021881,-0.19831012895115097,-0.04324382565070417,true,true,supported,supported
150,33,14,-0.25445856401937383,-0.07998621798030192,-0.21411068847671255,-0.04704526189227565,true,true,supported,supported
150,33,15,-0.24164949428967142,-0.08885509560479599,-0.22980045707614938,-0.050881040517256726,true,true,supported,supported
150,34,1,0.0,0.0,0.0,0.0,true,true,supported,supported
150,34,2,0.0006255564782016165,-0.015956780254915315,-0.017144780418153927,-0.00345272346108616,true,true,supported,supported
150,34,3,-0.03458692178835765,0.005830051852115825,-0.03417601520363278,-0.006930613128595886,true,true,supported,supported
150,34,4,-0.02828855398810537,-0.005307082575461641,-0.05109417327923127,-0.010434328416402794,true,true,supported,supported
150,34,5,-0.08392547039515474,-0.008173011129003371,-0.06789901947459309,-0.01396439853007514,true,true,supported,supported
150,34,6,-0.07939735910993129,-0.030154258365468922,-0.08459193951108257,-0.0175217503731524,true,true,supported,supported
150,34,7,-0.060472983928326784,0.011970565337753425,-0.10117216454028588,-0.021106823250838902,true,true,supported,supported
150,34,8,-0.10928791964151685,-0.01499891303401768,-0.11764019563580796,-0.024720393526136863,true,true,supported,supported
150,34,9,-0.11213493060075541,-0.004229169849537362,-0.13399646036816137,-0.028363255966455614,true,true,supported,supported
150,34,10,-0.13685170884414888,-0.0338791950029822,-0.15024172497623478,-0.03203628314860352,true,true,supported,supported
150,34,11,-0.13633985360326595,-0.036115223275438035,-0.16637602355004444,-0.03574024009935106,true,true,supported,supported
150,34,12,-0.1700885106781982,-0.04166947023345424,-0.18239863579193882,-0.03947577592515228,true,true,supported,supported
150,34,13,-0.19948085984859243,-0.03740173416642267,-0.19831012895115097,-0.04324382565070417,true,true,supported,supported
150,34,14,-0.20508168295253526,-0.03999161592994893,-0.21411068847671255,-0.04704526189227565,true,true,supported,supported
150,34,15,-0.2183234639567928,-0.049829509961060725,-0.22980045707614938,-0.050881040517256726,true,true,supported,supported
150,35,1,0.0,0.0,0.0,0.0,true,true,supported,supported
150,35,2,0.00023805261064790972,0.01808489036257077,-0.017144780418153927,-0.00345272346108616,true,true,supported,supported
150,35,3,-0.037319178680641385,-0.025355283502331183,-0.03417601520363278,-0.006930613128595886,true,true,supported,supported
150,35,4,-0.027929299387881912,-0.018630219138142,-0.05109417327923127,-0.010434328416402794,true,true,supported,supported
150,35,5,-0.01878150504824616,0.001973284292971722,-0.06789901947459309,-0.01396439853007514,true,true,supported,supported
150,35,6,-0.09782267073336881,-0.017454112806784994,-0.08459193951108257,-0.0175217503731524,true,true,supported,supported
150,35,7,-0.09110390129403068,-0.017489186096994014,-0.10117216454028588,-0.021106823250838902,true,true,supported,supported
150,35,8,-0.10815143735385135,-0.03113665421527123,-0.11764019563580796,-0.024720393526136863,true,true,supported,supported
150,35,9,-0.08117241448382317,0.00913200301009276,-0.13399646036816137,-0.028363255966455614,true,true,supported,supported
150,35,10,-0.11945065536125998,-0.020422433723645494,-0.15024172497623478,-0.03203628314860352,true,true,supported,supported
150,35,11,-0.1601758095388497,-0.03903144055269092,-0.16637602355004444,-0.03574024009935106,true,true,supported,supported
150,35,12,-0.1546355478825613,-0.04768565602374619,-0.18239863579193882,-0.03947577592515228,true,true,supported,supported
150,35,13,-0.18005967473765827,-0.05369012505125015,-0.19831012895115097,-0.04324382565070417,true,true,supported,supported
150,35,14,-0.1894375366599087,-0.035999539707183836,-0.21411068847671255,-0.04704526189227565,true,true,supported,supported
150,35,15,-0.16721832969999018,-0.010128605891700726,-0.22980045707614938,-0.050881040517256726,true,true,supported,supported
150,36,1,0.0,0.0,0.0,0.0,true,true,supported,supported
150,36,2,-0.015069443652722225,-0.007397345164100955,-0.017144780418153927,-0.00345272346108616,true,true,supported,supported
150,36,3,-0.03415614255386845,-0.02236443525199716,-0.03417601520363278,-0.006930613128595886,true,true,supported,supported
150,36,4,-0.025837666718906083,-0.023424318912932507,-0.05109417327923127,-0.010434328416402794,true,true,supported,supported
150,36,5,-0.05794563882199588,-0.024284357256326272,-0.06789901947459309,-0.01396439853007514,true,true,supported,supported
150,36,6,-0.07546800795595976,-0.029167746216950508,-0.08459193951108257,-0.0175217503731524,true,true,supported,supported
150,36,7,-0.1258600170861366,-0.038082394484633575,-0.10117216454028588,-0.021106823250838902,true,true,supported,supported
150,36,8,-0.14637202205498212,-0.028620261694514704,-0.11764019563580796,-0.024720393526136863,true,true,supported,supported
150,36,9,-0.16035593125474912,-0.06665503203178291,-0.13399646036816137,-0.028363255966455614,true,true,supported,supported
150,36,10,-0.14198618891574843,-0.04379626812696358,-0.15024172497623478,-0.03203628314860352,true,true,supported,supported
150,36,11,-0.17160164364291408,-0.044462082163397754,-0.16637602355004444,-0.03574024009935106,true,true,supported,supported
150,36,12,-0.19899308264152415,-0.04359490626872331,-0.18239863579193882,-0.03947577592515228,true,true,supported,supported
150,36,13,-0.21094239202771337,-0.07973534011441885,-0.19831012895115097,-0.04324382565070417,true,true,supported,supported
150,36,14,-0.2007670891988692,-0.049337135529489706,-0.21411068847671255,-0.04704526189227565,true,true,supported,supported
150,36,15,-0.21209303332871343,-0.061256753021793564,-0.22980045707614938,-0.050881040517256726,true,true,supported,supported
150,37,1,0.0,0.0,0.0,0.0,true,true,supported,supported
150,37,2,0.03765715494134769,0.025658428281954304,-0.017144780418153927,-0.00345272346108616,true,true,supported,supported
150,37,3,-0.02390412220446725,0.010380521044163094,-0.03417601520363278,-0.006930613128595886,true,true,supported,supported
150,37,4,-0.02368883808010047,0.02751128743853737,-0.05109417327923127,-0.010434328416402794,true,true,supported,supported
150,37,5,-0.02952138278139571,0.015875187685048364,-0.06789901947459309,-0.01396439853007514,true,true,supported,supported
150,37,6,-0.03214677978099734,0.029059485252309947,-0.08459193951108257,-0.0175217503731524,true,true,supported,supported
150,37,7,-0.07283041473068363,-0.014966095681982372,-0.10117216454028588,-0.021106823250838902,true,true,supported,supported
150,37,8,-0.0675691397818814,0.02941524951286112,-0.11764019563580796,-0.024720393526136863,true,true,supported,supported
150,37,9,-0.13683535112877931,-0.013170826839215555,-0.13399646036816137,-0.028363255966455614,true,true,supported,supported
150,37,10,-0.11223797108010569,0.013463848467742179,-0.15024172497623478,-0.03203628314860352,true,true,supported,supported
150,37,11,-0.15528467514589606,-0.01068000270041003,-0.16637602355004444,-0.03574024009935106,true,true,supported,supported
150,37,12,-0.16962646064400644,-0.025579727148112297,-0.18239863579193882,-0.03947577592515228,true,true,supported,supported
150,37,13,-0.17847472663217856,0.005372230974589165,-0.19831012895115097,-0.04324382565070417,true,true,supported,supported
150,37,14,-0.1993861154107328,-0.01296908453340151,-0.21411068847671255,-0.04704526189227565,true,true,supported,supported
150,37,15,-0.20266852901990628,-0.031941439907964164,-0.22980045707614938,-0.050881040517256726,true,true,supported,supported
150,38,1,0.0,0.0,0.0,0.0,true,true,supported,supported
150,38,2,-0.02152823575345686,-0.0021903886272035544,-0.017144780418153927,-0.00345272346108616,true,true,supported,supported
150,38,3,-0.027046485110756135,0.009488003993567418,-0.03417601520363278,-0.006930613128595886,true,true,supported,supported
150,38,4,-0.055086937653127666,0.015201840211503725,-0.05109417327923127,-0.010434328416402794,true,true,supported,supported
150,38,5,-0.06538926683995339,-0.0065777517301524036,-0.06789901947459309,-0.01396439853007514,true,true,supported,supported
150,38,6,-0.08373810644428059,-0.01884016188490356,-0.08459193951108257,-0.0175217503731524,true,true,supported,supported
150,38,7,-0.09534036041931337,-0.01695432870921265,-0.10117216454028588,-0.021106823250838902,true,true,supported,supported
150,38,8,-0.11812479632396511,-0.032666954531070935,-0.11764019563580796,-0.024720393526136863,true,true,supported,supported
150,38,9,-0.15814764286524752,-0.053308071989280115,-0.13399646036816137,-0.028363255966455614,true,true,supported,supported
150,38,10,-0.15043573084143835,-0.022603469708628365,-0.15024172497623478,-0.03203628314860352,true,true,supported,supported
150,38,11,-0.17088788873879968,-0.04305516482598626,-0.16637602355004444,-0.03574024009935106,true,true,supported,supported
150,38,12,-0.1916589392331962,-0.04120248553314809,-0.18239863579193882,-0.03947577592515228,true,true,supported,supported
150,38,13,-0.19142802867777642,-0.03157591906377444,-0.19831012895115097,-0.04324382565070417,true,true,supported,supported
150,38,14,-0.2528206266247087,-0.07647435338164543,-0.21411068847671255,-0.04704526189227565,true,true,supported,supported
150,38,15,-0.23714822773772726,-0.014739953793562632,-0.22980045707614938,-0.050881040517256726,true,true,supported,supported
150,39,1,0.0,0.0,0.0,0.0,true,true,supported,supported
150,39,2,0.004637774325818134,0.010197093082195297,-0.017144780418153927,-0.00345272346108616,true,true,supported,supported
150,39,3,-0.024302110568529933,0.002139408596883552,-0.03417601520363278,-0.006930613128595886,true,true,supported,supported
150,39,4,-0.04646445857466064,-0.017237487709356625,-0.05109417327923127,-0.010434328416402794,true,true,supported,supported
150,39,5,-0.053308170943538236,-0.045124056798277135,-0.06789901947459309,-0.01396439853007514,true,true,supported,supported
150,39,6,-0.08937671204040876,-0.02651796589896882,-0.08459193951108257,-0.0175217503731524,true,true,supported,supported
150,39,7,-0.11928814587259984,-0.010594598809041567,-0.10117216454028588,-0.021106823250838902,true,true,supported,supported
150,39,8,-0.09713107163026558,-0.03895706294170043,-0.11764019563580796,-0.024720393526136863,true,true,supported,supported
150,39,9,-0.1374756537336893,-0.03173485897733619,-0.13399646036816137,-0.028363255966455614,true,true,supported,supported
150,39,10,-0.1436766022393119,-0.013381421408049432,-0.15024172497623478,-0.03203628314860352,true,true,supported,supported
150,39,11,-0.15447701504291655,-0.048759876084078835,-0.16637602355004444,-0.03574024009935106,true,true,supported,supported
150,39,12,-0.1982829394525678,-0.05284322159394561,-0.18239863579193882,-0.03947577592515228,true,true,supported,supported
150,39,13,-0.2040031068636563,-0.0430996888515377,-0.19831012895115097,-0.04324382565070417,true,true,supported,supported
150,39,14,-0.20501516696606514,-0.04266606112742233,-0.21411068847671255,-0.04704526189227565,true,true,supported,supported
150,39,15,-0.23312882935604706,-0.04207321857096247,-0.22980045707614938,-0.050881040517256726,true,true,supported,supported
150,40,1,0.0,0.0,0.0,0.0,true,true,supported,supported
150,40,2,-0.0014977707930082795,0.000968591805188268,-0.017144780418153927,-0.00345272346108616,true,true,supported,supported
150,40,3,0.0022923057239934153,0.015488259893551737,-0.03417601520363278,-0.006930613128595886,true,true,supported,supported
150,40,4,0.0014074901353681168,-0.003320805932557791,-0.05109417327923127,-0.010434328416402794,true,true,supported,supported
150,40,5,-0.05383850932490941,-0.0059140620097011265,-0.06789901947459309,-0.01396439853007514,true,true,supported,supported
150,40,6,-0.0714469322950464,-0.028853509120783993,-0.08459193951108257,-0.0175217503731524,true,true,supported,supported
150,40,7,-0.09001569202381232,-0.004740534788060469,-0.10117216454028588,-0.021106823250838902,true,true,supported,supported
150,40,8,-0.10135125475733764,-0.023035775385925272,-0.11764019563580796,-0.024720393526136863,true,true,supported,supported
150,40,9,-0.1134145782271051,-0.03509354777535234,-0.13399646036816137,-0.028363255966455614,true,true,supported,supported
150,40,10,-0.14863861026427438,-0.023293799393849124,-0.15024172497623478,-0.03203628314860352,true,true,supported,supported
150,40,11,-0.13479729298555188,-0.023415984103137166,-0.16637602355004444,-0.03574024009935106,true,true,supported,supported
150,40,12,-0.13721808466695695,-0.053976327906784194,-0.18239863579193882,-0.03947577592515228,true,true,supported,supported
150,40,13,-0.1932926508985804,-0.038868701693882124,-0.19831012895115097,-0.04324382565070417,true,true,supported,supported
150,40,14,-0.20742006375042155,-0.05145028994730172,-0.21411068847671255,-0.04704526189227565,true,true,supported,supported
150,40,15,-0.19007862319220725,-0.038227857211883376,-0.22980045707614938,-0.050881040517256726,true,true,supported,supported
150,41,1,0.0,0.0,0.0,0.0,true,true,supported,supported
150,41,2,-0.04043991631102273,-0.018783195483606296,-0.017144780418153927,-0.00345272346108616,true,true,supported,supported
150,41,3,-0.030885306732139295,-0.007979886872461428,-0.03417601520363278,-0.006930613128595886,true,true,supported,supported
150,41,4,-0.04087096021365444,-0.03092554504957934,-0.05109417327923127,-0.010434328416402794,true,true,supported,supported
150,41,5,-0.04730145538530384,-0.007786763213963432,-0.06789901947459309,-0.01396439853007514,true,true,supported,supported
150,41,6,-0.08379644929546026,-0.04783204717980083,-0.08459193951108257,-0.0175217503731524,true,true,supported,supported
150,41,7,-0.07803305577516395,-0.0341573727650879,-0.10117216454028588,-0.021106823250838902,true,true,supported,supported
150,41,8,-0.11602472212267756,-0.007232408293550985,-0.11764019563580796,-0.024720393526136863,true,true,supported,supported
150,41,9,-0.13689071509296935,-0.050140339203360806,-0.13399646036816137,-0.028363255966455614,true,true,supported,supported
150,41,10,-0.13260709241583846,-0.00942457559086951,-0.15024172497623478,-0.03203628314860352,true,true,supported,supported
150,41,11,-0.14722280907477892,-0.022600361496105226,-0.16637602355004444,-0.03574024009935106,true,true,supported,supported
150,41,12,-0.1729398597209998,-0.025244760662520238,-0.18239863579193882,-0.03947577592515228,true,true,supported,supported
150,41,13,-0.15738923002398053,-0.013290228889837441,-0.19831012895115097,-0.04324382565070417,true,true,supported,supported
150,41,14,-0.20962804534121338,-0.0511198526105896,-0.21411068847671255,-0.04704526189227565,true,true,supported,supported
150,41,15,-0.20674575239454285,-0.06770243173038948,-0.22980045707614938,-0.050881040517256726,true,true,supported,supported
150,42,1,0.0,0.0,0.0,0.0,true,true,supported,supported
150,42,2,-0.0369872448845755,-0.02073263510414891,-0.017144780418153927,-0.00345272346108616,true,true,supported,supported
150,42,3,-0.06203189169967582,-0.041295650156547015,-0.03417601520363278,-0.006930613128595886,true,true,supported,supported
150,42,4,-0.08263790342756017,-0.04272266590574647,-0.05109417327923127,-0.010434328416402794,true,true,supported,supported
150,42,5,-0.09574508662475356,-0.04365051791313923,-0.06789901947459309,-0.01396439853007514,true,true,supported,supported
150,42,6,-0.10070627859137726,-0.019579518439465593,-0.08459193951108257,-0.0175217503731524,true,true,supported,supported
150,42,7,-0.12711185454173135,-0.04982841267540461,-0.10117216454028588,-0.021106823250838902,true,true,supported,supported
150,42,8,-0.15094957775510454,-0.03355101253731063,-0.11764019563580796,-0.024720393526136863,true,true,supported,supported
150,42,9,-0.13713554479156598,-0.029954202321279655,-0.13399646036816137,-0.028363255966455614,true,true,supported,supported
150,42,10,-0.1757008795663202,-0.057932849545420884,-0.15024172497623478,-0.03203628314860352,true,true,supported,supported
150,42,11,-0.19599171467663856,-0.06709634024627231,-0.16637602355004444,-0.03574024009935106,true,true,supported,supported
150,42,12,-0.18726019884659884,-0.024096748200543416,-0.18239863579193882,-0.03947577592515228,true,true,supported,supported
150,42,13,-0.22589185761965713,-0.045457983021314874,-0.19831012895115097,-0.04324382565070417,true,true,supported,supported
150,42,14,-0.2175571340293504,-0.05614675009288228,-0.21411068847671255,-0.04704526189227565,true,true,supported,supported
150,42,15,-0.249948418968581,-0.03082393779721393,-0.22980045707614938,-0.050881040517256726,true,true,supported,supported
150,43,1,0.0,0.0,0.0,0.0,true,true,supported,supported
150,43,2,-0.04923387058913731,-0.03929650583828581,-0.017144780418153927,-0.00345272346108616,true,true,supported,supported
150,43,3,-0.02472052981693762,-0.01097386153591029,-0.03417601520363278,-0.006930613128595886,true,true,supported,supported
150,43,4,-0.023074234444428687,-0.03871843791079865,-0.05109417327923127,-0.010434328416402794,true,true,supported,supported
150,43,5,-0.07771183011085747,-0.05659533714594489,-0.06789901947459309,-0.01396439853007514,true,true,supported,supported
150,43,6,-0.06635551071930745,0.007184322856815584,-0.08459193951108257,-0.0175217503731524,true,true,supported,supported
150,43,7,-0.08927248934337595,-0.017605290104214077,-0.10117216454028588,-0.021106823250838902,true,true,supported,supported
150,43,8,-0.1379067917521315,-0.05398544902645519,-0.11764019563580796,-0.024720393526136863,true,true,supported,supported
150,43,9,-0.11916105292754275,-0.02243166764764093,-0.13399646036816137,-0.028363255966455614,true,true,supported,supported
150,43,10,-0.15694547335345632,-0.024912256816692957,-0.15024172497623478,-0.03203628314860352,true,true,supported,supported
150,43,11,-0.17600896695145307,-0.053356036126173234,-0.16637602355004444,-0.03574024009935106,true,true,supported,supported
150,43,12,-0.2041988809863008,-0.07049972458802267,-0.18239863579193882,-0.03947577592515228,true,true,supported,supported
150,43,13,-0.18364265227906373,-0.04201858959521676,-0.19831012895115097,-0.04324382565070417,true,true,supported,supported
150,43,14,-0.23086122870260217,-0.08718236317449524,-0.21411068847671255,-0.04704526189227565,true,true,supported,supported
150,43,15,-0.22617463513645153,-0.06718528186634709,-0.22980045707614938,-0.050881040517256726,true,true,supported,supported
150,44,1,0.0,0.0,0.0,0.0,true,true,supported,supported
150,44,2,-0.014393134844157274,-0.007234894663806113,-0.017144780418153927,-0.00345272346108616,true,true,supported,supported
150,44,3,-0.05429723784366114,-0.01915260215486514,-0.03417601520363278,-0.006930613128595886,true,true,supported,supported
150,44,4,-0.05607789266304386,-0.030335678452891757,-0.05109417327923127,-0.010434328416402794,true,true,supported,supported
150,44,5,-0.08780076272371096,-0.05142855605989871,-0.06789901947459309,-0.01396439853007514,true,true,supported,supported
150,44,6,-0.10330993943899391,-0.025053886919148893,-0.08459193951108257,-0.0175217503731524,true,true,supported,supported
150,44,7,-0.11365847648672567,5.473992803994854e-05,-0.10117216454028588,-0.021106823250838902,true,true,supported,supported
150,44,8,-0.11674388605082842,-0.025468426781530606,-0.11764019563580796,-0.024720393526136863,true,true,supported,supported
150,44,9,-0.15571620577218404,-0.03157737214729295,-0.13399646036816137,-0.028363255966455614,true,true,supported,supported
150,44,10,-0.15015915554301662,-0.04863373232358725,-0.15024172497623478,-0.03203628314860352,true,true,supported,supported
150,44,11,-0.17096961453667026,-0.029675851219941318,-0.16637602355004444,-0.03574024009935106,true,true,supported,supported
150,44,12,-0.1819611989307819,-0.03542586608142606,-0.18239863579193882,-0.03947577592515228,true,true,supported,supported
150,44,13,-0.23162213492329564,-0.057956366583233665,-0.19831012895115097,-0.04324382565070417,true,true,supported,supported
150,44,14,-0.2231207113534469,-0.00762692100955098,-0.21411068847671255,-0.04704526189227565,true,true,supported,supported
150,44,15,-0.2353489289180103,-0.058047071018745955,-0.22980045707614938,-0.050881040517256726,true,true,supported,supported
150,45,1,0.0,0.0,0.0,0.0,true,true,supported,supported
150,45,2,-0.049543581509574275,-0.0248979452108119,-0.017144780418153927,-0.00345272346108616,true,true,supported,supported
150,45,3,-0.0651201237916974,-0.03355365277341227,-0.03417601520363278,-0.006930613128595886,true,true,supported,supported
150,45,4,-0.08735300987052674,-0.039470643568026764,-0.05109417327923127,-0.010434328416402794,true,true,supported,supported
150,45,5,-0.11794432728238935,-0.057691628289999075,-0.06789901947459309,-0.01396439853007514,true,true,supported,supported
150,45,6,-0.14031043186732506,-0.03497328368476771,-0.08459193951108257,-0.0175217503731524,true,true,supported,supported
150,45,7,-0.1396577237926342,-0.04205026510346033,-0.10117216454028588,-0.021106823250838902,true,true,supported,supported
150,45,8,-0.15564358569285652,-0.048913246465078,-0.11764019563580796,-0.024720393526136863,true,true,supported,supported
150,45,9,-0.19663660071361466,-0.07541481881904355,-0.13399646036816137,-0.028363255966455614,true,true,supported,supported
150,45,10,-0.18722820259272455,-0.05790127957694058,-0.15024172497623478,-0.03203628314860352,true,true,supported,supported
150,45,11,-0.2135876557471479,-0.07526346876688372,-0.16637602355004444,-0.03574024009935106,true,true,supported,supported
150,45,12,-0.24732036157179782,-0.08383741001715761,-0.18239863579193882,-0.03947577592515228,true,true,supported,supported
150,45,13,-0.22234130525795304,-0.07123672610066067,-0.19831012895115097,-0.04324382565070417,true,true,supported,supported
150,45,14,-0.24184473993702393,-0.05673310712939905,-0.21411068847671255,-0.04704526189227565,true,true,supported,supported
150,45,15,-0.25842837424026477,-0.06855254153666746,-0.22980045707614938,-0.050881040517256726,true,true,supported,supported
150,46,1,0.0,0.0,0.0,0.0,true,true,supported,supported
150,46,2,-0.025171714492865815,-0.009155448151392354,-0.017144780418153927,-0.00345272346108616,true,true,supported,supported
150,46,3,-0.011339172107522999,-0.007088487572827318,-0.03417601520363278,-0.006930613128595886,true,true,supported,supported
150,46,4,-0.06250970808438983,-0.032371466750552025,-0.05109417327923127,-0.010434328416402794,true,true,supported,supported
150,46,5,-0.08111189025807075,-0.04313208068616725,-0.06789901947459309,-0.01396439853007514,true,true,supported,supported
150,46,6,-0.08573831016221356,-0.04009224943554113,-0.08459193951108257,-0.0175217503731524,true,true,supported,supported
150,46,7,-0.12398462216262907,-0.02966274444540551,-0.10117216454028588,-0.021106823250838902,true,true,supported,supported
150,46,8,-0.12820711767415205,-0.034043226586315645,-0.11764019563580796,-0.024720393526136863,true,true,supported,supported
150,46,9,-0.1435236559368016,-0.029419315079814212,-0.13399646036816137,-0.028363255966455614,true,true,supported,supported
150,46,10,-0.1591103524081643,-0.046188292229255024,-0.15024172497623478,-0.03203628314860352,true,true,supported,supported
150,46,11,-0.18050368819990925,-0.04025885236802196,-0.16637602355004444,-0.03574024009935106,true,true,supported,supported
150,46,12,-0.17085744253241675,-0.02113033930727548,-0.18239863579193882,-0.03947577592515228,true,true,supported,supported
150,46,13,-0.23513211033589476,-0.06575545806947114,-0.19831012895115097,-0.04324382565070417,true,true,supported,supported
150,46,14,-0.21148502475787256,-0.06286648762099578,-0.21411068847671255,-0.04704526189227565,true,true,supported,supported
150,46,15,-0.23704332661347782,-0.06377357786043125,-0.22980045707614938,-0.050881040517256726,true,true,supported,supported
150,47,1,0.0,0.0,0.0,0.0,true,true,supported,supported
150,47,2,-0.0426648393832485,0.03271805705018138,-0.017144780418153927,-0.00345272346108616,true,true,supported,supported
150,47,3,-0.06311818321769291,0.02862161360368798,-0.03417601520363278,-0.006930613128595886,true,true,supported,supported
150,47,4,-0.038164153645665166,0.025658821322309566,-0.05109417327923127,-0.010434328416402794,true,true,supported,supported
150,47,5,-0.06994873543748015,0.020998865094389085,-0.06789901947459309,-0.01396439853007514,true,true,supported,supported
150,47,6,-0.11146905125138218,0.01673244969094656,-0.08459193951108257,-0.0175217503731524,true,true,supported,supported
150,47,7,-0.11747657731241123,-0.003177065561280057,-0.10117216454028588,-0.021106823250838902,true,true,supported,supported
150,47,8,-0.15026457257304693,0.0038218699603883577,-0.11764019563580796,-0.024720393526136863,true,true,supported,supported
150,47,9,-0.14843916750344022,-0.0007240231873872904,-0.13399646036816137,-0.028363255966455614,true,true,supported,supported
150,47,10,-0.14455097597386302,0.010570489375188452,-0.15024172497623478,-0.03203628314860352,true,true,supported,supported
150,47,11,-0.1917186451439522,0.01447656448746204,-0.16637602355004444,-0.03574024009935106,true,true,supported,supported
150,47,12,-0.21118905862328485,-0.01034338368351051,-0.18239863579193882,-0.03947577592515228,true,true,supported,supported
150,47,13,-0.22301727392718507,-0.019677890900365202,-0.19831012895115097,-0.04324382565070417,true,true,supported,supported
150,47,14,-0.2246164860267028,-0.017783517438311747,-0.21411068847671255,-0.04704526189227565,true,true,supported,supported
150,47,15,-0.22198330282054357,-0.002140565763973923,-0.22980045707614938,-0.050881040517256726,true,true,supported,supported
150,48,1,0.0,0.0,0.0,0.0,true,true,supported,supported
150,48,2,-0.01009250171138798,-0.0023843278858168837,-0.017144780418153927,-0.00345272346108616,true,true,supported,supported
150,48,3,-0.0296655949707606,-0.003905625240052557,-0.03417601520363278,-0.006930613128595886,true,true,supported,supported
150,48,4,-0.07191735101319496,-0.019967413813260948,-0.05109417327923127,-0.010434328416402794,true,true,supported,supported
150,48,5,-0.0734190953398387,-0.03656778154269413,-0.06789901947459309,-0.01396439853007514,true,true,supported,supported
150,48,6,-0.09903564457109515,-0.043893407786411265,-0.08459193951108257,-0.0175217503731524,true,true,supported,supported
150,48,7,-0.11840689048943309,-0.02299496912054111,-0.10117216454028588,-0.021106823250838902,true,true,supported,supported
150,48,8,-0.11129914326459878,-0.014004859531349556,-0.11764019563580796,-0.024720393526136863,true,true,supported,supported
150,48,9,-0.15897710008197097,-0.022437645122812766,-0.13399646036816137,-0.028363255966455614,true,true,supported,supported
150,48,10,-0.16277509381138888,-0.03383270303180663,-0.15024172497623478,-0.03203628314860352,true,true,supported,supported
150,48,11,-0.19014183649582073,-0.003980644327495786,-0.16637602355004444,-0.03574024009935106,true,true,supported,supported
150,48,12,-0.20614709328375358,-0.048521807182798415,-0.18239863579193882,-0.03947577592515228,true,true,supported,supported
150,48,13,-0.1839351746625737,-0.0042517727150589435,-0.19831012895115097,-0.04324382565070417,true,true,supported,supported
150,48,14,-0.20427407289981037,-0.02067978793542724,-0.21411068847671255,-0.04704526189227565,true,true,supported,supported
150,48,15,-0.24360947329416616,-0.029897680061689025,-0.22980045707614938,-0.050881040517256726,true,true,supported,supported
150,49,1,0.0,0.0,0.0,0.0,true,true,supported,supported
150,49,2,-0.02536996159178251,0.00946024323638528,-0.017144780418153927,-0.00345272346108616,true,true,supported,supported
150,49,3,-0.04576182188711064,-0.013038867816898003,-0.03417601520363278,-0.006930613128595886,true,true,supported,supported
150,49,4,-0.008222270954355904,-0.006744867816957045,-0.05109417327923127,-0.010434328416402794,true,true,supported,supported
150,49,5,-0.057185858339002804,-0.0051151482467893805,-0.06789901947459309,-0.01396439853007514,true,true,supported,supported
150,49,6,-0.08851806344348467,-0.006662978673145026,-0.08459193951108257,-0.0175217503731524,true,true,supported,supported
150,49,7,-0.12035604001359834,-0.020476190099366853,-0.10117216454028588,-0.021106823250838902,true,true,supported,supported
150,49,8,-0.13015393681386245,-0.01865033412629047,-0.11764019563580796,-0.024720393526136863,true,true,supported,supported
150,49,9,-0.11579987327459473,-0.023381978778124646,-0.13399646036816137,-0.028363255966455614,true,true,supported,supported
150,49,10,-0.14880047113658268,-0.034561594709896726,-0.15024172497623478,-0.03203628314860352,true,true,supported,supported
150,49,11,-0.16257728607753252,-0.03146593115623364,-0.16637602355004444,-0.03574024009935106,true,true,supported,supported
150,49,12,-0.14967809974081547,0.0013702452686054079,-0.18239863579193882,-0.03947577592515228,true,true,supported,supported
150,49,13,-0.20970767648278554,-0.0630437988491871,-0.19831012895115097,-0.04324382565070417,true,true,supported,supported
150,49,14,-0.21604738128895695,-0.06552190680412473,-0.21411068847671255,-0.04704526189227565,true,true,supported,supported
150,49,15,-0.20149899645782343,-0.0415305417507007,-0.22980045707614938,-0.050881040517256726,true,true,supported,supported
150,50,1,0.0,0.0,0.0,0.0,true,true,supported,supported
150,50,2,-0.012536859356701124,-0.03126879717534803,-0.017144780418153927,-0.00345272346108616,true,true,supported,supported
150,50,3,-0.014029588839208462,-0.05085594765852397,-0.03417601520363278,-0.006930613128595886,true,true,supported,supported
150,50,4,-0.06586256513803079,-0.049144325092862706,-0.05109417327923127,-0.010434328416402794,true,true,supported,supported
150,50,5,-0.04771283820104366,-0.03939935792242788,-0.06789901947459309,-0.01396439853007514,true,true,supported,supported
150,50,6,-0.07240956289753253,-0.05635363014196915,-0.08459193951108257,-0.0175217503731524,true,true,supported,supported
150,50,7,-0.10877320091501286,-0.061053948022817384,-0.10117216454028588,-0.021106823250838902,true,true,supported,supported
150,50,8,-0.10617388542112893,-0.051581884015377555,-0.11764019563580796,-0.024720393526136863,true,true,supported,supported
150,50,9,-0.1083093074768049,-0.02404408504258515,-0.13399646036816137,-0.028363255966455614,true,true,supported,supported
150,50,10,-0.15509611455772865,-0.06029280552728422,-0.15024172497623478,-0.03203628314860352,true,true,supported,supported
150,50,11,-0.14815980766546044,-0.0645755619108741,-0.16637602355004444,-0.03574024009935106,true,true,supported,supported
150,50,12,-0.20265731006831122,-0.06631879894671988,-0.18239863579193882,-0.03947577592515228,true,true,supported,supported
150,50,13,-0.17300027775365223,-0.07416457101020368,-0.19831012895115097,-0.04324382565070417,true,true,supported,supported
150,50,14,-0.21902430548970597,-0.07621688421375261,-0.21411068847671255,-0.04704526189227565,true,true,supported,supported
150,50,15,-0.22807930529710585,-0.06275519147687758,-0.22980045707614938,-0.050881040517256726,true,true,supported,supported
150,51,1,0.0,0.0,0.0,0.0,true,true,supported,supported
150,51,2,0.008069556719620508,0.007828184391789117,-0.017144780418153927,-0.00345272346108616,true,true,supported,supported
150,51,3,0.020986431214335965,0.03193808750673721,-0.03417601520363278,-0.006930613128595886,true,true,supported,supported
150,51,4,-0.039959670106760825,-0.02544875526459145,-0.05109417327923127,-0.010434328416402794,true,true,supported,supported
150,51,5,-0.0819794841510807,-0.04613511775805157,-0.06789901947459309,-0.01396439853007514,true,true,supported,supported
150,51,6,-0.08375802969170187,0.004228907334104637,-0.08459193951108257,-0.0175217503731524,true,true,supported,supported
150,51,7,-0.11577784985211093,-0.03450043096679123,-0.10117216454028588,-0.021106823250838902,true,true,supported,supported
150,51,8,-0.09187878478361622,0.0011450027472343915,-0.11764019563580796,-0.024720393526136863,true,true,supported,supported
150,51,9,-0.11473231012728569,-0.03940260229885251,-0.13399646036816137,-0.028363255966455614,true,true,supported,supported
150,51,10,-0.1423653541533666,-0.00853352141420205,-0.15024172497623478,-0.03203628314860352,true,true,supported,supported
150,51,11,-0.19157038598567533,-0.039323045509241594,-0.16637602355004444,-0.03574024009935106,true,true,supported,supported
150,51,12,-0.16637251505730322,-0.048466843613442,-0.18239863579193882,-0.03947577592515228,true,true,supported,supported
150,51,13,-0.2231134365487577,-0.06812871594420788,-0.19831012895115097,-0.04324382565070417,true,true,supported,supported
150,51,14,-0.22046619218774477,-0.03913857576994606,-0.21411068847671255,-0.04704526189227565,true,true,supported,supported
150,51,15,-0.23398233445424133,-0.07175164422456559,-0.22980045707614938,-0.050881040517256726,true,true,supported,supported
150,52,1,0.0,0.0,0.0,0.0,true,true,supported,supported
150,52,2,-0.020602199845488833,0.022175707339236017,-0.017144780418153927,-0.00345272346108616,true,true,supported,supported
150,52,3,-0.048336296862966366,0.006314207265528338,-0.03417601520363278,-0.006930613128595886,true,true,supported,supported
150,52,4,-0.053218376332377804,0.008821807554479033,-0.05109417327923127,-0.010434328416402794,true,true,supported,supported
150,52,5,-0.07843282340404123,0.009071167636529487,-0.06789901947459309,-0.01396439853007514,true,true,supported,supported
150,52,6,-0.07209634010488775,-0.015264666172946306,-0.08459193951108257,-0.0175217503731524,true,true,supported,supported
150,52,7,-0.09020247768079714,-0.00301975928152054,-0.10117216454028588,-0.021106823250838902,true,true,supported,supported
150,52,8,-0.1315859326803357,-0.009860998921369601,-0.11764019563580796,-0.024720393526136863,true,true,supported,supported
150,52,9,-0.13184604078610307,-0.0025866627484971705,-0.13399646036816137,-0.028363255966455614,true,true,supported,supported
150,52,10,-0.14059566748770047,-0.01692735655089117,-0.15024172497623478,-0.03203628314860352,true,true,supported,supported
150,52,11,-0.15959341024610063,-0.021053318090411555,-0.16637602355004444,-0.03574024009935106,true,true,supported,supported
150,52,12,-0.16466790658559394,-0.047457502665792406,-0.18239863579193882,-0.03947577592515228,true,true,supported,supported
150,52,13,-0.1631735535255021,0.013566608914333256,-0.19831012895115097,-0.04324382565070417,true,true,supported,supported
150,52,14,-0.22394632400925485,-0.042107639771414074,-0.21411068847671255,-0.04704526189227565,true,true,supported,supported
150,52,15,-0.22665470482687622,-0.04662736316509586,-0.22980045707614938,-0.050881040517256726,true,true,supported,supported
150,53,1,0.0,0.0,0.0,0.0,true,true,supported,supported
150,53,2,-0.028497800705446608,0.00873677598340139,-0.017144780418153927,-0.00345272346108616,true,true,supported,supported
150,53,3,-0.07614691927904504,-0.037123055365360424,-0.03417601520363278,-0.006930613128595886,true,true,supported,supported
150,53,4,-0.05824025641577091,0.006226975031447646,-0.05109417327923127,-0.010434328416402794,true,true,supported,supported
150,53,5,-0.07336781838594375,-0.004253316853343958,-0.06789901947459309,-0.01396439853007514,true,true,supported,supported
150,53,6,-0.07077158499566416,0.005195399578902915,-0.08459193951108257,-0.0175217503731524,true,true,supported,supported
150,53,7,-0.07856691489034584,-0.00160657726033131,-0.10117216454028588,-0.021106823250838902,true,true,supported,supported
150,53,8,-0.09997406549907073,-0.027719929366172624,-0.11764019563580796,-0.024720393526136863,true,true,supported,supported
150,53,9,-0.17325761330640055,-0.021914076593992027,-0.13399646036816137,-0.028363255966455614,true,true,supported,supported
150,53,10,-0.18818997621605305,-0.042992314879780946,-0.15024172497623478,-0.03203628314860352,true,true,supported,supported
150,53,11,-0.16905071289531481,-0.005806988015535919,-0.16637602355004444,-0.03574024009935106,true,true,supported,supported
150,53,12,-0.20662563610148632,-0.06258701913099052,-0.18239863579193882,-0.03947577592515228,true,true,supported,supported
150,53,13,-0.21960068531402777,-0.057982279066269626,-0.19831012895115097,-0.04324382565070417,true,true,supported,supported
150,53,14,-0.24661899856802483,-0.05631723391703458,-0.21411068847671255,-0.04704526189227565,true,true,supported,supported
150,53,15,-0.24309663901387413,-0.05127975382280703,-0.22980045707614938,-0.050881040517256726,true,true,supported,supported
150,54,1,0.0,0.0,0.0,0.0,true,true,supported,supported
150,54,2,-0.027916773205783563,-0.006539262215493391,-0.017144780418153927,-0.00345272346108616,true,true,supported,supported
150,54,3,-0.06519127069382413,0.004258257295875367,-0.03417601520363278,-0.006930613128595886,true,true,supported,supported
150,54,4,-0.08297592546377253,-0.009922785616760188,-0.05109417327923127,-0.010434328416402794,true,true,supported,supported
150,54,5,-0.08089492810999399,-0.028994809887604944,-0.06789901947459309,-0.01396439853007514,true,true,supported,supported
150,54,6,-0.06293981557736994,-0.00915517960271639,-0.08459193951108257,-0.0175217503731524,true,true,supported,supported
150,54,7,-0.10174368465344052,0.001442667092327543,-0.10117216454028588,-0.021106823250838902,true,true,supported,supported
150,54,8,-0.1333098924826135,-0.025734665772830345,-0.11764019563580796,-0.024720393526136863,true,true,supported,supported
150,54,9,-0.14860755091412015,-0.02101463359337341,-0.13399646036816137,-0.028363255966455614,true,true,supported,supported
150,54,10,-0.17298996689825652,-0.038614910953603365,-0.15024172497623478,-0.03203628314860352,true,true,supported,supported
150,54,11,-0.19413510966033265,-0.0516761107100131,-0.16637602355004444,-0.03574024009935106,true,true,supported,supported
150,54,12,-0.21592687445451986,-0.031313209293043376,-0.18239863579193882,-0.03947577592515228,true,true,supported,supported
150,54,13,-0.22921004786112908,-0.06799372699391615,-0.19831012895115097,-0.04324382565070417,true,true,supported,supported
150,54,14,-0.2492909459651651,-0.07168529785968103,-0.21411068847671255,-0.04704526189227565,true,true,supported,supported
150,54,15,-0.2769967051692317,-0.06100387277830599,-0.22980045707614938,-0.050881040517256726,true,true,supported,supported
150,55,1,0.0,0.0,0.0,0.0,true,true,supported,supported
150,55,2,-0.016470485974406035,0.00922332406527926,-0.017144780418153927,-0.00345272346108616,true,true,supported,supported
150,55,3,-0.04409765759256645,-0.010905505278289596,-0.03417601520363278,-0.006930613128595886,true,true,supported,supported
150,55,4,-0.07390403313084815,-0.010135759554761758,-0.05109417327923127,-0.010434328416402794,true,true,supported,supported
150,55,5,-0.06201133913710688,-0.030657968873804897,-0.06789901947459309,-0.01396439853007514,true,true,supported,supported
150,55,6,-0.08934627019460228,-0.004805305442571628,-0.08459193951108257,-0.0175217503731524,true,true,supported,supported
150,55,7,-0.09361841067919063,-0.02111841246864199,-0.10117216454028588,-0.021106823250838902,true,true,supported,supported
150,55,8,-0.14850048983937436,-0.034267275670240904,-0.11764019563580796,-0.024720393526136863,true,true,supported,supported
150,55,9,-0.15540053509323226,-0.04132532780021858,-0.13399646036816137,-0.028363255966455614,true,true,supported,supported
150,55,10,-0.18383187758320108,-0.01898662830673281,-0.15024172497623478,-0.03203628314860352,true,true,supported,supported
150,55,11,-0.18767694337711927,-0.05112993775824348,-0.16637602355004444,-0.03574024009935106,true,true,supported,supported
150,55,12,-0.20033000546191027,-0.06493737785807363,-0.18239863579193882,-0.03947577592515228,true,true,supported,supported
150,55,13,-0.2100037492860931,-0.05513792628465575,-0.19831012895115097,-0.04324382565070417,true,true,supported,supported
150,55,14,-0.22206079893236697,-0.0331677024921988,-0.21411068847671255,-0.04704526189227565,true,true,supported,supported
150,55,15,-0.25444010876644607,-0.08094145437007372,-0.22980045707614938,-0.050881040517256726,true,true,supported,supported
150,56,1,0.0,0.0,0.0,0.0,true,true,supported,supported
150,56,2,-0.017238520855687334,-0.017115978171130086,-0.017144780418153927,-0.00345272346108616,true,true,supported,supported
150,56,3,-0.06257936941134501,-0.005253242885334242,-0.03417601520363278,-0.006930613128595886,true,true,supported,supported
150,56,4,-0.0498306811071656,-0.003264753484488292,-0.05109417327923127,-0.010434328416402794,true,true,supported,supported
150,56,5,-0.07703484444452757,-0.030440773898277595,-0.06789901947459309,-0.01396439853007514,true,true,supported,supported
150,56,6,-0.1009103284515589,-0.029550206079924757,-0.08459193951108257,-0.0175217503731524,true,true,supported,supported
150,56,7,-0.09722197735344318,-0.04544352849174316,-0.10117216454028588,-0.021106823250838902,true,true,supported,supported
150,56,8,-0.16081310556260364,-0.05351711846914131,-0.11764019563580796,-0.024720393526136863,true,true,supported,supported
150,56,9,-0.16606270284643787,-0.05297361437479242,-0.13399646036816137,-0.028363255966455614,true,true,supported,supported
150,56,10,-0.1262811549124786,-0.022956016602329155,-0.15024172497623478,-0.03203628314860352,true,true,supported,supported
150,56,11,-0.16749033795056467,-0.042730830293068345,-0.16637602355004444,-0.03574024009935106,true,true,supported,supported
150,56,12,-0.20146709902486049,-0.05663003645222908,-0.18239863579193882,-0.03947577592515228,true,true,supported,supported
150,56,13,-0.21084793941263602,-0.05905412484002226,-0.19831012895115097,-0.04324382565070417,true,true,supported,supported
150,56,14,-0.2226961606845469,-0.05545391920022358,-0.21411068847671255,-0.04704526189227565,true,true,supported,supported
150,56,15,-0.24101072448725558,-0.08763817680378283,-0.22980045707614938,-0.050881040517256726,true,true,supported,supported
150,57,1,0.0,0.0,0.0,0.0,true,true,supported,supported
150,57,2,-0.02590227830961045,-0.0025189428197639474,-0.017144780418153927,-0.00345272346108616,true,true,supported,supported
150,57,3,-0.021256558121823255,-0.005058439471108289,-0.03417601520363278,-0.006930613128595886,true,true,supported,supported
150,57,4,-0.051928995087377805,-0.027597222621897455,-0.05109417327923127,-0.010434328416402794,true,true,supported,supported
150,57,5,-0.061038738304878604,-0.017612979078509894,-0.06789901947459309,-0.01396439853007514,true,true,supported,supported
150,57,6,-0.06468899612105994,0.005454202022498356,-0.08459193951108257,-0.0175217503731524,true,true,supported,supported
150,57,7,-0.09530716014787877,-0.011166316420093803,-0.10117216454028588,-0.021106823250838902,true,true,supported,supported
150,57,8,-0.11829736233128973,-0.016792077145886042,-0.11764019563580796,-0.024720393526136863,true,true,supported,supported
150,57,9,-0.11482333995903482,-0.008736754146095316,-0.13399646036816137,-0.028363255966455614,true,true,supported,supported
150,57,10,-0.14818157654459407,-0.04860485826861749,-0.15024172497623478,-0.03203628314860352,true,true,supported,supported
150,57,11,-0.15926733142786786,-0.0279840996988312,-0.16637602355004444,-0.03574024009935106,true,true,supported,supported
150,57,12,-0.17097732304125424,-0.03171081764610795,-0.18239863579193882,-0.03947577592515228,true,true,supported,supported
150,57,13,-0.22558579228643305,-0.06593273775583564,-0.19831012895115097,-0.04324382565070417,true,true,supported,supported
150,57,14,-0.20050107704498665,-0.030426197027838553,-0.21411068847671255,-0.04704526189227565,true,true,supported,supported
150,57,15,-0.21330694526085858,-0.032207163416087425,-0.22980045707614938,-0.050881040517256726,true,true,supported,supported
150,58,1,0.0,0.0,0.0,0.0,true,true,supported,supported
150,58,2,-0.030938464830839063,-0.012165523262781863,-0.017144780418153927,-0.00345272346108616,true,true,supported,supported
150,58,3,-0.01175015515777511,-0.0207524629630087,-0.03417601520363278,-0.006930613128595886,true,true,supported,supported
150,58,4,-0.042381508418811054,-0.02005132538025345,-0.05109417327923127,-0.010434328416402794,true,true,supported,supported
150,58,5,-0.06009239876743333,-0.02962150108289585,-0.06789901947459309,-0.01396439853007514,true,true,supported,supported
150,58,6,-0.08095729409044927,-0.03952954857175661,-0.08459193951108257,-0.0175217503731524,true,true,supported,supported
150,58,7,-0.07061876278787338,-0.028805784138377755,-0.10117216454028588,-0.021106823250838902,true,true,supported,supported
150,58,8,-0.12996449012643352,-0.04984380152400647,-0.11764019563580796,-0.024720393526136863,true,true,supported,supported
150,58,9,-0.09655512847002845,-0.014243973582151903,-0.13399646036816137,-0.028363255966455614,true,true,supported,supported
150,58,10,-0.12146699729167376,-0.018968028596802577,-0.15024172497623478,-0.03203628314860352,true,true,supported,supported
150,58,11,-0.16906174011920883,-0.0511560089176869,-0.16637602355004444,-0.03574024009935106,true,true,supported,supported
150,58,12,-0.18438777458822042,-0.0456927653578153,-0.18239863579193882,-0.03947577592515228,true,true,supported,supported
150,58,13,-0.18464935169877505,-0.053928512835815456,-0.19831012895115097,-0.04324382565070417,true,true,supported,supported
150,58,14,-0.19091977422710749,-0.07441947668773774,-0.21411068847671255,-0.04704526189227565,true,true,supported,supported
150,58,15,-0.18763875175004285,-0.04841221926748662,-0.22980045707614938,-0.050881040517256726,true,true,supported,supported
150,59,1,0.0,0.0,0.0,0.0,true,true,supported,supported
150,59,2,0.0023378708432991724,-0.00990754554077089,-0.017144780418153927,-0.00345272346108616,true,true,supported,supported
150,59,3,0.005602278363590729,0.0035070882262755454,-0.03417601520363278,-0.006930613128595886,true,true,supported,supported
150,59,4,-0.05012001162976687,-0.03143892549741023,-0.05109417327923127,-0.010434328416402794,true,true,supported,supported
150,59,5,-0.076993131548165,-0.01733876144890001,-0.06789901947459309,-0.01396439853007514,true,true,supported,supported
150,59,6,-0.04511339932136216,-0.022245086625339416,-0.08459193951108257,-0.0175217503731524,true,true,supported,supported
150,59,7,-0.09989236113279876,-0.06534912579390173,-0.10117216454028588,-0.021106823250838902,true,true,supported,supported
150,59,8,-0.11967947659762479,-0.04458371416473639,-0.11764019563580796,-0.024720393526136863,true,true,supported,supported
150,59,9,-0.09116446399645683,-0.053546011395957605,-0.13399646036816137,-0.028363255966455614,true,true,supported,supported
150,59,10,-0.15738285922167372,-0.06050111882615761,-0.15024172497623478,-0.03203628314860352,true,true,supported,supported
150,59,11,-0.1469943077311361,-0.011325515644366235,-0.16637602355004444,-0.03574024009935106,true,true,supported,supported
150,59,12,-0.15576921936586785,-0.04301464998545024,-0.18239863579193882,-0.03947577592515228,true,true,supported,supported
150,59,13,-0.1741919537271287,-0.0410873864014113,-0.19831012895115097,-0.04324382565070417,true,true,supported,supported
150,59,14,-0.16378277790389106,-0.07398012091374051,-0.21411068847671255,-0.04704526189227565,true,true,supported,supported
150,59,15,-0.21657186477638646,-0.06859809442091003,-0.22980045707614938,-0.050881040517256726,true,true,supported,supported
150,60,1,0.0,0.0,0.0,0.0,true,true,supported,supported
150,60,2,0.026090352421193397,0.03468790812191902,-0.017144780418153927,-0.00345272346108616,true,true,supported,supported
150,60,3,-0.04068489616051074,0.008468156875009236,-0.03417601520363278,-0.006930613128595886,true,true,supported,supported
150,60,4,-0.03690259504233184,0.004457632656404864,-0.05109417327923127,-0.010434328416402794,true,true,supported,supported
150,60,5,-0.04797856203249007,-0.0163301019355494,-0.06789901947459309,-0.01396439853007514,true,true,supported,supported
150,60,6,-0.07747592648048718,0.000733167227274123,-0.08459193951108257,-0.0175217503731524,true,true,supported,supported
150,60,7,-0.08056665091593163,0.014356065081017833,-0.10117216454028588,-0.021106823250838902,true,true,supported,supported
150,60,8,-0.09934628599700523,0.013040827088104612,-0.11764019563580796,-0.024720393526136863,true,true,supported,supported
150,60,9,-0.12919470798973054,-0.008167212698588333,-0.13399646036816137,-0.028363255966455614,true,true,supported,supported
150,60,10,-0.1290631682414487,-0.01914642246080167,-0.15024172497623478,-0.03203628314860352,true,true,supported,supported
150,60,11,-0.18483052842000935,-0.03487792885853447,-0.16637602355004444,-0.03574024009935106,true,true,supported,supported
150,60,12,-0.17096888230200957,-0.03323580356168665,-0.18239863579193882,-0.03947577592515228,true,true,supported,supported
150,60,13,-0.2029004166253583,-0.03872152738684176,-0.19831012895115097,-0.04324382565070417,true,true,supported,supported
150,60,14,-0.2328501831385117,-0.05786103275686261,-0.21411068847671255,-0.04704526189227565,true,true,supported,supported
150,60,15,-0.22454959263389918,-0.06569514955642763,-0.22980045707614938,-0.050881040517256726,true,true,supported,supported
150,61,1,0.0,0.0,0.0,0.0,true,true,supported,supported
150,61,2,0.0013375173556305908,0.03959741171784581,-0.017144780418153927,-0.00345272346108616,true,true,supported,supported
150,61,3,-0.06195948466227208,-0.0057060427379542755,-0.03417601520363278,-0.006930613128595886,true,true,supported,supported
150,61,4,-0.007085519863888279,0.023217774749030196,-0.05109417327923127,-0.010434328416402794,true,true,supported,supported
150,61,5,-0.05003811780601919,0.011013155678999298,-0.06789901947459309,-0.01396439853007514,true,true,supported,supported
150,61,6,-0.07092952239865025,0.016867391094237294,-0.08459193951108257,-0.0175217503731524,true,true,supported,supported
150,61,7,-0.09270078058824649,0.005926962695465887,-0.10117216454028588,-0.021106823250838902,true,true,supported,supported
150,61,8,-0.09569377152762282,-0.00022255438420892837,-0.11764019563580796,-0.024720393526136863,true,true,supported,supported
150,61,9,-0.09150659159944052,0.0011229626562039297,-0.13399646036816137,-0.028363255966455614,true,true,supported,supported
150,61,10,-0.12608689892097558,-0.005483554183147166,-0.15024172497623478,-0.03203628314860352,true,true,supported,supported
150,61,11,-0.12265920532357288,-0.009581853534671891,-0.16637602355004444,-0.03574024009935106,true,true,supported,supported
150,61,12,-0.15942146902521337,-0.009052515607250844,-0.18239863579193882,-0.03947577592515228,true,true,supported,supported
150,61,13,-0.16655053588764246,-0.007190552319281451,-0.19831012895115097,-0.04324382565070417,true,true,supported,supported
150,61,14,-0.2034241532000567,-0.044631570353838246,-0.21411068847671255,-0.04704526189227565,true,true,supported,supported
150,61,15,-0.21497920569402718,-0.04342659478269362,-0.22980045707614938,-0.050881040517256726,true,true,supported,supported
150,62,1,0.0,0.0,0.0,0.0,true,true,supported,supported
150,62,2,0.021193406236032386,0.011746910360054375,-0.017144780418153927,-0.00345272346108616,true,true,supported,supported
150,62,3,-0.014101563509963166,-7.294494574539012e-05,-0.03417601520363278,-0.006930613128595886,true,true,supported,supported
150,62,4,-0.04284714207864826,0.004065348036339511,-0.05109417327923127,-0.010434328416402794,true,true,supported,supported
150,62,5,-0.07232965682638803,-0.007689116104449112,-0.06789901947459309,-0.01396439853007514,true,true,supported,supported
150,62,6,-0.0914793056118286,-0.004980428482150523,-0.08459193951108257,-0.0175217503731524,true,true,supported,supported
150,62,7,-0.05780831620349447,0.027629091808880513,-0.10117216454028588,-0.021106823250838902,true,true,supported,supported
150,62,8,-0.11421863453618641,0.005289552960408561,-0.11764019563580796,-0.024720393526136863,true,true,supported,supported
150,62,9,-0.14853026963090898,-0.02630709532621245,-0.13399646036816137,-0.028363255966455614,true,true,supported,supported
150,62,10,-0.13433594537725568,0.0110523977187309,-0.15024172497623478,-0.03203628314860352,true,true,supported,supported
150,62,11,-0.14494886978238353,-0.007738558355449898,-0.16637602355004444,-0.03574024009935106,true,true,supported,supported
150,62,12,-0.17176813215384346,-0.01174831931268927,-0.18239863579193882,-0.03947577592515228,true,true,supported,supported
150,62,13,-0.22711416595414347,-0.041909193031177905,-0.19831012895115097,-0.04324382565070417,true,true,supported,supported
150,62,14,-0.2083355359467992,-0.03328916400041593,-0.21411068847671255,-0.04704526189227565,true,true,supported,supported
150,62,15,-0.21993564417465228,-0.03464638539691656,-0.22980045707614938,-0.050881040517256726,true,true,supported,supported
150,63,1,0.0,0.0,0.0,0.0,true,true,supported,supported
150,63,2,-0.013136682955456225,-0.006031833417230903,-0.017144780418153927,-0.00345272346108616,true,true,supported,supported
150,63,3,-0.03919499097408208,-0.04438630993588455,-0.03417601520363278,-0.006930613128595886,true,true,supported,supported
150,63,4,-0.03713847041590801,-0.018819089735601535,-0.05109417327923127,-0.010434328416402794,true,true,supported,supported
150,63,5,-0.07519189929167214,-0.03928117685514665,-0.06789901947459309,-0.01396439853007514,true,true,supported,supported
150,63,6,-0.12182782838939943,-0.03230533152437831,-0.08459193951108257,-0.0175217503731524,true,true,supported,supported
150,63,7,-0.1254056980413445,-0.0556806037926344,-0.10117216454028588,-0.021106823250838902,true,true,supported,supported
150,63,8,-0.11154433541197617,-0.027696880620073028,-0.11764019563580796,-0.024720393526136863,true,true,supported,supported
150,63,9,-0.14741235522100127,-0.06412827128547405,-0.13399646036816137,-0.028363255966455614,true,true,supported,supported
150,63,10,-0.1505542494193457,-0.03183637428597841,-0.15024172497623478,-0.03203628314860352,true,true,supported,supported
150,63,11,-0.15731679839204105,-0.005349653085163997,-0.16637602355004444,-0.03574024009935106,true,true,supported,supported
150,63,12,-0.19354776724176503,-0.07880193266151625,-0.18239863579193882,-0.03947577592515228,true,true,supported,supported
150,63,13,-0.22501456344272763,-0.04747247232883267,-0.19831012895115097,-0.04324382565070417,true,true,supported,supported
150,63,14,-0.20894641675622438,-0.06118776669912074,-0.21411068847671255,-0.04704526189227565,true,true,supported,supported
150,63,15,-0.20064816207965286,-0.09016191807281815,-0.22980045707614938,-0.050881040517256726,true,true,supported,supported
200,0,1,0.0,0.0,0.0,0.0,true,true,supported,supported
200,0,2,-0.006774381939350538,0.003596949287359319,-0.022834405935228896,-0.004609178441481565,true,true,supported,supported
200,0,3,-0.0510462806572991,-0.043522821308263904,-0.04546743062120617,-0.009263535895236208,true,true,supported,supported
200,0,4,-0.08089654932991364,-0.032993424992015186,-0.06789901947459309,-0.01396439853007514,true,true,supported,supported
200,0,5,-0.0905460206526254,-0.04583256105661293,-0.09013118890064764,-0.018713661427476103,true,true,supported,supported
200,0,6,-0.11628122745724534,-0.025044470763985305,-0.1121632868884026,-0.023512653366313363,true,true,supported,supported
200,0,7,-0.14032543145676046,-0.030925060067679033,-0.13399646036816137,-0.028363255966455614,true,true,supported,supported
200,0,8,-0.17918022582825377,-0.039106132763886636,-0.1556323224851307,-0.03326750608379536,true,true,supported,supported
200,0,9,-0.19684715944247644,-0.0508364304349368,-0.17707012754902263,-0.03822704077541306,true,true,supported,supported
200,0,10,-0.1803949067385916,-0.04090984743334569,-0.19831012895115097,-0.04324382565070417,true,true,supported,supported
200,0,11,-0.20295587402815374,-0.04236004466281296,-0.2193529060667695,-0.048319987960583344,true,true,supported,supported
200,0,12,-0.2639820273677752,-0.05414773394613015,-0.24019989567012046,-0.05345805193997821,true,true,supported,supported
200,0,13,-0.24984971893407815,-0.041953539140387686,-0.26084922894230167,-0.058659794241044616,true,true,supported,supported
200,0,14,-0.29362347007870937,-0.04429319738635562,-0.2813010569091132,-0.06392768336883092,true,true,supported,supported
200,0,15,-0.3108695904341223,-0.07851485830373861,-0.30155597406893997,-0.06926441897520075,true,true,supported,supported
200,1,1,0.0,0.0,0.0,0.0,true,true,supported,supported
200,1,2,-0.05077417262781392,-0.01926883651278577,-0.022834405935228896,-0.004609178441481565,true,true,supported,supported
200,1,3,-0.05695585476541787,-0.020788847382411824,-0.04546743062120617,-0.009263535895236208,true,true,supported,supported
200,1,4,-0.07465425681259685,-0.007674265079693043,-0.06789901947459309,-0.01396439853007514,true,true,supported,supported
200,1,5,-0.10737285858835832,-0.0260297663811071,-0.09013118890064764,-0.018713661427476103,true,true,supported,supported
200,1,6,-0.14240927187610253,-0.04607938735860595,-0.1121632868884026,-0.023512653366313363,true,true,supported,supported
200,1,7,-0.11876216515177185,-0.04413286405240924,-0.13399646036816137,-0.028363255966455614,true,true,supported,supported
200,1,8,-0.17558448040592933,-0.04584250217931629,-0.1556323224851307,-0.03326750608379536,true,true,supported,supported
200,1,9,-0.22642415068556565,-0.07693843041577764,-0.17707012754902263,-0.03822704077541306,true,true,supported,supported
200,1,10,-0.2021429661935331,-0.06193903763277875,-0.19831012895115097,-0.04324382565070417,true,true,supported,supported
200,1,11,-0.21834429878468187,-0.05743614913086614,-0.2193529060667695,-0.048319987960583344,true,true,supported,supported
200,1,12,-0.2671520871567792,-0.08632039941566738,-0.24019989567012046,-0.05345805193997821,true,true,supported,supported
200,1,13,-0.2761531276780196,-0.04621267498865911,-0.26084922894230167,-0.058659794241044616,true,true,supported,supported
200,1,14,-0.2609141146554804,-0.04662614451837166,-0.2813010569091132,-0.06392768336883092,true,true,supported,supported
200,1,15,-0.311619834512861,-0.06718485924174278,-0.30155597406893997,-0.06926441897520075,true,true,supported,supported
200,2,1,0.0,0.0,0.0,0.0,true,true,supported,supported
200,2,2,-0.005047285519402034,-0.009082053410126134,-0.022834405935228896,-0.004609178441481565,true,true,supported,supported
200,2,3,-0.03007973239039219,-0.004830217341984189,-0.04546743062120617,-0.009263535895236208,true,true,supported,supported
200,2,4,-0.0397000088681837,0.023153826897304386,-0.06789901947459309,-0.01396439853007514,true,true,supported,supported
200,2,5,-0.08739223782828742,-0.014974205583933142,-0.09013118890064764,-0.018713661427476103,true,true,supported,supported
200,2,6,-0.10659136081636611,-0.004083688406333108,-0.1121632868884026,-0.023512653366313363,true,true,supported,supported
200,2,7,-0.1319912205365359,-0.019265667619779436,-0.13399646036816137,-0.028363255966455614,true,true,supported,supported
200,2,8,-0.13546227350803874,-0.009839911495603038,-0.1556323224851307,-0.03326750608379536,true,true,supported,supported
200,2,9,-0.1709079221092058,-0.015802861250713396,-0.17707012754902263,-0.03822704077541306,true,true,supported,supported
200,2,10,-0.1993060946516404,-0.02194478104995745,-0.19831012895115097,-0.04324382565070417,true,true,supported,supported
200,2,11,-0.22255978070985538,-0.04282016657197418,-0.2193529060667695,-0.048319987960583344,true,true,supported,supported
200,2,12,-0.2411939164767235,-0.046338857368933395,-0.24019989567012046,-0.05345805193997821,true,true,supported,supported
200,2,13,-0.24983977696743576,-0.03600741983292455,-0.26084922894230167,-0.058659794241044616,true,true,supported,supported
200,2,14,-0.24618685512415572,-0.0473530380627768,-0.2813010569091132,-0.06392768336883092,true,true,supported,supported
200,2,15,-0.2994798365941933,-0.08110119550432926,-0.30155597406893997,-0.06926441897520075,true,true,supported,supported
200,3,1,0.0,0.0,0.0,0.0,true,true,supported,supported
200,3,2,-0.029037602040191346,-0.000298534281034768,-0.022834405935228896,-0.004609178441481565,true,true,supported,supported
200,3,3,-0.037858165011220635,-0.01514339605189352,-0.04546743062120617,-0.009263535895236208,true,true,supported,supported
200,3,4,-0.06543740163444922,-0.00914367082773726,-0.06789901947459309,-0.01396439853007514,true,true,supported,supported
200,3,5,-0.0935679231484623,-0.020777548041642446,-0.09013118890064764,-0.018713661427476103,true,true,supported,supported
200,3,6,-0.06952262510623164,-0.01791891888041841,-0.1121632868884026,-0.023512653366313363,true,true,supported,supported
200,3,7,-0.1101661775260403,-0.02345441849271035,-0.13399646036816137,-0.028363255966455614,true,true,supported,supported
200,3,8,-0.15641977989933475,-0.03016633336751362,-0.1556323224851307,-0.03326750608379536,true,true,supported,supported
200,3,9,-0.18044169710082802,-0.03680018206393665,-0.17707012754902263,-0.03822704077541306,true,true,supported,supported
200,3,10,-0.21316918220870906,-0.03285905974969594,-0.19831012895115097,-0.04324382565070417,true,true,supported,supported
200,3,11,-0.20713102557120577,-0.03939435146074155,-0.2193529060667695,-0.048319987960583344,true,true,supported,supported
200,3,12,-0.2195124691529171,-0.03822043636749739,-0.24019989567012046,-0.05345805193997821,true,true,supported,supported
200,3,13,-0.267269165496439,-0.055347048220728556,-0.26084922894230167,-0.058659794241044616,true,true,supported,supported
200,3,14,-0.2915758142563629,-0.05935207424517519,-0.2813010569091132,-0.06392768336883092,true,true,supported,supported
200,3,15,-0.2899862190050968,-0.07116445723100007,-0.30155597406893997,-0.06926441897520075,true,true,supported,supported
200,4,1,0.0,0.0,0.0,0.0,true,true,supported,supported
200,4,2,0.0007332760432404717,0.00043195986532207353,-0.022834405935228896,-0.004609178441481565,true,true,supported,supported
200,4,3,-0.02936112881209363,0.005356735250759415,-0.04546743062120617,-0.009263535895236208,true,true,supported,supported
200,4,4,-0.030184886324106652,-0.0006041781397078116,-0.06789901947459309,-0.01396439853007514,true,true,supported,supported
200,4,5,-0.06794205243511331,-0.010888748509404134,-0.09013118890064764,-0.018713661427476103,true,true,supported,supported
200,4,6,-0.11924205741186478,-0.026312162395405903,-0.1121632868884026,-0.023512653366313363,true,true,supported,supported
200,4,7,-0.11152261553387655,-0.022852906956482788,-0.13399646036816137,-0.028363255966455614,true,true,supported,supported
200,4,8,-0.1502020934012055,-0.02081863073684176,-0.1556323224851307,-0.03326750608379536,true,true,supported,supported
200,4,9,-0.1545881695634459,-0.030668146991457035,-0.17707012754902263,-0.03822704077541306,true,true,supported,supported
200,4,10,-0.17310386687213142,-0.028917303064428967,-0.19831012895115097,-0.04324382565070417,true,true,supported,supported
200,4,11,-0.21466824044797017,-0.03743666634618115,-0.2193529060667695,-0.048319987960583344,true,true,supported,supported
200,4,12,-0.18980993048044814,-0.03314830111044009,-0.24019989567012046,-0.05345805193997821,true,true,supported,supported
200,4,13,-0.25077211637561436,-0.0453029591615598,-0.26084922894230167,-0.058659794241044616,true,true,supported,supported
200,4,14,-0.26606360533863715,-0.05712606224204109,-0.2813010569091132,-0.06392768336883092,true,true,supported,supported
200,4,15,-0.28055336408525533,-0.05441564114979436,-0.30155597406893997,-0.06926441897520075,true,true,supported,supported
200,5,1,0.0,0.0,0.0,0.0,true,true,supported,supported
200,5,2,-0.028344678280871727,0.01133321191541603,-0.022834405935228896,-0.004609178441481565,true,true,supported,supported
200,5,3,-0.009699150641755083,0.001390217314151232,-0.04546743062120617,-0.009263535895236208,true,true,supported,supported
200,5,4,-0.048537282022152906,-0.001585732592383704,-0.06789901947459309,-0.01396439853007514,true,true,supported,supported
200,5,5,-0.0930074903558088,-0.029281490426149248,-0.09013118890064764,-0.018713661427476103,true,true,supported,supported
200,5,6,-0.10660917954778604,-0.03189323609239558,-0.1121632868884026,-0.023512653366313363,true,true,supported,supported
200,5,7,-0.10519844550727153,-0.03426198701792582,-0.13399646036816137,-0.028363255966455614,true,true,supported,supported
200,5,8,-0.1279208266256705,-0.01842608919423183,-0.1556323224851307,-0.03326750608379536,true,true,supported,supported
200,5,9,-0.18427636120715007,-0.055441533987737546,-0.17707012754902263,-0.03822704077541306,true,true,supported,supported
200,5,10,-0.18105853650078907,-0.04631023751430652,-0.19831012895115097,-0.04324382565070417,true,true,supported,supported
200,5,11,-0.21286903314767236,-0.040550533846797854,-0.2193529060667695,-0.048319987960583344,true,true,supported,supported
200,5,12,-0.23092656485150298,-0.05436782538974061,-0.24019989567012046,-0.05345805193997821,true,true,supported,supported
200,5,13,-0.24407659533861847,-0.04303341920305004,-0.26084922894230167,-0.058659794241044616,true,true,supported,supported
200,5,14,-0.26848194993289565,-0.05482046771449822,-0.2813010569091132,-0.06392768336883092,true,true,supported,supported
200,5,15,-0.2701464999572122,-0.045541562640529554,-0.30155597406893997,-0.06926441897520075,true,true,supported,supported
200,6,1,0.0,0.0,0.0,0.0,true,true,supported,supported
200,6,2,-0.009371352899949392,-0.010365487150976738,-0.022834405935228896,-0.004609178441481565,true,true,supported,supported
200,6,3,-0.021741674655790022,-0.007548502271901847,-0.04546743062120617,-0.009263535895236208,true,true,supported,supported
200,6,4,-0.06446230972627909,-0.027567826150412422,-0.06789901947459309,-0.01396439853007514,true,true,supported,supported
200,6,5,-0.058502215847839656,-0.018620642276123034,-0.09013118890064764,-0.018713661427476103,true,true,supported,supported
200,6,6,-0.07847500495550086,-0.010000691640562276,-0.1121632868884026,-0.023512653366313363,true,true,supported,supported
200,6,7,-0.10705689642617966,-0.043586142712171094,-0.13399646036816137,-0.028363255966455614,true,true,supported,supported
200,6,8,-0.13656101994451242,-0.025773531249160375,-0.1556323224851307,-0.03326750608379536,true,true,supported,supported
200,6,9,-0.17196583056932724,-0.035493462486095084,-0.17707012754902263,-0.03822704077541306,true,true,supported,supported
200,6,10,-0.1720196318675603,-0.044788328966493096,-0.19831012895115097,-0.04324382565070417,true,true,supported,supported
200,6,11,-0.1750949525780403,-0.0351256588204133,-0.2193529060667695,-0.048319987960583344,true,true,supported,supported
200,6,12,-0.23260225482184171,-0.06268389714343703,-0.24019989567012046,-0.05345805193997821,true,true,supported,supported
200,6,13,-0.22114512147665433,-0.043567096744703715,-0.26084922894230167,-0.058659794241044616,true,true,supported,supported
200,6,14,-0.28356912726600514,-0.07467132324172177,-0.2813010569091132,-0.06392768336883092,true,true,supported,supported
200,6,15,-0.2793448322773797,-0.05083757707650283,-0.30155597406893997,-0.06926441897520075,true,true,supported,supported
200,7,1,0.0,0.0,0.0,0.0,true,true,supported,supported
200,7,2,0.0022350816105084492,0.017793891710870646,-0.022834405935228896,-0.004609178441481565,true,true,supported,supported
200,7,3,-0.04131351962892427,0.003863695929837707,-0.04546743062120617,-0.009263535895236208,true,true,supported,supported
200,7,4,-0.052820162181470676,-0.014570415949359594,-0.06789901947459309,-0.01396439853007514,true,true,supported,supported
200,7,5,-0.07571057515074209,0.0036019138675579265,-0.09013118890064764,-0.018713661427476103,true,true,supported,supported
200,7,6,-0.09818728195505144,-0.020244849640499996,-0.1121632868884026,-0.023512653366313363,true,true,supported,supported
200,7,7,-0.11590920555082862,-0.02065414277279143,-0.13399646036816137,-0.028363255966455614,true,true,supported,supported
200,7,8,-0.13624859393595468,-0.024578222556628337,-0.1556323224851307,-0.03326750608379536,true,true,supported,supported
200,7,9,-0.15449754283839356,-0.02562861273877881,-0.17707012754902263,-0.03822704077541306,true,true,supported,supported
200,7,10,-0.1740008585271794,-0.020096660083296136,-0.19831012895115097,-0.04324382565070417,true,true,supported,supported
200,7,11,-0.21824095942127053,-0.06327869327586,-0.2193529060667695,-0.048319987960583344,true,true,supported,supported
200,7,12,-0.19563886265418995,-0.03823791186545389,-0.24019989567012046,-0.05345805193997821,true,true,supported,supported
200,7,13,-0.23909420647095236,-0.06049248033505883,-0.26084922894230167,-0.058659794241044616,true,true,supported,supported
200,7,14,-0.2563192411100017,-0.047897514823340814,-0.2813010569091132,-0.06392768336883092,true,true,supported,supported
200,7,15,-0.27177737631197685,-0.05787632148276589,-0.30155597406893997,-0.06926441897520075,true,true,supported,supported
200,8,1,0.0,0.0,0.0,0.0,true,true,supported,supported
200,8,2,-0.024429292425370508,-0.0268504912901103,-0.022834405935228896,-0.004609178441481565,true,true,supported,supported
200,8,3,-0.015046074194410064,-0.030629546832502297,-0.04546743062120617,-0.009263535895236208,true,true,supported,supported
200,8,4,-0.06158055275064023,-0.03251285627478795,-0.06789901947459309,-0.01396439853007514,true,true,supported,supported
200,8,5,-0.09541401274468908,-0.03291692932403689,-0.09013118890064764,-0.018713661427476103,true,true,supported,supported
200,8,6,-0.11249652913767916,-0.046288429346682536,-0.1121632868884026,-0.023512653366313363,true,true,supported,supported
200,8,7,-0.10976717863814711,-0.0237562519436314,-0.13399646036816137,-0.028363255966455614,true,true,supported,supported
200,8,8,-0.14125089064880592,-0.04522545970331959,-0.1556323224851307,-0.03326750608379536,true,true,supported,supported
200,8,9,-0.1909698088726831,-0.07497542054226414,-0.17707012754902263,-0.03822704077541306,true,true,supported,supported
200,8,10,-0.18596664636515714,-0.06765581268406562,-0.19831012895115097,-0.04324382565070417,true,true,supported,supported
200,8,11,-0.20021822176948212,-0.05684349931861399,-0.2193529060667695,-0.048319987960583344,true,true,supported,supported
200,8,12,-0.22602123348622027,-0.0509911861108685,-0.24019989567012046,-0.05345805193997821,true,true,supported,supported
200,8,13,-0.23521825302012833,-0.08568261151119516,-0.26084922894230167,-0.058659794241044616,true,true,supported,supported
200,8,14,-0.2622932138389541,-0.09473525732577492,-0.2813010569091132,-0.06392768336883092,true,true,supported,supported
200,8,15,-0.30114268281646805,-0.09558978176228483,-0.30155597406893997,-0.06926441897520075,true,true,supported,supported
200,9,1,0.0,0.0,0.0,0.0,true,true,supported,supported
200,9,2,-0.020452563561147774,-0.014856555956788808,-0.022834405935228896,-0.004609178441481565,true,true,supported,supported
200,9,3,-0.029441722916515367,-0.030622481672540114,-0.04546743062120617,-0.009263535895236208,true,true,supported,supported
200,9,4,-0.08615387041293732,-0.03086270189668361,-0.06789901947459309,-0.01396439853007514,true,true,supported,supported
200,9,5,-0.09910778791117625,-0.04549753947168178,-0.09013118890064764,-0.018713661427476103,true,true,supported,supported
200,9,6,-0.1360768901264715,-0.06880355739118604,-0.1121632868884026,-0.023512653366313363,true,true,supported,supported
200,9,7,-0.14818437843627497,-0.03257159945771837,-0.13399646036816137,-0.028363255966455614,true,true,supported,supported
200,9,8,-0.16294629439894637,-0.06323591885513535,-0.1556323224851307,-0.03326750608379536,true,true,supported,supported
200,9,9,-0.17023394183030505,-0.04144868209671393,-0.17707012754902263,-0.03822704077541306,true,true,supported,supported
200,9,10,-0.2191521687072029,-0.06131910445273514,-0.19831012895115097,-0.04324382565070417,true,true,supported,supported
200,9,11,-0.21659015927493896,-0.06416325115695565,-0.2193529060667695,-0.048319987960583344,true,true,supported,supported
200,9,12,-0.2456132341127305,-0.04667753938785146,-0.24019989567012046,-0.05345805193997821,true,true,supported,supported
200,9,13,-0.2624879156484776,-0.06044922544807141,-0.26084922894230167,-0.058659794241044616,true,true,supported,supported
200,9,14,-0.26951855625526266,-0.08361270363724926,-0.2813010569091132,-0.06392768336883092,true,true,supported,supported
200,9,15,-0.30501791221371966,-0.09174438474185653,-0.30155597406893997,-0.06926441897520075,true,true,supported,supported
200,10,1,0.0,0.0,0.0,0.0,true,true,supported,supported
200,10,2,-0.024449510261797425,-0.031476057617436215,-0.022834405935228896,-0.004609178441481565,true,true,supported,supported
200,10,3,-0.05393537878179022,-0.015384167472623056,-0.04546743062120617,-0.009263535895236208,true,true,supported,supported
200,10,4,-0.08484980455214375,-0.041137094467176505,-0.06789901947459309,-0.01396439853007514,true,true,supported,supported
200,10,5,-0.09266466142451368,-0.017633523589539624,-0.09013118890064764,-0.018713661427476103,true,true,supported,supported
200,10,6,-0.1221098410144349,-0.025265154873969853,-0.1121632868884026,-0.023512653366313363,true,true,supported,supported
200,10,7,-0.1417289722887607,-0.028896921897002326,-0.13399646036816137,-0.028363255966455614,true,true,supported,supported
200,10,8,-0.1361157910466072,-0.026350875547838104,-0.1556323224851307,-0.03326750608379536,true,true,supported,supported
200,10,9,-0.18315692715452925,-0.07301046668741007,-0.17707012754902263,-0.03822704077541306,true,true,supported,supported
200,10,10,-0.1922075516056876,-0.04787063871392061,-0.19831012895115097,-0.04324382565070417,true,true,supported,supported
200,10,11,-0.2288001565730633,-0.04221699073456886,-0.2193529060667695,-0.048319987960583344,true,true,supported,supported
200,10,12,-0.25762505584059847,-0.07367070535046716,-0.24019989567012046,-0.05345805193997821,true,true,supported,supported
200,10,13,-0.24166589082364864,-0.04759545547113386,-0.26084922894230167,-0.058659794241044616,true,true,supported,supported
200,10,14,-0.29459797946563016,-0.09742990243091665,-0.2813010569091132,-0.06392768336883092,true,true,supported,supported
200,10,15,-0.28247838185348895,-0.07469551987586742,-0.30155597406893997,-0.06926441897520075,true,true,supported,supported
200,11,1,0.0,0.0,0.0,0.0,true,true,supported,supported
200,11,2,-0.029154333194790882,0.0002444605999630811,-0.022834405935228896,-0.004609178441481565,true,true,supported,supported
200,11,3,-0.03547417225703553,-0.0010883744962706388,-0.04546743062120617,-0.009263535895236208,true,true,supported,supported
200,11,4,-0.05739544103204419,-0.017997567145988214,-0.06789901947459309,-0.01396439853007514,true,true,supported,supported
200,11,5,-0.10760157745954813,-0.03560887045910743,-0.09013118890064764,-0.018713661427476103,true,true,supported,supported
200,11,6,-0.10565676462816398,-0.01277145451598094,-0.1121632868884026,-0.023512653366313363,true,true,supported,supported
200,11,7,-0.13914942428566468,-0.013851285485047882,-0.13399646036816137,-0.028363255966455614,true,true,supported,supported
200,11,8,-0.13510055031958057,-0.022336999813618474,-0.1556323224851307,-0.03326750608379536,true,true,supported,supported
200,11,9,-0.16305434012788478,-0.03902893389227213,-0.17707012754902263,-0.03822704077541306,true,true,supported,supported
200,11,10,-0.18694993926150538,-0.04068432390824961,-0.19831012895115097,-0.04324382565070417,true,true,supported,supported
200,11,11,-0.21123456714195066,-0.02793669923231923,-0.2193529060667695,-0.048319987960583344,true,true,supported,supported
200,11,12,-0.2334698446662138,-0.05735095844102056,-0.24019989567012046,-0.05345805193997821,true,true,supported,supported
200,11,13,-0.2548639296224662,-0.06759458894544235,-0.26084922894230167,-0.058659794241044616,true,true,supported,supported
200,11,14,-0.28191571884080713,-0.05421817169492271,-0.2813010569091132,-0.06392768336883092,true,true,supported,supported
200,11,15,-0.3039887046291694,-0.07301651155309574,-0.30155597406893997,-0.06926441897520075,true,true,supported,supported
200,12,1,0.0,0.0,0.0,0.0,true,true,supported,supported
200,12,2,-0.013762537261904573,0.010140553028895494,-0.022834405935228896,-0.004609178441481565,true,true,supported,supported
200,12,3,-0.06443827758019849,-0.01274825856129036,-0.04546743062120617,-0.009263535895236208,true,true,supported,supported
200,12,4,-0.07918206223241797,0.013707643111183443,-0.06789901947459309,-0.01396439853007514,true,true,supported,supported
200,12,5,-0.07127717352038587,0.01673410570974243,-0.09013118890064764,-0.018713661427476103,true,true,supported,supported
200,12,6,-0.12142681429065494,-0.031386611816416776,-0.1121632868884026,-0.023512653366313363,true,true,supported,supported
200,12,7,-0.13417303546056114,-0.0018616071767748599,-0.13399646036816137,-0.028363255966455614,true,true,supported,supported
200,12,8,-0.15221014032955005,-0.02649067604623756,-0.1556323224851307,-0.03326750608379536,true,true,supported,supported
200,12,9,-0.19333015221000271,-0.04872840159529579,-0.17707012754902263,-0.03822704077541306,true,true,supported,supported
200,12,10,-0.20746652699722934,-0.03857158742635158,-0.19831012895115097,-0.04324382565070417,true,true,supported,supported
200,12,11,-0.2139642217400075,-0.06257399694107968,-0.2193529060667695,-0.048319987960583344,true,true,supported,supported
200,12,12,-0.24347936550699423,-0.04920474141112752,-0.24019989567012046,-0.05345805193997821,true,true,supported,supported
200,12,13,-0.26091938861215314,-0.06371121559582305,-0.26084922894230167,-0.058659794241044616,true,true,supported,supported
200,12,14,-0.2505666632385536,-0.04780228106332374,-0.2813010569091132,-0.06392768336883092,true,true,supported,supported
200,12,15,-0.31791615428596665,-0.06491171310374777,-0.30155597406893997,-0.06926441897520075,true,true,supported,supported
200,13,1,0.0,0.0,0.0,0.0,true,true,supported,supported
200,13,2,-0.014710216924936792,-0.019232900897540706,-0.022834405935228896,-0.004609178441481565,true,true,supported,supported
200,13,3,-0.0454597482526663,-0.03476194855130377,-0.04546743062120617,-0.009263535895236208,true,true,supported,supported
200,13,4,-0.07677796887651667,-0.04593301942326178,-0.06789901947459309,-0.01396439853007514,true,true,supported,supported
200,13,5,-0.07869816493728055,-0.026345015846837905,-0.09013118890064764,-0.018713661427476103,true,true,supported,supported
200,13,6,-0.13535270977215919,-0.04911278346595549,-0.1121632868884026,-0.023512653366313363,true,true,supported,supported
200,13,7,-0.13280191504498118,-0.0622792836130136,-0.13399646036816137,-0.028363255966455614,true,true,supported,supported
200,13,8,-0.1567992508644972,-0.048647656764967295,-0.1556323224851307,-0.03326750608379536,true,true,supported,supported
200,13,9,-0.18746525684200044,-0.0673495003344764,-0.17707012754902263,-0.03822704077541306,true,true,supported,supported
200,13,10,-0.22324922522017765,-0.09270190488264385,-0.19831012895115097,-0.04324382565070417,true,true,supported,supported
200,13,11,-0.21365988145944792,-0.07924773998859314,-0.2193529060667695,-0.048319987960583344,true,true,supported,supported
200,13,12,-0.2557968101534642,-0.08172044302284232,-0.24019989567012046,-0.05345805193997821,true,true,supported,supported
200,13,13,-0.2643589809863076,-0.0813077243819198,-0.26084922894230167,-0.058659794241044616,true,true,supported,supported
200,13,14,-0.2885455623348022,-0.06746314123371844,-0.2813010569091132,-0.06392768336883092,true,true,supported,supported
200,13,15,-0.2996320920306764,-0.0868789080872322,-0.30155597406893997,-0.06926441897520075,true,true,supported,supported
200,14,1,0.0,0.0,0.0,0.0,true,true,supported,supported
200,14,2,-0.045200121241542934,0.01894252495016402,-0.022834405935228896,-0.004609178441481565,true,true,supported,supported
200,14,3,-0.05094251476286882,0.005626845478492681,-0.04546743062120617,-0.009263535895236208,true,true,supported,supported
200,14,4,-0.08727304699591332,-0.02406123919867653,-0.06789901947459309,-0.01396439853007514,true,true,supported,supported
200,14,5,-0.10826990179122242,0.015840746123113147,-0.09013118890064764,-0.018713661427476103,true,true,supported,supported
200,14,6,-0.13022138788984128,-0.018236348164333838,-0.1121632868884026,-0.023512653366313363,true,true,supported,supported
200,14,7,-0.18579530704006697,-0.037576909437101125,-0.13399646036816137,-0.028363255966455614,true,true,supported,supported
200,14,8,-0.17453181276072316,-0.030016574105880878,-0.1556323224851307,-0.03326750608379536,true,true,supported,supported
200,14,9,-0.2093142206041868,-0.05489723084600917,-0.17707012754902263,-0.03822704077541306,true,true,supported,supported
200,14,10,-0.22798243501171056,-0.051485369376282786,-0.19831012895115097,-0.04324382565070417,true,true,supported,supported
200,14,11,-0.25506664980267846,-0.037091122322342795,-0.2193529060667695,-0.048319987960583344,true,true,supported,supported
200,14,12,-0.28310608285004424,-0.061765655035721845,-0.24019989567012046,-0.05345805193997821,true,true,supported,supported
200,14,13,-0.2923380166028181,-0.05339294481893986,-0.26084922894230167,-0.058659794241044616,true,true,supported,supported
200,14,14,-0.30155962104058454,-0.05562057826295275,-0.2813010569091132,-0.06392768336883092,true,true,supported,supported
200,14,15,-0.3363651691602755,-0.05278217305122601,-0.30155597406893997,-0.06926441897520075,true,true,supported,supported
200,15,1,0.0,0.0,0.0,0.0,true,true,supported,supported
200,15,2,-0.025435009931288666,0.005646006289796834,-0.022834405935228896,-0.004609178441481565,true,true,supported,supported
200,15,3,-0.047900490458859024,-0.0008241461638625047,-0.04546743062120617,-0.009263535895236208,true,true,supported,supported
200,15,4,-0.04643662309611518,0.0032521040571151794,-0.06789901947459309,-0.01396439853007514,true,true,supported,supported
200,15,5,-0.09587306607864876,-0.0024811996242534162,-0.09013118890064764,-0.018713661427476103,true,true,supported,supported
200,15,6,-0.09487369816976188,-0.019462074761851356,-0.1121632868884026,-0.023512653366313363,true,true,supported,supported
200,15,7,-0.13062377852331475,-0.038299078261383235,-0.13399646036816137,-0.028363255966455614,true,true,supported,supported
200,15,8,-0.16763835167186036,-0.02624286374693885,-0.1556323224851307,-0.03326750608379536,true,true,supported,supported
200,15,9,-0.16104415857615895,-0.02416481501793344,-0.17707012754902263,-0.03822704077541306,true,true,supported,supported
200,15,10,-0.20790477090592596,-0.040278479639843545,-0.19831012895115097,-0.04324382565070417,true,true,supported,supported
200,15,11,-0.20045081249387786,-0.028384627895256087,-0.2193529060667695,-0.048319987960583344,true,true,supported,supported
200,15,12,-0.2295397319543916,-0.04487650475799365,-0.24019989567012046,-0.05345805193997821,true,true,supported,supported
200,15,13,-0.24792076215361913,-0.0314497916849098,-0.26084922894230167,-0.058659794241044616,true,true,supported,supported
200,15,14,-0.2740819276600215,-0.05597730962408154,-0.2813010569091132,-0.06392768336883092,true,true,supported,supported
200,15,15,-0.2835208643201327,-0.07601307389129752,-0.30155597406893997,-0.06926441897520075,true,true,supported,supported
200,16,1,0.0,0.0,0.0,0.0,true,true,supported,supported
200,16,2,-0.008101125984896096,0.0016885303465270507,-0.022834405935228896,-0.004609178441481565,true,true,supported,supported
200,16,3,-0.05875865119774626,-0.02599945265440018,-0.04546743062120617,-0.009263535895236208,true,true,supported,supported
200,16,4,-0.052916576956369865,-0.027095105236207617,-0.06789901947459309,-0.01396439853007514,true,true,supported,supported
200,16,5,-0.053521161907256753,0.010192885372017457,-0.09013118890064764,-0.018713661427476103,true,true,supported,supported
200,16,6,-0.08493274991690869,-0.021670051294717996,-0.1121632868884026,-0.023512653366313363,true,true,supported,supported
200,16,7,-0.10399402368269317,-0.012291124708116108,-0.13399646036816137,-0.028363255966455614,true,true,supported,supported
200,16,8,-0.13226268686399378,-0.029434928460175924,-0.1556323224851307,-0.03326750608379536,true,true,supported,supported
200,16,9,-0.1383727642190109,-0.015603743102180156,-0.17707012754902263,-0.03822704077541306,true,true,supported,supported
200,16,10,-0.17948539167952182,-0.06419264280659476,-0.19831012895115097,-0.04324382565070417,true,true,supported,supported
200,16,11,-0.1940418452820195,-0.03918807880698916,-0.2193529060667695,-0.048319987960583344,true,true,supported,supported
200,16,12,-0.22303684525938638,-0.0679166533172677,-0.24019989567012046,-0.05345805193997821,true,true,supported,supported
200,16,13,-0.2453396698301954,-0.05877144146468494,-0.26084922894230167,-0.058659794241044616,true,true,supported,supported
200,16,14,-0.28417012211176096,-0.07349480299883382,-0.2813010569091132,-0.06392768336883092,true,true,supported,supported
200,16,15,-0.27934657490186166,-0.06388230769356384,-0.30155597406893997,-0.06926441897520075,true,true,supported,supported
200,17,1,0.0,0.0,0.0,0.0,true,true,supported,supported
200,17,2,-0.038666065509587066,-0.012671752728187546,-0.022834405935228896,-0.004609178441481565,true,true,supported,supported
200,17,3,-0.031819891984693816,-0.0101401961979517,-0.04546743062120617,-0.009263535895236208,true,true,supported,supported
200,17,4,-0.08019924325695282,-0.027048979605473478,-0.06789901947459309,-0.01396439853007514,true,true,supported,supported
200,17,5,-0.09084910800037838,-0.02871623137094037,-0.09013118890064764,-0.018713661427476103,true,true,supported,supported
200,17,6,-0.12191752638137698,-0.016167790385167913,-0.1121632868884026,-0.023512653366313363,true,true,supported,supported
200,17,7,-0.14046551796574291,-0.04316545826778173,-0.13399646036816137,-0.028363255966455614,true,true,supported,supported
200,17,8,-0.13174672832309797,-0.020879940387300455,-0.1556323224851307,-0.03326750608379536,true,true,supported,supported
200,17,9,-0.16602740914136327,-0.03741020444138288,-0.17707012754902263,-0.03822704077541306,true,true,supported,supported
200,17,10,-0.19223684630203552,-0.01631116350486106,-0.19831012895115097,-0.04324382565070417,true,true,supported,supported
200,17,11,-0.22032127163907034,-0.08098471330170465,-0.2193529060667695,-0.048319987960583344,true,true,supported,supported
200,17,12,-0.2453774166392083,-0.04700756051818411,-0.24019989567012046,-0.05345805193997821,true,true,supported,supported
200,17,13,-0.27137074533873784,-0.08696625982834172,-0.26084922894230167,-0.058659794241044616,true,true,supported,supported
200,17,14,-0.27227731626133833,-0.06848495872121252,-0.2813010569091132,-0.06392768336883092,true,true,supported,supported
200,17,15,-0.2985831156621379,-0.08136485307671171,-0.30155597406893997,-0.06926441897520075,true,true,supported,supported
200,18,1,0.0,0.0,0.0,0.0,true,true,supported,supported
200,18,2,-0.009721765476381372,0.0006817952145488082,-0.022834405935228896,-0.004609178441481565,true,true,supported,supported
200,18,3,-0.0360928249169854,-0.0058338205098595886,-0.04546743062120617,-0.009263535895236208,true,true,supported,supported
200,18,4,-0.07003627970549486,-0.015237363040482288,-0.06789901947459309,-0.01396439853007514,true,true,supported,supported
200,18,5,-0.07851650579529923,-0.0057566609084328535,-0.09013118890064764,-0.018713661427476103,true,true,supported,supported
200,18,6,-0.10632900989148597,-0.020897955948905533,-0.1121632868884026,-0.023512653366313363,true,true,supported,supported
200,18,7,-0.08635372945523712,-0.0060072789961718165,-0.13399646036816137,-0.028363255966455614,true,true,supported,supported
200,18,8,-0.1633711361659962,-0.04993813352754972,-0.1556323224851307,-0.03326750608379536,true,true,supported,supported
200,18,9,-0.16557080203020702,-0.03750391500365169,-0.17707012754902263,-0.03822704077541306,true,true,supported,supported
200,18,10,-0.18965167724807708,-0.05659922503348991,-0.19831012895115097,-0.04324382565070417,true,true,supported,supported
200,18,11,-0.1959668645741537,-0.016293615559834773,-0.2193529060667695,-0.048319987960583344,true,true,supported,supported
200,18,12,-0.23413112512707956,-0.0666389719114806,-0.24019989567012046,-0.05345805193997821,true,true,supported,supported
200,18,13,-0.2416809160020409,-0.06507911485152718,-0.26084922894230167,-0.058659794241044616,true,true,supported,supported
200,18,14,-0.27676514203293523,-0.05566406567189308,-0.2813010569091132,-0.06392768336883092,true,true,supported,supported
200,18,15,-0.27569749194198256,-0.07142379065095106,-0.30155597406893997,-0.06926441897520075,true,true,supported,supported
200,19,1,0.0,0.0,0.0,0.0,true,true,supported,supported
200,19,2,-0.06496709510300158,-0.018677648567211325,-0.022834405935228896,-0.004609178441481565,true,true,supported,supported
200,19,3,-0.03848257511822717,-0.009439854636379308,-0.04546743062120617,-0.009263535895236208,true,true,supported,supported
200,19,4,-0.05118246628363998,0.00756810500462457,-0.06789901947459309,-0.01396439853007514,true,true,supported,supported
200,19,5,-0.11161032236338708,-0.026341745109681347,-0.09013118890064764,-0.018713661427476103,true,true,supported,supported
200,19,6,-0.12629162199569344,-0.010305357582373609,-0.1121632868884026,-0.023512653366313363,true,true,supported,supported
200,19,7,-0.1628100989432516,-0.03795681305508514,-0.13399646036816137,-0.028363255966455614,true,true,supported,supported
200,19,8,-0.19187380279240607,-0.029326294623468696,-0.1556323224851307,-0.03326750608379536,true,true,supported,supported
200,19,9,-0.2047530412045947,-0.047548226464254606,-0.17707012754902263,-0.03822704077541306,true,true,supported,supported
200,19,10,-0.21360224824085416,-0.024978558318915822,-0.19831012895115097,-0.04324382565070417,true,true,supported,supported
200,19,11,-0.24468226986614416,-0.06633232757416663,-0.2193529060667695,-0.048319987960583344,true,true,supported,supported
200,19,12,-0.269294393841765,-0.04936415228251767,-0.24019989567012046,-0.05345805193997821,true,true,supported,supported
200,19,13,-0.25420656849092016,-0.05856382427539908,-0.26084922894230167,-0.058659794241044616,true,true,supported,supported
200,19,14,-0.30307412385097443,-0.07290048742708832,-0.2813010569091132,-0.06392768336883092,true,true,supported,supported
200,19,15,-0.32295509423181923,-0.08148655969164642,-0.30155597406893997,-0.06926441897520075,true,true,supported,supported
200,20,1,0.0,0.0,0.0,0.0,true,true,supported,supported
200,20,2,-0.03532431636088784,-0.002345253551407467,-0.022834405935228896,-0.004609178441481565,true,true,supported,supported
200,20,3,-0.035771701428601865,-3.299178571403161e-05,-0.04546743062120617,-0.009263535895236208,true,true,supported,supported
200,20,4,-0.06413623008527436,0.0045841751328754565,-0.06789901947459309,-0.01396439853007514,true,true,supported,supported
200,20,5,-0.09757704368027553,-0.0066274690975072215,-0.09013118890064764,-0.018713661427476103,true,true,supported,supported
200,20,6,-0.12717221171312554,0.01047824750539983,-0.1121632868884026,-0.023512653366313363,true,true,supported,supported
200,20,7,-0.10598118004459567,0.009198234534478211,-0.13399646036816137,-0.028363255966455614,true,true,supported,supported
200,20,8,-0.14591528934441267,-0.01949843815930541,-0.1556323224851307,-0.03326750608379536,true,true,supported,supported
200,20,9,-0.16183956256513976,-0.03081846828480217,-0.17707012754902263,-0.03822704077541306,true,true,supported,supported
200,20,10,-0.1932821034778044,-0.03363103841049553,-0.19831012895115097,-0.04324382565070417,true,true,supported,supported
200,20,11,-0.21722211564808214,-0.03353799058786133,-0.2193529060667695,-0.048319987960583344,true,true,supported,supported
200,20,12,-0.2552187018945391,-0.0631276984839555,-0.24019989567012046,-0.05345805193997821,true,true,supported,supported
200,20,13,-0.24453703878790467,-0.02844381624308301,-0.26084922894230167,-0.058659794241044616,true,true,supported,supported
200,20,14,-0.27847706071315637,-0.03516571872505725,-0.2813010569091132,-0.06392768336883092,true,true,supported,supported
200,20,15,-0.30514336827584754,-0.07932933970083333,-0.30155597406893997,-0.06926441897520075,true,true,supported,supported
200,21,1,0.0,0.0,0.0,0.0,true,true,supported,supported
200,21,2,-0.03684106602210102,-0.0169554200740627,-0.022834405935228896,-0.004609178441481565,true,true,supported,supported
200,21,3,-0.03520316974869553,-0.017278384627030685,-0.04546743062120617,-0.009263535895236208,true,true,supported,supported
200,21,4,-0.0886519071674321,-0.04532232594644692,-0.06789901947459309,-0.01396439853007514,true,true,supported,supported
200,21,5,-0.10219943182749158,-0.05732861188147487,-0.09013118890064764,-0.018713661427476103,true,true,supported,supported
200,21,6,-0.11903064507780148,-0.02309276727095433,-0.1121632868884026,-0.023512653366313363,true,true,supported,supported
200,21,7,-0.13198505399784677,-0.04613663112328947,-0.13399646036816137,-0.028363255966455614,true,true,supported,supported
200,21,8,-0.16883033200315556,-0.0590425303698775,-0.1556323224851307,-0.03326750608379536,true,true,supported,supported
200,21,9,-0.19692549033037787,-0.0615485366187466,-0.17707012754902263,-0.03822704077541306,true,true,supported,supported
200,21,10,-0.20231260993817546,-0.07254409387794258,-0.19831012895115097,-0.04324382565070417,true,true,supported,supported
200,21,11,-0.23263675261132954,-0.061067032820805056,-0.2193529060667695,-0.048319987960583344,true,true,supported,supported
200,21,12,-0.24243585090926767,-0.0760275918974529,-0.24019989567012046,-0.05345805193997821,true,true,supported,supported
200,21,13,-0.26535493269001187,-0.07293111677541797,-0.26084922894230167,-0.058659794241044616,true,true,supported,supported
200,21,14,-0.2886182895874795,-0.06924350211452346,-0.2813010569091132,-0.06392768336883092,true,true,supported,supported
200,21,15,-0.3138995975964153,-0.07302288899466292,-0.30155597406893997,-0.06926441897520075,true,true,supported,supported
200,22,1,0.0,0.0,0.0,0.0,true,true,supported,supported
200,22,2,-0.050688231196177824,0.004051503213514329,-0.022834405935228896,-0.004609178441481565,true,true,supported,supported
200,22,3,-0.04961063026867418,-0.0005739390923303889,-0.04546743062120617,-0.009263535895236208,true,true,supported,supported
200,22,4,-0.06672686917301185,-0.0009248827927569314,-0.06789901947459309,-0.01396439853007514,true,true,supported,supported
200,22,5,-0.0980141164259285,-0.03539108232324317,-0.09013118890064764,-0.018713661427476103,true,true,supported,supported
200,22,6,-0.1396376364792994,-0.02864948970861636,-0.1121632868884026,-0.023512653366313363,true,true,supported,supported
200,22,7,-0.16150850837582786,-0.04306923138615815,-0.13399646036816137,-0.028363255966455614,true,true,supported,supported
200,22,8,-0.18132371884041942,-0.042759305471944065,-0.1556323224851307,-0.03326750608379536,true,true,supported,supported
200,22,9,-0.17630489769688762,-0.0328684311036791,-0.17707012754902263,-0.03822704077541306,true,true,supported,supported
200,22,10,-0.2107633587400557,-0.05621801693833106,-0.19831012895115097,-0.04324382565070417,true,true,supported,supported
200,22,11,-0.21538272023419525,-0.0338280836675775,-0.2193529060667695,-0.048319987960583344,true,true,supported,supported
200,22,12,-0.2715761944364018,-0.05244000259767734,-0.24019989567012046,-0.05345805193997821,true,true,supported,supported
200,22,13,-0.29058145109107825,-0.06612159560999287,-0.26084922894230167,-0.058659794241044616,true,true,supported,supported
200,22,14,-0.28922601898248046,-0.041046746899873865,-0.2813010569091132,-0.06392768336883092,true,true,supported,supported
200,22,15,-0.3152768737878485,-0.07532846568206164,-0.30155597406893997,-0.06926441897520075,true,true,supported,supported
200,23,1,0.0,0.0,0.0,0.0,true,true,supported,supported
200,23,2,-0.056673000892906944,-0.006054532579547467,-0.022834405935228896,-0.004609178441481565,true,true,supported,supported
200,23,3,-0.06040141791195508,0.0004374166558354098,-0.04546743062120617,-0.009263535895236208,true,true,supported,supported
200,23,4,-0.07853659291834492,0.0025594560460246996,-0.06789901947459309,-0.01396439853007514,true,true,supported,supported
200,23,5,-0.12340815806514327,-0.009356106388485719,-0.09013118890064764,-0.018713661427476103,true,true,supported,supported
200,23,6,-0.12085602917493532,-0.014791971831660256,-0.1121632868884026,-0.023512653366313363,true,true,supported,supported
200,23,7,-0.15547830822354491,-0.030919370691013248,-0.13399646036816137,-0.028363255966455614,true,true,supported,supported
200,23,8,-0.17719013743252632,-0.0204715601891986,-0.1556323224851307,-0.03326750608379536,true,true,supported,supported
200,23,9,-0.17287344643835145,-0.012118856936690126,-0.17707012754902263,-0.03822704077541306,true,true,supported,supported
200,23,10,-0.21547898728645376,-0.0434575568043023,-0.19831012895115097,-0.04324382565070417,true,true,supported,supported
200,23,11,-0.22041332424270232,-0.034035531805106656,-0.2193529060667695,-0.048319987960583344,true,true,supported,supported
200,23,12,-0.2588354508113079,-0.0816295058978821,-0.24019989567012046,-0.05345805193997821,true,true,supported,supported
200,23,13,-0.28539732549408037,-0.07216346063081536,-0.26084922894230167,-0.058659794241044616,true,true,supported,supported
200,23,14,-0.31111249460611656,-0.08166858826587398,-0.2813010569091132,-0.06392768336883092,true,true,supported,supported
200,23,15,-0.31505691317457807,-0.07654822965797736,-0.30155597406893997,-0.06926441897520075,true,true,supported,supported
200,24,1,0.0,0.0,0.0,0.0,true,true,supported,supported
200,24,2,-0.027256287115687283,0.005856610748761426,-0.022834405935228896,-0.004609178441481565,true,true,supported,supported
200,24,3,-0.023742118547341873,0.001709535573878429,-0.04546743062120617,-0.009263535895236208,true,true,supported,supported
200,24,4,-0.08137036485843019,-0.01772723071060256,-0.06789901947459309,-0.01396439853007514,true,true,supported,supported
200,24,5,-0.1011572686192378,-0.025877821487619967,-0.09013118890064764,-0.018713661427476103,true,true,supported,supported
200,24,6,-0.09788248794577259,-0.007189779156082432,-0.1121632868884026,-0.023512653366313363,true,true,supported,supported
200,24,7,-0.11670954842901582,0.0020863927721301856,-0.13399646036816137,-0.028363255966455614,true,true,supported,supported
200,24,8,-0.1890274590377763,-0.04997380579241839,-0.1556323224851307,-0.03326750608379536,true,true,supported,supported
200,24,9,-0.18016064551742206,-0.034376581114645366,-0.17707012754902263,-0.03822704077541306,true,true,supported,supported
200,24,10,-0.20763205886696035,-0.041877207187723586,-0.19831012895115097,-0.04324382565070417,true,true,supported,supported
200,24,11,-0.22604738508272326,-0.04424928990106147,-0.2193529060667695,-0.048319987960583344,true,true,supported,supported
200,24,12,-0.2266483761630309,-0.021752637133205188,-0.24019989567012046,-0.05345805193997821,true,true,supported,supported
200,24,13,-0.2614150439204037,-0.05837721116644323,-0.26084922894230167,-0.058659794241044616,true,true,supported,supported
200,24,14,-0.27595084001443637,-0.04334350730204084,-0.2813010569091132,-0.06392768336883092,true,true,supported,supported
200,24,15,-0.2886365808652782,-0.05328627528038454,-0.30155597406893997,-0.06926441897520075,true,true,supported,supported
200,25,1,0.0,0.0,0.0,0.0,true,true,supported,supported
200,25,2,-0.022068046605187575,-0.013463508828000847,-0.022834405935228896,-0.004609178441481565,true,true,supported,supported
200,25,3,-0.06102350017180125,-0.023507752235901735,-0.04546743062120617,-0.009263535895236208,true,true,supported,supported
200,25,4,-0.05230939472653395,-0.04651703737551338,-0.06789901947459309,-0.01396439853007514,true,true,supported,supported
200,25,5,-0.11131345734388842,-0.0360059867910979,-0.09013118890064764,-0.018713661427476103,true,true,supported,supported
200,25,6,-0.11617408708346644,-0.039115007564392346,-0.1121632868884026,-0.023512653366313363,true,true,supported,supported
200,25,7,-0.14930935751102814,-0.05383477629011868,-0.13399646036816137,-0.028363255966455614,true,true,supported,supported
200,25,8,-0.1589349084791004,-0.05919454984847139,-0.1556323224851307,-0.03326750608379536,true,true,supported,supported
200,25,9,-0.1836842208076922,-0.03743910031538977,-0.17707012754902263,-0.03822704077541306,true,true,supported,supported
200,25,10,-0.21949863398416736,-0.07117185456026853,-0.19831012895115097,-0.04324382565070417,true,true,supported,supported
200,25,11,-0.22830897977323028,-0.0955154709594691,-0.2193529060667695,-0.048319987960583344,true,true,supported,supported
200,25,12,-0.23981215690140034,-0.09644145207198962,-0.24019989567012046,-0.05345805193997821,true,true,supported,supported
200,25,13,-0.2692874294018095,-0.07287170159906442,-0.26084922894230167,-0.058659794241044616,true,true,supported,supported
200,25,14,-0.29428852837828934,-0.08638704721184043,-0.2813010569091132,-0.06392768336883092,true,true,supported,supported
200,25,15,-0.3288661106401014,-0.1085447239863967,-0.30155597406893997,-0.06926441897520075,true,true,supported,supported
200,26,1,0.0,0.0,0.0,0.0,true,true,supported,supported
200,26,2,-0.03894585869030154,-0.017918407897461686,-0.022834405935228896,-0.004609178441481565,true,true,supported,supported
200,26,3,-0.06243303824601365,-0.023962153302914624,-0.04546743062120617,-0.009263535895236208,true,true,supported,supported
200,26,4,-0.07203121928374911,-0.027502282768655073,-0.06789901947459309,-0.01396439853007514,true,true,supported,supported
200,26,5,-0.09793635130909695,-0.016905992260373037,-0.09013118890064764,-0.018713661427476103,true,true,supported,supported
200,26,6,-0.0864117240405805,-0.02105285497842746,-0.1121632868884026,-0.023512653366313363,true,true,supported,supported
200,26,7,-0.1471499340462289,-0.011177808119274157,-0.13399646036816137,-0.028363255966455614,true,true,supported,supported
200,26,8,-0.15298414402266403,-0.0342356442770243,-0.1556323224851307,-0.03326750608379536,true,true,supported,supported
200,26,9,-0.16446766963155712,-0.03509177914417716,-0.17707012754902263,-0.03822704077541306,true,true,supported,supported
200,26,10,-0.20254410606505058,-0.039197917975712926,-0.19831012895115097,-0.04324382565070417,true,true,supported,supported
200,26,11,-0.22659143764920642,-0.039786108451061786,-0.2193529060667695,-0.048319987960583344,true,true,supported,supported
200,26,12,-0.22162239961368668,-0.023083929851539287,-0.24019989567012046,-0.05345805193997821,true,true,supported,supported
200,26,13,-0.25440320980212094,-0.06188783156819633,-0.26084922894230167,-0.058659794241044616,true,true,supported,supported
200,26,14,-0.2925097041201218,-0.051882160156686896,-0.2813010569091132,-0.06392768336883092,true,true,supported,supported
200,26,15,-0.3185396034171786,-0.08345302757408257,-0.30155597406893997,-0.06926441897520075,true,true,supported,supported
200,27,1,0.0,0.0,0.0,0.0,true,true,supported,supported
200,27,2,0.004310428290553725,0.020478858814668932,-0.022834405935228896,-0.004609178441481565,true,true,supported,supported
200,27,3,-0.06289486048271842,0.005212347459814692,-0.04546743062120617,-0.009263535895236208,true,true,supported,supported
200,27,4,-0.06784341794499371,-0.009042960154004853,-0.06789901947459309,-0.01396439853007514,true,true,supported,supported
200,27,5,-0.10442239051621705,-0.03286752517387925,-0.09013118890064764,-0.018713661427476103,true,true,supported,supported
200,27,6,-0.11098294732544067,-0.010707253172984044,-0.1121632868884026,-0.023512653366313363,true,true,supported,supported
200,27,7,-0.12606094023310677,-0.008879361360022986,-0.13399646036816137,-0.028363255966455614,true,true,supported,supported
200,27,8,-0.1484620833221828,0.005778677673658028,-0.1556323224851307,-0.03326750608379536,true,true,supported,supported
200,27,9,-0.16035608096735998,-0.00919863951514055,-0.17707012754902263,-0.03822704077541306,true,true,supported,supported
200,27,10,-0.21709254518511956,-0.059763738105249486,-0.19831012895115097,-0.04324382565070417,true,true,supported,supported
200,27,11,-0.23679177583518096,-0.03860947783966895,-0.2193529060667695,-0.048319987960583344,true,true,supported,supported
200,27,12,-0.23458581462709083,-0.04307279906453221,-0.24019989567012046,-0.05345805193997821,true,true,supported,supported
200,27,13,-0.23819925678042675,-0.03327936873654436,-0.26084922894230167,-0.058659794241044616,true,true,supported,supported
200,27,14,-0.2783393026911586,-0.07796294696589212,-0.2813010569091132,-0.06392768336883092,true,true,supported,supported
200,27,15,-0.29523619167126813,-0.06413362646594889,-0.30155597406893997,-0.06926441897520075,true,true,supported,supported
200,28,1,0.0,0.0,0.0,0.0,true,true,supported,supported
200,28,2,-0.0045174480866523314,-0.0005478032570049862,-0.022834405935228896,-0.004609178441481565,true,true,supported,supported
200,28,3,-0.0343599522853103,-0.01199981186787824,-0.04546743062120617,-0.009263535895236208,true,true,supported,supported
200,28,4,-0.07033679803830206,-0.019845654500511234,-0.06789901947459309,-0.01396439853007514,true,true,supported,supported
200,28,5,-0.09036302685478548,-0.010340986999641477,-0.09013118890064764,-0.018713661427476103,true,true,supported,supported
200,28,6,-0.06849788009321389,-0.022714828482356397,-0.1121632868884026,-0.023512653366313363,true,true,supported,supported
200,28,7,-0.11827599158294955,-0.04012935321429845,-0.13399646036816137,-0.028363255966455614,true,true,supported,supported
200,28,8,-0.15677413832723153,-0.05222117957912442,-0.1556323224851307,-0.03326750608379536,true,true,supported,supported
200,28,9,-0.14702940887753702,-0.04037650867356224,-0.17707012754902263,-0.03822704077541306,true,true,supported,supported
200,28,10,-0.1970513819972297,-0.04786446499586772,-0.19831012895115097,-0.04324382565070417,true,true,supported,supported
200,28,11,-0.20415995632975292,-0.05573430030357007,-0.2193529060667695,-0.048319987960583344,true,true,supported,supported
200,28,12,-0.22445689190033913,-0.07244832701867487,-0.24019989567012046,-0.05345805193997821,true,true,supported,supported
200,28,13,-0.24781102948733935,-0.06495753889214928,-0.26084922894230167,-0.058659794241044616,true,true,supported,supported
200,28,14,-0.2730978890212853,-0.09107115306815272,-0.2813010569091132,-0.06392768336883092,true,true,supported,supported
200,28,15,-0.29648214457157784,-0.09257176396732025,-0.30155597406893997,-0.06926441897520075,true,true,supported,supported
200,29,1,0.0,0.0,0.0,0.0,true,true,supported,supported
200,29,2,-0.027593728817913665,0.00532473600404848,-0.022834405935228896,-0.004609178441481565,true,true,supported,supported
200,29,3,-0.03355758923047636,0.03720697147799623,-0.04546743062120617,-0.009263535895236208,true,true,supported,supported
200,29,4,-0.07254491249245154,0.01889775942406946,-0.06789901947459309,-0.01396439853007514,true,true,supported,supported
200,29,5,-0.07224039461893361,0.017101512504933747,-0.09013118890064764,-0.018713661427476103,true,true,supported,supported
200,29,6,-0.11578130948343068,0.007289028016789545,-0.1121632868884026,-0.023512653366313363,true,true,supported,supported
200,29,7,-0.12446688703034814,-0.016379017004679253,-0.13399646036816137,-0.028363255966455614,true,true,supported,supported
200,29,8,-0.14903021512644254,-0.033921581358143715,-0.1556323224851307,-0.03326750608379536,true,true,supported,supported
200,29,9,-0.18855428529870766,-0.03365926625363058,-0.17707012754902263,-0.03822704077541306,true,true,supported,supported
200,29,10,-0.20393095608602396,-0.018123876674763006,-0.19831012895115097,-0.04324382565070417,true,true,supported,supported
200,29,11,-0.23522982694265548,-0.041623737428912344,-0.2193529060667695,-0.048319987960583344,true,true,supported,supported
200,29,12,-0.22520277969092473,-0.014055662205419206,-0.24019989567012046,-0.05345805193997821,true,true,supported,supported
200,29,13,-0.23188386097126812,-0.02683500995902388,-0.26084922894230167,-0.058659794241044616,true,true,supported,supported
200,29,14,-0.26601813742300917,-0.04582686502558897,-0.2813010569091132,-0.06392768336883092,true,true,supported,supported
200,29,15,-0.2899004150643252,-0.05916615785181489,-0.30155597406893997,-0.06926441897520075,true,true,supported,supported
200,30,1,0.0,0.0,0.0,0.0,true,true,supported,supported
200,30,2,-0.010585489845252871,0.028377931074716534,-0.022834405935228896,-0.004609178441481565,true,true,supported,supported
200,30,3,-0.03499388794492764,0.016325521098563556,-0.04546743062120617,-0.009263535895236208,true,true,supported,supported
200,30,4,-0.04031089469835991,0.017660946957536616,-0.06789901947459309,-0.01396439853007514,true,true,supported,supported
200,30,5,-0.06942964103318672,0.01772356688126764,-0.09013118890064764,-0.018713661427476103,true,true,supported,supported
200,30,6,-0.12308785863513327,0.008585892541720486,-0.1121632868884026,-0.023512653366313363,true,true,supported,supported
200,30,7,-0.12509877434999128,0.014980691717414119,-0.13399646036816137,-0.028363255966455614,true,true,supported,supported
200,30,8,-0.15906149634070932,-0.004826460809067901,-0.1556323224851307,-0.03326750608379536,true,true,supported,supported
200,30,9,-0.1925558860399581,-0.020439153465636295,-0.17707012754902263,-0.03822704077541306,true,true,supported,supported
200,30,10,-0.19072646978942176,-0.0016672613359882682,-0.19831012895115097,-0.04324382565070417,true,true,supported,supported
200,30,11,-0.1927770039967749,0.0056282529068714116,-0.2193529060667695,-0.048319987960583344,true,true,supported,supported
200,30,12,-0.22972651585207837,-0.0400430507410765,-0.24019989567012046,-0.05345805193997821,true,true,supported,supported
200,30,13,-0.25813708057986595,-0.042350874962290175,-0.26084922894230167,-0.058659794241044616,true,true,supported,supported
200,30,14,-0.27327616994465176,-0.05780179455733647,-0.2813010569091132,-0.06392768336883092,true,true,supported,supported
200,30,15,-0.32253377153115537,-0.044979296928767565,-0.30155597406893997,-0.06926441897520075,true,true,supported,supported
200,31,1,0.0,0.0,0.0,0.0,true,true,supported,supported
200,31,2,-0.021357177841696107,0.004892440142770571,-0.022834405935228896,-0.004609178441481565,true,true,supported,supported
200,31,3,-0.02988666416737895,0.004069539688709045,-0.04546743062120617,-0.009263535895236208,true,true,supported,supported
200,31,4,-0.04303204402095273,-0.024769369037032418,-0.06789901947459309,-0.01396439853007514,true,true,supported,supported
200,31,5,-0.06509247920380279,0.022367349251074642,-0.09013118890064764,-0.018713661427476103,true,true,supported,supported
200,31,6,-0.10333283904652468,-0.000485585778030706,-0.1121632868884026,-0.023512653366313363,true,true,supported,supported
200,31,7,-0.14312755730374827,-0.03077568569640965,-0.13399646036816137,-0.028363255966455614,true,true,supported,supported
200,31,8,-0.13122037908986817,-0.013166114730457812,-0.1556323224851307,-0.03326750608379536,true,true,supported,supported
200,31,9,-0.14848031795510652,0.002298715030546239,-0.17707012754902263,-0.03822704077541306,true,true,supported,supported
200,31,10,-0.20984715375145835,-0.04463854571312309,-0.19831012895115097,-0.04324382565070417,true,true,supported,supported
200,31,11,-0.20030706250343056,-0.03279845209406973,-0.2193529060667695,-0.048319987960583344,true,true,supported,supported
200,31,12,-0.23384849172807298,-0.049391656097547476,-0.24019989567012046,-0.05345805193997821,true,true,supported,supported
200,31,13,-0.2594987412560932,-0.09197269170131805,-0.26084922894230167,-0.058659794241044616,true,true,supported,supported
200,31,14,-0.294907205312235,-0.036415608252824305,-0.2813010569091132,-0.06392768336883092,true,true,supported,supported
200,31,15,-0.3124814655903422,-0.09388433619199421,-0.30155597406893997,-0.06926441897520075,true,true,supported,supported
200,32,1,0.0,0.0,0.0,0.0,true,true,supported,supported
200,32,2,-0.008051417806729022,0.0013092643522233383,-0.022834405935228896,-0.004609178441481565,true,true,supported,supported
200,32,3,-0.046295206648301335,-0.030513983528609012,-0.04546743062120617,-0.009263535895236208,true,true,supported,supported
200,32,4,-0.06442107162114175,-0.007035874937309838,-0.06789901947459309,-0.01396439853007514,true,true,supported,supported
200,32,5,-0.06834055224167235,0.00019187127783437674,-0.09013118890064764,-0.018713661427476103,true,true,supported,supported
200,32,6,-0.07472785430538043,-0.015677592174572208,-0.1121632868884026,-0.023512653366313363,true,true,supported,supported
200,32,7,-0.1287026439723178,-0.0230456894581611,-0.13399646036816137,-0.028363255966455614,true,true,supported,supported
200,32,8,-0.1358616599193001,-0.02546221518449643,-0.1556323224851307,-0.03326750608379536,true,true,supported,supported
200,32,9,-0.18401380954629887,-0.06479360597556338,-0.17707012754902263,-0.03822704077541306,true,true,supported,supported
200,32,10,-0.1883005280890111,-0.042823977963436066,-0.19831012895115097,-0.04324382565070417,true,true,supported,supported
200,32,11,-0.1884033543417729,-0.042254130133246415,-0.2193529060667695,-0.048319987960583344,true,true,supported,supported
200,32,12,-0.25582999830212005,-0.049580476982529764,-0.24019989567012046,-0.05345805193997821,true,true,supported,supported
200,32,13,-0.2533773979859779,-0.038831032295171375,-0.26084922894230167,-0.058659794241044616,true,true,supported,supported
200,32,14,-0.27700878278531016,-0.09440225125343671,-0.2813010569091132,-0.06392768336883092,true,true,supported,supported
200,32,15,-0.27786630352745567,-0.07380338987299784,-0.30155597406893997,-0.06926441897520075,true,true,supported,supported
200,33,1,0.0,0.0,0.0,0.0,true,true,supported,supported
200,33,2,-0.012587241240821112,-0.0015076127932761585,-0.022834405935228896,-0.004609178441481565,true,true,supported,supported
200,33,3,-0.044479744841600444,-0.012811098631133389,-0.04546743062120617,-0.009263535895236208,true,true,supported,supported
200,33,4,-0.07859859753759835,-0.020003356899320313,-0.06789901947459309,-0.01396439853007514,true,true,supported,supported
200,33,5,-0.10240995941949893,-0.023720919844455013,-0.09013118890064764,-0.018713661427476103,true,true,supported,supported
200,33,6,-0.09631609448627454,0.0005690852700133142,-0.1121632868884026,-0.023512653366313363,true,true,supported,supported
200,33,7,-0.132584322444392,-0.03512979316118159,-0.13399646036816137,-0.028363255966455614,true,true,supported,supported
200,33,8,-0.17200697098494333,-0.024093183256063577,-0.1556323224851307,-0.03326750608379536,true,true,supported,supported
200,33,9,-0.17799928341811544,-0.030781534112643616,-0.17707012754902263,-0.03822704077541306,true,true,supported,supported
200,33,10,-0.18830695615599624,-0.02992082265271001,-0.19831012895115097,-0.04324382565070417,true,true,supported,supported
200,33,11,-0.21588359241305421,-0.02844459056604698,-0.2193529060667695,-0.048319987960583344,true,true,supported,supported
200,33,12,-0.25011978167952476,-0.05593195574421084,-0.24019989567012046,-0.05345805193997821,true,true,supported,supported
200,33,13,-0.2765885665302832,-0.06869382954597314,-0.26084922894230167,-0.058659794241044616,true,true,supported,supported
200,33,14,-0.2928852300658221,-0.036868013754106865,-0.2813010569091132,-0.06392768336883092,true,true,supported,supported
200,33,15,-0.31193542503459615,-0.09128249769945795,-0.30155597406893997,-0.06926441897520075,true,true,supported,supported
200,34,1,0.0,0.0,0.0,0.0,true,true,supported,supported
200,34,2,-0.007234053053541967,-0.0019081050126676935,-0.022834405935228896,-0.004609178441481565,true,true,supported,supported
200,34,3,-0.02148279482987958,0.0049993426086553105,-0.04546743062120617,-0.009263535895236208,true,true,supported,supported
200,34,4,-0.042718442530671696,-0.010174510049925312,-0.06789901947459309,-0.01396439853007514,true,true,supported,supported
200,34,5,-0.08556941221623704,-0.01780201823251859,-0.09013118890064764,-0.018713661427476103,true,true,supported,supported
200,34,6,-0.11892387403506577,-0.03453592017554963,-0.1121632868884026,-0.023512653366313363,true,true,supported,supported
200,34,7,-0.08926216116691021,-0.016374422471545746,-0.13399646036816137,-0.028363255966455614,true,true,supported,supported
200,34,8,-0.13736138550724775,-0.04582726876100618,-0.1556323224851307,-0.03326750608379536,true,true,supported,supported
200,34,9,-0.18584698383227183,-0.0380637464918917,-0.17707012754902263,-0.03822704077541306,true,true,supported,supported
200,34,10,-0.1975134828334163,-0.02493124035285421,-0.19831012895115097,-0.04324382565070417,true,true,supported,supported
200,34,11,-0.22506520277867148,-0.04920359539093355,-0.2193529060667695,-0.048319987960583344,true,true,supported,supported
200,34,12,-0.24654763701370652,-0.03225393893822792,-0.24019989567012046,-0.05345805193997821,true,true,supported,supported
200,34,13,-0.2691861728672039,-0.06342784471031249,-0.26084922894230167,-0.058659794241044616,true,true,supported,supported
200,34,14,-0.2907038263521772,-0.05367858169708106,-0.2813010569091132,-0.06392768336883092,true,true,supported,supported
200,34,15,-0.2964108196158486,-0.07670551521996283,-0.30155597406893997,-0.06926441897520075,true,true,supported,supported
200,35,1,0.0,0.0,0.0,0.0,true,true,supported,supported
200,35,2,0.003114732192581404,-0.02998517165129433,-0.022834405935228896,-0.004609178441481565,true,true,supported,supported
200,35,3,-0.02488652734186214,-0.009188690119365628,-0.04546743062120617,-0.009263535895236208,true,true,supported,supported
200,35,4,-0.054417952397932234,-0.01747533864862072,-0.06789901947459309,-0.01396439853007514,true,true,supported,supported
200,35,5,-0.06643155157187719,-0.018747484013230564,-0.09013118890064764,-0.018713661427476103,true,true,supported,supported
200,35,6,-0.11412965913134265,-0.034629557097500374,-0.1121632868884026,-0.023512653366313363,true,true,supported,supported
200,35,7,-0.12610308135520598,-0.041987638222015344,-0.13399646036816137,-0.028363255966455614,true,true,supported,supported
200,35,8,-0.14291481452042465,-0.060509697553537634,-0.1556323224851307,-0.03326750608379536,true,true,supported,supported
200,35,9,-0.1599750910400084,-0.060234454867907905,-0.17707012754902263,-0.03822704077541306,true,true,supported,supported
200,35,10,-0.18436291470480382,-0.044810978326803474,-0.19831012895115097,-0.04324382565070417,true,true,supported,supported
200,35,11,-0.18562586801047976,-0.05582254904854733,-0.2193529060667695,-0.048319987960583344,true,true,supported,supported
200,35,12,-0.21025704252091548,-0.05357536177644584,-0.24019989567012046,-0.05345805193997821,true,true,supported,supported
200,35,13,-0.2555544002223915,-0.08581968865785616,-0.26084922894230167,-0.058659794241044616,true,true,supported,supported
200,35,14,-0.26552736059560345,-0.05346166655837836,-0.2813010569091132,-0.06392768336883092,true,true,supported,supported
200,35,15,-0.2810631565329086,-0.060095704615468315,-0.30155597406893997,-0.06926441897520075,true,true,supported,supported
200,36,1,0.0,0.0,0.0,0.0,true,true,supported,supported
200,36,2,-0.03821719101158261,-0.007590795115393623,-0.022834405935228896,-0.004609178441481565,true,true,supported,supported
200,36,3,-0.038182852558842906,-0.006549439732031592,-0.04546743062120617,-0.009263535895236208,true,true,supported,supported
200,36,4,-0.0763235445991638,-0.01270618077369079,-0.06789901947459309,-0.01396439853007514,true,true,supported,supported
200,36,5,-0.05354435276844682,0.006163051712477885,-0.09013118890064764,-0.018713661427476103,true,true,supported,supported
200,36,6,-0.1035403681764554,-0.021729951718957086,-0.1121632868884026,-0.023512653366313363,true,true,supported,supported
200,36,7,-0.08781772437375945,-0.036506020037035625,-0.13399646036816137,-0.028363255966455614,true,true,supported,supported
200,36,8,-0.15992572652262993,-0.04762372723206354,-0.1556323224851307,-0.03326750608379536,true,true,supported,supported
200,36,9,-0.16619528833276287,-0.027699986999731863,-0.17707012754902263,-0.03822704077541306,true,true,supported,supported
200,36,10,-0.17706007683037728,-0.043797157293124944,-0.19831012895115097,-0.04324382565070417,true,true,supported,supported
200,36,11,-0.18545980164769194,-0.03845324656614224,-0.2193529060667695,-0.048319987960583344,true,true,supported,supported
200,36,12,-0.2388899306916641,-0.04800570555416506,-0.24019989567012046,-0.05345805193997821,true,true,supported,supported
200,36,13,-0.25878683989730966,-0.07049422993276655,-0.26084922894230167,-0.058659794241044616,true,true,supported,supported
200,36,14,-0.2466384016540938,-0.0460627760198935,-0.2813010569091132,-0.06392768336883092,true,true,supported,supported
200,36,15,-0.299227700911725,-0.05476053764176325,-0.30155597406893997,-0.06926441897520075,true,true,supported,supported
200,37,1,0.0,0.0,0.0,0.0,true,true,supported,supported
200,37,2,-0.03346967205402063,-0.018478230703487752,-0.022834405935228896,-0.004609178441481565,true,true,supported,supported
200,37,3,-0.023678523809149143,-0.007569853876366217,-0.04546743062120617,-0.009263535895236208,true,true,supported,supported
200,37,4,-0.08472757642786133,-0.025148452627451134,-0.06789901947459309,-0.01396439853007514,true,true,supported,supported
200,37,5,-0.07767000674831548,-0.00158837176161708,-0.09013118890064764,-0.018713661427476103,true,true,supported,supported
200,37,6,-0.1229259530076714,-0.011921285233313705,-0.1121632868884026,-0.023512653366313363,true,true,supported,supported
200,37,7,-0.12684481387786817,-0.021756998097782088,-0.13399646036816137,-0.028363255966455614,true,true,supported,supported
200,37,8,-0.1223881537620134,-0.05377304982065434,-0.1556323224851307,-0.03326750608379536,true,true,supported,supported
200,37,9,-0.19832383772974405,-0.06002137055461165,-0.17707012754902263,-0.03822704077541306,true,true,supported,supported
200,37,10,-0.1993369564176133,-0.06244878898185313,-0.19831012895115097,-0.04324382565070417,true,true,supported,supported
200,37,11,-0.2258021681023361,-0.05688170072281751,-0.2193529060667695,-0.048319987960583344,true,true,supported,supported
200,37,12,-0.20453223629318462,-0.04435199257799871,-0.24019989567012046,-0.05345805193997821,true,true,supported,supported
200,37,13,-0.2662725274549701,-0.05045155154559933,-0.26084922894230167,-0.058659794241044616,true,true,supported,supported
200,37,14,-0.28207722605144514,-0.07183768090629727,-0.2813010569091132,-0.06392768336883092,true,true,supported,supported
200,37,15,-0.30291204748143863,-0.08185987722048782,-0.30155597406893997,-0.06926441897520075,true,true,supported,supported
200,38,1,0.0,0.0,0.0,0.0,true,true,supported,supported
200,38,2,0.009649148838052346,-0.004711383502969069,-0.022834405935228896,-0.004609178441481565,true,true,supported,supported
200,38,3,-0.014891931945938519,-0.004451660680030667,-0.04546743062120617,-0.009263535895236208,true,true,supported,supported
200,38,4,-0.04171945762584106,-0.017088277987786338,-0.06789901947459309,-0.01396439853007514,true,true,supported,supported
200,38,5,-0.08230827973197485,-0.015713088930135566,-0.09013118890064764,-0.018713661427476103,true,true,supported,supported
200,38,6,-0.10965869159906472,-0.023145331244425194,-0.1121632868884026,-0.023512653366313363,true,true,supported,supported
200,38,7,-0.10774150722399489,-0.029282480691991575,-0.13399646036816137,-0.028363255966455614,true,true,supported,supported
200,38,8,-0.15192439948962277,-0.03109871039950174,-0.1556323224851307,-0.03326750608379536,true,true,supported,supported
200,38,9,-0.1542880513390117,-0.046368380144437116,-0.17707012754902263,-0.03822704077541306,true,true,supported,supported
200,38,10,-0.19458472811663152,-0.04704322326467725,-0.19831012895115097,-0.04324382565070417,true,true,supported,supported
200,38,11,-0.2075517023694914,-0.07156986503071738,-0.2193529060667695,-0.048319987960583344,true,true,supported,supported
200,38,12,-0.21551362918847838,-0.03883832992255409,-0.24019989567012046,-0.05345805193997821,true,true,supported,supported
200,38,13,-0.24112079712829293,-0.04961122423055897,-0.26084922894230167,-0.058659794241044616,true,true,supported,supported
200,38,14,-0.2554558815966578,-0.05594414405613524,-0.2813010569091132,-0.06392768336883092,true,true,supported,supported
200,38,15,-0.2758668270745631,-0.05961769343028356,-0.30155597406893997,-0.06926441897520075,true,true,supported,supported
200,39,1,0.0,0.0,0.0,0.0,true,true,supported,supported
200,39,2,-0.02838644780518118,0.0036575681576492824,-0.022834405935228896,-0.004609178441481565,true,true,supported,supported
200,39,3,-0.05909292224225715,0.014067229912264057,-0.04546743062120617,-0.009263535895236208,true,true,supported,supported
200,39,4,-0.04758018558846355,0.016573430958660595,-0.06789901947459309,-0.01396439853007514,true,true,supported,supported
200,39,5,-0.10056319025049565,-0.011535280238180068,-0.09013118890064764,-0.018713661427476103,true,true,supported,supported
200,39,6,-0.12021186043053089,-0.027328727159029897,-0.1121632868884026,-0.023512653366313363,true,true,supported,supported
200,39,7,-0.13569027245160603,-0.011876465085686183,-0.13399646036816137,-0.028363255966455614,true,true,supported,supported
200,39,8,-0.13368591780002548,-0.024880540992668232,-0.1556323224851307,-0.03326750608379536,true,true,supported,supported
200,39,9,-0.1765808143600267,-0.03695538145937238,-0.17707012754902263,-0.03822704077541306,true,true,supported,supported
200,39,10,-0.21008614876532017,-0.051394877896825286,-0.19831012895115097,-0.04324382565070417,true,true,supported,supported
200,39,11,-0.22618620204344486,-0.041573273145277256,-0.2193529060667695,-0.048319987960583344,true,true,supported,supported
200,39,12,-0.23121094909154605,-0.04382596701518304,-0.24019989567012046,-0.05345805193997821,true,true,supported,supported
200,39,13,-0.26552330555359716,-0.04057866866478532,-0.26084922894230167,-0.058659794241044616,true,true,supported,supported
200,39,14,-0.24634234336095084,-0.043650034254515524,-0.2813010569091132,-0.06392768336883092,true,true,supported,supported
200,39,15,-0.3072055922451995,-0.060976331075317525,-0.30155597406893997,-0.06926441897520075,true,true,supported,supported
200,40,1,0.0,0.0,0.0,0.0,true,true,supported,supported
200,40,2,-0.025305874371172488,0.026380184577851074,-0.022834405935228896,-0.004609178441481565,true,true,supported,supported
200,40,3,-0.04338641580999669,0.013496443486404996,-0.04546743062120617,-0.009263535895236208,true,true,supported,supported
200,40,4,-0.0686489667820156,0.006057414840707875,-0.06789901947459309,-0.01396439853007514,true,true,supported,supported
200,40,5,-0.10006922547056285,0.005311561179072499,-0.09013118890064764,-0.018713661427476103,true,true,supported,supported
200,40,6,-0.10623904458018862,-0.0020031085744112165,-0.1121632868884026,-0.023512653366313363,true,true,supported,supported
200,40,7,-0.1720164841154318,-0.034677464559621285,-0.13399646036816137,-0.028363255966455614,true,true,supported,supported
200,40,8,-0.14559342427116206,-0.023296501511287593,-0.1556323224851307,-0.03326750608379536,true,true,supported,supported
200,40,9,-0.21963359082180467,-0.05820305788543123,-0.17707012754902263,-0.03822704077541306,true,true,supported,supported
200,40,10,-0.20641150494629534,-0.018763974241096215,-0.19831012895115097,-0.04324382565070417,true,true,supported,supported
200,40,11,-0.24316105980445923,-0.055408203012168755,-0.2193529060667695,-0.048319987960583344,true,true,supported,supported
200,40,12,-0.25210000619645045,-0.036350005107652406,-0.24019989567012046,-0.05345805193997821,true,true,supported,supported
200,40,13,-0.2533423669346775,-0.030135376208635933,-0.26084922894230167,-0.058659794241044616,true,true,supported,supported
200,40,14,-0.29185345387793105,-0.06536576468362343,-0.2813010569091132,-0.06392768336883092,true,true,supported,supported
200,40,15,-0.32842029699202413,-0.08045102126166126,-0.30155597406893997,-0.06926441897520075,true,true,supported,supported
200,41,1,0.0,0.0,0.0,0.0,true,true,supported,supported
200,41,2,-0.004127593386079709,0.0057513725017932504,-0.022834405935228896,-0.004609178441481565,true,true,supported,supported
200,41,3,-0.04135616149069632,-0.015859570637853926,-0.04546743062120617,-0.009263535895236208,true,true,supported,supported
200,41,4,-0.04833884182966941,0.006083638782780287,-0.06789901947459309,-0.01396439853007514,true,true,supported,supported
200,41,5,-0.09446681304157878,0.0009070178506374038,-0.09013118890064764,-0.018713661427476103,true,true,supported,supported
200,41,6,-0.10387575931257986,0.004643463765117928,-0.1121632868884026,-0.023512653366313363,true,true,supported,supported
200,41,7,-0.16031563115697656,-0.03327471111648883,-0.13399646036816137,-0.028363255966455614,true,true,supported,supported
200,41,8,-0.16088962589304034,-0.035266766079150136,-0.1556323224851307,-0.03326750608379536,true,true,supported,supported
200,41,9,-0.15900588896137335,-0.02207862505063085,-0.17707012754902263,-0.03822704077541306,true,true,supported,supported
200,41,10,-0.21063933082601694,-0.033792113644635746,-0.19831012895115097,-0.04324382565070417,true,true,supported,supported
200,41,11,-0.23292381364875148,-0.07429091906637242,-0.2193529060667695,-0.048319987960583344,true,true,supported,supported
200,41,12,-0.24325908305801291,-0.029635647266998077,-0.24019989567012046,-0.05345805193997821,true,true,supported,supported
200,41,13,-0.26629289565496594,-0.0458503237296799,-0.26084922894230167,-0.058659794241044616,true,true,supported,supported
200,41,14,-0.2752531608823158,-0.05163302878723086,-0.2813010569091132,-0.06392768336883092,true,true,supported,supported
200,41,15,-0.30856431206665624,-0.05037131514842441,-0.30155597406893997,-0.06926441897520075,true,true,supported,supported
200,42,1,0.0,0.0,0.0,0.0,true,true,supported,supported
200,42,2,-0.010867935494073833,-0.025258974018174896,-0.022834405935228896,-0.004609178441481565,true,true,supported,supported
200,42,3,-0.019401073991879403,0.020854444750139867,-0.04546743062120617,-0.009263535895236208,true,true,supported,supported
200,42,4,-0.05337322166068326,-0.0023471956139027306,-0.06789901947459309,-0.01396439853007514,true,true,supported,supported
200,42,5,-0.08114543775302263,-0.016292995282293332,-0.09013118890064764,-0.018713661427476103,true,true,supported,supported
200,42,6,-0.09990049679120439,-0.000575491706882425,-0.1121632868884026,-0.023512653366313363,true,true,supported,supported
200,42,7,-0.12329486236091247,-0.0036836577561326633,-0.13399646036816137,-0.028363255966455614,true,true,supported,supported
200,42,8,-0.15372470571123042,-0.041365171634158315,-0.1556323224851307,-0.03326750608379536,true,true,supported,supported
200,42,9,-0.16610207055152515,-0.03347317312766962,-0.17707012754902263,-0.03822704077541306,true,true,supported,supported
200,42,10,-0.1824354137188816,-0.030210013153119553,-0.19831012895115097,-0.04324382565070417,true,true,supported,supported
200,42,11,-0.2080663130746706,-0.0444953154787906,-0.2193529060667695,-0.048319987960583344,true,true,supported,supported
200,42,12,-0.23572511304350752,-0.04967750283938477,-0.24019989567012046,-0.05345805193997821,true,true,supported,supported
200,42,13,-0.24249551779415213,-0.03280845782342723,-0.26084922894230167,-0.058659794241044616,true,true,supported,supported
200,42,14,-0.2556595750427303,-0.04851258246956702,-0.2813010569091132,-0.06392768336883092,true,true,supported,supported
200,42,15,-0.3006570586570462,-0.05777668432408378,-0.30155597406893997,-0.06926441897520075,true,true,supported,supported
200,43,1,0.0,0.0,0.0,0.0,true,true,supported,supported
200,43,2,-0.044514568359616535,0.002232167023059728,-0.022834405935228896,-0.004609178441481565,true,true,supported,supported
200,43,3,-0.04048069205100391,0.01305437080628602,-0.04546743062120617,-0.009263535895236208,true,true,supported,supported
200,43,4,-0.10186230885837011,-0.019979071364026213,-0.06789901947459309,-0.01396439853007514,true,true,supported,supported
200,43,5,-0.09754682644559176,0.0070303923354498865,-0.09013118890064764,-0.018713661427476103,true,true,supported,supported
200,43,6,-0.13268685104575229,0.007513364711164483,-0.1121632868884026,-0.023512653366313363,true,true,supported,supported
200,43,7,-0.13767134913334933,0.008246399404599924,-0.13399646036816137,-0.028363255966455614,true,true,supported,supported
200,43,8,-0.13919598006870904,-0.01039954305581714,-0.1556323224851307,-0.03326750608379536,true,true,supported,supported
200,43,9,-0.19934959923494766,-0.014403435411819765,-0.17707012754902263,-0.03822704077541306,true,true,supported,supported
200,43,10,-0.215141277146364,-0.033675718681156375,-0.19831012895115097,-0.04324382565070417,true,true,supported,supported
200,43,11,-0.229774393951798,-0.024508988771134055,-0.2193529060667695,-0.048319987960583344,true,true,supported,supported
200,43,12,-0.2424476262570071,-0.03243241822471743,-0.24019989567012046,-0.05345805193997821,true,true,supported,supported
200,43,13,-0.276366628963869,-0.025359687593035085,-0.26084922894230167,-0.058659794241044616,true,true,supported,supported
200,43,14,-0.2998047811203165,-0.043313455937010414,-0.2813010569091132,-0.06392768336883092,true,true,supported,supported
200,43,15,-0.31479193561718155,-0.07682088454092473,-0.30155597406893997,-0.06926441897520075,true,true,supported,supported
200,44,1,0.0,0.0,0.0,0.0,true,true,supported,supported
200,44,2,0.019237314950431683,-0.013627173361988154,-0.022834405935228896,-0.004609178441481565,true,true,supported,supported
200,44,3,-0.03755390292541827,-0.041593724497137496,-0.04546743062120617,-0.009263535895236208,true,true,supported,supported
200,44,4,-0.029143773157383368,-0.022071696635791893,-0.06789901947459309,-0.01396439853007514,true,true,supported,supported
200,44,5,-0.07986085719507596,-0.023286620827189353,-0.09013118890064764,-0.018713661427476103,true,true,supported,supported
200,44,6,-0.11229854393431893,-0.07795181663268358,-0.1121632868884026,-0.023512653366313363,true,true,supported,supported
200,44,7,-0.10292346572272193,-0.045805526199770075,-0.13399646036816137,-0.028363255966455614,true,true,supported,supported
200,44,8,-0.14791088322888635,-0.05826800683444566,-0.1556323224851307,-0.03326750608379536,true,true,supported,supported
200,44,9,-0.16965466463754442,-0.06971512719577,-0.17707012754902263,-0.03822704077541306,true,true,supported,supported
200,44,10,-0.17229500935565512,-0.04852885384660688,-0.19831012895115097,-0.04324382565070417,true,true,supported,supported
200,44,11,-0.21118767403590644,-0.07040178346071835,-0.2193529060667695,-0.048319987960583344,true,true,supported,supported
200,44,12,-0.22843188778177925,-0.058278703070479,-0.24019989567012046,-0.05345805193997821,true,true,supported,supported
200,44,13,-0.264022299900173,-0.09846042303229696,-0.26084922894230167,-0.058659794241044616,true,true,supported,supported
200,44,14,-0.2644275090294602,-0.07160433874561933,-0.2813010569091132,-0.06392768336883092,true,true,supported,supported
200,44,15,-0.2894001047168183,-0.10035805001223919,-0.30155597406893997,-0.06926441897520075,true,true,supported,supported
200,45,1,0.0,0.0,0.0,0.0,true,true,supported,supported
200,45,2,-0.004328901822182374,0.027586717024216112,-0.022834405935228896,-0.004609178441481565,true,true,supported,supported
200,45,3,-0.04979018947763758,0.00785929234565752,-0.04546743062120617,-0.009263535895236208,true,true,supported,supported
200,45,4,-0.05578294228330427,0.01739625847582793,-0.06789901947459309,-0.01396439853007514,true,true,supported,supported
200,45,5,-0.10327441761875755,-0.01814115368501934,-0.09013118890064764,-0.018713661427476103,true,true,supported,supported
200,45,6,-0.08563529433002826,0.01594066628358748,-0.1121632868884026,-0.023512653366313363,true,true,supported,supported
200,45,7,-0.12502121091978236,0.006288751358779043,-0.13399646036816137,-0.028363255966455614,true,true,supported,supported
200,45,8,-0.16956172152343008,-0.008318679450352917,-0.1556323224851307,-0.03326750608379536,true,true,supported,supported
200,45,9,-0.18768226306717284,-0.020236586854270877,-0.17707012754902263,-0.03822704077541306,true,true,supported,supported
200,45,10,-0.21779246235592542,-0.0029473357440277237,-0.19831012895115097,-0.04324382565070417,true,true,supported,supported
200,45,11,-0.24731209417083322,-0.054587767707256374,-0.2193529060667695,-0.048319987960583344,true,true,supported,supported
200,45,12,-0.25711974856221786,-0.04485048573420203,-0.24019989567012046,-0.05345805193997821,true,true,supported,supported
200,45,13,-0.23396087958984824,-0.024844739197078414,-0.26084922894230167,-0.058659794241044616,true,true,supported,supported
200,45,14,-0.2830183089894297,-0.012413451567088618,-0.2813010569091132,-0.06392768336883092,true,true,supported,supported
200,45,15,-0.31802120253307353,-0.06708814287214926,-0.30155597406893997,-0.06926441897520075,true,true,supported,supported
200,46,1,0.0,0.0,0.0,0.0,true,true,supported,supported
200,46,2,-0.04982551302276117,-0.03149856873744061,-0.022834405935228896,-0.004609178441481565,true,true,supported,supported
200,46,3,-0.06954414654242635,-0.008588516524078549,-0.04546743062120617,-0.009263535895236208,true,true,supported,supported
200,46,4,-0.0922637093258648,-0.02264830798667017,-0.06789901947459309,-0.01396439853007514,true,true,supported,supported
200,46,5,-0.10679828854425133,-0.02707347099212365,-0.09013118890064764,-0.018713661427476103,true,true,supported,supported
200,46,6,-0.1394388389186052,-0.03350510526388317,-0.1121632868884026,-0.023512653366313363,true,true,supported,supported
200,46,7,-0.13273955450292962,-0.04974916767191773,-0.13399646036816137,-0.028363255966455614,true,true,supported,supported
200,46,8,-0.186826540536021,-0.05934309804074267,-0.1556323224851307,-0.03326750608379536,true,true,supported,supported
200,46,9,-0.20172973730217414,-0.031516746860711486,-0.17707012754902263,-0.03822704077541306,true,true,supported,supported
200,46,10,-0.21369374561334975,-0.023675015681296152,-0.19831012895115097,-0.04324382565070417,true,true,supported,supported
200,46,11,-0.23023671818327873,-0.03898130059365279,-0.2193529060667695,-0.048319987960583344,true,true,supported,supported
200,46,12,-0.2627149993197804,-0.04770838985062531,-0.24019989567012046,-0.05345805193997821,true,true,supported,supported
200,46,13,-0.2691643885914873,-0.051671653036355125,-0.26084922894230167,-0.058659794241044616,true,true,supported,supported
200,46,14,-0.31282241955489665,-0.0519430775674502,-0.2813010569091132,-0.06392768336883092,true,true,supported,supported
200,46,15,-0.3081257640388122,-0.06038049770525811,-0.30155597406893997,-0.06926441897520075,true,true,supported,supported
200,47,1,0.0,0.0,0.0,0.0,true,true,supported,supported
200,47,2,-0.012025672278117128,0.008341361450411977,-0.022834405935228896,-0.004609178441481565,true,true,supported,supported
200,47,3,-0.040497583367408274,-0.019109071140131384,-0.04546743062120617,-0.009263535895236208,true,true,supported,supported
200,47,4,-0.07779056764470227,-0.006809500664929913,-0.06789901947459309,-0.01396439853007514,true,true,supported,supported
200,47,5,-0.08596577871148203,-0.0037171527594827003,-0.09013118890064764,-0.018713661427476103,true,true,supported,supported
200,47,6,-0.10479964391377738,-0.005206153078410436,-0.1121632868884026,-0.023512653366313363,true,true,supported,supported
200,47,7,-0.13440001894980547,-0.019351911465785965,-0.13399646036816137,-0.028363255966455614,true,true,supported,supported
200,47,8,-0.1617513509393309,-0.025975373010350022,-0.1556323224851307,-0.03326750608379536,true,true,supported,supported
200,47,9,-0.18650094857973154,-0.049741038789131276,-0.17707012754902263,-0.03822704077541306,true,true,supported,supported
200,47,10,-0.19662785592412169,-0.03205678304239068,-0.19831012895115097,-0.04324382565070417,true,true,supported,supported
200,47,11,-0.22468969202480704,-0.05129363715738344,-0.2193529060667695,-0.048319987960583344,true,true,supported,supported
200,47,12,-0.24066193665525648,-0.06228145261271334,-0.24019989567012046,-0.05345805193997821,true,true,supported,supported
200,47,13,-0.27230474674234284,-0.07803633985390912,-0.26084922894230167,-0.058659794241044616,true,true,supported,supported
200,47,14,-0.29505416417034946,-0.0590750056996282,-0.2813010569091132,-0.06392768336883092,true,true,supported,supported
200,47,15,-0.29314720549700335,-0.07205898309379322,-0.30155597406893997,-0.06926441897520075,true,true,supported,supported
200,48,1,0.0,0.0,0.0,0.0,true,true,supported,supported
200,48,2,-0.03883040755288292,-0.0027538671656406333,-0.022834405935228896,-0.004609178441481565,true,true,supported,supported
200,48,3,-0.05729320996802911,-0.024725328697909,-0.04546743062120617,-0.009263535895236208,true,true,supported,supported
200,48,4,-0.08590732040605153,-0.028652450457801626,-0.06789901947459309,-0.01396439853007514,true,true,supported,supported
200,48,5,-0.09148034052993259,-0.045551675010525816,-0.09013118890064764,-0.018713661427476103,true,true,supported,supported
200,48,6,-0.10741095321491279,-0.04937621641012291,-0.1121632868884026,-0.023512653366313363,true,true,supported,supported
200,48,7,-0.1461773542048912,-0.04628494495517288,-0.13399646036816137,-0.028363255966455614,true,true,supported,supported
200,48,8,-0.16285840960326836,-0.03091637079816767,-0.1556323224851307,-0.03326750608379536,true,true,supported,supported
200,48,9,-0.19158328675035452,-0.08020489224800775,-0.17707012754902263,-0.03822704077541306,true,true,supported,supported
200,48,10,-0.2016194833594831,-0.056597963497515114,-0.19831012895115097,-0.04324382565070417,true,true,supported,supported
200,48,11,-0.2367204497822144,-0.07204325383422916,-0.2193529060667695,-0.048319987960583344,true,true,supported,supported
200,48,12,-0.2541996414408335,-0.06592762685593045,-0.24019989567012046,-0.05345805193997821,true,true,supported,supported
200,48,13,-0.2522426133655421,-0.061261847207273235,-0.26084922894230167,-0.058659794241044616,true,true,supported,supported
200,48,14,-0.28385848507453093,-0.07102941136707897,-0.2813010569091132,-0.06392768336883092,true,true,supported,supported
200,48,15,-0.3172546448565152,-0.08307339788888957,-0.30155597406893997,-0.06926441897520075,true,true,supported,supported
200,49,1,0.0,0.0,0.0,0.0,true,true,supported,supported
200,49,2,-0.017465652799680265,-0.02685680647832278,-0.022834405935228896,-0.004609178441481565,true,true,supported,supported
200,49,3,-0.04494639633328301,-0.042118959108589316,-0.04546743062120617,-0.009263535895236208,true,true,supported,supported
200,49,4,-0.056463133997787684,-0.030989622909035175,-0.06789901947459309,-0.01396439853007514,true,true,supported,supported
200,49,5,-0.12513369040311972,-0.07784596525976684,-0.09013118890064764,-0.018713661427476103,true,true,supported,supported
200,49,6,-0.13321733358421162,-0.05130624113393434,-0.1121632868884026,-0.023512653366313363,true,true,supported,supported
200,49,7,-0.14576011990270177,-0.054261571402842934,-0.13399646036816137,-0.028363255966455614,true,true,supported,supported
200,49,8,-0.1562474517407464,-0.07444828260890379,-0.1556323224851307,-0.03326750608379536,true,true,supported,supported
200,49,9,-0.18265128413222342,-0.0629273047072082,-0.17707012754902263,-0.03822704077541306,true,true,supported,supported
200,49,10,-0.23170095654238543,-0.1042987902152408,-0.19831012895115097,-0.04324382565070417,true,true,supported,supported
200,49,11,-0.21907851296267822,-0.09804897393274459,-0.2193529060667695,-0.048319987960583344,true,true,supported,supported
200,49,12,-0.26766632803920987,-0.10433500999104872,-0.24019989567012046,-0.05345805193997821,true,true,supported,supported
200,49,13,-0.27962422096841766,-0.0878405607248719,-0.26084922894230167,-0.058659794241044616,true,true,supported,supported
200,49,14,-0.2726635592544565,-0.06621036964410976,-0.2813010569091132,-0.06392768336883092,true,true,supported,supported
200,49,15,-0.32160631980120435,-0.1158269908462668,-0.30155597406893997,-0.06926441897520075,true,true,supported,supported
200,50,1,0.0,0.0,0.0,0.0,true,true,supported,supported
200,50,2,0.0012992795092390264,-0.0168241812307639,-0.022834405935228896,-0.004609178441481565,true,true,supported,supported
200,50,3,0.00891446681694108,0.004022299372770433,-0.04546743062120617,-0.009263535895236208,true,true,supported,supported
200,50,4,-0.0357874699338091,-0.0025515585886158876,-0.06789901947459309,-0.01396439853007514,true,true,supported,supported
200,50,5,-0.063672220323996,-0.038404157856523624,-0.09013118890064764,-0.018713661427476103,true,true,supported,supported
200,50,6,-0.0720803610882611,-0.00843985159423899,-0.1121632868884026,-0.023512653366313363,true,true,supported,supported
200,50,7,-0.13246652479682075,-0.03387108980788922,-0.13399646036816137,-0.028363255966455614,true,true,supported,supported
200,50,8,-0.12681023848119133,-0.039562993517915035,-0.1556323224851307,-0.03326750608379536,true,true,supported,supported
200,50,9,-0.15150287657110528,-0.022601302148952174,-0.17707012754902263,-0.03822704077541306,true,true,supported,supported
200,50,10,-0.15994241472861503,-0.0054694518401114944,-0.19831012895115097,-0.04324382565070417,true,true,supported,supported
200,50,11,-0.20048326325559862,-0.052924370946617394,-0.2193529060667695,-0.048319987960583344,true,true,supported,supported
200,50,12,-0.20644139986015053,-0.06806958207321023,-0.24019989567012046,-0.05345805193997821,true,true,supported,supported
200,50,13,-0.2167272083663606,-0.06121872562543962,-0.26084922894230167,-0.058659794241044616,true,true,supported,supported
200,50,14,-0.2680120665477099,-0.07442013659844604,-0.2813010569091132,-0.06392768336883092,true,true,supported,supported
200,50,15,-0.2797238797934175,-0.06208697048453937,-0.30155597406893997,-0.06926441897520075,true,true,supported,supported
200,51,1,0.0,0.0,0.0,0.0,true,true,supported,supported
200,51,2,-0.04919285378192695,-0.012144268528780588,-0.022834405935228896,-0.004609178441481565,true,true,supported,supported
200,51,3,-0.03815664788813333,-0.004468529950126143,-0.04546743062120617,-0.009263535895236208,true,true,supported,supported
200,51,4,-0.06904990071405115,-0.009198437159585016,-0.06789901947459309,-0.01396439853007514,true,true,supported,supported
200,51,5,-0.0821222029174492,-0.0175745552407105,-0.09013118890064764,-0.018713661427476103,true,true,supported,supported
200,51,6,-0.12519990160061145,-0.0238457391552912,-0.1121632868884026,-0.023512653366313363,true,true,supported,supported
200,51,7,-0.1293486494431464,-0.014969536765600866,-0.13399646036816137,-0.028363255966455614,true,true,supported,supported
200,51,8,-0.12931150789034562,-0.006041935734702908,-0.1556323224851307,-0.03326750608379536,true,true,supported,supported
200,51,9,-0.15279489887353004,-0.026868348719359947,-0.17707012754902263,-0.03822704077541306,true,true,supported,supported
200,51,10,-0.18210077492470567,-0.05007059081922538,-0.19831012895115097,-0.04324382565070417,true,true,supported,supported
200,51,11,-0.21484810657700726,-0.030521641633760033,-0.2193529060667695,-0.048319987960583344,true,true,supported,supported
200,51,12,-0.24378913414905967,-0.04524334151775877,-0.24019989567012046,-0.05345805193997821,true,true,supported,supported
200,51,13,-0.26926358466884637,-0.08698088994736053,-0.26084922894230167,-0.058659794241044616,true,true,supported,supported
200,51,14,-0.3128222640866142,-0.05649073906438029,-0.2813010569091132,-0.06392768336883092,true,true,supported,supported
200,51,15,-0.31584844626544806,-0.06396540077294399,-0.30155597406893997,-0.06926441897520075,true,true,supported,supported
200,52,1,0.0,0.0,0.0,0.0,true,true,supported,supported
200,52,2,-0.008669610196788469,0.01302230983237973,-0.022834405935228896,-0.004609178441481565,true,true,supported,supported
200,52,3,-0.027492742929500213,0.009514935438340255,-0.04546743062120617,-0.009263535895236208,true,true,supported,supported
200,52,4,-0.06404653265320581,-0.02094967613151677,-0.06789901947459309,-0.01396439853007514,true,true,supported,supported
200,52,5,-0.07925229921483157,0.004346580374407716,-0.09013118890064764,-0.018713661427476103,true,true,supported,supported
200,52,6,-0.0985225345501255,-0.006603807131275952,-0.1121632868884026,-0.023512653366313363,true,true,supported,supported
200,52,7,-0.12027604074140175,-0.0183894539938112,-0.13399646036816137,-0.028363255966455614,true,true,supported,supported
200,52,8,-0.14432330357127465,-0.019937359450485803,-0.1556323224851307,-0.03326750608379536,true,true,supported,supported
200,52,9,-0.1740001503453369,-0.04191799996804557,-0.17707012754902263,-0.03822704077541306,true,true,supported,supported
200,52,10,-0.18348105234961165,-0.03709443191080075,-0.19831012895115097,-0.04324382565070417,true,true,supported,supported
200,52,11,-0.2225039235155144,-0.049323025065211024,-0.2193529060667695,-0.048319987960583344,true,true,supported,supported
200,52,12,-0.22984208251067229,-0.06385981038511901,-0.24019989567012046,-0.05345805193997821,true,true,supported,supported
200,52,13,-0.2509984636387006,-0.04607867920566622,-0.26084922894230167,-0.058659794241044616,true,true,supported,supported
200,52,14,-0.2783396503149461,-0.056461448626691446,-0.2813010569091132,-0.06392768336883092,true,true,supported,supported
200,52,15,-0.3098047987418726,-0.06928821964086451,-0.30155597406893997,-0.06926441897520075,true,true,supported,supported
200,53,1,0.0,0.0,0.0,0.0,true,true,supported,supported
200,53,2,-0.017896120459721887,0.003895525854335502,-0.022834405935228896,-0.004609178441481565,true,true,supported,supported
200,53,3,-0.06361606448838486,-0.036129059887536785,-0.04546743062120617,-0.009263535895236208,true,true,supported,supported
200,53,4,-0.09848873352902354,-0.0018271722055325235,-0.06789901947459309,-0.01396439853007514,true,true,supported,supported
200,53,5,-0.09247749581282838,-0.001365287897542089,-0.09013118890064764,-0.018713661427476103,true,true,supported,supported
200,53,6,-0.10494186241507286,-0.0009973810188455001,-0.1121632868884026,-0.023512653366313363,true,true,supported,supported
200,53,7,-0.1479929106309822,-0.02672544101851626,-0.13399646036816137,-0.028363255966455614,true,true,supported,supported
200,53,8,-0.16838669780912396,-0.021789827404683382,-0.1556323224851307,-0.03326750608379536,true,true,supported,supported
200,53,9,-0.19187737462830157,-0.021416098701390607,-0.17707012754902263,-0.03822704077541306,true,true,supported,supported
200,53,10,-0.20651723849005887,-0.03196568968642943,-0.19831012895115097,-0.04324382565070417,true,true,supported,supported
200,53,11,-0.23719477077355144,-0.03804118437635262,-0.2193529060667695,-0.048319987960583344,true,true,supported,supported
200,53,12,-0.2536430463078049,-0.04750228461100614,-0.24019989567012046,-0.05345805193997821,true,true,supported,supported
200,53,13,-0.2514300115268552,-0.039355511095773066,-0.26084922894230167,-0.058659794241044616,true,true,supported,supported
200,53,14,-0.30429964482591054,-0.07474915041748365,-0.2813010569091132,-0.06392768336883092,true,true,supported,supported
200,53,15,-0.3194272654412431,-0.07110931786599128,-0.30155597406893997,-0.06926441897520075,true,true,supported,supported
200,54,1,0.0,0.0,0.0,0.0,true,true,supported,supported
200,54,2,-0.04484275507719626,-0.020793095244333815,-0.022834405935228896,-0.004609178441481565,true,true,supported,supported
200,54,3,-0.05028427945203795,0.003066350281665353,-0.04546743062120617,-0.009263535895236208,true,true,supported,supported
200,54,4,-0.07341145993823561,-0.033635707244026536,-0.06789901947459309,-0.01396439853007514,true,true,supported,supported
200,54,5,-0.07811024640895281,-0.022252797940817026,-0.09013118890064764,-0.018713661427476103,true,true,supported,supported
200,54,6,-0.12388468050962087,-0.044595638388316705,-0.1121632868884026,-0.023512653366313363,true,true,supported,supported
200,54,7,-0.11480839346302019,-0.026360418588773027,-0.13399646036816137,-0.028363255966455614,true,true,supported,supported
200,54,8,-0.15429518287993105,-0.04067771101307094,-0.1556323224851307,-0.03326750608379536,true,true,supported,supported
200,54,9,-0.17186335453880563,-0.03614961273264827,-0.17707012754902263,-0.03822704077541306,true,true,supported,supported
200,54,10,-0.22215087722918203,-0.07750834588474653,-0.19831012895115097,-0.04324382565070417,true,true,supported,supported
200,54,11,-0.20168186985738434,-0.050500271188545054,-0.2193529060667695,-0.048319987960583344,true,true,supported,supported
200,54,12,-0.23715028849780595,-0.07986921114796708,-0.24019989567012046,-0.05345805193997821,true,true,supported,supported
200,54,13,-0.2492061235082499,-0.05946927128172119,-0.26084922894230167,-0.058659794241044616,true,true,supported,supported
200,54,14,-0.27550105198742514,-0.07868195428302338,-0.2813010569091132,-0.06392768336883092,true,true,supported,supported
200,54,15,-0.30529887741734174,-0.07732060325489709,-0.30155597406893997,-0.06926441897520075,true,true,supported,supported
200,55,1,0.0,0.0,0.0,0.0,true,true,supported,supported
200,55,2,-0.019703773942034264,-0.015239109607708912,-0.022834405935228896,-0.004609178441481565,true,true,supported,supported
200,55,3,-0.03572719640792621,-0.029819720049892084,-0.04546743062120617,-0.009263535895236208,true,true,supported,supported
200,55,4,-0.07320520933774188,-0.02522592102323462,-0.06789901947459309,-0.01396439853007514,true,true,supported,supported
200,55,5,-0.08192962523896086,-0.01694864358254089,-0.09013118890064764,-0.018713661427476103,true,true,supported,supported
200,55,6,-0.07011072222057324,0.00983359681214302,-0.1121632868884026,-0.023512653366313363,true,true,supported,supported
200,55,7,-0.1097913232240818,-0.013157165472565069,-0.13399646036816137,-0.028363255966455614,true,true,supported,supported
200,55,8,-0.14290050844021696,-0.03472957737757576,-0.1556323224851307,-0.03326750608379536,true,true,supported,supported
200,55,9,-0.18633533114054202,-0.028921546869293824,-0.17707012754902263,-0.03822704077541306,true,true,supported,supported
200,55,10,-0.19600165017410942,-0.035140278581910156,-0.19831012895115097,-0.04324382565070417,true,true,supported,supported
200,55,11,-0.2119533158535004,-0.058581185858393,-0.2193529060667695,-0.048319987960583344,true,true,supported,supported
200,55,12,-0.23671823578015028,-0.07228744627226613,-0.24019989567012046,-0.05345805193997821,true,true,supported,supported
200,55,13,-0.2356287034281661,-0.03559287639854247,-0.26084922894230167,-0.058659794241044616,true,true,supported,supported
200,55,14,-0.26332421721151533,-0.05932646369033179,-0.2813010569091132,-0.06392768336883092,true,true,supported,supported
200,55,15,-0.3078827237324433,-0.0841182681187912,-0.30155597406893997,-0.06926441897520075,true,true,supported,supported
200,56,1,0.0,0.0,0.0,0.0,true,true,supported,supported
200,56,2,-0.021982760047303818,-0.002819242353843787,-0.022834405935228896,-0.004609178441481565,true,true,supported,supported
200,56,3,-0.02544117828988146,-0.032737567258095845,-0.04546743062120617,-0.009263535895236208,true,true,supported,supported
200,56,4,-0.06462010460335388,-0.02394914421610883,-0.06789901947459309,-0.01396439853007514,true,true,supported,supported
200,56,5,-0.07615931173134305,-0.027151198600231408,-0.09013118890064764,-0.018713661427476103,true,true,supported,supported
200,56,6,-0.12325187226318135,-0.040839735456511095,-0.1121632868884026,-0.023512653366313363,true,true,supported,supported
200,56,7,-0.12232853584368997,-0.037092674515300406,-0.13399646036816137,-0.028363255966455614,true,true,supported,supported
200,56,8,-0.1423475799021492,-0.03951523259233369,-0.1556323224851307,-0.03326750608379536,true,true,supported,supported
200,56,9,-0.16077287502125193,-0.023606980960727886,-0.17707012754902263,-0.03822704077541306,true,true,supported,supported
200,56,10,-0.1895762578128456,-0.06413077862249206,-0.19831012895115097,-0.04324382565070417,true,true,supported,supported
200,56,11,-0.21454176689202387,-0.06825085822361332,-0.2193529060667695,-0.048319987960583344,true,true,supported,supported
200,56,12,-0.23193416614250983,-0.06273424891677859,-0.24019989567012046,-0.05345805193997821,true,true,supported,supported
200,56,13,-0.2360649785772715,-0.06909043325803899,-0.26084922894230167,-0.058659794241044616,true,true,supported,supported
200,56,14,-0.2721064620837673,-0.09312414246793255,-0.2813010569091132,-0.06392768336883092,true,true,supported,supported
200,56,15,-0.28964080614989274,-0.07263144063283888,-0.30155597406893997,-0.06926441897520075,true,true,supported,supported
200,57,1,0.0,0.0,0.0,0.0,true,true,supported,supported
200,57,2,-0.06184649420030375,-0.014901805368056076,-0.022834405935228896,-0.004609178441481565,true,true,supported,supported
200,57,3,-0.07295600425905169,-0.03657992590013315,-0.04546743062120617,-0.009263535895236208,true,true,supported,supported
200,57,4,-0.0874760341831976,-0.05471339473714931,-0.06789901947459309,-0.01396439853007514,true,true,supported,supported
200,57,5,-0.10951642087917068,-0.025660466592989928,-0.09013118890064764,-0.018713661427476103,true,true,supported,supported
200,57,6,-0.10788280497250902,-0.04946252955431929,-0.1121632868884026,-0.023512653366313363,true,true,supported,supported
200,57,7,-0.13727483621741265,-0.047910015604048395,-0.13399646036816137,-0.028363255966455614,true,true,supported,supported
200,57,8,-0.1595784350513172,-0.02702719464608061,-0.1556323224851307,-0.03326750608379536,true,true,supported,supported
200,57,9,-0.19411465585873888,-0.07539911202448046,-0.17707012754902263,-0.03822704077541306,true,true,supported,supported
200,57,10,-0.19716983914834796,-0.032603695424975654,-0.19831012895115097,-0.04324382565070417,true,true,supported,supported
200,57,11,-0.23630841788439128,-0.052128224975632076,-0.2193529060667695,-0.048319987960583344,true,true,supported,supported
200,57,12,-0.2489502646158145,-0.07935071229753976,-0.24019989567012046,-0.05345805193997821,true,true,supported,supported
200,57,13,-0.26989008036310036,-0.05071149778133299,-0.26084922894230167,-0.058659794241044616,true,true,supported,supported
200,57,14,-0.2830297691892476,-0.04332504415942284,-0.2813010569091132,-0.06392768336883092,true,true,supported,supported
200,57,15,-0.29767783766945,-0.06354019780096132,-0.30155597406893997,-0.06926441897520075,true,true,supported,supported
200,58,1,0.0,0.0,0.0,0.0,true,true,supported,supported
200,58,2,-0.013501127983127303,-0.010150043270632292,-0.022834405935228896,-0.004609178441481565,true,true,supported,supported
200,58,3,-0.030344459204246443,0.009426780122905098,-0.04546743062120617,-0.009263535895236208,true,true,supported,supported
200,58,4,-0.06521543512727745,-0.013157947076786636,-0.06789901947459309,-0.01396439853007514,true,true,supported,supported
200,58,5,-0.07666991092317399,0.006372161317738323,-0.09013118890064764,-0.018713661427476103,true,true,supported,supported
200,58,6,-0.12153659204788647,0.0007157159540280844,-0.1121632868884026,-0.023512653366313363,true,true,supported,supported
200,58,7,-0.136561360854199,-0.02959344442636891,-0.13399646036816137,-0.028363255966455614,true,true,supported,supported
200,58,8,-0.14578218403691856,-0.016576873533964642,-0.1556323224851307,-0.03326750608379536,true,true,supported,supported
200,58,9,-0.14517675307318045,-0.03024769287216611,-0.17707012754902263,-0.03822704077541306,true,true,supported,supported
200,58,10,-0.179322833886009,-0.02607245823272264,-0.19831012895115097,-0.04324382565070417,true,true,supported,supported
200,58,11,-0.200202066728686,-0.03335813959935019,-0.2193529060667695,-0.048319987960583344,true,true,supported,supported
200,58,12,-0.2554777747695671,-0.05334712455694213,-0.24019989567012046,-0.05345805193997821,true,true,supported,supported
200,58,13,-0.2715523570347508,-0.0403527590554601,-0.26084922894230167,-0.058659794241044616,true,true,supported,supported
200,58,14,-0.2623067491908687,-0.0524255595388764,-0.2813010569091132,-0.06392768336883092,true,true,supported,supported
200,58,15,-0.2900609743932212,-0.03630993690991369,-0.30155597406893997,-0.06926441897520075,true,true,supported,supported
200,59,1,0.0,0.0,0.0,0.0,true,true,supported,supported
200,59,2,-0.015155260121784031,0.0008490677704972027,-0.022834405935228896,-0.004609178441481565,true,true,supported,supported
200,59,3,-0.02105705780808098,0.006252547515739337,-0.04546743062120617,-0.009263535895236208,true,true,supported,supported
200,59,4,-0.07082646899274714,-0.02827209658438634,-0.06789901947459309,-0.01396439853007514,true,true,supported,supported
200,59,5,-0.08795157478389859,0.0038166604090461576,-0.09013118890064764,-0.018713661427476103,true,true,supported,supported
200,59,6,-0.11201657850700675,-0.027445545587157505,-0.1121632868884026,-0.023512653366313363,true,true,supported,supported
200,59,7,-0.15173444957113358,-0.008338082050344586,-0.13399646036816137,-0.028363255966455614,true,true,supported,supported
200,59,8,-0.1652728430585657,-0.030371894087216078,-0.1556323224851307,-0.03326750608379536,true,true,supported,supported
200,59,9,-0.1842866460738538,-0.03880870846148621,-0.17707012754902263,-0.03822704077541306,true,true,supported,supported
200,59,10,-0.1856159079558124,-0.04344077794199508,-0.19831012895115097,-0.04324382565070417,true,true,supported,supported
200,59,11,-0.22980737379490013,-0.043160498138893,-0.2193529060667695,-0.048319987960583344,true,true,supported,supported
200,59,12,-0.2514890424346349,-0.04212145465742512,-0.24019989567012046,-0.05345805193997821,true,true,supported,supported
200,59,13,-0.2407086800199455,-0.03797282644635769,-0.26084922894230167,-0.058659794241044616,true,true,supported,supported
200,59,14,-0.2890375273792841,-0.09351708499639022,-0.2813010569091132,-0.06392768336883092,true,true,supported,supported
200,59,15,-0.30007423583225235,-0.06766306751554363,-0.30155597406893997,-0.06926441897520075,true,true,supported,supported
200,60,1,0.0,0.0,0.0,0.0,true,true,supported,supported
200,60,2,-0.05420198149289146,-0.016947012719420562,-0.022834405935228896,-0.004609178441481565,true,true,supported,supported
200,60,3,-0.046298791677965134,0.014862174302956221,-0.04546743062120617,-0.009263535895236208,true,true,supported,supported
200,60,4,-0.06913073219141253,0.008174487732331981,-0.06789901947459309,-0.01396439853007514,true,true,supported,supported
200,60,5,-0.08544356965907196,-0.008645967962608192,-0.09013118890064764,-0.018713661427476103,true,true,supported,supported
200,60,6,-0.14107055706305116,-0.03200260702933222,-0.1121632868884026,-0.023512653366313363,true,true,supported,supported
200,60,7,-0.14524813186095553,-0.04083640612274708,-0.13399646036816137,-0.028363255966455614,true,true,supported,supported
200,60,8,-0.18519912598259036,-0.021219868938519904,-0.1556323224851307,-0.03326750608379536,true,true,supported,supported
200,60,9,-0.18082724889294788,-0.0322385059398862,-0.17707012754902263,-0.03822704077541306,true,true,supported,supported
200,60,10,-0.1949485249157651,-0.030758039853525987,-0.19831012895115097,-0.04324382565070417,true,true,supported,supported
200,60,11,-0.23008182214969142,-0.0407715237210714,-0.2193529060667695,-0.048319987960583344,true,true,supported,supported
200,60,12,-0.25656350510793746,-0.0751463724239344,-0.24019989567012046,-0.05345805193997821,true,true,supported,supported
200,60,13,-0.28034277065199964,-0.056995967502423084,-0.26084922894230167,-0.058659794241044616,true,true,supported,supported
200,60,14,-0.29976120298436193,-0.06547804713764893,-0.2813010569091132,-0.06392768336883092,true,true,supported,supported
200,60,15,-0.31655822678119405,-0.08103431386225024,-0.30155597406893997,-0.06926441897520075,true,true,supported,supported
200,61,1,0.0,0.0,0.0,0.0,true,true,supported,supported
200,61,2,-0.02461349574187799,-0.015241214156268335,-0.022834405935228896,-0.004609178441481565,true,true,supported,supported
200,61,3,-0.056456204520200504,-0.0016982045444682292,-0.04546743062120617,-0.009263535895236208,true,true,supported,supported
200,61,4,-0.10485708419654483,-0.03992276338503464,-0.06789901947459309,-0.01396439853007514,true,true,supported,supported
200,61,5,-0.11612190175189807,-0.02692582732459603,-0.09013118890064764,-0.018713661427476103,true,true,supported,supported
200,61,6,-0.1316379095656418,-0.03195094177013613,-0.1121632868884026,-0.023512653366313363,true,true,supported,supported
200,61,7,-0.1569449023318248,-0.03090030780392594,-0.13399646036816137,-0.028363255966455614,true,true,supported,supported
200,61,8,-0.18318032347351298,-0.03926757915249346,-0.1556323224851307,-0.03326750608379536,true,true,supported,supported
200,61,9,-0.17184499344155435,-0.04722127191943437,-0.17707012754902263,-0.03822704077541306,true,true,supported,supported
200,61,10,-0.22748879488462193,-0.036219868098445906,-0.19831012895115097,-0.04324382565070417,true,true,supported,supported
200,61,11,-0.22822287725447554,-0.03977911648962651,-0.2193529060667695,-0.048319987960583344,true,true,supported,supported
200,61,12,-0.26259351410911314,-0.04315798937840243,-0.24019989567012046,-0.05345805193997821,true,true,supported,supported
200,61,13,-0.2801106292731843,-0.08998416517753649,-0.26084922894230167,-0.058659794241044616,true,true,supported,supported
200,61,14,-0.31889082426008053,-0.10421347239250633,-0.2813010569091132,-0.06392768336883092,true,true,supported,supported
200,61,15,-0.32717909058900163,-0.08110590816864593,-0.30155597406893997,-0.06926441897520075,true,true,supported,supported
200,62,1,0.0,0.0,0.0,0.0,true,true,supported,supported
200,62,2,-0.0360475377416134,0.0028622447045534294,-0.022834405935228896,-0.004609178441481565,true,true,supported,supported
200,62,3,-0.03959963259143462,-0.009861056114856881,-0.04546743062120617,-0.009263535895236208,true,true,supported,supported
200,62,4,-0.09081576393699253,-0.04040555932390755,-0.06789901947459309,-0.01396439853007514,true,true,supported,supported
200,62,5,-0.09259311495651501,-0.0077368839006511925,-0.09013118890064764,-0.018713661427476103,true,true,supported,supported
200,62,6,-0.12466389910667663,-0.002969522908758515,-0.1121632868884026,-0.023512653366313363,true,true,supported,supported
200,62,7,-0.1531499657529689,-0.0446193638188358,-0.13399646036816137,-0.028363255966455614,true,true,supported,supported
200,62,8,-0.19032776153846698,-0.062432636818987475,-0.1556323224851307,-0.03326750608379536,true,true,supported,supported
200,62,9,-0.20274989956522615,-0.0640931796945109,-0.17707012754902263,-0.03822704077541306,true,true,supported,supported
200,62,10,-0.21270998983509148,-0.05385289061780152,-0.19831012895115097,-0.04324382565070417,true,true,supported,supported
200,62,11,-0.2530372245381306,-0.08845635842218924,-0.2193529060667695,-0.048319987960583344,true,true,supported,supported
200,62,12,-0.25053923636440445,-0.0552202274156145,-0.24019989567012046,-0.05345805193997821,true,true,supported,supported
200,62,13,-0.2727763678197479,-0.04429698347024846,-0.26084922894230167,-0.058659794241044616,true,true,supported,supported
200,62,14,-0.2835031116214569,-0.05168898839189617,-0.2813010569091132,-0.06392768336883092,true,true,supported,supported
200,62,15,-0.33953928579488235,-0.0903586826513928,-0.30155597406893997,-0.06926441897520075,true,true,supported,supported
200,63,1,0.0,0.0,0.0,0.0,true,true,supported,supported
200,63,2,-0.022321675117298323,-0.0010351221689053336,-0.022834405935228896,-0.004609178441481565,true,true,supported,supported
200,63,3,-0.07496611622855254,-0.006682377011869689,-0.04546743062120617,-0.009263535895236208,true,true,supported,supported
200,63,4,-0.07968459824828233,-0.018516417290371234,-0.06789901947459309,-0.01396439853007514,true,true,supported,supported
200,63,5,-0.08537740580041875,-0.011935209678178627,-0.09013118890064764,-0.018713661427476103,true,true,supported,supported
200,63,6,-0.1352704271211328,-0.04283749367356782,-0.1121632868884026,-0.023512653366313363,true,true,supported,supported
200,63,7,-0.11964559775377659,-0.026952602148850313,-0.13399646036816137,-0.028363255966455614,true,true,supported,supported
200,63,8,-0.16401288652616408,-0.04019634726524235,-0.1556323224851307,-0.03326750608379536,true,true,supported,supported
200,63,9,-0.17847760312824745,-0.04310539716415718,-0.17707012754902263,-0.03822704077541306,true,true,supported,supported
200,63,10,-0.19517804928671878,-0.04076588746498366,-0.19831012895115097,-0.04324382565070417,true,true,supported,supported
200,63,11,-0.22730805961743739,-0.04443229554938943,-0.2193529060667695,-0.048319987960583344,true,true,supported,supported
200,63,12,-0.2426230313508354,-0.06897870092693215,-0.24019989567012046,-0.05345805193997821,true,true,supported,supported
200,63,13,-0.27315437066439674,-0.06507288074721196,-0.26084922894230167,-0.058659794241044616,true,true,supported,supported
200,63,14,-0.2651968373678475,-0.054181411690523595,-0.2813010569091132,-0.06392768336883092,true,true,supported,supported
200,63,15,-0.28326799817590265,-0.05149428898460584,-0.30155597406893997,-0.06926441897520075,true,true,supported,supported
250,0,1,0.0,0.0,0.0,0.0,true,true,supported,supported
250,0,2,-0.02558280526470591,-0.007968593840056104,-0.0285113990229805,-0.005768449218922389,true,true,supported,supported
250,0,3,-0.05823682571012112,0.0026034426942084243,-0.056708336970759055,-0.011608053053717593,true,true,supported,supported
250,0,4,-0.06805173516559582,-0.01813086906446104,-0.08459193951108257,-0.0175217503731524,true,true,supported,supported
250,0,5,-0.10957715032315729,-0.03833815779966765,-0.1121632868884026,-0.023512653366313363,true,true,supported,supported
250,0,6,-0.12916575848533107,-0.0052548246193472314,-0.13942376036279658,-0.02958418090686943,true,true,supported,supported
250,0,7,-0.1793384607912003,-0.05279660977507272,-0.16637602355004444,-0.03574024009935106,true,true,supported,supported
250,0,8,-0.21164538518155618,-0.03753433115866833,-0.1930186307839873,-0.04198413694927905,true,true,supported,supported
250,0,9,-0.2264912809811085,-0.06384739430851294,-0.2193529060667695,-0.048319987960583344,true,true,supported,supported
250,0,10,-0.24375783372510273,-0.06484448326232894,-0.24538079095203413,-0.05475243016544917,true,true,supported,supported
250,0,11,-0.28586035955359534,-0.06353766913547021,-0.271099807261582,-0.061285314314421635,true,true,supported,supported
250,0,12,-0.2782742756740243,-0.06920158414526612,-0.2965104096796656,-0.06792355157522534,true,true,supported,supported
250,0,13,-0.3059056404723359,-0.08507495756841199,-0.3216144620745859,-0.07467283963748694,true,true,supported,supported
250,0,14,-0.3525371010755526,-0.07502252084721728,-0.34640916299211677,-0.08153800377598464,true,true,supported,supported
250,0,15,-0.38287480888154257,-0.10649196918915516,-0.3708921017696264,-0.08852443306015578,true,true,supported,supported
250,1,1,0.0,0.0,0.0,0.0,true,true,supported,supported
250,1,2,-0.013027846829650525,0.014880030739407024,-0.0285113990229805,-0.005768449218922389,true,true,supported,supported
250,1,3,-0.04636841750404164,-0.0131209450949471,-0.056708336970759055,-0.011608053053717593,true,true,supported,supported
250,1,4,-0.07120182213856552,0.0068903548507978085,-0.08459193951108257,-0.0175217503731524,true,true,supported,supported
250,1,5,-0.10206191086163385,-0.02074362552909248,-0.1121632868884026,-0.023512653366313363,true,true,supported,supported
250,1,6,-0.14410309549458855,-0.026486096810504844,-0.13942376036279658,-0.02958418090686943,true,true,supported,supported
250,1,7,-0.1430514530976944,0.012094594296168881,-0.16637602355004444,-0.03574024009935106,true,true,supported,supported
250,1,8,-0.18391201045629157,0.0005456139473762889,-0.1930186307839873,-0.04198413694927905,true,true,supported,supported
250,1,9,-0.21329549459269515,-0.0298042743119995,-0.2193529060667695,-0.048319987960583344,true,true,supported,supported
250,1,10,-0.22217347982599478,-0.014776611977948106,-0.24538079095203413,-0.05475243016544917,true,true,supported,supported
250,1,11,-0.2634321788094178,-0.056356493858313206,-0.271099807261582,-0.061285314314421635,true,true,supported,supported
250,1,12,-0.29769747050944495,-0.07101110711034553,-0.2965104096796656,-0.06792355157522534,true,true,supported,supported
250,1,13,-0.32748582365966916,-0.0707132614001802,-0.3216144620745859,-0.07467283963748694,true,true,supported,supported
250,1,14,-0.3454254666269996,-0.08003022748141297,-0.34640916299211677,-0.08153800377598464,true,true,supported,supported
250,1,15,-0.35764437664414594,-0.08015271271078916,-0.3708921017696264,-0.08852443306015578,true,true,supported,supported
250,2,1,0.0,0.0,0.0,0.0,true,true,supported,supported
250,2,2,-0.039731854343826756,-0.003191031715669368,-0.0285113990229805,-0.005768449218922389,true,true,supported,supported
250,2,3,-0.08640600982590663,-0.01910667641461783,-0.056708336970759055,-0.011608053053717593,true,true,supported,supported
250,2,4,-0.0919630446819355,-0.01291859800075923,-0.08459193951108257,-0.0175217503731524,true,true,supported,supported
250,2,5,-0.12968733090384787,-0.03660693586049313,-0.1121632868884026,-0.023512653366313363,true,true,supported,supported
250,2,6,-0.14673633094194172,-0.03528759632392586,-0.13942376036279658,-0.02958418090686943,true,true,supported,supported
250,2,7,-0.16546229029401427,-0.038273321851534425,-0.16637602355004444,-0.03574024009935106,true,true,supported,supported
250,2,8,-0.19204872243681748,-0.022330655525873655,-0.1930186307839873,-0.04198413694927905,true,true,supported,supported
250,2,9,-0.22565517643379918,-0.045941986133408275,-0.2193529060667695,-0.048319987960583344,true,true,supported,supported
250,2,10,-0.26455041541868773,-0.05168722179500973,-0.24538079095203413,-0.05475243016544917,true,true,supported,supported
250,2,11,-0.27565033967334496,-0.05440744994517199,-0.271099807261582,-0.061285314314421635,true,true,supported,supported
250,2,12,-0.2833660551183075,-0.06064565917365117,-0.2965104096796656,-0.06792355157522534,true,true,supported,supported
250,2,13,-0.3390019298197001,-0.0611874489452614,-0.3216144620745859,-0.07467283963748694,true,true,supported,supported
250,2,14,-0.34099319625133306,-0.078288082919858,-0.34640916299211677,-0.08153800377598464,true,true,supported,supported
250,2,15,-0.3750393770126229,-0.08453159027085533,-0.3708921017696264,-0.08852443306015578,true,true,supported,supported
250,3,1,0.0,0.0,0.0,0.0,true,true,supported,supported
250,3,2,-0.031045795397831588,-0.024557279274949995,-0.0285113990229805,-0.005768449218922389,true,true,supported,supported
250,3,3,-0.023518468403698867,-0.030104129271924407,-0.056708336970759055,-0.011608053053717593,true,true,supported,supported
250,3,4,-0.06540758493796539,-0.02286139831156231,-0.08459193951108257,-0.0175217503731524,true,true,supported,supported
250,3,5,-0.10266418550990852,-0.02926353871726195,-0.1121632868884026,-0.023512653366313363,true,true,supported,supported
250,3,6,-0.1235295617025044,-0.05645961628700058,-0.13942376036279658,-0.02958418090686943,true,true,supported,supported
250,3,7,-0.1500126709294588,-0.05039117522974923,-0.16637602355004444,-0.03574024009935106,true,true,supported,supported
250,3,8,-0.1768546566026783,-0.045134910700385555,-0.1930186307839873,-0.04198413694927905,true,true,supported,supported
250,3,9,-0.22061595302107717,-0.07958793436334044,-0.2193529060667695,-0.048319987960583344,true,true,supported,supported
250,3,10,-0.2220718497803328,-0.06874391132719537,-0.24538079095203413,-0.05475243016544917,true,true,supported,supported
250,3,11,-0.2578589811084706,-0.07410640025456428,-0.271099807261582,-0.061285314314421635,true,true,supported,supported
250,3,12,-0.2883576373609976,-0.07162777696600076,-0.2965104096796656,-0.06792355157522534,true,true,supported,supported
250,3,13,-0.3300912600680803,-0.09353626628944656,-0.3216144620745859,-0.07467283963748694,true,true,supported,supported
250,3,14,-0.33794723843172425,-0.0895655919106847,-0.34640916299211677,-0.08153800377598464,true,true,supported,supported
250,3,15,-0.3664642479746796,-0.11333560295273781,-0.3708921017696264,-0.08852443306015578,true,true,supported,supported
250,4,1,0.0,0.0,0.0,0.0,true,true,supported,supported
250,4,2,-0.018224847069618466,-0.013626263104342451,-0.0285113990229805,-0.005768449218922389,true,true,supported,supported
250,4,3,-0.0831476829283142,-0.025687875532574345,-0.056708336970759055,-0.011608053053717593,true,true,supported,supported
250,4,4,-0.10019135713855187,-0.025685953436333286,-0.08459193951108257,-0.0175217503731524,true,true,supported,supported
250,4,5,-0.11838704397467747,-0.04295774614717929,-0.1121632868884026,-0.023512653366313363,true,true,supported,supported
250,4,6,-0.15856766384244736,-0.0426540802127473,-0.13942376036279658,-0.02958418090686943,true,true,supported,supported
250,4,7,-0.16488852435066603,-0.020413473030500007,-0.16637602355004444,-0.03574024009935106,true,true,supported,supported
250,4,8,-0.20732526919879157,-0.06637703797048977,-0.1930186307839873,-0.04198413694927905,true,true,supported,supported
250,4,9,-0.22672829824019092,-0.040909246164615776,-0.2193529060667695,-0.048319987960583344,true,true,supported,supported
250,4,10,-0.2372177568135876,-0.05390373872711052,-0.24538079095203413,-0.05475243016544917,true,true,supported,supported
250,4,11,-0.2886983912522083,-0.08564167153925994,-0.271099807261582,-0.061285314314421635,true,true,supported,supported
250,4,12,-0.289409721829876,-0.08030581181038454,-0.2965104096796656,-0.06792355157522534,true,true,supported,supported
250,4,13,-0.3385404352299396,-0.10011694687709238,-0.3216144620745859,-0.07467283963748694,true,true,supported,supported
250,4,14,-0.34478384311498345,-0.10646140079202793,-0.34640916299211677,-0.08153800377598464,true,true,supported,supported
250,4,15,-0.38587751173860063,-0.10730213534257582,-0.3708921017696264,-0.08852443306015578,true,true,supported,supported
250,5,1,0.0,0.0,0.0,0.0,true,true,supported,supported
250,5,2,-0.04238868060942147,0.000614847655021844,-0.0285113990229805,-0.005768449218922389,true,true,supported,supported
250,5,3,-0.06856015359771983,-0.011757067020243372,-0.056708336970759055,-0.011608053053717593,true,true,supported,supported
250,5,4,-0.09796953479064108,-0.023788461880535516,-0.08459193951108257,-0.0175217503731524,true,true,supported,supported
250,5,5,-0.1216930296389025,-0.004018670473252439,-0.1121632868884026,-0.023512653366313363,true,true,supported,supported
250,5,6,-0.15155485813184288,0.003854650564022455,-0.13942376036279658,-0.02958418090686943,true,true,supported,supported
250,5,7,-0.19648918665518733,-0.04166017954556167,-0.16637602355004444,-0.03574024009935106,true,true,supported,supported
250,5,8,-0.21511916703078293,-0.04336399524769985,-0.1930186307839873,-0.04198413694927905,true,true,supported,supported
250,5,9,-0.24412362744856675,-0.02885090269371815,-0.2193529060667695,-0.048319987960583344,true,true,supported,supported
250,5,10,-0.27469916205102707,-0.04795992572788477,-0.24538079095203413,-0.05475243016544917,true,true,supported,supported
250,5,11,-0.29925838362921986,-0.08308709142183479,-0.271099807261582,-0.061285314314421635,true,true,supported,supported
250,5,12,-0.3137968510772928,-0.07727733839816575,-0.2965104096796656,-0.06792355157522534,true,true,supported,supported
250,5,13,-0.34047962460701653,-0.06654629743053231,-0.3216144620745859,-0.07467283963748694,true,true,supported,supported
250,5,14,-0.3785532460660369,-0.09870039925870477,-0.34640916299211677,-0.08153800377598464,true,true,supported,supported
250,5,15,-0.40057803651706925,-0.0900810465822226,-0.3708921017696264,-0.08852443306015578,true,true,supported,supported
250,6,1,0.0,0.0,0.0,0.0,true,true,supported,supported
250,6,2,-0.03904142637692132,-0.007137018897712011,-0.0285113990229805,-0.005768449218922389,true,true,supported,supported
250,6,3,-0.09264305026506603,-0.027422726477107306,-0.056708336970759055,-0.011608053053717593,true,true,supported,supported
250,6,4,-0.09411677353330594,-0.03880347212218338,-0.08459193951108257,-0.0175217503731524,true,true,supported,supported
250,6,5,-0.11870686124819751,-0.017580661707055856,-0.1121632868884026,-0.023512653366313363,true,true,supported,supported
250,6,6,-0.11912429675804703,-0.031264058055615385,-0.13942376036279658,-0.02958418090686943,true,true,supported,supported
250,6,7,-0.16534443536460752,-0.04330955897853972,-0.16637602355004444,-0.03574024009935106,true,true,supported,supported
250,6,8,-0.1974373302922765,-0.06656500791399089,-0.1930186307839873,-0.04198413694927905,true,true,supported,supported
250,6,9,-0.2328473750556922,-0.06886282689030376,-0.2193529060667695,-0.048319987960583344,true,true,supported,supported
250,6,10,-0.2596289787019491,-0.08165268579261453,-0.24538079095203413,-0.05475243016544917,true,true,supported,supported
250,6,11,-0.29235252520523247,-0.07936454843077623,-0.271099807261582,-0.061285314314421635,true,true,supported,supported
250,6,12,-0.2925186029891781,-0.07619503403293115,-0.2965104096796656,-0.06792355157522534,true,true,supported,supported
250,6,13,-0.3439093102286951,-0.09436519014582956,-0.3216144620745859,-0.07467283963748694,true,true,supported,supported
250,6,14,-0.3786495577815173,-0.09002464226811657,-0.34640916299211677,-0.08153800377598464,true,true,supported,supported
250,6,15,-0.3822244685285854,-0.11178482210029383,-0.3708921017696264,-0.08852443306015578,true,true,supported,supported
250,7,1,0.0,0.0,0.0,0.0,true,true,supported,supported
250,7,2,-0.024738920201266446,0.0005627699929104946,-0.0285113990229805,-0.005768449218922389,true,true,supported,supported
250,7,3,-0.03953427331915549,-0.004816022849763346,-0.056708336970759055,-0.011608053053717593,true,true,supported,supported
250,7,4,-0.06072328517665815,-0.010678090517475258,-0.08459193951108257,-0.0175217503731524,true,true,supported,supported
250,7,5,-0.1139132411565047,-0.024170912751990015,-0.1121632868884026,-0.023512653366313363,true,true,supported,supported
250,7,6,-0.13683007881818843,-0.03413489523675617,-0.13942376036279658,-0.02958418090686943,true,true,supported,supported
250,7,7,-0.16232394061298194,-0.05440960730840794,-0.16637602355004444,-0.03574024009935106,true,true,supported,supported
250,7,8,-0.19165686124712467,-0.03969144400038982,-0.1930186307839873,-0.04198413694927905,true,true,supported,supported
250,7,9,-0.2316161019456695,-0.06025215746471391,-0.2193529060667695,-0.048319987960583344,true,true,supported,supported
250,7,10,-0.22665852502431605,-0.03704281918417407,-0.24538079095203413,-0.05475243016544917,true,true,supported,supported
250,7,11,-0.26873739087756987,-0.046988802185073286,-0.271099807261582,-0.061285314314421635,true,true,supported,supported
250,7,12,-0.2920257025111188,-0.07813491574569531,-0.2965104096796656,-0.06792355157522534,true,true,supported,supported
250,7,13,-0.3067871485864957,-0.0557929833161801,-0.3216144620745859,-0.07467283963748694,true,true,supported,supported
250,7,14,-0.3420096542992477,-0.09254730333387184,-0.34640916299211677,-0.08153800377598464,true,true,supported,supported
250,7,15,-0.3717543072649442,-0.0978791383806803,-0.3708921017696264,-0.08852443306015578,true,true,supported,supported
250,8,1,0.0,0.0,0.0,0.0,true,true,supported,supported
250,8,2,-0.034077709943523105,0.0030142488958743163,-0.0285113990229805,-0.005768449218922389,true,true,supported,supported
250,8,3,-0.06882469729676599,0.0038757221416764187,-0.056708336970759055,-0.011608053053717593,true,true,supported,supported
250,8,4,-0.09457612366408241,-0.01241686882099502,-0.08459193951108257,-0.0175217503731524,true,true,supported,supported
250,8,5,-0.11519423698441711,-0.015147952585997548,-0.1121632868884026,-0.023512653366313363,true,true,supported,supported
250,8,6,-0.15344976004220967,-0.02978389800829706,-0.13942376036279658,-0.02958418090686943,true,true,supported,supported
250,8,7,-0.16742571355615943,-0.03584661845976189,-0.16637602355004444,-0.03574024009935106,true,true,supported,supported
250,8,8,-0.21191058185269984,-0.04133366758516532,-0.1930186307839873,-0.04198413694927905,true,true,supported,supported
250,8,9,-0.21466897434738574,-0.04499271452768705,-0.2193529060667695,-0.048319987960583344,true,true,supported,supported
250,8,10,-0.25350432780064713,-0.059160490408686095,-0.24538079095203413,-0.05475243016544917,true,true,supported,supported
250,8,11,-0.2836465756123504,-0.039751474138180254,-0.271099807261582,-0.061285314314421635,true,true,supported,supported
250,8,12,-0.312709608172257,-0.06305808907840682,-0.2965104096796656,-0.06792355157522534,true,true,supported,supported
250,8,13,-0.31976996125724,-0.04936374245101316,-0.3216144620745859,-0.07467283963748694,true,true,supported,supported
250,8,14,-0.3379714828240201,-0.07037671302972393,-0.34640916299211677,-0.08153800377598464,true,true,supported,supported
250,8,15,-0.38930948537161447,-0.09659349181072907,-0.3708921017696264,-0.08852443306015578,true,true,supported,supported
250,9,1,0.0,0.0,0.0,0.0,true,true,supported,supported
250,9,2,-0.04032251170679457,-0.0057887246144541216,-0.0285113990229805,-0.005768449218922389,true,true,supported,supported
250,9,3,-0.05981599007891292,-0.015537132533934073,-0.056708336970759055,-0.011608053053717593,true,true,supported,supported
250,9,4,-0.09970569981729682,-0.04010437476739104,-0.08459193951108257,-0.0175217503731524,true,true,supported,supported
250,9,5,-0.11930167683899107,-0.040099846730589195,-0.1121632868884026,-0.023512653366313363,true,true,supported,supported
250,9,6,-0.1623429677323478,-0.03790818338629509,-0.13942376036279658,-0.02958418090686943,true,true,supported,supported
250,9,7,-0.20177182953124184,-0.04843845472802988,-0.16637602355004444,-0.03574024009935106,true,true,supported,supported
250,9,8,-0.210471017026427,-0.055500486012236006,-0.1930186307839873,-0.04198413694927905,true,true,supported,supported
250,9,9,-0.2491996277577394,-0.08246686766245603,-0.2193529060667695,-0.048319987960583344,true,true,supported,supported
250,9,10,-0.2605093566894644,-0.07566160022925927,-0.24538079095203413,-0.05475243016544917,true,true,supported,supported
250,9,11,-0.29937879201947515,-0.09722920613425623,-0.271099807261582,-0.061285314314421635,true,true,supported,supported
250,9,12,-0.31190817753475275,-0.07240607538677413,-0.2965104096796656,-0.06792355157522534,true,true,supported,supported
250,9,13,-0.33585372732932106,-0.06273920390495291,-0.3216144620745859,-0.07467283963748694,true,true,supported,supported
250,9,14,-0.3624925085527523,-0.09306572682453751,-0.34640916299211677,-0.08153800377598464,true,true,supported,supported
250,9,15,-0.37149334113881005,-0.09366516324493568,-0.3708921017696264,-0.08852443306015578,true,true,supported,supported
250,10,1,0.0,0.0,0.0,0.0,true,true,supported,supported
250,10,2,-0.024935494659457658,0.0150953038954601,-0.0285113990229805,-0.005768449218922389,true,true,supported,supported
250,10,3,-0.04899252880140936,-0.005944754514888184,-0.056708336970759055,-0.011608053053717593,true,true,supported,supported
250,10,4,-0.0725515097245435,0.010617199720724613,-0.08459193951108257,-0.0175217503731524,true,true,supported,supported
250,10,5,-0.11706187140149338,-0.004185218410432845,-0.1121632868884026,-0.023512653366313363,true,true,supported,supported
250,10,6,-0.15063357281597556,-0.02181514192306888,-0.13942376036279658,-0.02958418090686943,true,true,supported,supported
250,10,7,-0.15798004876417648,-0.015364490440848422,-0.16637602355004444,-0.03574024009935106,true,true,supported,supported
250,10,8,-0.17647536409051068,-0.019170310812553826,-0.1930186307839873,-0.04198413694927905,true,true,supported,supported
250,10,9,-0.20799820130675184,-0.01433937540101049,-0.2193529060667695,-0.048319987960583344,true,true,supported,supported
250,10,10,-0.2672830639943161,-0.05687459059264721,-0.24538079095203413,-0.05475243016544917,true,true,supported,supported
250,10,11,-0.24634452912366878,-0.03093245901531394,-0.271099807261582,-0.061285314314421635,true,true,supported,supported
250,10,12,-0.3110555390138551,-0.0578566392377734,-0.2965104096796656,-0.06792355157522534,true,true,supported,supported
250,10,13,-0.29934278576827866,-0.05333330411581405,-0.3216144620745859,-0.07467283963748694,true,true,supported,supported
250,10,14,-0.3391643832442208,-0.07977135647225009,-0.34640916299211677,-0.08153800377598464,true,true,supported,supported
250,10,15,-0.37685309213423746,-0.06528047402393222,-0.3708921017696264,-0.08852443306015578,true,true,supported,supported
250,11,1,0.0,0.0,0.0,0.0,true,true,supported,supported
250,11,2,-0.06105350448346314,-0.013798518207133958,-0.0285113990229805,-0.005768449218922389,true,true,supported,supported
250,11,3,-0.09464762970263907,-0.028693942067123612,-0.056708336970759055,-0.011608053053717593,true,true,supported,supported
250,11,4,-0.10092210328356199,-0.04041341851996416,-0.08459193951108257,-0.0175217503731524,true,true,supported,supported
250,11,5,-0.14179322703191433,-0.04492282441421935,-0.1121632868884026,-0.023512653366313363,true,true,supported,supported
250,11,6,-0.1478156099339808,-0.036676954610885604,-0.13942376036279658,-0.02958418090686943,true,true,supported,supported
250,11,7,-0.18747772308423505,-0.03899335204797105,-0.16637602355004444,-0.03574024009935106,true,true,supported,supported
250,11,8,-0.2214618897273859,-0.04438943667218287,-0.1930186307839873,-0.04198413694927905,true,true,supported,supported
250,11,9,-0.27247684347461265,-0.05876951802086472,-0.2193529060667695,-0.048319987960583344,true,true,supported,supported
250,11,10,-0.28325266080717104,-0.08168348542755521,-0.24538079095203413,-0.05475243016544917,true,true,supported,supported
250,11,11,-0.28961569784476626,-0.0801949251534253,-0.271099807261582,-0.061285314314421635,true,true,supported,supported
250,11,12,-0.2985628264767911,-0.05161346652839405,-0.2965104096796656,-0.06792355157522534,true,true,supported,supported
250,11,13,-0.34033462769621814,-0.08111121562315171,-0.3216144620745859,-0.07467283963748694,true,true,supported,supported
250,11,14,-0.36374886481994395,-0.09582599520493762,-0.34640916299211677,-0.08153800377598464,true,true,supported,supported
250,11,15,-0.3801873246024926,-0.09180964609574105,-0.3708921017696264,-0.08852443306015578,true,true,supported,supported
250,12,1,0.0,0.0,0.0,0.0,true,true,supported,supported
250,12,2,-0.004238815821968833,0.017882367439043145,-0.0285113990229805,-0.005768449218922389,true,true,supported,supported
250,12,3,-0.03500619286914819,-0.01021822358451474,-0.056708336970759055,-0.011608053053717593,true,true,supported,supported
250,12,4,-0.08234309121190286,-0.005493730375534245,-0.08459193951108257,-0.0175217503731524,true,true,supported,supported
250,12,5,-0.09634956267775618,-0.012275687654624834,-0.1121632868884026,-0.023512653366313363,true,true,supported,supported
250,12,6,-0.11716699433622124,0.00411477736341237,-0.13942376036279658,-0.02958418090686943,true,true,supported,supported
250,12,7,-0.17389722761619864,-0.03868690231773153,-0.16637602355004444,-0.03574024009935106,true,true,supported,supported
250,12,8,-0.18026869022660486,-0.021554062711297894,-0.1930186307839873,-0.04198413694927905,true,true,supported,supported
250,12,9,-0.22247663577430787,-0.058751124009089106,-0.2193529060667695,-0.048319987960583344,true,true,supported,supported
250,12,10,-0.2108387395489536,-0.031845930078255424,-0.24538079095203413,-0.05475243016544917,true,true,supported,supported
250,12,11,-0.24620629696423513,-0.05985575216933048,-0.271099807261582,-0.061285314314421635,true,true,supported,supported
250,12,12,-0.26891597574241644,-0.020866363359346662,-0.2965104096796656,-0.06792355157522534,true,true,supported,supported
250,12,13,-0.3034852948617428,-0.07910926420642461,-0.3216144620745859,-0.07467283963748694,true,true,supported,supported
250,12,14,-0.31717949510087073,-0.04132956699564394,-0.34640916299211677,-0.08153800377598464,true,true,supported,supported
250,12,15,-0.34277153240169234,-0.07125504260006454,-0.3708921017696264,-0.08852443306015578,true,true,supported,supported
250,13,1,0.0,0.0,0.0,0.0,true,true,supported,supported
250,13,2,-0.0230956470503354,0.005317683093242431,-0.0285113990229805,-0.005768449218922389,true,true,supported,supported
250,13,3,-0.08793898628892405,-0.008707084872632498,-0.056708336970759055,-0.011608053053717593,true,true,supported,supported
250,13,4,-0.09837418733202496,-0.03322626410759122,-0.08459193951108257,-0.0175217503731524,true,true,supported,supported
250,13,5,-0.11589529117735653,-0.015091934394844131,-0.1121632868884026,-0.023512653366313363,true,true,supported,supported
250,13,6,-0.1281619804998554,-0.019946252881148374,-0.13942376036279658,-0.02958418090686943,true,true,supported,supported
250,13,7,-0.1777828058659925,-0.032744985619627465,-0.16637602355004444,-0.03574024009935106,true,true,supported,supported
250,13,8,-0.2164842893302198,-0.0454314972050095,-0.1930186307839873,-0.04198413694927905,true,true,supported,supported
250,13,9,-0.2397357789694552,-0.061717451485690966,-0.2193529060667695,-0.048319987960583344,true,true,supported,supported
250,13,10,-0.26068432581268197,-0.06555768098041093,-0.24538079095203413,-0.05475243016544917,true,true,supported,supported
250,13,11,-0.28035898756219024,-0.056338050816961416,-0.271099807261582,-0.061285314314421635,true,true,supported,supported
250,13,12,-0.32341045493925524,-0.08239493705082901,-0.2965104096796656,-0.06792355157522534,true,true,supported,supported
250,13,13,-0.31935040118792524,-0.0691472744253967,-0.3216144620745859,-0.07467283963748694,true,true,supported,supported
250,13,14,-0.3588135637244221,-0.0914151166729873,-0.34640916299211677,-0.08153800377598464,true,true,supported,supported
250,13,15,-0.3809972668098561,-0.09345916823493561,-0.3708921017696264,-0.08852443306015578,true,true,supported,supported
250,14,1,0.0,0.0,0.0,0.0,true,true,supported,supported
250,14,2,0.003796479241309436,0.02301858213069019,-0.0285113990229805,-0.005768449218922389,true,true,supported,supported
250,14,3,-0.03571935781213664,0.029699595782573307,-0.056708336970759055,-0.011608053053717593,true,true,supported,supported
250,14,4,-0.07157822216674004,-0.0032190632887761916,-0.08459193951108257,-0.0175217503731524,true,true,supported,supported
250,14,5,-0.07204069751467967,-0.0012849834166208662,-0.1121632868884026,-0.023512653366313363,true,true,supported,supported
250,14,6,-0.11650376318157785,0.00031442550655469415,-0.13942376036279658,-0.02958418090686943,true,true,supported,supported
250,14,7,-0.1444427293278011,-0.012085684235802363,-0.16637602355004444,-0.03574024009935106,true,true,supported,supported
250,14,8,-0.16981193621326307,-0.01431129280170873,-0.1930186307839873,-0.04198413694927905,true,true,supported,supported
250,14,9,-0.19051170946328566,-0.028680871547164255,-0.2193529060667695,-0.048319987960583344,true,true,supported,supported
250,14,10,-0.20460572878607886,-0.002154085711556619,-0.24538079095203413,-0.05475243016544917,true,true,supported,supported
250,14,11,-0.2405659444088193,-0.032939218454672514,-0.271099807261582,-0.061285314314421635,true,true,supported,supported
250,14,12,-0.3010952173073759,-0.061456894186454725,-0.2965104096796656,-0.06792355157522534,true,true,supported,supported
250,14,13,-0.2929267264173522,-0.06458700703989773,-0.3216144620745859,-0.07467283963748694,true,true,supported,supported
250,14,14,-0.3227860993048278,-0.03434400620009759,-0.34640916299211677,-0.08153800377598464,true,true,supported,supported
250,14,15,-0.3496671438784992,-0.055300407840238264,-0.3708921017696264,-0.08852443306015578,true,true,supported,supported
250,15,1,0.0,0.0,0.0,0.0,true,true,supported,supported
250,15,2,-0.0508831156487467,-0.016436469642520213,-0.0285113990229805,-0.005768449218922389,true,true,supported,supported
250,15,3,-0.09115102356344251,-0.03649390622174409,-0.056708336970759055,-0.011608053053717593,true,true,supported,supported
250,15,4,-0.08762002353970155,-0.0002721887411993862,-0.08459193951108257,-0.0175217503731524,true,true,supported,supported
250,15,5,-0.1243010817626754,-0.02938563354021584,-0.1121632868884026,-0.023512653366313363,true,true,supported,supported
250,15,6,-0.16117126051769182,-0.03253224513726538,-0.13942376036279658,-0.02958418090686943,true,true,supported,supported
250,15,7,-0.186181784673901,-0.05219275036789939,-0.16637602355004444,-0.03574024009935106,true,true,supported,supported
250,15,8,-0.22097955969008387,-0.049349259552413094,-0.1930186307839873,-0.04198413694927905,true,true,supported,supported
250,15,9,-0.23058569206119073,-0.04897726074495312,-0.2193529060667695,-0.048319987960583344,true,true,supported,supported
250,15,10,-0.26441248152907726,-0.06355254797654486,-0.24538079095203413,-0.05475243016544917,true,true,supported,supported
250,15,11,-0.28605032669408526,-0.05986107588535239,-0.271099807261582,-0.061285314314421635,true,true,supported,supported
250,15,12,-0.30897383177093074,-0.0712040746865984,-0.2965104096796656,-0.06792355157522534,true,true,supported,supported
250,15,13,-0.34307976490197545,-0.0760418913929356,-0.3216144620745859,-0.07467283963748694,true,true,supported,supported
250,15,14,-0.35244037955427776,-0.07256133452090019,-0.34640916299211677,-0.08153800377598464,true,true,supported,supported
250,15,15,-0.37671340592844116,-0.0694128577301999,-0.3708921017696264,-0.08852443306015578,true,true,supported,supported
250,16,1,0.0,0.0,0.0,0.0,true,true,supported,supported
250,16,2,-0.030772610990024263,-0.013784077853880028,-0.0285113990229805,-0.005768449218922389,true,true,supported,supported
250,16,3,-0.06970594202136815,-0.042971156684070144,-0.056708336970759055,-0.011608053053717593,true,true,supported,supported
250,16,4,-0.08533950636689658,-0.038418238437437635,-0.08459193951108257,-0.0175217503731524,true,true,supported,supported
250,16,5,-0.11953193885251479,-0.03014421167800574,-0.1121632868884026,-0.023512653366313363,true,true,supported,supported
250,16,6,-0.16084950620050753,-0.04714505374003697,-0.13942376036279658,-0.02958418090686943,true,true,supported,supported
250,16,7,-0.1826323131727482,-0.05632464556774419,-0.16637602355004444,-0.03574024009935106,true,true,supported,supported
250,16,8,-0.19249408189547468,-0.059407092568889985,-0.1930186307839873,-0.04198413694927905,true,true,supported,supported
250,16,9,-0.21144256615283386,-0.0475734010780976,-0.2193529060667695,-0.048319987960583344,true,true,supported,supported
250,16,10,-0.2524448319917105,-0.08214599773926001,-0.24538079095203413,-0.05475243016544917,true,true,supported,supported
250,16,11,-0.2655588181451738,-0.06259599980955222,-0.271099807261582,-0.061285314314421635,true,true,supported,supported
250,16,12,-0.3087362395336737,-0.08493582360137109,-0.2965104096796656,-0.06792355157522534,true,true,supported,supported
250,16,13,-0.34728863725814263,-0.09414926114549194,-0.3216144620745859,-0.07467283963748694,true,true,supported,supported
250,16,14,-0.3673653446106455,-0.09545437757021658,-0.34640916299211677,-0.08153800377598464,true,true,supported,supported
250,16,15,-0.38066228221404386,-0.09684820434688357,-0.3708921017696264,-0.08852443306015578,true,true,supported,supported
250,17,1,0.0,0.0,0.0,0.0,true,true,supported,supported
250,17,2,-0.0016265692190964298,0.011684966452188528,-0.0285113990229805,-0.005768449218922389,true,true,supported,supported
250,17,3,-0.04700436165516564,-0.006169906846299478,-0.056708336970759055,-0.011608053053717593,true,true,supported,supported
250,17,4,-0.09124300109754757,-0.03238272915210616,-0.08459193951108257,-0.0175217503731524,true,true,supported,supported
250,17,5,-0.07602870419053209,-0.014508635803302306,-0.1121632868884026,-0.023512653366313363,true,true,supported,supported
250,17,6,-0.12230748425569404,-0.028797040654883976,-0.13942376036279658,-0.02958418090686943,true,true,supported,supported
250,17,7,-0.15562222119928126,-0.027807774920689088,-0.16637602355004444,-0.03574024009935106,true,true,supported,supported
250,17,8,-0.17854434715376122,-0.06572903315297385,-0.1930186307839873,-0.04198413694927905,true,true,supported,supported
250,17,9,-0.22623257140284614,-0.07030028183026127,-0.2193529060667695,-0.048319987960583344,true,true,supported,supported
250,17,10,-0.2555249373735706,-0.07285711323991373,-0.24538079095203413,-0.05475243016544917,true,true,supported,supported
250,17,11,-0.2389545579827559,-0.0349970717095236,-0.271099807261582,-0.061285314314421635,true,true,supported,supported
250,17,12,-0.2883260638302175,-0.09823953564003463,-0.2965104096796656,-0.06792355157522534,true,true,supported,supported
250,17,13,-0.31756871434953693,-0.08988510680830464,-0.3216144620745859,-0.07467283963748694,true,true,supported,supported
250,17,14,-0.3408835911910004,-0.06849356914366234,-0.34640916299211677,-0.08153800377598464,true,true,supported,supported
250,17,15,-0.378586508505945,-0.07546687056049961,-0.3708921017696264,-0.08852443306015578,true,true,supported,supported
250,18,1,0.0,0.0,0.0,0.0,true,true,supported,supported
250,18,2,-0.072482887907242,-0.03996583545890364,-0.0285113990229805,-0.005768449218922389,true,true,supported,supported
250,18,3,-0.09671450975992568,-0.04300530421443727,-0.056708336970759055,-0.011608053053717593,true,true,supported,supported
250,18,4,-0.11086696644615668,-0.032568952474331336,-0.08459193951108257,-0.0175217503731524,true,true,supported,supported
250,18,5,-0.1446420891959811,-0.03811667243052308,-0.1121632868884026,-0.023512653366313363,true,true,supported,supported
250,18,6,-0.18774037119856857,-0.06274468278051126,-0.13942376036279658,-0.02958418090686943,true,true,supported,supported
250,18,7,-0.19705194804470016,-0.05624801756226416,-0.16637602355004444,-0.03574024009935106,true,true,supported,supported
250,18,8,-0.22363080728097595,-0.07098353599464813,-0.1930186307839873,-0.04198413694927905,true,true,supported,supported
250,18,9,-0.24029622080565083,-0.04972495225769091,-0.2193529060667695,-0.048319987960583344,true,true,supported,supported
250,18,10,-0.2666196591318093,-0.07764694282288165,-0.24538079095203413,-0.05475243016544917,true,true,supported,supported
250,18,11,-0.29477048182841015,-0.08245644054819523,-0.271099807261582,-0.061285314314421635,true,true,supported,supported
250,18,12,-0.3419295866666292,-0.06951427098614271,-0.2965104096796656,-0.06792355157522534,true,true,supported,supported
250,18,13,-0.35036202499325064,-0.10812830567279186,-0.3216144620745859,-0.07467283963748694,true,true,supported,supported
250,18,14,-0.3772197929138632,-0.13374826762545333,-0.34640916299211677,-0.08153800377598464,true,true,supported,supported
250,18,15,-0.3965506242898045,-0.0850590681687361,-0.3708921017696264,-0.08852443306015578,true,true,supported,supported
250,19,1,0.0,0.0,0.0,0.0,true,true,supported,supported
250,19,2,-0.026260881477294218,-0.005987213375700073,-0.0285113990229805,-0.005768449218922389,true,true,supported,supported
250,19,3,-0.03184243405035447,0.003955348877223597,-0.056708336970759055,-0.011608053053717593,true,true,supported,supported
250,19,4,-0.07418811111663226,-0.0024747022675101205,-0.08459193951108257,-0.0175217503731524,true,true,supported,supported
250,19,5,-0.11843395943939372,-0.022702839418839993,-0.1121632868884026,-0.023512653366313363,true,true,supported,supported
250,19,6,-0.1697283738388855,-0.0630012286762609,-0.13942376036279658,-0.02958418090686943,true,true,supported,supported
250,19,7,-0.16737528578494087,-0.01965694799724138,-0.16637602355004444,-0.03574024009935106,true,true,supported,supported
250,19,8,-0.19620994985929407,-0.021680879555891597,-0.1930186307839873,-0.04198413694927905,true,true,supported,supported
250,19,9,-0.21330316296239216,-0.054149989128884246,-0.2193529060667695,-0.048319987960583344,true,true,supported,supported
250,19,10,-0.2205464171163103,-0.041981601379628364,-0.24538079095203413,-0.05475243016544917,true,true,supported,supported
250,19,11,-0.27931386384012113,-0.05124632238721716,-0.271099807261582,-0.061285314314421635,true,true,supported,supported
250,19,12,-0.2959468381187611,-0.06609370577691209,-0.2965104096796656,-0.06792355157522534,true,true,supported,supported
250,19,13,-0.29592919074940494,-0.05500168105590164,-0.3216144620745859,-0.07467283963748694,true,true,supported,supported
250,19,14,-0.33614155197759266,-0.07895647607466383,-0.34640916299211677,-0.08153800377598464,true,true,supported,supported
250,19,15,-0.36292769352373955,-0.084295884620747,-0.3708921017696264,-0.08852443306015578,true,true,supported,supported
250,20,1,0.0,0.0,0.0,0.0,true,true,supported,supported
250,20,2,-0.006257273512526251,-0.0014953223462842447,-0.0285113990229805,-0.005768449218922389,true,true,supported,supported
250,20,3,-0.05094783725517349,0.0011805073820708722,-0.056708336970759055,-0.011608053053717593,true,true,supported,supported
250,20,4,-0.0652119408365679,0.0002786567039753107,-0.08459193951108257,-0.0175217503731524,true,true,supported,supported
250,20,5,-0.08868890115491024,-0.02788829019966399,-0.1121632868884026,-0.023512653366313363,true,true,supported,supported
250,20,6,-0.12557100369502316,-0.021620200775625653,-0.13942376036279658,-0.02958418090686943,true,true,supported,supported
250,20,7,-0.15672712879742112,-0.03178296144336068,-0.16637602355004444,-0.03574024009935106,true,true,supported,supported
250,20,8,-0.18964853899605572,-0.04845299657456059,-0.1930186307839873,-0.04198413694927905,true,true,supported,supported
250,20,9,-0.20998345930326423,-0.05000776462459111,-0.2193529060667695,-0.048319987960583344,true,true,supported,supported
250,20,10,-0.24545423452227555,-0.05034830409035229,-0.24538079095203413,-0.05475243016544917,true,true,supported,supported
250,20,11,-0.2538835514996446,-0.04086679440776719,-0.271099807261582,-0.061285314314421635,true,true,supported,supported
250,20,12,-0.2736352210147789,-0.048272665775629275,-0.2965104096796656,-0.06792355157522534,true,true,supported,supported
250,20,13,-0.31468295391034373,-0.057913684832222034,-0.3216144620745859,-0.07467283963748694,true,true,supported,supported
250,20,14,-0.3294844325339047,-0.07359919673992255,-0.34640916299211677,-0.08153800377598464,true,true,supported,supported
250,20,15,-0.3400265211433635,-0.06350854921528837,-0.3708921017696264,-0.08852443306015578,true,true,supported,supported
250,21,1,0.0,0.0,0.0,0.0,true,true,supported,supported
250,21,2,-0.024743012536067033,-0.004929590873113621,-0.0285113990229805,-0.005768449218922389,true,true,supported,supported
250,21,3,-0.06520028823386981,0.013954420442592874,-0.056708336970759055,-0.011608053053717593,true,true,supported,supported
250,21,4,-0.06753489398413537,0.011268941624578255,-0.08459193951108257,-0.0175217503731524,true,true,supported,supported
250,21,5,-0.11237201322964918,0.0012057497271228401,-0.1121632868884026,-0.023512653366313363,true,true,supported,supported
250,21,6,-0.12142941973214505,-0.01311097948235218,-0.13942376036279658,-0.02958418090686943,true,true,supported,supported
250,21,7,-0.16188798221786127,-0.0009149248267316112,-0.16637602355004444,-0.03574024009935106,true,true,supported,supported
250,21,8,-0.19352252793478142,-0.03470937377627192,-0.1930186307839873,-0.04198413694927905,true,true,supported,supported
250,21,9,-0.23733529572731293,-0.03278984471037749,-0.2193529060667695,-0.048319987960583344,true,true,supported,supported
250,21,10,-0.24788909529378833,-0.043477707782462516,-0.24538079095203413,-0.05475243016544917,true,true,supported,supported
250,21,11,-0.28052777010829255,-0.04870106920006856,-0.271099807261582,-0.061285314314421635,true,true,supported,supported
250,21,12,-0.30424590660040796,-0.053579066471233894,-0.2965104096796656,-0.06792355157522534,true,true,supported,supported
250,21,13,-0.3038245467412901,-0.045403447225212834,-0.3216144620745859,-0.07467283963748694,true,true,supported,supported
250,21,14,-0.34993343876126637,-0.05399268808185065,-0.34640916299211677,-0.08153800377598464,true,true,supported,supported
250,21,15,-0.35686670464201753,-0.059753923135681064,-0.3708921017696264,-0.08852443306015578,true,true,supported,supported
250,22,1,0.0,0.0,0.0,0.0,true,true,supported,supported
250,22,2,-0.02773317875504977,-0.022667472078754525,-0.0285113990229805,-0.005768449218922389,true,true,supported,supported
250,22,3,-0.0649981378763349,-0.03291159712213265,-0.056708336970759055,-0.011608053053717593,true,true,supported,supported
250,22,4,-0.09185203006127662,-0.006909093441503256,-0.08459193951108257,-0.0175217503731524,true,true,supported,supported
250,22,5,-0.09900949465762199,-0.005575784367833014,-0.1121632868884026,-0.023512653366313363,true,true,supported,supported
250,22,6,-0.1536145105893748,-0.0423358042058215,-0.13942376036279658,-0.02958418090686943,true,true,supported,supported
250,22,7,-0.17214946074169923,-0.036373533644742384,-0.16637602355004444,-0.03574024009935106,true,true,supported,supported
250,22,8,-0.21149693846817041,-0.05881970328556141,-0.1930186307839873,-0.04198413694927905,true,true,supported,supported
250,22,9,-0.21336258228174065,-0.06244803444444369,-0.2193529060667695,-0.048319987960583344,true,true,supported,supported
250,22,10,-0.261046780291986,-0.050041237915460446,-0.24538079095203413,-0.05475243016544917,true,true,supported,supported
250,22,11,-0.26401157413711474,-0.05459700937834955,-0.271099807261582,-0.061285314314421635,true,true,supported,supported
250,22,12,-0.3101430870598568,-0.09745280507160092,-0.2965104096796656,-0.06792355157522534,true,true,supported,supported
250,22,13,-0.3161196301300755,-0.07244161675691863,-0.3216144620745859,-0.07467283963748694,true,true,supported,supported
250,22,14,-0.3704982311499928,-0.09909633370009563,-0.34640916299211677,-0.08153800377598464,true,true,supported,supported
250,22,15,-0.3695417866323809,-0.10880311564099365,-0.3708921017696264,-0.08852443306015578,true,true,supported,supported
250,23,1,0.0,0.0,0.0,0.0,true,true,supported,supported
250,23,2,-0.023412177511687005,-0.001488875806196166,-0.0285113990229805,-0.005768449218922389,true,true,supported,supported
250,23,3,-0.07009233903082979,-0.02414681755926451,-0.056708336970759055,-0.011608053053717593,true,true,supported,supported
250,23,4,-0.08114735428758879,-0.03982735186129871,-0.08459193951108257,-0.0175217503731524,true,true,supported,supported
250,23,5,-0.1253427576381173,-0.023657468963409478,-0.1121632868884026,-0.023512653366313363,true,true,supported,supported
250,23,6,-0.1445837954771595,-0.030153816159784297,-0.13942376036279658,-0.02958418090686943,true,true,supported,supported
250,23,7,-0.1873810451604122,-0.04017516125235909,-0.16637602355004444,-0.03574024009935106,true,true,supported,supported
250,23,8,-0.1918151321055357,-0.05416167418196016,-0.1930186307839873,-0.04198413694927905,true,true,supported,supported
250,23,9,-0.21988077382412197,-0.05395076630153017,-0.2193529060667695,-0.048319987960583344,true,true,supported,supported
250,23,10,-0.2573956900376858,-0.0485069872802707,-0.24538079095203413,-0.05475243016544917,true,true,supported,supported
250,23,11,-0.26307586168170605,-0.06570915429286295,-0.271099807261582,-0.061285314314421635,true,true,supported,supported
250,23,12,-0.2727578348509989,-0.0566215561110468,-0.2965104096796656,-0.06792355157522534,true,true,supported,supported
250,23,13,-0.31448369286477373,-0.07693125910104393,-0.3216144620745859,-0.07467283963748694,true,true,supported,supported
250,23,14,-0.3538454726626019,-0.10406970922300185,-0.34640916299211677,-0.08153800377598464,true,true,supported,supported
250,23,15,-0.3596200318027668,-0.09153630360577836,-0.3708921017696264,-0.08852443306015578,true,true,supported,supported
250,24,1,0.0,0.0,0.0,0.0,true,true,supported,supported
250,24,2,-0.006347527505668138,0.017636819584321062,-0.0285113990229805,-0.005768449218922389,true,true,supported,supported
250,24,3,-0.07574894862988324,-0.012772661248085182,-0.056708336970759055,-0.011608053053717593,true,true,supported,supported
250,24,4,-0.08698103396962242,0.0010148219371231004,-0.08459193951108257,-0.0175217503731524,true,true,supported,supported
250,24,5,-0.11138391179870344,-0.011662743944986786,-0.1121632868884026,-0.023512653366313363,true,true,supported,supported
250,24,6,-0.146632107511535,-0.05280864839120014,-0.13942376036279658,-0.02958418090686943,true,true,supported,supported
250,24,7,-0.16806003249947665,-0.025671154913005645,-0.16637602355004444,-0.03574024009935106,true,true,supported,supported
250,24,8,-0.18793949896456386,-0.026861834569537613,-0.1930186307839873,-0.04198413694927905,true,true,supported,supported
250,24,9,-0.21511448970256564,-0.02948187805829172,-0.2193529060667695,-0.048319987960583344,true,true,supported,supported
250,24,10,-0.24796925729589714,-0.06057105024173981,-0.24538079095203413,-0.05475243016544917,true,true,supported,supported
250,24,11,-0.27826258590261044,-0.064303557204206,-0.271099807261582,-0.061285314314421635,true,true,supported,supported
250,24,12,-0.28762430092572777,-0.05796846926044341,-0.2965104096796656,-0.06792355157522534,true,true,supported,supported
250,24,13,-0.32725949818055533,-0.06129303026256816,-0.3216144620745859,-0.07467283963748694,true,true,supported,supported
250,24,14,-0.341402419707721,-0.0915902288256758,-0.34640916299211677,-0.08153800377598464,true,true,supported,supported
250,24,15,-0.3770806967439384,-0.08944301848189551,-0.3708921017696264,-0.08852443306015578,true,true,supported,supported
250,25,1,0.0,0.0,0.0,0.0,true,true,supported,supported
250,25,2,-0.022072052930442676,0.0014177957448490153,-0.0285113990229805,-0.005768449218922389,true,true,supported,supported
250,25,3,-0.07009539094372563,-0.013520348002085347,-0.056708336970759055,-0.011608053053717593,true,true,supported,supported
250,25,4,-0.05222475677481009,0.001323810604366038,-0.08459193951108257,-0.0175217503731524,true,true,supported,supported
250,25,5,-0.10543433808542046,-0.03441969812853418,-0.1121632868884026,-0.023512653366313363,true,true,supported,supported
250,25,6,-0.13938980808625312,-0.03965715440404416,-0.13942376036279658,-0.02958418090686943,true,true,supported,supported
250,25,7,-0.14503980636681701,-0.028871011316111916,-0.16637602355004444,-0.03574024009935106,true,true,supported,supported
250,25,8,-0.18039381144088196,-0.033100988612714044,-0.1930186307839873,-0.04198413694927905,true,true,supported,supported
250,25,9,-0.22052921631829425,-0.0486379820245918,-0.2193529060667695,-0.048319987960583344,true,true,supported,supported
250,25,10,-0.24038328396435638,-0.02976897120888289,-0.24538079095203413,-0.05475243016544917,true,true,supported,supported
250,25,11,-0.2639820337572073,-0.05051598316940875,-0.271099807261582,-0.061285314314421635,true,true,supported,supported
250,25,12,-0.25974317642461586,-0.039462743777006315,-0.2965104096796656,-0.06792355157522534,true,true,supported,supported
250,25,13,-0.32056765826808375,-0.06471961612609134,-0.3216144620745859,-0.07467283963748694,true,true,supported,supported
250,25,14,-0.33399496753111413,-0.06141524881095517,-0.34640916299211677,-0.08153800377598464,true,true,supported,supported
250,25,15,-0.35892142968847396,-0.08838228725134134,-0.3708921017696264,-0.08852443306015578,true,true,supported,supported
250,26,1,0.0,0.0,0.0,0.0,true,true,supported,supported
250,26,2,-0.047207529025824924,-0.003996221737802896,-0.0285113990229805,-0.005768449218922389,true,true,supported,supported
250,26,3,-0.09120806741827026,-0.02463092483899121,-0.056708336970759055,-0.011608053053717593,true,true,supported,supported
250,26,4,-0.13396360706121635,-0.05675411225409155,-0.08459193951108257,-0.0175217503731524,true,true,supported,supported
250,26,5,-0.12423895272721486,-0.025589642735904805,-0.1121632868884026,-0.023512653366313363,true,true,supported,supported
250,26,6,-0.1540698611727993,-0.03939110638958199,-0.13942376036279658,-0.02958418090686943,true,true,supported,supported
250,26,7,-0.20628752590011978,-0.05041691289797223,-0.16637602355004444,-0.03574024009935106,true,true,supported,supported
250,26,8,-0.1945837450787674,-0.03740492388850747,-0.1930186307839873,-0.04198413694927905,true,true,supported,supported
250,26,9,-0.23723489037288314,-0.03859268614014533,-0.2193529060667695,-0.048319987960583344,true,true,supported,supported
250,26,10,-0.2952041520673445,-0.05646281084413063,-0.24538079095203413,-0.05475243016544917,true,true,supported,supported
250,26,11,-0.2883619616916906,-0.07973139160089604,-0.271099807261582,-0.061285314314421635,true,true,supported,supported
250,26,12,-0.3396362834161506,-0.09321096904569659,-0.2965104096796656,-0.06792355157522534,true,true,supported,supported
250,26,13,-0.33558713812236785,-0.08752543774579002,-0.3216144620745859,-0.07467283963748694,true,true,supported,supported
250,26,14,-0.37708555394975796,-0.10137228272675924,-0.34640916299211677,-0.08153800377598464,true,true,supported,supported
250,26,15,-0.40277483503638367,-0.09904689885726814,-0.3708921017696264,-0.08852443306015578,true,true,supported,supported
250,27,1,0.0,0.0,0.0,0.0,true,true,supported,supported
250,27,2,-0.03346431795276761,-0.014678460570563656,-0.0285113990229805,-0.005768449218922389,true,true,supported,supported
250,27,3,-0.07359685450299491,-0.02494644581294636,-0.056708336970759055,-0.011608053053717593,true,true,supported,supported
250,27,4,-0.09378321911815057,-0.02369790052873988,-0.08459193951108257,-0.0175217503731524,true,true,supported,supported
250,27,5,-0.12227969146867701,-0.029415333290215062,-0.1121632868884026,-0.023512653366313363,true,true,supported,supported
250,27,6,-0.1336844726185401,-0.01665649243858991,-0.13942376036279658,-0.02958418090686943,true,true,supported,supported
250,27,7,-0.17859311768776376,-0.041785676685654805,-0.16637602355004444,-0.03574024009935106,true,true,supported,supported
250,27,8,-0.2011136097974776,-0.056225929092789784,-0.1930186307839873,-0.04198413694927905,true,true,supported,supported
250,27,9,-0.21624172282916176,-0.03996645725012393,-0.2193529060667695,-0.048319987960583344,true,true,supported,supported
250,27,10,-0.24774513006109555,-0.05513074738676271,-0.24538079095203413,-0.05475243016544917,true,true,supported,supported
250,27,11,-0.2789698538335815,-0.0498880661765001,-0.271099807261582,-0.061285314314421635,true,true,supported,supported
250,27,12,-0.3078184454336107,-0.0822905441574927,-0.2965104096796656,-0.06792355157522534,true,true,supported,supported
250,27,13,-0.30783879353188137,-0.052761171218244196,-0.3216144620745859,-0.07467283963748694,true,true,supported,supported
250,27,14,-0.36474517069152845,-0.0997370458268555,-0.34640916299211677,-0.08153800377598464,true,true,supported,supported
250,27,15,-0.3718386633690298,-0.07746300949463425,-0.3708921017696264,-0.08852443306015578,true,true,supported,supported
250,28,1,0.0,0.0,0.0,0.0,true,true,supported,supported
250,28,2,-0.047581805295176416,-0.020995035674892026,-0.0285113990229805,-0.005768449218922389,true,true,supported,supported
250,28,3,-0.049839990973222004,-0.007911967699816835,-0.056708336970759055,-0.011608053053717593,true,true,supported,supported
250,28,4,-0.12222082469670525,-0.04435736641308652,-0.08459193951108257,-0.0175217503731524,true,true,supported,supported
250,28,5,-0.10600417275908891,-0.01652865890572075,-0.1121632868884026,-0.023512653366313363,true,true,supported,supported
250,28,6,-0.15570520237295038,-0.03592078205041249,-0.13942376036279658,-0.02958418090686943,true,true,supported,supported
250,28,7,-0.18635649210709637,-0.02679370690697902,-0.16637602355004444,-0.03574024009935106,true,true,supported,supported
250,28,8,-0.19806105067984148,-0.04918635842659347,-0.1930186307839873,-0.04198413694927905,true,true,supported,supported
250,28,9,-0.23223445683681654,-0.045187181378743,-0.2193529060667695,-0.048319987960583344,true,true,supported,supported
250,28,10,-0.2576783832451385,-0.06838914919460881,-0.24538079095203413,-0.05475243016544917,true,true,supported,supported
250,28,11,-0.25699986627302174,-0.06531533024836311,-0.271099807261582,-0.061285314314421635,true,true,supported,supported
250,28,12,-0.28866393022922443,-0.05258276064074263,-0.2965104096796656,-0.06792355157522534,true,true,supported,supported
250,28,13,-0.3422017982778379,-0.0774786068495048,-0.3216144620745859,-0.07467283963748694,true,true,supported,supported
250,28,14,-0.3476528790084108,-0.08333269176750313,-0.34640916299211677,-0.08153800377598464,true,true,supported,supported
250,28,15,-0.38830486439746625,-0.07978578994182206,-0.3708921017696264,-0.08852443306015578,true,true,supported,supported
250,29,1,0.0,0.0,0.0,0.0,true,true,supported,supported
250,29,2,0.008665386675238196,0.030330379027551646,-0.0285113990229805,-0.005768449218922389,true,true,supported,supported
250,29,3,-0.05707854136550061,-0.014905872945838339,-0.056708336970759055,-0.011608053053717593,true,true,supported,supported
250,29,4,-0.09273421050544994,-0.0066208555890026055,-0.08459193951108257,-0.0175217503731524,true,true,supported,supported
250,29,5,-0.12251969093336434,-0.036248877566709914,-0.1121632868884026,-0.023512653366313363,true,true,supported,supported
250,29,6,-0.14213120111163258,-0.04333139784093676,-0.13942376036279658,-0.02958418090686943,true,true,supported,supported
250,29,7,-0.15905849944117945,-0.016385630845122123,-0.16637602355004444,-0.03574024009935106,true,true,supported,supported
250,29,8,-0.18478309276162808,-0.033768483753044864,-0.1930186307839873,-0.04198413694927905,true,true,supported,supported
250,29,9,-0.21422807735009808,-0.047263818316150896,-0.2193529060667695,-0.048319987960583344,true,true,supported,supported
250,29,10,-0.2562653196831923,-0.06967281359694366,-0.24538079095203413,-0.05475243016544917,true,true,supported,supported
250,29,11,-0.27714052189991123,-0.07194977525277635,-0.271099807261582,-0.061285314314421635,true,true,supported,supported
250,29,12,-0.28986548593821504,-0.07345400289784121,-0.2965104096796656,-0.06792355157522534,true,true,supported,supported
250,29,13,-0.28930987512628303,-0.0427390745137709,-0.3216144620745859,-0.07467283963748694,true,true,supported,supported
250,29,14,-0.33798893828942,-0.06763161928030625,-0.34640916299211677,-0.08153800377598464,true,true,supported,supported
250,29,15,-0.3643491223595524,-0.09659156537014113,-0.3708921017696264,-0.08852443306015578,true,true,supported,supported
250,30,1,0.0,0.0,0.0,0.0,true,true,supported,supported
250,30,2,-0.014169885179965092,0.008544272347874693,-0.0285113990229805,-0.005768449218922389,true,true,supported,supported
250,30,3,-0.042551639685149745,-0.019012171096030817,-0.056708336970759055,-0.011608053053717593,true,true,supported,supported
250,30,4,-0.06293682438929515,-0.0034056686786634316,-0.08459193951108257,-0.0175217503731524,true,true,supported,supported
250,30,5,-0.07840672815227678,-0.008698393636570323,-0.1121632868884026,-0.023512653366313363,true,true,supported,supported
250,30,6,-0.13192903427074443,-0.027218340315134926,-0.13942376036279658,-0.02958418090686943,true,true,supported,supported
250,30,7,-0.13676549357085022,-0.016156309204401142,-0.16637602355004444,-0.03574024009935106,true,true,supported,supported
250,30,8,-0.17784143846568856,-0.023404647610210105,-0.1930186307839873,-0.04198413694927905,true,true,supported,supported
250,30,9,-0.2254950017098819,-0.047424608888415154,-0.2193529060667695,-0.048319987960583344,true,true,supported,supported
250,30,10,-0.21776541532216098,-0.023947042956484643,-0.24538079095203413,-0.05475243016544917,true,true,supported,supported
250,30,11,-0.26740269176688447,-0.0409925777464164,-0.271099807261582,-0.061285314314421635,true,true,supported,supported
250,30,12,-0.2986402265971634,-0.07330172443956051,-0.2965104096796656,-0.06792355157522534,true,true,supported,supported
250,30,13,-0.2963359328860985,-0.04630132264518738,-0.3216144620745859,-0.07467283963748694,true,true,supported,supported
250,30,14,-0.3130233429115584,-0.05574672153050997,-0.34640916299211677,-0.08153800377598464,true,true,supported,supported
250,30,15,-0.3458431657231328,-0.07824050732000687,-0.3708921017696264,-0.08852443306015578,true,true,supported,supported
250,31,1,0.0,0.0,0.0,0.0,true,true,supported,supported
250,31,2,0.01333462522063178,0.03564186898383115,-0.0285113990229805,-0.005768449218922389,true,true,supported,supported
250,31,3,-0.02792395317625851,0.009025219377292615,-0.056708336970759055,-0.011608053053717593,true,true,supported,supported
250,31,4,-0.08036783070207532,0.008263247597332435,-0.08459193951108257,-0.0175217503731524,true,true,supported,supported
250,31,5,-0.10303584514440611,-0.018728530886863548,-0.1121632868884026,-0.023512653366313363,true,true,supported,supported
250,31,6,-0.1289193401013129,-0.005128289280818765,-0.13942376036279658,-0.02958418090686943,true,true,supported,supported
250,31,7,-0.16872671719029364,-0.0021289972282294567,-0.16637602355004444,-0.03574024009935106,true,true,supported,supported
250,31,8,-0.2068759014437752,-0.032952188407024074,-0.1930186307839873,-0.04198413694927905,true,true,supported,supported
250,31,9,-0.21647986052239476,-0.04092652291345611,-0.2193529060667695,-0.048319987960583344,true,true,supported,supported
250,31,10,-0.24479076993622517,-0.037100656041169966,-0.24538079095203413,-0.05475243016544917,true,true,supported,supported
250,31,11,-0.2647681454277251,-0.02340024306653088,-0.271099807261582,-0.061285314314421635,true,true,supported,supported
250,31,12,-0.28168785847830347,-0.05544724222413211,-0.2965104096796656,-0.06792355157522534,true,true,supported,supported
250,31,13,-0.31668600716678585,-0.05405700221130694,-0.3216144620745859,-0.07467283963748694,true,true,supported,supported
250,31,14,-0.3267212071422957,-0.046862876626065475,-0.34640916299211677,-0.08153800377598464,true,true,supported,supported
250,31,15,-0.3707155482235127,-0.08143652816556401,-0.3708921017696264,-0.08852443306015578,true,true,supported,supported
250,32,1,0.0,0.0,0.0,0.0,true,true,supported,supported
250,32,2,-0.032045465811449736,-0.009845386884882457,-0.0285113990229805,-0.005768449218922389,true,true,supported,supported
250,32,3,-0.04165351160842601,-0.012455052878670436,-0.056708336970759055,-0.011608053053717593,true,true,supported,supported
250,32,4,-0.0911829949281816,-0.027672074930948254,-0.08459193951108257,-0.0175217503731524,true,true,supported,supported
250,32,5,-0.10400085483528321,-0.025571777753616076,-0.1121632868884026,-0.023512653366313363,true,true,supported,supported
250,32,6,-0.12887937213142087,-0.0290395124254742,-0.13942376036279658,-0.02958418090686943,true,true,supported,supported
250,32,7,-0.17224247728131947,-0.048153075361269004,-0.16637602355004444,-0.03574024009935106,true,true,supported,supported
250,32,8,-0.17814638988777365,-0.018598710231447102,-0.1930186307839873,-0.04198413694927905,true,true,supported,supported
250,32,9,-0.20104848215779125,-0.04915837047147942,-0.2193529060667695,-0.048319987960583344,true,true,supported,supported
250,32,10,-0.24558071649979485,-0.06454151227877858,-0.24538079095203413,-0.05475243016544917,true,true,supported,supported
250,32,11,-0.27437415896979633,-0.05996876826410613,-0.271099807261582,-0.061285314314421635,true,true,supported,supported
250,32,12,-0.3033524419396574,-0.05843635048449358,-0.2965104096796656,-0.06792355157522534,true,true,supported,supported
250,32,13,-0.32057373303617953,-0.07383488268735128,-0.3216144620745859,-0.07467283963748694,true,true,supported,supported
250,32,14,-0.34162847461676793,-0.06674671155755096,-0.34640916299211677,-0.08153800377598464,true,true,supported,supported
250,32,15,-0.3579608836639705,-0.08297291161035747,-0.3708921017696264,-0.08852443306015578,true,true,supported,supported
250,33,1,0.0,0.0,0.0,0.0,true,true,supported,supported
250,33,2,-0.06593148479196964,-0.020464167948145873,-0.0285113990229805,-0.005768449218922389,true,true,supported,supported
250,33,3,-0.06881567076029549,-0.01202014706081278,-0.056708336970759055,-0.011608053053717593,true,true,supported,supported
250,33,4,-0.10646070107287553,-0.04250720999229929,-0.08459193951108257,-0.0175217503731524,true,true,supported,supported
250,33,5,-0.15241890314143236,-0.04341135022619114,-0.1121632868884026,-0.023512653366313363,true,true,supported,supported
250,33,6,-0.1605653404967463,-0.054932224900630766,-0.13942376036279658,-0.02958418090686943,true,true,supported,supported
250,33,7,-0.19705771998943356,-0.06046301830977341,-0.16637602355004444,-0.03574024009935106,true,true,supported,supported
250,33,8,-0.2094002475575002,-0.061403215633424546,-0.1930186307839873,-0.04198413694927905,true,true,supported,supported
250,33,9,-0.250859539899287,-0.047117253071888965,-0.2193529060667695,-0.048319987960583344,true,true,supported,supported
250,33,10,-0.2622412772939857,-0.03964473405218305,-0.24538079095203413,-0.05475243016544917,true,true,supported,supported
250,33,11,-0.3004754961329983,-0.05886799318078573,-0.271099807261582,-0.061285314314421635,true,true,supported,supported
250,33,12,-0.3459313045005402,-0.10853388046383083,-0.2965104096796656,-0.06792355157522534,true,true,supported,supported
250,33,13,-0.3176478003153772,-0.09262558526295406,-0.3216144620745859,-0.07467283963748694,true,true,supported,supported
250,33,14,-0.35907002562273993,-0.09182641584975382,-0.34640916299211677,-0.08153800377598464,true,true,supported,supported
250,33,15,-0.4049685170271744,-0.11723441203630403,-0.3708921017696264,-0.08852443306015578,true,true,supported,supported
250,34,1,0.0,0.0,0.0,0.0,true,true,supported,supported
250,34,2,-0.007307879867454514,-0.005203225044659976,-0.0285113990229805,-0.005768449218922389,true,true,supported,supported
250,34,3,-0.025652805659169498,-0.008360058430117445,-0.056708336970759055,-0.011608053053717593,true,true,supported,supported
250,34,4,-0.06414283721039249,-0.0097560549254615,-0.08459193951108257,-0.0175217503731524,true,true,supported,supported
250,34,5,-0.07598483434882863,-0.013526162312197054,-0.1121632868884026,-0.023512653366313363,true,true,supported,supported
250,34,6,-0.13832302359808146,-0.022615227663860815,-0.13942376036279658,-0.02958418090686943,true,true,supported,supported
250,34,7,-0.14900773335983164,-0.025643452046263393,-0.16637602355004444,-0.03574024009935106,true,true,supported,supported
250,34,8,-0.16668212288801365,-0.04446861137055658,-0.1930186307839873,-0.04198413694927905,true,true,supported,supported
250,34,9,-0.20813877364818512,-0.046784335614664996,-0.2193529060667695,-0.048319987960583344,true,true,supported,supported
250,34,10,-0.24383580075381894,-0.06338577862265204,-0.24538079095203413,-0.05475243016544917,true,true,supported,supported
250,34,11,-0.2597444062537252,-0.0905906680864752,-0.271099807261582,-0.061285314314421635,true,true,supported,supported
250,34,12,-0.28090668747748404,-0.08114920124603764,-0.2965104096796656,-0.06792355157522534,true,true,supported,supported
250,34,13,-0.3158466958697628,-0.051582639295566945,-0.3216144620745859,-0.07467283963748694,true,true,supported,supported
250,34,14,-0.34500214704725607,-0.0801916947715382,-0.34640916299211677,-0.08153800377598464,true,true,supported,supported
250,34,15,-0.35732169872783914,-0.09484023087109739,-0.3708921017696264,-0.08852443306015578,true,true,supported,supported
250,35,1,0.0,0.0,0.0,0.0,true,true,supported,supported
250,35,2,-0.03426573925213017,0.0014235405830953507,-0.0285113990229805,-0.005768449218922389,true,true,supported,supported
250,35,3,-0.055385399636956434,0.012077951959409972,-0.056708336970759055,-0.011608053053717593,true,true,supported,supported
250,35,4,-0.10126077746021522,-0.00916191092093721,-0.08459193951108257,-0.0175217503731524,true,true,supported,supported
250,35,5,-0.12559303747816952,-0.029959374921274096,-0.1121632868884026,-0.023512653366313363,true,true,supported,supported
250,35,6,-0.15700763897580328,-0.05091322085380001,-0.13942376036279658,-0.02958418090686943,true,true,supported,supported
250,35,7,-0.1742067283958154,-0.030648015212156987,-0.16637602355004444,-0.03574024009935106,true,true,supported,supported
250,35,8,-0.19401263692094184,-0.04588562380134875,-0.1930186307839873,-0.04198413694927905,true,true,supported,supported
250,35,9,-0.21360296622892105,-0.04045713398113682,-0.2193529060667695,-0.048319987960583344,true,true,supported,supported
250,35,10,-0.26559815496098216,-0.05696821852489531,-0.24538079095203413,-0.05475243016544917,true,true,supported,supported
250,35,11,-0.280588451647242,-0.07236150369162153,-0.271099807261582,-0.061285314314421635,true,true,supported,supported
250,35,12,-0.30427882472679824,-0.07156634502028125,-0.2965104096796656,-0.06792355157522534,true,true,supported,supported
250,35,13,-0.3237762162035419,-0.06434393581845166,-0.3216144620745859,-0.07467283963748694,true,true,supported,supported
250,35,14,-0.36158409080371856,-0.09179676030244155,-0.34640916299211677,-0.08153800377598464,true,true,supported,supported
250,35,15,-0.37822624191415766,-0.09341098982266405,-0.3708921017696264,-0.08852443306015578,true,true,supported,supported
250,36,1,0.0,0.0,0.0,0.0,true,true,supported,supported
250,36,2,-0.016798787760592848,0.01357234135868901,-0.0285113990229805,-0.005768449218922389,true,true,supported,supported
250,36,3,-0.05098007909682156,-0.01970036088491378,-0.056708336970759055,-0.011608053053717593,true,true,supported,supported
250,36,4,-0.07566095974732212,-0.018375685650729667,-0.08459193951108257,-0.0175217503731524,true,true,supported,supported
250,36,5,-0.11668620802999452,-0.0341933595617776,-0.1121632868884026,-0.023512653366313363,true,true,supported,supported
250,36,6,-0.1354948073833272,-0.02576308059559218,-0.13942376036279658,-0.02958418090686943,true,true,supported,supported
250,36,7,-0.18210301316868294,-0.04233254147751209,-0.16637602355004444,-0.03574024009935106,true,true,supported,supported
250,36,8,-0.1973535696363019,-0.03844660283058243,-0.1930186307839873,-0.04198413694927905,true,true,supported,supported
250,36,9,-0.20738258850347557,-0.03433729355288506,-0.2193529060667695,-0.048319987960583344,true,true,supported,supported
250,36,10,-0.2601993268679875,-0.07282364209093739,-0.24538079095203413,-0.05475243016544917,true,true,supported,supported
250,36,11,-0.2866931587248349,-0.09237436388801934,-0.271099807261582,-0.061285314314421635,true,true,supported,supported
250,36,12,-0.29962649987524437,-0.052577466648395355,-0.2965104096796656,-0.06792355157522534,true,true,supported,supported
250,36,13,-0.33680423434590967,-0.08938380919706368,-0.3216144620745859,-0.07467283963748694,true,true,supported,supported
250,36,14,-0.34616608125923676,-0.0720375107474237,-0.34640916299211677,-0.08153800377598464,true,true,supported,supported
250,36,15,-0.3568330917445771,-0.07865543030367839,-0.3708921017696264,-0.08852443306015578,true,true,supported,supported
250,37,1,0.0,0.0,0.0,0.0,true,true,supported,supported
250,37,2,-0.01098442433426039,0.01000132050778757,-0.0285113990229805,-0.005768449218922389,true,true,supported,supported
250,37,3,-0.04357545794976281,-0.013411226240367169,-0.056708336970759055,-0.011608053053717593,true,true,supported,supported
250,37,4,-0.07833327865033368,-0.03618258214378789,-0.08459193951108257,-0.0175217503731524,true,true,supported,supported
250,37,5,-0.1200423500653578,-0.03205023066449475,-0.1121632868884026,-0.023512653366313363,true,true,supported,supported
250,37,6,-0.13303805416658077,-0.0302172412848819,-0.13942376036279658,-0.02958418090686943,true,true,supported,supported
250,37,7,-0.1332408288871474,-0.026440174236424085,-0.16637602355004444,-0.03574024009935106,true,true,supported,supported
250,37,8,-0.19541906092054728,-0.04702254930664085,-0.1930186307839873,-0.04198413694927905,true,true,supported,supported
250,37,9,-0.16452482286564563,-0.04843151107355248,-0.2193529060667695,-0.048319987960583344,true,true,supported,supported
250,37,10,-0.2259493795137003,-0.06649465273215749,-0.24538079095203413,-0.05475243016544917,true,true,supported,supported
250,37,11,-0.268948374381936,-0.06965337101849578,-0.271099807261582,-0.061285314314421635,true,true,supported,supported
250,37,12,-0.28264295791893745,-0.08213689287378556,-0.2965104096796656,-0.06792355157522534,true,true,supported,supported
250,37,13,-0.289377924678787,-0.06788132182306394,-0.3216144620745859,-0.07467283963748694,true,true,supported,supported
250,37,14,-0.33284831584762553,-0.10755920354197646,-0.34640916299211677,-0.08153800377598464,true,true,supported,supported
250,37,15,-0.35002311711232736,-0.1102174556017812,-0.3708921017696264,-0.08852443306015578,true,true,supported,supported
250,38,1,0.0,0.0,0.0,0.0,true,true,supported,supported
250,38,2,-0.014501861914897662,-0.005315358968126849,-0.0285113990229805,-0.005768449218922389,true,true,supported,supported
250,38,3,-0.012506129868858018,0.019102418635063234,-0.056708336970759055,-0.011608053053717593,true,true,supported,supported
250,38,4,-0.05136249317377828,-0.01338257767999007,-0.08459193951108257,-0.0175217503731524,true,true,supported,supported
250,38,5,-0.09261203454672484,-0.02107091790984761,-0.1121632868884026,-0.023512653366313363,true,true,supported,supported
250,38,6,-0.10042160933822541,-0.021311312086179646,-0.13942376036279658,-0.02958418090686943,true,true,supported,supported
250,38,7,-0.13145860823906252,-0.02440663293066969,-0.16637602355004444,-0.03574024009935106,true,true,supported,supported
250,38,8,-0.16149595629667646,-0.028199940062215823,-0.1930186307839873,-0.04198413694927905,true,true,supported,supported
250,38,9,-0.19376429047075105,-0.04110884107225987,-0.2193529060667695,-0.048319987960583344,true,true,supported,supported
250,38,10,-0.20832977847478917,-0.023731948540531178,-0.24538079095203413,-0.05475243016544917,true,true,supported,supported
250,38,11,-0.24168555638821287,-0.045604238655579166,-0.271099807261582,-0.061285314314421635,true,true,supported,supported
250,38,12,-0.25878982208478774,-0.05693887415323107,-0.2965104096796656,-0.06792355157522534,true,true,supported,supported
250,38,13,-0.2971141751023879,-0.06506503763770422,-0.3216144620745859,-0.07467283963748694,true,true,supported,supported
250,38,14,-0.3045592082485544,-0.06741641913196128,-0.34640916299211677,-0.08153800377598464,true,true,supported,supported
250,38,15,-0.32391105452052527,-0.05841772783854926,-0.3708921017696264,-0.08852443306015578,true,true,supported,supported
250,39,1,0.0,0.0,0.0,0.0,true,true,supported,supported
250,39,2,-0.020214965367284954,-0.007184661288384131,-0.0285113990229805,-0.005768449218922389,true,true,supported,supported
250,39,3,-0.06622974945994375,-0.011989865383476128,-0.056708336970759055,-0.011608053053717593,true,true,supported,supported
250,39,4,-0.06970341689874004,-0.017791218404016096,-0.08459193951108257,-0.0175217503731524,true,true,supported,supported
250,39,5,-0.10004375912853747,-0.01828941489168423,-0.1121632868884026,-0.023512653366313363,true,true,supported,supported
250,39,6,-0.11772679714608825,-0.0064223060615842265,-0.13942376036279658,-0.02958418090686943,true,true,supported,supported
250,39,7,-0.17145187398949424,-0.03591098921261271,-0.16637602355004444,-0.03574024009935106,true,true,supported,supported
250,39,8,-0.1759498033252005,-0.027403131712684048,-0.1930186307839873,-0.04198413694927905,true,true,supported,supported
250,39,9,-0.20812791117162777,-0.07061378061802637,-0.2193529060667695,-0.048319987960583344,true,true,supported,supported
250,39,10,-0.2449017055995677,-0.06274219711664486,-0.24538079095203413,-0.05475243016544917,true,true,supported,supported
250,39,11,-0.26641746920636533,-0.07616779763983739,-0.271099807261582,-0.061285314314421635,true,true,supported,supported
250,39,12,-0.2896208734790351,-0.07300835915522874,-0.2965104096796656,-0.06792355157522534,true,true,supported,supported
250,39,13,-0.33458703230374875,-0.06681838822473662,-0.3216144620745859,-0.07467283963748694,true,true,supported,supported
250,39,14,-0.34639570010557386,-0.0747689137961336,-0.34640916299211677,-0.08153800377598464,true,true,supported,supported
250,39,15,-0.36175804465460826,-0.07606553118703308,-0.3708921017696264,-0.08852443306015578,true,true,supported,supported
250,40,1,0.0,0.0,0.0,0.0,true,true,supported,supported
250,40,2,-0.0375823345945524,-0.021920860739334302,-0.0285113990229805,-0.005768449218922389,true,true,supported,supported
250,40,3,-0.05073393695888018,0.0022789172832479165,-0.056708336970759055,-0.011608053053717593,true,true,supported,supported
250,40,4,-0.08447625112155877,-0.0018467449520228607,-0.08459193951108257,-0.0175217503731524,true,true,supported,supported
250,40,5,-0.1235362676211661,-0.008291555875427958,-0.1121632868884026,-0.023512653366313363,true,true,supported,supported
250,40,6,-0.1446667919187563,-0.017734535538161955,-0.13942376036279658,-0.02958418090686943,true,true,supported,supported
250,40,7,-0.19532888140392035,-0.020890190840376577,-0.16637602355004444,-0.03574024009935106,true,true,supported,supported
250,40,8,-0.19363195617721796,-0.0235636498346663,-0.1930186307839873,-0.04198413694927905,true,true,supported,supported
250,40,9,-0.2466505817917538,-0.06413045737288303,-0.2193529060667695,-0.048319987960583344,true,true,supported,supported
250,40,10,-0.24173995648711033,-0.04304920404300294,-0.24538079095203413,-0.05475243016544917,true,true,supported,supported
250,40,11,-0.27607660187186533,-0.029956692418209196,-0.271099807261582,-0.061285314314421635,true,true,supported,supported
250,40,12,-0.3061661762221687,-0.07365052503417702,-0.2965104096796656,-0.06792355157522534,true,true,supported,supported
250,40,13,-0.31538510314822665,-0.06740087180918142,-0.3216144620745859,-0.07467283963748694,true,true,supported,supported
250,40,14,-0.3340777722059407,-0.07582871871438912,-0.34640916299211677,-0.08153800377598464,true,true,supported,supported
250,40,15,-0.3711130347556252,-0.08201565503415575,-0.3708921017696264,-0.08852443306015578,true,true,supported,supported
250,41,1,0.0,0.0,0.0,0.0,true,true,supported,supported
250,41,2,-0.03262699839298411,-0.03624275527308152,-0.0285113990229805,-0.005768449218922389,true,true,supported,supported
250,41,3,-0.039537356204804475,-0.024510026499329318,-0.056708336970759055,-0.011608053053717593,true,true,supported,supported
250,41,4,-0.06422241898440462,-0.019477858482718324,-0.08459193951108257,-0.0175217503731524,true,true,supported,supported
250,41,5,-0.09004794295785234,-0.009489317439482892,-0.1121632868884026,-0.023512653366313363,true,true,supported,supported
250,41,6,-0.11872835851363894,-0.01348325444720233,-0.13942376036279658,-0.02958418090686943,true,true,supported,supported
250,41,7,-0.1576990570409882,-0.02859869478635335,-0.16637602355004444,-0.03574024009935106,true,true,supported,supported
250,41,8,-0.16718980494288682,-0.03706870773071569,-0.1930186307839873,-0.04198413694927905,true,true,supported,supported
250,41,9,-0.19230499460242256,-0.05006952802927844,-0.2193529060667695,-0.048319987960583344,true,true,supported,supported
250,41,10,-0.2440523170404123,-0.07586014470937263,-0.24538079095203413,-0.05475243016544917,true,true,supported,supported
250,41,11,-0.28615317629913317,-0.08068619655057874,-0.271099807261582,-0.061285314314421635,true,true,supported,supported
250,41,12,-0.312249889346925,-0.0913424281939319,-0.2965104096796656,-0.06792355157522534,true,true,supported,supported
250,41,13,-0.31267295497126346,-0.06508562703493004,-0.3216144620745859,-0.07467283963748694,true,true,supported,supported
250,41,14,-0.35554308509085464,-0.10645537506511982,-0.34640916299211677,-0.08153800377598464,true,true,supported,supported
250,41,15,-0.3809297662410752,-0.09366763657415778,-0.3708921017696264,-0.08852443306015578,true,true,supported,supported
250,42,1,0.0,0.0,0.0,0.0,true,true,supported,supported
250,42,2,-0.042064501038162505,-0.015747201076715678,-0.0285113990229805,-0.005768449218922389,true,true,supported,supported
250,42,3,-0.055508472518304375,-0.0054782407587360415,-0.056708336970759055,-0.011608053053717593,true,true,supported,supported
250,42,4,-0.08466552962223806,-0.028007349222965883,-0.08459193951108257,-0.0175217503731524,true,true,supported,supported
250,42,5,-0.11070294221112087,-0.00997027436678355,-0.1121632868884026,-0.023512653366313363,true,true,supported,supported
250,42,6,-0.14098485779096503,-0.042174223004935896,-0.13942376036279658,-0.02958418090686943,true,true,supported,supported
250,42,7,-0.1781612508509639,-0.06046076996010363,-0.16637602355004444,-0.03574024009935106,true,true,supported,supported
250,42,8,-0.1961648379834322,-0.042980112449225616,-0.1930186307839873,-0.04198413694927905,true,true,supported,supported
250,42,9,-0.20316549623711022,-0.03392286208064943,-0.2193529060667695,-0.048319987960583344,true,true,supported,supported
250,42,10,-0.2506534679591724,-0.061104633871810865,-0.24538079095203413,-0.05475243016544917,true,true,supported,supported
250,42,11,-0.2733214047934288,-0.07123600364807436,-0.271099807261582,-0.061285314314421635,true,true,supported,supported
250,42,12,-0.286229717010165,-0.057962855867317864,-0.2965104096796656,-0.06792355157522534,true,true,supported,supported
250,42,13,-0.3197395127778978,-0.07243131169248973,-0.3216144620745859,-0.07467283963748694,true,true,supported,supported
250,42,14,-0.3595486104145662,-0.10102280915082074,-0.34640916299211677,-0.08153800377598464,true,true,supported,supported
250,42,15,-0.38332731854810276,-0.08614778681775881,-0.3708921017696264,-0.08852443306015578,true,true,supported,supported
250,43,1,0.0,0.0,0.0,0.0,true,true,supported,supported
250,43,2,-0.037776052829664675,0.0018203301959860418,-0.0285113990229805,-0.005768449218922389,true,true,supported,supported
250,43,3,-0.034975281182904494,-0.0027730849575896555,-0.056708336970759055,-0.011608053053717593,true,true,supported,supported
250,43,4,-0.08929755608911816,0.006469791590779539,-0.08459193951108257,-0.0175217503731524,true,true,supported,supported
250,43,5,-0.1315007191135783,-0.018441552594981703,-0.1121632868884026,-0.023512653366313363,true,true,supported,supported
250,43,6,-0.1279602208568661,-0.01977004961180895,-0.13942376036279658,-0.02958418090686943,true,true,supported,supported
250,43,7,-0.15751073196687826,-0.020814814925041003,-0.16637602355004444,-0.03574024009935106,true,true,supported,supported
250,43,8,-0.17617971538783006,-0.016019806387933988,-0.1930186307839873,-0.04198413694927905,true,true,supported,supported
250,43,9,-0.22060185789542608,-0.019835454893013083,-0.2193529060667695,-0.048319987960583344,true,true,supported,supported
250,43,10,-0.24718406132924098,-0.030134774924812757,-0.24538079095203413,-0.05475243016544917,true,true,supported,supported
250,43,11,-0.2600158167386085,-0.044642435187371876,-0.271099807261582,-0.061285314314421635,true,true,supported,supported
250,43,12,-0.28492751172641917,-0.06527211267846167,-0.2965104096796656,-0.06792355157522534,true,true,supported,supported
250,43,13,-0.3189432423850367,-0.07684032619751213,-0.3216144620745859,-0.07467283963748694,true,true,supported,supported
250,43,14,-0.3364177988014163,-0.04462263424664903,-0.34640916299211677,-0.08153800377598464,true,true,supported,supported
250,43,15,-0.37308644983416916,-0.08597408922914385,-0.3708921017696264,-0.08852443306015578,true,true,supported,supported
250,44,1,0.0,0.0,0.0,0.0,true,true,supported,supported
250,44,2,0.01889357845381545,0.017595226444548695,-0.0285113990229805,-0.005768449218922389,true,true,supported,supported
250,44,3,-0.028858180280078694,0.0020876243199979827,-0.056708336970759055,-0.011608053053717593,true,true,supported,supported
250,44,4,-0.03566880116663762,-0.007769899194928209,-0.08459193951108257,-0.0175217503731524,true,true,supported,supported
250,44,5,-0.09080629465120049,-0.031822182264981014,-0.1121632868884026,-0.023512653366313363,true,true,supported,supported
250,44,6,-0.11341495926006095,-0.024796918343469976,-0.13942376036279658,-0.02958418090686943,true,true,supported,supported
250,44,7,-0.14160432294089542,-0.0419327126260951,-0.16637602355004444,-0.03574024009935106,true,true,supported,supported
250,44,8,-0.15414223553815976,-0.04376344175420854,-0.1930186307839873,-0.04198413694927905,true,true,supported,supported
250,44,9,-0.1831881691056566,-0.031502239436496327,-0.2193529060667695,-0.048319987960583344,true,true,supported,supported
250,44,10,-0.2095347820215393,-0.03324381458985548,-0.24538079095203413,-0.05475243016544917,true,true,supported,supported
250,44,11,-0.23926065649906647,-0.0729643956216226,-0.271099807261582,-0.061285314314421635,true,true,supported,supported
250,44,12,-0.28336445816165734,-0.05925128589586359,-0.2965104096796656,-0.06792355157522534,true,true,supported,supported
250,44,13,-0.3158768752210791,-0.07844422327846945,-0.3216144620745859,-0.07467283963748694,true,true,supported,supported
250,44,14,-0.3002893865885794,-0.05928839912605677,-0.34640916299211677,-0.08153800377598464,true,true,supported,supported
250,44,15,-0.3363103553215595,-0.08002540989451612,-0.3708921017696264,-0.08852443306015578,true,true,supported,supported
250,45,1,0.0,0.0,0.0,0.0,true,true,supported,supported
250,45,2,-0.06383077734481368,-0.03748895108550365,-0.0285113990229805,-0.005768449218922389,true,true,supported,supported
250,45,3,-0.09977017368687069,-0.03086351506078666,-0.056708336970759055,-0.011608053053717593,true,true,supported,supported
250,45,4,-0.0805437660689492,-0.013445387367441386,-0.08459193951108257,-0.0175217503731524,true,true,supported,supported
250,45,5,-0.1204980335404674,-0.026746251485905925,-0.1121632868884026,-0.023512653366313363,true,true,supported,supported
250,45,6,-0.16662053088440965,-0.04387293914938495,-0.13942376036279658,-0.02958418090686943,true,true,supported,supported
250,45,7,-0.18501920315205955,-0.026243672576518606,-0.16637602355004444,-0.03574024009935106,true,true,supported,supported
250,45,8,-0.20787281238500355,-0.048556147155337515,-0.1930186307839873,-0.04198413694927905,true,true,supported,supported
250,45,9,-0.2664966717087579,-0.06818919299830706,-0.2193529060667695,-0.048319987960583344,true,true,supported,supported
250,45,10,-0.2671684172200749,-0.05605468511070555,-0.24538079095203413,-0.05475243016544917,true,true,supported,supported
250,45,11,-0.3116877235967215,-0.06400342926146041,-0.271099807261582,-0.061285314314421635,true,true,supported,supported
250,45,12,-0.3463571482350515,-0.10073220468447541,-0.2965104096796656,-0.06792355157522534,true,true,supported,supported
250,45,13,-0.3604960798418132,-0.08231670987871031,-0.3216144620745859,-0.07467283963748694,true,true,supported,supported
250,45,14,-0.386056104704359,-0.12135364509622415,-0.34640916299211677,-0.08153800377598464,true,true,supported,supported
250,45,15,-0.4030686270168623,-0.09546898352078148,-0.3708921017696264,-0.08852443306015578,true,true,supported,supported
250,46,1,0.0,0.0,0.0,0.0,true,true,supported,supported
250,46,2,-0.02358425861994007,-0.01235778462325543,-0.0285113990229805,-0.005768449218922389,true,true,supported,supported
250,46,3,-0.0332265694780739,-0.006748762816034537,-0.056708336970759055,-0.011608053053717593,true,true,supported,supported
250,46,4,-0.07255195375506507,-0.022419103734627854,-0.08459193951108257,-0.0175217503731524,true,true,supported,supported
250,46,5,-0.07976554870716213,-0.015405695200276126,-0.1121632868884026,-0.023512653366313363,true,true,supported,supported
250,46,6,-0.12097938022175703,-0.011933200437597935,-0.13942376036279658,-0.02958418090686943,true,true,supported,supported
250,46,7,-0.15802028226494025,-0.02330569833543672,-0.16637602355004444,-0.03574024009935106,true,true,supported,supported
250,46,8,-0.1774564931229512,-0.024936007921327663,-0.1930186307839873,-0.04198413694927905,true,true,supported,supported
250,46,9,-0.20437541573317897,-0.04842167640100825,-0.2193529060667695,-0.048319987960583344,true,true,supported,supported
250,46,10,-0.25984195422885714,-0.06225947760050132,-0.24538079095203413,-0.05475243016544917,true,true,supported,supported
250,46,11,-0.26863683247884784,-0.07510873159858578,-0.271099807261582,-0.061285314314421635,true,true,supported,supported
250,46,12,-0.2764237092335432,-0.05960651760223645,-0.2965104096796656,-0.06792355157522534,true,true,supported,supported
250,46,13,-0.3120795993994826,-0.08118317855494972,-0.3216144620745859,-0.07467283963748694,true,true,supported,supported
250,46,14,-0.3507469022033076,-0.08678153810835798,-0.34640916299211677,-0.08153800377598464,true,true,supported,supported
250,46,15,-0.35246839541569774,-0.09287663908525778,-0.3708921017696264,-0.08852443306015578,true,true,supported,supported
250,47,1,0.0,0.0,0.0,0.0,true,true,supported,supported
250,47,2,-0.05111813528846332,-0.007585683969099533,-0.0285113990229805,-0.005768449218922389,true,true,supported,supported
250,47,3,-0.07990559649237983,-0.01783768589114676,-0.056708336970759055,-0.011608053053717593,true,true,supported,supported
250,47,4,-0.09134165160559404,-0.010225461089708898,-0.08459193951108257,-0.0175217503731524,true,true,supported,supported
250,47,5,-0.12500849594070929,-0.021433676442483174,-0.1121632868884026,-0.023512653366313363,true,true,supported,supported
250,47,6,-0.14737514846568756,-0.02395601304144157,-0.13942376036279658,-0.02958418090686943,true,true,supported,supported
250,47,7,-0.1750817844343463,-0.025644053818491552,-0.16637602355004444,-0.03574024009935106,true,true,supported,supported
250,47,8,-0.18004449421516278,-0.032907934978398834,-0.1930186307839873,-0.04198413694927905,true,true,supported,supported
250,47,9,-0.23639689699166888,-0.055511379178349696,-0.2193529060667695,-0.048319987960583344,true,true,supported,supported
250,47,10,-0.2661795183287283,-0.07177283046445959,-0.24538079095203413,-0.05475243016544917,true,true,supported,supported
250,47,11,-0.2946020092862077,-0.07897888190917468,-0.271099807261582,-0.061285314314421635,true,true,supported,supported
250,47,12,-0.29525348106657723,-0.0741151333429717,-0.2965104096796656,-0.06792355157522534,true,true,supported,supported
250,47,13,-0.3239779004898543,-0.0861269763377317,-0.3216144620745859,-0.07467283963748694,true,true,supported,supported
250,47,14,-0.3623167286418223,-0.09639535681507361,-0.34640916299211677,-0.08153800377598464,true,true,supported,supported
250,47,15,-0.35453548958985404,-0.05856697937117061,-0.3708921017696264,-0.08852443306015578,true,true,supported,supported
250,48,1,0.0,0.0,0.0,0.0,true,true,supported,supported
250,48,2,-0.05630448869880944,-0.008168889310579797,-0.0285113990229805,-0.005768449218922389,true,true,supported,supported
250,48,3,-0.08089349748649488,-0.007833477221384832,-0.056708336970759055,-0.011608053053717593,true,true,supported,supported
250,48,4,-0.06351054648425469,0.0013092369639958745,-0.08459193951108257,-0.0175217503731524,true,true,supported,supported
250,48,5,-0.127855257402537,-0.013187756909015302,-0.1121632868884026,-0.023512653366313363,true,true,supported,supported
250,48,6,-0.16693439046431857,-0.03150883149056927,-0.13942376036279658,-0.02958418090686943,true,true,supported,supported
250,48,7,-0.19580658416101526,-0.03658277264595011,-0.16637602355004444,-0.03574024009935106,true,true,supported,supported
250,48,8,-0.20536584717149964,-0.03872590691853428,-0.1930186307839873,-0.04198413694927905,true,true,supported,supported
250,48,9,-0.22592187406643027,-0.02246672642261105,-0.2193529060667695,-0.048319987960583344,true,true,supported,supported
250,48,10,-0.25616977096116067,-0.042903142488463275,-0.24538079095203413,-0.05475243016544917,true,true,supported,supported
250,48,11,-0.29085761566681434,-0.0652433780439623,-0.271099807261582,-0.061285314314421635,true,true,supported,supported
250,48,12,-0.323841453114877,-0.06518935085272859,-0.2965104096796656,-0.06792355157522534,true,true,supported,supported
250,48,13,-0.3568213516644988,-0.0894908406660071,-0.3216144620745859,-0.07467283963748694,true,true,supported,supported
250,48,14,-0.35721214462177453,-0.07321700520537966,-0.34640916299211677,-0.08153800377598464,true,true,supported,supported
250,48,15,-0.4027170760026527,-0.10201738492087797,-0.3708921017696264,-0.08852443306015578,true,true,supported,supported
250,49,1,0.0,0.0,0.0,0.0,true,true,supported,supported
250,49,2,-0.02750346580145313,-0.03238912592209109,-0.0285113990229805,-0.005768449218922389,true,true,supported,supported
250,49,3,-0.04187099835199182,-0.02987217969801781,-0.056708336970759055,-0.011608053053717593,true,true,supported,supported
250,49,4,-0.06931580531400239,-0.030476410426817035,-0.08459193951108257,-0.0175217503731524,true,true,supported,supported
250,49,5,-0.11082842969398865,-0.0495661498447324,-0.1121632868884026,-0.023512653366313363,true,true,supported,supported
250,49,6,-0.1405621149143419,-0.042333556232724834,-0.13942376036279658,-0.02958418090686943,true,true,supported,supported
250,49,7,-0.1331299527446661,-0.020053750247942537,-0.16637602355004444,-0.03574024009935106,true,true,supported,supported
250,49,8,-0.19852710528543194,-0.07131056457551932,-0.1930186307839873,-0.04198413694927905,true,true,supported,supported
250,49,9,-0.21742642056977113,-0.07510134174842442,-0.2193529060667695,-0.048319987960583344,true,true,supported,supported
250,49,10,-0.24332083275303884,-0.06796686672717267,-0.24538079095203413,-0.05475243016544917,true,true,supported,supported
250,49,11,-0.25827712803544034,-0.08132888177997832,-0.271099807261582,-0.061285314314421635,true,true,supported,supported
250,49,12,-0.28088525691405397,-0.08216783344280354,-0.2965104096796656,-0.06792355157522534,true,true,supported,supported
250,49,13,-0.33729280698564745,-0.09493532954570438,-0.3216144620745859,-0.07467283963748694,true,true,supported,supported
250,49,14,-0.3386054652515844,-0.06859084879077759,-0.34640916299211677,-0.08153800377598464,true,true,supported,supported
250,49,15,-0.3606587882696304,-0.06895363187101455,-0.3708921017696264,-0.08852443306015578,true,true,supported,supported
250,50,1,0.0,0.0,0.0,0.0,true,true,supported,supported
250,50,2,-0.03136740745035471,0.021240774285003816,-0.0285113990229805,-0.005768449218922389,true,true,supported,supported
250,50,3,-0.05585949834740911,-0.015287269382880275,-0.056708336970759055,-0.011608053053717593,true,true,supported,supported
250,50,4,-0.08122565060120568,-0.014671516036097398,-0.08459193951108257,-0.0175217503731524,true,true,supported,supported
250,50,5,-0.09443030064317992,0.001668749903258493,-0.1121632868884026,-0.023512653366313363,true,true,supported,supported
250,50,6,-0.12759638455371103,-0.0193896980882311,-0.13942376036279658,-0.02958418090686943,true,true,supported,supported
250,50,7,-0.16924432032347603,-0.028787134683305404,-0.16637602355004444,-0.03574024009935106,true,true,supported,supported
250,50,8,-0.16585250427993437,-0.022023632399538196,-0.1930186307839873,-0.04198413694927905,true,true,supported,supported
250,50,9,-0.19096025648285753,-0.046668376180807325,-0.2193529060667695,-0.048319987960583344,true,true,supported,supported
250,50,10,-0.23325542349908812,-0.04156442368512059,-0.24538079095203413,-0.05475243016544917,true,true,supported,supported
250,50,11,-0.23303766128484316,-0.054965023689762416,-0.271099807261582,-0.061285314314421635,true,true,supported,supported
250,50,12,-0.2796359477105387,-0.060388065410927005,-0.2965104096796656,-0.06792355157522534,true,true,supported,supported
250,50,13,-0.320281920199189,-0.07596431519914482,-0.3216144620745859,-0.07467283963748694,true,true,supported,supported
250,50,14,-0.3373941225780507,-0.07211246115105574,-0.34640916299211677,-0.08153800377598464,true,true,supported,supported
250,50,15,-0.36234439041065414,-0.09149190546980934,-0.3708921017696264,-0.08852443306015578,true,true,supported,supported
250,51,1,0.0,0.0,0.0,0.0,true,true,supported,supported
250,51,2,-0.05076901587217808,0.011604182157951004,-0.0285113990229805,-0.005768449218922389,true,true,supported,supported
250,51,3,-0.056675407257685606,0.00784770609653862,-0.056708336970759055,-0.011608053053717593,true,true,supported,supported
250,51,4,-0.09900277303610694,-0.019676260246073052,-0.08459193951108257,-0.0175217503731524,true,true,supported,supported
250,51,5,-0.12152250706335987,-0.018752898825230124,-0.1121632868884026,-0.023512653366313363,true,true,supported,supported
250,51,6,-0.11998343836401237,0.010579622413571799,-0.13942376036279658,-0.02958418090686943,true,true,supported,supported
250,51,7,-0.1922458779220677,-0.04673316084097734,-0.16637602355004444,-0.03574024009935106,true,true,supported,supported
250,51,8,-0.2041505936445942,-0.03161899054630213,-0.1930186307839873,-0.04198413694927905,true,true,supported,supported
250,51,9,-0.24431877354696008,-0.0375472279961262,-0.2193529060667695,-0.048319987960583344,true,true,supported,supported
250,51,10,-0.25035117253483297,-0.04601105493207103,-0.24538079095203413,-0.05475243016544917,true,true,supported,supported
250,51,11,-0.28161305732296027,-0.042252281182606266,-0.271099807261582,-0.061285314314421635,true,true,supported,supported
250,51,12,-0.31912338670472795,-0.06497678897346082,-0.2965104096796656,-0.06792355157522534,true,true,supported,supported
250,51,13,-0.33155741611414125,-0.05224930493038471,-0.3216144620745859,-0.07467283963748694,true,true,supported,supported
250,51,14,-0.34265058731828113,-0.07272339780526416,-0.34640916299211677,-0.08153800377598464,true,true,supported,supported
250,51,15,-0.34953355168062894,-0.0601792245082996,-0.3708921017696264,-0.08852443306015578,true,true,supported,supported
250,52,1,0.0,0.0,0.0,0.0,true,true,supported,supported
250,52,2,0.003490953108058137,-0.0008124940093794386,-0.0285113990229805,-0.005768449218922389,true,true,supported,supported
250,52,3,-0.035439321601808405,0.000533967672364799,-0.056708336970759055,-0.011608053053717593,true,true,supported,supported
250,52,4,-0.09063255699604633,-0.026419253949587773,-0.08459193951108257,-0.0175217503731524,true,true,supported,supported
250,52,5,-0.1017040330510659,-0.021867527971854317,-0.1121632868884026,-0.023512653366313363,true,true,supported,supported
250,52,6,-0.11571471691727697,-0.009499274337130936,-0.13942376036279658,-0.02958418090686943,true,true,supported,supported
250,52,7,-0.15961078167893294,-0.022337100419154265,-0.16637602355004444,-0.03574024009935106,true,true,supported,supported
250,52,8,-0.1772547637012486,-0.05390814999339655,-0.1930186307839873,-0.04198413694927905,true,true,supported,supported
250,52,9,-0.21480212590991143,-0.03632764281177081,-0.2193529060667695,-0.048319987960583344,true,true,supported,supported
250,52,10,-0.21308640528145628,-0.03338552421498553,-0.24538079095203413,-0.05475243016544917,true,true,supported,supported
250,52,11,-0.2653645990500507,-0.07365942998698616,-0.271099807261582,-0.061285314314421635,true,true,supported,supported
250,52,12,-0.2863383482258369,-0.07081901242131783,-0.2965104096796656,-0.06792355157522534,true,true,supported,supported
250,52,13,-0.29847213253007476,-0.08145893024339523,-0.3216144620745859,-0.07467283963748694,true,true,supported,supported
250,52,14,-0.32239082337897185,-0.04524795564714679,-0.34640916299211677,-0.08153800377598464,true,true,supported,supported
250,52,15,-0.35151564400746615,-0.06454172675198455,-0.3708921017696264,-0.08852443306015578,true,true,supported,supported
250,53,1,0.0,0.0,0.0,0.0,true,true,supported,supported
250,53,2,-0.0663813804636193,-0.023829189605722,-0.0285113990229805,-0.005768449218922389,true,true,supported,supported
250,53,3,-0.08621303642034683,-0.005304682265543148,-0.056708336970759055,-0.011608053053717593,true,true,supported,supported
250,53,4,-0.11816670160143194,-0.020915800577829713,-0.08459193951108257,-0.0175217503731524,true,true,supported,supported
250,53,5,-0.13797495736997067,-0.0481017437039013,-0.1121632868884026,-0.023512653366313363,true,true,supported,supported
250,53,6,-0.17020609961667377,-0.05751358386930172,-0.13942376036279658,-0.02958418090686943,true,true,supported,supported
250,53,7,-0.20330984566436172,-0.042624611692787195,-0.16637602355004444,-0.03574024009935106,true,true,supported,supported
250,53,8,-0.22521784763272945,-0.043379259065709275,-0.1930186307839873,-0.04198413694927905,true,true,supported,supported
250,53,9,-0.2542774474311541,-0.07955316546901092,-0.2193529060667695,-0.048319987960583344,true,true,supported,supported
250,53,10,-0.2734702086771331,-0.06125865054795687,-0.24538079095203413,-0.05475243016544917,true,true,supported,supported
250,53,11,-0.2901409647978188,-0.07425533295878872,-0.271099807261582,-0.061285314314421635,true,true,supported,supported
250,53,12,-0.3173755769060196,-0.06735650672041882,-0.2965104096796656,-0.06792355157522534,true,true,supported,supported
250,53,13,-0.34638161634785425,-0.08919660678881769,-0.3216144620745859,-0.07467283963748694,true,true,supported,supported
250,53,14,-0.34712812625160927,-0.06178123340517505,-0.34640916299211677,-0.08153800377598464,true,true,supported,supported
250,53,15,-0.38923665368985616,-0.10046450349136737,-0.3708921017696264,-0.08852443306015578,true,true,supported,supported
250,54,1,0.0,0.0,0.0,0.0,true,true,supported,supported
250,54,2,-0.038571961375457486,-0.016820564399867566,-0.0285113990229805,-0.005768449218922389,true,true,supported,supported
250,54,3,-0.08595662739583476,-0.03240694597196825,-0.056708336970759055,-0.011608053053717593,true,true,supported,supported
250,54,4,-0.11666770868114562,-0.045727618174094875,-0.08459193951108257,-0.0175217503731524,true,true,supported,supported
250,54,5,-0.12327461174094334,-0.03334233910555162,-0.1121632868884026,-0.023512653366313363,true,true,supported,supported
250,54,6,-0.17384918225255686,-0.04687845450366179,-0.13942376036279658,-0.02958418090686943,true,true,supported,supported
250,54,7,-0.17558620685716286,-0.05500707674156524,-0.16637602355004444,-0.03574024009935106,true,true,supported,supported
250,54,8,-0.2130682932007143,-0.07044926319524147,-0.1930186307839873,-0.04198413694927905,true,true,supported,supported
250,54,9,-0.24318474717248373,-0.05578172101721279,-0.2193529060667695,-0.048319987960583344,true,true,supported,supported
250,54,10,-0.23981092293888162,-0.037239069439296224,-0.24538079095203413,-0.05475243016544917,true,true,supported,supported
250,54,11,-0.30700509230420125,-0.08958461810938034,-0.271099807261582,-0.061285314314421635,true,true,supported,supported
250,54,12,-0.3230133596588447,-0.06941734967558666,-0.2965104096796656,-0.06792355157522534,true,true,supported,supported
250,54,13,-0.3419827526018343,-0.07079642351446513,-0.3216144620745859,-0.07467283963748694,true,true,supported,supported
250,54,14,-0.3627002677711544,-0.112140029923119,-0.34640916299211677,-0.08153800377598464,true,true,supported,supported
250,54,15,-0.37667998855937557,-0.09766938273499326,-0.3708921017696264,-0.08852443306015578,true,true,supported,supported
250,55,1,0.0,0.0,0.0,0.0,true,true,supported,supported
250,55,2,-0.043443506642182106,-0.008484418180304765,-0.0285113990229805,-0.005768449218922389,true,true,supported,supported
250,55,3,-0.10220109298199087,-0.04588793293751836,-0.056708336970759055,-0.011608053053717593,true,true,supported,supported
250,55,4,-0.09216316887602516,-0.024017037861574053,-0.08459193951108257,-0.0175217503731524,true,true,supported,supported
250,55,5,-0.11497177218348309,-0.03023962219706311,-0.1121632868884026,-0.023512653366313363,true,true,supported,supported
250,55,6,-0.14914942730303893,-0.051118638723545384,-0.13942376036279658,-0.02958418090686943,true,true,supported,supported
250,55,7,-0.16961728910961305,-0.04114196538653825,-0.16637602355004444,-0.03574024009935106,true,true,supported,supported
250,55,8,-0.212124751071469,-0.04480171247513509,-0.1930186307839873,-0.04198413694927905,true,true,supported,supported
250,55,9,-0.2332248894316561,-0.06822471520468809,-0.2193529060667695,-0.048319987960583344,true,true,supported,supported
250,55,10,-0.25890382427043346,-0.05600636288588745,-0.24538079095203413,-0.05475243016544917,true,true,supported,supported
250,55,11,-0.28741577690395315,-0.06520882661861493,-0.271099807261582,-0.061285314314421635,true,true,supported,supported
250,55,12,-0.31554442756082424,-0.083841727010598,-0.2965104096796656,-0.06792355157522534,true,true,supported,supported
250,55,13,-0.3512427670862618,-0.0760417312465711,-0.3216144620745859,-0.07467283963748694,true,true,supported,supported
250,55,14,-0.3659149352188986,-0.10435032041600167,-0.34640916299211677,-0.08153800377598464,true,true,supported,supported
250,55,15,-0.38186712252049626,-0.10917205754332282,-0.3708921017696264,-0.08852443306015578,true,true,supported,supported
250,56,1,0.0,0.0,0.0,0.0,true,true,supported,supported
250,56,2,0.005844631421772939,0.02523963730543155,-0.0285113990229805,-0.005768449218922389,true,true,supported,supported
250,56,3,-0.05513489788917447,-0.0018064625719763638,-0.056708336970759055,-0.011608053053717593,true,true,supported,supported
250,56,4,-0.07163241076962923,-0.0023728389576453957,-0.08459193951108257,-0.0175217503731524,true,true,supported,supported
250,56,5,-0.09674567090602426,-0.02238163264294246,-0.1121632868884026,-0.023512653366313363,true,true,supported,supported
250,56,6,-0.13862887164831628,-0.021444627400933558,-0.13942376036279658,-0.02958418090686943,true,true,supported,supported
250,56,7,-0.17730141484440842,-0.04302664608087381,-0.16637602355004444,-0.03574024009935106,true,true,supported,supported
250,56,8,-0.17722820837897624,-0.01979152259509298,-0.1930186307839873,-0.04198413694927905,true,true,supported,supported
250,56,9,-0.21321584874328448,-0.0480306375372167,-0.2193529060667695,-0.048319987960583344,true,true,supported,supported
250,56,10,-0.2222678078494712,-0.0312689675158746,-0.24538079095203413,-0.05475243016544917,true,true,supported,supported
250,56,11,-0.25827221721869364,-0.024318695404565993,-0.271099807261582,-0.061285314314421635,true,true,supported,supported
250,56,12,-0.28961282454628345,-0.05795517156635621,-0.2965104096796656,-0.06792355157522534,true,true,supported,supported
250,56,13,-0.3223484374111195,-0.05957155477378284,-0.3216144620745859,-0.07467283963748694,true,true,supported,supported
250,56,14,-0.33610487153204716,-0.06742707604147558,-0.34640916299211677,-0.08153800377598464,true,true,supported,supported
250,56,15,-0.3711501462893715,-0.0844069763126879,-0.3708921017696264,-0.08852443306015578,true,true,supported,supported
250,57,1,0.0,0.0,0.0,0.0,true,true,supported,supported
250,57,2,-0.04106094034551111,0.002200310886485979,-0.0285113990229805,-0.005768449218922389,true,true,supported,supported
250,57,3,-0.0664522347861718,-0.0012509406575952342,-0.056708336970759055,-0.011608053053717593,true,true,supported,supported
250,57,4,-0.10961899391767582,-0.009673360339731207,-0.08459193951108257,-0.0175217503731524,true,true,supported,supported
250,57,5,-0.11534585669022979,-0.00433894610646246,-0.1121632868884026,-0.023512653366313363,true,true,supported,supported
250,57,6,-0.13237167680456685,-0.02592907206897266,-0.13942376036279658,-0.02958418090686943,true,true,supported,supported
250,57,7,-0.15953194378041402,-0.0077164037124640705,-0.16637602355004444,-0.03574024009935106,true,true,supported,supported
250,57,8,-0.20619925602941336,-0.022171924682746758,-0.1930186307839873,-0.04198413694927905,true,true,supported,supported
250,57,9,-0.23890232530572308,-0.033417301648850595,-0.2193529060667695,-0.048319987960583344,true,true,supported,supported
250,57,10,-0.25616752483521554,-0.0595883984145511,-0.24538079095203413,-0.05475243016544917,true,true,supported,supported
250,57,11,-0.2835260627592061,-0.0598399226323737,-0.271099807261582,-0.061285314314421635,true,true,supported,supported
250,57,12,-0.2947449487915086,-0.08881042502501268,-0.2965104096796656,-0.06792355157522534,true,true,supported,supported
250,57,13,-0.3247740295849846,-0.058562256135338164,-0.3216144620745859,-0.07467283963748694,true,true,supported,supported
250,57,14,-0.3361704586785781,-0.056403918811124165,-0.34640916299211677,-0.08153800377598464,true,true,supported,supported
250,57,15,-0.386707907665522,-0.08389170762886,-0.3708921017696264,-0.08852443306015578,true,true,supported,supported
250,58,1,0.0,0.0,0.0,0.0,true,true,supported,supported
250,58,2,-0.015182481633882583,0.005532662590993276,-0.0285113990229805,-0.005768449218922389,true,true,supported,supported
250,58,3,-0.058381247055605545,-0.0019887352851215567,-0.056708336970759055,-0.011608053053717593,true,true,supported,supported
250,58,4,-0.10338692398655303,-0.008925686714951975,-0.08459193951108257,-0.0175217503731524,true,true,supported,supported
250,58,5,-0.10839467937688929,-0.026035764939804196,-0.1121632868884026,-0.023512653366313363,true,true,supported,supported
250,58,6,-0.15548385727575398,-0.02023342328636113,-0.13942376036279658,-0.02958418090686943,true,true,supported,supported
250,58,7,-0.18053490561562469,-0.05414987005477023,-0.16637602355004444,-0.03574024009935106,true,true,supported,supported
250,58,8,-0.21066845033883452,-0.052865536622785814,-0.1930186307839873,-0.04198413694927905,true,true,supported,supported
250,58,9,-0.2315399192636387,-0.056956031149827835,-0.2193529060667695,-0.048319987960583344,true,true,supported,supported
250,58,10,-0.24626407035807496,-0.03599765943084077,-0.24538079095203413,-0.05475243016544917,true,true,supported,supported
250,58,11,-0.2799416840577613,-0.054162708512840774,-0.271099807261582,-0.061285314314421635,true,true,supported,supported
250,58,12,-0.3035779590419495,-0.0631038188555848,-0.2965104096796656,-0.06792355157522534,true,true,supported,supported
250,58,13,-0.3159188560959596,-0.05844239404663332,-0.3216144620745859,-0.07467283963748694,true,true,supported,supported
250,58,14,-0.3671067247924571,-0.08479122182453913,-0.34640916299211677,-0.08153800377598464,true,true,supported,supported
250,58,15,-0.37246524180472984,-0.09092960298876529,-0.3708921017696264,-0.08852443306015578,true,true,supported,supported
250,59,1,0.0,0.0,0.0,0.0,true,true,supported,supported
250,59,2,-0.02826596669733683,0.005200124430062236,-0.0285113990229805,-0.005768449218922389,true,true,supported,supported
250,59,3,-0.041515397050956526,-0.0020512505659296965,-0.056708336970759055,-0.011608053053717593,true,true,supported,supported
250,59,4,-0.08254149797673938,-0.0028519572169575236,-0.08459193951108257,-0.0175217503731524,true,true,supported,supported
250,59,5,-0.1169914328873014,0.0010569248079965732,-0.1121632868884026,-0.023512653366313363,true,true,supported,supported
250,59,6,-0.14898028435048094,-0.04453565016692285,-0.13942376036279658,-0.02958418090686943,true,true,supported,supported
250,59,7,-0.1454094309929338,-0.016050535996820936,-0.16637602355004444,-0.03574024009935106,true,true,supported,supported
250,59,8,-0.1866475360198807,-0.023293958024765637,-0.1930186307839873,-0.04198413694927905,true,true,supported,supported
250,59,9,-0.2114612119553877,-0.041025323779370404,-0.2193529060667695,-0.048319987960583344,true,true,supported,supported
250,59,10,-0.260393294966616,-0.04211739055514785,-0.24538079095203413,-0.05475243016544917,true,true,supported,supported
250,59,11,-0.2749424222656026,-0.05163533866805314,-0.271099807261582,-0.061285314314421635,true,true,supported,supported
250,59,12,-0.30934067047116953,-0.06907835919509031,-0.2965104096796656,-0.06792355157522534,true,true,supported,supported
250,59,13,-0.33217050599706055,-0.07142366253595811,-0.3216144620745859,-0.07467283963748694,true,true,supported,supported
250,59,14,-0.34077492537005394,-0.07709014071044584,-0.34640916299211677,-0.08153800377598464,true,true,supported,supported
250,59,15,-0.37152678739527056,-0.10353548760463305,-0.3708921017696264,-0.08852443306015578,true,true,supported,supported
250,60,1,0.0,0.0,0.0,0.0,true,true,supported,supported
250,60,2,-0.04915979379188096,-0.023415729704647004,-0.0285113990229805,-0.005768449218922389,true,true,supported,supported
250,60,3,-0.0763610327071137,-0.015362438308206938,-0.056708336970759055,-0.011608053053717593,true,true,supported,supported
250,60,4,-0.11151532405823572,-0.02687468183469166,-0.08459193951108257,-0.0175217503731524,true,true,supported,supported
250,60,5,-0.11606667846913865,-0.010388767119069775,-0.1121632868884026,-0.023512653366313363,true,true,supported,supported
250,60,6,-0.15929286941564758,-0.040684214564019716,-0.13942376036279658,-0.02958418090686943,true,true,supported,supported
250,60,7,-0.17094282035215014,-0.037678030469117996,-0.16637602355004444,-0.03574024009935106,true,true,supported,supported
250,60,8,-0.20189520904188696,-0.0475846616611979,-0.1930186307839873,-0.04198413694927905,true,true,supported,supported
250,60,9,-0.24227986031406978,-0.041688883162494084,-0.2193529060667695,-0.048319987960583344,true,true,supported,supported
250,60,10,-0.2682350378857705,-0.08264105680369005,-0.24538079095203413,-0.05475243016544917,true,true,supported,supported
250,60,11,-0.2795908707092344,-0.05594438269656932,-0.271099807261582,-0.061285314314421635,true,true,supported,supported
250,60,12,-0.32440218732091874,-0.09181957758708881,-0.2965104096796656,-0.06792355157522534,true,true,supported,supported
250,60,13,-0.3471373056927398,-0.08869157833645147,-0.3216144620745859,-0.07467283963748694,true,true,supported,supported
250,60,14,-0.37150926629259096,-0.09633910635538778,-0.34640916299211677,-0.08153800377598464,true,true,supported,supported
250,60,15,-0.37846185370266194,-0.0962962011714894,-0.3708921017696264,-0.08852443306015578,true,true,supported,supported
250,61,1,0.0,0.0,0.0,0.0,true,true,supported,supported
250,61,2,-0.03566249564541679,-0.01731727289177787,-0.0285113990229805,-0.005768449218922389,true,true,supported,supported
250,61,3,-0.061071286135684244,-0.005670633556764448,-0.056708336970759055,-0.011608053053717593,true,true,supported,supported
250,61,4,-0.08982175342377052,-0.026428517606070012,-0.08459193951108257,-0.0175217503731524,true,true,supported,supported
250,61,5,-0.1329647094968479,-0.021636401780963488,-0.1121632868884026,-0.023512653366313363,true,true,supported,supported
250,61,6,-0.14148780248751103,-0.0411258387667075,-0.13942376036279658,-0.02958418090686943,true,true,supported,supported
250,61,7,-0.1700339385342483,-0.047147878790710696,-0.16637602355004444,-0.03574024009935106,true,true,supported,supported
250,61,8,-0.193826826562834,-0.05814063726683272,-0.1930186307839873,-0.04198413694927905,true,true,supported,supported
250,61,9,-0.21673355272733275,-0.05971363388815021,-0.2193529060667695,-0.048319987960583344,true,true,supported,supported
250,61,10,-0.24975430597204962,-0.049461065218858846,-0.24538079095203413,-0.05475243016544917,true,true,supported,supported
250,61,11,-0.27784738209422744,-0.06953617529748912,-0.271099807261582,-0.061285314314421635,true,true,supported,supported
250,61,12,-0.2887930328093772,-0.09157033723984664,-0.2965104096796656,-0.06792355157522534,true,true,supported,supported
250,61,13,-0.3273565189256633,-0.07224612873990033,-0.3216144620745859,-0.07467283963748694,true,true,supported,supported
250,61,14,-0.3581207494521176,-0.07446988834578949,-0.34640916299211677,-0.08153800377598464,true,true,supported,supported
250,61,15,-0.3869949466954411,-0.10331040360236543,-0.3708921017696264,-0.08852443306015578,true,true,supported,supported
250,62,1,0.0,0.0,0.0,0.0,true,true,supported,supported
250,62,2,-0.022555001243861672,0.010651503250288408,-0.0285113990229805,-0.005768449218922389,true,true,supported,supported
250,62,3,-0.041467850937649264,0.02691090017562059,-0.056708336970759055,-0.011608053053717593,true,true,supported,supported
250,62,4,-0.07670520772804668,-0.02061157716762929,-0.08459193951108257,-0.0175217503731524,true,true,supported,supported
250,62,5,-0.11186997250972008,-0.01070703595779865,-0.1121632868884026,-0.023512653366313363,true,true,supported,supported
250,62,6,-0.13221356080274804,-0.004044131336644163,-0.13942376036279658,-0.02958418090686943,true,true,supported,supported
250,62,7,-0.13717964292496365,-0.005725124824113248,-0.16637602355004444,-0.03574024009935106,true,true,supported,supported
250,62,8,-0.2164500419627664,-0.044791571221915905,-0.1930186307839873,-0.04198413694927905,true,true,supported,supported
250,62,9,-0.2193846145366385,-0.0453971902280208,-0.2193529060667695,-0.048319987960583344,true,true,supported,supported
250,62,10,-0.25446030429983924,-0.047578474544506366,-0.24538079095203413,-0.05475243016544917,true,true,supported,supported
250,62,11,-0.25440765427908474,-0.03884248701138271,-0.271099807261582,-0.061285314314421635,true,true,supported,supported
250,62,12,-0.30007162904403617,-0.055670453018289545,-0.2965104096796656,-0.06792355157522534,true,true,supported,supported
250,62,13,-0.31250265424637313,-0.05336510435061115,-0.3216144620745859,-0.07467283963748694,true,true,supported,supported
250,62,14,-0.33315512073165066,-0.07403855787792735,-0.34640916299211677,-0.08153800377598464,true,true,supported,supported
250,62,15,-0.36940518767157215,-0.0633633158467164,-0.3708921017696264,-0.08852443306015578,true,true,supported,supported
250,63,1,0.0,0.0,0.0,0.0,true,true,supported,supported
250,63,2,-0.04866397169198977,-0.007910286383574716,-0.0285113990229805,-0.005768449218922389,true,true,supported,supported
250,63,3,-0.048325583601565025,-0.014607444333728514,-0.056708336970759055,-0.011608053053717593,true,true,supported,supported
250,63,4,-0.10324908830543755,-0.02794131162256608,-0.08459193951108257,-0.0175217503731524,true,true,supported,supported
250,63,5,-0.11460262672984933,-0.02485428307388937,-0.1121632868884026,-0.023512653366313363,true,true,supported,supported
250,63,6,-0.14164324116305138,-0.03971992971591076,-0.13942376036279658,-0.02958418090686943,true,true,supported,supported
250,63,7,-0.15544002100112986,-0.04454222585265932,-0.16637602355004444,-0.03574024009935106,true,true,supported,supported
250,63,8,-0.17716854923272907,-0.04310818678846584,-0.1930186307839873,-0.04198413694927905,true,true,supported,supported
250,63,9,-0.2223237792733641,-0.049994544401462004,-0.2193529060667695,-0.048319987960583344,true,true,supported,supported
250,63,10,-0.2371323618312432,-0.06857171518149574,-0.24538079095203413,-0.05475243016544917,true,true,supported,supported
250,63,11,-0.2630991458036668,-0.06478881304459383,-0.271099807261582,-0.061285314314421635,true,true,supported,supported
250,63,12,-0.2843442885234124,-0.07211043394703665,-0.2965104096796656,-0.06792355157522534,true,true,supported,supported
250,63,13,-0.3239023401301344,-0.08128230842389661,-0.3216144620745859,-0.07467283963748694,true,true,supported,supported
250,63,14,-0.36327858904100485,-0.08362145536106802,-0.34640916299211677,-0.08153800377598464,true,true,supported,supported
250,63,15,-0.3755627702518809,-0.09732012658166134,-0.3708921017696264,-0.08852443306015578,true,true,supported,supported
300,0,1,0.0,0.0,0.0,0.0,true,true,supported,supported
300,0,2,-0.009975796297501782,0.013500628594894759,-0.03417601520363278,-0.006930613128595886,true,true,supported,supported
300,0,3,-0.04926331273128337,0.010256116621443767,-0.06789901947459309,-0.01396439853007514,true,true,supported,supported
300,0,4,-0.04970796737452432,0.02487135827272602,-0.10117216454028588,-0.021106823250838902,true,true,supported,supported
300,0,5,-0.11410802933580422,-4.099074932761848e-05,-0.13399646036816137,-0.028363255966455614,true,true,supported,supported
300,0,6,-0.15139786682529088,-0.022494206145880935,-0.16637602355004444,-0.03574024009935106,true,true,supported,supported
300,0,7,-0.1871561438605791,-0.03246778351379609,-0.19831012895115097,-0.04324382565070417,true,true,supported,supported
300,0,8,-0.20251651291357886,-0.04329378165827236,-0.22980045707614938,-0.050881040517256726,true,true,supported,supported
300,0,9,-0.24640279769775553,-0.0423214789873958,-0.26084922894230167,-0.058659794241044616,true,true,supported,supported
300,0,10,-0.2832864378093285,-0.05669238143892308,-0.29145296486892514,-0.06658724516899128,true,true,supported,supported
300,0,11,-0.29699791071499093,-0.048615171848802596,-0.3216144620745859,-0.07467283963748694,true,true,supported,supported
300,0,12,-0.34805314356966466,-0.08793590658163863,-0.35133084197213227,-0.08292544627216525,true,true,supported,supported
300,0,13,-0.35385044758014605,-0.06670878736471131,-0.3805989483691493,-0.0913546916807021,true,true,supported,supported
300,0,14,-0.386869313867102,-0.07178207617034182,-0.409415497129734,-0.09997120234666923,true,true,supported,supported
300,0,15,-0.40835582276500215,-0.04937063574758482,-0.437777672704159,-0.10878678435253109,true,true,supported,supported
300,1,1,0.0,0.0,0.0,0.0,true,true,supported,supported
300,1,2,-0.00019904555936489654,0.014792448295544158,-0.03417601520363278,-0.006930613128595886,true,true,supported,supported
300,1,3,-0.05274315905971272,-0.026770153669716135,-0.06789901947459309,-0.01396439853007514,true,true,supported,supported
300,1,4,-0.07819078219816344,-0.027678127453465762,-0.10117216454028588,-0.021106823250838902,true,true,supported,supported
300,1,5,-0.10163449282897885,-0.027938922902011498,-0.13399646036816137,-0.028363255966455614,true,true,supported,supported
300,1,6,-0.1548206625294951,-0.056709368172347396,-0.16637602355004444,-0.03574024009935106,true,true,supported,supported
300,1,7,-0.16937191837145427,-0.030360807580638083,-0.19831012895115097,-0.04324382565070417,true,true,supported,supported
300,1,8,-0.22287988010573156,-0.07746281927419163,-0.22980045707614938,-0.050881040517256726,true,true,supported,supported
300,1,9,-0.2477717680755368,-0.06903945522776689,-0.26084922894230167,-0.058659794241044616,true,true,supported,supported
300,1,10,-0.2930612267080859,-0.08682394049367603,-0.29145296486892514,-0.06658724516899128,true,true,supported,supported
300,1,11,-0.30695862009758346,-0.07356267269173322,-0.3216144620745859,-0.07467283963748694,true,true,supported,supported
300,1,12,-0.3175858164414538,-0.0766963281730152,-0.35133084197213227,-0.08292544627216525,true,true,supported,supported
300,1,13,-0.37956027765717015,-0.09434929550295912,-0.3805989483691493,-0.0913546916807021,true,true,supported,supported
300,1,14,-0.3899577403864958,-0.10925422871352586,-0.409415497129734,-0.09997120234666923,true,true,supported,supported
300,1,15,-0.416501164838598,-0.11215996862796207,-0.437777672704159,-0.10878678435253109,true,true,supported,supported
300,2,1,0.0,0.0,0.0,0.0,true,true,supported,supported
300,2,2,-0.06070305469253512,-0.043338336132739186,-0.03417601520363278,-0.006930613128595886,true,true,supported,supported
300,2,3,-0.10197580493349856,-0.028615534301112855,-0.06789901947459309,-0.01396439853007514,true,true,supported,supported
300,2,4,-0.11375031334593877,-0.035273966097424725,-0.10117216454028588,-0.021106823250838902,true,true,supported,supported
300,2,5,-0.1570215015212093,-0.01899809397349661,-0.13399646036816137,-0.028363255966455614,true,true,supported,supported
300,2,6,-0.19055124296043213,-0.04939283801993277,-0.16637602355004444,-0.03574024009935106,true,true,supported,supported
300,2,7,-0.2124581177696343,-0.047100841317828546,-0.19831012895115097,-0.04324382565070417,true,true,supported,supported
300,2,8,-0.24926506871881393,-0.04351252785197912,-0.22980045707614938,-0.050881040517256726,true,true,supported,supported
300,2,9,-0.2725559924709966,-0.041685487343253946,-0.26084922894230167,-0.058659794241044616,true,true,supported,supported
300,2,10,-0.30740790040310884,-0.05217434179120717,-0.29145296486892514,-0.06658724516899128,true,true,supported,supported
300,2,11,-0.33047960592240777,-0.08295334867463422,-0.3216144620745859,-0.07467283963748694,true,true,supported,supported
300,2,12,-0.3914184651311058,-0.09525438580158585,-0.35133084197213227,-0.08292544627216525,true,true,supported,supported
300,2,13,-0.39161769859496043,-0.09193983518510884,-0.3805989483691493,-0.0913546916807021,true,true,supported,supported
300,2,14,-0.4225426459718542,-0.11313771942666229,-0.409415497129734,-0.09997120234666923,true,true,supported,supported
300,2,15,-0.46197728104459446,-0.16831296909473648,-0.437777672704159,-0.10878678435253109,true,true,supported,supported
300,3,1,0.0,0.0,0.0,0.0,true,true,supported,supported
300,3,2,-0.03668142046240064,-0.017835866742119566,-0.03417601520363278,-0.006930613128595886,true,true,supported,supported
300,3,3,-0.06891688921665595,-0.022077740753511987,-0.06789901947459309,-0.01396439853007514,true,true,supported,supported
300,3,4,-0.08818015502927945,-0.03320005255853631,-0.10117216454028588,-0.021106823250838902,true,true,supported,supported
300,3,5,-0.15185870908356658,-0.059992952387134424,-0.13399646036816137,-0.028363255966455614,true,true,supported,supported
300,3,6,-0.1714454288585705,-0.05663258228901158,-0.16637602355004444,-0.03574024009935106,true,true,supported,supported
300,3,7,-0.2050034796073006,-0.05470825549880187,-0.19831012895115097,-0.04324382565070417,true,true,supported,supported
300,3,8,-0.2393400487512185,-0.05230254070546503,-0.22980045707614938,-0.050881040517256726,true,true,supported,supported
300,3,9,-0.2660149128113267,-0.06547959404156523,-0.26084922894230167,-0.058659794241044616,true,true,supported,supported
300,3,10,-0.27998549195411304,-0.08476440228634496,-0.29145296486892514,-0.06658724516899128,true,true,supported,supported
300,3,11,-0.3155423239385867,-0.09207535701316327,-0.3216144620745859,-0.07467283963748694,true,true,supported,supported
300,3,12,-0.3568681095352396,-0.10962270285158116,-0.35133084197213227,-0.08292544627216525,true,true,supported,supported
300,3,13,-0.3865764742736397,-0.10694434683510101,-0.3805989483691493,-0.0913546916807021,true,true,supported,supported
300,3,14,-0.4199430743196072,-0.10480266709378516,-0.409415497129734,-0.09997120234666923,true,true,supported,supported
300,3,15,-0.422212686744876,-0.11283144473555995,-0.437777672704159,-0.10878678435253109,true,true,supported,supported
300,4,1,0.0,0.0,0.0,0.0,true,true,supported,supported
300,4,2,-0.04352527985593835,-0.004574624579059661,-0.03417601520363278,-0.006930613128595886,true,true,supported,supported
300,4,3,-0.06475710894229314,0.0039008939679000543,-0.06789901947459309,-0.01396439853007514,true,true,supported,supported
300,4,4,-0.12205928020679124,-0.023526334369270208,-0.10117216454028588,-0.021106823250838902,true,true,supported,supported
300,4,5,-0.12160418066690704,-0.02074802623421279,-0.13399646036816137,-0.028363255966455614,true,true,supported,supported
300,4,6,-0.15823547055798814,-0.03618387707169057,-0.16637602355004444,-0.03574024009935106,true,true,supported,supported
300,4,7,-0.21524237250356726,-0.06036477969048393,-0.19831012895115097,-0.04324382565070417,true,true,supported,supported
300,4,8,-0.23388476678370873,-0.06296078792482218,-0.22980045707614938,-0.050881040517256726,true,true,supported,supported
300,4,9,-0.2515738084056698,-0.03916107563032378,-0.26084922894230167,-0.058659794241044616,true,true,supported,supported
300,4,10,-0.321357789038373,-0.06623261004905479,-0.29145296486892514,-0.06658724516899128,true,true,supported,supported
300,4,11,-0.33038751308363434,-0.06938893492471654,-0.3216144620745859,-0.07467283963748694,true,true,supported,supported
300,4,12,-0.36510533809303347,-0.09031864794437072,-0.35133084197213227,-0.08292544627216525,true,true,supported,supported
300,4,13,-0.3832471652339039,-0.10294368612685267,-0.3805989483691493,-0.0913546916807021,true,true,supported,supported
300,4,14,-0.41443181120600403,-0.07712397412472716,-0.409415497129734,-0.09997120234666923,true,true,supported,supported
300,4,15,-0.4291938201745221,-0.08263894051778109,-0.437777672704159,-0.10878678435253109,true,true,supported,supported
300,5,1,0.0,0.0,0.0,0.0,true,true,supported,supported
300,5,2,-0.03722314057417864,-0.0049728436643277085,-0.03417601520363278,-0.006930613128595886,true,true,supported,supported
300,5,3,-0.05820170713636941,-0.013565144227515757,-0.06789901947459309,-0.01396439853007514,true,true,supported,supported
300,5,4,-0.07922271417149374,-0.017131655963311898,-0.10117216454028588,-0.021106823250838902,true,true,supported,supported
300,5,5,-0.1334726407649559,-0.022855021703656497,-0.13399646036816137,-0.028363255966455614,true,true,supported,supported
300,5,6,-0.15397155157647324,-0.01953916273360523,-0.16637602355004444,-0.03574024009935106,true,true,supported,supported
300,5,7,-0.19723684797650687,-0.0460477453676531,-0.19831012895115097,-0.04324382565070417,true,true,supported,supported
300,5,8,-0.23030678553425266,-0.05216655323826325,-0.22980045707614938,-0.050881040517256726,true,true,supported,supported
300,5,9,-0.2378437805531285,-0.0444503357733933,-0.26084922894230167,-0.058659794241044616,true,true,supported,supported
300,5,10,-0.2883961582107689,-0.04299424682043984,-0.29145296486892514,-0.06658724516899128,true,true,supported,supported
300,5,11,-0.31412894793120805,-0.06671470901532706,-0.3216144620745859,-0.07467283963748694,true,true,supported,supported
300,5,12,-0.35317361118149837,-0.07745361281180474,-0.35133084197213227,-0.08292544627216525,true,true,supported,supported
300,5,13,-0.37845717504893184,-0.06781615039563826,-0.3805989483691493,-0.0913546916807021,true,true,supported,supported
300,5,14,-0.3955868032860055,-0.06909844634803863,-0.409415497129734,-0.09997120234666923,true,true,supported,supported
300,5,15,-0.4450750758090948,-0.11774407520615471,-0.437777672704159,-0.10878678435253109,true,true,supported,supported
300,6,1,0.0,0.0,0.0,0.0,true,true,supported,supported
300,6,2,-0.0217842695224415,-0.005326418759727947,-0.03417601520363278,-0.006930613128595886,true,true,supported,supported
300,6,3,-0.06431778743436745,-0.0023121907921458407,-0.06789901947459309,-0.01396439853007514,true,true,supported,supported
300,6,4,-0.08512008298807461,-0.006192618340587597,-0.10117216454028588,-0.021106823250838902,true,true,supported,supported
300,6,5,-0.14068146353784972,-0.02885936264308475,-0.13399646036816137,-0.028363255966455614,true,true,supported,supported
300,6,6,-0.15522244532012863,-0.023489510429174576,-0.16637602355004444,-0.03574024009935106,true,true,supported,supported
300,6,7,-0.20079277467226508,-0.05229264028985603,-0.19831012895115097,-0.04324382565070417,true,true,supported,supported
300,6,8,-0.21198556056099105,-0.02555022458400147,-0.22980045707614938,-0.050881040517256726,true,true,supported,supported
300,6,9,-0.2813072610883478,-0.09011910660079792,-0.26084922894230167,-0.058659794241044616,true,true,supported,supported
300,6,10,-0.2950876784361549,-0.061749072858203635,-0.29145296486892514,-0.06658724516899128,true,true,supported,supported
300,6,11,-0.3055445687420212,-0.05636577100973994,-0.3216144620745859,-0.07467283963748694,true,true,supported,supported
300,6,12,-0.36829511044919494,-0.09365131688967421,-0.35133084197213227,-0.08292544627216525,true,true,supported,supported
300,6,13,-0.3920224322272444,-0.09225055323135267,-0.3805989483691493,-0.0913546916807021,true,true,supported,supported
300,6,14,-0.40566302196019777,-0.09602388755891622,-0.409415497129734,-0.09997120234666923,true,true,supported,supported
300,6,15,-0.4404391865163533,-0.10985948436241078,-0.437777672704159,-0.10878678435253109,true,true,supported,supported
300,7,1,0.0,0.0,0.0,0.0,true,true,supported,supported
300,7,2,-0.01367467056275573,-0.009729419782358306,-0.03417601520363278,-0.006930613128595886,true,true,supported,supported
300,7,3,-0.06434431806421925,-0.013989944310505598,-0.06789901947459309,-0.01396439853007514,true,true,supported,supported
300,7,4,-0.06700065615514761,-0.011993307296976563,-0.10117216454028588,-0.021106823250838902,true,true,supported,supported
300,7,5,-0.11164927900346044,-0.026051113528811842,-0.13399646036816137,-0.028363255966455614,true,true,supported,supported
300,7,6,-0.130833144075171,-0.02685177647784842,-0.16637602355004444,-0.03574024009935106,true,true,supported,supported
300,7,7,-0.1953912577564525,-0.0507429456540891,-0.19831012895115097,-0.04324382565070417,true,true,supported,supported
300,7,8,-0.22794516977506007,-0.04679126011765056,-0.22980045707614938,-0.050881040517256726,true,true,supported,supported
300,7,9,-0.23788565338693446,-0.04117628375087057,-0.26084922894230167,-0.058659794241044616,true,true,supported,supported
300,7,10,-0.2785077327876425,-0.07293848409682013,-0.29145296486892514,-0.06658724516899128,true,true,supported,supported
300,7,11,-0.3019833750621831,-0.06275586197964911,-0.3216144620745859,-0.07467283963748694,true,true,supported,supported
300,7,12,-0.33195593008778346,-0.09615591812884139,-0.35133084197213227,-0.08292544627216525,true,true,supported,supported
300,7,13,-0.35681177446145507,-0.07614801828450946,-0.3805989483691493,-0.0913546916807021,true,true,supported,supported
300,7,14,-0.4114281796206357,-0.13076773315509282,-0.409415497129734,-0.09997120234666923,true,true,supported,supported
300,7,15,-0.41087431553320675,-0.08151671989163256,-0.437777672704159,-0.10878678435253109,true,true,supported,supported
300,8,1,0.0,0.0,0.0,0.0,true,true,supported,supported
300,8,2,-0.048126196058871584,-0.025939954331034354,-0.03417601520363278,-0.006930613128595886,true,true,supported,supported
300,8,3,-0.07383053476554313,-0.030126572461406154,-0.06789901947459309,-0.01396439853007514,true,true,supported,supported
300,8,4,-0.09998656773087256,-0.04201731405356757,-0.10117216454028588,-0.021106823250838902,true,true,supported,supported
300,8,5,-0.146532459557698,-0.06869018446187791,-0.13399646036816137,-0.028363255966455614,true,true,supported,supported
300,8,6,-0.16361359397522435,-0.04400401003859189,-0.16637602355004444,-0.03574024009935106,true,true,supported,supported
300,8,7,-0.20235099734478468,-0.06076335194751992,-0.19831012895115097,-0.04324382565070417,true,true,supported,supported
300,8,8,-0.24186196571565333,-0.07661658594694254,-0.22980045707614938,-0.050881040517256726,true,true,supported,supported
300,8,9,-0.24296306676031565,-0.053871543669052,-0.26084922894230167,-0.058659794241044616,true,true,supported,supported
300,8,10,-0.2906551382875502,-0.07524757894261802,-0.29145296486892514,-0.06658724516899128,true,true,supported,supported
300,8,11,-0.31283442965364594,-0.07398071857461364,-0.3216144620745859,-0.07467283963748694,true,true,supported,supported
300,8,12,-0.3463582073858439,-0.09604040087510912,-0.35133084197213227,-0.08292544627216525,true,true,supported,supported
300,8,13,-0.39186071054632265,-0.11097846901794339,-0.3805989483691493,-0.0913546916807021,true,true,supported,supported
300,8,14,-0.3877107950121944,-0.1208611025413262,-0.409415497129734,-0.09997120234666923,true,true,supported,supported
300,8,15,-0.4516421178216813,-0.10586740825194896,-0.437777672704159,-0.10878678435253109,true,true,supported,supported
300,9,1,0.0,0.0,0.0,0.0,true,true,supported,supported
300,9,2,-0.05557185064388814,-0.02443410406419433,-0.03417601520363278,-0.006930613128595886,true,true,supported,supported
300,9,3,-0.05749916834222224,-0.010284504761099433,-0.06789901947459309,-0.01396439853007514,true,true,supported,supported
300,9,4,-0.0726278733935839,-0.010713369611500378,-0.10117216454028588,-0.021106823250838902,true,true,supported,supported
300,9,5,-0.14139334568147022,-0.03961359334599157,-0.13399646036816137,-0.028363255966455614,true,true,supported,supported
300,9,6,-0.15140801450436703,-0.03299032600332541,-0.16637602355004444,-0.03574024009935106,true,true,supported,supported
300,9,7,-0.1767893280345969,-0.03266167325388403,-0.19831012895115097,-0.04324382565070417,true,true,supported,supported
300,9,8,-0.1919176154368487,-0.05182329244657469,-0.22980045707614938,-0.050881040517256726,true,true,supported,supported
300,9,9,-0.25615788514320015,-0.07348955319544015,-0.26084922894230167,-0.058659794241044616,true,true,supported,supported
300,9,10,-0.2848399221105933,-0.07796661809414163,-0.29145296486892514,-0.06658724516899128,true,true,supported,supported
300,9,11,-0.30828852876236124,-0.07506163344557948,-0.3216144620745859,-0.07467283963748694,true,true,supported,supported
300,9,12,-0.34552221752139156,-0.10368449389352263,-0.35133084197213227,-0.08292544627216525,true,true,supported,supported
300,9,13,-0.3795461366845847,-0.091041800067582,-0.3805989483691493,-0.0913546916807021,true,true,supported,supported
300,9,14,-0.40340683945347766,-0.08822353797840399,-0.409415497129734,-0.09997120234666923,true,true,supported,supported
300,9,15,-0.43038770129779425,-0.15041238012272107,-0.437777672704159,-0.10878678435253109,true,true,supported,supported
300,10,1,0.0,0.0,0.0,0.0,true,true,supported,supported
300,10,2,-0.03200667297289428,-0.007372475667879574,-0.03417601520363278,-0.006930613128595886,true,true,supported,supported
300,10,3,-0.06930821234308715,-0.025329546384667223,-0.06789901947459309,-0.01396439853007514,true,true,supported,supported
300,10,4,-0.1088339649306731,-0.022849671160939167,-0.10117216454028588,-0.021106823250838902,true,true,supported,supported
300,10,5,-0.1646594223310518,-0.0241892092454824,-0.13399646036816137,-0.028363255966455614,true,true,supported,supported
300,10,6,-0.17662361682291194,-0.03473242843834856,-0.16637602355004444,-0.03574024009935106,true,true,supported,supported
300,10,7,-0.20910582100317887,-0.04244521251759159,-0.19831012895115097,-0.04324382565070417,true,true,supported,supported
300,10,8,-0.23152394682502764,-0.03354608449565244,-0.22980045707614938,-0.050881040517256726,true,true,supported,supported
300,10,9,-0.25638969456550453,-0.05290264644540821,-0.26084922894230167,-0.058659794241044616,true,true,supported,supported
300,10,10,-0.3093772588246565,-0.07269627589437744,-0.29145296486892514,-0.06658724516899128,true,true,supported,supported
300,10,11,-0.3194380567355515,-0.0793094886508191,-0.3216144620745859,-0.07467283963748694,true,true,supported,supported
300,10,12,-0.3615833422681961,-0.1124919770991476,-0.35133084197213227,-0.08292544627216525,true,true,supported,supported
300,10,13,-0.4042089736797442,-0.09481802918895943,-0.3805989483691493,-0.0913546916807021,true,true,supported,supported
300,10,14,-0.4097432466277574,-0.08154471649264938,-0.409415497129734,-0.09997120234666923,true,true,supported,supported
300,10,15,-0.445840362598524,-0.0965121036265808,-0.437777672704159,-0.10878678435253109,true,true,supported,supported
300,11,1,0.0,0.0,0.0,0.0,true,true,supported,supported
300,11,2,-0.03506898484332022,-0.006866874677320611,-0.03417601520363278,-0.006930613128595886,true,true,supported,supported
300,11,3,-0.03729121334626451,0.011276023097380738,-0.06789901947459309,-0.01396439853007514,true,true,supported,supported
300,11,4,-0.10913511588765712,-0.03408863151263275,-0.10117216454028588,-0.021106823250838902,true,true,supported,supported
300,11,5,-0.13166977166601423,-0.020715881763082256,-0.13399646036816137,-0.028363255966455614,true,true,supported,supported
300,11,6,-0.162183756340899,-0.0402174155208771,-0.16637602355004444,-0.03574024009935106,true,true,supported,supported
300,11,7,-0.20636612696531353,-0.05748393032811017,-0.19831012895115097,-0.04324382565070417,true,true,supported,supported
300,11,8,-0.23240857532992565,-0.04805622553377731,-0.22980045707614938,-0.050881040517256726,true,true,supported,supported
300,11,9,-0.2800074083092515,-0.09436742548762944,-0.26084922894230167,-0.058659794241044616,true,true,supported,supported
300,11,10,-0.29691902780293444,-0.07038329354537443,-0.29145296486892514,-0.06658724516899128,true,true,supported,supported
300,11,11,-0.32864839753597797,-0.08193096727223725,-0.3216144620745859,-0.07467283963748694,true,true,supported,supported
300,11,12,-0.3580865699678053,-0.06585336283600407,-0.35133084197213227,-0.08292544627216525,true,true,supported,supported
300,11,13,-0.39972045225505226,-0.11632993330954489,-0.3805989483691493,-0.0913546916807021,true,true,supported,supported
300,11,14,-0.41730303544727043,-0.10767304756143559,-0.409415497129734,-0.09997120234666923,true,true,supported,supported
300,11,15,-0.4246407262630091,-0.1255072775079158,-0.437777672704159,-0.10878678435253109,true,true,supported,supported
300,12,1,0.0,0.0,0.0,0.0,true,true,supported,supported
300,12,2,-0.033254297977292624,-0.0181802514986128,-0.03417601520363278,-0.006930613128595886,true,true,supported,supported
300,12,3,-0.05722254530788973,-0.019084950861283256,-0.06789901947459309,-0.01396439853007514,true,true,supported,supported
300,12,4,-0.11660760214683819,-0.007609024269157771,-0.10117216454028588,-0.021106823250838902,true,true,supported,supported
300,12,5,-0.13235510886086232,-0.026102500729741407,-0.13399646036816137,-0.028363255966455614,true,true,supported,supported
300,12,6,-0.14042019514565496,-0.018860748326696042,-0.16637602355004444,-0.03574024009935106,true,true,supported,supported
300,12,7,-0.19122026200728792,-0.03501086714339041,-0.19831012895115097,-0.04324382565070417,true,true,supported,supported
300,12,8,-0.21714160871703525,-0.0479830788440081,-0.22980045707614938,-0.050881040517256726,true,true,supported,supported
300,12,9,-0.27630250498950104,-0.07545201152182945,-0.26084922894230167,-0.058659794241044616,true,true,supported,supported
300,12,10,-0.3020472626085181,-0.0769769185198762,-0.29145296486892514,-0.06658724516899128,true,true,supported,supported
300,12,11,-0.33878794263693646,-0.10915289102318038,-0.3216144620745859,-0.07467283963748694,true,true,supported,supported
300,12,12,-0.373252231121451,-0.09826510541582223,-0.35133084197213227,-0.08292544627216525,true,true,supported,supported
300,12,13,-0.38303811640847685,-0.11031032949142827,-0.3805989483691493,-0.0913546916807021,true,true,supported,supported
300,12,14,-0.4133598236011413,-0.09819446050098746,-0.409415497129734,-0.09997120234666923,true,true,supported,supported
300,12,15,-0.4433742765386204,-0.11397415989469972,-0.437777672704159,-0.10878678435253109,true,true,supported,supported
300,13,1,0.0,0.0,0.0,0.0,true,true,supported,supported
300,13,2,-3.8492172419135606e-05,0.005283223611747601,-0.03417601520363278,-0.006930613128595886,true,true,supported,supported
300,13,3,-0.07348789563427793,-0.01246263148950233,-0.06789901947459309,-0.01396439853007514,true,true,supported,supported
300,13,4,-0.09005215313481552,0.00024596230264772867,-0.10117216454028588,-0.021106823250838902,true,true,supported,supported
300,13,5,-0.1285489365920034,-0.015950355916645065,-0.13399646036816137,-0.028363255966455614,true,true,supported,supported
300,13,6,-0.14521779115584577,-0.029221283997172054,-0.16637602355004444,-0.03574024009935106,true,true,supported,supported
300,13,7,-0.19238682059194046,-0.030924133158722333,-0.19831012895115097,-0.04324382565070417,true,true,supported,supported
300,13,8,-0.2157647884488365,-0.051966191646349524,-0.22980045707614938,-0.050881040517256726,true,true,supported,supported
300,13,9,-0.26318872652795866,-0.07034431870414548,-0.26084922894230167,-0.058659794241044616,true,true,supported,supported
300,13,10,-0.28957828472463587,-0.05316822389193432,-0.29145296486892514,-0.06658724516899128,true,true,supported,supported
300,13,11,-0.3277502263421964,-0.055189305651702214,-0.3216144620745859,-0.07467283963748694,true,true,supported,supported
300,13,12,-0.3317072656083089,-0.06329547974952998,-0.35133084197213227,-0.08292544627216525,true,true,supported,supported
300,13,13,-0.3803362066023197,-0.08297283005679545,-0.3805989483691493,-0.0913546916807021,true,true,supported,supported
300,13,14,-0.39976199722572126,-0.09554839648827351,-0.409415497129734,-0.09997120234666923,true,true,supported,supported
300,13,15,-0.42852289163474333,-0.10435097864083798,-0.437777672704159,-0.10878678435253109,true,true,supported,supported
300,14,1,0.0,0.0,0.0,0.0,true,true,supported,supported
300,14,2,-0.0561234664010386,-0.0321418180150399,-0.03417601520363278,-0.006930613128595886,true,true,supported,supported
300,14,3,-0.08875538888824042,-0.02520937525289091,-0.06789901947459309,-0.01396439853007514,true,true,supported,supported
300,14,4,-0.11104410192783998,-0.03866684638704454,-0.10117216454028588,-0.021106823250838902,true,true,supported,supported
300,14,5,-0.12949793808223486,-0.034552215792663876,-0.13399646036816137,-0.028363255966455614,true,true,supported,supported
300,14,6,-0.1902889528174052,-0.04591399722857248,-0.16637602355004444,-0.03574024009935106,true,true,supported,supported
300,14,7,-0.2020701369027943,-0.03812852791194843,-0.19831012895115097,-0.04324382565070417,true,true,supported,supported
300,14,8,-0.25213883182040675,-0.06044980874952299,-0.22980045707614938,-0.050881040517256726,true,true,supported,supported
300,14,9,-0.263942007429951,-0.0734842888536612,-0.26084922894230167,-0.058659794241044616,true,true,supported,supported
300,14,10,-0.3016787678458136,-0.07570003737407482,-0.29145296486892514,-0.06658724516899128,true,true,supported,supported
300,14,11,-0.33449842910505556,-0.07202202958034787,-0.3216144620745859,-0.07467283963748694,true,true,supported,supported
300,14,12,-0.37003135547166344,-0.07848679518459745,-0.35133084197213227,-0.08292544627216525,true,true,supported,supported
300,14,13,-0.40978066902039345,-0.12090300555411071,-0.3805989483691493,-0.0913546916807021,true,true,supported,supported
300,14,14,-0.4124722884965891,-0.10863306348239776,-0.409415497129734,-0.09997120234666923,true,true,supported,supported
300,14,15,-0.4553406684388349,-0.12354519793950536,-0.437777672704159,-0.10878678435253109,true,true,supported,supported
300,15,1,0.0,0.0,0.0,0.0,true,true,supported,supported
300,15,2,-0.04075310128445675,-0.0035379769216048462,-0.03417601520363278,-0.006930613128595886,true,true,supported,supported
300,15,3,-0.0632969579663476,-0.025166725945713897,-0.06789901947459309,-0.01396439853007514,true,true,supported,supported
300,15,4,-0.08838880297221419,-0.030762475661356037,-0.10117216454028588,-0.021106823250838902,true,true,supported,supported
300,15,5,-0.13194574334596731,-0.04638940392492841,-0.13399646036816137,-0.028363255966455614,true,true,supported,supported
300,15,6,-0.1779656965527071,-0.05006670848171424,-0.16637602355004444,-0.03574024009935106,true,true,supported,supported
300,15,7,-0.18955474574472142,-0.05231460417364331,-0.19831012895115097,-0.04324382565070417,true,true,supported,supported
300,15,8,-0.23004717575596412,-0.05509854233258116,-0.22980045707614938,-0.050881040517256726,true,true,supported,supported
300,15,9,-0.24213662881249853,-0.040423980865213816,-0.26084922894230167,-0.058659794241044616,true,true,supported,supported
300,15,10,-0.2722007922160318,-0.06180155279677435,-0.29145296486892514,-0.06658724516899128,true,true,supported,supported
300,15,11,-0.32431030239234226,-0.09381652098357285,-0.3216144620745859,-0.07467283963748694,true,true,supported,supported
300,15,12,-0.3566968542028791,-0.11557056307594349,-0.35133084197213227,-0.08292544627216525,true,true,supported,supported
300,15,13,-0.3721438808558605,-0.10039284297363382,-0.3805989483691493,-0.0913546916807021,true,true,supported,supported
300,15,14,-0.41130015401229747,-0.08316954872988103,-0.409415497129734,-0.09997120234666923,true,true,supported,supported
300,15,15,-0.4523162424389072,-0.11821900978073974,-0.437777672704159,-0.10878678435253109,true,true,supported,supported
300,16,1,0.0,0.0,0.0,0.0,true,true,supported,supported
300,16,2,-0.015849886299606486,-0.0022254581678008423,-0.03417601520363278,-0.006930613128595886,true,true,supported,supported
300,16,3,-0.04030422354582719,0.005389742358013039,-0.06789901947459309,-0.01396439853007514,true,true,supported,supported
300,16,4,-0.09395297502011424,-0.01527035480855643,-0.10117216454028588,-0.021106823250838902,true,true,supported,supported
300,16,5,-0.13226700605603725,-0.028753946588131796,-0.13399646036816137,-0.028363255966455614,true,true,supported,supported
300,16,6,-0.15323474528008163,-0.032366413366053615,-0.16637602355004444,-0.03574024009935106,true,true,supported,supported
300,16,7,-0.17385442590436062,-0.011274841573666872,-0.19831012895115097,-0.04324382565070417,true,true,supported,supported
300,16,8,-0.21327710732090144,-0.03195934457125915,-0.22980045707614938,-0.050881040517256726,true,true,supported,supported
300,16,9,-0.22415277342645645,-0.025534660207041093,-0.26084922894230167,-0.058659794241044616,true,true,supported,supported
300,16,10,-0.28379921937095687,-0.07346865126593571,-0.29145296486892514,-0.06658724516899128,true,true,supported,supported
300,16,11,-0.2983118927725411,-0.058933429031539974,-0.3216144620745859,-0.07467283963748694,true,true,supported,supported
300,16,12,-0.3277378634251309,-0.06580614160529419,-0.35133084197213227,-0.08292544627216525,true,true,supported,supported
300,16,13,-0.3615629882896413,-0.0801813345257868,-0.3805989483691493,-0.0913546916807021,true,true,supported,supported
300,16,14,-0.3836287902273653,-0.08997305237661557,-0.409415497129734,-0.09997120234666923,true,true,supported,supported
300,16,15,-0.40542305711097815,-0.10229144687338032,-0.437777672704159,-0.10878678435253109,true,true,supported,supported
300,17,1,0.0,0.0,0.0,0.0,true,true,supported,supported
300,17,2,-0.016636661394519137,0.007967365691629813,-0.03417601520363278,-0.006930613128595886,true,true,supported,supported
300,17,3,-0.05581999663571635,-0.008884925355766016,-0.06789901947459309,-0.01396439853007514,true,true,supported,supported
300,17,4,-0.07834473558546995,-0.002118503759923507,-0.10117216454028588,-0.021106823250838902,true,true,supported,supported
300,17,5,-0.12088857794725894,-0.020993295143629354,-0.13399646036816137,-0.028363255966455614,true,true,supported,supported
300,17,6,-0.1642076143775213,-0.028753832896281306,-0.16637602355004444,-0.03574024009935106,true,true,supported,supported
300,17,7,-0.18770727679896948,-0.046230084113827896,-0.19831012895115097,-0.04324382565070417,true,true,supported,supported
300,17,8,-0.20718433002798942,-0.03327083474015846,-0.22980045707614938,-0.050881040517256726,true,true,supported,supported
300,17,9,-0.2433959592490874,-0.042705732888701164,-0.26084922894230167,-0.058659794241044616,true,true,supported,supported
300,17,10,-0.26898062661852784,-0.03643278656265081,-0.29145296486892514,-0.06658724516899128,true,true,supported,supported
300,17,11,-0.293904637983771,-0.06025116121765006,-0.3216144620745859,-0.07467283963748694,true,true,supported,supported
300,17,12,-0.335841641186723,-0.05835533296272932,-0.35133084197213227,-0.08292544627216525,true,true,supported,supported
300,17,13,-0.372894484697748,-0.10312463091241075,-0.3805989483691493,-0.0913546916807021,true,true,supported,supported
300,17,14,-0.3824236611324324,-0.0861329323857788,-0.409415497129734,-0.09997120234666923,true,true,supported,supported
300,17,15,-0.4202179304401702,-0.0903516589705855,-0.437777672704159,-0.10878678435253109,true,true,supported,supported
300,18,1,0.0,0.0,0.0,0.0,true,true,supported,supported
300,18,2,-0.02257463498956591,-0.01314827533172247,-0.03417601520363278,-0.006930613128595886,true,true,supported,supported
300,18,3,-0.06255070574949495,-0.05326939670542663,-0.06789901947459309,-0.01396439853007514,true,true,supported,supported
300,18,4,-0.10216645703322735,-0.04105571319897472,-0.10117216454028588,-0.021106823250838902,true,true,supported,supported
300,18,5,-0.1379978865819843,-0.03834436447675493,-0.13399646036816137,-0.028363255966455614,true,true,supported,supported
300,18,6,-0.1772606509400726,-0.059640236046647366,-0.16637602355004444,-0.03574024009935106,true,true,supported,supported
300,18,7,-0.19857874204472503,-0.08290272860125047,-0.19831012895115097,-0.04324382565070417,true,true,supported,supported
300,18,8,-0.23764884756103655,-0.07974207023096269,-0.22980045707614938,-0.050881040517256726,true,true,supported,supported
300,18,9,-0.27636788386763966,-0.09259664718636307,-0.26084922894230167,-0.058659794241044616,true,true,supported,supported
300,18,10,-0.2845552265461335,-0.09985694514933197,-0.29145296486892514,-0.06658724516899128,true,true,supported,supported
300,18,11,-0.3376123554926225,-0.10528404443639316,-0.3216144620745859,-0.07467283963748694,true,true,supported,supported
300,18,12,-0.3413559924510383,-0.10740733780066791,-0.35133084197213227,-0.08292544627216525,true,true,supported,supported
300,18,13,-0.3772070065251272,-0.10287053909979427,-0.3805989483691493,-0.0913546916807021,true,true,supported,supported
300,18,14,-0.40889049992818194,-0.1369413345472278,-0.409415497129734,-0.09997120234666923,true,true,supported,supported
300,18,15,-0.42836003527962363,-0.12603538000419656,-0.437777672704159,-0.10878678435253109,true,true,supported,supported
300,19,1,0.0,0.0,0.0,0.0,true,true,supported,supported
300,19,2,-0.08824724528018713,-0.018740422691593372,-0.03417601520363278,-0.006930613128595886,true,true,supported,supported
300,19,3,-0.09189832285948596,-0.03493874641039563,-0.06789901947459309,-0.01396439853007514,true,true,supported,supported
300,19,4,-0.15737671637678163,-0.03687305265971019,-0.10117216454028588,-0.021106823250838902,true,true,supported,supported
300,19,5,-0.18564059837725555,-0.03832748613861636,-0.13399646036816137,-0.028363255966455614,true,true,supported,supported
300,19,6,-0.21389308987923428,-0.05823803131181993,-0.16637602355004444,-0.03574024009935106,true,true,supported,supported
300,19,7,-0.21181511847695844,-0.04896095507631404,-0.19831012895115097,-0.04324382565070417,true,true,supported,supported
300,19,8,-0.2766179581026835,-0.06725849076058998,-0.22980045707614938,-0.050881040517256726,true,true,supported,supported
300,19,9,-0.2920191755602295,-0.06916064850897419,-0.26084922894230167,-0.058659794241044616,true,true,supported,supported
300,19,10,-0.3156095353865396,-0.09948816259551474,-0.29145296486892514,-0.06658724516899128,true,true,supported,supported
300,19,11,-0.3679037396549606,-0.07940005860722077,-0.3216144620745859,-0.07467283963748694,true,true,supported,supported
300,19,12,-0.3943997041452534,-0.11783404910144157,-0.35133084197213227,-0.08292544627216525,true,true,supported,supported
300,19,13,-0.4166364837114618,-0.11018140408854782,-0.3805989483691493,-0.0913546916807021,true,true,supported,supported
300,19,14,-0.4486253386969855,-0.12327700242934592,-0.409415497129734,-0.09997120234666923,true,true,supported,supported
300,19,15,-0.48357853047658805,-0.136368405460921,-0.437777672704159,-0.10878678435253109,true,true,supported,supported
300,20,1,0.0,0.0,0.0,0.0,true,true,supported,supported
300,20,2,-0.051725141629812454,-0.011260490523257727,-0.03417601520363278,-0.006930613128595886,true,true,supported,supported
300,20,3,-0.09177415928752908,-0.021226600094935044,-0.06789901947459309,-0.01396439853007514,true,true,supported,supported
300,20,4,-0.11060766365164187,-0.0050974745205149,-0.10117216454028588,-0.021106823250838902,true,true,supported,supported
300,20,5,-0.13902088454520423,-0.025451967339426673,-0.13399646036816137,-0.028363255966455614,true,true,supported,supported
300,20,6,-0.1794776813105785,-0.03666733600119143,-0.16637602355004444,-0.03574024009935106,true,true,supported,supported
300,20,7,-0.21608893129377926,-0.04139090292604097,-0.19831012895115097,-0.04324382565070417,true,true,supported,supported
300,20,8,-0.21986079476829912,-0.040707914890092955,-0.22980045707614938,-0.050881040517256726,true,true,supported,supported
300,20,9,-0.29702630728949986,-0.05653574084969104,-0.26084922894230167,-0.058659794241044616,true,true,supported,supported
300,20,10,-0.2891044447891695,-0.03989347271495214,-0.29145296486892514,-0.06658724516899128,true,true,supported,supported
300,20,11,-0.340395651957499,-0.04976911526817851,-0.3216144620745859,-0.07467283963748694,true,true,supported,supported
300,20,12,-0.34081867615998784,-0.07669488220431431,-0.35133084197213227,-0.08292544627216525,true,true,supported,supported
300,20,13,-0.38796981785564555,-0.056618980852984446,-0.3805989483691493,-0.0913546916807021,true,true,supported,supported
300,20,14,-0.4306792627710939,-0.098826524219359,-0.409415497129734,-0.09997120234666923,true,true,supported,supported
300,20,15,-0.4458004778111815,-0.10722940091945754,-0.437777672704159,-0.10878678435253109,true,true,supported,supported
300,21,1,0.0,0.0,0.0,0.0,true,true,supported,supported
300,21,2,-0.01979981779383122,-0.022903695754691644,-0.03417601520363278,-0.006930613128595886,true,true,supported,supported
300,21,3,-0.07366465181610526,-0.02406728447488682,-0.06789901947459309,-0.01396439853007514,true,true,supported,supported
300,21,4,-0.10998106203632074,-0.027192224006694188,-0.10117216454028588,-0.021106823250838902,true,true,supported,supported
300,21,5,-0.13370446421518467,-0.06060212961422673,-0.13399646036816137,-0.028363255966455614,true,true,supported,supported
300,21,6,-0.1566136199913204,-0.04131214744408218,-0.16637602355004444,-0.03574024009935106,true,true,supported,supported
300,21,7,-0.2113919548229981,-0.06101459977176882,-0.19831012895115097,-0.04324382565070417,true,true,supported,supported
300,21,8,-0.21550805111953786,-0.04712081310984795,-0.22980045707614938,-0.050881040517256726,true,true,supported,supported
300,21,9,-0.2524140874515872,-0.06683343091384919,-0.26084922894230167,-0.058659794241044616,true,true,supported,supported
300,21,10,-0.28919288553952327,-0.07304790325975397,-0.29145296486892514,-0.06658724516899128,true,true,supported,supported
300,21,11,-0.30769213179789734,-0.07281983298286943,-0.3216144620745859,-0.07467283963748694,true,true,supported,supported
300,21,12,-0.34882430891188065,-0.09821687271708013,-0.35133084197213227,-0.08292544627216525,true,true,supported,supported
300,21,13,-0.37628627870391473,-0.10396073613819057,-0.3805989483691493,-0.0913546916807021,true,true,supported,supported
300,21,14,-0.4068821170050181,-0.10520673934322788,-0.409415497129734,-0.09997120234666923,true,true,supported,supported
300,21,15,-0.43722013394518877,-0.12039016765518973,-0.437777672704159,-0.10878678435253109,true,true,supported,supported
300,22,1,0.0,0.0,0.0,0.0,true,true,supported,supported
300,22,2,-0.046798431999130585,-0.019769156880365735,-0.03417601520363278,-0.006930613128595886,true,true,supported,supported
300,22,3,-0.0606920580398278,-0.02030698935410613,-0.06789901947459309,-0.01396439853007514,true,true,supported,supported
300,22,4,-0.09000965332186772,-0.035173007323299976,-0.10117216454028588,-0.021106823250838902,true,true,supported,supported
300,22,5,-0.1284147764754141,-0.015042133756893117,-0.13399646036816137,-0.028363255966455614,true,true,supported,supported
300,22,6,-0.1527371418094836,-0.03406315646079228,-0.16637602355004444,-0.03574024009935106,true,true,supported,supported
300,22,7,-0.18897680848283294,-0.03698991558808884,-0.19831012895115097,-0.04324382565070417,true,true,supported,supported
300,22,8,-0.23414860654099767,-0.050132294845106506,-0.22980045707614938,-0.050881040517256726,true,true,supported,supported
300,22,9,-0.2597725024824705,-0.07511789055778373,-0.26084922894230167,-0.058659794241044616,true,true,supported,supported
300,22,10,-0.291872648629964,-0.08553052725977495,-0.29145296486892514,-0.06658724516899128,true,true,supported,supported
300,22,11,-0.3297033706373498,-0.08842893851905487,-0.3216144620745859,-0.07467283963748694,true,true,supported,supported
300,22,12,-0.3505076152200217,-0.07110800469576861,-0.35133084197213227,-0.08292544627216525,true,true,supported,supported
300,22,13,-0.3674135130165206,-0.08450846744781448,-0.3805989483691493,-0.0913546916807021,true,true,supported,supported
300,22,14,-0.40622518149077724,-0.10321390189176305,-0.409415497129734,-0.09997120234666923,true,true,supported,supported
300,22,15,-0.42781112259461396,-0.11092783100708892,-0.437777672704159,-0.10878678435253109,true,true,supported,supported
300,23,1,0.0,0.0,0.0,0.0,true,true,supported,supported
300,23,2,-0.04360301133065636,-5.418069440044082e-05,-0.03417601520363278,-0.006930613128595886,true,true,supported,supported
300,23,3,-0.0748598034583734,-0.01669766532175654,-0.06789901947459309,-0.01396439853007514,true,true,supported,supported
300,23,4,-0.10015765673606591,-0.015671928964931303,-0.10117216454028588,-0.021106823250838902,true,true,supported,supported
300,23,5,-0.1326470858121067,-0.004228384628631399,-0.13399646036816137,-0.028363255966455614,true,true,supported,supported
300,23,6,-0.1689420260081923,-0.04715664230395,-0.16637602355004444,-0.03574024009935106,true,true,supported,supported
300,23,7,-0.1779659012758552,-0.013317568483687814,-0.19831012895115097,-0.04324382565070417,true,true,supported,supported
300,23,8,-0.20394415977542346,-0.03055083288077398,-0.22980045707614938,-0.050881040517256726,true,true,supported,supported
300,23,9,-0.24859650801861777,-0.039101876520744705,-0.26084922894230167,-0.058659794241044616,true,true,supported,supported
300,23,10,-0.2819895434798002,-0.04368133649213446,-0.29145296486892514,-0.06658724516899128,true,true,supported,supported
300,23,11,-0.3045964290592523,-0.07309985862783996,-0.3216144620745859,-0.07467283963748694,true,true,supported,supported
300,23,12,-0.3384174471323479,-0.08032917317069765,-0.35133084197213227,-0.08292544627216525,true,true,supported,supported
300,23,13,-0.374458528017684,-0.0731382741600185,-0.3805989483691493,-0.0913546916807021,true,true,supported,supported
300,23,14,-0.40441825874072657,-0.08218329347482067,-0.409415497129734,-0.09997120234666923,true,true,supported,supported
300,23,15,-0.4251503246617767,-0.12902613147484776,-0.437777672704159,-0.10878678435253109,true,true,supported,supported
300,24,1,0.0,0.0,0.0,0.0,true,true,supported,supported
300,24,2,-0.004574759806892037,-0.004358133852763402,-0.03417601520363278,-0.006930613128595886,true,true,supported,supported
300,24,3,-0.03187914128065017,0.007143909073603405,-0.06789901947459309,-0.01396439853007514,true,true,supported,supported
300,24,4,-0.07790980057835961,-0.008762618145728318,-0.10117216454028588,-0.021106823250838902,true,true,supported,supported
300,24,5,-0.09737740926995808,-0.021945947258363185,-0.13399646036816137,-0.028363255966455614,true,true,supported,supported
300,24,6,-0.1406326682293435,-0.02802880377070094,-0.16637602355004444,-0.03574024009935106,true,true,supported,supported
300,24,7,-0.1798987003790684,-0.04937719781156569,-0.19831012895115097,-0.04324382565070417,true,true,supported,supported
300,24,8,-0.21362215261052964,-0.03256961091397159,-0.22980045707614938,-0.050881040517256726,true,true,supported,supported
300,24,9,-0.23875620241745865,-0.051045580536030366,-0.26084922894230167,-0.058659794241044616,true,true,supported,supported
300,24,10,-0.28614212805733175,-0.062170551700128196,-0.29145296486892514,-0.06658724516899128,true,true,supported,supported
300,24,11,-0.31017723864524727,-0.05135008120861695,-0.3216144620745859,-0.07467283963748694,true,true,supported,supported
300,24,12,-0.33142806748204556,-0.05307946784270612,-0.35133084197213227,-0.08292544627216525,true,true,supported,supported
300,24,13,-0.37293423686042015,-0.08062123809730415,-0.3805989483691493,-0.0913546916807021,true,true,supported,supported
300,24,14,-0.3886862652395541,-0.08442253470316263,-0.409415497129734,-0.09997120234666923,true,true,supported,supported
300,24,15,-0.41556348274393906,-0.09406740624195897,-0.437777672704159,-0.10878678435253109,true,true,supported,supported
300,25,1,0.0,0.0,0.0,0.0,true,true,supported,supported
300,25,2,-0.024610719166988315,-0.005712140755022355,-0.03417601520363278,-0.006930613128595886,true,true,supported,supported
300,25,3,-0.04418680737167935,-0.00549593632333234,-0.06789901947459309,-0.01396439853007514,true,true,supported,supported
300,25,4,-0.07804996075617476,0.015312048497138186,-0.10117216454028588,-0.021106823250838902,true,true,supported,supported
300,25,5,-0.13768187673754173,-0.052498144940346436,-0.13399646036816137,-0.028363255966455614,true,true,supported,supported
300,25,6,-0.14827551691571095,-0.016433100812327517,-0.16637602355004444,-0.03574024009935106,true,true,supported,supported
300,25,7,-0.18639763185369407,-0.04209662355748489,-0.19831012895115097,-0.04324382565070417,true,true,supported,supported
300,25,8,-0.21740147137956978,-0.04209068150237283,-0.22980045707614938,-0.050881040517256726,true,true,supported,supported
300,25,9,-0.25887456692760946,-0.06124755787123004,-0.26084922894230167,-0.058659794241044616,true,true,supported,supported
300,25,10,-0.2767286000419473,-0.07455899616688355,-0.29145296486892514,-0.06658724516899128,true,true,supported,supported
300,25,11,-0.3075529651534543,-0.07524255382397915,-0.3216144620745859,-0.07467283963748694,true,true,supported,supported
300,25,12,-0.34627642576730133,-0.08148048062340418,-0.35133084197213227,-0.08292544627216525,true,true,supported,supported
300,25,13,-0.35132261904901807,-0.07114290732400674,-0.3805989483691493,-0.0913546916807021,true,true,supported,supported
300,25,14,-0.3976262564888421,-0.10115843364920418,-0.409415497129734,-0.09997120234666923,true,true,supported,supported
300,25,15,-0.41918111200563746,-0.11842402791348616,-0.437777672704159,-0.10878678435253109,true,true,supported,supported
300,26,1,0.0,0.0,0.0,0.0,true,true,supported,supported
300,26,2,-0.07247602080310567,-0.015504211091252995,-0.03417601520363278,-0.006930613128595886,true,true,supported,supported
300,26,3,-0.06562936870094427,-0.0160985154306047,-0.06789901947459309,-0.01396439853007514,true,true,supported,supported
300,26,4,-0.09936272355059139,-0.02049698452676063,-0.10117216454028588,-0.021106823250838902,true,true,supported,supported
300,26,5,-0.13735060976749947,-0.02758040669351025,-0.13399646036816137,-0.028363255966455614,true,true,supported,supported
300,26,6,-0.17101476104368007,-0.006499526784564558,-0.16637602355004444,-0.03574024009935106,true,true,supported,supported
300,26,7,-0.21631920977390573,-0.04440047843046813,-0.19831012895115097,-0.04324382565070417,true,true,supported,supported
300,26,8,-0.23590025939261394,-0.03794434129452595,-0.22980045707614938,-0.050881040517256726,true,true,supported,supported
300,26,9,-0.27776663820090575,-0.04747461525666319,-0.26084922894230167,-0.058659794241044616,true,true,supported,supported
300,26,10,-0.30075992617187086,-0.05446293246551126,-0.29145296486892514,-0.06658724516899128,true,true,supported,supported
300,26,11,-0.33970494091967807,-0.0655771514779726,-0.3216144620745859,-0.07467283963748694,true,true,supported,supported
300,26,12,-0.371287151801715,-0.06364455297921945,-0.35133084197213227,-0.08292544627216525,true,true,supported,supported
300,26,13,-0.39728430079740473,-0.04577891770158926,-0.3805989483691493,-0.0913546916807021,true,true,supported,supported
300,26,14,-0.41573940008282906,-0.10479258060645369,-0.409415497129734,-0.09997120234666923,true,true,supported,supported
300,26,15,-0.4521964948777427,-0.10486802480929402,-0.437777672704159,-0.10878678435253109,true,true,supported,supported
300,27,1,0.0,0.0,0.0,0.0,true,true,supported,supported
300,27,2,-0.034317845752509735,-0.020621415979253488,-0.03417601520363278,-0.006930613128595886,true,true,supported,supported
300,27,3,-0.0634116249268426,-0.02813726765061908,-0.06789901947459309,-0.01396439853007514,true,true,supported,supported
300,27,4,-0.08370703918079236,-0.01045600133375224,-0.10117216454028588,-0.021106823250838902,true,true,supported,supported
300,27,5,-0.13077658478776744,-0.034660770720836176,-0.13399646036816137,-0.028363255966455614,true,true,supported,supported
300,27,6,-0.13597883560924529,-0.0256029280122142,-0.16637602355004444,-0.03574024009935106,true,true,supported,supported
300,27,7,-0.19483015940180093,-0.016885318315317366,-0.19831012895115097,-0.04324382565070417,true,true,supported,supported
300,27,8,-0.22736554683949128,-0.05185640792032664,-0.22980045707614938,-0.050881040517256726,true,true,supported,supported
300,27,9,-0.2630286709124585,-0.07122167997486628,-0.26084922894230167,-0.058659794241044616,true,true,supported,supported
300,27,10,-0.285475828289917,-0.05430140716987586,-0.29145296486892514,-0.06658724516899128,true,true,supported,supported
300,27,11,-0.31962878211456613,-0.0881534520612115,-0.3216144620745859,-0.07467283963748694,true,true,supported,supported
300,27,12,-0.34934188231527463,-0.09549675021413884,-0.35133084197213227,-0.08292544627216525,true,true,supported,supported
300,27,13,-0.3871110972177918,-0.10401786799468749,-0.3805989483691493,-0.0913546916807021,true,true,supported,supported
300,27,14,-0.4021512032950134,-0.07920176624302688,-0.409415497129734,-0.09997120234666923,true,true,supported,supported
300,27,15,-0.4422212148263496,-0.12369385420466561,-0.437777672704159,-0.10878678435253109,true,true,supported,supported
300,28,1,0.0,0.0,0.0,0.0,true,true,supported,supported
300,28,2,-0.03645136126578341,-0.01606188783936613,-0.03417601520363278,-0.006930613128595886,true,true,supported,supported
300,28,3,-0.0703394629316002,-0.01617039262378306,-0.06789901947459309,-0.01396439853007514,true,true,supported,supported
300,28,4,-0.10735783929915665,-0.02428280869192545,-0.10117216454028588,-0.021106823250838902,true,true,supported,supported
300,28,5,-0.13970683646840898,-0.048716470154929414,-0.13399646036816137,-0.028363255966455614,true,true,supported,supported
300,28,6,-0.16805991688462874,-0.044501278174578274,-0.16637602355004444,-0.03574024009935106,true,true,supported,supported
300,28,7,-0.2031757095604897,-0.037743215993165324,-0.19831012895115097,-0.04324382565070417,true,true,supported,supported
300,28,8,-0.24382195164619302,-0.05772770744071409,-0.22980045707614938,-0.050881040517256726,true,true,supported,supported
300,28,9,-0.24291853561813725,-0.040325085192179366,-0.26084922894230167,-0.058659794241044616,true,true,supported,supported
300,28,10,-0.3107701829947507,-0.0767093867898011,-0.29145296486892514,-0.06658724516899128,true,true,supported,supported
300,28,11,-0.31407062365872296,-0.07612037465350607,-0.3216144620745859,-0.07467283963748694,true,true,supported,supported
300,28,12,-0.3631593111925483,-0.08907639517136112,-0.35133084197213227,-0.08292544627216525,true,true,supported,supported
300,28,13,-0.3799205465827912,-0.08277310238298974,-0.3805989483691493,-0.0913546916807021,true,true,supported,supported
300,28,14,-0.39384016476993566,-0.09961884042854341,-0.409415497129734,-0.09997120234666923,true,true,supported,supported
300,28,15,-0.45328278727340343,-0.12055197529465778,-0.437777672704159,-0.10878678435253109,true,true,supported,supported
300,29,1,0.0,0.0,0.0,0.0,true,true,supported,supported
300,29,2,-0.02763607529019907,-0.012836273209167248,-0.03417601520363278,-0.006930613128595886,true,true,supported,supported
300,29,3,-0.05402271764715205,-0.010147682586951978,-0.06789901947459309,-0.01396439853007514,true,true,supported,supported
300,29,4,-0.08476044096930502,-0.020672442237960387,-0.10117216454028588,-0.021106823250838902,true,true,supported,supported
300,29,5,-0.12668094136371189,-0.02731485401460665,-0.13399646036816137,-0.028363255966455614,true,true,supported,supported
300,29,6,-0.15769843371814474,-0.02334967068652427,-0.16637602355004444,-0.03574024009935106,true,true,supported,supported
300,29,7,-0.2052527072760103,-0.03952336684563362,-0.19831012895115097,-0.04324382565070417,true,true,supported,supported
300,29,8,-0.2192169259043707,-0.05127699824301424,-0.22980045707614938,-0.050881040517256726,true,true,supported,supported
300,29,9,-0.2624771561873148,-0.053961975537069606,-0.26084922894230167,-0.058659794241044616,true,true,supported,supported
300,29,10,-0.28799999112651753,-0.06682090953477282,-0.29145296486892514,-0.06658724516899128,true,true,supported,supported
300,29,11,-0.31141696355073556,-0.08102384026452902,-0.3216144620745859,-0.07467283963748694,true,true,supported,supported
300,29,12,-0.35684260352375563,-0.07771180799574706,-0.35133084197213227,-0.08292544627216525,true,true,supported,supported
300,29,13,-0.3699920686166528,-0.08911757939866505,-0.3805989483691493,-0.0913546916807021,true,true,supported,supported
300,29,14,-0.40556633762260585,-0.08946895963905177,-0.409415497129734,-0.09997120234666923,true,true,supported,supported
300,29,15,-0.4293053957877939,-0.08122379498604893,-0.437777672704159,-0.10878678435253109,true,true,supported,supported
300,30,1,0.0,0.0,0.0,0.0,true,true,supported,supported
300,30,2,-0.03348029652053941,-0.024952426470768785,-0.03417601520363278,-0.006930613128595886,true,true,supported,supported
300,30,3,-0.06597226691340063,-0.002210841473580194,-0.06789901947459309,-0.01396439853007514,true,true,supported,supported
300,30,4,-0.10303189182543471,-0.0328518692985702,-0.10117216454028588,-0.021106823250838902,true,true,supported,supported
300,30,5,-0.13011086791628634,-0.0361461803305434,-0.13399646036816137,-0.028363255966455614,true,true,supported,supported
300,30,6,-0.1834005242476724,-0.04645859450877177,-0.16637602355004444,-0.03574024009935106,true,true,supported,supported
300,30,7,-0.21225977067484814,-0.05185383188610304,-0.19831012895115097,-0.04324382565070417,true,true,supported,supported
300,30,8,-0.24837164970865444,-0.047955348557272015,-0.22980045707614938,-0.050881040517256726,true,true,supported,supported
300,30,9,-0.2987700181612235,-0.08257746462776894,-0.26084922894230167,-0.058659794241044616,true,true,supported,supported
300,30,10,-0.3018423302505544,-0.07279376100229062,-0.29145296486892514,-0.06658724516899128,true,true,supported,supported
300,30,11,-0.3424830252313372,-0.07965488678391552,-0.3216144620745859,-0.07467283963748694,true,true,supported,supported
300,30,12,-0.3777887204949074,-0.10655414773143401,-0.35133084197213227,-0.08292544627216525,true,true,supported,supported
300,30,13,-0.38932060222863574,-0.10374076616799577,-0.3805989483691493,-0.0913546916807021,true,true,supported,supported
300,30,14,-0.4124257820955155,-0.08728158032966826,-0.409415497129734,-0.09997120234666923,true,true,supported,supported
300,30,15,-0.45329769212571946,-0.12158270281222838,-0.437777672704159,-0.10878678435253109,true,true,supported,supported
300,31,1,0.0,0.0,0.0,0.0,true,true,supported,supported
300,31,2,-0.05873247992923425,-0.009682665683640734,-0.03417601520363278,-0.006930613128595886,true,true,supported,supported
300,31,3,-0.09763396375558175,-0.028694657728995487,-0.06789901947459309,-0.01396439853007514,true,true,supported,supported
300,31,4,-0.10784399176075554,-0.03015610941291913,-0.10117216454028588,-0.021106823250838902,true,true,supported,supported
300,31,5,-0.16149259989517883,-0.037720873761010076,-0.13399646036816137,-0.028363255966455614,true,true,supported,supported
300,31,6,-0.16934312420193487,-0.039242380052214476,-0.16637602355004444,-0.03574024009935106,true,true,supported,supported
300,31,7,-0.2105232407558717,-0.05130325718321338,-0.19831012895115097,-0.04324382565070417,true,true,supported,supported
300,31,8,-0.24515632088663253,-0.037555736453573574,-0.22980045707614938,-0.050881040517256726,true,true,supported,supported
300,31,9,-0.2728899584894766,-0.05856775427643379,-0.26084922894230167,-0.058659794241044616,true,true,supported,supported
300,31,10,-0.2973064485818099,-0.0729737006710327,-0.29145296486892514,-0.06658724516899128,true,true,supported,supported
300,31,11,-0.34930712284725374,-0.10315434721452921,-0.3216144620745859,-0.07467283963748694,true,true,supported,supported
300,31,12,-0.3677822674713668,-0.08837049928072371,-0.35133084197213227,-0.08292544627216525,true,true,supported,supported
300,31,13,-0.4152454479938348,-0.10802013649343789,-0.3805989483691493,-0.0913546916807021,true,true,supported,supported
300,31,14,-0.42474935836365235,-0.09239423049685591,-0.409415497129734,-0.09997120234666923,true,true,supported,supported
300,31,15,-0.47717479012165465,-0.1513323196281503,-0.437777672704159,-0.10878678435253109,true,true,supported,supported
300,32,1,0.0,0.0,0.0,0.0,true,true,supported,supported
300,32,2,-0.047951216179859535,0.01353858861596835,-0.03417601520363278,-0.006930613128595886,true,true,supported,supported
300,32,3,-0.06992733591824951,0.0005168365170236111,-0.06789901947459309,-0.01396439853007514,true,true,supported,supported
300,32,4,-0.12109013897189558,-0.026166251480673308,-0.10117216454028588,-0.021106823250838902,true,true,supported,supported
300,32,5,-0.1525868173669881,-0.03728892392155281,-0.13399646036816137,-0.028363255966455614,true,true,supported,supported
300,32,6,-0.1833714235101095,-0.01976674128988465,-0.16637602355004444,-0.03574024009935106,true,true,supported,supported
300,32,7,-0.2148593700327408,-0.043898685753171796,-0.19831012895115097,-0.04324382565070417,true,true,supported,supported
300,32,8,-0.2684374196892041,-0.05937267723308448,-0.22980045707614938,-0.050881040517256726,true,true,supported,supported
300,32,9,-0.2899496924511439,-0.08077631411174835,-0.26084922894230167,-0.058659794241044616,true,true,supported,supported
300,32,10,-0.3147838324216783,-0.07506743524347681,-0.29145296486892514,-0.06658724516899128,true,true,supported,supported
300,32,11,-0.3339142009084767,-0.0781611339886904,-0.3216144620745859,-0.07467283963748694,true,true,supported,supported
300,32,12,-0.38943654123320026,-0.0788621574541798,-0.35133084197213227,-0.08292544627216525,true,true,supported,supported
300,32,13,-0.38659437479226133,-0.0804291220943627,-0.3805989483691493,-0.0913546916807021,true,true,supported,supported
300,32,14,-0.4461231402544581,-0.1228162225098377,-0.409415497129734,-0.09997120234666923,true,true,supported,supported
300,32,15,-0.4600515722937638,-0.10580664688786356,-0.437777672704159,-0.10878678435253109,true,true,supported,supported
300,33,1,0.0,0.0,0.0,0.0,true,true,supported,supported
300,33,2,-0.0299689898779959,-0.0014278453473304253,-0.03417601520363278,-0.006930613128595886,true,true,supported,supported
300,33,3,-0.06790597819610111,-0.015048443336124429,-0.06789901947459309,-0.01396439853007514,true,true,supported,supported
300,33,4,-0.10897155194510766,-0.03404945727718611,-0.10117216454028588,-0.021106823250838902,true,true,supported,supported
300,33,5,-0.14091387215125517,-0.008855019701689337,-0.13399646036816137,-0.028363255966455614,true,true,supported,supported
300,33,6,-0.1760546988017907,-0.04524917325126443,-0.16637602355004444,-0.03574024009935106,true,true,supported,supported
300,33,7,-0.2092827394782113,-0.03994183829079523,-0.19831012895115097,-0.04324382565070417,true,true,supported,supported
300,33,8,-0.2283971346021234,-0.06084472887740433,-0.22980045707614938,-0.050881040517256726,true,true,supported,supported
300,33,9,-0.27089853043848633,-0.06880114381566227,-0.26084922894230167,-0.058659794241044616,true,true,supported,supported
300,33,10,-0.2866770722979012,-0.07934135911343254,-0.29145296486892514,-0.06658724516899128,true,true,supported,supported
300,33,11,-0.3158743731743302,-0.0675733795324589,-0.3216144620745859,-0.07467283963748694,true,true,supported,supported
300,33,12,-0.35390136010854334,-0.09762794218813342,-0.35133084197213227,-0.08292544627216525,true,true,supported,supported
300,33,13,-0.39453903191726736,-0.11208625957542895,-0.3805989483691493,-0.0913546916807021,true,true,supported,supported
300,33,14,-0.4136907622656799,-0.09434619988896797,-0.409415497129734,-0.09997120234666923,true,true,supported,supported
300,33,15,-0.44291326314713575,-0.09529160793651015,-0.437777672704159,-0.10878678435253109,true,true,supported,supported
300,34,1,0.0,0.0,0.0,0.0,true,true,supported,supported
300,34,2,-0.009043756398876113,-0.003565769515892492,-0.03417601520363278,-0.006930613128595886,true,true,supported,supported
300,34,3,-0.05021686199081321,-0.019456307140262363,-0.06789901947459309,-0.01396439853007514,true,true,supported,supported
300,34,4,-0.07878301962605594,0.0008823686381420615,-0.10117216454028588,-0.021106823250838902,true,true,supported,supported
300,34,5,-0.11736644037793309,-0.008323106053057527,-0.13399646036816137,-0.028363255966455614,true,true,supported,supported
300,34,6,-0.13163085610844516,-0.031936900587978934,-0.16637602355004444,-0.03574024009935106,true,true,supported,supported
300,34,7,-0.20078949548969516,-0.04542829898494838,-0.19831012895115097,-0.04324382565070417,true,true,supported,supported
300,34,8,-0.23025077800236116,-0.07384126995347529,-0.22980045707614938,-0.050881040517256726,true,true,supported,supported
300,34,9,-0.2513111020291916,-0.07891623839654249,-0.26084922894230167,-0.058659794241044616,true,true,supported,supported
300,34,10,-0.2743951210011336,-0.07911905502711059,-0.29145296486892514,-0.06658724516899128,true,true,supported,supported
300,34,11,-0.3149261402343235,-0.0715678463153413,-0.3216144620745859,-0.07467283963748694,true,true,supported,supported
300,34,12,-0.35251331056420887,-0.09729595258178714,-0.35133084197213227,-0.08292544627216525,true,true,supported,supported
300,34,13,-0.3661939611390923,-0.0949767139447778,-0.3805989483691493,-0.0913546916807021,true,true,supported,supported
300,34,14,-0.4071391177431948,-0.13153533384938687,-0.409415497129734,-0.09997120234666923,true,true,supported,supported
300,34,15,-0.42828429234864707,-0.11787180016850118,-0.437777672704159,-0.10878678435253109,true,true,supported,supported
300,35,1,0.0,0.0,0.0,0.0,true,true,supported,supported
300,35,2,-0.020132513073044866,-0.019824391429482335,-0.03417601520363278,-0.006930613128595886,true,true,supported,supported
300,35,3,-0.03621483003539805,-0.02385695333169069,-0.06789901947459309,-0.01396439853007514,true,true,supported,supported
300,35,4,-0.05659616858196537,-0.029019670797729158,-0.10117216454028588,-0.021106823250838902,true,true,supported,supported
300,35,5,-0.09414600580908639,-0.024062430934176926,-0.13399646036816137,-0.028363255966455614,true,true,supported,supported
300,35,6,-0.151660659243404,-0.04290862043455279,-0.16637602355004444,-0.03574024009935106,true,true,supported,supported
300,35,7,-0.16657059375003824,-0.04440763443952189,-0.19831012895115097,-0.04324382565070417,true,true,supported,supported
300,35,8,-0.19483284874991325,-0.05853053089502136,-0.22980045707614938,-0.050881040517256726,true,true,supported,supported
300,35,9,-0.23329409335596674,-0.06301212096483699,-0.26084922894230167,-0.058659794241044616,true,true,supported,supported
300,35,10,-0.2577616050022482,-0.055153847323104355,-0.29145296486892514,-0.06658724516899128,true,true,supported,supported
300,35,11,-0.3124687463903234,-0.08975290221385557,-0.3216144620745859,-0.07467283963748694,true,true,supported,supported
300,35,12,-0.3272142978541579,-0.0780750649688221,-0.35133084197213227,-0.08292544627216525,true,true,supported,supported
300,35,13,-0.3679731644834935,-0.10247951612061845,-0.3805989483691493,-0.0913546916807021,true,true,supported,supported
300,35,14,-0.39873004749928775,-0.1186200693345244,-0.409415497129734,-0.09997120234666923,true,true,supported,supported
300,35,15,-0.3901540912546694,-0.09544824705831045,-0.437777672704159,-0.10878678435253109,true,true,supported,supported
300,36,1,0.0,0.0,0.0,0.0,true,true,supported,supported
300,36,2,-0.05388158139353327,-0.025814892659002497,-0.03417601520363278,-0.006930613128595886,true,true,supported,supported
300,36,3,-0.07175278712363753,-0.020857136395708187,-0.06789901947459309,-0.01396439853007514,true,true,supported,supported
300,36,4,-0.09862331386608203,-0.025741210747513232,-0.10117216454028588,-0.021106823250838902,true,true,supported,supported
300,36,5,-0.13873771170960036,-0.015085761061547132,-0.13399646036816137,-0.028363255966455614,true,true,supported,supported
300,36,6,-0.17044657155004506,-0.0423295287665062,-0.16637602355004444,-0.03574024009935106,true,true,supported,supported
300,36,7,-0.21649846049512655,-0.05969665667202306,-0.19831012895115097,-0.04324382565070417,true,true,supported,supported
300,36,8,-0.2595826131014407,-0.06344704573562887,-0.22980045707614938,-0.050881040517256726,true,true,supported,supported
300,36,9,-0.26698169540870076,-0.07328762501267172,-0.26084922894230167,-0.058659794241044616,true,true,supported,supported
300,36,10,-0.29605734996227706,-0.0965802973305655,-0.29145296486892514,-0.06658724516899128,true,true,supported,supported
300,36,11,-0.3142510032849476,-0.0732820269390696,-0.3216144620745859,-0.07467283963748694,true,true,supported,supported
300,36,12,-0.3726160704600088,-0.11717365756849474,-0.35133084197213227,-0.08292544627216525,true,true,supported,supported
300,36,13,-0.39759117437375946,-0.10033369594555785,-0.3805989483691493,-0.0913546916807021,true,true,supported,supported
300,36,14,-0.4019715883204886,-0.10181811366330085,-0.409415497129734,-0.09997120234666923,true,true,supported,supported
300,36,15,-0.46377925584764157,-0.15597112481439646,-0.437777672704159,-0.10878678435253109,true,true,supported,supported
300,37,1,0.0,0.0,0.0,0.0,true,true,supported,supported
300,37,2,-0.013878484501124166,0.004162216269565588,-0.03417601520363278,-0.006930613128595886,true,true,supported,supported
300,37,3,-0.0688186331651437,0.007501192206003315,-0.06789901947459309,-0.01396439853007514,true,true,supported,supported
300,37,4,-0.10004855901702758,-0.027768767947900175,-0.10117216454028588,-0.021106823250838902,true,true,supported,supported
300,37,5,-0.13724345753889966,-0.03951101912404076,-0.13399646036816137,-0.028363255966455614,true,true,supported,supported
300,37,6,-0.17519196160643924,-0.02552445272733672,-0.16637602355004444,-0.03574024009935106,true,true,supported,supported
300,37,7,-0.2060428640752182,-0.048910903421827245,-0.19831012895115097,-0.04324382565070417,true,true,supported,supported
300,37,8,-0.2345701145357093,-0.06671999239715243,-0.22980045707614938,-0.050881040517256726,true,true,supported,supported
300,37,9,-0.27877259927042175,-0.0792824164764161,-0.26084922894230167,-0.058659794241044616,true,true,supported,supported
300,37,10,-0.3011278217498484,-0.07116701260295288,-0.29145296486892514,-0.06658724516899128,true,true,supported,supported
300,37,11,-0.3349245489287799,-0.07029780296805377,-0.3216144620745859,-0.07467283963748694,true,true,supported,supported
300,37,12,-0.34960328022102805,-0.08877135360760169,-0.35133084197213227,-0.08292544627216525,true,true,supported,supported
300,37,13,-0.40381102929184165,-0.08576235587922576,-0.3805989483691493,-0.0913546916807021,true,true,supported,supported
300,37,14,-0.42208177368135136,-0.10218421861703264,-0.409415497129734,-0.09997120234666923,true,true,supported,supported
300,37,15,-0.45096327507651,-0.1294222797947191,-0.437777672704159,-0.10878678435253109,true,true,supported,supported
300,38,1,0.0,0.0,0.0,0.0,true,true,supported,supported
300,38,2,-0.03002006285911052,0.0024813010852642314,-0.03417601520363278,-0.006930613128595886,true,true,supported,supported
300,38,3,-0.05408745004520976,-0.01488764171700474,-0.06789901947459309,-0.01396439853007514,true,true,supported,supported
300,38,4,-0.07321352236930745,0.002384527661829172,-0.10117216454028588,-0.021106823250838902,true,true,supported,supported
300,38,5,-0.10954710636269105,-0.03176855396151457,-0.13399646036816137,-0.028363255966455614,true,true,supported,supported
300,38,6,-0.1481048107773727,-0.024329704424605025,-0.16637602355004444,-0.03574024009935106,true,true,supported,supported
300,38,7,-0.18817051564198595,-0.02646409012722306,-0.19831012895115097,-0.04324382565070417,true,true,supported,supported
300,38,8,-0.21064099694255156,-0.03272997214621676,-0.22980045707614938,-0.050881040517256726,true,true,supported,supported
300,38,9,-0.2402926107502068,-0.0089619375861828,-0.26084922894230167,-0.058659794241044616,true,true,supported,supported
300,38,10,-0.285306945880605,-0.05557703005721848,-0.29145296486892514,-0.06658724516899128,true,true,supported,supported
300,38,11,-0.30588185181514516,-0.034973219328327865,-0.3216144620745859,-0.07467283963748694,true,true,supported,supported
300,38,12,-0.3361468810476863,-0.06970263141792787,-0.35133084197213227,-0.08292544627216525,true,true,supported,supported
300,38,13,-0.38312307239484655,-0.10101877352867816,-0.3805989483691493,-0.0913546916807021,true,true,supported,supported
300,38,14,-0.41588549985167333,-0.09203574162394079,-0.409415497129734,-0.09997120234666923,true,true,supported,supported
300,38,15,-0.43242953977243637,-0.08860958149183251,-0.437777672704159,-0.10878678435253109,true,true,supported,supported
300,39,1,0.0,0.0,0.0,0.0,true,true,supported,supported
300,39,2,-0.03113505764360658,-0.0009578734668478361,-0.03417601520363278,-0.006930613128595886,true,true,supported,supported
300,39,3,-0.08771953157024082,-0.024094038194709344,-0.06789901947459309,-0.01396439853007514,true,true,supported,supported
300,39,4,-0.12546317519039452,-0.034416363555567875,-0.10117216454028588,-0.021106823250838902,true,true,supported,supported
300,39,5,-0.12932254114413533,-0.045100819240399104,-0.13399646036816137,-0.028363255966455614,true,true,supported,supported
300,39,6,-0.17333658744637392,-0.041136604149111244,-0.16637602355004444,-0.03574024009935106,true,true,supported,supported
300,39,7,-0.19695556253286584,-0.0412367215750431,-0.19831012895115097,-0.04324382565070417,true,true,supported,supported
300,39,8,-0.24593249434851372,-0.05828396792712942,-0.22980045707614938,-0.050881040517256726,true,true,supported,supported
300,39,9,-0.25239534131193286,-0.054183116963858025,-0.26084922894230167,-0.058659794241044616,true,true,supported,supported
300,39,10,-0.2988963227649497,-0.06104576768353209,-0.29145296486892514,-0.06658724516899128,true,true,supported,supported
300,39,11,-0.3344390222504716,-0.07302571457246665,-0.3216144620745859,-0.07467283963748694,true,true,supported,supported
300,39,12,-0.3711303214892031,-0.08948786797501462,-0.35133084197213227,-0.08292544627216525,true,true,supported,supported
300,39,13,-0.3891293906235632,-0.0714614377602747,-0.3805989483691493,-0.0913546916807021,true,true,supported,supported
300,39,14,-0.4352865011452538,-0.11923918358444274,-0.409415497129734,-0.09997120234666923,true,true,supported,supported
300,39,15,-0.4249666187772927,-0.1003586411201618,-0.437777672704159,-0.10878678435253109,true,true,supported,supported
300,40,1,0.0,0.0,0.0,0.0,true,true,supported,supported
300,40,2,-0.046004613989246046,-0.01062186180084057,-0.03417601520363278,-0.006930613128595886,true,true,supported,supported
300,40,3,-0.07464493194415289,-0.026766253712140697,-0.06789901947459309,-0.01396439853007514,true,true,supported,supported
300,40,4,-0.1052877483920398,-0.03695706540199262,-0.10117216454028588,-0.021106823250838902,true,true,supported,supported
300,40,5,-0.1519012267824148,-0.03444148685780324,-0.13399646036816137,-0.028363255966455614,true,true,supported,supported
300,40,6,-0.168446725709804,-0.032568495774321415,-0.16637602355004444,-0.03574024009935106,true,true,supported,supported
300,40,7,-0.2082632553935262,-0.046176107261047705,-0.19831012895115097,-0.04324382565070417,true,true,supported,supported
300,40,8,-0.2519407665280645,-0.0522553247117169,-0.22980045707614938,-0.050881040517256726,true,true,supported,supported
300,40,9,-0.2742775505885682,-0.05916269326738144,-0.26084922894230167,-0.058659794241044616,true,true,supported,supported
300,40,10,-0.301051802482455,-0.07443485183493359,-0.29145296486892514,-0.06658724516899128,true,true,supported,supported
300,40,11,-0.34008087560222444,-0.07269312351002888,-0.3216144620745859,-0.07467283963748694,true,true,supported,supported
300,40,12,-0.38434348679926766,-0.09679775300384985,-0.35133084197213227,-0.08292544627216525,true,true,supported,supported
300,40,13,-0.40473934047705795,-0.08809437855835622,-0.3805989483691493,-0.0913546916807021,true,true,supported,supported
300,40,14,-0.4261333914596992,-0.10620462691281951,-0.409415497129734,-0.09997120234666923,true,true,supported,supported
300,40,15,-0.4490041881708726,-0.11512393311623181,-0.437777672704159,-0.10878678435253109,true,true,supported,supported
300,41,1,0.0,0.0,0.0,0.0,true,true,supported,supported
300,41,2,-0.026583368112535588,-0.004412045997358893,-0.03417601520363278,-0.006930613128595886,true,true,supported,supported
300,41,3,-0.07947979617652445,-0.035136808368654404,-0.06789901947459309,-0.01396439853007514,true,true,supported,supported
300,41,4,-0.11209049033960572,-0.04243210325787228,-0.10117216454028588,-0.021106823250838902,true,true,supported,supported
300,41,5,-0.14911031417721943,-0.03393199153410553,-0.13399646036816137,-0.028363255966455614,true,true,supported,supported
300,41,6,-0.1939509889098232,-0.0604096362579053,-0.16637602355004444,-0.03574024009935106,true,true,supported,supported
300,41,7,-0.23771944697717895,-0.06837115826819706,-0.19831012895115097,-0.04324382565070417,true,true,supported,supported
300,41,8,-0.2576284805066821,-0.06921088110060014,-0.22980045707614938,-0.050881040517256726,true,true,supported,supported
300,41,9,-0.282346516753066,-0.0769378219669129,-0.26084922894230167,-0.058659794241044616,true,true,supported,supported
300,41,10,-0.3066440205106655,-0.08240454931890573,-0.29145296486892514,-0.06658724516899128,true,true,supported,supported
300,41,11,-0.31834794324083326,-0.07923663708391737,-0.3216144620745859,-0.07467283963748694,true,true,supported,supported
300,41,12,-0.3747192562826561,-0.1091118041501763,-0.35133084197213227,-0.08292544627216525,true,true,supported,supported
300,41,13,-0.3859407464015998,-0.08873155241336828,-0.3805989483691493,-0.0913546916807021,true,true,supported,supported
300,41,14,-0.4170449259966901,-0.1255370033540849,-0.409415497129734,-0.09997120234666923,true,true,supported,supported
300,41,15,-0.4381442869746479,-0.11083777893658886,-0.437777672704159,-0.10878678435253109,true,true,supported,supported
300,42,1,0.0,0.0,0.0,0.0,true,true,supported,supported
300,42,2,-0.03485253546405842,-0.012388678270538578,-0.03417601520363278,-0.006930613128595886,true,true,supported,supported
300,42,3,-0.06770194890773185,-0.025213731192034183,-0.06789901947459309,-0.01396439853007514,true,true,supported,supported
300,42,4,-0.09415178688031389,-0.031522520798714204,-0.10117216454028588,-0.021106823250838902,true,true,supported,supported
300,42,5,-0.1551635770538352,-0.04574644967841679,-0.13399646036816137,-0.028363255966455614,true,true,supported,supported
300,42,6,-0.16352371725663173,-0.024909391073196452,-0.16637602355004444,-0.03574024009935106,true,true,supported,supported
300,42,7,-0.19872133939657988,-0.050276254128744036,-0.19831012895115097,-0.04324382565070417,true,true,supported,supported
300,42,8,-0.2255903612414879,-0.08159229701548376,-0.22980045707614938,-0.050881040517256726,true,true,supported,supported
300,42,9,-0.26775814815964893,-0.08804527558586972,-0.26084922894230167,-0.058659794241044616,true,true,supported,supported
300,42,10,-0.29094999490426776,-0.07360254173673542,-0.29145296486892514,-0.06658724516899128,true,true,supported,supported
300,42,11,-0.3093850027455022,-0.0924116292563607,-0.3216144620745859,-0.07467283963748694,true,true,supported,supported
300,42,12,-0.35802377648101946,-0.10439720099686733,-0.35133084197213227,-0.08292544627216525,true,true,supported,supported
300,42,13,-0.38023689043453857,-0.11293298570343901,-0.3805989483691493,-0.0913546916807021,true,true,supported,supported
300,42,14,-0.391513443563151,-0.08907911840227423,-0.409415497129734,-0.09997120234666923,true,true,supported,supported
300,42,15,-0.46943409696163063,-0.18001972245848896,-0.437777672704159,-0.10878678435253109,true,true,supported,supported
300,43,1,0.0,0.0,0.0,0.0,true,true,supported,supported
300,43,2,-0.04752810545611563,-0.005795430925952694,-0.03417601520363278,-0.006930613128595886,true,true,supported,supported
300,43,3,-0.05498375680041512,-0.0166188121768156,-0.06789901947459309,-0.01396439853007514,true,true,supported,supported
300,43,4,-0.09881049418549392,-0.009241502093439546,-0.10117216454028588,-0.021106823250838902,true,true,supported,supported
300,43,5,-0.13046678241403753,-0.030790521937668403,-0.13399646036816137,-0.028363255966455614,true,true,supported,supported
300,43,6,-0.16552508497427854,-0.026482168732192113,-0.16637602355004444,-0.03574024009935106,true,true,supported,supported
300,43,7,-0.20861197923590857,-0.049998922355298125,-0.19831012895115097,-0.04324382565070417,true,true,supported,supported
300,43,8,-0.22800659962668735,-0.047604760863998896,-0.22980045707614938,-0.050881040517256726,true,true,supported,supported
300,43,9,-0.26147508640965944,-0.05796698245928156,-0.26084922894230167,-0.058659794241044616,true,true,supported,supported
300,43,10,-0.29639315292083834,-0.06389579372877274,-0.29145296486892514,-0.06658724516899128,true,true,supported,supported
300,43,11,-0.2974643163612828,-0.06818270105549462,-0.3216144620745859,-0.07467283963748694,true,true,supported,supported
300,43,12,-0.337433091445559,-0.04972810527616245,-0.35133084197213227,-0.08292544627216525,true,true,supported,supported
300,43,13,-0.3880450462745102,-0.0955489209043513,-0.3805989483691493,-0.0913546916807021,true,true,supported,supported
300,43,14,-0.3869441150367193,-0.09651868380570561,-0.409415497129734,-0.09997120234666923,true,true,supported,supported
300,43,15,-0.44500043407381307,-0.1095159903438504,-0.437777672704159,-0.10878678435253109,true,true,supported,supported
300,44,1,0.0,0.0,0.0,0.0,true,true,supported,supported
300,44,2,-0.01458185704589976,0.005603938446125056,-0.03417601520363278,-0.006930613128595886,true,true,supported,supported
300,44,3,-0.052808311642105865,-0.012589627013156246,-0.06789901947459309,-0.01396439853007514,true,true,supported,supported
300,44,4,-0.09040600318083403,-0.020671228641796713,-0.10117216454028588,-0.021106823250838902,true,true,supported,supported
300,44,5,-0.12039232578818537,-0.03429719360110972,-0.13399646036816137,-0.028363255966455614,true,true,supported,supported
300,44,6,-0.14624466521292612,-0.03473565823434266,-0.16637602355004444,-0.03574024009935106,true,true,supported,supported
300,44,7,-0.18550976109950934,-0.03789229821722018,-0.19831012895115097,-0.04324382565070417,true,true,supported,supported
300,44,8,-0.20826568647269672,-0.05609902541722778,-0.22980045707614938,-0.050881040517256726,true,true,supported,supported
300,44,9,-0.23448006660414467,-0.05149846068907682,-0.26084922894230167,-0.058659794241044616,true,true,supported,supported
300,44,10,-0.28013447731972596,-0.0834155041305702,-0.29145296486892514,-0.06658724516899128,true,true,supported,supported
300,44,11,-0.31460677649335667,-0.0812879219656415,-0.3216144620745859,-0.07467283963748694,true,true,supported,supported
300,44,12,-0.3375577233136555,-0.09180659947383218,-0.35133084197213227,-0.08292544627216525,true,true,supported,supported
300,44,13,-0.3723253502409066,-0.09418869026361809,-0.3805989483691493,-0.0913546916807021,true,true,supported,supported
300,44,14,-0.38961770676379404,-0.08577517841807103,-0.409415497129734,-0.09997120234666923,true,true,supported,supported
300,44,15,-0.4076998972591783,-0.12623459659869107,-0.437777672704159,-0.10878678435253109,true,true,supported,supported
300,45,1,0.0,0.0,0.0,0.0,true,true,supported,supported
300,45,2,-0.012805748270144801,0.022434755789484617,-0.03417601520363278,-0.006930613128595886,true,true,supported,supported
300,45,3,-0.05953976588068355,-0.005204321327868633,-0.06789901947459309,-0.01396439853007514,true,true,supported,supported
300,45,4,-0.07808447117444817,-0.004062285702618462,-0.10117216454028588,-0.021106823250838902,true,true,supported,supported
300,45,5,-0.12528064891734036,-0.015200097046592087,-0.13399646036816137,-0.028363255966455614,true,true,supported,supported
300,45,6,-0.1561270967572037,-0.016613044842922586,-0.16637602355004444,-0.03574024009935106,true,true,supported,supported
300,45,7,-0.19978437884710087,-0.04039450051189253,-0.19831012895115097,-0.04324382565070417,true,true,supported,supported
300,45,8,-0.21524338253710762,-0.044831784521065954,-0.22980045707614938,-0.050881040517256726,true,true,supported,supported
300,45,9,-0.25650419592501916,-0.07037081655312882,-0.26084922894230167,-0.058659794241044616,true,true,supported,supported
300,45,10,-0.268918395999032,-0.052008892593986,-0.29145296486892514,-0.06658724516899128,true,true,supported,supported
300,45,11,-0.32260622722830834,-0.054050602755571275,-0.3216144620745859,-0.07467283963748694,true,true,supported,supported
300,45,12,-0.3203487910796533,-0.05218417549326759,-0.35133084197213227,-0.08292544627216525,true,true,supported,supported
300,45,13,-0.38150144521449514,-0.09612070829800734,-0.3805989483691493,-0.0913546916807021,true,true,supported,supported
300,45,14,-0.3964390259766829,-0.09730398766478954,-0.409415497129734,-0.09997120234666923,true,true,supported,supported
300,45,15,-0.4165296471691048,-0.09932777917428581,-0.437777672704159,-0.10878678435253109,true,true,supported,supported
300,46,1,0.0,0.0,0.0,0.0,true,true,supported,supported
300,46,2,-0.0548057701128859,-0.01709115918082471,-0.03417601520363278,-0.006930613128595886,true,true,supported,supported
300,46,3,-0.09910546026923239,-0.03587232279561392,-0.06789901947459309,-0.01396439853007514,true,true,supported,supported
300,46,4,-0.14057957486892114,-0.037171484395802534,-0.10117216454028588,-0.021106823250838902,true,true,supported,supported
300,46,5,-0.15243330831621815,-0.045045444127916,-0.13399646036816137,-0.028363255966455614,true,true,supported,supported
300,46,6,-0.20172085009228646,-0.047418394348875736,-0.16637602355004444,-0.03574024009935106,true,true,supported,supported
300,46,7,-0.22053524313817896,-0.07130967764490825,-0.19831012895115097,-0.04324382565070417,true,true,supported,supported
300,46,8,-0.22993840245219477,-0.03717034608012759,-0.22980045707614938,-0.050881040517256726,true,true,supported,supported
300,46,9,-0.28473785891597736,-0.06789445748847656,-0.26084922894230167,-0.058659794241044616,true,true,supported,supported
300,46,10,-0.3025878171791252,-0.05708257084734003,-0.29145296486892514,-0.06658724516899128,true,true,supported,supported
300,46,11,-0.343101411845662,-0.08588851051640978,-0.3216144620745859,-0.07467283963748694,true,true,supported,supported
300,46,12,-0.36742974002107254,-0.08467879041003246,-0.35133084197213227,-0.08292544627216525,true,true,supported,supported
300,46,13,-0.3940523042227576,-0.09919117251901488,-0.3805989483691493,-0.0913546916807021,true,true,supported,supported
300,46,14,-0.44140344798612985,-0.10204736512462786,-0.409415497129734,-0.09997120234666923,true,true,supported,supported
300,46,15,-0.46916913158791884,-0.14491702478426283,-0.437777672704159,-0.10878678435253109,true,true,supported,supported
300,47,1,0.0,0.0,0.0,0.0,true,true,supported,supported
300,47,2,-0.05701635081619494,-0.00855969747829366,-0.03417601520363278,-0.006930613128595886,true,true,supported,supported
300,47,3,-0.11867954703477446,-0.03177351051933941,-0.06789901947459309,-0.01396439853007514,true,true,supported,supported
300,47,4,-0.1161511597810313,-0.0009525245255143089,-0.10117216454028588,-0.021106823250838902,true,true,supported,supported
300,47,5,-0.14940412313514506,-0.01762886646929418,-0.13399646036816137,-0.028363255966455614,true,true,supported,supported
300,47,6,-0.18743422162043233,-0.026282725083735525,-0.16637602355004444,-0.03574024009935106,true,true,supported,supported
300,47,7,-0.20721356277465097,-0.039507218817630085,-0.19831012895115097,-0.04324382565070417,true,true,supported,supported
300,47,8,-0.23774796445613267,-0.048006530806185665,-0.22980045707614938,-0.050881040517256726,true,true,supported,supported
300,47,9,-0.2812595724234488,-0.05207872085292364,-0.26084922894230167,-0.058659794241044616,true,true,supported,supported
300,47,10,-0.30859136557481504,-0.05841661959813549,-0.29145296486892514,-0.06658724516899128,true,true,supported,supported
300,47,11,-0.34727704926070246,-0.0741195697626541,-0.3216144620745859,-0.07467283963748694,true,true,supported,supported
300,47,12,-0.36607816797065795,-0.08127968096816929,-0.35133084197213227,-0.08292544627216525,true,true,supported,supported
300,47,13,-0.4031093829983676,-0.08682656523734955,-0.3805989483691493,-0.0913546916807021,true,true,supported,supported
300,47,14,-0.43747777047666025,-0.12377187960722869,-0.409415497129734,-0.09997120234666923,true,true,supported,supported
300,47,15,-0.46044890600364485,-0.12482595121783957,-0.437777672704159,-0.10878678435253109,true,true,supported,supported
300,48,1,0.0,0.0,0.0,0.0,true,true,supported,supported
300,48,2,-0.02527480307522323,-0.005939512881034892,-0.03417601520363278,-0.006930613128595886,true,true,supported,supported
300,48,3,-0.035408952976641705,-0.010074360728138498,-0.06789901947459309,-0.01396439853007514,true,true,supported,supported
300,48,4,-0.08384478214251712,-0.002067372771703324,-0.10117216454028588,-0.021106823250838902,true,true,supported,supported
300,48,5,-0.11170829719298458,-0.00015972406958209007,-0.13399646036816137,-0.028363255966455614,true,true,supported,supported
300,48,6,-0.14775304299480496,-0.029838189596989584,-0.16637602355004444,-0.03574024009935106,true,true,supported,supported
300,48,7,-0.1938576714728414,-0.04494922850728922,-0.19831012895115097,-0.04324382565070417,true,true,supported,supported
300,48,8,-0.23171375022178387,-0.06425047937732187,-0.22980045707614938,-0.050881040517256726,true,true,supported,supported
300,48,9,-0.2524517505683096,-0.05456013025901385,-0.26084922894230167,-0.058659794241044616,true,true,supported,supported
300,48,10,-0.2950174003535114,-0.07892231622412038,-0.29145296486892514,-0.06658724516899128,true,true,supported,supported
300,48,11,-0.3227429532105196,-0.0751268268781895,-0.3216144620745859,-0.07467283963748694,true,true,supported,supported
300,48,12,-0.3279955019244868,-0.07420208803056394,-0.35133084197213227,-0.08292544627216525,true,true,supported,supported
300,48,13,-0.3695916548341187,-0.10699149539471364,-0.3805989483691493,-0.0913546916807021,true,true,supported,supported
300,48,14,-0.3924163507968309,-0.08582614322296556,-0.409415497129734,-0.09997120234666923,true,true,supported,supported
300,48,15,-0.41912542441821465,-0.09501867329826374,-0.437777672704159,-0.10878678435253109,true,true,supported,supported
300,49,1,0.0,0.0,0.0,0.0,true,true,supported,supported
300,49,2,-0.02961713776786956,0.00600540587896925,-0.03417601520363278,-0.006930613128595886,true,true,supported,supported
300,49,3,-0.05327819442400539,-0.008685423501895828,-0.06789901947459309,-0.01396439853007514,true,true,supported,supported
300,49,4,-0.07872719113226789,0.01643770529588262,-0.10117216454028588,-0.021106823250838902,true,true,supported,supported
300,49,5,-0.11841716894261423,-4.759841127299769e-05,-0.13399646036816137,-0.028363255966455614,true,true,supported,supported
300,49,6,-0.17585230210563074,-0.02204570319243504,-0.16637602355004444,-0.03574024009935106,true,true,supported,supported
300,49,7,-0.20236467446522244,-0.03137964514436098,-0.19831012895115097,-0.04324382565070417,true,true,supported,supported
300,49,8,-0.21834744382906057,-0.033559219773257154,-0.22980045707614938,-0.050881040517256726,true,true,supported,supported
300,49,9,-0.2678667429055396,-0.04123635871371378,-0.26084922894230167,-0.058659794241044616,true,true,supported,supported
300,49,10,-0.2953820484918769,-0.053004170303704856,-0.29145296486892514,-0.06658724516899128,true,true,supported,supported
300,49,11,-0.32383883374355027,-0.05305872103485931,-0.3216144620745859,-0.07467283963748694,true,true,supported,supported
300,49,12,-0.3474521748949758,-0.057797458400219104,-0.35133084197213227,-0.08292544627216525,true,true,supported,supported
300,49,13,-0.39377618855813745,-0.06598891654176242,-0.3805989483691493,-0.0913546916807021,true,true,supported,supported
300,49,14,-0.40972020742937076,-0.08008848319416706,-0.409415497129734,-0.09997120234666923,true,true,supported,supported
300,49,15,-0.4465779789787995,-0.09604085822203656,-0.437777672704159,-0.10878678435253109,true,true,supported,supported
300,50,1,0.0,0.0,0.0,0.0,true,true,supported,supported
300,50,2,-0.05419447251692944,-0.03581860030385842,-0.03417601520363278,-0.006930613128595886,true,true,supported,supported
300,50,3,-0.0853235914468835,-0.018217467470310056,-0.06789901947459309,-0.01396439853007514,true,true,supported,supported
300,50,4,-0.11329637339507348,-0.030605269266878565,-0.10117216454028588,-0.021106823250838902,true,true,supported,supported
300,50,5,-0.15493528919890398,-0.029878140472956116,-0.13399646036816137,-0.028363255966455614,true,true,supported,supported
300,50,6,-0.20133761417751173,-0.04134792229940398,-0.16637602355004444,-0.03574024009935106,true,true,supported,supported
300,50,7,-0.21936213537186633,-0.048363285135905376,-0.19831012895115097,-0.04324382565070417,true,true,supported,supported
300,50,8,-0.24819138113206662,-0.05790906453619715,-0.22980045707614938,-0.050881040517256726,true,true,supported,supported
300,50,9,-0.28733139014337683,-0.07645540412323315,-0.26084922894230167,-0.058659794241044616,true,true,supported,supported
300,50,10,-0.31967460327824115,-0.09716593953335984,-0.29145296486892514,-0.06658724516899128,true,true,supported,supported
300,50,11,-0.3579120274693012,-0.0918930507691148,-0.3216144620745859,-0.07467283963748694,true,true,supported,supported
300,50,12,-0.3823248063125495,-0.09614916554073027,-0.35133084197213227,-0.08292544627216525,true,true,supported,supported
300,50,13,-0.409795772294975,-0.12025056948504687,-0.3805989483691493,-0.0913546916807021,true,true,supported,supported
300,50,14,-0.426422587124512,-0.09506483636490282,-0.409415497129734,-0.09997120234666923,true,true,supported,supported
300,50,15,-0.4636833651875557,-0.099538041129838,-0.437777672704159,-0.10878678435253109,true,true,supported,supported
300,51,1,0.0,0.0,0.0,0.0,true,true,supported,supported
300,51,2,-0.06614363070045348,-0.011703782332047608,-0.03417601520363278,-0.006930613128595886,true,true,supported,supported
300,51,3,-0.07884517842299976,-0.022327133154925405,-0.06789901947459309,-0.01396439853007514,true,true,supported,supported
300,51,4,-0.13401351619287716,-0.04021292717532221,-0.10117216454028588,-0.021106823250838902,true,true,supported,supported
300,51,5,-0.15919916173101345,-0.036018521635121536,-0.13399646036816137,-0.028363255966455614,true,true,supported,supported
300,51,6,-0.197104017727889,-0.028351084253167902,-0.16637602355004444,-0.03574024009935106,true,true,supported,supported
300,51,7,-0.22051935650256205,-0.05964632370927203,-0.19831012895115097,-0.04324382565070417,true,true,supported,supported
300,51,8,-0.25934378546661374,-0.05488757036610059,-0.22980045707614938,-0.050881040517256726,true,true,supported,supported
300,51,9,-0.26967539402192,-0.06101821919231998,-0.26084922894230167,-0.058659794241044616,true,true,supported,supported
300,51,10,-0.3267684922248695,-0.09220516288326885,-0.29145296486892514,-0.06658724516899128,true,true,supported,supported
300,51,11,-0.3480208888326408,-0.08308187545778689,-0.3216144620745859,-0.07467283963748694,true,true,supported,supported
300,51,12,-0.36260031526086456,-0.08107595721139715,-0.35133084197213227,-0.08292544627216525,true,true,supported,supported
300,51,13,-0.408854947360482,-0.11636510184025317,-0.3805989483691493,-0.0913546916807021,true,true,supported,supported
300,51,14,-0.45136512050567934,-0.11999675259753206,-0.409415497129734,-0.09997120234666923,true,true,supported,supported
300,51,15,-0.46537231221000386,-0.13220479269899177,-0.437777672704159,-0.10878678435253109,true,true,supported,supported
300,52,1,0.0,0.0,0.0,0.0,true,true,supported,supported
300,52,2,-0.05217088487863619,-0.017118456766692325,-0.03417601520363278,-0.006930613128595886,true,true,supported,supported
300,52,3,-0.0956058267832629,-0.03544527193807823,-0.06789901947459309,-0.01396439853007514,true,true,supported,supported
300,52,4,-0.10410848769165093,-0.012126889360705828,-0.10117216454028588,-0.021106823250838902,true,true,supported,supported
300,52,5,-0.15662027511236332,-0.028440937549973788,-0.13399646036816137,-0.028363255966455614,true,true,supported,supported
300,52,6,-0.172114000548222,-0.04827641830388618,-0.16637602355004444,-0.03574024009935106,true,true,supported,supported
300,52,7,-0.20571789543156904,-0.048855997118308236,-0.19831012895115097,-0.04324382565070417,true,true,supported,supported
300,52,8,-0.24226786621902519,-0.049975768352983674,-0.22980045707614938,-0.050881040517256726,true,true,supported,supported
300,52,9,-0.27347630958690583,-0.06651713358103029,-0.26084922894230167,-0.058659794241044616,true,true,supported,supported
300,52,10,-0.3008434319631298,-0.06415479894441412,-0.29145296486892514,-0.06658724516899128,true,true,supported,supported
300,52,11,-0.33449058966392087,-0.07811716389178958,-0.3216144620745859,-0.07467283963748694,true,true,supported,supported
300,52,12,-0.36382014616907976,-0.10151664384455006,-0.35133084197213227,-0.08292544627216525,true,true,supported,supported
300,52,13,-0.39835383751785025,-0.09198367171748545,-0.3805989483691493,-0.0913546916807021,true,true,supported,supported
300,52,14,-0.4271152424468433,-0.12205045393602454,-0.409415497129734,-0.09997120234666923,true,true,supported,supported
300,52,15,-0.4318535993408077,-0.1000621105914905,-0.437777672704159,-0.10878678435253109,true,true,supported,supported
300,53,1,0.0,0.0,0.0,0.0,true,true,supported,supported
300,53,2,-0.04923566378038613,-0.0266386803481935,-0.03417601520363278,-0.006930613128595886,true,true,supported,supported
300,53,3,-0.06553452919514591,-0.008473344925442827,-0.06789901947459309,-0.01396439853007514,true,true,supported,supported
300,53,4,-0.09941852665203621,-0.03286004870791259,-0.10117216454028588,-0.021106823250838902,true,true,supported,supported
300,53,5,-0.15955450837563645,-0.03932177662622216,-0.13399646036816137,-0.028363255966455614,true,true,supported,supported
300,53,6,-0.163358795708183,-0.04019254190137589,-0.16637602355004444,-0.03574024009935106,true,true,supported,supported
300,53,7,-0.20284191082139047,-0.05954013602085395,-0.19831012895115097,-0.04324382565070417,true,true,supported,supported
300,53,8,-0.24275270776082236,-0.05472377234743364,-0.22980045707614938,-0.050881040517256726,true,true,supported,supported
300,53,9,-0.27993316684156744,-0.0735046659990739,-0.26084922894230167,-0.058659794241044616,true,true,supported,supported
300,53,10,-0.3142560421184384,-0.09394200371638517,-0.29145296486892514,-0.06658724516899128,true,true,supported,supported
300,53,11,-0.3109783999040805,-0.06296526109652756,-0.3216144620745859,-0.07467283963748694,true,true,supported,supported
300,53,12,-0.3560164899395609,-0.09340100523767814,-0.35133084197213227,-0.08292544627216525,true,true,supported,supported
300,53,13,-0.38420966213019525,-0.08785388272063699,-0.3805989483691493,-0.0913546916807021,true,true,supported,supported
300,53,14,-0.4139891763700181,-0.10316360647434797,-0.409415497129734,-0.09997120234666923,true,true,supported,supported
300,53,15,-0.44121442501354435,-0.1323587642094376,-0.437777672704159,-0.10878678435253109,true,true,supported,supported
300,54,1,0.0,0.0,0.0,0.0,true,true,supported,supported
300,54,2,-0.03996957815110991,-0.017187254021393206,-0.03417601520363278,-0.006930613128595886,true,true,supported,supported
300,54,3,-0.07836885175465325,-0.026449337339309986,-0.06789901947459309,-0.01396439853007514,true,true,supported,supported
300,54,4,-0.08985098970572458,-0.016204204711280146,-0.10117216454028588,-0.021106823250838902,true,true,supported,supported
300,54,5,-0.14868475648611845,-0.046296803920176766,-0.13399646036816137,-0.028363255966455614,true,true,supported,supported
300,54,6,-0.15633751175629096,-0.03329579920262893,-0.16637602355004444,-0.03574024009935106,true,true,supported,supported
300,54,7,-0.19956802568776455,-0.052357621415582534,-0.19831012895115097,-0.04324382565070417,true,true,supported,supported
300,54,8,-0.22967421565582247,-0.056803898270702646,-0.22980045707614938,-0.050881040517256726,true,true,supported,supported
300,54,9,-0.2693945465607066,-0.06793161295207495,-0.26084922894230167,-0.058659794241044616,true,true,supported,supported
300,54,10,-0.2765804792783034,-0.06173471953742493,-0.29145296486892514,-0.06658724516899128,true,true,supported,supported
300,54,11,-0.3139288033822628,-0.08386524103385784,-0.3216144620745859,-0.07467283963748694,true,true,supported,supported
300,54,12,-0.3677533341567655,-0.12218302190566666,-0.35133084197213227,-0.08292544627216525,true,true,supported,supported
300,54,13,-0.3798496895505534,-0.07604073545090984,-0.3805989483691493,-0.0913546916807021,true,true,supported,supported
300,54,14,-0.4007042686195884,-0.10592869160892315,-0.409415497129734,-0.09997120234666923,true,true,supported,supported
300,54,15,-0.4489893257212574,-0.10423917792142767,-0.437777672704159,-0.10878678435253109,true,true,supported,supported
300,55,1,0.0,0.0,0.0,0.0,true,true,supported,supported
300,55,2,-0.043115618092423036,-0.008596208951571094,-0.03417601520363278,-0.006930613128595886,true,true,supported,supported
300,55,3,-0.055251365875722214,-0.004862090888959059,-0.06789901947459309,-0.01396439853007514,true,true,supported,supported
300,55,4,-0.054808474680004826,-0.0026199601892784585,-0.10117216454028588,-0.021106823250838902,true,true,supported,supported
300,55,5,-0.12947467043394867,-0.03301022057958902,-0.13399646036816137,-0.028363255966455614,true,true,supported,supported
300,55,6,-0.1553537565869786,-0.039201948871662284,-0.16637602355004444,-0.03574024009935106,true,true,supported,supported
300,55,7,-0.18354393841639938,-0.04486959163455606,-0.19831012895115097,-0.04324382565070417,true,true,supported,supported
300,55,8,-0.22060358068281893,-0.03516965406364969,-0.22980045707614938,-0.050881040517256726,true,true,supported,supported
300,55,9,-0.23462051450479204,-0.054553875135005425,-0.26084922894230167,-0.058659794241044616,true,true,supported,supported
300,55,10,-0.2750500685107533,-0.06279342051531789,-0.29145296486892514,-0.06658724516899128,true,true,supported,supported
300,55,11,-0.3146629476852525,-0.069112478765324,-0.3216144620745859,-0.07467283963748694,true,true,supported,supported
300,55,12,-0.34225801988725835,-0.09163907464742616,-0.35133084197213227,-0.08292544627216525,true,true,supported,supported
300,55,13,-0.3607153158694639,-0.0805706568212039,-0.3805989483691493,-0.0913546916807021,true,true,supported,supported
300,55,14,-0.3926306337945785,-0.11818132138215964,-0.409415497129734,-0.09997120234666923,true,true,supported,supported
300,55,15,-0.4410160212202564,-0.12185970427969417,-0.437777672704159,-0.10878678435253109,true,true,supported,supported
300,56,1,0.0,0.0,0.0,0.0,true,true,supported,supported
300,56,2,-0.0292897106724207,0.010663360467239258,-0.03417601520363278,-0.006930613128595886,true,true,supported,supported
300,56,3,-0.06420985900037601,0.006241149340512786,-0.06789901947459309,-0.01396439853007514,true,true,supported,supported
300,56,4,-0.11830371389438687,-0.02164581449924763,-0.10117216454028588,-0.021106823250838902,true,true,supported,supported
300,56,5,-0.12123289221596534,-0.008039915994023428,-0.13399646036816137,-0.028363255966455614,true,true,supported,supported
300,56,6,-0.15175615021167155,-0.028916495590956548,-0.16637602355004444,-0.03574024009935106,true,true,supported,supported
300,56,7,-0.19726885399511807,-0.01711769286743081,-0.19831012895115097,-0.04324382565070417,true,true,supported,supported
300,56,8,-0.23242508784740035,-0.047941311831217304,-0.22980045707614938,-0.050881040517256726,true,true,supported,supported
300,56,9,-0.2424242017593754,-0.04006515239856301,-0.26084922894230167,-0.058659794241044616,true,true,supported,supported
300,56,10,-0.28857677965424045,-0.06384557026517546,-0.29145296486892514,-0.06658724516899128,true,true,supported,supported
300,56,11,-0.3203762352951175,-0.062479804955369755,-0.3216144620745859,-0.07467283963748694,true,true,supported,supported
300,56,12,-0.3464907777094378,-0.0808925026972952,-0.35133084197213227,-0.08292544627216525,true,true,supported,supported
300,56,13,-0.3752126552871702,-0.10659739118424161,-0.3805989483691493,-0.0913546916807021,true,true,supported,supported
300,56,14,-0.4172136906326205,-0.08785552180121636,-0.409415497129734,-0.09997120234666923,true,true,supported,supported
300,56,15,-0.4353274951213295,-0.09311706457651003,-0.437777672704159,-0.10878678435253109,true,true,supported,supported
300,57,1,0.0,0.0,0.0,0.0,true,true,supported,supported
300,57,2,-0.030929180109185994,-0.020498158639741026,-0.03417601520363278,-0.006930613128595886,true,true,supported,supported
300,57,3,-0.05172991610703792,-0.020917454173064787,-0.06789901947459309,-0.01396439853007514,true,true,supported,supported
300,57,4,-0.09257827139890473,-0.0038548512422396097,-0.10117216454028588,-0.021106823250838902,true,true,supported,supported
300,57,5,-0.13052160893802145,-0.03481469166435125,-0.13399646036816137,-0.028363255966455614,true,true,supported,supported
300,57,6,-0.16215542928137905,-0.044673451078860116,-0.16637602355004444,-0.03574024009935106,true,true,supported,supported
300,57,7,-0.21250597412527772,-0.06653044045705092,-0.19831012895115097,-0.04324382565070417,true,true,supported,supported
300,57,8,-0.24516196153243364,-0.06915174447213823,-0.22980045707614938,-0.050881040517256726,true,true,supported,supported
300,57,9,-0.271146601921164,-0.07783089576720836,-0.26084922894230167,-0.058659794241044616,true,true,supported,supported
300,57,10,-0.289187769070833,-0.08411232704520055,-0.29145296486892514,-0.06658724516899128,true,true,supported,supported
300,57,11,-0.3129188695133067,-0.07512855347082803,-0.3216144620745859,-0.07467283963748694,true,true,supported,supported
300,57,12,-0.3484244159940665,-0.0652934802984817,-0.35133084197213227,-0.08292544627216525,true,true,supported,supported
300,57,13,-0.3842071608465609,-0.1271685049277812,-0.3805989483691493,-0.0913546916807021,true,true,supported,supported
300,57,14,-0.3982911215965069,-0.08374063676984356,-0.409415497129734,-0.09997120234666923,true,true,supported,supported
300,57,15,-0.42785455590562194,-0.10527744453450139,-0.437777672704159,-0.10878678435253109,true,true,supported,supported
300,58,1,0.0,0.0,0.0,0.0,true,true,supported,supported
300,58,2,-0.024471625109065087,0.009059580731998862,-0.03417601520363278,-0.006930613128595886,true,true,supported,supported
300,58,3,-0.06953478464742158,-0.012890704139264408,-0.06789901947459309,-0.01396439853007514,true,true,supported,supported
300,58,4,-0.10120512072873122,-0.018924194565071883,-0.10117216454028588,-0.021106823250838902,true,true,supported,supported
300,58,5,-0.1356791218909955,-0.03960882143908928,-0.13399646036816137,-0.028363255966455614,true,true,supported,supported
300,58,6,-0.18199466972509848,-0.04125743701012452,-0.16637602355004444,-0.03574024009935106,true,true,supported,supported
300,58,7,-0.1994600801605012,-0.047624721896145306,-0.19831012895115097,-0.04324382565070417,true,true,supported,supported
300,58,8,-0.2157639804558492,-0.02463192358602362,-0.22980045707614938,-0.050881040517256726,true,true,supported,supported
300,58,9,-0.2716709279819778,-0.047942075626884684,-0.26084922894230167,-0.058659794241044616,true,true,supported,supported
300,58,10,-0.29939009107477055,-0.054308588766483146,-0.29145296486892514,-0.06658724516899128,true,true,supported,supported
300,58,11,-0.32496613380217987,-0.06730236584860472,-0.3216144620745859,-0.07467283963748694,true,true,supported,supported
300,58,12,-0.3613121783778933,-0.0743124587037669,-0.35133084197213227,-0.08292544627216525,true,true,supported,supported
300,58,13,-0.40017949031051037,-0.1005018444100585,-0.3805989483691493,-0.0913546916807021,true,true,supported,supported
300,58,14,-0.4125718948275531,-0.0908381980837295,-0.409415497129734,-0.09997120234666923,true,true,supported,supported
300,58,15,-0.4428694679979247,-0.11688979105946828,-0.437777672704159,-0.10878678435253109,true,true,supported,supported
300,59,1,0.0,0.0,0.0,0.0,true,true,supported,supported
300,59,2,-0.02608065356635436,0.00017626019977279306,-0.03417601520363278,-0.006930613128595886,true,true,supported,supported
300,59,3,-0.08745831025735207,-0.021635252882264866,-0.06789901947459309,-0.01396439853007514,true,true,supported,supported
300,59,4,-0.1006176139053494,-0.003443629729847464,-0.10117216454028588,-0.021106823250838902,true,true,supported,supported
300,59,5,-0.14554516952252428,-0.029999837528793427,-0.13399646036816137,-0.028363255966455614,true,true,supported,supported
300,59,6,-0.17211815724414714,-0.010494008567229596,-0.16637602355004444,-0.03574024009935106,true,true,supported,supported
300,59,7,-0.20976671041081218,-0.045598909168548696,-0.19831012895115097,-0.04324382565070417,true,true,supported,supported
300,59,8,-0.22668775039520583,-0.03868599125746275,-0.22980045707614938,-0.050881040517256726,true,true,supported,supported
300,59,9,-0.27190795741646057,-0.050498441249652304,-0.26084922894230167,-0.058659794241044616,true,true,supported,supported
300,59,10,-0.2986013155412367,-0.07365402287931544,-0.29145296486892514,-0.06658724516899128,true,true,supported,supported
300,59,11,-0.3266798104891697,-0.052159490710028455,-0.3216144620745859,-0.07467283963748694,true,true,supported,supported
300,59,12,-0.37344063688683427,-0.08782050340713432,-0.35133084197213227,-0.08292544627216525,true,true,supported,supported
300,59,13,-0.3763599493065426,-0.0807636000272084,-0.3805989483691493,-0.0913546916807021,true,true,supported,supported
300,59,14,-0.41475461864750385,-0.09052873591786292,-0.409415497129734,-0.09997120234666923,true,true,supported,supported
300,59,15,-0.43964137371034284,-0.10540478429590061,-0.437777672704159,-0.10878678435253109,true,true,supported,supported
300,60,1,0.0,0.0,0.0,0.0,true,true,supported,supported
300,60,2,-0.06004116302179707,-0.024958845223227333,-0.03417601520363278,-0.006930613128595886,true,true,supported,supported
300,60,3,-0.08529295425123196,-0.022949361513111444,-0.06789901947459309,-0.01396439853007514,true,true,supported,supported
300,60,4,-0.09827021620609366,-0.00988058685112958,-0.10117216454028588,-0.021106823250838902,true,true,supported,supported
300,60,5,-0.13436356381079895,-0.019539676406398976,-0.13399646036816137,-0.028363255966455614,true,true,supported,supported
300,60,6,-0.17388768101749463,-0.04896529488655643,-0.16637602355004444,-0.03574024009935106,true,true,supported,supported
300,60,7,-0.20527356283948273,-0.03723365707101245,-0.19831012895115097,-0.04324382565070417,true,true,supported,supported
300,60,8,-0.2219983383898797,-0.024102040529557223,-0.22980045707614938,-0.050881040517256726,true,true,supported,supported
300,60,9,-0.2677596147926382,-0.04150091234652464,-0.26084922894230167,-0.058659794241044616,true,true,supported,supported
300,60,10,-0.2823231758063033,-0.057572899257891774,-0.29145296486892514,-0.06658724516899128,true,true,supported,supported
300,60,11,-0.3243133441456959,-0.0703860969903527,-0.3216144620745859,-0.07467283963748694,true,true,supported,supported
300,60,12,-0.3711816081643835,-0.08849979697564558,-0.35133084197213227,-0.08292544627216525,true,true,supported,supported
300,60,13,-0.3947851257521561,-0.0927871565475844,-0.3805989483691493,-0.0913546916807021,true,true,supported,supported
300,60,14,-0.398969751062462,-0.10006853749572753,-0.409415497129734,-0.09997120234666923,true,true,supported,supported
300,60,15,-0.4365086854277488,-0.08775867982431529,-0.437777672704159,-0.10878678435253109,true,true,supported,supported
300,61,1,0.0,0.0,0.0,0.0,true,true,supported,supported
300,61,2,-0.033751824009907505,-0.0027071167671612884,-0.03417601520363278,-0.006930613128595886,true,true,supported,supported
300,61,3,-0.08478891804363764,-0.013438112504499888,-0.06789901947459309,-0.01396439853007514,true,true,supported,supported
300,61,4,-0.1312677105080876,-0.044723247287642875,-0.10117216454028588,-0.021106823250838902,true,true,supported,supported
300,61,5,-0.1517381940553848,-0.03800968035851349,-0.13399646036816137,-0.028363255966455614,true,true,supported,supported
300,61,6,-0.18243299644890276,-0.03300122968845076,-0.16637602355004444,-0.03574024009935106,true,true,supported,supported
300,61,7,-0.22543286509775318,-0.05554352167697474,-0.19831012895115097,-0.04324382565070417,true,true,supported,supported
300,61,8,-0.23789088272902859,-0.05042744887942774,-0.22980045707614938,-0.050881040517256726,true,true,supported,supported
300,61,9,-0.27606785174969184,-0.039896592290071586,-0.26084922894230167,-0.058659794241044616,true,true,supported,supported
300,61,10,-0.3118438478596929,-0.07872491049678687,-0.29145296486892514,-0.06658724516899128,true,true,supported,supported
300,61,11,-0.32949893752223824,-0.07313266260719031,-0.3216144620745859,-0.07467283963748694,true,true,supported,supported
300,61,12,-0.36802465239938686,-0.08900580994946239,-0.35133084197213227,-0.08292544627216525,true,true,supported,supported
300,61,13,-0.39834009302004436,-0.09146170925096797,-0.3805989483691493,-0.0913546916807021,true,true,supported,supported
300,61,14,-0.4347818478091393,-0.11386163916485503,-0.409415497129734,-0.09997120234666923,true,true,supported,supported
300,61,15,-0.47030366914692634,-0.1154055235956507,-0.437777672704159,-0.10878678435253109,true,true,supported,supported
300,62,1,0.0,0.0,0.0,0.0,true,true,supported,supported
300,62,2,-0.03608178383260974,-0.007079361427110964,-0.03417601520363278,-0.006930613128595886,true,true,supported,supported
300,62,3,-0.09008596352902332,-0.044401070691119315,-0.06789901947459309,-0.01396439853007514,true,true,supported,supported
300,62,4,-0.11660327580502183,-0.05970073329572434,-0.10117216454028588,-0.021106823250838902,true,true,supported,supported
300,62,5,-0.13244485914490245,-0.03878798420800322,-0.13399646036816137,-0.028363255966455614,true,true,supported,supported
300,62,6,-0.175209002518815,-0.051638122387302365,-0.16637602355004444,-0.03574024009935106,true,true,supported,supported
300,62,7,-0.20367637667851557,-0.061831436574028786,-0.19831012895115097,-0.04324382565070417,true,true,supported,supported
300,62,8,-0.23835088994770448,-0.06220025100287396,-0.22980045707614938,-0.050881040517256726,true,true,supported,supported
300,62,9,-0.28851782485620203,-0.0903285773800494,-0.26084922894230167,-0.058659794241044616,true,true,supported,supported
300,62,10,-0.310511963528617,-0.07294074662603911,-0.29145296486892514,-0.06658724516899128,true,true,supported,supported
300,62,11,-0.3282203334496494,-0.08449408491491872,-0.3216144620745859,-0.07467283963748694,true,true,supported,supported
300,62,12,-0.33742173625894367,-0.10752182251381515,-0.35133084197213227,-0.08292544627216525,true,true,supported,supported
300,62,13,-0.3795151368561722,-0.10174355488086073,-0.3805989483691493,-0.0913546916807021,true,true,supported,supported
300,62,14,-0.42155890786556305,-0.11950603227326295,-0.409415497129734,-0.09997120234666923,true,true,supported,supported
300,62,15,-0.4556931726122099,-0.1197311526948528,-0.437777672704159,-0.10878678435253109,true,true,supported,supported
300,63,1,0.0,0.0,0.0,0.0,true,true,supported,supported
300,63,2,-0.035648322262891274,0.00035873044323242453,-0.03417601520363278,-0.006930613128595886,true,true,supported,supported
300,63,3,-0.06222464074323153,-0.007740038596659282,-0.06789901947459309,-0.01396439853007514,true,true,supported,supported
300,63,4,-0.10474312314884104,-0.014716411122363882,-0.10117216454028588,-0.021106823250838902,true,true,supported,supported
300,63,5,-0.15152609148435703,-0.03710474525876539,-0.13399646036816137,-0.028363255966455614,true,true,supported,supported
300,63,6,-0.16553897162976927,-0.021892353702856693,-0.16637602355004444,-0.03574024009935106,true,true,supported,supported
300,63,7,-0.20673608098795937,-0.04052667791598885,-0.19831012895115097,-0.04324382565070417,true,true,supported,supported
300,63,8,-0.24950082002876217,-0.06765485107419422,-0.22980045707614938,-0.050881040517256726,true,true,supported,supported
300,63,9,-0.2627943409133766,-0.06478936340056685,-0.26084922894230167,-0.058659794241044616,true,true,supported,supported
300,63,10,-0.2852908742036594,-0.06604129795327174,-0.29145296486892514,-0.06658724516899128,true,true,supported,supported
300,63,11,-0.336973618837461,-0.06607514090993316,-0.3216144620745859,-0.07467283963748694,true,true,supported,supported
300,63,12,-0.3558135799063388,-0.07648043460234633,-0.35133084197213227,-0.08292544627216525,true,true,supported,supported
300,63,13,-0.39152759156049766,-0.09008923370122235,-0.3805989483691493,-0.0913546916807021,true,true,supported,supported
300,63,14,-0.42514180632814424,-0.10144967122825765,-0.409415497129734,-0.09997120234666923,true,true,supported,supported
300,63,15,-0.4349919494731139,-0.09240936962763158,-0.437777672704159,-0.10878678435253109,true,true,supported,supported
350,0,1,0.0,0.0,0.0,0.0,true,true,supported,supported
350,0,2,-0.05087182972002258,-0.020079113073700805,-0.03982806586113119,-0.008095634824816123,true,true,supported,supported
350,0,3,-0.08160244398203065,-0.010454374581164272,-0.07904011104729458,-0.0163329104618839,true,true,supported,supported
350,0,4,-0.12581952079073155,-0.030808670305063623,-0.11764019563580796,-0.024720393526136863,true,true,supported,supported
350,0,5,-0.16104943686736706,-0.039290839092766094,-0.1556323224851307,-0.03326750608379536,true,true,supported,supported
350,0,6,-0.21476678030765328,-0.0730860166671441,-0.1930186307839873,-0.04198413694927905,true,true,supported,supported
350,0,7,-0.23401058202134117,-0.07606253961432285,-0.22980045707614938,-0.050881040517256726,true,true,supported,supported
350,0,8,-0.28245638800254125,-0.06615630489818969,-0.2659806846811973,-0.059970459485548466,true,true,supported,supported
350,0,9,-0.30939277807065524,-0.07791358504296964,-0.30155597406893997,-0.06926441897520075,true,true,supported,supported
350,0,10,-0.339470211866457,-0.08342973697637956,-0.3365279704284262,-0.07877753359023243,true,true,supported,supported
350,0,11,-0.4015824942024593,-0.12216536329999383,-0.3708921017696264,-0.08852443306015578,true,true,supported,supported
350,0,12,-0.4239274106660643,-0.09672528742717657,-0.4046442293101673,-0.09852162071946047,true,true,supported,supported
350,0,13,-0.4532589763695899,-0.11661105890041468,-0.437777672704159,-0.10878678435253109,true,true,supported,supported
350,0,14,-0.4745535445023443,-0.13364231275030536,-0.4702897722487094,-0.11934121888760929,true,true,supported,supported
350,0,15,-0.5203845562816691,-0.13303013520296747,-0.5021706691835172,-0.13020662522333004,true,true,supported,supported
350,1,1,0.0,0.0,0.0,0.0,true,true,supported,supported
350,1,2,-0.040451192807697045,-0.007988290810153398,-0.03982806586113119,-0.008095634824816123,true,true,supported,supported
350,1,3,-0.08610705399772278,-0.011363482628763188,-0.07904011104729458,-0.0163329104618839,true,true,supported,supported
350,1,4,-0.11880585787218101,-0.03931844722313449,-0.11764019563580796,-0.024720393526136863,true,true,supported,supported
350,1,5,-0.15814067401511855,-0.03378841308817393,-0.1556323224851307,-0.03326750608379536,true,true,supported,supported
350,1,6,-0.18307878059311988,-0.03743995424726243,-0.1930186307839873,-0.04198413694927905,true,true,supported,supported
350,1,7,-0.2317697578900143,-0.06074129399630379,-0.22980045707614938,-0.050881040517256726,true,true,supported,supported
350,1,8,-0.2682143435528511,-0.060289061161183155,-0.2659806846811973,-0.059970459485548466,true,true,supported,supported
350,1,9,-0.3041180473947588,-0.0862155045116868,-0.30155597406893997,-0.06926441897520075,true,true,supported,supported
350,1,10,-0.3287294710161085,-0.08005571055169325,-0.3365279704284262,-0.07877753359023243,true,true,supported,supported
350,1,11,-0.38471001036537755,-0.10522823886123456,-0.3708921017696264,-0.08852443306015578,true,true,supported,supported
350,1,12,-0.40409139246012304,-0.0891835306391392,-0.4046442293101673,-0.09852162071946047,true,true,supported,supported
350,1,13,-0.4301720233003773,-0.08521353220047945,-0.437777672704159,-0.10878678435253109,true,true,supported,supported
350,1,14,-0.45229851369669105,-0.12653680277600676,-0.4702897722487094,-0.11934121888760929,true,true,supported,supported
350,1,15,-0.5013648087149047,-0.11368881532034092,-0.5021706691835172,-0.13020662522333004,true,true,supported,supported
350,2,1,0.0,0.0,0.0,0.0,true,true,supported,supported
350,2,2,-0.03809868766506619,-0.020176179025133356,-0.03982806586113119,-0.008095634824816123,true,true,supported,supported
350,2,3,-0.07678500919597409,-0.02111119276298723,-0.07904011104729458,-0.0163329104618839,true,true,supported,supported
350,2,4,-0.10683297836516747,-0.03667532627362957,-0.11764019563580796,-0.024720393526136863,true,true,supported,supported
350,2,5,-0.13602912151638613,-0.013712138658913076,-0.1556323224851307,-0.03326750608379536,true,true,supported,supported
350,2,6,-0.19884510164306257,-0.03542264787522065,-0.1930186307839873,-0.04198413694927905,true,true,supported,supported
350,2,7,-0.22783293733930454,-0.0609884238300602,-0.22980045707614938,-0.050881040517256726,true,true,supported,supported
350,2,8,-0.27676971039506626,-0.07095682336605125,-0.2659806846811973,-0.059970459485548466,true,true,supported,supported
350,2,9,-0.2997973604599311,-0.0740148502297292,-0.30155597406893997,-0.06926441897520075,true,true,supported,supported
350,2,10,-0.31202155460750414,-0.08381582056633652,-0.3365279704284262,-0.07877753359023243,true,true,supported,supported
350,2,11,-0.3538213501796703,-0.08049887693360336,-0.3708921017696264,-0.08852443306015578,true,true,supported,supported
350,2,12,-0.400286934523595,-0.0895364077940346,-0.4046442293101673,-0.09852162071946047,true,true,supported,supported
350,2,13,-0.43812999455782253,-0.10373165380743343,-0.437777672704159,-0.10878678435253109,true,true,supported,supported
350,2,14,-0.46768378627881735,-0.09735322222273812,-0.4702897722487094,-0.11934121888760929,true,true,supported,supported
350,2,15,-0.5097597147996783,-0.1304533430935969,-0.5021706691835172,-0.13020662522333004,true,true,supported,supported
350,3,1,0.0,0.0,0.0,0.0,true,true,supported,supported
350,3,2,-0.0388607440097436,-0.015570204307466806,-0.03982806586113119,-0.008095634824816123,true,true,supported,supported
350,3,3,-0.06791953048633881,-0.007306566453164298,-0.07904011104729458,-0.0163329104618839,true,true,supported,supported
350,3,4,-0.1083306260640482,-0.031503172899443155,-0.11764019563580796,-0.024720393526136863,true,true,supported,supported
350,3,5,-0.14124269980084647,-0.03490860028835685,-0.1556323224851307,-0.03326750608379536,true,true,supported,supported
350,3,6,-0.17793080170239617,-0.04269240430807386,-0.1930186307839873,-0.04198413694927905,true,true,supported,supported
350,3,7,-0.22071026305778552,-0.051597989899941576,-0.22980045707614938,-0.050881040517256726,true,true,supported,supported
350,3,8,-0.2504473746968032,-0.04560115575259849,-0.2659806846811973,-0.059970459485548466,true,true,supported,supported
350,3,9,-0.3001047700618178,-0.06982243825632506,-0.30155597406893997,-0.06926441897520075,true,true,supported,supported
350,3,10,-0.3261111782077394,-0.07139651827838323,-0.3365279704284262,-0.07877753359023243,true,true,supported,supported
350,3,11,-0.34325592754778944,-0.06471973095323935,-0.3708921017696264,-0.08852443306015578,true,true,supported,supported
350,3,12,-0.4067600582004802,-0.07970358366042629,-0.4046442293101673,-0.09852162071946047,true,true,supported,supported
350,3,13,-0.40147350867857123,-0.08782581877022577,-0.437777672704159,-0.10878678435253109,true,true,supported,supported
350,3,14,-0.46230353481901343,-0.10661365153284663,-0.4702897722487094,-0.11934121888760929,true,true,supported,supported
350,3,15,-0.4883131211966688,-0.1272799661414581,-0.5021706691835172,-0.13020662522333004,true,true,supported,supported
350,4,1,0.0,0.0,0.0,0.0,true,true,supported,supported
350,4,2,-0.03201028068781098,-0.003021195054909387,-0.03982806586113119,-0.008095634824816123,true,true,supported,supported
350,4,3,-0.053466110388223353,-0.018014475020179388,-0.07904011104729458,-0.0163329104618839,true,true,supported,supported
350,4,4,-0.12151132379849727,-0.04198481929870723,-0.11764019563580796,-0.024720393526136863,true,true,supported,supported
350,4,5,-0.11865342687383507,-0.03253229211497399,-0.1556323224851307,-0.03326750608379536,true,true,supported,supported
350,4,6,-0.16632198764438255,-0.040121613730249805,-0.1930186307839873,-0.04198413694927905,true,true,supported,supported
350,4,7,-0.2169449537430026,-0.07307272385264707,-0.22980045707614938,-0.050881040517256726,true,true,supported,supported
350,4,8,-0.2630961785410666,-0.06625512674921341,-0.2659806846811973,-0.059970459485548466,true,true,supported,supported
350,4,9,-0.27424376037195985,-0.07773261049994151,-0.30155597406893997,-0.06926441897520075,true,true,supported,supported
350,4,10,-0.3193910683119652,-0.08547142614801495,-0.3365279704284262,-0.07877753359023243,true,true,supported,supported
350,4,11,-0.3484383004459134,-0.08340528377834988,-0.3708921017696264,-0.08852443306015578,true,true,supported,supported
350,4,12,-0.3903278591365531,-0.0817046958997305,-0.4046442293101673,-0.09852162071946047,true,true,supported,supported
350,4,13,-0.4117225214053539,-0.11287105775947726,-0.437777672704159,-0.10878678435253109,true,true,supported,supported
350,4,14,-0.4537730607880561,-0.1255488989207002,-0.4702897722487094,-0.11934121888760929,true,true,supported,supported
350,4,15,-0.48414568409661995,-0.11246343592982977,-0.5021706691835172,-0.13020662522333004,true,true,supported,supported
350,5,1,0.0,0.0,0.0,0.0,true,true,supported,supported
350,5,2,-0.039934074684373155,-0.019986380474684373,-0.03982806586113119,-0.008095634824816123,true,true,supported,supported
350,5,3,-0.0647915506808624,-0.00927405206687748,-0.07904011104729458,-0.0163329104618839,true,true,supported,supported
350,5,4,-0.12755938303300718,-0.029275689175225494,-0.11764019563580796,-0.024720393526136863,true,true,supported,supported
350,5,5,-0.1530856231679466,-0.037102513747546806,-0.1556323224851307,-0.03326750608379536,true,true,supported,supported
350,5,6,-0.20399218618506154,-0.04816670088371333,-0.1930186307839873,-0.04198413694927905,true,true,supported,supported
350,5,7,-0.254717180734057,-0.050860199150973506,-0.22980045707614938,-0.050881040517256726,true,true,supported,supported
350,5,8,-0.2791795748760265,-0.071802977268138,-0.2659806846811973,-0.059970459485548466,true,true,supported,supported
350,5,9,-0.31112909672632805,-0.08362924247825487,-0.30155597406893997,-0.06926441897520075,true,true,supported,supported
350,5,10,-0.33811159913191435,-0.07722425819712397,-0.3365279704284262,-0.07877753359023243,true,true,supported,supported
350,5,11,-0.37597323023008,-0.0686487106245024,-0.3708921017696264,-0.08852443306015578,true,true,supported,supported
350,5,12,-0.42174788341850844,-0.11015396407093891,-0.4046442293101673,-0.09852162071946047,true,true,supported,supported
350,5,13,-0.4440044090662959,-0.10381938595645857,-0.437777672704159,-0.10878678435253109,true,true,supported,supported
350,5,14,-0.48024294619920793,-0.12895613282357188,-0.4702897722487094,-0.11934121888760929,true,true,supported,supported
350,5,15,-0.5199439977085685,-0.13531064382937075,-0.5021706691835172,-0.13020662522333004,true,true,supported,supported
350,6,1,0.0,0.0,0.0,0.0,true,true,supported,supported
350,6,2,-0.03052941024272382,-0.00041862573616557874,-0.03982806586113119,-0.008095634824816123,true,true,supported,supported
350,6,3,-0.07754822014798801,-0.016321535952256383,-0.07904011104729458,-0.0163329104618839,true,true,supported,supported
350,6,4,-0.1179258239415375,-0.029415445054344347,-0.11764019563580796,-0.024720393526136863,true,true,supported,supported
350,6,5,-0.15173078130689344,-0.0253152135423238,-0.1556323224851307,-0.03326750608379536,true,true,supported,supported
350,6,6,-0.19556863157322169,-0.0418212390171272,-0.1930186307839873,-0.04198413694927905,true,true,supported,supported
350,6,7,-0.22464572556606133,-0.05883908279853578,-0.22980045707614938,-0.050881040517256726,true,true,supported,supported
350,6,8,-0.2803107432620925,-0.07002001005137315,-0.2659806846811973,-0.059970459485548466,true,true,supported,supported
350,6,9,-0.2995017138048829,-0.09293179211731717,-0.30155597406893997,-0.06926441897520075,true,true,supported,supported
350,6,10,-0.3451339646573859,-0.09396799105777376,-0.3365279704284262,-0.07877753359023243,true,true,supported,supported
350,6,11,-0.3808351943756585,-0.10210165991769649,-0.3708921017696264,-0.08852443306015578,true,true,supported,supported
350,6,12,-0.39203587404737017,-0.09183877897166826,-0.4046442293101673,-0.09852162071946047,true,true,supported,supported
350,6,13,-0.43870531712213123,-0.09658267274242927,-0.437777672704159,-0.10878678435253109,true,true,supported,supported
350,6,14,-0.47515463747046316,-0.11266168375418639,-0.4702897722487094,-0.11934121888760929,true,true,supported,supported
350,6,15,-0.49725099761960334,-0.13770293963893532,-0.5021706691835172,-0.13020662522333004,true,true,supported,supported
350,7,1,0.0,0.0,0.0,0.0,true,true,supported,supported
350,7,2,-0.022163374983335316,0.0007339347649180095,-0.03982806586113119,-0.008095634824816123,true,true,supported,supported
350,7,3,-0.08159580361684726,-0.010007833684547829,-0.07904011104729458,-0.0163329104618839,true,true,supported,supported
350,7,4,-0.13096037419082995,-0.02211471682615407,-0.11764019563580796,-0.024720393526136863,true,true,supported,supported
350,7,5,-0.15370835588870446,-0.03713032992543808,-0.1556323224851307,-0.03326750608379536,true,true,supported,supported
350,7,6,-0.20175060679000945,-0.03441388172305748,-0.1930186307839873,-0.04198413694927905,true,true,supported,supported
350,7,7,-0.2233611397392533,-0.04557569556504182,-0.22980045707614938,-0.050881040517256726,true,true,supported,supported
350,7,8,-0.27710737829793264,-0.055443714596482785,-0.2659806846811973,-0.059970459485548466,true,true,supported,supported
350,7,9,-0.2981022211467751,-0.0639097260772361,-0.30155597406893997,-0.06926441897520075,true,true,supported,supported
350,7,10,-0.3558533748635042,-0.07765945238625382,-0.3365279704284262,-0.07877753359023243,true,true,supported,supported
350,7,11,-0.3716380385117257,-0.09374738389823722,-0.3708921017696264,-0.08852443306015578,true,true,supported,supported
350,7,12,-0.415651659622284,-0.08973061752531097,-0.4046442293101673,-0.09852162071946047,true,true,supported,supported
350,7,13,-0.4421846002101826,-0.10950849875385671,-0.437777672704159,-0.10878678435253109,true,true,supported,supported
350,7,14,-0.491948791037506,-0.12276630701738434,-0.4702897722487094,-0.11934121888760929,true,true,supported,supported
350,7,15,-0.49136792323208334,-0.09291488823285521,-0.5021706691835172,-0.13020662522333004,true,true,supported,supported
350,8,1,0.0,0.0,0.0,0.0,true,true,supported,supported
350,8,2,-0.03366345919108882,-0.003711012560075333,-0.03982806586113119,-0.008095634824816123,true,true,supported,supported
350,8,3,-0.062005210161978574,-0.004616287987666445,-0.07904011104729458,-0.0163329104618839,true,true,supported,supported
350,8,4,-0.12429219451288287,-0.017104706089305366,-0.11764019563580796,-0.024720393526136863,true,true,supported,supported
350,8,5,-0.1520916955064897,-0.03306151780987476,-0.1556323224851307,-0.03326750608379536,true,true,supported,supported
350,8,6,-0.19625644015234078,-0.037509200016482946,-0.1930186307839873,-0.04198413694927905,true,true,supported,supported
350,8,7,-0.24021427762797276,-0.05408969450756862,-0.22980045707614938,-0.050881040517256726,true,true,supported,supported
350,8,8,-0.2491707976413886,-0.03496356071367235,-0.2659806846811973,-0.059970459485548466,true,true,supported,supported
350,8,9,-0.29748011117495865,-0.05078424611094878,-0.30155597406893997,-0.06926441897520075,true,true,supported,supported
350,8,10,-0.33243424775371677,-0.0762118374665286,-0.3365279704284262,-0.07877753359023243,true,true,supported,supported
350,8,11,-0.36878683006040147,-0.07820215776236639,-0.3708921017696264,-0.08852443306015578,true,true,supported,supported
350,8,12,-0.38516790499064235,-0.09008082832820763,-0.4046442293101673,-0.09852162071946047,true,true,supported,supported
350,8,13,-0.4446057927239184,-0.10829017417460585,-0.437777672704159,-0.10878678435253109,true,true,supported,supported
350,8,14,-0.46528993625589243,-0.11892424396602175,-0.4702897722487094,-0.11934121888760929,true,true,supported,supported
350,8,15,-0.5092546115548953,-0.13149724177277,-0.5021706691835172,-0.13020662522333004,true,true,supported,supported
350,9,1,0.0,0.0,0.0,0.0,true,true,supported,supported
350,9,2,-0.05523480440983586,-0.0076149575016171145,-0.03982806586113119,-0.008095634824816123,true,true,supported,supported
350,9,3,-0.09526628512950686,-0.003271323090711209,-0.07904011104729458,-0.0163329104618839,true,true,supported,supported
350,9,4,-0.12903789888939088,-0.04154675645631689,-0.11764019563580796,-0.024720393526136863,true,true,supported,supported
350,9,5,-0.1550943703976373,-0.03074852363256486,-0.1556323224851307,-0.03326750608379536,true,true,supported,supported
350,9,6,-0.19858774420792402,-0.03471411018588788,-0.1930186307839873,-0.04198413694927905,true,true,supported,supported
350,9,7,-0.2305281580631411,-0.02143152872473253,-0.22980045707614938,-0.050881040517256726,true,true,supported,supported
350,9,8,-0.2560200929932097,-0.027664162509647205,-0.2659806846811973,-0.059970459485548466,true,true,supported,supported
350,9,9,-0.30620125971628764,-0.06217439251572354,-0.30155597406893997,-0.06926441897520075,true,true,supported,supported
350,9,10,-0.33489631459601443,-0.05851437517528113,-0.3365279704284262,-0.07877753359023243,true,true,supported,supported
350,9,11,-0.378368282395513,-0.096642081756256,-0.3708921017696264,-0.08852443306015578,true,true,supported,supported
350,9,12,-0.3848090997171385,-0.0772695716115338,-0.4046442293101673,-0.09852162071946047,true,true,supported,supported
350,9,13,-0.440661128499647,-0.11582447226937909,-0.437777672704159,-0.10878678435253109,true,true,supported,supported
350,9,14,-0.4789710427240639,-0.13781696579339087,-0.4702897722487094,-0.11934121888760929,true,true,supported,supported
350,9,15,-0.5063562321748044,-0.13136388051854364,-0.5021706691835172,-0.13020662522333004,true,true,supported,supported
350,10,1,0.0,0.0,0.0,0.0,true,true,supported,supported
350,10,2,-0.05134885880007711,-0.010978896883633404,-0.03982806586113119,-0.008095634824816123,true,true,supported,supported
350,10,3,-0.1069551394979138,-0.030388184645944838,-0.07904011104729458,-0.0163329104618839,true,true,supported,supported
350,10,4,-0.1303119795594172,-0.022940092409468926,-0.11764019563580796,-0.024720393526136863,true,true,supported,supported
350,10,5,-0.17076327645051692,-0.02235208809870559,-0.1556323224851307,-0.03326750608379536,true,true,supported,supported
350,10,6,-0.21518313309390513,-0.03663066060133546,-0.1930186307839873,-0.04198413694927905,true,true,supported,supported
350,10,7,-0.22742585031353457,-0.03993045413342955,-0.22980045707614938,-0.050881040517256726,true,true,supported,supported
350,10,8,-0.2775088790136977,-0.06639067223358108,-0.2659806846811973,-0.059970459485548466,true,true,supported,supported
350,10,9,-0.313778259177262,-0.07735991739047765,-0.30155597406893997,-0.06926441897520075,true,true,supported,supported
350,10,10,-0.3581578584735663,-0.09609054125168337,-0.3365279704284262,-0.07877753359023243,true,true,supported,supported
350,10,11,-0.39039575095841206,-0.07631432122577253,-0.3708921017696264,-0.08852443306015578,true,true,supported,supported
350,10,12,-0.411849273128303,-0.09330537201074884,-0.4046442293101673,-0.09852162071946047,true,true,supported,supported
350,10,13,-0.4556422207412054,-0.10951177911771848,-0.437777672704159,-0.10878678435253109,true,true,supported,supported
350,10,14,-0.4823662483059262,-0.13321109061738834,-0.4702897722487094,-0.11934121888760929,true,true,supported,supported
350,10,15,-0.503383523703065,-0.1109598672259533,-0.5021706691835172,-0.13020662522333004,true,true,supported,supported
350,11,1,0.0,0.0,0.0,0.0,true,true,supported,supported
350,11,2,-0.030296992882680507,0.011498826030484355,-0.03982806586113119,-0.008095634824816123,true,true,supported,supported
350,11,3,-0.06943135992074412,-0.0020365155315202887,-0.07904011104729458,-0.0163329104618839,true,true,supported,supported
350,11,4,-0.10769938440805704,-0.007413323763520663,-0.11764019563580796,-0.024720393526136863,true,true,supported,supported
350,11,5,-0.15304286410211887,-0.009180245743710569,-0.1556323224851307,-0.03326750608379536,true,true,supported,supported
350,11,6,-0.17762810850476862,-0.01962612335005831,-0.1930186307839873,-0.04198413694927905,true,true,supported,supported
350,11,7,-0.23199589262028286,-0.07782388441830224,-0.22980045707614938,-0.050881040517256726,true,true,supported,supported
350,11,8,-0.25219490794202515,-0.04363327856533372,-0.2659806846811973,-0.059970459485548466,true,true,supported,supported
350,11,9,-0.29348237747324957,-0.049845890213284894,-0.30155597406893997,-0.06926441897520075,true,true,supported,supported
350,11,10,-0.3324379756737247,-0.07058717960780725,-0.3365279704284262,-0.07877753359023243,true,true,supported,supported
350,11,11,-0.35766872640903324,-0.08289520818199536,-0.3708921017696264,-0.08852443306015578,true,true,supported,supported
350,11,12,-0.3966912897894257,-0.05897174319868004,-0.4046442293101673,-0.09852162071946047,true,true,supported,supported
350,11,13,-0.42647245636686515,-0.09904521252906529,-0.437777672704159,-0.10878678435253109,true,true,supported,supported
350,11,14,-0.47607412611178324,-0.11973604616789602,-0.4702897722487094,-0.11934121888760929,true,true,supported,supported
350,11,15,-0.47934579424652,-0.1271580191282511,-0.5021706691835172,-0.13020662522333004,true,true,supported,supported
350,12,1,0.0,0.0,0.0,0.0,true,true,supported,supported
350,12,2,-0.04476137917119494,-0.019866408043788364,-0.03982806586113119,-0.008095634824816123,true,true,supported,supported
350,12,3,-0.08007928323911939,-0.0383584433632953,-0.07904011104729458,-0.0163329104618839,true,true,supported,supported
350,12,4,-0.13149218421684028,-0.028975914452619933,-0.11764019563580796,-0.024720393526136863,true,true,supported,supported
350,12,5,-0.15824841734720319,-0.04196739807910099,-0.1556323224851307,-0.03326750608379536,true,true,supported,supported
350,12,6,-0.18810057626334786,-0.039709065731258986,-0.1930186307839873,-0.04198413694927905,true,true,supported,supported
350,12,7,-0.21273392508551525,-0.030402286004889367,-0.22980045707614938,-0.050881040517256726,true,true,supported,supported
350,12,8,-0.2670817484610817,-0.07841394139935565,-0.2659806846811973,-0.059970459485548466,true,true,supported,supported
350,12,9,-0.30176700173737925,-0.06173930983532705,-0.30155597406893997,-0.06926441897520075,true,true,supported,supported
350,12,10,-0.318589320071891,-0.05882056096857868,-0.3365279704284262,-0.07877753359023243,true,true,supported,supported
350,12,11,-0.37061080406572267,-0.09038278612688877,-0.3708921017696264,-0.08852443306015578,true,true,supported,supported
350,12,12,-0.3990692654368162,-0.09315022021322983,-0.4046442293101673,-0.09852162071946047,true,true,supported,supported
350,12,13,-0.4366714653319119,-0.13778039643929785,-0.437777672704159,-0.10878678435253109,true,true,supported,supported
350,12,14,-0.45336440591170524,-0.10191544741277736,-0.4702897722487094,-0.11934121888760929,true,true,supported,supported
350,12,15,-0.5073639977613418,-0.133959145826819,-0.5021706691835172,-0.13020662522333004,true,true,supported,supported
350,13,1,0.0,0.0,0.0,0.0,true,true,supported,supported
350,13,2,-0.05293913081242341,-0.023655273826200363,-0.03982806586113119,-0.008095634824816123,true,true,supported,supported
350,13,3,-0.0748806005257594,-0.03909704471363595,-0.07904011104729458,-0.0163329104618839,true,true,supported,supported
350,13,4,-0.1195954643792182,-0.01624414418489417,-0.11764019563580796,-0.024720393526136863,true,true,supported,supported
350,13,5,-0.15453159295430463,-0.035343760992684214,-0.1556323224851307,-0.03326750608379536,true,true,supported,supported
350,13,6,-0.19165777614014579,-0.039458850957353464,-0.1930186307839873,-0.04198413694927905,true,true,supported,supported
350,13,7,-0.22417812420003247,-0.06015936453365622,-0.22980045707614938,-0.050881040517256726,true,true,supported,supported
350,13,8,-0.26134682949700705,-0.058967310552628716,-0.2659806846811973,-0.059970459485548466,true,true,supported,supported
350,13,9,-0.3005529492260971,-0.07067967350969817,-0.30155597406893997,-0.06926441897520075,true,true,supported,supported
350,13,10,-0.33527875522430295,-0.0677870193259561,-0.3365279704284262,-0.07877753359023243,true,true,supported,supported
350,13,11,-0.38144596680959786,-0.09651570279541954,-0.3708921017696264,-0.08852443306015578,true,true,supported,supported
350,13,12,-0.4109075644749185,-0.09923835196654884,-0.4046442293101673,-0.09852162071946047,true,true,supported,supported
350,13,13,-0.45540822009665083,-0.13187772348275761,-0.437777672704159,-0.10878678435253109,true,true,supported,supported
350,13,14,-0.4716464576663649,-0.10921790976497525,-0.4702897722487094,-0.11934121888760929,true,true,supported,supported
350,13,15,-0.5041346170990038,-0.12586160973687088,-0.5021706691835172,-0.13020662522333004,true,true,supported,supported
350,14,1,0.0,0.0,0.0,0.0,true,true,supported,supported
350,14,2,-0.054255012175668416,-0.008348523997943946,-0.03982806586113119,-0.008095634824816123,true,true,supported,supported
350,14,3,-0.07562827425539209,-0.003971198131518139,-0.07904011104729458,-0.0163329104618839,true,true,supported,supported
350,14,4,-0.12013060921669672,-0.030230348804498375,-0.11764019563580796,-0.024720393526136863,true,true,supported,supported
350,14,5,-0.15083454952395614,-0.03210348544183628,-0.1556323224851307,-0.03326750608379536,true,true,supported,supported
350,14,6,-0.17949129185024237,-0.03679949372326863,-0.1930186307839873,-0.04198413694927905,true,true,supported,supported
350,14,7,-0.23513776562532218,-0.04740014147611016,-0.22980045707614938,-0.050881040517256726,true,true,supported,supported
350,14,8,-0.25314813315455253,-0.05825226941089501,-0.2659806846811973,-0.059970459485548466,true,true,supported,supported
350,14,9,-0.30488377776527475,-0.07076450340502305,-0.30155597406893997,-0.06926441897520075,true,true,supported,supported
350,14,10,-0.34755696090239885,-0.09019546156913572,-0.3365279704284262,-0.07877753359023243,true,true,supported,supported
350,14,11,-0.3839447582716017,-0.08706577479983246,-0.3708921017696264,-0.08852443306015578,true,true,supported,supported
350,14,12,-0.40339719674736774,-0.10585205649599805,-0.4046442293101673,-0.09852162071946047,true,true,supported,supported
350,14,13,-0.4383133823087666,-0.09629932764863658,-0.437777672704159,-0.10878678435253109,true,true,supported,supported
350,14,14,-0.46560404024214297,-0.08503715067921824,-0.4702897722487094,-0.11934121888760929,true,true,supported,supported
350,14,15,-0.5270082499664536,-0.1639300093354582,-0.5021706691835172,-0.13020662522333004,true,true,supported,supported
350,15,1,0.0,0.0,0.0,0.0,true,true,supported,supported
350,15,2,-0.011720471892820328,0.015392334410784025,-0.03982806586113119,-0.008095634824816123,true,true,supported,supported
350,15,3,-0.056122789078526636,0.002975863105841081,-0.07904011104729458,-0.0163329104618839,true,true,supported,supported
350,15,4,-0.10664406544238747,-0.01720363593595442,-0.11764019563580796,-0.024720393526136863,true,true,supported,supported
350,15,5,-0.14240713286629414,-0.01940968768416751,-0.1556323224851307,-0.03326750608379536,true,true,supported,supported
350,15,6,-0.16314951525356602,-0.019595656260756766,-0.1930186307839873,-0.04198413694927905,true,true,supported,supported
350,15,7,-0.1964633515542662,-0.026471337014534857,-0.22980045707614938,-0.050881040517256726,true,true,supported,supported
350,15,8,-0.23806698340260946,-0.03054124749791387,-0.2659806846811973,-0.059970459485548466,true,true,supported,supported
350,15,9,-0.266218081185599,-0.05663083327381646,-0.30155597406893997,-0.06926441897520075,true,true,supported,supported
350,15,10,-0.31803632562513995,-0.06357593684409057,-0.3365279704284262,-0.07877753359023243,true,true,supported,supported
350,15,11,-0.3447043382803858,-0.08631281415206582,-0.3708921017696264,-0.08852443306015578,true,true,supported,supported
350,15,12,-0.3736964753965193,-0.07958526560706525,-0.4046442293101673,-0.09852162071946047,true,true,supported,supported
350,15,13,-0.4194866126646464,-0.07179221510332234,-0.437777672704159,-0.10878678435253109,true,true,supported,supported
350,15,14,-0.44243785099993427,-0.10472577265799954,-0.4702897722487094,-0.11934121888760929,true,true,supported,supported
350,15,15,-0.4840621304189204,-0.10908665681964735,-0.5021706691835172,-0.13020662522333004,true,true,supported,supported
350,16,1,0.0,0.0,0.0,0.0,true,true,supported,supported
350,16,2,-0.031934702439588625,-0.013871109105234702,-0.03982806586113119,-0.008095634824816123,true,true,supported,supported
350,16,3,-0.08223803608231983,-0.0368466756520025,-0.07904011104729458,-0.0163329104618839,true,true,supported,supported
350,16,4,-0.13162029034754963,-0.049789503972022975,-0.11764019563580796,-0.024720393526136863,true,true,supported,supported
350,16,5,-0.15864618599379154,-0.05686313413715194,-0.1556323224851307,-0.03326750608379536,true,true,supported,supported
350,16,6,-0.19912433175163857,-0.063309216253437,-0.1930186307839873,-0.04198413694927905,true,true,supported,supported
350,16,7,-0.2276510241051014,-0.05542532342392448,-0.22980045707614938,-0.050881040517256726,true,true,supported,supported
350,16,8,-0.27912488407900915,-0.07978237034584923,-0.2659806846811973,-0.059970459485548466,true,true,supported,supported
350,16,9,-0.30404510585477806,-0.07127729633124069,-0.30155597406893997,-0.06926441897520075,true,true,supported,supported
350,16,10,-0.3490403309313762,-0.08418193477834379,-0.3365279704284262,-0.07877753359023243,true,true,supported,supported
350,16,11,-0.3664626735791807,-0.09728805054990852,-0.3708921017696264,-0.08852443306015578,true,true,supported,supported
350,16,12,-0.41350832254748227,-0.13733999371321626,-0.4046442293101673,-0.09852162071946047,true,true,supported,supported
350,16,13,-0.45586906871000066,-0.14462632609806125,-0.437777672704159,-0.10878678435253109,true,true,supported,supported
350,16,14,-0.48002704491961823,-0.1398767071129039,-0.4702897722487094,-0.11934121888760929,true,true,supported,supported
350,16,15,-0.5018417268379258,-0.13123326215769715,-0.5021706691835172,-0.13020662522333004,true,true,supported,supported
350,17,1,0.0,0.0,0.0,0.0,true,true,supported,supported
350,17,2,-0.05576008400326771,-0.039091259648540766,-0.03982806586113119,-0.008095634824816123,true,true,supported,supported
350,17,3,-0.08342959776911263,-0.0390607252560381,-0.07904011104729458,-0.0163329104618839,true,true,supported,supported
350,17,4,-0.12287341786677242,-0.041016353740864764,-0.11764019563580796,-0.024720393526136863,true,true,supported,supported
350,17,5,-0.1606564456447621,-0.045109485341500055,-0.1556323224851307,-0.03326750608379536,true,true,supported,supported
350,17,6,-0.20263513177697645,-0.06612037142675564,-0.1930186307839873,-0.04198413694927905,true,true,supported,supported
350,17,7,-0.22970652810642345,-0.07227201414561368,-0.22980045707614938,-0.050881040517256726,true,true,supported,supported
350,17,8,-0.26197602591603086,-0.07903457538193448,-0.2659806846811973,-0.059970459485548466,true,true,supported,supported
350,17,9,-0.31401142359183454,-0.0915078465925544,-0.30155597406893997,-0.06926441897520075,true,true,supported,supported
350,17,10,-0.32064009628559,-0.07894474912963545,-0.3365279704284262,-0.07877753359023243,true,true,supported,supported
350,17,11,-0.37074445564511693,-0.117706559939455,-0.3708921017696264,-0.08852443306015578,true,true,supported,supported
350,17,12,-0.40947038011583536,-0.13219180213514037,-0.4046442293101673,-0.09852162071946047,true,true,supported,supported
350,17,13,-0.44054325054259846,-0.13753061614198803,-0.437777672704159,-0.10878678435253109,true,true,supported,supported
350,17,14,-0.4709934299471993,-0.13907697722628842,-0.4702897722487094,-0.11934121888760929,true,true,supported,supported
350,17,15,-0.4995911737315148,-0.14520621328931127,-0.5021706691835172,-0.13020662522333004,true,true,supported,supported
350,18,1,0.0,0.0,0.0,0.0,true,true,supported,supported
350,18,2,-0.04952635296072827,-0.01588414342616906,-0.03982806586113119,-0.008095634824816123,true,true,supported,supported
350,18,3,-0.1059392984573585,-0.029949655649230578,-0.07904011104729458,-0.0163329104618839,true,true,supported,supported
350,18,4,-0.14447569663246373,-0.02989462042082891,-0.11764019563580796,-0.024720393526136863,true,true,supported,supported
350,18,5,-0.16430479983292012,-0.04353211786957467,-0.1556323224851307,-0.03326750608379536,true,true,supported,supported
350,18,6,-0.1904488730826167,-0.029952757887562576,-0.1930186307839873,-0.04198413694927905,true,true,supported,supported
350,18,7,-0.24495144846957695,-0.06643615884833454,-0.22980045707614938,-0.050881040517256726,true,true,supported,supported
350,18,8,-0.2882394035318707,-0.06318882809825999,-0.2659806846811973,-0.059970459485548466,true,true,supported,supported
350,18,9,-0.31638880421297444,-0.05142474744820036,-0.30155597406893997,-0.06926441897520075,true,true,supported,supported
350,18,10,-0.35164705062836954,-0.08514453589957849,-0.3365279704284262,-0.07877753359023243,true,true,supported,supported
350,18,11,-0.37055284199190985,-0.08103151890755189,-0.3708921017696264,-0.08852443306015578,true,true,supported,supported
350,18,12,-0.4045117359770535,-0.09926844344614827,-0.4046442293101673,-0.09852162071946047,true,true,supported,supported
350,18,13,-0.43403395189510674,-0.09810640398343418,-0.437777672704159,-0.10878678435253109,true,true,supported,supported
350,18,14,-0.46646137811206356,-0.12301368365252674,-0.4702897722487094,-0.11934121888760929,true,true,supported,supported
350,18,15,-0.5110769712913855,-0.1413955621634282,-0.5021706691835172,-0.13020662522333004,true,true,supported,supported
350,19,1,0.0,0.0,0.0,0.0,true,true,supported,supported
350,19,2,-0.020200855193710954,-0.015779632506339958,-0.03982806586113119,-0.008095634824816123,true,true,supported,supported
350,19,3,-0.04268843546149015,-0.012921161573210327,-0.07904011104729458,-0.0163329104618839,true,true,supported,supported
350,19,4,-0.12049198932426608,-0.04013285956033685,-0.11764019563580796,-0.024720393526136863,true,true,supported,supported
350,19,5,-0.13754700453529756,-0.02905645398473755,-0.1556323224851307,-0.03326750608379536,true,true,supported,supported
350,19,6,-0.18636368847630247,-0.03007188169912267,-0.1930186307839873,-0.04198413694927905,true,true,supported,supported
350,19,7,-0.22433733908716602,-0.042049615073484814,-0.22980045707614938,-0.050881040517256726,true,true,supported,supported
350,19,8,-0.25676708938505444,-0.060520483720959306,-0.2659806846811973,-0.059970459485548466,true,true,supported,supported
350,19,9,-0.283936362128157,-0.056890809131075915,-0.30155597406893997,-0.06926441897520075,true,true,supported,supported
350,19,10,-0.3354743675537045,-0.08002408158760377,-0.3365279704284262,-0.07877753359023243,true,true,supported,supported
350,19,11,-0.3612374575061643,-0.07797875026433765,-0.3708921017696264,-0.08852443306015578,true,true,supported,supported
350,19,12,-0.3947386247324254,-0.10560812130578778,-0.4046442293101673,-0.09852162071946047,true,true,supported,supported
350,19,13,-0.420731207781205,-0.10048286998056655,-0.437777672704159,-0.10878678435253109,true,true,supported,supported
350,19,14,-0.4557764686051342,-0.11450523604097262,-0.4702897722487094,-0.11934121888760929,true,true,supported,supported
350,19,15,-0.499609479702533,-0.11545996335238451,-0.5021706691835172,-0.13020662522333004,true,true,supported,supported
350,20,1,0.0,0.0,0.0,0.0,true,true,supported,supported
350,20,2,-0.037694049098764726,0.0003401769764330709,-0.03982806586113119,-0.008095634824816123,true,true,supported,supported
350,20,3,-0.06388326953208645,0.003199886711229616,-0.07904011104729458,-0.0163329104618839,true,true,supported,supported
350,20,4,-0.11032416242439824,-0.01752683501690111,-0.11764019563580796,-0.024720393526136863,true,true,supported,supported
350,20,5,-0.14818574214605207,-0.02148646978809443,-0.1556323224851307,-0.03326750608379536,true,true,supported,supported
350,20,6,-0.1747531012500102,-0.01770963353906252,-0.1930186307839873,-0.04198413694927905,true,true,supported,supported
350,20,7,-0.22580595988679375,-0.059474488433859274,-0.22980045707614938,-0.050881040517256726,true,true,supported,supported
350,20,8,-0.25225943384243044,-0.05307373644588098,-0.2659806846811973,-0.059970459485548466,true,true,supported,supported
350,20,9,-0.27383158121951123,-0.030401482775331945,-0.30155597406893997,-0.06926441897520075,true,true,supported,supported
350,20,10,-0.3245924871524135,-0.052024725695986374,-0.3365279704284262,-0.07877753359023243,true,true,supported,supported
350,20,11,-0.3692446049496835,-0.08360454405089335,-0.3708921017696264,-0.08852443306015578,true,true,supported,supported
350,20,12,-0.38720348827222895,-0.06646575410759148,-0.4046442293101673,-0.09852162071946047,true,true,supported,supported
350,20,13,-0.43937247188984463,-0.10919598852743329,-0.437777672704159,-0.10878678435253109,true,true,supported,supported
350,20,14,-0.4539902108584015,-0.12352166739437209,-0.4702897722487094,-0.11934121888760929,true,true,supported,supported
350,20,15,-0.5000022019085569,-0.12159285427529498,-0.5021706691835172,-0.13020662522333004,true,true,supported,supported
350,21,1,0.0,0.0,0.0,0.0,true,true,supported,supported
350,21,2,-0.03191053699184898,-0.008531869534424308,-0.03982806586113119,-0.008095634824816123,true,true,supported,supported
350,21,3,-0.058401653513632135,-0.008502309944734776,-0.07904011104729458,-0.0163329104618839,true,true,supported,supported
350,21,4,-0.11375968318323959,-0.03324155950666141,-0.11764019563580796,-0.024720393526136863,true,true,supported,supported
350,21,5,-0.15794361975354287,-0.0524488435889785,-0.1556323224851307,-0.03326750608379536,true,true,supported,supported
350,21,6,-0.1596338389957176,-0.04734144707481314,-0.1930186307839873,-0.04198413694927905,true,true,supported,supported
350,21,7,-0.22806975933906692,-0.06239752390801934,-0.22980045707614938,-0.050881040517256726,true,true,supported,supported
350,21,8,-0.2592214345815689,-0.057519627031209275,-0.2659806846811973,-0.059970459485548466,true,true,supported,supported
350,21,9,-0.268752092030179,-0.05288983384169066,-0.30155597406893997,-0.06926441897520075,true,true,supported,supported
350,21,10,-0.2916888459282223,-0.05910216939284607,-0.3365279704284262,-0.07877753359023243,true,true,supported,supported
350,21,11,-0.36054781527226987,-0.10524609958078968,-0.3708921017696264,-0.08852443306015578,true,true,supported,supported
350,21,12,-0.4074781384681655,-0.09601118748275528,-0.4046442293101673,-0.09852162071946047,true,true,supported,supported
350,21,13,-0.4230420421551232,-0.11411052250370446,-0.437777672704159,-0.10878678435253109,true,true,supported,supported
350,21,14,-0.44887148522386555,-0.09415362384629244,-0.4702897722487094,-0.11934121888760929,true,true,supported,supported
350,21,15,-0.5055281122752171,-0.16562787238291776,-0.5021706691835172,-0.13020662522333004,true,true,supported,supported
350,22,1,0.0,0.0,0.0,0.0,true,true,supported,supported
350,22,2,-0.032895478207927265,-0.012269690959875623,-0.03982806586113119,-0.008095634824816123,true,true,supported,supported
350,22,3,-0.10878387944167456,-0.03879918454231679,-0.07904011104729458,-0.0163329104618839,true,true,supported,supported
350,22,4,-0.1484027575388701,-0.042869806755776674,-0.11764019563580796,-0.024720393526136863,true,true,supported,supported
350,22,5,-0.1652302191306455,-0.014893732842885088,-0.1556323224851307,-0.03326750608379536,true,true,supported,supported
350,22,6,-0.2093085897077912,-0.05692089688616009,-0.1930186307839873,-0.04198413694927905,true,true,supported,supported
350,22,7,-0.23286835022821206,-0.058193606308263535,-0.22980045707614938,-0.050881040517256726,true,true,supported,supported
350,22,8,-0.27814490749801557,-0.05694259259001677,-0.2659806846811973,-0.059970459485548466,true,true,supported,supported
350,22,9,-0.3199444869802306,-0.07888446207538358,-0.30155597406893997,-0.06926441897520075,true,true,supported,supported
350,22,10,-0.36088569437358475,-0.1051073104439727,-0.3365279704284262,-0.07877753359023243,true,true,supported,supported
350,22,11,-0.37920262977603314,-0.09701851222857394,-0.3708921017696264,-0.08852443306015578,true,true,supported,supported
350,22,12,-0.4285070773348326,-0.09528009022390527,-0.4046442293101673,-0.09852162071946047,true,true,supported,supported
350,22,13,-0.4427728829782078,-0.13276384450998935,-0.437777672704159,-0.10878678435253109,true,true,supported,supported
350,22,14,-0.4880827700603736,-0.14585786683166702,-0.4702897722487094,-0.11934121888760929,true,true,supported,supported
350,22,15,-0.529863093056345,-0.14628490011883488,-0.5021706691835172,-0.13020662522333004,true,true,supported,supported
350,23,1,0.0,0.0,0.0,0.0,true,true,supported,supported
350,23,2,-0.046796671547765345,-0.0017387729803539642,-0.03982806586113119,-0.008095634824816123,true,true,supported,supported
350,23,3,-0.10513575667855879,-0.016609109536339872,-0.07904011104729458,-0.0163329104618839,true,true,supported,supported
350,23,4,-0.12218041660973578,-0.02213437849176214,-0.11764019563580796,-0.024720393526136863,true,true,supported,supported
350,23,5,-0.17211068073865,-0.03611555294948221,-0.1556323224851307,-0.03326750608379536,true,true,supported,supported
350,23,6,-0.20404980052498534,-0.029614254722665434,-0.1930186307839873,-0.04198413694927905,true,true,supported,supported
350,23,7,-0.2394728027730627,-0.057281466888698285,-0.22980045707614938,-0.050881040517256726,true,true,supported,supported
350,23,8,-0.2845248440432495,-0.07361805909365338,-0.2659806846811973,-0.059970459485548466,true,true,supported,supported
350,23,9,-0.3206860294490306,-0.0751858485519672,-0.30155597406893997,-0.06926441897520075,true,true,supported,supported
350,23,10,-0.3432299228294051,-0.08286445429268019,-0.3365279704284262,-0.07877753359023243,true,true,supported,supported
350,23,11,-0.38630014221053355,-0.07224432877832476,-0.3708921017696264,-0.08852443306015578,true,true,supported,supported
350,23,12,-0.430550617167886,-0.12416400235468084,-0.4046442293101673,-0.09852162071946047,true,true,supported,supported
350,23,13,-0.44434389217861103,-0.11718400596802225,-0.437777672704159,-0.10878678435253109,true,true,supported,supported
350,23,14,-0.47233029247144,-0.1155351888870978,-0.4702897722487094,-0.11934121888760929,true,true,supported,supported
350,23,15,-0.5117220054339074,-0.12078086559871615,-0.5021706691835172,-0.13020662522333004,true,true,supported,supported
350,24,1,0.0,0.0,0.0,0.0,true,true,supported,supported
350,24,2,-0.03328655595209662,-0.009643205855811798,-0.03982806586113119,-0.008095634824816123,true,true,supported,supported
350,24,3,-0.0719421712886471,-0.024195354412605896,-0.07904011104729458,-0.0163329104618839,true,true,supported,supported
350,24,4,-0.09701303305486475,-0.027732406729111814,-0.11764019563580796,-0.024720393526136863,true,true,supported,supported
350,24,5,-0.15563238668678048,-0.04093941306280158,-0.1556323224851307,-0.03326750608379536,true,true,supported,supported
350,24,6,-0.18115977100144787,-0.056046003280216694,-0.1930186307839873,-0.04198413694927905,true,true,supported,supported
350,24,7,-0.22442205294967532,-0.05980403018679192,-0.22980045707614938,-0.050881040517256726,true,true,supported,supported
350,24,8,-0.26600965842074054,-0.06767886510824517,-0.2659806846811973,-0.059970459485548466,true,true,supported,supported
350,24,9,-0.2968398789673883,-0.0694591860850986,-0.30155597406893997,-0.06926441897520075,true,true,supported,supported
350,24,10,-0.3127166747690042,-0.08755473758472876,-0.3365279704284262,-0.07877753359023243,true,true,supported,supported
350,24,11,-0.35777467245838235,-0.08501854821647647,-0.3708921017696264,-0.08852443306015578,true,true,supported,supported
350,24,12,-0.3895672568820646,-0.10504233344471381,-0.4046442293101673,-0.09852162071946047,true,true,supported,supported
350,24,13,-0.40836874962178593,-0.08998707727863209,-0.437777672704159,-0.10878678435253109,true,true,supported,supported
350,24,14,-0.4485793470766971,-0.10776005217229145,-0.4702897722487094,-0.11934121888760929,true,true,supported,supported
350,24,15,-0.5022773607472848,-0.13769821336274923,-0.5021706691835172,-0.13020662522333004,true,true,supported,supported
350,25,1,0.0,0.0,0.0,0.0,true,true,supported,supported
350,25,2,-0.04138673590713382,-0.039914412684507905,-0.03982806586113119,-0.008095634824816123,true,true,supported,supported
350,25,3,-0.0670164386704355,-0.04252265852949033,-0.07904011104729458,-0.0163329104618839,true,true,supported,supported
350,25,4,-0.11724176819599741,-0.02823764867449352,-0.11764019563580796,-0.024720393526136863,true,true,supported,supported
350,25,5,-0.15274104049810477,-0.041602400881049495,-0.1556323224851307,-0.03326750608379536,true,true,supported,supported
350,25,6,-0.19544312873189773,-0.059050518832004184,-0.1930186307839873,-0.04198413694927905,true,true,supported,supported
350,25,7,-0.22183825501284615,-0.06032226574135102,-0.22980045707614938,-0.050881040517256726,true,true,supported,supported
350,25,8,-0.2632739530895405,-0.07677347573688964,-0.2659806846811973,-0.059970459485548466,true,true,supported,supported
350,25,9,-0.2703209260044369,-0.0750353077929864,-0.30155597406893997,-0.06926441897520075,true,true,supported,supported
350,25,10,-0.31514259579179094,-0.07963768781275826,-0.3365279704284262,-0.07877753359023243,true,true,supported,supported
350,25,11,-0.36294952901559363,-0.09092169549489693,-0.3708921017696264,-0.08852443306015578,true,true,supported,supported
350,25,12,-0.3965402387867224,-0.1376356051703881,-0.4046442293101673,-0.09852162071946047,true,true,supported,supported
350,25,13,-0.4196147652534342,-0.10429884163495029,-0.437777672704159,-0.10878678435253109,true,true,supported,supported
350,25,14,-0.46559216413897997,-0.14104010818842982,-0.4702897722487094,-0.11934121888760929,true,true,supported,supported
350,25,15,-0.4843741579168822,-0.1433653660533274,-0.5021706691835172,-0.13020662522333004,true,true,supported,supported
350,26,1,0.0,0.0,0.0,0.0,true,true,supported,supported
350,26,2,-0.044200914122625945,-0.009708480270548159,-0.03982806586113119,-0.008095634824816123,true,true,supported,supported
350,26,3,-0.08595817079583945,-0.020882799080407466,-0.07904011104729458,-0.0163329104618839,true,true,supported,supported
350,26,4,-0.14199412278059997,-0.03437698656391397,-0.11764019563580796,-0.024720393526136863,true,true,supported,supported
350,26,5,-0.17010608375476666,-0.054774164527772506,-0.1556323224851307,-0.03326750608379536,true,true,supported,supported
350,26,6,-0.19048124714352077,-0.05605230940805739,-0.1930186307839873,-0.04198413694927905,true,true,supported,supported
350,26,7,-0.23647006024904105,-0.06211033325845838,-0.22980045707614938,-0.050881040517256726,true,true,supported,supported
350,26,8,-0.27698224934361504,-0.08304213441361097,-0.2659806846811973,-0.059970459485548466,true,true,supported,supported
350,26,9,-0.3078061275910209,-0.09009441351969183,-0.30155597406893997,-0.06926441897520075,true,true,supported,supported
350,26,10,-0.35088217767474905,-0.06153465255979129,-0.3365279704284262,-0.07877753359023243,true,true,supported,supported
350,26,11,-0.3890545697843105,-0.11037081933834048,-0.3708921017696264,-0.08852443306015578,true,true,supported,supported
350,26,12,-0.4063587694056884,-0.11648416563470354,-0.4046442293101673,-0.09852162071946047,true,true,supported,supported
350,26,13,-0.44752012115843476,-0.12977306802749944,-0.437777672704159,-0.10878678435253109,true,true,supported,supported
350,26,14,-0.4898220309884771,-0.126747271674295,-0.4702897722487094,-0.11934121888760929,true,true,supported,supported
350,26,15,-0.5174915664884938,-0.14513080442207482,-0.5021706691835172,-0.13020662522333004,true,true,supported,supported
350,27,1,0.0,0.0,0.0,0.0,true,true,supported,supported
350,27,2,-0.026840007948771838,0.006716155180882866,-0.03982806586113119,-0.008095634824816123,true,true,supported,supported
350,27,3,-0.060058848415208366,-0.00792881595382633,-0.07904011104729458,-0.0163329104618839,true,true,supported,supported
350,27,4,-0.10785666991717058,0.005783991968918767,-0.11764019563580796,-0.024720393526136863,true,true,supported,supported
350,27,5,-0.13913126473342563,-0.0199226430832945,-0.1556323224851307,-0.03326750608379536,true,true,supported,supported
350,27,6,-0.1904500830875976,-0.03282530479584422,-0.1930186307839873,-0.04198413694927905,true,true,supported,supported
350,27,7,-0.20587905016236885,-0.021609625364455987,-0.22980045707614938,-0.050881040517256726,true,true,supported,supported
350,27,8,-0.2548317397290124,-0.04410901324270944,-0.2659806846811973,-0.059970459485548466,true,true,supported,supported
350,27,9,-0.2969605494893951,-0.06913333206739991,-0.30155597406893997,-0.06926441897520075,true,true,supported,supported
350,27,10,-0.3120609537676997,-0.06580340522034822,-0.3365279704284262,-0.07877753359023243,true,true,supported,supported
350,27,11,-0.34305015635672687,-0.06641513689009504,-0.3708921017696264,-0.08852443306015578,true,true,supported,supported
350,27,12,-0.3958658073843143,-0.09117108890662873,-0.4046442293101673,-0.09852162071946047,true,true,supported,supported
350,27,13,-0.4305209307585588,-0.1023925243838012,-0.437777672704159,-0.10878678435253109,true,true,supported,supported
350,27,14,-0.46399124036454675,-0.10253557390106871,-0.4702897722487094,-0.11934121888760929,true,true,supported,supported
350,27,15,-0.4912977607154278,-0.11815290932508693,-0.5021706691835172,-0.13020662522333004,true,true,supported,supported
350,28,1,0.0,0.0,0.0,0.0,true,true,supported,supported
350,28,2,-0.024522313991891642,0.004219615485228867,-0.03982806586113119,-0.008095634824816123,true,true,supported,supported
350,28,3,-0.06600176054952378,-0.0025986348029241046,-0.07904011104729458,-0.0163329104618839,true,true,supported,supported
350,28,4,-0.11929005435621731,-0.024746384045329806,-0.11764019563580796,-0.024720393526136863,true,true,supported,supported
350,28,5,-0.15043853450434996,-0.0336501457184748,-0.1556323224851307,-0.03326750608379536,true,true,supported,supported
350,28,6,-0.18131922158221714,-0.051129842744017884,-0.1930186307839873,-0.04198413694927905,true,true,supported,supported
350,28,7,-0.2204656711982168,-0.02793715586104062,-0.22980045707614938,-0.050881040517256726,true,true,supported,supported
350,28,8,-0.2651895795473934,-0.048901119419576866,-0.2659806846811973,-0.059970459485548466,true,true,supported,supported
350,28,9,-0.29799959227300166,-0.07189723022581263,-0.30155597406893997,-0.06926441897520075,true,true,supported,supported
350,28,10,-0.3317191315937479,-0.08818804770758981,-0.3365279704284262,-0.07877753359023243,true,true,supported,supported
350,28,11,-0.3603772007011037,-0.07920006592325435,-0.3708921017696264,-0.08852443306015578,true,true,supported,supported
350,28,12,-0.40578578004118127,-0.10594199993694986,-0.4046442293101673,-0.09852162071946047,true,true,supported,supported
350,28,13,-0.41977516505992407,-0.06960225812419518,-0.437777672704159,-0.10878678435253109,true,true,supported,supported
350,28,14,-0.46331921872764203,-0.13911386546791493,-0.4702897722487094,-0.11934121888760929,true,true,supported,supported
350,28,15,-0.49069059699373674,-0.08970845048264009,-0.5021706691835172,-0.13020662522333004,true,true,supported,supported
350,29,1,0.0,0.0,0.0,0.0,true,true,supported,supported
350,29,2,-0.04843677839879934,-0.0006393455946500648,-0.03982806586113119,-0.008095634824816123,true,true,supported,supported
350,29,3,-0.08089974001300826,-0.017630107297333386,-0.07904011104729458,-0.0163329104618839,true,true,supported,supported
350,29,4,-0.12181610905514162,-0.03723718792299269,-0.11764019563580796,-0.024720393526136863,true,true,supported,supported
350,29,5,-0.1628419579354503,-0.0374145581800015,-0.1556323224851307,-0.03326750608379536,true,true,supported,supported
350,29,6,-0.20564513605968926,-0.025495230741299113,-0.1930186307839873,-0.04198413694927905,true,true,supported,supported
350,29,7,-0.23477143047687443,-0.05527776851993049,-0.22980045707614938,-0.050881040517256726,true,true,supported,supported
350,29,8,-0.2692117610680651,-0.054065405207605055,-0.2659806846811973,-0.059970459485548466,true,true,supported,supported
350,29,9,-0.3058277201543451,-0.09081595291592948,-0.30155597406893997,-0.06926441897520075,true,true,supported,supported
350,29,10,-0.3390179374596224,-0.07336806941274421,-0.3365279704284262,-0.07877753359023243,true,true,supported,supported
350,29,11,-0.36875486126553736,-0.08642797542160319,-0.3708921017696264,-0.08852443306015578,true,true,supported,supported
350,29,12,-0.40238091234380025,-0.11612950069755745,-0.4046442293101673,-0.09852162071946047,true,true,supported,supported
350,29,13,-0.44342244480714677,-0.13813565609282252,-0.437777672704159,-0.10878678435253109,true,true,supported,supported
350,29,14,-0.4391285802827013,-0.0781761005829501,-0.4702897722487094,-0.11934121888760929,true,true,supported,supported
350,29,15,-0.4964938969328039,-0.1216567727248482,-0.5021706691835172,-0.13020662522333004,true,true,supported,supported
350,30,1,0.0,0.0,0.0,0.0,true,true,supported,supported
350,30,2,-0.06847805793739081,-0.04759226406794037,-0.03982806586113119,-0.008095634824816123,true,true,supported,supported
350,30,3,-0.10158263786497912,-0.04425702380825891,-0.07904011104729458,-0.0163329104618839,true,true,supported,supported
350,30,4,-0.11959840287152612,-0.04436024923335202,-0.11764019563580796,-0.024720393526136863,true,true,supported,supported
350,30,5,-0.16118688901816258,-0.055819852599817366,-0.1556323224851307,-0.03326750608379536,true,true,supported,supported
350,30,6,-0.2033314242508507,-0.05407678402504901,-0.1930186307839873,-0.04198413694927905,true,true,supported,supported
350,30,7,-0.24063518440818144,-0.0707391545306224,-0.22980045707614938,-0.050881040517256726,true,true,supported,supported
350,30,8,-0.2563175987974421,-0.0524358264175766,-0.2659806846811973,-0.059970459485548466,true,true,supported,supported
350,30,9,-0.2934792964921661,-0.08203452534389033,-0.30155597406893997,-0.06926441897520075,true,true,supported,supported
350,30,10,-0.3460630408201665,-0.10333348277994958,-0.3365279704284262,-0.07877753359023243,true,true,supported,supported
350,30,11,-0.3830865559899087,-0.10316472916417119,-0.3708921017696264,-0.08852443306015578,true,true,supported,supported
350,30,12,-0.4273051358449238,-0.14953014592988012,-0.4046442293101673,-0.09852162071946047,true,true,supported,supported
350,30,13,-0.45694704276467035,-0.13860099916646162,-0.437777672704159,-0.10878678435253109,true,true,supported,supported
350,30,14,-0.47723098571082667,-0.1498169052922893,-0.4702897722487094,-0.11934121888760929,true,true,supported,supported
350,30,15,-0.5249664678467121,-0.1465105308847927,-0.5021706691835172,-0.13020662522333004,true,true,supported,supported
350,31,1,0.0,0.0,0.0,0.0,true,true,supported,supported
350,31,2,-0.006896716534850689,0.014010657909757418,-0.03982806586113119,-0.008095634824816123,true,true,supported,supported
350,31,3,-0.03356515735683818,0.029998742135022294,-0.07904011104729458,-0.0163329104618839,true,true,supported,supported
350,31,4,-0.07856249607513266,-0.0034283662021084016,-0.11764019563580796,-0.024720393526136863,true,true,supported,supported
350,31,5,-0.12790453968985716,-0.025273902315721464,-0.1556323224851307,-0.03326750608379536,true,true,supported,supported
350,31,6,-0.17091956671835107,-0.0464924396858335,-0.1930186307839873,-0.04198413694927905,true,true,supported,supported
350,31,7,-0.20243882419652925,-0.042282769338713666,-0.22980045707614938,-0.050881040517256726,true,true,supported,supported
350,31,8,-0.24497147355029758,-0.04414901272036875,-0.2659806846811973,-0.059970459485548466,true,true,supported,supported
350,31,9,-0.2755025218914877,-0.047614510412588906,-0.30155597406893997,-0.06926441897520075,true,true,supported,supported
350,31,10,-0.3090687438173574,-0.07196811688785076,-0.3365279704284262,-0.07877753359023243,true,true,supported,supported
350,31,11,-0.3532015632091162,-0.07564036901146598,-0.3708921017696264,-0.08852443306015578,true,true,supported,supported
350,31,12,-0.3803744153960411,-0.08410755593442443,-0.4046442293101673,-0.09852162071946047,true,true,supported,supported
350,31,13,-0.4114219283953683,-0.10450118833387667,-0.437777672704159,-0.10878678435253109,true,true,supported,supported
350,31,14,-0.4448592548933594,-0.09969671803902602,-0.4702897722487094,-0.11934121888760929,true,true,supported,supported
350,31,15,-0.4688675695664246,-0.11258060908757184,-0.5021706691835172,-0.13020662522333004,true,true,supported,supported
350,32,1,0.0,0.0,0.0,0.0,true,true,supported,supported
350,32,2,-0.037797387946946204,-0.02267329540030283,-0.03982806586113119,-0.008095634824816123,true,true,supported,supported
350,32,3,-0.07825325233450953,-0.013440438884055994,-0.07904011104729458,-0.0163329104618839,true,true,supported,supported
350,32,4,-0.10150990094272616,-0.014367048475400823,-0.11764019563580796,-0.024720393526136863,true,true,supported,supported
350,32,5,-0.15892060640762906,-0.041072402074799785,-0.1556323224851307,-0.03326750608379536,true,true,supported,supported
350,32,6,-0.20011056350300704,-0.043364261369048585,-0.1930186307839873,-0.04198413694927905,true,true,supported,supported
350,32,7,-0.23373366861159828,-0.06165737243749225,-0.22980045707614938,-0.050881040517256726,true,true,supported,supported
350,32,8,-0.2687203389049956,-0.0611587228626862,-0.2659806846811973,-0.059970459485548466,true,true,supported,supported
350,32,9,-0.30786517602708097,-0.07204665441805058,-0.30155597406893997,-0.06926441897520075,true,true,supported,supported
350,32,10,-0.34854566751705063,-0.08580596277407415,-0.3365279704284262,-0.07877753359023243,true,true,supported,supported
350,32,11,-0.36407586515429236,-0.09224281087237307,-0.3708921017696264,-0.08852443306015578,true,true,supported,supported
350,32,12,-0.4204358606776315,-0.10899679620173175,-0.4046442293101673,-0.09852162071946047,true,true,supported,supported
350,32,13,-0.4324362045635597,-0.09683390674585168,-0.437777672704159,-0.10878678435253109,true,true,supported,supported
350,32,14,-0.4797557490242901,-0.1344477795117618,-0.4702897722487094,-0.11934121888760929,true,true,supported,supported
350,32,15,-0.5161431446859392,-0.13582856577151958,-0.5021706691835172,-0.13020662522333004,true,true,supported,supported
350,33,1,0.0,0.0,0.0,0.0,true,true,supported,supported
350,33,2,-0.038217474688530984,-0.004453944716247493,-0.03982806586113119,-0.008095634824816123,true,true,supported,supported
350,33,3,-0.07851064572687294,-0.007561218984993956,-0.07904011104729458,-0.0163329104618839,true,true,supported,supported
350,33,4,-0.11363746359056859,-0.03290363123443041,-0.11764019563580796,-0.024720393526136863,true,true,supported,supported
350,33,5,-0.1526778796186139,-0.02212450928841736,-0.1556323224851307,-0.03326750608379536,true,true,supported,supported
350,33,6,-0.19129405559247548,-0.04571662639619534,-0.1930186307839873,-0.04198413694927905,true,true,supported,supported
350,33,7,-0.21762644511035345,-0.05146399630102061,-0.22980045707614938,-0.050881040517256726,true,true,supported,supported
350,33,8,-0.2471961198854774,-0.06113088746176765,-0.2659806846811973,-0.059970459485548466,true,true,supported,supported
350,33,9,-0.2877707990550944,-0.051071884791455746,-0.30155597406893997,-0.06926441897520075,true,true,supported,supported
350,33,10,-0.33432852273851954,-0.07474288374566629,-0.3365279704284262,-0.07877753359023243,true,true,supported,supported
350,33,11,-0.3587034074925556,-0.04188443392597596,-0.3708921017696264,-0.08852443306015578,true,true,supported,supported
350,33,12,-0.41353604389056053,-0.11130101556434946,-0.4046442293101673,-0.09852162071946047,true,true,supported,supported
350,33,13,-0.4039866704741454,-0.09136960733175603,-0.437777672704159,-0.10878678435253109,true,true,supported,supported
350,33,14,-0.4544817799757842,-0.11840339882820405,-0.4702897722487094,-0.11934121888760929,true,true,supported,supported
350,33,15,-0.5006232391276411,-0.12082489184740097,-0.5021706691835172,-0.13020662522333004,true,true,supported,supported
350,34,1,0.0,0.0,0.0,0.0,true,true,supported,supported
350,34,2,-0.058777339132741524,-0.02218070563926866,-0.03982806586113119,-0.008095634824816123,true,true,supported,supported
350,34,3,-0.07737542983366663,-0.016931771696238718,-0.07904011104729458,-0.0163329104618839,true,true,supported,supported
350,34,4,-0.1285380590957732,-0.03452703402642243,-0.11764019563580796,-0.024720393526136863,true,true,supported,supported
350,34,5,-0.14973513650809644,-0.031149356424384766,-0.1556323224851307,-0.03326750608379536,true,true,supported,supported
350,34,6,-0.20011662697378285,-0.04986666748218682,-0.1930186307839873,-0.04198413694927905,true,true,supported,supported
350,34,7,-0.23644313826229058,-0.0571051356076252,-0.22980045707614938,-0.050881040517256726,true,true,supported,supported
350,34,8,-0.27123768088579814,-0.05774188813143799,-0.2659806846811973,-0.059970459485548466,true,true,supported,supported
350,34,9,-0.3100257207243875,-0.08859677484735173,-0.30155597406893997,-0.06926441897520075,true,true,supported,supported
350,34,10,-0.33662571113073203,-0.08163492483579404,-0.3365279704284262,-0.07877753359023243,true,true,supported,supported
350,34,11,-0.37884608215282456,-0.09880144004892921,-0.3708921017696264,-0.08852443306015578,true,true,supported,supported
350,34,12,-0.39569062365556273,-0.10723688870763715,-0.4046442293101673,-0.09852162071946047,true,true,supported,supported
350,34,13,-0.43665207282367213,-0.14300219298169692,-0.437777672704159,-0.10878678435253109,true,true,supported,supported
350,34,14,-0.4820887702535849,-0.1385874796982618,-0.4702897722487094,-0.11934121888760929,true,true,supported,supported
350,34,15,-0.5143550195467861,-0.15594053916810835,-0.5021706691835172,-0.13020662522333004,true,true,supported,supported
350,35,1,0.0,0.0,0.0,0.0,true,true,supported,supported
350,35,2,-0.04369544176764162,-0.016525659103268198,-0.03982806586113119,-0.008095634824816123,true,true,supported,supported
350,35,3,-0.07563258720248522,-0.008296193653453021,-0.07904011104729458,-0.0163329104618839,true,true,supported,supported
350,35,4,-0.10616783088267712,-0.02491389695659052,-0.11764019563580796,-0.024720393526136863,true,true,supported,supported
350,35,5,-0.16647000632861075,-0.03712211654902997,-0.1556323224851307,-0.03326750608379536,true,true,supported,supported
350,35,6,-0.18754616777335587,-0.03357789727870364,-0.1930186307839873,-0.04198413694927905,true,true,supported,supported
350,35,7,-0.2405976497972352,-0.06083967805301138,-0.22980045707614938,-0.050881040517256726,true,true,supported,supported
350,35,8,-0.2655359465385807,-0.06487372986058115,-0.2659806846811973,-0.059970459485548466,true,true,supported,supported
350,35,9,-0.3223840047161023,-0.06455776525443291,-0.30155597406893997,-0.06926441897520075,true,true,supported,supported
350,35,10,-0.3446909357013138,-0.09210718979415178,-0.3365279704284262,-0.07877753359023243,true,true,supported,supported
350,35,11,-0.3762910034387321,-0.09136991999886623,-0.3708921017696264,-0.08852443306015578,true,true,supported,supported
350,35,12,-0.41399867197539364,-0.09574754384422668,-0.4046442293101673,-0.09852162071946047,true,true,supported,supported
350,35,13,-0.4428134351484071,-0.1138804064853316,-0.437777672704159,-0.10878678435253109,true,true,supported,supported
350,35,14,-0.45083556891085574,-0.09944717711299278,-0.4702897722487094,-0.11934121888760929,true,true,supported,supported
350,35,15,-0.49975113592044396,-0.11122234130679998,-0.5021706691835172,-0.13020662522333004,true,true,supported,supported
350,36,1,0.0,0.0,0.0,0.0,true,true,supported,supported
350,36,2,-0.02202633692959044,0.013947607603831624,-0.03982806586113119,-0.008095634824816123,true,true,supported,supported
350,36,3,-0.08758171586762531,-0.015562233692407945,-0.07904011104729458,-0.0163329104618839,true,true,supported,supported
350,36,4,-0.12043021628758621,-0.0398924847965203,-0.11764019563580796,-0.024720393526136863,true,true,supported,supported
350,36,5,-0.1525159946924648,-0.021611490358156016,-0.1556323224851307,-0.03326750608379536,true,true,supported,supported
350,36,6,-0.20840971276001163,-0.028169584825605165,-0.1930186307839873,-0.04198413694927905,true,true,supported,supported
350,36,7,-0.21772986344971346,-0.04274737771497117,-0.22980045707614938,-0.050881040517256726,true,true,supported,supported
350,36,8,-0.2513009328165208,-0.051680198223410634,-0.2659806846811973,-0.059970459485548466,true,true,supported,supported
350,36,9,-0.28685771978571295,-0.054247335232274096,-0.30155597406893997,-0.06926441897520075,true,true,supported,supported
350,36,10,-0.3437556542143533,-0.05955960874548072,-0.3365279704284262,-0.07877753359023243,true,true,supported,supported
350,36,11,-0.3773643308805783,-0.09181790524683853,-0.3708921017696264,-0.08852443306015578,true,true,supported,supported
350,36,12,-0.40799408554580896,-0.1047319220547056,-0.4046442293101673,-0.09852162071946047,true,true,supported,supported
350,36,13,-0.4270928554223875,-0.10728689466451802,-0.437777672704159,-0.10878678435253109,true,true,supported,supported
350,36,14,-0.46140546534887406,-0.12525785893638652,-0.4702897722487094,-0.11934121888760929,true,true,supported,supported
350,36,15,-0.4824307325103955,-0.11503943222113333,-0.5021706691835172,-0.13020662522333004,true,true,supported,supported
350,37,1,0.0,0.0,0.0,0.0,true,true,supported,supported
350,37,2,-0.012200909569700658,0.014953189601495609,-0.03982806586113119,-0.008095634824816123,true,true,supported,supported
350,37,3,-0.06582613227099032,-0.0020870401593945376,-0.07904011104729458,-0.0163329104618839,true,true,supported,supported
350,37,4,-0.12319916165327949,-0.00886654282501853,-0.11764019563580796,-0.024720393526136863,true,true,supported,supported
350,37,5,-0.13046098315391075,-0.017277228163801395,-0.1556323224851307,-0.03326750608379536,true,true,supported,supported
350,37,6,-0.1804420756963323,-0.05323872206253799,-0.1930186307839873,-0.04198413694927905,true,true,supported,supported
350,37,7,-0.21323289235101361,-0.040631086091291735,-0.22980045707614938,-0.050881040517256726,true,true,supported,supported
350,37,8,-0.25582624696338707,-0.06415137116342051,-0.2659806846811973,-0.059970459485548466,true,true,supported,supported
350,37,9,-0.27547258896168814,-0.05742037805512579,-0.30155597406893997,-0.06926441897520075,true,true,supported,supported
350,37,10,-0.3289606446072687,-0.0769219230149586,-0.3365279704284262,-0.07877753359023243,true,true,supported,supported
350,37,11,-0.3612773401428182,-0.09053836249528702,-0.3708921017696264,-0.08852443306015578,true,true,supported,supported
350,37,12,-0.37827485730163946,-0.08064506823967554,-0.4046442293101673,-0.09852162071946047,true,true,supported,supported
350,37,13,-0.43475022985357636,-0.12657622661704204,-0.437777672704159,-0.10878678435253109,true,true,supported,supported
350,37,14,-0.43848933111096555,-0.09806564270632567,-0.4702897722487094,-0.11934121888760929,true,true,supported,supported
350,37,15,-0.4869974372786152,-0.1273679574868294,-0.5021706691835172,-0.13020662522333004,true,true,supported,supported
350,38,1,0.0,0.0,0.0,0.0,true,true,supported,supported
350,38,2,-0.0306702014600031,0.009256188732543413,-0.03982806586113119,-0.008095634824816123,true,true,supported,supported
350,38,3,-0.07989351172446779,-0.011748902693631158,-0.07904011104729458,-0.0163329104618839,true,true,supported,supported
350,38,4,-0.11598305203487203,-0.014746719537445885,-0.11764019563580796,-0.024720393526136863,true,true,supported,supported
350,38,5,-0.14186433868836823,-0.013181604709613381,-0.1556323224851307,-0.03326750608379536,true,true,supported,supported
350,38,6,-0.17063371880360934,-0.02470342676425863,-0.1930186307839873,-0.04198413694927905,true,true,supported,supported
350,38,7,-0.24770794694931197,-0.051868745500580626,-0.22980045707614938,-0.050881040517256726,true,true,supported,supported
350,38,8,-0.2521497613337953,-0.04683157628933743,-0.2659806846811973,-0.059970459485548466,true,true,supported,supported
350,38,9,-0.28039909915371874,-0.06880245355598402,-0.30155597406893997,-0.06926441897520075,true,true,supported,supported
350,38,10,-0.320592912296776,-0.07145138134689544,-0.3365279704284262,-0.07877753359023243,true,true,supported,supported
350,38,11,-0.36200105463000665,-0.054533393698624755,-0.3708921017696264,-0.08852443306015578,true,true,supported,supported
350,38,12,-0.393166421428099,-0.07622459571284568,-0.4046442293101673,-0.09852162071946047,true,true,supported,supported
350,38,13,-0.4208839231392739,-0.1009107574199899,-0.437777672704159,-0.10878678435253109,true,true,supported,supported
350,38,14,-0.45711562181459475,-0.09736130832719836,-0.4702897722487094,-0.11934121888760929,true,true,supported,supported
350,38,15,-0.4852061606099246,-0.09349265946138463,-0.5021706691835172,-0.13020662522333004,true,true,supported,supported
350,39,1,0.0,0.0,0.0,0.0,true,true,supported,supported
350,39,2,-0.044482022642334695,-0.035866054861839025,-0.03982806586113119,-0.008095634824816123,true,true,supported,supported
350,39,3,-0.09452492882855767,-0.038918590764546956,-0.07904011104729458,-0.0163329104618839,true,true,supported,supported
350,39,4,-0.13884661224134642,-0.056710515000115924,-0.11764019563580796,-0.024720393526136863,true,true,supported,supported
350,39,5,-0.17161244596737213,-0.05256438718292733,-0.1556323224851307,-0.03326750608379536,true,true,supported,supported
350,39,6,-0.21752948228991242,-0.07102671045442821,-0.1930186307839873,-0.04198413694927905,true,true,supported,supported
350,39,7,-0.24664850916253356,-0.060256902900029385,-0.22980045707614938,-0.050881040517256726,true,true,supported,supported
350,39,8,-0.271361045142285,-0.08329229983801023,-0.2659806846811973,-0.059970459485548466,true,true,supported,supported
350,39,9,-0.3153372337988628,-0.07559738271486549,-0.30155597406893997,-0.06926441897520075,true,true,supported,supported
350,39,10,-0.3457576752610648,-0.08624688657432167,-0.3365279704284262,-0.07877753359023243,true,true,supported,supported
350,39,11,-0.3669071072606127,-0.09401215808903896,-0.3708921017696264,-0.08852443306015578,true,true,supported,supported
350,39,12,-0.4307324525994829,-0.11057215236676021,-0.4046442293101673,-0.09852162071946047,true,true,supported,supported
350,39,13,-0.4579042596006203,-0.09876680128766002,-0.437777672704159,-0.10878678435253109,true,true,supported,supported
350,39,14,-0.4734856339650386,-0.12463959419860637,-0.4702897722487094,-0.11934121888760929,true,true,supported,supported
350,39,15,-0.49818818424327205,-0.14548099718921736,-0.5021706691835172,-0.13020662522333004,true,true,supported,supported
350,40,1,0.0,0.0,0.0,0.0,true,true,supported,supported
350,40,2,-0.04103614772721553,-0.013421567872992757,-0.03982806586113119,-0.008095634824816123,true,true,supported,supported
350,40,3,-0.08147292158317343,-0.027033886263448714,-0.07904011104729458,-0.0163329104618839,true,true,supported,supported
350,40,4,-0.1280719165866825,-0.04736642263158819,-0.11764019563580796,-0.024720393526136863,true,true,supported,supported
350,40,5,-0.16534250237243175,-0.03900248749168922,-0.1556323224851307,-0.03326750608379536,true,true,supported,supported
350,40,6,-0.19314187010249562,-0.04965987318490295,-0.1930186307839873,-0.04198413694927905,true,true,supported,supported
350,40,7,-0.24975958327299785,-0.08387568809720225,-0.22980045707614938,-0.050881040517256726,true,true,supported,supported
350,40,8,-0.2744618202158363,-0.06622081739930807,-0.2659806846811973,-0.059970459485548466,true,true,supported,supported
350,40,9,-0.2948131166403296,-0.05582395501708004,-0.30155597406893997,-0.06926441897520075,true,true,supported,supported
350,40,10,-0.3289952265375995,-0.08665644216181057,-0.3365279704284262,-0.07877753359023243,true,true,supported,supported
350,40,11,-0.38052800602450265,-0.10100764397471629,-0.3708921017696264,-0.08852443306015578,true,true,supported,supported
350,40,12,-0.41173065057022773,-0.11003264741446839,-0.4046442293101673,-0.09852162071946047,true,true,supported,supported
350,40,13,-0.4490726281316335,-0.12953296830628636,-0.437777672704159,-0.10878678435253109,true,true,supported,supported
350,40,14,-0.48139025816446834,-0.1378825761003062,-0.4702897722487094,-0.11934121888760929,true,true,supported,supported
350,40,15,-0.5084176100132244,-0.12575919402680902,-0.5021706691835172,-0.13020662522333004,true,true,supported,supported
350,41,1,0.0,0.0,0.0,0.0,true,true,supported,supported
350,41,2,-0.039045571646739496,-0.01358799821066592,-0.03982806586113119,-0.008095634824816123,true,true,supported,supported
350,41,3,-0.07353669561306309,-0.003971689727038097,-0.07904011104729458,-0.0163329104618839,true,true,supported,supported
350,41,4,-0.11210663856130998,-0.018418036531319126,-0.11764019563580796,-0.024720393526136863,true,true,supported,supported
350,41,5,-0.15803391070998918,-0.04393976047347192,-0.1556323224851307,-0.03326750608379536,true,true,supported,supported
350,41,6,-0.18869819845911673,-0.03026647279280792,-0.1930186307839873,-0.04198413694927905,true,true,supported,supported
350,41,7,-0.21749362979047326,-0.036839813288470635,-0.22980045707614938,-0.050881040517256726,true,true,supported,supported
350,41,8,-0.26570605679784665,-0.06761755405824488,-0.2659806846811973,-0.059970459485548466,true,true,supported,supported
350,41,9,-0.29717846352697286,-0.059835403308836854,-0.30155597406893997,-0.06926441897520075,true,true,supported,supported
350,41,10,-0.3157840801160986,-0.0645901448187034,-0.3365279704284262,-0.07877753359023243,true,true,supported,supported
350,41,11,-0.36822764905860317,-0.07472415652971687,-0.3708921017696264,-0.08852443306015578,true,true,supported,supported
350,41,12,-0.40510900298136976,-0.11074436538108534,-0.4046442293101673,-0.09852162071946047,true,true,supported,supported
350,41,13,-0.4375524551284786,-0.10058936664469487,-0.437777672704159,-0.10878678435253109,true,true,supported,supported
350,41,14,-0.4481402192903572,-0.10952045479006045,-0.4702897722487094,-0.11934121888760929,true,true,supported,supported
350,41,15,-0.49864024458193923,-0.1110664303539598,-0.5021706691835172,-0.13020662522333004,true,true,supported,supported
350,42,1,0.0,0.0,0.0,0.0,true,true,supported,supported
350,42,2,-0.05250626146649795,-0.008244390349553932,-0.03982806586113119,-0.008095634824816123,true,true,supported,supported
350,42,3,-0.09583526964732603,-0.012682531906676897,-0.07904011104729458,-0.0163329104618839,true,true,supported,supported
350,42,4,-0.11465086341584663,-0.01618122456515303,-0.11764019563580796,-0.024720393526136863,true,true,supported,supported
350,42,5,-0.15537998346915483,-0.042761687591991726,-0.1556323224851307,-0.03326750608379536,true,true,supported,supported
350,42,6,-0.1942747097869547,-0.023248922944843042,-0.1930186307839873,-0.04198413694927905,true,true,supported,supported
350,42,7,-0.2186815254236416,-0.047274449517931916,-0.22980045707614938,-0.050881040517256726,true,true,supported,supported
350,42,8,-0.26198574619261095,-0.04901432386558058,-0.2659806846811973,-0.059970459485548466,true,true,supported,supported
350,42,9,-0.3243199500391356,-0.08357370302284806,-0.30155597406893997,-0.06926441897520075,true,true,supported,supported
350,42,10,-0.33483042719588463,-0.0728963281559718,-0.3365279704284262,-0.07877753359023243,true,true,supported,supported
350,42,11,-0.3952545388713571,-0.09726032993746903,-0.3708921017696264,-0.08852443306015578,true,true,supported,supported
350,42,12,-0.4019040541674582,-0.1189410045225322,-0.4046442293101673,-0.09852162071946047,true,true,supported,supported
350,42,13,-0.4129868853628774,-0.09683714290276912,-0.437777672704159,-0.10878678435253109,true,true,supported,supported
350,42,14,-0.4903898208588823,-0.10704470961366008,-0.4702897722487094,-0.11934121888760929,true,true,supported,supported
350,42,15,-0.5063794069060834,-0.1267354490006396,-0.5021706691835172,-0.13020662522333004,true,true,supported,supported
350,43,1,0.0,0.0,0.0,0.0,true,true,supported,supported
350,43,2,-0.021668448754888603,-0.0032448840743019014,-0.03982806586113119,-0.008095634824816123,true,true,supported,supported
350,43,3,-0.07503282272084877,-0.028651821825142365,-0.07904011104729458,-0.0163329104618839,true,true,supported,supported
350,43,4,-0.11060594726884498,-0.025247126235974804,-0.11764019563580796,-0.024720393526136863,true,true,supported,supported
350,43,5,-0.15706166275964317,-0.027580021342760497,-0.1556323224851307,-0.03326750608379536,true,true,supported,supported
350,43,6,-0.21723487162724853,-0.05709450824268236,-0.1930186307839873,-0.04198413694927905,true,true,supported,supported
350,43,7,-0.21752657123504204,-0.036247072147024606,-0.22980045707614938,-0.050881040517256726,true,true,supported,supported
350,43,8,-0.265090970803632,-0.05056719060321957,-0.2659806846811973,-0.059970459485548466,true,true,supported,supported
350,43,9,-0.2988077425352361,-0.07625896108167907,-0.30155597406893997,-0.06926441897520075,true,true,supported,supported
350,43,10,-0.34290055044329637,-0.07690116819786197,-0.3365279704284262,-0.07877753359023243,true,true,supported,supported
350,43,11,-0.3657789712618057,-0.06918040054045071,-0.3708921017696264,-0.08852443306015578,true,true,supported,supported
350,43,12,-0.40088375395298537,-0.08692227995902135,-0.4046442293101673,-0.09852162071946047,true,true,supported,supported
350,43,13,-0.4491628081253344,-0.09749553311972536,-0.437777672704159,-0.10878678435253109,true,true,supported,supported
350,43,14,-0.4683359944237745,-0.13572518990279592,-0.4702897722487094,-0.11934121888760929,true,true,supported,supported
350,43,15,-0.5097525258923712,-0.1366118844318931,-0.5021706691835172,-0.13020662522333004,true,true,supported,supported
350,44,1,0.0,0.0,0.0,0.0,true,true,supported,supported
350,44,2,-0.04268350659328668,0.00012817898211858747,-0.03982806586113119,-0.008095634824816123,true,true,supported,supported
350,44,3,-0.09161931223947106,-0.0086688593214721,-0.07904011104729458,-0.0163329104618839,true,true,supported,supported
350,44,4,-0.1305480234858184,-0.005223362195278525,-0.11764019563580796,-0.024720393526136863,true,true,supported,supported
350,44,5,-0.16322119844129968,-0.025739159901509656,-0.1556323224851307,-0.03326750608379536,true,true,supported,supported
350,44,6,-0.21071140043182757,-0.056164676780166456,-0.1930186307839873,-0.04198413694927905,true,true,supported,supported
350,44,7,-0.23226907925272378,-0.04205058460438493,-0.22980045707614938,-0.050881040517256726,true,true,supported,supported
350,44,8,-0.2700175313319858,-0.07939804068058087,-0.2659806846811973,-0.059970459485548466,true,true,supported,supported
350,44,9,-0.3211541552211352,-0.07097176333897637,-0.30155597406893997,-0.06926441897520075,true,true,supported,supported
350,44,10,-0.3351231649896952,-0.062050757408988244,-0.3365279704284262,-0.07877753359023243,true,true,supported,supported
350,44,11,-0.3698606828991503,-0.07434643748021141,-0.3708921017696264,-0.08852443306015578,true,true,supported,supported
350,44,12,-0.4159148605549067,-0.09576367209958592,-0.4046442293101673,-0.09852162071946047,true,true,supported,supported
350,44,13,-0.44376984212552395,-0.11506791568893582,-0.437777672704159,-0.10878678435253109,true,true,supported,supported
350,44,14,-0.4604798856596185,-0.09462214744093445,-0.4702897722487094,-0.11934121888760929,true,true,supported,supported
350,44,15,-0.5040478043543006,-0.0893362780760748,-0.5021706691835172,-0.13020662522333004,true,true,supported,supported
350,45,1,0.0,0.0,0.0,0.0,true,true,supported,supported
350,45,2,-0.015529786732187523,-0.018738425891462906,-0.03982806586113119,-0.008095634824816123,true,true,supported,supported
350,45,3,-0.08421767385200851,-0.023220988309946455,-0.07904011104729458,-0.0163329104618839,true,true,supported,supported
350,45,4,-0.10317098665422253,-0.04399139761690596,-0.11764019563580796,-0.024720393526136863,true,true,supported,supported
350,45,5,-0.15319977711001742,-0.025689770427007597,-0.1556323224851307,-0.03326750608379536,true,true,supported,supported
350,45,6,-0.1892100801178116,-0.049105916239101766,-0.1930186307839873,-0.04198413694927905,true,true,supported,supported
350,45,7,-0.2283313999943658,-0.04687954179636167,-0.22980045707614938,-0.050881040517256726,true,true,supported,supported
350,45,8,-0.27427359231703374,-0.06247653928240926,-0.2659806846811973,-0.059970459485548466,true,true,supported,supported
350,45,9,-0.30615895240840674,-0.08500871259569998,-0.30155597406893997,-0.06926441897520075,true,true,supported,supported
350,45,10,-0.33331935639537835,-0.0987216579422927,-0.3365279704284262,-0.07877753359023243,true,true,supported,supported
350,45,11,-0.3639208238321533,-0.08749845794614275,-0.3708921017696264,-0.08852443306015578,true,true,supported,supported
350,45,12,-0.410653942855159,-0.11650441057803929,-0.4046442293101673,-0.09852162071946047,true,true,supported,supported
350,45,13,-0.44059874551044,-0.13335078807322298,-0.437777672704159,-0.10878678435253109,true,true,supported,supported
350,45,14,-0.4708094111673473,-0.14467160403496904,-0.4702897722487094,-0.11934121888760929,true,true,supported,supported
350,45,15,-0.494368384551236,-0.1377463528981051,-0.5021706691835172,-0.13020662522333004,true,true,supported,supported
350,46,1,0.0,0.0,0.0,0.0,true,true,supported,supported
350,46,2,-0.050484867557619606,-0.015954464312285088,-0.03982806586113119,-0.008095634824816123,true,true,supported,supported
350,46,3,-0.09950601966783001,-0.03259101228670125,-0.07904011104729458,-0.0163329104618839,true,true,supported,supported
350,46,4,-0.11228918037745772,-0.010845989740645101,-0.11764019563580796,-0.024720393526136863,true,true,supported,supported
350,46,5,-0.13643433367836733,-0.027231723006305275,-0.1556323224851307,-0.03326750608379536,true,true,supported,supported
350,46,6,-0.18692199649125607,-0.03993055987577321,-0.1930186307839873,-0.04198413694927905,true,true,supported,supported
350,46,7,-0.23981394121778832,-0.04973177022972697,-0.22980045707614938,-0.050881040517256726,true,true,supported,supported
350,46,8,-0.29729544963192556,-0.07054636473422271,-0.2659806846811973,-0.059970459485548466,true,true,supported,supported
350,46,9,-0.30489278781974405,-0.07067641947416137,-0.30155597406893997,-0.06926441897520075,true,true,supported,supported
350,46,10,-0.3452717078321089,-0.08969100479513636,-0.3365279704284262,-0.07877753359023243,true,true,supported,supported
350,46,11,-0.36944346534534334,-0.09309126264619294,-0.3708921017696264,-0.08852443306015578,true,true,supported,supported
350,46,12,-0.41096604812742843,-0.1009350125315438,-0.4046442293101673,-0.09852162071946047,true,true,supported,supported
350,46,13,-0.45035420284411043,-0.11072100805941965,-0.437777672704159,-0.10878678435253109,true,true,supported,supported
350,46,14,-0.4839290749190017,-0.11799905986617798,-0.4702897722487094,-0.11934121888760929,true,true,supported,supported
350,46,15,-0.5162754282054937,-0.14266794873291455,-0.5021706691835172,-0.13020662522333004,true,true,supported,supported
350,47,1,0.0,0.0,0.0,0.0,true,true,supported,supported
350,47,2,-0.04867873912192655,0.005177673059836074,-0.03982806586113119,-0.008095634824816123,true,true,supported,supported
350,47,3,-0.051926102905896276,0.010583291745266399,-0.07904011104729458,-0.0163329104618839,true,true,supported,supported
350,47,4,-0.10349688457159323,-0.018545079849850765,-0.11764019563580796,-0.024720393526136863,true,true,supported,supported
350,47,5,-0.1430081796648005,-0.006715411491286627,-0.1556323224851307,-0.03326750608379536,true,true,supported,supported
350,47,6,-0.18025495229352095,-0.019746411083039983,-0.1930186307839873,-0.04198413694927905,true,true,supported,supported
350,47,7,-0.21434081984335285,-0.03769372466419196,-0.22980045707614938,-0.050881040517256726,true,true,supported,supported
350,47,8,-0.25648137668201665,-0.027501725133582622,-0.2659806846811973,-0.059970459485548466,true,true,supported,supported
350,47,9,-0.2624293409315658,-0.03090407418659502,-0.30155597406893997,-0.06926441897520075,true,true,supported,supported
350,47,10,-0.32681730047103563,-0.04571275040185485,-0.3365279704284262,-0.07877753359023243,true,true,supported,supported
350,47,11,-0.3409663475887327,-0.0597251486778424,-0.3708921017696264,-0.08852443306015578,true,true,supported,supported
350,47,12,-0.4038030501347024,-0.08825908180799358,-0.4046442293101673,-0.09852162071946047,true,true,supported,supported
350,47,13,-0.4242606067859539,-0.09168853674697475,-0.437777672704159,-0.10878678435253109,true,true,supported,supported
350,47,14,-0.4601288368758184,-0.09147367204123247,-0.4702897722487094,-0.11934121888760929,true,true,supported,supported
350,47,15,-0.49706541651063224,-0.12153971255438101,-0.5021706691835172,-0.13020662522333004,true,true,supported,supported
350,48,1,0.0,0.0,0.0,0.0,true,true,supported,supported
350,48,2,-0.026920902563114635,0.0006493450040739868,-0.03982806586113119,-0.008095634824816123,true,true,supported,supported
350,48,3,-0.06823749761604536,-0.013756417621702322,-0.07904011104729458,-0.0163329104618839,true,true,supported,supported
350,48,4,-0.1202407353462841,-0.016349035001363865,-0.11764019563580796,-0.024720393526136863,true,true,supported,supported
350,48,5,-0.13174500281534873,-0.022257759151204093,-0.1556323224851307,-0.03326750608379536,true,true,supported,supported
350,48,6,-0.16298118426219899,-0.0021182370520944627,-0.1930186307839873,-0.04198413694927905,true,true,supported,supported
350,48,7,-0.22389223818320092,-0.041042493945173675,-0.22980045707614938,-0.050881040517256726,true,true,supported,supported
350,48,8,-0.24274005744682858,-0.02156297429431364,-0.2659806846811973,-0.059970459485548466,true,true,supported,supported
350,48,9,-0.28760438320147963,-0.0529737445811892,-0.30155597406893997,-0.06926441897520075,true,true,supported,supported
350,48,10,-0.33817356126092035,-0.08733864274944436,-0.3365279704284262,-0.07877753359023243,true,true,supported,supported
350,48,11,-0.35630166162021804,-0.06796689104146036,-0.3708921017696264,-0.08852443306015578,true,true,supported,supported
350,48,12,-0.39261111109662616,-0.09821999415807581,-0.4046442293101673,-0.09852162071946047,true,true,supported,supported
350,48,13,-0.4387751407825784,-0.09578234357702087,-0.437777672704159,-0.10878678435253109,true,true,supported,supported
350,48,14,-0.45879707197382136,-0.11006680494385956,-0.4702897722487094,-0.11934121888760929,true,true,supported,supported
350,48,15,-0.48189075006896487,-0.11633165792850009,-0.5021706691835172,-0.13020662522333004,true,true,supported,supported
350,49,1,0.0,0.0,0.0,0.0,true,true,supported,supported
350,49,2,-0.05280903030248463,-0.0018797804883499136,-0.03982806586113119,-0.008095634824816123,true,true,supported,supported
350,49,3,-0.07815194012487281,-0.016043442353829596,-0.07904011104729458,-0.0163329104618839,true,true,supported,supported
350,49,4,-0.12900531434792373,-0.02181700432389788,-0.11764019563580796,-0.024720393526136863,true,true,supported,supported
350,49,5,-0.15917847914726124,-0.034289202895691706,-0.1556323224851307,-0.03326750608379536,true,true,supported,supported
350,49,6,-0.20477769404118806,-0.06011526183095395,-0.1930186307839873,-0.04198413694927905,true,true,supported,supported
350,49,7,-0.2359613446131522,-0.04897489199035521,-0.22980045707614938,-0.050881040517256726,true,true,supported,supported
350,49,8,-0.27526841781052314,-0.07244664030017145,-0.2659806846811973,-0.059970459485548466,true,true,supported,supported
350,49,9,-0.31657078429559127,-0.06754241500613789,-0.30155597406893997,-0.06926441897520075,true,true,supported,supported
350,49,10,-0.34064121696562766,-0.07011142561603323,-0.3365279704284262,-0.07877753359023243,true,true,supported,supported
350,49,11,-0.3868721264642516,-0.09684740823201554,-0.3708921017696264,-0.08852443306015578,true,true,supported,supported
350,49,12,-0.4018494289337907,-0.07688401107765042,-0.4046442293101673,-0.09852162071946047,true,true,supported,supported
350,49,13,-0.45258277645963085,-0.10925176541614234,-0.437777672704159,-0.10878678435253109,true,true,supported,supported
350,49,14,-0.4857386507245357,-0.16022910398974188,-0.4702897722487094,-0.11934121888760929,true,true,supported,supported
350,49,15,-0.5093441516617375,-0.12684847788271902,-0.5021706691835172,-0.13020662522333004,true,true,supported,supported
350,50,1,0.0,0.0,0.0,0.0,true,true,supported,supported
350,50,2,-0.025759826442268707,0.002134287712499461,-0.03982806586113119,-0.008095634824816123,true,true,supported,supported
350,50,3,-0.06676088401179803,-0.009641773552848565,-0.07904011104729458,-0.0163329104618839,true,true,supported,supported
350,50,4,-0.10638381531918051,0.0017316800395154042,-0.11764019563580796,-0.024720393526136863,true,true,supported,supported
350,50,5,-0.13573089952105766,-0.009427513467514692,-0.1556323224851307,-0.03326750608379536,true,true,supported,supported
350,50,6,-0.1627262410717356,-0.02818463878907751,-0.1930186307839873,-0.04198413694927905,true,true,supported,supported
350,50,7,-0.21775871878393027,-0.04702855072017975,-0.22980045707614938,-0.050881040517256726,true,true,supported,supported
350,50,8,-0.26612736044105767,-0.04877012854104701,-0.2659806846811973,-0.059970459485548466,true,true,supported,supported
350,50,9,-0.31325422416834214,-0.07163047257241495,-0.30155597406893997,-0.06926441897520075,true,true,supported,supported
350,50,10,-0.3164148479898329,-0.050663659783642956,-0.3365279704284262,-0.07877753359023243,true,true,supported,supported
350,50,11,-0.3554032326345199,-0.08639868540525808,-0.3708921017696264,-0.08852443306015578,true,true,supported,supported
350,50,12,-0.37954067665782376,-0.07355602975729625,-0.4046442293101673,-0.09852162071946047,true,true,supported,supported
350,50,13,-0.42674659999059683,-0.07655134092642923,-0.437777672704159,-0.10878678435253109,true,true,supported,supported
350,50,14,-0.455876431181514,-0.10637757377176382,-0.4702897722487094,-0.11934121888760929,true,true,supported,supported
350,50,15,-0.4756358319883962,-0.11568261214737097,-0.5021706691835172,-0.13020662522333004,true,true,supported,supported
350,51,1,0.0,0.0,0.0,0.0,true,true,supported,supported
350,51,2,-0.057468093844501134,-0.011754995158553383,-0.03982806586113119,-0.008095634824816123,true,true,supported,supported
350,51,3,-0.07869292851093901,-0.026380787137782358,-0.07904011104729458,-0.0163329104618839,true,true,supported,supported
350,51,4,-0.1238989997265928,-0.027261723739633537,-0.11764019563580796,-0.024720393526136863,true,true,supported,supported
350,51,5,-0.1706029881341914,-0.044656828272965576,-0.1556323224851307,-0.03326750608379536,true,true,supported,supported
350,51,6,-0.1806166107384769,-0.051488544464704855,-0.1930186307839873,-0.04198413694927905,true,true,supported,supported
350,51,7,-0.2470647835033002,-0.0486832707209055,-0.22980045707614938,-0.050881040517256726,true,true,supported,supported
350,51,8,-0.2713104260868008,-0.059627451142614474,-0.2659806846811973,-0.059970459485548466,true,true,supported,supported
350,51,9,-0.3187551031408493,-0.05593534015955104,-0.30155597406893997,-0.06926441897520075,true,true,supported,supported
350,51,10,-0.3427725669580982,-0.07905628487762695,-0.3365279704284262,-0.07877753359023243,true,true,supported,supported
350,51,11,-0.3725171709438795,-0.08706428607617867,-0.3708921017696264,-0.08852443306015578,true,true,supported,supported
350,51,12,-0.4006832447845501,-0.08226237538975156,-0.4046442293101673,-0.09852162071946047,true,true,supported,supported
350,51,13,-0.45173586130820353,-0.12683550899260754,-0.437777672704159,-0.10878678435253109,true,true,supported,supported
350,51,14,-0.4851194517941658,-0.11915924949548451,-0.4702897722487094,-0.11934121888760929,true,true,supported,supported
350,51,15,-0.5122777178071541,-0.1474361499665816,-0.5021706691835172,-0.13020662522333004,true,true,supported,supported
350,52,1,0.0,0.0,0.0,0.0,true,true,supported,supported
350,52,2,-0.028323643295827816,-0.000291114020704919,-0.03982806586113119,-0.008095634824816123,true,true,supported,supported
350,52,3,-0.07052281764447221,-0.02820201393968902,-0.07904011104729458,-0.0163329104618839,true,true,supported,supported
350,52,4,-0.12011074638442376,-0.007884214540307966,-0.11764019563580796,-0.024720393526136863,true,true,supported,supported
350,52,5,-0.13065684878574801,-0.025012786760188033,-0.1556323224851307,-0.03326750608379536,true,true,supported,supported
350,52,6,-0.1702447722327094,-0.02873468398746637,-0.1930186307839873,-0.04198413694927905,true,true,supported,supported
350,52,7,-0.21469673713618842,-0.04291455168229452,-0.22980045707614938,-0.050881040517256726,true,true,supported,supported
350,52,8,-0.25252729202456203,-0.048376432512051704,-0.2659806846811973,-0.059970459485548466,true,true,supported,supported
350,52,9,-0.2995385081229055,-0.07051358023850418,-0.30155597406893997,-0.06926441897520075,true,true,supported,supported
350,52,10,-0.3241661210149318,-0.07002212004729202,-0.3365279704284262,-0.07877753359023243,true,true,supported,supported
350,52,11,-0.3570075157613454,-0.08742221219679669,-0.3708921017696264,-0.08852443306015578,true,true,supported,supported
350,52,12,-0.37690824662244815,-0.08913130729095253,-0.4046442293101673,-0.09852162071946047,true,true,supported,supported
350,52,13,-0.4199279123223223,-0.08081204989256507,-0.437777672704159,-0.10878678435253109,true,true,supported,supported
350,52,14,-0.46135410507805463,-0.11538232583338215,-0.4702897722487094,-0.11934121888760929,true,true,supported,supported
350,52,15,-0.4926696503487687,-0.13497701369070525,-0.5021706691835172,-0.13020662522333004,true,true,supported,supported
350,53,1,0.0,0.0,0.0,0.0,true,true,supported,supported
350,53,2,-0.037479385441388846,-0.0013570674119178783,-0.03982806586113119,-0.008095634824816123,true,true,supported,supported
350,53,3,-0.06573700998113718,-0.026405809469054464,-0.07904011104729458,-0.0163329104618839,true,true,supported,supported
350,53,4,-0.1011722983585267,-0.00025822075410242284,-0.11764019563580796,-0.024720393526136863,true,true,supported,supported
350,53,5,-0.12652240790523528,-0.01579572803087681,-0.1556323224851307,-0.03326750608379536,true,true,supported,supported
350,53,6,-0.17106314134806755,-0.03977418632127894,-0.1930186307839873,-0.04198413694927905,true,true,supported,supported
350,53,7,-0.22502121339270542,-0.04513239890809473,-0.22980045707614938,-0.050881040517256726,true,true,supported,supported
350,53,8,-0.2617938060381946,-0.05451396514717133,-0.2659806846811973,-0.059970459485548466,true,true,supported,supported
350,53,9,-0.2965758928873006,-0.08654155218849391,-0.30155597406893997,-0.06926441897520075,true,true,supported,supported
350,53,10,-0.3448607215629357,-0.09847952059997955,-0.3365279704284262,-0.07877753359023243,true,true,supported,supported
350,53,11,-0.3735438768907038,-0.07954224483555106,-0.3708921017696264,-0.08852443306015578,true,true,supported,supported
350,53,12,-0.4063499642278715,-0.09758060430200799,-0.4046442293101673,-0.09852162071946047,true,true,supported,supported
350,53,13,-0.41640931040859297,-0.08143691425158661,-0.437777672704159,-0.10878678435253109,true,true,supported,supported
350,53,14,-0.4568443046417717,-0.11857837716255393,-0.4702897722487094,-0.11934121888760929,true,true,supported,supported
350,53,15,-0.49060605062528406,-0.1075004197087106,-0.5021706691835172,-0.13020662522333004,true,true,supported,supported
350,54,1,0.0,0.0,0.0,0.0,true,true,supported,supported
350,54,2,-0.04656754335007962,-0.027022498581415588,-0.03982806586113119,-0.008095634824816123,true,true,supported,supported
350,54,3,-0.08891456045062618,-0.02757794220653209,-0.07904011104729458,-0.0163329104618839,true,true,supported,supported
350,54,4,-0.13327039851455313,-0.030004024358308845,-0.11764019563580796,-0.024720393526136863,true,true,supported,supported
350,54,5,-0.18772936663106077,-0.0558182342300626,-0.1556323224851307,-0.03326750608379536,true,true,supported,supported
350,54,6,-0.21168900119878198,-0.0520886944793324,-0.1930186307839873,-0.04198413694927905,true,true,supported,supported
350,54,7,-0.24036667650676025,-0.0508987245788729,-0.22980045707614938,-0.050881040517256726,true,true,supported,supported
350,54,8,-0.2775033363436916,-0.06647941286570003,-0.2659806846811973,-0.059970459485548466,true,true,supported,supported
350,54,9,-0.3346449389548104,-0.0802235082073568,-0.30155597406893997,-0.06926441897520075,true,true,supported,supported
350,54,10,-0.34317073758178906,-0.08725778277270135,-0.3365279704284262,-0.07877753359023243,true,true,supported,supported
350,54,11,-0.36537543908407455,-0.10730312292449573,-0.3708921017696264,-0.08852443306015578,true,true,supported,supported
350,54,12,-0.4258309917381903,-0.1128617341132152,-0.4046442293101673,-0.09852162071946047,true,true,supported,supported
350,54,13,-0.4695505759117702,-0.1358396070853054,-0.437777672704159,-0.10878678435253109,true,true,supported,supported
350,54,14,-0.49138179528202075,-0.1450784570501451,-0.4702897722487094,-0.11934121888760929,true,true,supported,supported
350,54,15,-0.517180156810368,-0.1433690120158937,-0.5021706691835172,-0.13020662522333004,true,true,supported,supported
350,55,1,0.0,0.0,0.0,0.0,true,true,supported,supported
350,55,2,-0.021219442031813696,0.0174994750956059,-0.03982806586113119,-0.008095634824816123,true,true,supported,supported
350,55,3,-0.08123071160759643,-0.008324208399642208,-0.07904011104729458,-0.0163329104618839,true,true,supported,supported
350,55,4,-0.09977568523038471,-0.010796091978444222,-0.11764019563580796,-0.024720393526136863,true,true,supported,supported
350,55,5,-0.1623712924659968,-0.025704642415576795,-0.1556323224851307,-0.03326750608379536,true,true,supported,supported
350,55,6,-0.19171328050484693,-0.044133085671240524,-0.1930186307839873,-0.04198413694927905,true,true,supported,supported
350,55,7,-0.22937561318519206,-0.055361461428027336,-0.22980045707614938,-0.050881040517256726,true,true,supported,supported
350,55,8,-0.2665321724333035,-0.04879899422006573,-0.2659806846811973,-0.059970459485548466,true,true,supported,supported
350,55,9,-0.28607186903704473,-0.057975411312266245,-0.30155597406893997,-0.06926441897520075,true,true,supported,supported
350,55,10,-0.3125971247203735,-0.044172966200429986,-0.3365279704284262,-0.07877753359023243,true,true,supported,supported
350,55,11,-0.3622885418315369,-0.0815727045229856,-0.3708921017696264,-0.08852443306015578,true,true,supported,supported
350,55,12,-0.40292984952878863,-0.09879069687411413,-0.4046442293101673,-0.09852162071946047,true,true,supported,supported
350,55,13,-0.4165274677743728,-0.09910575210954387,-0.437777672704159,-0.10878678435253109,true,true,supported,supported
350,55,14,-0.44660517708788083,-0.07355416755535027,-0.4702897722487094,-0.11934121888760929,true,true,supported,supported
350,55,15,-0.49057219162557314,-0.13606038572656687,-0.5021706691835172,-0.13020662522333004,true,true,supported,supported
350,56,1,0.0,0.0,0.0,0.0,true,true,supported,supported
350,56,2,-0.05054019174682389,0.006915674125065996,-0.03982806586113119,-0.008095634824816123,true,true,supported,supported
350,56,3,-0.08111642974524014,-0.0018840476602176581,-0.07904011104729458,-0.0163329104618839,true,true,supported,supported
350,56,4,-0.13208794805278468,-0.0194083438963516,-0.11764019563580796,-0.024720393526136863,true,true,supported,supported
350,56,5,-0.16444668702029808,-0.006841792126898838,-0.1556323224851307,-0.03326750608379536,true,true,supported,supported
350,56,6,-0.21816401266014496,-0.04194838268809753,-0.1930186307839873,-0.04198413694927905,true,true,supported,supported
350,56,7,-0.22707935657095613,-0.038034411757490005,-0.22980045707614938,-0.050881040517256726,true,true,supported,supported
350,56,8,-0.2595917910845643,-0.04614834030356485,-0.2659806846811973,-0.059970459485548466,true,true,supported,supported
350,56,9,-0.3047437780408987,-0.05344122609137991,-0.30155597406893997,-0.06926441897520075,true,true,supported,supported
350,56,10,-0.3301655782088463,-0.07291881095225428,-0.3365279704284262,-0.07877753359023243,true,true,supported,supported
350,56,11,-0.3733307291920822,-0.0741363673965657,-0.3708921017696264,-0.08852443306015578,true,true,supported,supported
350,56,12,-0.4101889942390259,-0.07567191250679228,-0.4046442293101673,-0.09852162071946047,true,true,supported,supported
350,56,13,-0.43643454352393396,-0.08720272893971603,-0.437777672704159,-0.10878678435253109,true,true,supported,supported
350,56,14,-0.4671624433458377,-0.11753195272870309,-0.4702897722487094,-0.11934121888760929,true,true,supported,supported
350,56,15,-0.49530606233951047,-0.13186490111605043,-0.5021706691835172,-0.13020662522333004,true,true,supported,supported
350,57,1,0.0,0.0,0.0,0.0,true,true,supported,supported
350,57,2,-0.038189806246039626,0.007852194990640604,-0.03982806586113119,-0.008095634824816123,true,true,supported,supported
350,57,3,-0.09177181575586935,-0.007255290162769046,-0.07904011104729458,-0.0163329104618839,true,true,supported,supported
350,57,4,-0.12098988809903066,-0.02585303908923886,-0.11764019563580796,-0.024720393526136863,true,true,supported,supported
350,57,5,-0.15136551383067887,-0.02117855889990461,-0.1556323224851307,-0.03326750608379536,true,true,supported,supported
350,57,6,-0.18602575742555794,-0.02868623639286727,-0.1930186307839873,-0.04198413694927905,true,true,supported,supported
350,57,7,-0.23299586239377856,-0.04447874967373833,-0.22980045707614938,-0.050881040517256726,true,true,supported,supported
350,57,8,-0.27372483570918904,-0.05234959988743826,-0.2659806846811973,-0.059970459485548466,true,true,supported,supported
350,57,9,-0.2959401775797845,-0.08250435577305171,-0.30155597406893997,-0.06926441897520075,true,true,supported,supported
350,57,10,-0.3325042941530234,-0.08691670182922251,-0.3365279704284262,-0.07877753359023243,true,true,supported,supported
350,57,11,-0.3765436056168653,-0.10352524533297924,-0.3708921017696264,-0.08852443306015578,true,true,supported,supported
350,57,12,-0.4096111706492068,-0.10201762236427647,-0.4046442293101673,-0.09852162071946047,true,true,supported,supported
350,57,13,-0.4319908681570833,-0.10320598901919065,-0.437777672704159,-0.10878678435253109,true,true,supported,supported
350,57,14,-0.471481632070492,-0.11480800561023374,-0.4702897722487094,-0.11934121888760929,true,true,supported,supported
350,57,15,-0.501923599926164,-0.12325034294325599,-0.5021706691835172,-0.13020662522333004,true,true,supported,supported
350,58,1,0.0,0.0,0.0,0.0,true,true,supported,supported
350,58,2,-0.01143448373697964,0.005462458794731395,-0.03982806586113119,-0.008095634824816123,true,true,supported,supported
350,58,3,-0.06634494112456735,0.019942661916441562,-0.07904011104729458,-0.0163329104618839,true,true,supported,supported
350,58,4,-0.10410541063353684,0.00641559500364719,-0.11764019563580796,-0.024720393526136863,true,true,supported,supported
350,58,5,-0.10998268653273702,0.017090414331188186,-0.1556323224851307,-0.03326750608379536,true,true,supported,supported
350,58,6,-0.16697292313112588,-0.017006356035356496,-0.1930186307839873,-0.04198413694927905,true,true,supported,supported
350,58,7,-0.1969113144200456,-0.033206898417963426,-0.22980045707614938,-0.050881040517256726,true,true,supported,supported
350,58,8,-0.24823867940935695,-0.03217458901407999,-0.2659806846811973,-0.059970459485548466,true,true,supported,supported
350,58,9,-0.28375055361678947,-0.027100508487292396,-0.30155597406893997,-0.06926441897520075,true,true,supported,supported
350,58,10,-0.32762698509585664,-0.07334282037235218,-0.3365279704284262,-0.07877753359023243,true,true,supported,supported
350,58,11,-0.3499062255346207,-0.09345276539620784,-0.3708921017696264,-0.08852443306015578,true,true,supported,supported
350,58,12,-0.3926801049284264,-0.07478583274963546,-0.4046442293101673,-0.09852162071946047,true,true,supported,supported
350,58,13,-0.41578952150948123,-0.07558438096049402,-0.437777672704159,-0.10878678435253109,true,true,supported,supported
350,58,14,-0.47382703302949547,-0.09992154866477554,-0.4702897722487094,-0.11934121888760929,true,true,supported,supported
350,58,15,-0.49251741146354944,-0.12118252116004002,-0.5021706691835172,-0.13020662522333004,true,true,supported,supported
350,59,1,0.0,0.0,0.0,0.0,true,true,supported,supported
350,59,2,-0.05848352600722917,0.0007008902397158678,-0.03982806586113119,-0.008095634824816123,true,true,supported,supported
350,59,3,-0.11548380291899207,-0.025121376832267117,-0.07904011104729458,-0.0163329104618839,true,true,supported,supported
350,59,4,-0.13146124566492656,-0.022499004949315782,-0.11764019563580796,-0.024720393526136863,true,true,supported,supported
350,59,5,-0.18201125736254464,-0.03415374465575727,-0.1556323224851307,-0.03326750608379536,true,true,supported,supported
350,59,6,-0.20962256885454977,-0.039988042443434346,-0.1930186307839873,-0.04198413694927905,true,true,supported,supported
350,59,7,-0.2609348382076765,-0.06045003730107601,-0.22980045707614938,-0.050881040517256726,true,true,supported,supported
350,59,8,-0.2955279900862119,-0.0785935053245157,-0.2659806846811973,-0.059970459485548466,true,true,supported,supported
350,59,9,-0.32156980148956416,-0.07510750019236068,-0.30155597406893997,-0.06926441897520075,true,true,supported,supported
350,59,10,-0.3513222439947876,-0.07262342252182763,-0.3365279704284262,-0.07877753359023243,true,true,supported,supported
350,59,11,-0.3908641792836809,-0.08735235352942061,-0.3708921017696264,-0.08852443306015578,true,true,supported,supported
350,59,12,-0.41459002461869965,-0.08501940134230268,-0.4046442293101673,-0.09852162071946047,true,true,supported,supported
350,59,13,-0.4662199977980127,-0.11003791270370922,-0.437777672704159,-0.10878678435253109,true,true,supported,supported
350,59,14,-0.5191261383021906,-0.15330275656911319,-0.4702897722487094,-0.11934121888760929,true,true,supported,supported
350,59,15,-0.5283652228569067,-0.14155449859016755,-0.5021706691835172,-0.13020662522333004,true,true,supported,supported
350,60,1,0.0,0.0,0.0,0.0,true,true,supported,supported
350,60,2,-0.043752748303634625,0.0021621136728585677,-0.03982806586113119,-0.008095634824816123,true,true,supported,supported
350,60,3,-0.08073927116693003,0.012647875253345209,-0.07904011104729458,-0.0163329104618839,true,true,supported,supported
350,60,4,-0.11172370033282397,0.004999564331429895,-0.11764019563580796,-0.024720393526136863,true,true,supported,supported
350,60,5,-0.17074228083820697,-0.04042626611070754,-0.1556323224851307,-0.03326750608379536,true,true,supported,supported
350,60,6,-0.19449877119641612,-0.03514439709408612,-0.1930186307839873,-0.04198413694927905,true,true,supported,supported
350,60,7,-0.24862319515696318,-0.04363786562631056,-0.22980045707614938,-0.050881040517256726,true,true,supported,supported
350,60,8,-0.2660722917198274,-0.04548094225333266,-0.2659806846811973,-0.059970459485548466,true,true,supported,supported
350,60,9,-0.32140853978161843,-0.08114716148295675,-0.30155597406893997,-0.06926441897520075,true,true,supported,supported
350,60,10,-0.3429513480299168,-0.0614457589518157,-0.3365279704284262,-0.07877753359023243,true,true,supported,supported
350,60,11,-0.36357757018051484,-0.08177959207948238,-0.3708921017696264,-0.08852443306015578,true,true,supported,supported
350,60,12,-0.4155987430467315,-0.09658033847203595,-0.4046442293101673,-0.09852162071946047,true,true,supported,supported
350,60,13,-0.44961323883495974,-0.06993450274198953,-0.437777672704159,-0.10878678435253109,true,true,supported,supported
350,60,14,-0.477104377368859,-0.12082547763371176,-0.4702897722487094,-0.11934121888760929,true,true,supported,supported
350,60,15,-0.5004731561307957,-0.11236788241445472,-0.5021706691835172,-0.13020662522333004,true,true,supported,supported
350,61,1,0.0,0.0,0.0,0.0,true,true,supported,supported
350,61,2,-0.046251332127794975,0.00043240194936466914,-0.03982806586113119,-0.008095634824816123,true,true,supported,supported
350,61,3,-0.09350338603434394,-0.03801757002486206,-0.07904011104729458,-0.0163329104618839,true,true,supported,supported
350,61,4,-0.12625150138638952,-0.046834175775550047,-0.11764019563580796,-0.024720393526136863,true,true,supported,supported
350,61,5,-0.1456481380357162,-0.038217511804527926,-0.1556323224851307,-0.03326750608379536,true,true,supported,supported
350,61,6,-0.19402611558216143,-0.05045058779307443,-0.1930186307839873,-0.04198413694927905,true,true,supported,supported
350,61,7,-0.22434593873349085,-0.06705755678739866,-0.22980045707614938,-0.050881040517256726,true,true,supported,supported
350,61,8,-0.26374445400164004,-0.06594418910805966,-0.2659806846811973,-0.059970459485548466,true,true,supported,supported
350,61,9,-0.2929780679514583,-0.07757155327310605,-0.30155597406893997,-0.06926441897520075,true,true,supported,supported
350,61,10,-0.3307635212802398,-0.08612329108187133,-0.3365279704284262,-0.07877753359023243,true,true,supported,supported
350,61,11,-0.36205736405160016,-0.08830646858594471,-0.3708921017696264,-0.08852443306015578,true,true,supported,supported
350,61,12,-0.4026783097067944,-0.09935459040185457,-0.4046442293101673,-0.09852162071946047,true,true,supported,supported
350,61,13,-0.43244045272072296,-0.13238126663823802,-0.437777672704159,-0.10878678435253109,true,true,supported,supported
350,61,14,-0.47263606707681416,-0.12072895198098865,-0.4702897722487094,-0.11934121888760929,true,true,supported,supported
350,61,15,-0.4773706259808288,-0.09740730920419438,-0.5021706691835172,-0.13020662522333004,true,true,supported,supported
350,62,1,0.0,0.0,0.0,0.0,true,true,supported,supported
350,62,2,-0.04623927741156375,-0.012653658984719374,-0.03982806586113119,-0.008095634824816123,true,true,supported,supported
350,62,3,-0.08342529906631435,-0.021196578961006907,-0.07904011104729458,-0.0163329104618839,true,true,supported,supported
350,62,4,-0.12907500095311641,-0.0254420023972024,-0.11764019563580796,-0.024720393526136863,true,true,supported,supported
350,62,5,-0.15934936595011417,-0.02918983975734024,-0.1556323224851307,-0.03326750608379536,true,true,supported,supported
350,62,6,-0.19689344999689495,-0.03182387281379473,-0.1930186307839873,-0.04198413694927905,true,true,supported,supported
350,62,7,-0.2295366338179866,-0.031865001402650694,-0.22980045707614938,-0.050881040517256726,true,true,supported,supported
350,62,8,-0.2586764567562846,-0.04782179671467601,-0.2659806846811973,-0.059970459485548466,true,true,supported,supported
350,62,9,-0.3031418290924459,-0.04966463102307184,-0.30155597406893997,-0.06926441897520075,true,true,supported,supported
350,62,10,-0.337252038205077,-0.06470130857691281,-0.3365279704284262,-0.07877753359023243,true,true,supported,supported
350,62,11,-0.38403689497898996,-0.08482522154913652,-0.3708921017696264,-0.08852443306015578,true,true,supported,supported
350,62,12,-0.39782782799666394,-0.09453963566346424,-0.4046442293101673,-0.09852162071946047,true,true,supported,supported
350,62,13,-0.4336904769665979,-0.09071961854296284,-0.437777672704159,-0.10878678435253109,true,true,supported,supported
350,62,14,-0.47919812069120415,-0.14021292795668483,-0.4702897722487094,-0.11934121888760929,true,true,supported,supported
350,62,15,-0.5028068362869967,-0.11673087367219459,-0.5021706691835172,-0.13020662522333004,true,true,supported,supported
350,63,1,0.0,0.0,0.0,0.0,true,true,supported,supported
350,63,2,-0.05544314623421076,-0.025475797840097014,-0.03982806586113119,-0.008095634824816123,true,true,supported,supported
350,63,3,-0.08246405885694474,-0.03743700985229803,-0.07904011104729458,-0.0163329104618839,true,true,supported,supported
350,63,4,-0.13002057419622381,-0.04136199826879594,-0.11764019563580796,-0.024720393526136863,true,true,supported,supported
350,63,5,-0.14413166140644196,-0.03593113311268026,-0.1556323224851307,-0.03326750608379536,true,true,supported,supported
350,63,6,-0.19205869676538423,-0.05005386918426613,-0.1930186307839873,-0.04198413694927905,true,true,supported,supported
350,63,7,-0.25346072994317437,-0.06688273978077608,-0.22980045707614938,-0.050881040517256726,true,true,supported,supported
350,63,8,-0.26706120239171616,-0.07626572664455467,-0.2659806846811973,-0.059970459485548466,true,true,supported,supported
350,63,9,-0.3075004449740678,-0.08133367746903764,-0.30155597406893997,-0.06926441897520075,true,true,supported,supported
350,63,10,-0.3300775856781907,-0.08540120140143737,-0.3365279704284262,-0.07877753359023243,true,true,supported,supported
350,63,11,-0.3757305776221106,-0.10002751099896123,-0.3708921017696264,-0.08852443306015578,true,true,supported,supported
350,63,12,-0.40930760050107085,-0.11498715389101355,-0.4046442293101673,-0.09852162071946047,true,true,supported,supported
350,63,13,-0.43133734870594875,-0.12121917131019644,-0.437777672704159,-0.10878678435253109,true,true,supported,supported
350,63,14,-0.49245024941238147,-0.13918641263354758,-0.4702897722487094,-0.11934121888760929,true,true,supported,supported
350,63,15,-0.5047435239754883,-0.1348172051925659,-0.5021706691835172,-0.13020662522333004,true,true,supported,supported
400,0,1,0.0,0.0,0.0,0.0,true,true,supported,supported
400,0,2,-0.04465412244527933,-0.01536976784412536,-0.04546743062120617,-0.009263535895236208,true,true,supported,supported
400,0,3,-0.10696542264121733,-0.014426128567782914,-0.09013118890064764,-0.018713661427476103,true,true,supported,supported
400,0,4,-0.14082981165085695,-0.02350203473791579,-0.13399646036816137,-0.028363255966455614,true,true,supported,supported
400,0,5,-0.18825429383296466,-0.054007775449924855,-0.17707012754902263,-0.03822704077541306,true,true,supported,supported
400,0,6,-0.25174673263303216,-0.06450618484933646,-0.2193529060667695,-0.048319987960583344,true,true,supported,supported
400,0,7,-0.26153300647006095,-0.068547328241779,-0.26084922894230167,-0.058659794241044616,true,true,supported,supported
400,0,8,-0.3108703007704151,-0.0603869940944336,-0.30155597406893997,-0.06926441897520075,true,true,supported,supported
400,0,9,-0.34433943742948825,-0.09628884751007949,-0.3414747286211718,-0.08015535356275927,true,true,supported,supported
400,0,10,-0.40960113746691973,-0.09474535860580624,-0.3805989483691493,-0.0913546916807021,true,true,supported,supported
400,0,11,-0.4301513866940996,-0.11938793754126409,-0.4189201794847023,-0.10288697636487121,true,true,supported,supported
400,0,12,-0.466104380228341,-0.13173560083078972,-0.4564316208000643,-0.11478077131055986,true,true,supported,supported
400,0,13,-0.5097447410332917,-0.1460861239303466,-0.49312724350451986,-0.12706926232843518,true,true,supported,supported
400,0,14,-0.555999156938632,-0.1625574407497301,-0.5289875569508773,-0.1397860715805559,true,true,supported,supported
400,0,15,-0.5773311839287782,-0.1879081315783303,-0.564001257722832,-0.15297341013444687,true,true,supported,supported
400,1,1,0.0,0.0,0.0,0.0,true,true,supported,supported
400,1,2,-0.05623583171618196,-0.02127872370686823,-0.04546743062120617,-0.009263535895236208,true,true,supported,supported
400,1,3,-0.09757491342489111,-0.018537961542729353,-0.09013118890064764,-0.018713661427476103,true,true,supported,supported
400,1,4,-0.14772473537028252,-0.033753658374529705,-0.13399646036816137,-0.028363255966455614,true,true,supported,supported
400,1,5,-0.17075973790480892,-0.05059850910315167,-0.17707012754902263,-0.03822704077541306,true,true,supported,supported
400,1,6,-0.2395475569163117,-0.0440359018024975,-0.2193529060667695,-0.048319987960583344,true,true,supported,supported
400,1,7,-0.268980442565651,-0.06396417637036467,-0.26084922894230167,-0.058659794241044616,true,true,supported,supported
400,1,8,-0.31344972857590503,-0.07030854307104539,-0.30155597406893997,-0.06926441897520075,true,true,supported,supported
400,1,9,-0.3471109596284946,-0.09036656270487164,-0.3414747286211718,-0.08015535356275927,true,true,supported,supported
400,1,10,-0.3968585735250507,-0.10260653124123731,-0.3805989483691493,-0.0913546916807021,true,true,supported,supported
400,1,11,-0.4311737273913414,-0.12141420895745991,-0.4189201794847023,-0.10288697636487121,true,true,supported,supported
400,1,12,-0.48071264974048844,-0.13419157999534492,-0.4564316208000643,-0.11478077131055986,true,true,supported,supported
400,1,13,-0.531936509485065,-0.1604012867584368,-0.49312724350451986,-0.12706926232843518,true,true,supported,supported
400,1,14,-0.5535402136436043,-0.16933418961283475,-0.5289875569508773,-0.1397860715805559,true,true,supported,supported
400,1,15,-0.5743445279919858,-0.15454998550660426,-0.564001257722832,-0.15297341013444687,true,true,supported,supported
400,2,1,0.0,0.0,0.0,0.0,true,true,supported,supported
400,2,2,-0.038987257331087766,-0.00108080231011487,-0.04546743062120617,-0.009263535895236208,true,true,supported,supported
400,2,3,-0.073307186383889,-0.009048097126293841,-0.09013118890064764,-0.018713661427476103,true,true,supported,supported
400,2,4,-0.11066814039121198,-0.008491243617172572,-0.13399646036816137,-0.028363255966455614,true,true,supported,supported
400,2,5,-0.18623083146564579,-0.04309044497129089,-0.17707012754902263,-0.03822704077541306,true,true,supported,supported
400,2,6,-0.2005853029581124,-0.044837098356513394,-0.2193529060667695,-0.048319987960583344,true,true,supported,supported
400,2,7,-0.25696943519694937,-0.06638926144783042,-0.26084922894230167,-0.058659794241044616,true,true,supported,supported
400,2,8,-0.2934919936892664,-0.0572692318681195,-0.30155597406893997,-0.06926441897520075,true,true,supported,supported
400,2,9,-0.3222097785187048,-0.06573641911906558,-0.3414747286211718,-0.08015535356275927,true,true,supported,supported
400,2,10,-0.3791630638204394,-0.09394793900375187,-0.3805989483691493,-0.0913546916807021,true,true,supported,supported
400,2,11,-0.4049692785865898,-0.06587687776625395,-0.4189201794847023,-0.10288697636487121,true,true,supported,supported
400,2,12,-0.4469376484795209,-0.11087522663488725,-0.4564316208000643,-0.11478077131055986,true,true,supported,supported
400,2,13,-0.4850150555572026,-0.12345185614837562,-0.49312724350451986,-0.12706926232843518,true,true,supported,supported
400,2,14,-0.5139262258794514,-0.13713404600770318,-0.5289875569508773,-0.1397860715805559,true,true,supported,supported
400,2,15,-0.5506207580602454,-0.15065961775507475,-0.564001257722832,-0.15297341013444687,true,true,supported,supported
400,3,1,0.0,0.0,0.0,0.0,true,true,supported,supported
400,3,2,-0.03747176642322547,0.013840748375188894,-0.04546743062120617,-0.009263535895236208,true,true,supported,supported
400,3,3,-0.07115836501335271,0.017145836547570292,-0.09013118890064764,-0.018713661427476103,true,true,supported,supported
400,3,4,-0.11969806474686628,-0.0105253061183469,-0.13399646036816137,-0.028363255966455614,true,true,supported,supported
400,3,5,-0.16650874986288977,-0.017914455990295064,-0.17707012754902263,-0.03822704077541306,true,true,supported,supported
400,3,6,-0.20499397761106009,-0.023087721145056528,-0.2193529060667695,-0.048319987960583344,true,true,supported,supported
400,3,7,-0.25988645553763856,-0.0314121365028599,-0.26084922894230167,-0.058659794241044616,true,true,supported,supported
400,3,8,-0.27590334781076453,-0.04310138260968577,-0.30155597406893997,-0.06926441897520075,true,true,supported,supported
400,3,9,-0.3356135728851616,-0.0484225852908875,-0.3414747286211718,-0.08015535356275927,true,true,supported,supported
400,3,10,-0.36385482054881735,-0.07748974128148356,-0.3805989483691493,-0.0913546916807021,true,true,supported,supported
400,3,11,-0.40086508042127456,-0.07485641451694625,-0.4189201794847023,-0.10288697636487121,true,true,supported,supported
400,3,12,-0.451081595483351,-0.09231043192779709,-0.4564316208000643,-0.11478077131055986,true,true,supported,supported
400,3,13,-0.4900774390844693,-0.12959167555924456,-0.49312724350451986,-0.12706926232843518,true,true,supported,supported
400,3,14,-0.5166399643171292,-0.11013152989488462,-0.5289875569508773,-0.1397860715805559,true,true,supported,supported
400,3,15,-0.5570878198530849,-0.11683068982296041,-0.564001257722832,-0.15297341013444687,true,true,supported,supported
400,4,1,0.0,0.0,0.0,0.0,true,true,supported,supported
400,4,2,-0.04045048427932385,0.00046527799288420546,-0.04546743062120617,-0.009263535895236208,true,true,supported,supported
400,4,3,-0.07635011637386957,-0.02118106497270933,-0.09013118890064764,-0.018713661427476103,true,true,supported,supported
400,4,4,-0.13240313586674757,-0.02076092217577985,-0.13399646036816137,-0.028363255966455614,true,true,supported,supported
400,4,5,-0.16344690312899512,-0.022275480587427787,-0.17707012754902263,-0.03822704077541306,true,true,supported,supported
400,4,6,-0.21156837099480208,-0.051493919597231486,-0.2193529060667695,-0.048319987960583344,true,true,supported,supported
400,4,7,-0.26060053487739865,-0.07052560497864524,-0.26084922894230167,-0.058659794241044616,true,true,supported,supported
400,4,8,-0.29699514076465794,-0.07025880795079797,-0.30155597406893997,-0.06926441897520075,true,true,supported,supported
400,4,9,-0.3301041675158133,-0.06551146652211881,-0.3414747286211718,-0.08015535356275927,true,true,supported,supported
400,4,10,-0.37114725650644687,-0.0732740257936021,-0.3805989483691493,-0.0913546916807021,true,true,supported,supported
400,4,11,-0.4042676594234018,-0.10999342929572475,-0.4189201794847023,-0.10288697636487121,true,true,supported,supported
400,4,12,-0.43911472691440157,-0.11079545181335926,-0.4564316208000643,-0.11478077131055986,true,true,supported,supported
400,4,13,-0.4898443174435932,-0.1134954601139947,-0.49312724350451986,-0.12706926232843518,true,true,supported,supported
400,4,14,-0.4995032062390052,-0.11913939001909313,-0.5289875569508773,-0.1397860715805559,true,true,supported,supported
400,4,15,-0.5571078144078934,-0.1675857596909709,-0.564001257722832,-0.15297341013444687,true,true,supported,supported
400,5,1,0.0,0.0,0.0,0.0,true,true,supported,supported
400,5,2,-0.023348896501928396,-0.0022460217786425263,-0.04546743062120617,-0.009263535895236208,true,true,supported,supported
400,5,3,-0.0763132799057411,-0.009899450332925386,-0.09013118890064764,-0.018713661427476103,true,true,supported,supported
400,5,4,-0.0951762243972788,-0.010942645644529514,-0.13399646036816137,-0.028363255966455614,true,true,supported,supported
400,5,5,-0.17676877444402406,-0.055088765661812644,-0.17707012754902263,-0.03822704077541306,true,true,supported,supported
400,5,6,-0.21067855454685125,-0.044113580999559865,-0.2193529060667695,-0.048319987960583344,true,true,supported,supported
400,5,7,-0.25152902618937534,-0.06344492695758253,-0.26084922894230167,-0.058659794241044616,true,true,supported,supported
400,5,8,-0.3014642893937719,-0.058142148209250566,-0.30155597406893997,-0.06926441897520075,true,true,supported,supported
400,5,9,-0.33318691863662264,-0.08275079113694239,-0.3414747286211718,-0.08015535356275927,true,true,supported,supported
400,5,10,-0.3642837976984332,-0.10404968062124542,-0.3805989483691493,-0.0913546916807021,true,true,supported,supported
400,5,11,-0.39106376709201796,-0.10793338046205148,-0.4189201794847023,-0.10288697636487121,true,true,supported,supported
400,5,12,-0.4388649125510413,-0.13784314415800114,-0.4564316208000643,-0.11478077131055986,true,true,supported,supported
400,5,13,-0.49333120985013235,-0.11058994519789966,-0.49312724350451986,-0.12706926232843518,true,true,supported,supported
400,5,14,-0.5145276808882036,-0.14295196106690833,-0.5289875569508773,-0.1397860715805559,true,true,supported,supported
400,5,15,-0.5607990749116704,-0.14730515312650294,-0.564001257722832,-0.15297341013444687,true,true,supported,supported
400,6,1,0.0,0.0,0.0,0.0,true,true,supported,supported
400,6,2,-0.041523158187733444,-0.02048114736013973,-0.04546743062120617,-0.009263535895236208,true,true,supported,supported
400,6,3,-0.10530622114539179,-0.02904714024190569,-0.09013118890064764,-0.018713661427476103,true,true,supported,supported
400,6,4,-0.15270631900300424,-0.060050769995492526,-0.13399646036816137,-0.028363255966455614,true,true,supported,supported
400,6,5,-0.19959610989797516,-0.06631105708060125,-0.17707012754902263,-0.03822704077541306,true,true,supported,supported
400,6,6,-0.23247264137098633,-0.04853079504537816,-0.2193529060667695,-0.048319987960583344,true,true,supported,supported
400,6,7,-0.2766669832525075,-0.07261372529072974,-0.26084922894230167,-0.058659794241044616,true,true,supported,supported
400,6,8,-0.305165623804423,-0.0709064280237579,-0.30155597406893997,-0.06926441897520075,true,true,supported,supported
400,6,9,-0.3307637886816529,-0.07717539612800128,-0.3414747286211718,-0.08015535356275927,true,true,supported,supported
400,6,10,-0.39516607850605157,-0.09779391824972372,-0.3805989483691493,-0.0913546916807021,true,true,supported,supported
400,6,11,-0.4357523339129826,-0.1221124485808206,-0.4189201794847023,-0.10288697636487121,true,true,supported,supported
400,6,12,-0.451911731224261,-0.10538401496327632,-0.4564316208000643,-0.11478077131055986,true,true,supported,supported
400,6,13,-0.5100110158102481,-0.1543881045651171,-0.49312724350451986,-0.12706926232843518,true,true,supported,supported
400,6,14,-0.5417572755747075,-0.1447695458706828,-0.5289875569508773,-0.1397860715805559,true,true,supported,supported
400,6,15,-0.5693500204180038,-0.15782239436622447,-0.564001257722832,-0.15297341013444687,true,true,supported,supported
400,7,1,0.0,0.0,0.0,0.0,true,true,supported,supported
400,7,2,-0.04168690895015048,-0.010131399014325027,-0.04546743062120617,-0.009263535895236208,true,true,supported,supported
400,7,3,-0.07770980548016193,-0.021184115275228788,-0.09013118890064764,-0.018713661427476103,true,true,supported,supported
400,7,4,-0.13964580100091006,-0.02930876917277314,-0.13399646036816137,-0.028363255966455614,true,true,supported,supported
400,7,5,-0.16290978838494619,-0.025249546385154642,-0.17707012754902263,-0.03822704077541306,true,true,supported,supported
400,7,6,-0.22094500071149814,-0.05829356848380007,-0.2193529060667695,-0.048319987960583344,true,true,supported,supported
400,7,7,-0.27698771919506193,-0.05789365102288424,-0.26084922894230167,-0.058659794241044616,true,true,supported,supported
400,7,8,-0.30648585227072545,-0.07584567087701921,-0.30155597406893997,-0.06926441897520075,true,true,supported,supported
400,7,9,-0.34550533762552194,-0.08404758889068642,-0.3414747286211718,-0.08015535356275927,true,true,supported,supported
400,7,10,-0.3868516034527778,-0.08742023494180773,-0.3805989483691493,-0.0913546916807021,true,true,supported,supported
400,7,11,-0.4266637048734767,-0.08810833943654817,-0.4189201794847023,-0.10288697636487121,true,true,supported,supported
400,7,12,-0.4697326692229231,-0.11292176812475774,-0.4564316208000643,-0.11478077131055986,true,true,supported,supported
400,7,13,-0.48774482576173384,-0.12132406881680768,-0.49312724350451986,-0.12706926232843518,true,true,supported,supported
400,7,14,-0.5276806402212381,-0.1435102457674855,-0.5289875569508773,-0.1397860715805559,true,true,supported,supported
400,7,15,-0.5602758048206972,-0.16146900219412186,-0.564001257722832,-0.15297341013444687,true,true,supported,supported
400,8,1,0.0,0.0,0.0,0.0,true,true,supported,supported
400,8,2,-0.03881116100090343,0.007007625756791147,-0.04546743062120617,-0.009263535895236208,true,true,supported,supported
400,8,3,-0.08780787510720922,-0.008026604951838823,-0.09013118890064764,-0.018713661427476103,true,true,supported,supported
400,8,4,-0.14613526435207735,-0.0294104352471255,-0.13399646036816137,-0.028363255966455614,true,true,supported,supported
400,8,5,-0.20804479774067886,-0.06456317672926426,-0.17707012754902263,-0.03822704077541306,true,true,supported,supported
400,8,6,-0.24344582888266353,-0.053889098429780846,-0.2193529060667695,-0.048319987960583344,true,true,supported,supported
400,8,7,-0.2601371578949442,-0.051391114325918696,-0.26084922894230167,-0.058659794241044616,true,true,supported,supported
400,8,8,-0.3167572555417062,-0.06820001948077126,-0.30155597406893997,-0.06926441897520075,true,true,supported,supported
400,8,9,-0.3500881950553264,-0.07877337406129137,-0.3414747286211718,-0.08015535356275927,true,true,supported,supported
400,8,10,-0.39975759657567633,-0.10220946710835999,-0.3805989483691493,-0.0913546916807021,true,true,supported,supported
400,8,11,-0.43600042706037656,-0.0948827221628804,-0.4189201794847023,-0.10288697636487121,true,true,supported,supported
400,8,12,-0.45840335266353416,-0.12450120785486973,-0.4564316208000643,-0.11478077131055986,true,true,supported,supported
400,8,13,-0.5105272693419445,-0.12341327636181898,-0.49312724350451986,-0.12706926232843518,true,true,supported,supported
400,8,14,-0.5457485515664442,-0.17280731232704483,-0.5289875569508773,-0.1397860715805559,true,true,supported,supported
400,8,15,-0.5494793744935783,-0.16090362005086256,-0.564001257722832,-0.15297341013444687,true,true,supported,supported
400,9,1,0.0,0.0,0.0,0.0,true,true,supported,supported
400,9,2,-0.05340528085238927,-0.014266224646317327,-0.04546743062120617,-0.009263535895236208,true,true,supported,supported
400,9,3,-0.10513216970038863,-0.029880725543059095,-0.09013118890064764,-0.018713661427476103,true,true,supported,supported
400,9,4,-0.1455685281955652,-0.0251183652181709,-0.13399646036816137,-0.028363255966455614,true,true,supported,supported
400,9,5,-0.18663689882095236,-0.0382669281979624,-0.17707012754902263,-0.03822704077541306,true,true,supported,supported
400,9,6,-0.2302311231768127,-0.06327654454596132,-0.2193529060667695,-0.048319987960583344,true,true,supported,supported
400,9,7,-0.28000511032538244,-0.06794082080625041,-0.26084922894230167,-0.058659794241044616,true,true,supported,supported
400,9,8,-0.31613261277331295,-0.08196332650721116,-0.30155597406893997,-0.06926441897520075,true,true,supported,supported
400,9,9,-0.35576087066765016,-0.0985919622191298,-0.3414747286211718,-0.08015535356275927,true,true,supported,supported
400,9,10,-0.39529049558981755,-0.10706151698446675,-0.3805989483691493,-0.0913546916807021,true,true,supported,supported
400,9,11,-0.43778222173216363,-0.12149038320942329,-0.4189201794847023,-0.10288697636487121,true,true,supported,supported
400,9,12,-0.46617617181883164,-0.13900681465715548,-0.4564316208000643,-0.11478077131055986,true,true,supported,supported
400,9,13,-0.5118477028470776,-0.12518398424508437,-0.49312724350451986,-0.12706926232843518,true,true,supported,supported
400,9,14,-0.5289931337856781,-0.1469895494488883,-0.5289875569508773,-0.1397860715805559,true,true,supported,supported
400,9,15,-0.5634581424889841,-0.1302073176016474,-0.564001257722832,-0.15297341013444687,true,true,supported,supported
400,10,1,0.0,0.0,0.0,0.0,true,true,supported,supported
400,10,2,-0.02922398798138215,0.0030594702339644675,-0.04546743062120617,-0.009263535895236208,true,true,supported,supported
400,10,3,-0.08819741092324518,-0.0019197975110166743,-0.09013118890064764,-0.018713661427476103,true,true,supported,supported
400,10,4,-0.11556855344457528,-0.02077331082434275,-0.13399646036816137,-0.028363255966455614,true,true,supported,supported
400,10,5,-0.16811429006070555,-0.025410700802317,-0.17707012754902263,-0.03822704077541306,true,true,supported,supported
400,10,6,-0.2087518740115567,-0.044676110351570264,-0.2193529060667695,-0.048319987960583344,true,true,supported,supported
400,10,7,-0.2460240274154627,-0.05174979940839208,-0.26084922894230167,-0.058659794241044616,true,true,supported,supported
400,10,8,-0.28798398549789217,-0.05661137132390026,-0.30155597406893997,-0.06926441897520075,true,true,supported,supported
400,10,9,-0.33906401167666145,-0.06682006187316436,-0.3414747286211718,-0.08015535356275927,true,true,supported,supported
400,10,10,-0.37145953130391285,-0.09136130682564936,-0.3805989483691493,-0.0913546916807021,true,true,supported,supported
400,10,11,-0.40536857722598396,-0.08827197503125517,-0.4189201794847023,-0.10288697636487121,true,true,supported,supported
400,10,12,-0.44744469832697686,-0.11800175733787477,-0.4564316208000643,-0.11478077131055986,true,true,supported,supported
400,10,13,-0.46631515307822435,-0.10685012983644426,-0.49312724350451986,-0.12706926232843518,true,true,supported,supported
400,10,14,-0.5031086218586489,-0.11174326126470546,-0.5289875569508773,-0.1397860715805559,true,true,supported,supported
400,10,15,-0.5556109829244457,-0.14447560012505023,-0.564001257722832,-0.15297341013444687,true,true,supported,supported
400,11,1,0.0,0.0,0.0,0.0,true,true,supported,supported
400,11,2,-0.02998745674535719,0.007849839852272611,-0.04546743062120617,-0.009263535895236208,true,true,supported,supported
400,11,3,-0.07525979164952734,-0.02065088165645157,-0.09013118890064764,-0.018713661427476103,true,true,supported,supported
400,11,4,-0.14446081848446723,-0.025403014131744728,-0.13399646036816137,-0.028363255966455614,true,true,supported,supported
400,11,5,-0.17237132944817668,-0.047580040400311496,-0.17707012754902263,-0.03822704077541306,true,true,supported,supported
400,11,6,-0.22520755884887722,-0.055778754190410895,-0.2193529060667695,-0.048319987960583344,true,true,supported,supported
400,11,7,-0.24348942357938375,-0.06249309974633677,-0.26084922894230167,-0.058659794241044616,true,true,supported,supported
400,11,8,-0.30590110562674533,-0.08567946214168543,-0.30155597406893997,-0.06926441897520075,true,true,supported,supported
400,11,9,-0.33723326707769563,-0.07339464706308652,-0.3414747286211718,-0.08015535356275927,true,true,supported,supported
400,11,10,-0.38574916484904787,-0.09948323464188713,-0.3805989483691493,-0.0913546916807021,true,true,supported,supported
400,11,11,-0.4320904590920347,-0.11655065923717112,-0.4189201794847023,-0.10288697636487121,true,true,supported,supported
400,11,12,-0.4631780230637157,-0.12216631722529026,-0.4564316208000643,-0.11478077131055986,true,true,supported,supported
400,11,13,-0.4909668232122679,-0.1344190725038682,-0.49312724350451986,-0.12706926232843518,true,true,supported,supported
400,11,14,-0.5269336152757511,-0.1360600720733498,-0.5289875569508773,-0.1397860715805559,true,true,supported,supported
400,11,15,-0.5747112187385036,-0.15692970138549023,-0.564001257722832,-0.15297341013444687,true,true,supported,supported
400,12,1,0.0,0.0,0.0,0.0,true,true,supported,supported
400,12,2,-0.045831775682744214,-0.006080351447401822,-0.04546743062120617,-0.009263535895236208,true,true,supported,supported
400,12,3,-0.08052762927873591,-0.013067211416890712,-0.09013118890064764,-0.018713661427476103,true,true,supported,supported
400,12,4,-0.13501457932170247,-0.02155041470829655,-0.13399646036816137,-0.028363255966455614,true,true,supported,supported
400,12,5,-0.17205531840554533,-0.026959472346091973,-0.17707012754902263,-0.03822704077541306,true,true,supported,supported
400,12,6,-0.21626751195019323,-0.052238242858707595,-0.2193529060667695,-0.048319987960583344,true,true,supported,supported
400,12,7,-0.24307165354463434,-0.0512074946595269,-0.26084922894230167,-0.058659794241044616,true,true,supported,supported
400,12,8,-0.2880394824189245,-0.049989086314722764,-0.30155597406893997,-0.06926441897520075,true,true,supported,supported
400,12,9,-0.33919984733143715,-0.08704336938591961,-0.3414747286211718,-0.08015535356275927,true,true,supported,supported
400,12,10,-0.38482554303015637,-0.09505814257068534,-0.3805989483691493,-0.0913546916807021,true,true,supported,supported
400,12,11,-0.41793580135010455,-0.10354701732982952,-0.4189201794847023,-0.10288697636487121,true,true,supported,supported
400,12,12,-0.4405687415901448,-0.1202196288923606,-0.4564316208000643,-0.11478077131055986,true,true,supported,supported
400,12,13,-0.4945053888568007,-0.12741549287009102,-0.49312724350451986,-0.12706926232843518,true,true,supported,supported
400,12,14,-0.5131935068467756,-0.11693712728273564,-0.5289875569508773,-0.1397860715805559,true,true,supported,supported
400,12,15,-0.5380659530577885,-0.14995920396816265,-0.564001257722832,-0.15297341013444687,true,true,supported,supported
400,13,1,0.0,0.0,0.0,0.0,true,true,supported,supported
400,13,2,-0.05714638059486121,-0.008601533605933409,-0.04546743062120617,-0.009263535895236208,true,true,supported,supported
400,13,3,-0.09873100696985182,-0.014089980097055754,-0.09013118890064764,-0.018713661427476103,true,true,supported,supported
400,13,4,-0.13873602917846528,-0.009125671368429455,-0.13399646036816137,-0.028363255966455614,true,true,supported,supported
400,13,5,-0.17846792252589327,-0.02088093248716827,-0.17707012754902263,-0.03822704077541306,true,true,supported,supported
400,13,6,-0.21046422113514307,-0.04209717419094472,-0.2193529060667695,-0.048319987960583344,true,true,supported,supported
400,13,7,-0.2527032025157352,-0.04691248253093194,-0.26084922894230167,-0.058659794241044616,true,true,supported,supported
400,13,8,-0.29148905771488554,-0.05322019091156871,-0.30155597406893997,-0.06926441897520075,true,true,supported,supported
400,13,9,-0.3242470487486029,-0.06683687270486083,-0.3414747286211718,-0.08015535356275927,true,true,supported,supported
400,13,10,-0.36325350372271936,-0.055795821351001695,-0.3805989483691493,-0.0913546916807021,true,true,supported,supported
400,13,11,-0.4067495310196203,-0.08389628488870682,-0.4189201794847023,-0.10288697636487121,true,true,supported,supported
400,13,12,-0.4636619500698651,-0.09989077564120263,-0.4564316208000643,-0.11478077131055986,true,true,supported,supported
400,13,13,-0.4974126447816317,-0.12386305321027113,-0.49312724350451986,-0.12706926232843518,true,true,supported,supported
400,13,14,-0.5290784498727858,-0.1412895145407017,-0.5289875569508773,-0.1397860715805559,true,true,supported,supported
400,13,15,-0.5594476308531582,-0.15865657605868622,-0.564001257722832,-0.15297341013444687,true,true,supported,supported
400,14,1,0.0,0.0,0.0,0.0,true,true,supported,supported
400,14,2,-0.034402209668592754,-0.008106922590203514,-0.04546743062120617,-0.009263535895236208,true,true,supported,supported
400,14,3,-0.09944746513810654,-0.00273294218432818,-0.09013118890064764,-0.018713661427476103,true,true,supported,supported
400,14,4,-0.14977871986750824,-0.01224073053604613,-0.13399646036816137,-0.028363255966455614,true,true,supported,supported
400,14,5,-0.189418649203402,-0.0241908372701235,-0.17707012754902263,-0.03822704077541306,true,true,supported,supported
400,14,6,-0.24062404082813593,-0.0554131016273266,-0.2193529060667695,-0.048319987960583344,true,true,supported,supported
400,14,7,-0.2791402362000267,-0.05150009649451526,-0.26084922894230167,-0.058659794241044616,true,true,supported,supported
400,14,8,-0.2983725152454686,-0.0658201278919428,-0.30155597406893997,-0.06926441897520075,true,true,supported,supported
400,14,9,-0.35779345548029307,-0.06577795027252942,-0.3414747286211718,-0.08015535356275927,true,true,supported,supported
400,14,10,-0.3746662762160665,-0.08504971259847804,-0.3805989483691493,-0.0913546916807021,true,true,supported,supported
400,14,11,-0.41092163460513076,-0.07374181677547664,-0.4189201794847023,-0.10288697636487121,true,true,supported,supported
400,14,12,-0.47607112106227756,-0.10713407066365443,-0.4564316208000643,-0.11478077131055986,true,true,supported,supported
400,14,13,-0.5092292008739422,-0.126409966055963,-0.49312724350451986,-0.12706926232843518,true,true,supported,supported
400,14,14,-0.5394896310423715,-0.11112925034005083,-0.5289875569508773,-0.1397860715805559,true,true,supported,supported
400,14,15,-0.5788998992519645,-0.15310861885124405,-0.564001257722832,-0.15297341013444687,true,true,supported,supported
400,15,1,0.0,0.0,0.0,0.0,true,true,supported,supported
400,15,2,-0.02766411762349308,-0.005543724052336052,-0.04546743062120617,-0.009263535895236208,true,true,supported,supported
400,15,3,-0.08315320565945128,-0.0025217309489555806,-0.09013118890064764,-0.018713661427476103,true,true,supported,supported
400,15,4,-0.11607542585912312,-0.0014959588902976328,-0.13399646036816137,-0.028363255966455614,true,true,supported,supported
400,15,5,-0.1605525917313917,-0.03150921955089647,-0.17707012754902263,-0.03822704077541306,true,true,supported,supported
400,15,6,-0.21329221124713094,-0.03763486614532985,-0.2193529060667695,-0.048319987960583344,true,true,supported,supported
400,15,7,-0.25526409676255235,-0.054235029090838216,-0.26084922894230167,-0.058659794241044616,true,true,supported,supported
400,15,8,-0.28770644491541586,-0.05074946375516387,-0.30155597406893997,-0.06926441897520075,true,true,supported,supported
400,15,9,-0.31537161462841345,-0.0665660356809189,-0.3414747286211718,-0.08015535356275927,true,true,supported,supported
400,15,10,-0.3745387256877478,-0.0854220029489342,-0.3805989483691493,-0.0913546916807021,true,true,supported,supported
400,15,11,-0.40658569955896495,-0.08734267367477888,-0.4189201794847023,-0.10288697636487121,true,true,supported,supported
400,15,12,-0.43983255785091724,-0.11156956875206403,-0.4564316208000643,-0.11478077131055986,true,true,supported,supported
400,15,13,-0.4694025743144581,-0.11033914280622636,-0.49312724350451986,-0.12706926232843518,true,true,supported,supported
400,15,14,-0.5249658137571682,-0.13768264734145785,-0.5289875569508773,-0.1397860715805559,true,true,supported,supported
400,15,15,-0.5527777897449657,-0.14405223335916895,-0.564001257722832,-0.15297341013444687,true,true,supported,supported
400,16,1,0.0,0.0,0.0,0.0,true,true,supported,supported
400,16,2,-0.0422684151197813,-0.023696741770218965,-0.04546743062120617,-0.009263535895236208,true,true,supported,supported
400,16,3,-0.07623918551624487,-0.021642196049597606,-0.09013118890064764,-0.018713661427476103,true,true,supported,supported
400,16,4,-0.11661646568085593,-0.026391987622581436,-0.13399646036816137,-0.028363255966455614,true,true,supported,supported
400,16,5,-0.16594205358283753,-0.045888012454905036,-0.17707012754902263,-0.03822704077541306,true,true,supported,supported
400,16,6,-0.21457065489532268,-0.049883184589717855,-0.2193529060667695,-0.048319987960583344,true,true,supported,supported
400,16,7,-0.2664091460029846,-0.07228917236548482,-0.26084922894230167,-0.058659794241044616,true,true,supported,supported
400,16,8,-0.30539493247740224,-0.07815469792697105,-0.30155597406893997,-0.06926441897520075,true,true,supported,supported
400,16,9,-0.31912468271710215,-0.0561974982648189,-0.3414747286211718,-0.08015535356275927,true,true,supported,supported
400,16,10,-0.37155791139795413,-0.10585471593903495,-0.3805989483691493,-0.0913546916807021,true,true,supported,supported
400,16,11,-0.42139252810901306,-0.12708057185728372,-0.4189201794847023,-0.10288697636487121,true,true,supported,supported
400,16,12,-0.45140536743392967,-0.12848024700886707,-0.4564316208000643,-0.11478077131055986,true,true,supported,supported
400,16,13,-0.48606062478438183,-0.13507727961978833,-0.49312724350451986,-0.12706926232843518,true,true,supported,supported
400,16,14,-0.5369083802016095,-0.16351447297978794,-0.5289875569508773,-0.1397860715805559,true,true,supported,supported
400,16,15,-0.5655285079691552,-0.15021568435482613,-0.564001257722832,-0.15297341013444687,true,true,supported,supported
400,17,1,0.0,0.0,0.0,0.0,true,true,supported,supported
400,17,2,-0.043087688860123596,-0.0026442059673936757,-0.04546743062120617,-0.009263535895236208,true,true,supported,supported
400,17,3,-0.11153040835233319,-0.023064215289568812,-0.09013118890064764,-0.018713661427476103,true,true,supported,supported
400,17,4,-0.14259161377891905,-0.022930788880077935,-0.13399646036816137,-0.028363255966455614,true,true,supported,supported
400,17,5,-0.18095778413078012,-0.04061247304935611,-0.17707012754902263,-0.03822704077541306,true,true,supported,supported
400,17,6,-0.23353418494706302,-0.03756337529721876,-0.2193529060667695,-0.048319987960583344,true,true,supported,supported
400,17,7,-0.278225168561246,-0.05225478139424966,-0.26084922894230167,-0.058659794241044616,true,true,supported,supported
400,17,8,-0.32506223820879243,-0.07207134438856755,-0.30155597406893997,-0.06926441897520075,true,true,supported,supported
400,17,9,-0.36581190668561825,-0.08403700026652428,-0.3414747286211718,-0.08015535356275927,true,true,supported,supported
400,17,10,-0.3880637642625714,-0.11061720194554525,-0.3805989483691493,-0.0913546916807021,true,true,supported,supported
400,17,11,-0.4155366074457363,-0.10929938806080797,-0.4189201794847023,-0.10288697636487121,true,true,supported,supported
400,17,12,-0.4690694510802146,-0.11680027519887703,-0.4564316208000643,-0.11478077131055986,true,true,supported,supported
400,17,13,-0.49653362481972385,-0.12103201327808932,-0.49312724350451986,-0.12706926232843518,true,true,supported,supported
400,17,14,-0.5238703134628363,-0.1594760850669118,-0.5289875569508773,-0.1397860715805559,true,true,supported,supported
400,17,15,-0.5832118949329523,-0.15145196911084358,-0.564001257722832,-0.15297341013444687,true,true,supported,supported
400,18,1,0.0,0.0,0.0,0.0,true,true,supported,supported
400,18,2,-0.05788045935263553,-0.006661861826550819,-0.04546743062120617,-0.009263535895236208,true,true,supported,supported
400,18,3,-0.08696362484467124,-0.013148416852265199,-0.09013118890064764,-0.018713661427476103,true,true,supported,supported
400,18,4,-0.14303037441037514,-0.048022475019418476,-0.13399646036816137,-0.028363255966455614,true,true,supported,supported
400,18,5,-0.1746400849824895,-0.04869346272540165,-0.17707012754902263,-0.03822704077541306,true,true,supported,supported
400,18,6,-0.21347956609626495,-0.04206442295848978,-0.2193529060667695,-0.048319987960583344,true,true,supported,supported
400,18,7,-0.24705356446762827,-0.05399659412366653,-0.26084922894230167,-0.058659794241044616,true,true,supported,supported
400,18,8,-0.31321397593495603,-0.05895807417019627,-0.30155597406893997,-0.06926441897520075,true,true,supported,supported
400,18,9,-0.33065317953768936,-0.07349800573643195,-0.3414747286211718,-0.08015535356275927,true,true,supported,supported
400,18,10,-0.3611597204745891,-0.07229180158086401,-0.3805989483691493,-0.0913546916807021,true,true,supported,supported
400,18,11,-0.40811518476522,-0.10185473808944645,-0.4189201794847023,-0.10288697636487121,true,true,supported,supported
400,18,12,-0.4603677214366486,-0.11784701080825655,-0.4564316208000643,-0.11478077131055986,true,true,supported,supported
400,18,13,-0.4902762906607355,-0.11811047391733531,-0.49312724350451986,-0.12706926232843518,true,true,supported,supported
400,18,14,-0.52209789598833,-0.14721734980352585,-0.5289875569508773,-0.1397860715805559,true,true,supported,supported
400,18,15,-0.5610845469688159,-0.13385826569388048,-0.564001257722832,-0.15297341013444687,true,true,supported,supported
400,19,1,0.0,0.0,0.0,0.0,true,true,supported,supported
400,19,2,-0.023338645470599717,-0.0037525119749135527,-0.04546743062120617,-0.009263535895236208,true,true,supported,supported
400,19,3,-0.07556063030869997,-0.009054155804426811,-0.09013118890064764,-0.018713661427476103,true,true,supported,supported
400,19,4,-0.12901344629223188,-0.019275999098290142,-0.13399646036816137,-0.028363255966455614,true,true,supported,supported
400,19,5,-0.15952393474643456,-0.023303838985236136,-0.17707012754902263,-0.03822704077541306,true,true,supported,supported
400,19,6,-0.20008802734279874,-0.04086796599631126,-0.2193529060667695,-0.048319987960583344,true,true,supported,supported
400,19,7,-0.24469121074919187,-0.0631024377629712,-0.26084922894230167,-0.058659794241044616,true,true,supported,supported
400,19,8,-0.2945068386909646,-0.05555404489293758,-0.30155597406893997,-0.06926441897520075,true,true,supported,supported
400,19,9,-0.33790774877563434,-0.08122616239951674,-0.3414747286211718,-0.08015535356275927,true,true,supported,supported
400,19,10,-0.36826876456807944,-0.07763273171748897,-0.3805989483691493,-0.0913546916807021,true,true,supported,supported
400,19,11,-0.41669444599102146,-0.09764974637392876,-0.4189201794847023,-0.10288697636487121,true,true,supported,supported
400,19,12,-0.451141190901303,-0.1301644400613361,-0.4564316208000643,-0.11478077131055986,true,true,supported,supported
400,19,13,-0.4725121111044007,-0.12544956827502518,-0.49312724350451986,-0.12706926232843518,true,true,supported,supported
400,19,14,-0.5183976829115169,-0.11842697495182597,-0.5289875569508773,-0.1397860715805559,true,true,supported,supported
400,19,15,-0.5510823811846537,-0.1384760808762614,-0.564001257722832,-0.15297341013444687,true,true,supported,supported
400,20,1,0.0,0.0,0.0,0.0,true,true,supported,supported
400,20,2,-0.055638741859518226,-0.014951179751670374,-0.04546743062120617,-0.009263535895236208,true,true,supported,supported
400,20,3,-0.11767376722432277,-0.03164546065159268,-0.09013118890064764,-0.018713661427476103,true,true,supported,supported
400,20,4,-0.16834630241273318,-0.03153211481077578,-0.13399646036816137,-0.028363255966455614,true,true,supported,supported
400,20,5,-0.1787136188313918,-0.029931254491124992,-0.17707012754902263,-0.03822704077541306,true,true,supported,supported
400,20,6,-0.23605718410615162,-0.0412080491709389,-0.2193529060667695,-0.048319987960583344,true,true,supported,supported
400,20,7,-0.2502430444656778,-0.0379998335948305,-0.26084922894230167,-0.058659794241044616,true,true,supported,supported
400,20,8,-0.3155029936029158,-0.07818347397059633,-0.30155597406893997,-0.06926441897520075,true,true,supported,supported
400,20,9,-0.3416953357903104,-0.06762271180604595,-0.3414747286211718,-0.08015535356275927,true,true,supported,supported
400,20,10,-0.4065925623114356,-0.10613710708121438,-0.3805989483691493,-0.0913546916807021,true,true,supported,supported
400,20,11,-0.4230833086525799,-0.09617608773379083,-0.4189201794847023,-0.10288697636487121,true,true,supported,supported
400,20,12,-0.46827679287559343,-0.09884723881871482,-0.4564316208000643,-0.11478077131055986,true,true,supported,supported
400,20,13,-0.5052112613205607,-0.12593300563514875,-0.49312724350451986,-0.12706926232843518,true,true,supported,supported
400,20,14,-0.5281468536671804,-0.1113039943540679,-0.5289875569508773,-0.1397860715805559,true,true,supported,supported
400,20,15,-0.5788353688843991,-0.15253978841300986,-0.564001257722832,-0.15297341013444687,true,true,supported,supported
400,21,1,0.0,0.0,0.0,0.0,true,true,supported,supported
400,21,2,-0.048437531968812286,-0.007048796054974771,-0.04546743062120617,-0.009263535895236208,true,true,supported,supported
400,21,3,-0.08106442620437537,0.004855086970985134,-0.09013118890064764,-0.018713661427476103,true,true,supported,supported
400,21,4,-0.13351965803980093,-0.016243806072643197,-0.13399646036816137,-0.028363255966455614,true,true,supported,supported
400,21,5,-0.19137785624018822,-0.02444271536819409,-0.17707012754902263,-0.03822704077541306,true,true,supported,supported
400,21,6,-0.21135812915629681,-0.04380444442142528,-0.2193529060667695,-0.048319987960583344,true,true,supported,supported
400,21,7,-0.25756572592805427,-0.035279178338980866,-0.26084922894230167,-0.058659794241044616,true,true,supported,supported
400,21,8,-0.3022365040579017,-0.04742186554398753,-0.30155597406893997,-0.06926441897520075,true,true,supported,supported
400,21,9,-0.3221845271211605,-0.042125447408494,-0.3414747286211718,-0.08015535356275927,true,true,supported,supported
400,21,10,-0.37581259957546387,-0.05913264856073752,-0.3805989483691493,-0.0913546916807021,true,true,supported,supported
400,21,11,-0.407679064161259,-0.04605057302079052,-0.4189201794847023,-0.10288697636487121,true,true,supported,supported
400,21,12,-0.43426737642236535,-0.06450993019241358,-0.4564316208000643,-0.11478077131055986,true,true,supported,supported
400,21,13,-0.48916554451377603,-0.09458669417342458,-0.49312724350451986,-0.12706926232843518,true,true,supported,supported
400,21,14,-0.5323721556808771,-0.1237025451969368,-0.5289875569508773,-0.1397860715805559,true,true,supported,supported
400,21,15,-0.5731431050816654,-0.14719932370301503,-0.564001257722832,-0.15297341013444687,true,true,supported,supported
400,22,1,0.0,0.0,0.0,0.0,true,true,supported,supported
400,22,2,-0.050816116191668814,-0.01686342268692065,-0.04546743062120617,-0.009263535895236208,true,true,supported,supported
400,22,3,-0.09352103499412356,-0.03809706676850322,-0.09013118890064764,-0.018713661427476103,true,true,supported,supported
400,22,4,-0.13604840069153845,-0.04152120363780665,-0.13399646036816137,-0.028363255966455614,true,true,supported,supported
400,22,5,-0.17142339493651126,-0.03866101091208807,-0.17707012754902263,-0.03822704077541306,true,true,supported,supported
400,22,6,-0.20624617601033413,-0.05714631140042814,-0.2193529060667695,-0.048319987960583344,true,true,supported,supported
400,22,7,-0.25115755580673904,-0.05785716332521962,-0.26084922894230167,-0.058659794241044616,true,true,supported,supported
400,22,8,-0.302638316074033,-0.07811341277991701,-0.30155597406893997,-0.06926441897520075,true,true,supported,supported
400,22,9,-0.3460955427984007,-0.10158887032476649,-0.3414747286211718,-0.08015535356275927,true,true,supported,supported
400,22,10,-0.4007627367803209,-0.11195067099405043,-0.3805989483691493,-0.0913546916807021,true,true,supported,supported
400,22,11,-0.4237409069812518,-0.13558530954192838,-0.4189201794847023,-0.10288697636487121,true,true,supported,supported
400,22,12,-0.46954746723646246,-0.1380308828582908,-0.4564316208000643,-0.11478077131055986,true,true,supported,supported
400,22,13,-0.4874392135743115,-0.13985455393469948,-0.49312724350451986,-0.12706926232843518,true,true,supported,supported
400,22,14,-0.5371706647715132,-0.15986636208877703,-0.5289875569508773,-0.1397860715805559,true,true,supported,supported
400,22,15,-0.5566905674316498,-0.15623251741506872,-0.564001257722832,-0.15297341013444687,true,true,supported,supported
400,23,1,0.0,0.0,0.0,0.0,true,true,supported,supported
400,23,2,-0.060097826938370735,0.008083727324574186,-0.04546743062120617,-0.009263535895236208,true,true,supported,supported
400,23,3,-0.10562629639707133,-0.0335604734154169,-0.09013118890064764,-0.018713661427476103,true,true,supported,supported
400,23,4,-0.1615070119100881,-0.045528871543323746,-0.13399646036816137,-0.028363255966455614,true,true,supported,supported
400,23,5,-0.18104128466036584,-0.04170652257605256,-0.17707012754902263,-0.03822704077541306,true,true,supported,supported
400,23,6,-0.24249200092140277,-0.053775992337372513,-0.2193529060667695,-0.048319987960583344,true,true,supported,supported
400,23,7,-0.2533994958406164,-0.08081022207582977,-0.26084922894230167,-0.058659794241044616,true,true,supported,supported
400,23,8,-0.32293171874643434,-0.08008349461421505,-0.30155597406893997,-0.06926441897520075,true,true,supported,supported
400,23,9,-0.3366673881064717,-0.07739592814596541,-0.3414747286211718,-0.08015535356275927,true,true,supported,supported
400,23,10,-0.3849676484107811,-0.07827193525210818,-0.3805989483691493,-0.0913546916807021,true,true,supported,supported
400,23,11,-0.44617060130697006,-0.13582488155151817,-0.4189201794847023,-0.10288697636487121,true,true,supported,supported
400,23,12,-0.460315698006345,-0.1156276493624957,-0.4564316208000643,-0.11478077131055986,true,true,supported,supported
400,23,13,-0.5034428236540475,-0.13817773818601797,-0.49312724350451986,-0.12706926232843518,true,true,supported,supported
400,23,14,-0.5531031033422222,-0.16337357192331214,-0.5289875569508773,-0.1397860715805559,true,true,supported,supported
400,23,15,-0.5648066569346939,-0.16892194458268706,-0.564001257722832,-0.15297341013444687,true,true,supported,supported
400,24,1,0.0,0.0,0.0,0.0,true,true,supported,supported
400,24,2,-0.025143355823204927,0.0016243712264651933,-0.04546743062120617,-0.009263535895236208,true,true,supported,supported
400,24,3,-0.07578838907254037,-0.009431832244679361,-0.09013118890064764,-0.018713661427476103,true,true,supported,supported
400,24,4,-0.11802845923299476,-0.005458334247748331,-0.13399646036816137,-0.028363255966455614,true,true,supported,supported
400,24,5,-0.139294328057191,-0.012882371171901275,-0.17707012754902263,-0.03822704077541306,true,true,supported,supported
400,24,6,-0.18720791271845472,-0.03327330318784438,-0.2193529060667695,-0.048319987960583344,true,true,supported,supported
400,24,7,-0.2298759091570941,-0.03430419546896302,-0.26084922894230167,-0.058659794241044616,true,true,supported,supported
400,24,8,-0.2887491474346905,-0.06422865842405201,-0.30155597406893997,-0.06926441897520075,true,true,supported,supported
400,24,9,-0.3324111483249318,-0.07191148546544435,-0.3414747286211718,-0.08015535356275927,true,true,supported,supported
400,24,10,-0.3653406611392722,-0.07010773234215006,-0.3805989483691493,-0.0913546916807021,true,true,supported,supported
400,24,11,-0.39650478584519544,-0.08923399515239505,-0.4189201794847023,-0.10288697636487121,true,true,supported,supported
400,24,12,-0.43629561982621223,-0.06280554646081804,-0.4564316208000643,-0.11478077131055986,true,true,supported,supported
400,24,13,-0.47541368646537474,-0.11199698809453129,-0.49312724350451986,-0.12706926232843518,true,true,supported,supported
400,24,14,-0.5165662523404382,-0.12909882735953093,-0.5289875569508773,-0.1397860715805559,true,true,supported,supported
400,24,15,-0.5450615691585436,-0.1298352166731075,-0.564001257722832,-0.15297341013444687,true,true,supported,supported
400,25,1,0.0,0.0,0.0,0.0,true,true,supported,supported
400,25,2,-0.043848343948366564,-0.01651238171069558,-0.04546743062120617,-0.009263535895236208,true,true,supported,supported
400,25,3,-0.0714452044933157,-0.0016558344741176567,-0.09013118890064764,-0.018713661427476103,true,true,supported,supported
400,25,4,-0.1373806186106884,-0.0175669240359283,-0.13399646036816137,-0.028363255966455614,true,true,supported,supported
400,25,5,-0.18243439314680787,-0.0388890681998415,-0.17707012754902263,-0.03822704077541306,true,true,supported,supported
400,25,6,-0.221965201894461,-0.043216459160044574,-0.2193529060667695,-0.048319987960583344,true,true,supported,supported
400,25,7,-0.2575660485093916,-0.04537416918923398,-0.26084922894230167,-0.058659794241044616,true,true,supported,supported
400,25,8,-0.30679317003356643,-0.07280271147237904,-0.30155597406893997,-0.06926441897520075,true,true,supported,supported
400,25,9,-0.33733150967253533,-0.07176593265617015,-0.3414747286211718,-0.08015535356275927,true,true,supported,supported
400,25,10,-0.394091235977198,-0.09504169403892615,-0.3805989483691493,-0.0913546916807021,true,true,supported,supported
400,25,11,-0.4240133718308563,-0.10139703818657597,-0.4189201794847023,-0.10288697636487121,true,true,supported,supported
400,25,12,-0.44886587603037387,-0.11396229963333704,-0.4564316208000643,-0.11478077131055986,true,true,supported,supported
400,25,13,-0.47488084841862965,-0.1203366392101134,-0.49312724350451986,-0.12706926232843518,true,true,supported,supported
400,25,14,-0.5377578617406408,-0.1473501947129061,-0.5289875569508773,-0.1397860715805559,true,true,supported,supported
400,25,15,-0.5779454040777974,-0.16527557108373392,-0.564001257722832,-0.15297341013444687,true,true,supported,supported
400,26,1,0.0,0.0,0.0,0.0,true,true,supported,supported
400,26,2,-0.07239460599948655,0.005569172737459049,-0.04546743062120617,-0.009263535895236208,true,true,supported,supported
400,26,3,-0.11574380537658446,-0.02740598352475443,-0.09013118890064764,-0.018713661427476103,true,true,supported,supported
400,26,4,-0.16492294236353855,-0.018388781334959137,-0.13399646036816137,-0.028363255966455614,true,true,supported,supported
400,26,5,-0.19502708132994329,-0.015333828566518548,-0.17707012754902263,-0.03822704077541306,true,true,supported,supported
400,26,6,-0.23960960654634,-0.04364447182343245,-0.2193529060667695,-0.048319987960583344,true,true,supported,supported
400,26,7,-0.2760167672467724,-0.042349207914231024,-0.26084922894230167,-0.058659794241044616,true,true,supported,supported
400,26,8,-0.31846437113220905,-0.05973557757750192,-0.30155597406893997,-0.06926441897520075,true,true,supported,supported
400,26,9,-0.36300180143772054,-0.05206055566654677,-0.3414747286211718,-0.08015535356275927,true,true,supported,supported
400,26,10,-0.4054882977948161,-0.07530297664166241,-0.3805989483691493,-0.0913546916807021,true,true,supported,supported
400,26,11,-0.45366363610190374,-0.10005954401510508,-0.4189201794847023,-0.10288697636487121,true,true,supported,supported
400,26,12,-0.5001124528435811,-0.1352804896006723,-0.4564316208000643,-0.11478077131055986,true,true,supported,supported
400,26,13,-0.5137174545455859,-0.11689064914667413,-0.49312724350451986,-0.12706926232843518,true,true,supported,supported
400,26,14,-0.5470045753605508,-0.132828343275053,-0.5289875569508773,-0.1397860715805559,true,true,supported,supported
400,26,15,-0.5956450382901072,-0.1527309630043372,-0.564001257722832,-0.15297341013444687,true,true,supported,supported
400,27,1,0.0,0.0,0.0,0.0,true,true,supported,supported
400,27,2,-0.04798699454858968,0.004767744674312069,-0.04546743062120617,-0.009263535895236208,true,true,supported,supported
400,27,3,-0.07764596237598387,-0.0017838557169795877,-0.09013118890064764,-0.018713661427476103,true,true,supported,supported
400,27,4,-0.1237282512682365,-0.020889347598106567,-0.13399646036816137,-0.028363255966455614,true,true,supported,supported
400,27,5,-0.18086692306153906,-0.019790153734085547,-0.17707012754902263,-0.03822704077541306,true,true,supported,supported
400,27,6,-0.2213171655761187,-0.05607461497163968,-0.2193529060667695,-0.048319987960583344,true,true,supported,supported
400,27,7,-0.2712380417345778,-0.05431601515539408,-0.26084922894230167,-0.058659794241044616,true,true,supported,supported
400,27,8,-0.3027872926743316,-0.05605969865550098,-0.30155597406893997,-0.06926441897520075,true,true,supported,supported
400,27,9,-0.3484057839429682,-0.08089225734409666,-0.3414747286211718,-0.08015535356275927,true,true,supported,supported
400,27,10,-0.3683524896597523,-0.1043722955447316,-0.3805989483691493,-0.0913546916807021,true,true,supported,supported
400,27,11,-0.4176758185192351,-0.09990429681925372,-0.4189201794847023,-0.10288697636487121,true,true,supported,supported
400,27,12,-0.45424240692873075,-0.11841011694525916,-0.4564316208000643,-0.11478077131055986,true,true,supported,supported
400,27,13,-0.49687206890941527,-0.1502026760687475,-0.49312724350451986,-0.12706926232843518,true,true,supported,supported
400,27,14,-0.525420264767452,-0.14771997819192484,-0.5289875569508773,-0.1397860715805559,true,true,supported,supported
400,27,15,-0.5561114561632889,-0.14345908648870664,-0.564001257722832,-0.15297341013444687,true,true,supported,supported
400,28,1,0.0,0.0,0.0,0.0,true,true,supported,supported
400,28,2,-0.06517229468660035,-0.021134634801827312,-0.04546743062120617,-0.009263535895236208,true,true,supported,supported
400,28,3,-0.10034554075174318,-0.02043859839802009,-0.09013118890064764,-0.018713661427476103,true,true,supported,supported
400,28,4,-0.1530972195515682,-0.028336381137869848,-0.13399646036816137,-0.028363255966455614,true,true,supported,supported
400,28,5,-0.17704732659503997,-0.03520267910165131,-0.17707012754902263,-0.03822704077541306,true,true,supported,supported
400,28,6,-0.22034540330644914,-0.040100464089898535,-0.2193529060667695,-0.048319987960583344,true,true,supported,supported
400,28,7,-0.26917047164765107,-0.06261194790182778,-0.26084922894230167,-0.058659794241044616,true,true,supported,supported
400,28,8,-0.30064009326372765,-0.060797256508820285,-0.30155597406893997,-0.06926441897520075,true,true,supported,supported
400,28,9,-0.35051493451540006,-0.09212914176903331,-0.3414747286211718,-0.08015535356275927,true,true,supported,supported
400,28,10,-0.3671290178437886,-0.04685830522590517,-0.3805989483691493,-0.0913546916807021,true,true,supported,supported
400,28,11,-0.4277362175445104,-0.128583473209129,-0.4189201794847023,-0.10288697636487121,true,true,supported,supported
400,28,12,-0.4743890389709329,-0.11246695428559028,-0.4564316208000643,-0.11478077131055986,true,true,supported,supported
400,28,13,-0.5057703020505944,-0.15259902420794402,-0.49312724350451986,-0.12706926232843518,true,true,supported,supported
400,28,14,-0.5268071721162524,-0.12992117812541526,-0.5289875569508773,-0.1397860715805559,true,true,supported,supported
400,28,15,-0.5740872492726965,-0.16607125503017117,-0.564001257722832,-0.15297341013444687,true,true,supported,supported
400,29,1,0.0,0.0,0.0,0.0,true,true,supported,supported
400,29,2,-0.0429949879045739,-0.011027298070582003,-0.04546743062120617,-0.009263535895236208,true,true,supported,supported
400,29,3,-0.07884404959327485,0.0001642354685034153,-0.09013118890064764,-0.018713661427476103,true,true,supported,supported
400,29,4,-0.12414285755872112,-0.005451308671792776,-0.13399646036816137,-0.028363255966455614,true,true,supported,supported
400,29,5,-0.1700405968728449,-0.043974005500351465,-0.17707012754902263,-0.03822704077541306,true,true,supported,supported
400,29,6,-0.21544485087863974,-0.04648254487289394,-0.2193529060667695,-0.048319987960583344,true,true,supported,supported
400,29,7,-0.23503394528396349,-0.04009205047704911,-0.26084922894230167,-0.058659794241044616,true,true,supported,supported
400,29,8,-0.28623813018007227,-0.05694764871603997,-0.30155597406893997,-0.06926441897520075,true,true,supported,supported
400,29,9,-0.33387894041756094,-0.07191635532857177,-0.3414747286211718,-0.08015535356275927,true,true,supported,supported
400,29,10,-0.360291797747877,-0.08217558295483018,-0.3805989483691493,-0.0913546916807021,true,true,supported,supported
400,29,11,-0.3983730903798729,-0.08665246322261233,-0.4189201794847023,-0.10288697636487121,true,true,supported,supported
400,29,12,-0.4296491232400488,-0.09372318080723896,-0.4564316208000643,-0.11478077131055986,true,true,supported,supported
400,29,13,-0.4715442543928652,-0.1280978252443985,-0.49312724350451986,-0.12706926232843518,true,true,supported,supported
400,29,14,-0.5052630943206233,-0.12764846399975494,-0.5289875569508773,-0.1397860715805559,true,true,supported,supported
400,29,15,-0.5567945771497926,-0.18416377818393093,-0.564001257722832,-0.15297341013444687,true,true,supported,supported
400,30,1,0.0,0.0,0.0,0.0,true,true,supported,supported
400,30,2,-0.040222230314265195,0.005872756680315172,-0.04546743062120617,-0.009263535895236208,true,true,supported,supported
400,30,3,-0.08346577049815196,0.00040050517534262475,-0.09013118890064764,-0.018713661427476103,true,true,supported,supported
400,30,4,-0.13213869994642347,-0.0365057901371052,-0.13399646036816137,-0.028363255966455614,true,true,supported,supported
400,30,5,-0.1722449395047504,-0.04166005661112748,-0.17707012754902263,-0.03822704077541306,true,true,supported,supported
400,30,6,-0.19859117744543764,-0.04264788211483761,-0.2193529060667695,-0.048319987960583344,true,true,supported,supported
400,30,7,-0.2682731746236776,-0.061384088852586394,-0.26084922894230167,-0.058659794241044616,true,true,supported,supported
400,30,8,-0.30913335365558225,-0.08211059887040584,-0.30155597406893997,-0.06926441897520075,true,true,supported,supported
400,30,9,-0.3338278581329377,-0.0975772098941492,-0.3414747286211718,-0.08015535356275927,true,true,supported,supported
400,30,10,-0.3847638873294459,-0.11410417343256496,-0.3805989483691493,-0.0913546916807021,true,true,supported,supported
400,30,11,-0.3988156357104229,-0.09307174015988806,-0.4189201794847023,-0.10288697636487121,true,true,supported,supported
400,30,12,-0.4573307378388346,-0.13190924359814837,-0.4564316208000643,-0.11478077131055986,true,true,supported,supported
400,30,13,-0.48890380349946405,-0.13786666560953975,-0.49312724350451986,-0.12706926232843518,true,true,supported,supported
400,30,14,-0.526988914248822,-0.1334947694062003,-0.5289875569508773,-0.1397860715805559,true,true,supported,supported
400,30,15,-0.5711963891358939,-0.16746296536539407,-0.564001257722832,-0.15297341013444687,true,true,supported,supported
400,31,1,0.0,0.0,0.0,0.0,true,true,supported,supported
400,31,2,-0.043667067651306235,0.005422379453570936,-0.04546743062120617,-0.009263535895236208,true,true,supported,supported
400,31,3,-0.09688217020190382,0.0115826329454769,-0.09013118890064764,-0.018713661427476103,true,true,supported,supported
400,31,4,-0.12652849320005755,0.005517703312932887,-0.13399646036816137,-0.028363255966455614,true,true,supported,supported
400,31,5,-0.18597601491520366,-0.0192240967252314,-0.17707012754902263,-0.03822704077541306,true,true,supported,supported
400,31,6,-0.21839155782579345,-0.02346451347421541,-0.2193529060667695,-0.048319987960583344,true,true,supported,supported
400,31,7,-0.2560824524931251,-0.048714264106900496,-0.26084922894230167,-0.058659794241044616,true,true,supported,supported
400,31,8,-0.3170015844564772,-0.053936888366621694,-0.30155597406893997,-0.06926441897520075,true,true,supported,supported
400,31,9,-0.3192905923713786,-0.05093420603121235,-0.3414747286211718,-0.08015535356275927,true,true,supported,supported
400,31,10,-0.3703097016820568,-0.06807628302062874,-0.3805989483691493,-0.0913546916807021,true,true,supported,supported
400,31,11,-0.4192773608043241,-0.09168979586093295,-0.4189201794847023,-0.10288697636487121,true,true,supported,supported
400,31,12,-0.4604835801896593,-0.09857073664251659,-0.4564316208000643,-0.11478077131055986,true,true,supported,supported
400,31,13,-0.4913659406140891,-0.10618167934325984,-0.49312724350451986,-0.12706926232843518,true,true,supported,supported
400,31,14,-0.5246193598051061,-0.11192962772345705,-0.5289875569508773,-0.1397860715805559,true,true,supported,supported
400,31,15,-0.5565569828407662,-0.128937453421462,-0.564001257722832,-0.15297341013444687,true,true,supported,supported
400,32,1,0.0,0.0,0.0,0.0,true,true,supported,supported
400,32,2,-0.05429344405717795,-0.0034258184484319276,-0.04546743062120617,-0.009263535895236208,true,true,supported,supported
400,32,3,-0.1166319608586669,-0.017662831871915974,-0.09013118890064764,-0.018713661427476103,true,true,supported,supported
400,32,4,-0.13312708495750536,-0.01982004200689036,-0.13399646036816137,-0.028363255966455614,true,true,supported,supported
400,32,5,-0.1953311395547117,-0.04695207524466638,-0.17707012754902263,-0.03822704077541306,true,true,supported,supported
400,32,6,-0.25486783764010057,-0.07095635954308877,-0.2193529060667695,-0.048319987960583344,true,true,supported,supported
400,32,7,-0.26221882431674337,-0.047853209769691096,-0.26084922894230167,-0.058659794241044616,true,true,supported,supported
400,32,8,-0.3302338024638225,-0.06763085690462878,-0.30155597406893997,-0.06926441897520075,true,true,supported,supported
400,32,9,-0.3579309804509828,-0.0639098908999588,-0.3414747286211718,-0.08015535356275927,true,true,supported,supported
400,32,10,-0.40188936241173856,-0.09410763595365579,-0.3805989483691493,-0.0913546916807021,true,true,supported,supported
400,32,11,-0.42723028794553686,-0.0948715125298576,-0.4189201794847023,-0.10288697636487121,true,true,supported,supported
400,32,12,-0.46820896014134616,-0.11247115063639168,-0.4564316208000643,-0.11478077131055986,true,true,supported,supported
400,32,13,-0.5187254442624909,-0.12388383356859689,-0.49312724350451986,-0.12706926232843518,true,true,supported,supported
400,32,14,-0.5492469678923954,-0.15665933768753793,-0.5289875569508773,-0.1397860715805559,true,true,supported,supported
400,32,15,-0.5744826484226477,-0.13610306133035166,-0.564001257722832,-0.15297341013444687,true,true,supported,supported
400,33,1,0.0,0.0,0.0,0.0,true,true,supported,supported
400,33,2,-0.028112490656348466,0.0027322773989517657,-0.04546743062120617,-0.009263535895236208,true,true,supported,supported
400,33,3,-0.10497822141614199,-0.031276474894092465,-0.09013118890064764,-0.018713661427476103,true,true,supported,supported
400,33,4,-0.13788361071777733,-0.010938655693989996,-0.13399646036816137,-0.028363255966455614,true,true,supported,supported
400,33,5,-0.18165683069684369,-0.038083758968619486,-0.17707012754902263,-0.03822704077541306,true,true,supported,supported
400,33,6,-0.22107792805599125,-0.03245291338561651,-0.2193529060667695,-0.048319987960583344,true,true,supported,supported
400,33,7,-0.2670501050326384,-0.0734102649899373,-0.26084922894230167,-0.058659794241044616,true,true,supported,supported
400,33,8,-0.2932288653438645,-0.04760219419641609,-0.30155597406893997,-0.06926441897520075,true,true,supported,supported
400,33,9,-0.33417205136771655,-0.06199330545058923,-0.3414747286211718,-0.08015535356275927,true,true,supported,supported
400,33,10,-0.38622778734691776,-0.10833781938165554,-0.3805989483691493,-0.0913546916807021,true,true,supported,supported
400,33,11,-0.4188891279154495,-0.0908199727463731,-0.4189201794847023,-0.10288697636487121,true,true,supported,supported
400,33,12,-0.46899957328472497,-0.09848308851184862,-0.4564316208000643,-0.11478077131055986,true,true,supported,supported
400,33,13,-0.501673713497948,-0.15046799446099146,-0.49312724350451986,-0.12706926232843518,true,true,supported,supported
400,33,14,-0.5226120219166206,-0.1359864078367211,-0.5289875569508773,-0.1397860715805559,true,true,supported,supported
400,33,15,-0.5579037088835179,-0.12234876045827758,-0.564001257722832,-0.15297341013444687,true,true,supported,supported
400,34,1,0.0,0.0,0.0,0.0,true,true,supported,supported
400,34,2,-0.053527668759684954,-0.006214988919108988,-0.04546743062120617,-0.009263535895236208,true,true,supported,supported
400,34,3,-0.10069433416665019,-0.021500605345838864,-0.09013118890064764,-0.018713661427476103,true,true,supported,supported
400,34,4,-0.12543042794981618,-0.014116189202957985,-0.13399646036816137,-0.028363255966455614,true,true,supported,supported
400,34,5,-0.1954047454780775,-0.025826090266403257,-0.17707012754902263,-0.03822704077541306,true,true,supported,supported
400,34,6,-0.24173359838416808,-0.04267280424926001,-0.2193529060667695,-0.048319987960583344,true,true,supported,supported
400,34,7,-0.27146998345332596,-0.04704086027490284,-0.26084922894230167,-0.058659794241044616,true,true,supported,supported
400,34,8,-0.3083329285264127,-0.06025257001943396,-0.30155597406893997,-0.06926441897520075,true,true,supported,supported
400,34,9,-0.3617858125105218,-0.10399882674759853,-0.3414747286211718,-0.08015535356275927,true,true,supported,supported
400,34,10,-0.3848366810585977,-0.06954535392536576,-0.3805989483691493,-0.0913546916807021,true,true,supported,supported
400,34,11,-0.4261997235587839,-0.0860293263599784,-0.4189201794847023,-0.10288697636487121,true,true,supported,supported
400,34,12,-0.46044176075459786,-0.12122541546662013,-0.4564316208000643,-0.11478077131055986,true,true,supported,supported
400,34,13,-0.4858290174162625,-0.10572599490697121,-0.49312724350451986,-0.12706926232843518,true,true,supported,supported
400,34,14,-0.5348186198319645,-0.1537114540989647,-0.5289875569508773,-0.1397860715805559,true,true,supported,supported
400,34,15,-0.5814138798557166,-0.13875781847938018,-0.564001257722832,-0.15297341013444687,true,true,supported,supported
400,35,1,0.0,0.0,0.0,0.0,true,true,supported,supported
400,35,2,-0.07066751891658674,-0.015752270102476706,-0.04546743062120617,-0.009263535895236208,true,true,supported,supported
400,35,3,-0.08730371238239265,-0.022133148596526042,-0.09013118890064764,-0.018713661427476103,true,true,supported,supported
400,35,4,-0.13790412251079187,-0.03182176852583274,-0.13399646036816137,-0.028363255966455614,true,true,supported,supported
400,35,5,-0.18942203983187145,-0.043427083102110076,-0.17707012754902263,-0.03822704077541306,true,true,supported,supported
400,35,6,-0.25264747449309866,-0.05053445311812399,-0.2193529060667695,-0.048319987960583344,true,true,supported,supported
400,35,7,-0.2666776759503272,-0.07179983409914548,-0.26084922894230167,-0.058659794241044616,true,true,supported,supported
400,35,8,-0.3152510602367873,-0.08633480541659078,-0.30155597406893997,-0.06926441897520075,true,true,supported,supported
400,35,9,-0.35464049095966854,-0.09370508144074241,-0.3414747286211718,-0.08015535356275927,true,true,supported,supported
400,35,10,-0.37906064622360414,-0.08311604171492581,-0.3805989483691493,-0.0913546916807021,true,true,supported,supported
400,35,11,-0.4282678170300819,-0.10548621352684551,-0.4189201794847023,-0.10288697636487121,true,true,supported,supported
400,35,12,-0.461078332840002,-0.13175095187448493,-0.4564316208000643,-0.11478077131055986,true,true,supported,supported
400,35,13,-0.4959591361479371,-0.1384036505013757,-0.49312724350451986,-0.12706926232843518,true,true,supported,supported
400,35,14,-0.5392250564985495,-0.13033249588876406,-0.5289875569508773,-0.1397860715805559,true,true,supported,supported
400,35,15,-0.5902608045655603,-0.1773877647921417,-0.564001257722832,-0.15297341013444687,true,true,supported,supported
400,36,1,0.0,0.0,0.0,0.0,true,true,supported,supported
400,36,2,-0.01587062884648449,0.01199455498199431,-0.04546743062120617,-0.009263535895236208,true,true,supported,supported
400,36,3,-0.07540394506459835,-0.009771456208314211,-0.09013118890064764,-0.018713661427476103,true,true,supported,supported
400,36,4,-0.11811528799680104,-0.00865982231196849,-0.13399646036816137,-0.028363255966455614,true,true,supported,supported
400,36,5,-0.14778117926428624,-0.012604998626213337,-0.17707012754902263,-0.03822704077541306,true,true,supported,supported
400,36,6,-0.20500201433039866,-0.04113725583618677,-0.2193529060667695,-0.048319987960583344,true,true,supported,supported
400,36,7,-0.24128903721109607,-0.04572579013487854,-0.26084922894230167,-0.058659794241044616,true,true,supported,supported
400,36,8,-0.27927685587992823,-0.06477883986490118,-0.30155597406893997,-0.06926441897520075,true,true,supported,supported
400,36,9,-0.30095818769004434,-0.054549448615971996,-0.3414747286211718,-0.08015535356275927,true,true,supported,supported
400,36,10,-0.3586202704483362,-0.0675556858979991,-0.3805989483691493,-0.0913546916807021,true,true,supported,supported
400,36,11,-0.4185869455950093,-0.10359760436270382,-0.4189201794847023,-0.10288697636487121,true,true,supported,supported
400,36,12,-0.4301689567445206,-0.10578798183643456,-0.4564316208000643,-0.11478077131055986,true,true,supported,supported
400,36,13,-0.4749403429434068,-0.0953297871544474,-0.49312724350451986,-0.12706926232843518,true,true,supported,supported
400,36,14,-0.5059365653633587,-0.11663169655230876,-0.5289875569508773,-0.1397860715805559,true,true,supported,supported
400,36,15,-0.5469359936725967,-0.15659618358753757,-0.564001257722832,-0.15297341013444687,true,true,supported,supported
400,37,1,0.0,0.0,0.0,0.0,true,true,supported,supported
400,37,2,-0.04281358983746597,0.014219635914892836,-0.04546743062120617,-0.009263535895236208,true,true,supported,supported
400,37,3,-0.06336068320716015,0.020815053634022695,-0.09013118890064764,-0.018713661427476103,true,true,supported,supported
400,37,4,-0.10885555400327818,0.011632519964741794,-0.13399646036816137,-0.028363255966455614,true,true,supported,supported
400,37,5,-0.17567215579013074,-0.03027209713131107,-0.17707012754902263,-0.03822704077541306,true,true,supported,supported
400,37,6,-0.19911036436576512,-0.005158730808151435,-0.2193529060667695,-0.048319987960583344,true,true,supported,supported
400,37,7,-0.25497443118332674,-0.03197567090966702,-0.26084922894230167,-0.058659794241044616,true,true,supported,supported
400,37,8,-0.2879105987875923,-0.04693632764948874,-0.30155597406893997,-0.06926441897520075,true,true,supported,supported
400,37,9,-0.33045067961775754,-0.063750131957788,-0.3414747286211718,-0.08015535356275927,true,true,supported,supported
400,37,10,-0.34955036837100895,-0.04773405750966475,-0.3805989483691493,-0.0913546916807021,true,true,supported,supported
400,37,11,-0.39190601444159234,-0.08275234848311697,-0.4189201794847023,-0.10288697636487121,true,true,supported,supported
400,37,12,-0.44683700251736946,-0.09926283398448632,-0.4564316208000643,-0.11478077131055986,true,true,supported,supported
400,37,13,-0.4793389013203221,-0.10773268573572381,-0.49312724350451986,-0.12706926232843518,true,true,supported,supported
400,37,14,-0.5165463325073703,-0.09947951784960607,-0.5289875569508773,-0.1397860715805559,true,true,supported,supported
400,37,15,-0.5550163238645625,-0.12113897034193666,-0.564001257722832,-0.15297341013444687,true,true,supported,supported
400,38,1,0.0,0.0,0.0,0.0,true,true,supported,supported
400,38,2,-0.06743378141640377,-0.028071964079255052,-0.04546743062120617,-0.009263535895236208,true,true,supported,supported
400,38,3,-0.07449632765085568,-0.005958182123838696,-0.09013118890064764,-0.018713661427476103,true,true,supported,supported
400,38,4,-0.13088181219014627,-0.04756200802227395,-0.13399646036816137,-0.028363255966455614,true,true,supported,supported
400,38,5,-0.1869039919300578,-0.03601527144617145,-0.17707012754902263,-0.03822704077541306,true,true,supported,supported
400,38,6,-0.21062774102245696,-0.045195664145831205,-0.2193529060667695,-0.048319987960583344,true,true,supported,supported
400,38,7,-0.2561200481035093,-0.05361060523795935,-0.26084922894230167,-0.058659794241044616,true,true,supported,supported
400,38,8,-0.30450168484775053,-0.0765184550178577,-0.30155597406893997,-0.06926441897520075,true,true,supported,supported
400,38,9,-0.34332501404129756,-0.06591410560895117,-0.3414747286211718,-0.08015535356275927,true,true,supported,supported
400,38,10,-0.38606943565787544,-0.0898304665061469,-0.3805989483691493,-0.0913546916807021,true,true,supported,supported
400,38,11,-0.43276652058952536,-0.12142038724167825,-0.4189201794847023,-0.10288697636487121,true,true,supported,supported
400,38,12,-0.4560804370930668,-0.1169678827787578,-0.4564316208000643,-0.11478077131055986,true,true,supported,supported
400,38,13,-0.484162692694334,-0.1371020311813067,-0.49312724350451986,-0.12706926232843518,true,true,supported,supported
400,38,14,-0.5420046083809278,-0.16001180727965159,-0.5289875569508773,-0.1397860715805559,true,true,supported,supported
400,38,15,-0.560910866847441,-0.15379669573016141,-0.564001257722832,-0.15297341013444687,true,true,supported,supported
400,39,1,0.0,0.0,0.0,0.0,true,true,supported,supported
400,39,2,-0.06610839663909052,-0.031939427101521756,-0.04546743062120617,-0.009263535895236208,true,true,supported,supported
400,39,3,-0.10416028725255932,-0.040238019689337046,-0.09013118890064764,-0.018713661427476103,true,true,supported,supported
400,39,4,-0.1293445596087911,-0.0412194900662739,-0.13399646036816137,-0.028363255966455614,true,true,supported,supported
400,39,5,-0.19956031143577369,-0.05193208860147569,-0.17707012754902263,-0.03822704077541306,true,true,supported,supported
400,39,6,-0.24385149870879663,-0.051036671747788254,-0.2193529060667695,-0.048319987960583344,true,true,supported,supported
400,39,7,-0.2792857168856038,-0.0677913399278538,-0.26084922894230167,-0.058659794241044616,true,true,supported,supported
400,39,8,-0.31161153382054163,-0.07789782888482866,-0.30155597406893997,-0.06926441897520075,true,true,supported,supported
400,39,9,-0.3608150384631247,-0.09193921704984176,-0.3414747286211718,-0.08015535356275927,true,true,supported,supported
400,39,10,-0.3845165877304759,-0.0980706722335648,-0.3805989483691493,-0.0913546916807021,true,true,supported,supported
400,39,11,-0.4304623122553861,-0.10501454297110446,-0.4189201794847023,-0.10288697636487121,true,true,supported,supported
400,39,12,-0.4604605686980915,-0.11794227490300857,-0.4564316208000643,-0.11478077131055986,true,true,supported,supported
400,39,13,-0.5151246821451256,-0.14477965218417266,-0.49312724350451986,-0.12706926232843518,true,true,supported,supported
400,39,14,-0.5492186624276323,-0.14440053287225074,-0.5289875569508773,-0.1397860715805559,true,true,supported,supported
400,39,15,-0.5786258294612562,-0.16961607268991652,-0.564001257722832,-0.15297341013444687,true,true,supported,supported
400,40,1,0.0,0.0,0.0,0.0,true,true,supported,supported
400,40,2,-0.0396684341886403,0.008015560115543385,-0.04546743062120617,-0.009263535895236208,true,true,supported,supported
400,40,3,-0.10318480810159447,-0.01642550347446614,-0.09013118890064764,-0.018713661427476103,true,true,supported,supported
400,40,4,-0.14018870292346686,-0.030225109992317756,-0.13399646036816137,-0.028363255966455614,true,true,supported,supported
400,40,5,-0.18858577006187227,-0.06537239733740197,-0.17707012754902263,-0.03822704077541306,true,true,supported,supported
400,40,6,-0.207096018762431,-0.042563514608516484,-0.2193529060667695,-0.048319987960583344,true,true,supported,supported
400,40,7,-0.2581279529903042,-0.08213335648933873,-0.26084922894230167,-0.058659794241044616,true,true,supported,supported
400,40,8,-0.3028551173809694,-0.08948871874185649,-0.30155597406893997,-0.06926441897520075,true,true,supported,supported
400,40,9,-0.34488032267178026,-0.07835270891249868,-0.3414747286211718,-0.08015535356275927,true,true,supported,supported
400,40,10,-0.3988767993051795,-0.11597777714982349,-0.3805989483691493,-0.0913546916807021,true,true,supported,supported
400,40,11,-0.4111661327211429,-0.11274425554683098,-0.4189201794847023,-0.10288697636487121,true,true,supported,supported
400,40,12,-0.46734623278963483,-0.12485128187156025,-0.4564316208000643,-0.11478077131055986,true,true,supported,supported
400,40,13,-0.4766480471903951,-0.125890249830778,-0.49312724350451986,-0.12706926232843518,true,true,supported,supported
400,40,14,-0.5232543364422393,-0.12021351552194559,-0.5289875569508773,-0.1397860715805559,true,true,supported,supported
400,40,15,-0.5544238341610157,-0.15066486429878723,-0.564001257722832,-0.15297341013444687,true,true,supported,supported
400,41,1,0.0,0.0,0.0,0.0,true,true,supported,supported
400,41,2,-0.0326385780994245,-0.014404226916938545,-0.04546743062120617,-0.009263535895236208,true,true,supported,supported
400,41,3,-0.08695071747282568,-0.02584451903521401,-0.09013118890064764,-0.018713661427476103,true,true,supported,supported
400,41,4,-0.13011687277623307,-0.048861493858454175,-0.13399646036816137,-0.028363255966455614,true,true,supported,supported
400,41,5,-0.17024546794673523,-0.04845953767739364,-0.17707012754902263,-0.03822704077541306,true,true,supported,supported
400,41,6,-0.22443203227310038,-0.059563404672289266,-0.2193529060667695,-0.048319987960583344,true,true,supported,supported
400,41,7,-0.2545562357188693,-0.06668581984052901,-0.26084922894230167,-0.058659794241044616,true,true,supported,supported
400,41,8,-0.2876060702775416,-0.08170789824456726,-0.30155597406893997,-0.06926441897520075,true,true,supported,supported
400,41,9,-0.3339105336375744,-0.07635150559411286,-0.3414747286211718,-0.08015535356275927,true,true,supported,supported
400,41,10,-0.36042125497430066,-0.08166447838413815,-0.3805989483691493,-0.0913546916807021,true,true,supported,supported
400,41,11,-0.4223387261497077,-0.10730124694354648,-0.4189201794847023,-0.10288697636487121,true,true,supported,supported
400,41,12,-0.4529296645752162,-0.1274674893038894,-0.4564316208000643,-0.11478077131055986,true,true,supported,supported
400,41,13,-0.4669092734048369,-0.11760996765244613,-0.49312724350451986,-0.12706926232843518,true,true,supported,supported
400,41,14,-0.5256858494580747,-0.14969708802770554,-0.5289875569508773,-0.1397860715805559,true,true,supported,supported
400,41,15,-0.5654052563426305,-0.16647548550401103,-0.564001257722832,-0.15297341013444687,true,true,supported,supported
400,42,1,0.0,0.0,0.0,0.0,true,true,supported,supported
400,42,2,-0.06699712421733528,-0.037646152337027394,-0.04546743062120617,-0.009263535895236208,true,true,supported,supported
400,42,3,-0.10917589615121714,-0.02794677527960976,-0.09013118890064764,-0.018713661427476103,true,true,supported,supported
400,42,4,-0.11159477492348813,-0.033133529651955373,-0.13399646036816137,-0.028363255966455614,true,true,supported,supported
400,42,5,-0.18501180127713224,-0.05863213708206716,-0.17707012754902263,-0.03822704077541306,true,true,supported,supported
400,42,6,-0.23010327369757233,-0.058855643476997344,-0.2193529060667695,-0.048319987960583344,true,true,supported,supported
400,42,7,-0.27168801262159803,-0.08332187108758882,-0.26084922894230167,-0.058659794241044616,true,true,supported,supported
400,42,8,-0.3029657740164171,-0.06039669858016938,-0.30155597406893997,-0.06926441897520075,true,true,supported,supported
400,42,9,-0.33965051850674455,-0.06648170995435732,-0.3414747286211718,-0.08015535356275927,true,true,supported,supported
400,42,10,-0.38287356140840645,-0.08524404614061099,-0.3805989483691493,-0.0913546916807021,true,true,supported,supported
400,42,11,-0.42307651470005725,-0.11591707760748582,-0.4189201794847023,-0.10288697636487121,true,true,supported,supported
400,42,12,-0.452012951204648,-0.1110737969540535,-0.4564316208000643,-0.11478077131055986,true,true,supported,supported
400,42,13,-0.5022062087332461,-0.1449579229894531,-0.49312724350451986,-0.12706926232843518,true,true,supported,supported
400,42,14,-0.5378146082890392,-0.1363450009789805,-0.5289875569508773,-0.1397860715805559,true,true,supported,supported
400,42,15,-0.5733863187493667,-0.1545533684961452,-0.564001257722832,-0.15297341013444687,true,true,supported,supported
400,43,1,0.0,0.0,0.0,0.0,true,true,supported,supported
400,43,2,-0.06044145541684598,-0.01130017555460805,-0.04546743062120617,-0.009263535895236208,true,true,supported,supported
400,43,3,-0.10553939412825364,-0.030521258989393507,-0.09013118890064764,-0.018713661427476103,true,true,supported,supported
400,43,4,-0.15131001587275006,-0.03035051764969221,-0.13399646036816137,-0.028363255966455614,true,true,supported,supported
400,43,5,-0.2053515000839119,-0.040497952017006233,-0.17707012754902263,-0.03822704077541306,true,true,supported,supported
400,43,6,-0.25122176395222384,-0.06361571825356915,-0.2193529060667695,-0.048319987960583344,true,true,supported,supported
400,43,7,-0.2661752076651521,-0.05858628364247764,-0.26084922894230167,-0.058659794241044616,true,true,supported,supported
400,43,8,-0.3146579211938654,-0.07905720378360437,-0.30155597406893997,-0.06926441897520075,true,true,supported,supported
400,43,9,-0.36021526695602324,-0.08657594639692878,-0.3414747286211718,-0.08015535356275927,true,true,supported,supported
400,43,10,-0.40049483413453246,-0.09826116509941762,-0.3805989483691493,-0.0913546916807021,true,true,supported,supported
400,43,11,-0.4411410415182445,-0.11935475221590541,-0.4189201794847023,-0.10288697636487121,true,true,supported,supported
400,43,12,-0.4650037353533141,-0.12918935307626833,-0.4564316208000643,-0.11478077131055986,true,true,supported,supported
400,43,13,-0.5168689230421197,-0.12923162312171688,-0.49312724350451986,-0.12706926232843518,true,true,supported,supported
400,43,14,-0.5319193132800857,-0.12828162708796265,-0.5289875569508773,-0.1397860715805559,true,true,supported,supported
400,43,15,-0.5693782277317123,-0.14531167631612307,-0.564001257722832,-0.15297341013444687,true,true,supported,supported
400,44,1,0.0,0.0,0.0,0.0,true,true,supported,supported
400,44,2,-0.07111602982159737,-0.028818561155879663,-0.04546743062120617,-0.009263535895236208,true,true,supported,supported
400,44,3,-0.10294324196243387,-0.01851609472989535,-0.09013118890064764,-0.018713661427476103,true,true,supported,supported
400,44,4,-0.15468753161350401,-0.03968892163428539,-0.13399646036816137,-0.028363255966455614,true,true,supported,supported
400,44,5,-0.16777050297725238,-0.030693290282881702,-0.17707012754902263,-0.03822704077541306,true,true,supported,supported
400,44,6,-0.23469613699909098,-0.059426405330920695,-0.2193529060667695,-0.048319987960583344,true,true,supported,supported
400,44,7,-0.27334171087221937,-0.08037022574632025,-0.26084922894230167,-0.058659794241044616,true,true,supported,supported
400,44,8,-0.3187467535304882,-0.07526463358246349,-0.30155597406893997,-0.06926441897520075,true,true,supported,supported
400,44,9,-0.3708232505464444,-0.10401862072537449,-0.3414747286211718,-0.08015535356275927,true,true,supported,supported
400,44,10,-0.39360259608611836,-0.10187705877607678,-0.3805989483691493,-0.0913546916807021,true,true,supported,supported
400,44,11,-0.4286962263179481,-0.1035544225281575,-0.4189201794847023,-0.10288697636487121,true,true,supported,supported
400,44,12,-0.4726350640744936,-0.12212190922462207,-0.4564316208000643,-0.11478077131055986,true,true,supported,supported
400,44,13,-0.5013324889761489,-0.11992077578163118,-0.49312724350451986,-0.12706926232843518,true,true,supported,supported
400,44,14,-0.5473693097808083,-0.1444242112879952,-0.5289875569508773,-0.1397860715805559,true,true,supported,supported
400,44,15,-0.5853077003231417,-0.18506784136269572,-0.564001257722832,-0.15297341013444687,true,true,supported,supported
400,45,1,0.0,0.0,0.0,0.0,true,true,supported,supported
400,45,2,-0.058104785445992624,-0.006665619206840945,-0.04546743062120617,-0.009263535895236208,true,true,supported,supported
400,45,3,-0.12164865086031396,-0.03114556605650487,-0.09013118890064764,-0.018713661427476103,true,true,supported,supported
400,45,4,-0.13875086636461598,-0.017948746738183363,-0.13399646036816137,-0.028363255966455614,true,true,supported,supported
400,45,5,-0.17871188534682636,-0.02832244906512238,-0.17707012754902263,-0.03822704077541306,true,true,supported,supported
400,45,6,-0.22134859837109921,-0.049787163113242494,-0.2193529060667695,-0.048319987960583344,true,true,supported,supported
400,45,7,-0.26189785033102864,-0.06011999665979084,-0.26084922894230167,-0.058659794241044616,true,true,supported,supported
400,45,8,-0.302017453958068,-0.07258542075395946,-0.30155597406893997,-0.06926441897520075,true,true,supported,supported
400,45,9,-0.3579778682771918,-0.08607157392977982,-0.3414747286211718,-0.08015535356275927,true,true,supported,supported
400,45,10,-0.38452663099302753,-0.10857794226542139,-0.3805989483691493,-0.0913546916807021,true,true,supported,supported
400,45,11,-0.4241093432948987,-0.09840584896571758,-0.4189201794847023,-0.10288697636487121,true,true,supported,supported
400,45,12,-0.4540541963937702,-0.09627108331761036,-0.4564316208000643,-0.11478077131055986,true,true,supported,supported
400,45,13,-0.5025451202173459,-0.12340241256928708,-0.49312724350451986,-0.12706926232843518,true,true,supported,supported
400,45,14,-0.5306798266333528,-0.13172924098442773,-0.5289875569508773,-0.1397860715805559,true,true,supported,supported
400,45,15,-0.5677114833469457,-0.15117435707392823,-0.564001257722832,-0.15297341013444687,true,true,supported,supported
400,46,1,0.0,0.0,0.0,0.0,true,true,supported,supported
400,46,2,-0.07113484687227933,-0.02435438917993127,-0.04546743062120617,-0.009263535895236208,true,true,supported,supported
400,46,3,-0.11415747770365559,-0.02833170536867624,-0.09013118890064764,-0.018713661427476103,true,true,supported,supported
400,46,4,-0.15567121456809374,-0.02727284346568082,-0.13399646036816137,-0.028363255966455614,true,true,supported,supported
400,46,5,-0.2089861133308153,-0.041549990202856546,-0.17707012754902263,-0.03822704077541306,true,true,supported,supported
400,46,6,-0.2360496504673193,-0.05205234929820035,-0.2193529060667695,-0.048319987960583344,true,true,supported,supported
400,46,7,-0.27001915418543554,-0.06065198133453731,-0.26084922894230167,-0.058659794241044616,true,true,supported,supported
400,46,8,-0.3119854906299254,-0.04976788945141275,-0.30155597406893997,-0.06926441897520075,true,true,supported,supported
400,46,9,-0.37589660977540407,-0.0997285413938197,-0.3414747286211718,-0.08015535356275927,true,true,supported,supported
400,46,10,-0.39581496759769363,-0.10288756212032801,-0.3805989483691493,-0.0913546916807021,true,true,supported,supported
400,46,11,-0.44042841654157117,-0.11944072553924334,-0.4189201794847023,-0.10288697636487121,true,true,supported,supported
400,46,12,-0.4761806675844181,-0.12578561135686783,-0.4564316208000643,-0.11478077131055986,true,true,supported,supported
400,46,13,-0.5080219959020416,-0.145187265706904,-0.49312724350451986,-0.12706926232843518,true,true,supported,supported
400,46,14,-0.5440839198058327,-0.14177822809347196,-0.5289875569508773,-0.1397860715805559,true,true,supported,supported
400,46,15,-0.5804964762824327,-0.1572337816459355,-0.564001257722832,-0.15297341013444687,true,true,supported,supported
400,47,1,0.0,0.0,0.0,0.0,true,true,supported,supported
400,47,2,-0.05012286543697797,0.0034702546045547455,-0.04546743062120617,-0.009263535895236208,true,true,supported,supported
400,47,3,-0.09690351414046527,-0.014268963247131006,-0.09013118890064764,-0.018713661427476103,true,true,supported,supported
400,47,4,-0.14622776880706412,-0.039180084356197575,-0.13399646036816137,-0.028363255966455614,true,true,supported,supported
400,47,5,-0.16401067315567586,-0.008159561785699654,-0.17707012754902263,-0.03822704077541306,true,true,supported,supported
400,47,6,-0.21578434363257915,-0.03634556939987521,-0.2193529060667695,-0.048319987960583344,true,true,supported,supported
400,47,7,-0.2470063061701997,-0.052944154678563726,-0.26084922894230167,-0.058659794241044616,true,true,supported,supported
400,47,8,-0.2971089070296836,-0.05189035844932699,-0.30155597406893997,-0.06926441897520075,true,true,supported,supported
400,47,9,-0.32967032632196724,-0.04721806130687034,-0.3414747286211718,-0.08015535356275927,true,true,supported,supported
400,47,10,-0.3949460278704563,-0.1041747162068104,-0.3805989483691493,-0.0913546916807021,true,true,supported,supported
400,47,11,-0.4145798389565635,-0.07981898208727889,-0.4189201794847023,-0.10288697636487121,true,true,supported,supported
400,47,12,-0.47208672158144926,-0.11703617607341144,-0.4564316208000643,-0.11478077131055986,true,true,supported,supported
400,47,13,-0.508713169549063,-0.13012360670687728,-0.49312724350451986,-0.12706926232843518,true,true,supported,supported
400,47,14,-0.5251781006554666,-0.1201911237434683,-0.5289875569508773,-0.1397860715805559,true,true,supported,supported
400,47,15,-0.5625278790858262,-0.14015185360652926,-0.564001257722832,-0.15297341013444687,true,true,supported,supported
400,48,1,0.0,0.0,0.0,0.0,true,true,supported,supported
400,48,2,-0.0482540264931447,-0.005718269686591171,-0.04546743062120617,-0.009263535895236208,true,true,supported,supported
400,48,3,-0.06488669700216665,0.014344989680118991,-0.09013118890064764,-0.018713661427476103,true,true,supported,supported
400,48,4,-0.12815386383939598,-0.013103568089529283,-0.13399646036816137,-0.028363255966455614,true,true,supported,supported
400,48,5,-0.17156342177163464,-0.014198491458251805,-0.17707012754902263,-0.03822704077541306,true,true,supported,supported
400,48,6,-0.21883913624171103,-0.039521661437193045,-0.2193529060667695,-0.048319987960583344,true,true,supported,supported
400,48,7,-0.23784526552062613,-0.028599320343681955,-0.26084922894230167,-0.058659794241044616,true,true,supported,supported
400,48,8,-0.30955903890596326,-0.05447226629738,-0.30155597406893997,-0.06926441897520075,true,true,supported,supported
400,48,9,-0.34150009502144174,-0.05530513807441628,-0.3414747286211718,-0.08015535356275927,true,true,supported,supported
400,48,10,-0.3800698745944988,-0.06971378155853025,-0.3805989483691493,-0.0913546916807021,true,true,supported,supported
400,48,11,-0.40731680781710244,-0.06644706979903747,-0.4189201794847023,-0.10288697636487121,true,true,supported,supported
400,48,12,-0.4479952397887351,-0.08157898235471639,-0.4564316208000643,-0.11478077131055986,true,true,supported,supported
400,48,13,-0.4914901507590457,-0.1229673968887266,-0.49312724350451986,-0.12706926232843518,true,true,supported,supported
400,48,14,-0.5327118695573816,-0.13105114645648708,-0.5289875569508773,-0.1397860715805559,true,true,supported,supported
400,48,15,-0.5602385997440797,-0.14355804506920944,-0.564001257722832,-0.15297341013444687,true,true,supported,supported
400,49,1,0.0,0.0,0.0,0.0,true,true,supported,supported
400,49,2,-0.05039519614820387,0.0028208193144163562,-0.04546743062120617,-0.009263535895236208,true,true,supported,supported
400,49,3,-0.10604793869763562,-0.017451566478697278,-0.09013118890064764,-0.018713661427476103,true,true,supported,supported
400,49,4,-0.13766663033006155,-0.03936528778955806,-0.13399646036816137,-0.028363255966455614,true,true,supported,supported
400,49,5,-0.18160763469054497,-0.02603193446072083,-0.17707012754902263,-0.03822704077541306,true,true,supported,supported
400,49,6,-0.21816961090885756,-0.05110635844383726,-0.2193529060667695,-0.048319987960583344,true,true,supported,supported
400,49,7,-0.26956907709502287,-0.05658425518873722,-0.26084922894230167,-0.058659794241044616,true,true,supported,supported
400,49,8,-0.2922689376005603,-0.07051761603815299,-0.30155597406893997,-0.06926441897520075,true,true,supported,supported
400,49,9,-0.3428128258454458,-0.0936510121943297,-0.3414747286211718,-0.08015535356275927,true,true,supported,supported
400,49,10,-0.3832516872420553,-0.11158783397171346,-0.3805989483691493,-0.0913546916807021,true,true,supported,supported
400,49,11,-0.42354229392195175,-0.07720449545136265,-0.4189201794847023,-0.10288697636487121,true,true,supported,supported
400,49,12,-0.4583205061232366,-0.1229343311514256,-0.4564316208000643,-0.11478077131055986,true,true,supported,supported
400,49,13,-0.5079990447084628,-0.1652411629534387,-0.49312724350451986,-0.12706926232843518,true,true,supported,supported
400,49,14,-0.5247718336211102,-0.13021574372710643,-0.5289875569508773,-0.1397860715805559,true,true,supported,supported
400,49,15,-0.560025948391782,-0.1370103345980319,-0.564001257722832,-0.15297341013444687,true,true,supported,supported
400,50,1,0.0,0.0,0.0,0.0,true,true,supported,supported
400,50,2,-0.028230760302062508,-0.006233995517191948,-0.04546743062120617,-0.009263535895236208,true,true,supported,supported
400,50,3,-0.055592228670004795,-0.01314427958678277,-0.09013118890064764,-0.018713661427476103,true,true,supported,supported
400,50,4,-0.10809924764055834,-0.012672673192394068,-0.13399646036816137,-0.028363255966455614,true,true,supported,supported
400,50,5,-0.15898381834454833,-0.048959041293269445,-0.17707012754902263,-0.03822704077541306,true,true,supported,supported
400,50,6,-0.2116953158591771,-0.05288865341118687,-0.2193529060667695,-0.048319987960583344,true,true,supported,supported
400,50,7,-0.23669258926735826,-0.05680525164428529,-0.26084922894230167,-0.058659794241044616,true,true,supported,supported
400,50,8,-0.283880532379405,-0.05747762565247605,-0.30155597406893997,-0.06926441897520075,true,true,supported,supported
400,50,9,-0.3296767621526372,-0.0730794702173102,-0.3414747286211718,-0.08015535356275927,true,true,supported,supported
400,50,10,-0.3547072968189525,-0.06660723297427673,-0.3805989483691493,-0.0913546916807021,true,true,supported,supported
400,50,11,-0.4092774481231135,-0.11227513297446201,-0.4189201794847023,-0.10288697636487121,true,true,supported,supported
400,50,12,-0.4476636854360747,-0.1369397686489049,-0.4564316208000643,-0.11478077131055986,true,true,supported,supported
400,50,13,-0.4757573871370262,-0.10976630897792028,-0.49312724350451986,-0.12706926232843518,true,true,supported,supported
400,50,14,-0.5107057328762954,-0.11900398402657297,-0.5289875569508773,-0.1397860715805559,true,true,supported,supported
400,50,15,-0.5383813508723138,-0.142891426519827,-0.564001257722832,-0.15297341013444687,true,true,supported,supported
400,51,1,0.0,0.0,0.0,0.0,true,true,supported,supported
400,51,2,-0.05410636594169482,-0.011399864352413913,-0.04546743062120617,-0.009263535895236208,true,true,supported,supported
400,51,3,-0.10508537073038848,-0.006767542017112604,-0.09013118890064764,-0.018713661427476103,true,true,supported,supported
400,51,4,-0.15669263355151264,-0.01620579533593569,-0.13399646036816137,-0.028363255966455614,true,true,supported,supported
400,51,5,-0.19749369875979295,-0.04238840328722948,-0.17707012754902263,-0.03822704077541306,true,true,supported,supported
400,51,6,-0.23844392611913023,-0.03729972368712242,-0.2193529060667695,-0.048319987960583344,true,true,supported,supported
400,51,7,-0.29286161650892084,-0.0615314910978676,-0.26084922894230167,-0.058659794241044616,true,true,supported,supported
400,51,8,-0.33252446593576634,-0.07219067045342542,-0.30155597406893997,-0.06926441897520075,true,true,supported,supported
400,51,9,-0.34328809541593885,-0.0652372636347488,-0.3414747286211718,-0.08015535356275927,true,true,supported,supported
400,51,10,-0.4162140346800077,-0.09660033201678098,-0.3805989483691493,-0.0913546916807021,true,true,supported,supported
400,51,11,-0.4340442942816465,-0.0845768030045958,-0.4189201794847023,-0.10288697636487121,true,true,supported,supported
400,51,12,-0.4710943106395338,-0.11865577898873858,-0.4564316208000643,-0.11478077131055986,true,true,supported,supported
400,51,13,-0.5043713931726125,-0.11358567545349851,-0.49312724350451986,-0.12706926232843518,true,true,supported,supported
400,51,14,-0.553330059577992,-0.14818273515149794,-0.5289875569508773,-0.1397860715805559,true,true,supported,supported
400,51,15,-0.5850176155593854,-0.14882521827100403,-0.564001257722832,-0.15297341013444687,true,true,supported,supported
400,52,1,0.0,0.0,0.0,0.0,true,true,supported,supported
400,52,2,-0.05298530839225557,-0.013737289134969966,-0.04546743062120617,-0.009263535895236208,true,true,supported,supported
400,52,3,-0.10749714300367263,-0.03374496644440872,-0.09013118890064764,-0.018713661427476103,true,true,supported,supported
400,52,4,-0.16252146601626505,-0.04228710002531322,-0.13399646036816137,-0.028363255966455614,true,true,supported,supported
400,52,5,-0.1669958620242752,-0.03417445879805847,-0.17707012754902263,-0.03822704077541306,true,true,supported,supported
400,52,6,-0.22101683192116095,-0.05202285754826508,-0.2193529060667695,-0.048319987960583344,true,true,supported,supported
400,52,7,-0.2565590515113485,-0.06129343038385282,-0.26084922894230167,-0.058659794241044616,true,true,supported,supported
400,52,8,-0.31769104724507724,-0.07528854661899864,-0.30155597406893997,-0.06926441897520075,true,true,supported,supported
400,52,9,-0.3528724718334374,-0.1043268665286986,-0.3414747286211718,-0.08015535356275927,true,true,supported,supported
400,52,10,-0.39092822011074424,-0.10914631466654334,-0.3805989483691493,-0.0913546916807021,true,true,supported,supported
400,52,11,-0.422982204957833,-0.1102023294318838,-0.4189201794847023,-0.10288697636487121,true,true,supported,supported
400,52,12,-0.46206557753031907,-0.1283192651845827,-0.4564316208000643,-0.11478077131055986,true,true,supported,supported
400,52,13,-0.49132373029492127,-0.1415034039515164,-0.49312724350451986,-0.12706926232843518,true,true,supported,supported
400,52,14,-0.5335188439724491,-0.17510906794599013,-0.5289875569508773,-0.1397860715805559,true,true,supported,supported
400,52,15,-0.5769037934024998,-0.15983874445273383,-0.564001257722832,-0.15297341013444687,true,true,supported,supported
400,53,1,0.0,0.0,0.0,0.0,true,true,supported,supported
400,53,2,-0.07459298795625058,-0.012223612022630781,-0.04546743062120617,-0.009263535895236208,true,true,supported,supported
400,53,3,-0.09874443573245173,-0.019431431062131632,-0.09013118890064764,-0.018713661427476103,true,true,supported,supported
400,53,4,-0.1374036477593581,-0.02217386486457129,-0.13399646036816137,-0.028363255966455614,true,true,supported,supported
400,53,5,-0.18865912006048413,-0.03653501605946474,-0.17707012754902263,-0.03822704077541306,true,true,supported,supported
400,53,6,-0.2226858423164647,-0.03928860702283987,-0.2193529060667695,-0.048319987960583344,true,true,supported,supported
400,53,7,-0.2647801133737613,-0.04769778467561936,-0.26084922894230167,-0.058659794241044616,true,true,supported,supported
400,53,8,-0.31283383083519434,-0.07514289998183399,-0.30155597406893997,-0.06926441897520075,true,true,supported,supported
400,53,9,-0.3560616597572226,-0.08626422613713514,-0.3414747286211718,-0.08015535356275927,true,true,supported,supported
400,53,10,-0.3852173696633303,-0.09517088295488552,-0.3805989483691493,-0.0913546916807021,true,true,supported,supported
400,53,11,-0.4300964588339524,-0.11700226707219674,-0.4189201794847023,-0.10288697636487121,true,true,supported,supported
400,53,12,-0.44861223471331946,-0.11563566304338024,-0.4564316208000643,-0.11478077131055986,true,true,supported,supported
400,53,13,-0.5003764336779453,-0.15708096965217966,-0.49312724350451986,-0.12706926232843518,true,true,supported,supported
400,53,14,-0.537535122800155,-0.16051048344484264,-0.5289875569508773,-0.1397860715805559,true,true,supported,supported
400,53,15,-0.5594203380881668,-0.13770280719951145,-0.564001257722832,-0.15297341013444687,true,true,supported,supported
400,54,1,0.0,0.0,0.0,0.0,true,true,supported,supported
400,54,2,-0.048829148689664925,-0.013065585450334538,-0.04546743062120617,-0.009263535895236208,true,true,supported,supported
400,54,3,-0.09021852766517169,-0.02319100526633544,-0.09013118890064764,-0.018713661427476103,true,true,supported,supported
400,54,4,-0.13374067836297743,-0.02378017946987665,-0.13399646036816137,-0.028363255966455614,true,true,supported,supported
400,54,5,-0.1695476754014179,-0.03140574058224854,-0.17707012754902263,-0.03822704077541306,true,true,supported,supported
400,54,6,-0.20962262774424367,-0.04842467453646915,-0.2193529060667695,-0.048319987960583344,true,true,supported,supported
400,54,7,-0.2700417440658188,-0.06852928090331101,-0.26084922894230167,-0.058659794241044616,true,true,supported,supported
400,54,8,-0.28861574742656804,-0.07666728967540348,-0.30155597406893997,-0.06926441897520075,true,true,supported,supported
400,54,9,-0.3367818672929769,-0.06817672024480725,-0.3414747286211718,-0.08015535356275927,true,true,supported,supported
400,54,10,-0.3942407339553696,-0.09516525559820554,-0.3805989483691493,-0.0913546916807021,true,true,supported,supported
400,54,11,-0.44016369062532146,-0.06993730078890392,-0.4189201794847023,-0.10288697636487121,true,true,supported,supported
400,54,12,-0.45282889603556253,-0.11063140601777932,-0.4564316208000643,-0.11478077131055986,true,true,supported,supported
400,54,13,-0.5011153133759605,-0.15676631556866383,-0.49312724350451986,-0.12706926232843518,true,true,supported,supported
400,54,14,-0.5081840262287555,-0.1353912198920484,-0.5289875569508773,-0.1397860715805559,true,true,supported,supported
400,54,15,-0.5517825319208596,-0.15318340433332966,-0.564001257722832,-0.15297341013444687,true,true,supported,supported
400,55,1,0.0,0.0,0.0,0.0,true,true,supported,supported
400,55,2,-0.061653347812244075,-0.026213074755214505,-0.04546743062120617,-0.009263535895236208,true,true,supported,supported
400,55,3,-0.11592264712543143,-0.034800305284450994,-0.09013118890064764,-0.018713661427476103,true,true,supported,supported
400,55,4,-0.15610228640579216,-0.047425814044311565,-0.13399646036816137,-0.028363255966455614,true,true,supported,supported
400,55,5,-0.20092365715922356,-0.05228802476621541,-0.17707012754902263,-0.03822704077541306,true,true,supported,supported
400,55,6,-0.2490734489109836,-0.06482158066139454,-0.2193529060667695,-0.048319987960583344,true,true,supported,supported
400,55,7,-0.30295430943723944,-0.08939257143893431,-0.26084922894230167,-0.058659794241044616,true,true,supported,supported
400,55,8,-0.3159489268179808,-0.09792881174128465,-0.30155597406893997,-0.06926441897520075,true,true,supported,supported
400,55,9,-0.35803115869624014,-0.08070997356825382,-0.3414747286211718,-0.08015535356275927,true,true,supported,supported
400,55,10,-0.40197478559407696,-0.08181405459260571,-0.3805989483691493,-0.0913546916807021,true,true,supported,supported
400,55,11,-0.44270132608698376,-0.14080238009292856,-0.4189201794847023,-0.10288697636487121,true,true,supported,supported
400,55,12,-0.47398309445178377,-0.12913679127025446,-0.4564316208000643,-0.11478077131055986,true,true,supported,supported
400,55,13,-0.507763491919659,-0.12592391478919518,-0.49312724350451986,-0.12706926232843518,true,true,supported,supported
400,55,14,-0.5580609481716656,-0.16517338271898607,-0.5289875569508773,-0.1397860715805559,true,true,supported,supported
400,55,15,-0.5913187133330948,-0.1843682871944493,-0.564001257722832,-0.15297341013444687,true,true,supported,supported
400,56,1,0.0,0.0,0.0,0.0,true,true,supported,supported
400,56,2,-0.04516426746579505,-0.006654273651337639,-0.04546743062120617,-0.009263535895236208,true,true,supported,supported
400,56,3,-0.08085919853903478,-0.007164070111945309,-0.09013118890064764,-0.018713661427476103,true,true,supported,supported
400,56,4,-0.11575409463138331,-0.030265868026336018,-0.13399646036816137,-0.028363255966455614,true,true,supported,supported
400,56,5,-0.15866443468812352,-0.038561362842500224,-0.17707012754902263,-0.03822704077541306,true,true,supported,supported
400,56,6,-0.23008982706611658,-0.06852451485093636,-0.2193529060667695,-0.048319987960583344,true,true,supported,supported
400,56,7,-0.2526459571475318,-0.07345507581009181,-0.26084922894230167,-0.058659794241044616,true,true,supported,supported
400,56,8,-0.2809172070134731,-0.0641282264861125,-0.30155597406893997,-0.06926441897520075,true,true,supported,supported
400,56,9,-0.33615991645378895,-0.0875498739009084,-0.3414747286211718,-0.08015535356275927,true,true,supported,supported
400,56,10,-0.37643130897839616,-0.08054517340998324,-0.3805989483691493,-0.0913546916807021,true,true,supported,supported
400,56,11,-0.4101743544093933,-0.11168291303632061,-0.4189201794847023,-0.10288697636487121,true,true,supported,supported
400,56,12,-0.44130007343070576,-0.11955477155415672,-0.4564316208000643,-0.11478077131055986,true,true,supported,supported
400,56,13,-0.4790882165077177,-0.11725693551388627,-0.49312724350451986,-0.12706926232843518,true,true,supported,supported
400,56,14,-0.5188847108795012,-0.16011091718076387,-0.5289875569508773,-0.1397860715805559,true,true,supported,supported
400,56,15,-0.5434326889601168,-0.14358770522643527,-0.564001257722832,-0.15297341013444687,true,true,supported,supported
400,57,1,0.0,0.0,0.0,0.0,true,true,supported,supported
400,57,2,-0.03949090559190438,-0.005729821300211713,-0.04546743062120617,-0.009263535895236208,true,true,supported,supported
400,57,3,-0.07835211967511868,-0.011835456404584832,-0.09013118890064764,-0.018713661427476103,true,true,supported,supported
400,57,4,-0.12831692024321772,-0.018472948812480627,-0.13399646036816137,-0.028363255966455614,true,true,supported,supported
400,57,5,-0.18435924275538307,-0.04991629119875585,-0.17707012754902263,-0.03822704077541306,true,true,supported,supported
400,57,6,-0.2302769104305712,-0.06577026073811709,-0.2193529060667695,-0.048319987960583344,true,true,supported,supported
400,57,7,-0.2622837654272163,-0.06453432423203165,-0.26084922894230167,-0.058659794241044616,true,true,supported,supported
400,57,8,-0.31138136554024176,-0.07701851845643493,-0.30155597406893997,-0.06926441897520075,true,true,supported,supported
400,57,9,-0.3540436204163333,-0.09286596536910252,-0.3414747286211718,-0.08015535356275927,true,true,supported,supported
400,57,10,-0.3894384280707658,-0.1082586278701334,-0.3805989483691493,-0.0913546916807021,true,true,supported,supported
400,57,11,-0.4048772702232345,-0.09812424861360314,-0.4189201794847023,-0.10288697636487121,true,true,supported,supported
400,57,12,-0.4596968853308784,-0.12644168724755422,-0.4564316208000643,-0.11478077131055986,true,true,supported,supported
400,57,13,-0.4802676165202485,-0.12328536363454123,-0.49312724350451986,-0.12706926232843518,true,true,supported,supported
400,57,14,-0.5131427711209852,-0.11671118122259916,-0.5289875569508773,-0.1397860715805559,true,true,supported,supported
400,57,15,-0.5731803379356771,-0.17244405164614673,-0.564001257722832,-0.15297341013444687,true,true,supported,supported
400,58,1,0.0,0.0,0.0,0.0,true,true,supported,supported
400,58,2,-0.07006140078088041,-0.009839074712482021,-0.04546743062120617,-0.009263535895236208,true,true,supported,supported
400,58,3,-0.10496477170497809,-0.02758567357409336,-0.09013118890064764,-0.018713661427476103,true,true,supported,supported
400,58,4,-0.1453313256499138,-0.04305586810844786,-0.13399646036816137,-0.028363255966455614,true,true,supported,supported
400,58,5,-0.18749639537549523,-0.027561755139748123,-0.17707012754902263,-0.03822704077541306,true,true,supported,supported
400,58,6,-0.24334460914528266,-0.048200702207458423,-0.2193529060667695,-0.048319987960583344,true,true,supported,supported
400,58,7,-0.26797809630817626,-0.05982184749056585,-0.26084922894230167,-0.058659794241044616,true,true,supported,supported
400,58,8,-0.3227389703863597,-0.057958784709574496,-0.30155597406893997,-0.06926441897520075,true,true,supported,supported
400,58,9,-0.3655407612382927,-0.07548351338075177,-0.3414747286211718,-0.08015535356275927,true,true,supported,supported
400,58,10,-0.3947475503334248,-0.08830661274258012,-0.3805989483691493,-0.0913546916807021,true,true,supported,supported
400,58,11,-0.42337572174282645,-0.11403224238877552,-0.4189201794847023,-0.10288697636487121,true,true,supported,supported
400,58,12,-0.4807764388943273,-0.14147696272117727,-0.4564316208000643,-0.11478077131055986,true,true,supported,supported
400,58,13,-0.5139785681485272,-0.11875845178559508,-0.49312724350451986,-0.12706926232843518,true,true,supported,supported
400,58,14,-0.540866674087775,-0.13636005077487634,-0.5289875569508773,-0.1397860715805559,true,true,supported,supported
400,58,15,-0.583496095808778,-0.18644975568023625,-0.564001257722832,-0.15297341013444687,true,true,supported,supported
400,59,1,0.0,0.0,0.0,0.0,true,true,supported,supported
400,59,2,-0.026840538497702626,-0.01204345872670498,-0.04546743062120617,-0.009263535895236208,true,true,supported,supported
400,59,3,-0.10670898618726965,-0.026567303783658236,-0.09013118890064764,-0.018713661427476103,true,true,supported,supported
400,59,4,-0.13943543336488373,-0.025255859550148863,-0.13399646036816137,-0.028363255966455614,true,true,supported,supported
400,59,5,-0.17789313486684,-0.027087806586105878,-0.17707012754902263,-0.03822704077541306,true,true,supported,supported
400,59,6,-0.20708561452972352,-0.0308751210203001,-0.2193529060667695,-0.048319987960583344,true,true,supported,supported
400,59,7,-0.26439782113491606,-0.05399412631253553,-0.26084922894230167,-0.058659794241044616,true,true,supported,supported
400,59,8,-0.3105506046984463,-0.06279904035451178,-0.30155597406893997,-0.06926441897520075,true,true,supported,supported
400,59,9,-0.3384762662055302,-0.07464123397450007,-0.3414747286211718,-0.08015535356275927,true,true,supported,supported
400,59,10,-0.3823727004013998,-0.07814014416177606,-0.3805989483691493,-0.0913546916807021,true,true,supported,supported
400,59,11,-0.4186241751844191,-0.08592892844225553,-0.4189201794847023,-0.10288697636487121,true,true,supported,supported
400,59,12,-0.46381017835839844,-0.12509832069349003,-0.4564316208000643,-0.11478077131055986,true,true,supported,supported
400,59,13,-0.49872044730577125,-0.12604039112274978,-0.49312724350451986,-0.12706926232843518,true,true,supported,supported
400,59,14,-0.5235486338086861,-0.11625870882625722,-0.5289875569508773,-0.1397860715805559,true,true,supported,supported
400,59,15,-0.5454190486741953,-0.10654357077496057,-0.564001257722832,-0.15297341013444687,true,true,supported,supported
400,60,1,0.0,0.0,0.0,0.0,true,true,supported,supported
400,60,2,-0.03346916261208599,-0.019619088829724407,-0.04546743062120617,-0.009263535895236208,true,true,supported,supported
400,60,3,-0.06813928331597197,-0.01675512453061445,-0.09013118890064764,-0.018713661427476103,true,true,supported,supported
400,60,4,-0.12846005071886768,-0.030324933423003797,-0.13399646036816137,-0.028363255966455614,true,true,supported,supported
400,60,5,-0.1723251723513648,-0.04988141735345797,-0.17707012754902263,-0.03822704077541306,true,true,supported,supported
400,60,6,-0.2217690554743067,-0.06205381285109346,-0.2193529060667695,-0.048319987960583344,true,true,supported,supported
400,60,7,-0.25806654028868037,-0.051267816645978126,-0.26084922894230167,-0.058659794241044616,true,true,supported,supported
400,60,8,-0.2901411930565564,-0.06922169328304706,-0.30155597406893997,-0.06926441897520075,true,true,supported,supported
400,60,9,-0.34850619145174955,-0.08706650600143051,-0.3414747286211718,-0.08015535356275927,true,true,supported,supported
400,60,10,-0.38267559773709303,-0.10900658018700615,-0.3805989483691493,-0.0913546916807021,true,true,supported,supported
400,60,11,-0.40872898615105435,-0.09335336365793256,-0.4189201794847023,-0.10288697636487121,true,true,supported,supported
400,60,12,-0.4592760655363547,-0.13644631703621724,-0.4564316208000643,-0.11478077131055986,true,true,supported,supported
400,60,13,-0.4876402599124412,-0.10983406556945807,-0.49312724350451986,-0.12706926232843518,true,true,supported,supported
400,60,14,-0.52148738461893,-0.1269387931408399,-0.5289875569508773,-0.1397860715805559,true,true,supported,supported
400,60,15,-0.55872911779611,-0.17117992679564797,-0.564001257722832,-0.15297341013444687,true,true,supported,supported
400,61,1,0.0,0.0,0.0,0.0,true,true,supported,supported
400,61,2,-0.046808007204542035,-0.014896937725206394,-0.04546743062120617,-0.009263535895236208,true,true,supported,supported
400,61,3,-0.09951295492845369,-0.024602058183334607,-0.09013118890064764,-0.018713661427476103,true,true,supported,supported
400,61,4,-0.13413457442501675,-0.04031505654066192,-0.13399646036816137,-0.028363255966455614,true,true,supported,supported
400,61,5,-0.16847296455175598,-0.03859596498988971,-0.17707012754902263,-0.03822704077541306,true,true,supported,supported
400,61,6,-0.22851245650794338,-0.05876388619047046,-0.2193529060667695,-0.048319987960583344,true,true,supported,supported
400,61,7,-0.27279489050884975,-0.06434941689965634,-0.26084922894230167,-0.058659794241044616,true,true,supported,supported
400,61,8,-0.3212857288342559,-0.07588194603456144,-0.30155597406893997,-0.06926441897520075,true,true,supported,supported
400,61,9,-0.35541039710834677,-0.09672171471791302,-0.3414747286211718,-0.08015535356275927,true,true,supported,supported
400,61,10,-0.3908902992520944,-0.0924351185975002,-0.3805989483691493,-0.0913546916807021,true,true,supported,supported
400,61,11,-0.4338051170601963,-0.10730663950866903,-0.4189201794847023,-0.10288697636487121,true,true,supported,supported
400,61,12,-0.4703227398331835,-0.14973922693076236,-0.4564316208000643,-0.11478077131055986,true,true,supported,supported
400,61,13,-0.5064952601559317,-0.15488162668252992,-0.49312724350451986,-0.12706926232843518,true,true,supported,supported
400,61,14,-0.5291742846480234,-0.16398596361566997,-0.5289875569508773,-0.1397860715805559,true,true,supported,supported
400,61,15,-0.5518305379268464,-0.135243702436875,-0.564001257722832,-0.15297341013444687,true,true,supported,supported
400,62,1,0.0,0.0,0.0,0.0,true,true,supported,supported
400,62,2,-0.06824390185704798,-0.04377513257580168,-0.04546743062120617,-0.009263535895236208,true,true,supported,supported
400,62,3,-0.11038597027850183,-0.034718957981996534,-0.09013118890064764,-0.018713661427476103,true,true,supported,supported
400,62,4,-0.15734304089146645,-0.04854055144454239,-0.13399646036816137,-0.028363255966455614,true,true,supported,supported
400,62,5,-0.1785829646674194,-0.05118124203959107,-0.17707012754902263,-0.03822704077541306,true,true,supported,supported
400,62,6,-0.23057543861434615,-0.06364788688058898,-0.2193529060667695,-0.048319987960583344,true,true,supported,supported
400,62,7,-0.27941128533788595,-0.058795863993280184,-0.26084922894230167,-0.058659794241044616,true,true,supported,supported
400,62,8,-0.2960599119869639,-0.0862929319906397,-0.30155597406893997,-0.06926441897520075,true,true,supported,supported
400,62,9,-0.35227464074604764,-0.0935931298132594,-0.3414747286211718,-0.08015535356275927,true,true,supported,supported
400,62,10,-0.3980518477696964,-0.11805422622349937,-0.3805989483691493,-0.0913546916807021,true,true,supported,supported
400,62,11,-0.4528383112156289,-0.11078342721782397,-0.4189201794847023,-0.10288697636487121,true,true,supported,supported
400,62,12,-0.4683422994233397,-0.11961064137891453,-0.4564316208000643,-0.11478077131055986,true,true,supported,supported
400,62,13,-0.5218083163091523,-0.13410866651955078,-0.49312724350451986,-0.12706926232843518,true,true,supported,supported
400,62,14,-0.5463270703881624,-0.15942837458052117,-0.5289875569508773,-0.1397860715805559,true,true,supported,supported
400,62,15,-0.5781818305253896,-0.15381992724333005,-0.564001257722832,-0.15297341013444687,true,true,supported,supported
400,63,1,0.0,0.0,0.0,0.0,true,true,supported,supported
400,63,2,-0.06513594346259577,-0.024425220545598147,-0.04546743062120617,-0.009263535895236208,true,true,supported,supported
400,63,3,-0.10780344320766533,-0.04528543947852881,-0.09013118890064764,-0.018713661427476103,true,true,supported,supported
400,63,4,-0.1572519178395172,-0.043617488910283164,-0.13399646036816137,-0.028363255966455614,true,true,supported,supported
400,63,5,-0.18269495022921267,-0.030057138400948924,-0.17707012754902263,-0.03822704077541306,true,true,supported,supported
400,63,6,-0.2134981784732921,-0.06618202039348009,-0.2193529060667695,-0.048319987960583344,true,true,supported,supported
400,63,7,-0.2767782816953941,-0.07275271347272683,-0.26084922894230167,-0.058659794241044616,true,true,supported,supported
400,63,8,-0.326703420079813,-0.07090802745544367,-0.30155597406893997,-0.06926441897520075,true,true,supported,supported
400,63,9,-0.3567080312496844,-0.08531251174719079,-0.3414747286211718,-0.08015535356275927,true,true,supported,supported
400,63,10,-0.39133840968075995,-0.09162392555333121,-0.3805989483691493,-0.0913546916807021,true,true,supported,supported
400,63,11,-0.42838284691466344,-0.08794627956523848,-0.4189201794847023,-0.10288697636487121,true,true,supported,supported
400,63,12,-0.47209359157153996,-0.13290724814750288,-0.4564316208000643,-0.11478077131055986,true,true,supported,supported
400,63,13,-0.5047972759291957,-0.14975060150379838,-0.49312724350451986,-0.12706926232843518,true,true,supported,supported
400,63,14,-0.5382532986103454,-0.16159451313058826,-0.5289875569508773,-0.1397860715805559,true,true,supported,supported
400,63,15,-0.5829446171798225,-0.15599805238535147,-0.564001257722832,-0.15297341013444687,true,true,supported,supported
