duration_us,method,draw_id,role,image_q,seed
25,dpfi,0,blank_h,0,20260818:4515:25:2:0:3:0
25,dpfi,0,blank_v,0,20260818:4515:25:2:0:4:0
25,dpfi,0,dark_h,0,20260818:4515:25:2:0:5:0
25,dpfi,0,dark_v,0,20260818:4515:25:2:0:6:0
25,dpfi,0,atom_h,1,20260818:4515:25:2:0:1:1
25,dpfi,0,atom_v,1,20260818:4515:25:2:0:2:1
25,dpfi,0,atom_h,2,20260818:4515:25:2:0:1:2
25,dpfi,0,atom_v,2,20260818:4515:25:2:0:2:2
25,dpfi,0,atom_h,3,20260818:4515:25:2:0:1:3
25,dpfi,0,atom_v,3,20260818:4515:25:2:0:2:3
25,dpfi,0,atom_h,4,20260818:4515:25:2:0:1:4
25,dpfi,0,atom_v,4,20260818:4515:25:2:0:2:4
25,dpfi,0,atom_h,5,20260818:4515:25:2:0:1:5
25,dpfi,0,atom_v,5,20260818:4515:25:2:0:2:5
25,dpfi,0,atom_h,6,20260818:4515:25:2:0:1:6
25,dpfi,0,atom_v,6,20260818:4515:25:2:0:2:6
25,dpfi,0,atom_h,7,20260818:4515:25:2:0:1:7
25,dpfi,0,atom_v,7,20260818:4515:25:2:0:2:7
25,dpfi,0,atom_h,8,20260818:4515:25:2:0:1:8
25,dpfi,0,atom_v,8,20260818:4515:25:2:0:2:8
25,dpfi,0,atom_h,9,20260818:4515:25:2:0:1:9
25,dpfi,0,atom_v,9,20260818:4515:25:2:0:2:9
25,dpfi,0,atom_h,10,20260818:4515:25:2:0:1:10
25,dpfi,0,atom_v,10,20260818:4515:25:2:0:2:10
25,dpfi,0,atom_h,11,20260818:4515:25:2:0:1:11
25,dpfi,0,atom_v,11,20260818:4515:25:2:0:2:11
25,dpfi,0,atom_h,12,20260818:4515:25:2:0:1:12
25,dpfi,0,atom_v,12,20260818:4515:25:2:0:2:12
25,dpfi,0,atom_h,13,20260818:4515:25:2:0:1:13
25,dpfi,0,atom_v,13,20260818:4515:25:2:0:2:13
25,dpfi,0,atom_h,14,20260818:4515:25:2:0:1:14
25,dpfi,0,atom_v,14,20260818:4515:25:2:0:2:14
25,dpfi,0,atom_h,15,20260818:4515:25:2:0:1:15
25,dpfi,0,atom_v,15,20260818:4515:25:2:0:2:15
25,dpfi,1,blank_h,0,20260818:4515:25:2:1:3:0
25,dpfi,1,blank_v,0,20260818:4515:25:2:1:4:0
25,dpfi,1,dark_h,0,20260818:4515:25:2:1:5:0
25,dpfi,1,dark_v,0,20260818:4515:25:2:1:6:0
25,dpfi,1,atom_h,1,20260818:4515:25:2:1:1:1
25,dpfi,1,atom_v,1,20260818:4515:25:2:1:2:1
25,dpfi,1,atom_h,2,20260818:4515:25:2:1:1:2
25,dpfi,1,atom_v,2,20260818:4515:25:2:1:2:2
25,dpfi,1,atom_h,3,20260818:4515:25:2:1:1:3
25,dpfi,1,atom_v,3,20260818:4515:25:2:1:2:3
25,dpfi,1,atom_h,4,20260818:4515:25:2:1:1:4
25,dpfi,1,atom_v,4,20260818:4515:25:2:1:2:4
25,dpfi,1,atom_h,5,20260818:4515:25:2:1:1:5
25,dpfi,1,atom_v,5,20260818:4515:25:2:1:2:5
25,dpfi,1,atom_h,6,20260818:4515:25:2:1:1:6
25,dpfi,1,atom_v,6,20260818:4515:25:2:1:2:6
25,dpfi,1,atom_h,7,20260818:4515:25:2:1:1:7
25,dpfi,1,atom_v,7,20260818:4515:25:2:1:2:7
25,dpfi,1,atom_h,8,20260818:4515:25:2:1:1:8
25,dpfi,1,atom_v,8,20260818:4515:25:2:1:2:8
25,dpfi,1,atom_h,9,20260818:4515:25:2:1:1:9
25,dpfi,1,atom_v,9,20260818:4515:25:2:1:2:9
25,dpfi,1,atom_h,10,20260818:4515:25:2:1:1:10
25,dpfi,1,atom_v,10,20260818:4515:25:2:1:2:10
25,dpfi,1,atom_h,11,20260818:4515:25:2:1:1:11
25,dpfi,1,atom_v,11,20260818:4515:25:2:1:2:11
25,dpfi,1,atom_h,12,20260818:4515:25:2:1:1:12
25,dpfi,1,atom_v,12,20260818:4515:25:2:1:2:12
25,dpfi,1,atom_h,13,20260818:4515:25:2:1:1:13
25,dpfi,1,atom_v,13,20260818:4515:25:2:1:2:13
25,dpfi,1,atom_h,14,20260818:4515:25:2:1:1:14
25,dpfi,1,atom_v,14,20260818:4515:25:2:1:2:14
25,dpfi,1,atom_h,15,20260818:4515:25:2:1:1:15
25,dpfi,1,atom_v,15,20260818:4515:25:2:1:2:15
25,dpfi,2,blank_h,0,20260818:4515:25:2:2:3:0
25,dpfi,2,blank_v,0,20260818:4515:25:2:2:4:0
25,dpfi,2,dark_h,0,20260818:4515:25:2:2:5:0
25,dpfi,2,dark_v,0,20260818:4515:25:2:2:6:0
25,dpfi,2,atom_h,1,20260818:4515:25:2:2:1:1
25,dpfi,2,atom_v,1,20260818:4515:25:2:2:2:1
25,dpfi,2,atom_h,2,20260818:4515:25:2:2:1:2
25,dpfi,2,atom_v,2,20260818:4515:25:2:2:2:2
25,dpfi,2,atom_h,3,20260818:4515:25:2:2:1:3
25,dpfi,2,atom_v,3,20260818:4515:25:2:2:2:3
25,dpfi,2,atom_h,4,20260818:4515:25:2:2:1:4
25,dpfi,2,atom_v,4,20260818:4515:25:2:2:2:4
25,dpfi,2,atom_h,5,20260818:4515:25:2:2:1:5
25,dpfi,2,atom_v,5,20260818:4515:25:2:2:2:5
25,dpfi,2,atom_h,6,20260818:4515:25:2:2:1:6
25,dpfi,2,atom_v,6,20260818:4515:25:2:2:2:6
25,dpfi,2,atom_h,7,20260818:4515:25:2:2:1:7
25,dpfi,2,atom_v,7,20260818:4515:25:2:2:2:7
25,dpfi,2,atom_h,8,20260818:4515:25:2:2:1:8
25,dpfi,2,atom_v,8,20260818:4515:25:2:2:2:8
25,dpfi,2,atom_h,9,20260818:4515:25:2:2:1:9
25,dpfi,2,atom_v,9,20260818:4515:25:2:2:2:9
25,dpfi,2,atom_h,10,20260818:4515:25:2:2:1:10
25,dpfi,2,atom_v,10,20260818:4515:25:2:2:2:10
25,dpfi,2,atom_h,11,20260818:4515:25:2:2:1:11
25,dpfi,2,atom_v,11,20260818:4515:25:2:2:2:11
25,dpfi,2,atom_h,12,20260818:4515:25:2:2:1:12
25,dpfi,2,atom_v,12,20260818:4515:25:2:2:2:12
25,dpfi,2,atom_h,13,20260818:4515:25:2:2:1:13
25,dpfi,2,atom_v,13,20260818:4515:25:2:2:2:13
25,dpfi,2,atom_h,14,20260818:4515:25:2:2:1:14
25,dpfi,2,atom_v,14,20260818:4515:25:2:2:2:14
25,dpfi,2,atom_h,15,20260818:4515:25:2:2:1:15
25,dpfi,2,atom_v,15,20260818:4515:25:2:2:2:15
25,dpfi,3,blank_h,0,20260818:4515:25:2:3:3:0
25,dpfi,3,blank_v,0,20260818:4515:25:2:3:4:0
25,dpfi,3,dark_h,0,20260818:4515:25:2:3:5:0
25,dpfi,3,dark_v,0,20260818:4515:25:2:3:6:0
25,dpfi,3,atom_h,1,20260818:4515:25:2:3:1:1
25,dpfi,3,atom_v,1,20260818:4515:25:2:3:2:1
25,dpfi,3,atom_h,2,20260818:4515:25:2:3:1:2
25,dpfi,3,atom_v,2,20260818:4515:25:2:3:2:2
25,dpfi,3,atom_h,3,20260818:4515:25:2:3:1:3
25,dpfi,3,atom_v,3,20260818:4515:25:2:3:2:3
25,dpfi,3,atom_h,4,20260818:4515:25:2:3:1:4
25,dpfi,3,atom_v,4,20260818:4515:25:2:3:2:4
25,dpfi,3,atom_h,5,20260818:4515:25:2:3:1:5
25,dpfi,3,atom_v,5,20260818:4515:25:2:3:2:5
25,dpfi,3,atom_h,6,20260818:4515:25:2:3:1:6
25,dpfi,3,atom_v,6,20260818:4515:25:2:3:2:6
25,dpfi,3,atom_h,7,20260818:4515:25:2:3:1:7
25,dpfi,3,atom_v,7,20260818:4515:25:2:3:2:7
25,dpfi,3,atom_h,8,20260818:4515:25:2:3:1:8
25,dpfi,3,atom_v,8,20260818:4515:25:2:3:2:8
25,dpfi,3,atom_h,9,20260818:4515:25:2:3:1:9
25,dpfi,3,atom_v,9,20260818:4515:25:2:3:2:9
25,dpfi,3,atom_h,10,20260818:4515:25:2:3:1:10
25,dpfi,3,atom_v,10,20260818:4515:25:2:3:2:10
25,dpfi,3,atom_h,11,20260818:4515:25:2:3:1:11
25,dpfi,3,atom_v,11,20260818:4515:25:2:3:2:11
25,dpfi,3,atom_h,12,20260818:4515:25:2:3:1:12
25,dpfi,3,atom_v,12,20260818:4515:25:2:3:2:12
25,dpfi,3,atom_h,13,20260818:4515:25:2:3:1:13
25,dpfi,3,atom_v,13,20260818:4515:25:2:3:2:13
25,dpfi,3,atom_h,14,20260818:4515:25:2:3:1:14
25,dpfi,3,atom_v,14,20260818:4515:25:2:3:2:14
25,dpfi,3,atom_h,15,20260818:4515:25:2:3:1:15
25,dpfi,3,atom_v,15,20260818:4515:25:2:3:2:15
25,dpfi,4,blank_h,0,20260818:4515:25:2:4:3:0
25,dpfi,4,blank_v,0,20260818:4515:25:2:4:4:0
25,dpfi,4,dark_h,0,20260818:4515:25:2:4:5:0
25,dpfi,4,dark_v,0,20260818:4515:25:2:4:6:0
25,dpfi,4,atom_h,1,20260818:4515:25:2:4:1:1
25,dpfi,4,atom_v,1,20260818:4515:25:2:4:2:1
25,dpfi,4,atom_h,2,20260818:4515:25:2:4:1:2
25,dpfi,4,atom_v,2,20260818:4515:25:2:4:2:2
25,dpfi,4,atom_h,3,20260818:4515:25:2:4:1:3
25,dpfi,4,atom_v,3,20260818:4515:25:2:4:2:3
25,dpfi,4,atom_h,4,20260818:4515:25:2:4:1:4
25,dpfi,4,atom_v,4,20260818:4515:25:2:4:2:4
25,dpfi,4,atom_h,5,20260818:4515:25:2:4:1:5
25,dpfi,4,atom_v,5,20260818:4515:25:2:4:2:5
25,dpfi,4,atom_h,6,20260818:4515:25:2:4:1:6
25,dpfi,4,atom_v,6,20260818:4515:25:2:4:2:6
25,dpfi,4,atom_h,7,20260818:4515:25:2:4:1:7
25,dpfi,4,atom_v,7,20260818:4515:25:2:4:2:7
25,dpfi,4,atom_h,8,20260818:4515:25:2:4:1:8
25,dpfi,4,atom_v,8,20260818:4515:25:2:4:2:8
25,dpfi,4,atom_h,9,20260818:4515:25:2:4:1:9
25,dpfi,4,atom_v,9,20260818:4515:25:2:4:2:9
25,dpfi,4,atom_h,10,20260818:4515:25:2:4:1:10
25,dpfi,4,atom_v,10,20260818:4515:25:2:4:2:10
25,dpfi,4,atom_h,11,20260818:4515:25:2:4:1:11
25,dpfi,4,atom_v,11,20260818:4515:25:2:4:2:11
25,dpfi,4,atom_h,12,20260818:4515:25:2:4:1:12
25,dpfi,4,atom_v,12,20260818:4515:25:2:4:2:12
25,dpfi,4,atom_h,13,20260818:4515:25:2:4:1:13
25,dpfi,4,atom_v,13,20260818:4515:25:2:4:2:13
25,dpfi,4,atom_h,14,20260818:4515:25:2:4:1:14
25,dpfi,4,atom_v,14,20260818:4515:25:2:4:2:14
25,dpfi,4,atom_h,15,20260818:4515:25:2:4:1:15
25,dpfi,4,atom_v,15,20260818:4515:25:2:4:2:15
25,dpfi,5,blank_h,0,20260818:4515:25:2:5:3:0
25,dpfi,5,blank_v,0,20260818:4515:25:2:5:4:0
25,dpfi,5,dark_h,0,20260818:4515:25:2:5:5:0
25,dpfi,5,dark_v,0,20260818:4515:25:2:5:6:0
25,dpfi,5,atom_h,1,20260818:4515:25:2:5:1:1
25,dpfi,5,atom_v,1,20260818:4515:25:2:5:2:1
25,dpfi,5,atom_h,2,20260818:4515:25:2:5:1:2
25,dpfi,5,atom_v,2,20260818:4515:25:2:5:2:2
25,dpfi,5,atom_h,3,20260818:4515:25:2:5:1:3
25,dpfi,5,atom_v,3,20260818:4515:25:2:5:2:3
25,dpfi,5,atom_h,4,20260818:4515:25:2:5:1:4
25,dpfi,5,atom_v,4,20260818:4515:25:2:5:2:4
25,dpfi,5,atom_h,5,20260818:4515:25:2:5:1:5
25,dpfi,5,atom_v,5,20260818:4515:25:2:5:2:5
25,dpfi,5,atom_h,6,20260818:4515:25:2:5:1:6
25,dpfi,5,atom_v,6,20260818:4515:25:2:5:2:6
25,dpfi,5,atom_h,7,20260818:4515:25:2:5:1:7
25,dpfi,5,atom_v,7,20260818:4515:25:2:5:2:7
25,dpfi,5,atom_h,8,20260818:4515:25:2:5:1:8
25,dpfi,5,atom_v,8,20260818:4515:25:2:5:2:8
25,dpfi,5,atom_h,9,20260818:4515:25:2:5:1:9
25,dpfi,5,atom_v,9,20260818:4515:25:2:5:2:9
25,dpfi,5,atom_h,10,20260818:4515:25:2:5:1:10
25,dpfi,5,atom_v,10,20260818:4515:25:2:5:2:10
25,dpfi,5,atom_h,11,20260818:4515:25:2:5:1:11
25,dpfi,5,atom_v,11,20260818:4515:25:2:5:2:11
25,dpfi,5,atom_h,12,20260818:4515:25:2:5:1:12
25,dpfi,5,atom_v,12,20260818:4515:25:2:5:2:12
25,dpfi,5,atom_h,13,20260818:4515:25:2:5:1:13
25,dpfi,5,atom_v,13,20260818:4515:25:2:5:2:13
25,dpfi,5,atom_h,14,20260818:4515:25:2:5:1:14
25,dpfi,5,atom_v,14,20260818:4515:25:2:5:2:14
25,dpfi,5,atom_h,15,20260818:4515:25:2:5:1:15
25,dpfi,5,atom_v,15,20260818:4515:25:2:5:2:15
25,dpfi,6,blank_h,0,20260818:4515:25:2:6:3:0
25,dpfi,6,blank_v,0,20260818:4515:25:2:6:4:0
25,dpfi,6,dark_h,0,20260818:4515:25:2:6:5:0
25,dpfi,6,dark_v,0,20260818:4515:25:2:6:6:0
25,dpfi,6,atom_h,1,20260818:4515:25:2:6:1:1
25,dpfi,6,atom_v,1,20260818:4515:25:2:6:2:1
25,dpfi,6,atom_h,2,20260818:4515:25:2:6:1:2
25,dpfi,6,atom_v,2,20260818:4515:25:2:6:2:2
25,dpfi,6,atom_h,3,20260818:4515:25:2:6:1:3
25,dpfi,6,atom_v,3,20260818:4515:25:2:6:2:3
25,dpfi,6,atom_h,4,20260818:4515:25:2:6:1:4
25,dpfi,6,atom_v,4,20260818:4515:25:2:6:2:4
25,dpfi,6,atom_h,5,20260818:4515:25:2:6:1:5
25,dpfi,6,atom_v,5,20260818:4515:25:2:6:2:5
25,dpfi,6,atom_h,6,20260818:4515:25:2:6:1:6
25,dpfi,6,atom_v,6,20260818:4515:25:2:6:2:6
25,dpfi,6,atom_h,7,20260818:4515:25:2:6:1:7
25,dpfi,6,atom_v,7,20260818:4515:25:2:6:2:7
25,dpfi,6,atom_h,8,20260818:4515:25:2:6:1:8
25,dpfi,6,atom_v,8,20260818:4515:25:2:6:2:8
25,dpfi,6,atom_h,9,20260818:4515:25:2:6:1:9
25,dpfi,6,atom_v,9,20260818:4515:25:2:6:2:9
25,dpfi,6,atom_h,10,20260818:4515:25:2:6:1:10
25,dpfi,6,atom_v,10,20260818:4515:25:2:6:2:10
25,dpfi,6,atom_h,11,20260818:4515:25:2:6:1:11
25,dpfi,6,atom_v,11,20260818:4515:25:2:6:2:11
25,dpfi,6,atom_h,12,20260818:4515:25:2:6:1:12
25,dpfi,6,atom_v,12,20260818:4515:25:2:6:2:12
25,dpfi,6,atom_h,13,20260818:4515:25:2:6:1:13
25,dpfi,6,atom_v,13,20260818:4515:25:2:6:2:13
25,dpfi,6,atom_h,14,20260818:4515:25:2:6:1:14
25,dpfi,6,atom_v,14,20260818:4515:25:2:6:2:14
25,dpfi,6,atom_h,15,20260818:4515:25:2:6:1:15
25,dpfi,6,atom_v,15,20260818:4515:25:2:6:2:15
25,dpfi,7,blank_h,0,20260818:4515:25:2:7:3:0
25,dpfi,7,blank_v,0,20260818:4515:25:2:7:4:0
25,dpfi,7,dark_h,0,20260818:4515:25:2:7:5:0
25,dpfi,7,dark_v,0,20260818:4515:25:2:7:6:0
25,dpfi,7,atom_h,1,20260818:4515:25:2:7:1:1
25,dpfi,7,atom_v,1,20260818:4515:25:2:7:2:1
25,dpfi,7,atom_h,2,20260818:4515:25:2:7:1:2
25,dpfi,7,atom_v,2,20260818:4515:25:2:7:2:2
25,dpfi,7,atom_h,3,20260818:4515:25:2:7:1:3
25,dpfi,7,atom_v,3,20260818:4515:25:2:7:2:3
25,dpfi,7,atom_h,4,20260818:4515:25:2:7:1:4
25,dpfi,7,atom_v,4,20260818:4515:25:2:7:2:4
25,dpfi,7,atom_h,5,20260818:4515:25:2:7:1:5
25,dpfi,7,atom_v,5,20260818:4515:25:2:7:2:5
25,dpfi,7,atom_h,6,20260818:4515:25:2:7:1:6
25,dpfi,7,atom_v,6,20260818:4515:25:2:7:2:6
25,dpfi,7,atom_h,7,20260818:4515:25:2:7:1:7
25,dpfi,7,atom_v,7,20260818:4515:25:2:7:2:7
25,dpfi,7,atom_h,8,20260818:4515:25:2:7:1:8
25,dpfi,7,atom_v,8,20260818:4515:25:2:7:2:8
25,dpfi,7,atom_h,9,20260818:4515:25:2:7:1:9
25,dpfi,7,atom_v,9,20260818:4515:25:2:7:2:9
25,dpfi,7,atom_h,10,20260818:4515:25:2:7:1:10
25,dpfi,7,atom_v,10,20260818:4515:25:2:7:2:10
25,dpfi,7,atom_h,11,20260818:4515:25:2:7:1:11
25,dpfi,7,atom_v,11,20260818:4515:25:2:7:2:11
25,dpfi,7,atom_h,12,20260818:4515:25:2:7:1:12
25,dpfi,7,atom_v,12,20260818:4515:25:2:7:2:12
25,dpfi,7,atom_h,13,20260818:4515:25:2:7:1:13
25,dpfi,7,atom_v,13,20260818:4515:25:2:7:2:13
25,dpfi,7,atom_h,14,20260818:4515:25:2:7:1:14
25,dpfi,7,atom_v,14,20260818:4515:25:2:7:2:14
25,dpfi,7,atom_h,15,20260818:4515:25:2:7:1:15
25,dpfi,7,atom_v,15,20260818:4515:25:2:7:2:15
25,dpfi,8,blank_h,0,20260818:4515:25:2:8:3:0
25,dpfi,8,blank_v,0,20260818:4515:25:2:8:4:0
25,dpfi,8,dark_h,0,20260818:4515:25:2:8:5:0
25,dpfi,8,dark_v,0,20260818:4515:25:2:8:6:0
25,dpfi,8,atom_h,1,20260818:4515:25:2:8:1:1
25,dpfi,8,atom_v,1,20260818:4515:25:2:8:2:1
25,dpfi,8,atom_h,2,20260818:4515:25:2:8:1:2
25,dpfi,8,atom_v,2,20260818:4515:25:2:8:2:2
25,dpfi,8,atom_h,3,20260818:4515:25:2:8:1:3
25,dpfi,8,atom_v,3,20260818:4515:25:2:8:2:3
25,dpfi,8,atom_h,4,20260818:4515:25:2:8:1:4
25,dpfi,8,atom_v,4,20260818:4515:25:2:8:2:4
25,dpfi,8,atom_h,5,20260818:4515:25:2:8:1:5
25,dpfi,8,atom_v,5,20260818:4515:25:2:8:2:5
25,dpfi,8,atom_h,6,20260818:4515:25:2:8:1:6
25,dpfi,8,atom_v,6,20260818:4515:25:2:8:2:6
25,dpfi,8,atom_h,7,20260818:4515:25:2:8:1:7
25,dpfi,8,atom_v,7,20260818:4515:25:2:8:2:7
25,dpfi,8,atom_h,8,20260818:4515:25:2:8:1:8
25,dpfi,8,atom_v,8,20260818:4515:25:2:8:2:8
25,dpfi,8,atom_h,9,20260818:4515:25:2:8:1:9
25,dpfi,8,atom_v,9,20260818:4515:25:2:8:2:9
25,dpfi,8,atom_h,10,20260818:4515:25:2:8:1:10
25,dpfi,8,atom_v,10,20260818:4515:25:2:8:2:10
25,dpfi,8,atom_h,11,20260818:4515:25:2:8:1:11
25,dpfi,8,atom_v,11,20260818:4515:25:2:8:2:11
25,dpfi,8,atom_h,12,20260818:4515:25:2:8:1:12
25,dpfi,8,atom_v,12,20260818:4515:25:2:8:2:12
25,dpfi,8,atom_h,13,20260818:4515:25:2:8:1:13
25,dpfi,8,atom_v,13,20260818:4515:25:2:8:2:13
25,dpfi,8,atom_h,14,20260818:4515:25:2:8:1:14
25,dpfi,8,atom_v,14,20260818:4515:25:2:8:2:14
25,dpfi,8,atom_h,15,20260818:4515:25:2:8:1:15
25,dpfi,8,atom_v,15,20260818:4515:25:2:8:2:15
25,dpfi,9,blank_h,0,20260818:4515:25:2:9:3:0
25,dpfi,9,blank_v,0,20260818:4515:25:2:9:4:0
25,dpfi,9,dark_h,0,20260818:4515:25:2:9:5:0
25,dpfi,9,dark_v,0,20260818:4515:25:2:9:6:0
25,dpfi,9,atom_h,1,20260818:4515:25:2:9:1:1
25,dpfi,9,atom_v,1,20260818:4515:25:2:9:2:1
25,dpfi,9,atom_h,2,20260818:4515:25:2:9:1:2
25,dpfi,9,atom_v,2,20260818:4515:25:2:9:2:2
25,dpfi,9,atom_h,3,20260818:4515:25:2:9:1:3
25,dpfi,9,atom_v,3,20260818:4515:25:2:9:2:3
25,dpfi,9,atom_h,4,20260818:4515:25:2:9:1:4
25,dpfi,9,atom_v,4,20260818:4515:25:2:9:2:4
25,dpfi,9,atom_h,5,20260818:4515:25:2:9:1:5
25,dpfi,9,atom_v,5,20260818:4515:25:2:9:2:5
25,dpfi,9,atom_h,6,20260818:4515:25:2:9:1:6
25,dpfi,9,atom_v,6,20260818:4515:25:2:9:2:6
25,dpfi,9,atom_h,7,20260818:4515:25:2:9:1:7
25,dpfi,9,atom_v,7,20260818:4515:25:2:9:2:7
25,dpfi,9,atom_h,8,20260818:4515:25:2:9:1:8
25,dpfi,9,atom_v,8,20260818:4515:25:2:9:2:8
25,dpfi,9,atom_h,9,20260818:4515:25:2:9:1:9
25,dpfi,9,atom_v,9,20260818:4515:25:2:9:2:9
25,dpfi,9,atom_h,10,20260818:4515:25:2:9:1:10
25,dpfi,9,atom_v,10,20260818:4515:25:2:9:2:10
25,dpfi,9,atom_h,11,20260818:4515:25:2:9:1:11
25,dpfi,9,atom_v,11,20260818:4515:25:2:9:2:11
25,dpfi,9,atom_h,12,20260818:4515:25:2:9:1:12
25,dpfi,9,atom_v,12,20260818:4515:25:2:9:2:12
25,dpfi,9,atom_h,13,20260818:4515:25:2:9:1:13
25,dpfi,9,atom_v,13,20260818:4515:25:2:9:2:13
25,dpfi,9,atom_h,14,20260818:4515:25:2:9:1:14
25,dpfi,9,atom_v,14,20260818:4515:25:2:9:2:14
25,dpfi,9,atom_h,15,20260818:4515:25:2:9:1:15
25,dpfi,9,atom_v,15,20260818:4515:25:2:9:2:15
25,dpfi,10,blank_h,0,20260818:4515:25:2:10:3:0
25,dpfi,10,blank_v,0,20260818:4515:25:2:10:4:0
25,dpfi,10,dark_h,0,20260818:4515:25:2:10:5:0
25,dpfi,10,dark_v,0,20260818:4515:25:2:10:6:0
25,dpfi,10,atom_h,1,20260818:4515:25:2:10:1:1
25,dpfi,10,atom_v,1,20260818:4515:25:2:10:2:1
25,dpfi,10,atom_h,2,20260818:4515:25:2:10:1:2
25,dpfi,10,atom_v,2,20260818:4515:25:2:10:2:2
25,dpfi,10,atom_h,3,20260818:4515:25:2:10:1:3
25,dpfi,10,atom_v,3,20260818:4515:25:2:10:2:3
25,dpfi,10,atom_h,4,20260818:4515:25:2:10:1:4
25,dpfi,10,atom_v,4,20260818:4515:25:2:10:2:4
25,dpfi,10,atom_h,5,20260818:4515:25:2:10:1:5
25,dpfi,10,atom_v,5,20260818:4515:25:2:10:2:5
25,dpfi,10,atom_h,6,20260818:4515:25:2:10:1:6
25,dpfi,10,atom_v,6,20260818:4515:25:2:10:2:6
25,dpfi,10,atom_h,7,20260818:4515:25:2:10:1:7
25,dpfi,10,atom_v,7,20260818:4515:25:2:10:2:7
25,dpfi,10,atom_h,8,20260818:4515:25:2:10:1:8
25,dpfi,10,atom_v,8,20260818:4515:25:2:10:2:8
25,dpfi,10,atom_h,9,20260818:4515:25:2:10:1:9
25,dpfi,10,atom_v,9,20260818:4515:25:2:10:2:9
25,dpfi,10,atom_h,10,20260818:4515:25:2:10:1:10
25,dpfi,10,atom_v,10,20260818:4515:25:2:10:2:10
25,dpfi,10,atom_h,11,20260818:4515:25:2:10:1:11
25,dpfi,10,atom_v,11,20260818:4515:25:2:10:2:11
25,dpfi,10,atom_h,12,20260818:4515:25:2:10:1:12
25,dpfi,10,atom_v,12,20260818:4515:25:2:10:2:12
25,dpfi,10,atom_h,13,20260818:4515:25:2:10:1:13
25,dpfi,10,atom_v,13,20260818:4515:25:2:10:2:13
25,dpfi,10,atom_h,14,20260818:4515:25:2:10:1:14
25,dpfi,10,atom_v,14,20260818:4515:25:2:10:2:14
25,dpfi,10,atom_h,15,20260818:4515:25:2:10:1:15
25,dpfi,10,atom_v,15,20260818:4515:25:2:10:2:15
25,dpfi,11,blank_h,0,20260818:4515:25:2:11:3:0
25,dpfi,11,blank_v,0,20260818:4515:25:2:11:4:0
25,dpfi,11,dark_h,0,20260818:4515:25:2:11:5:0
25,dpfi,11,dark_v,0,20260818:4515:25:2:11:6:0
25,dpfi,11,atom_h,1,20260818:4515:25:2:11:1:1
25,dpfi,11,atom_v,1,20260818:4515:25:2:11:2:1
25,dpfi,11,atom_h,2,20260818:4515:25:2:11:1:2
25,dpfi,11,atom_v,2,20260818:4515:25:2:11:2:2
25,dpfi,11,atom_h,3,20260818:4515:25:2:11:1:3
25,dpfi,11,atom_v,3,20260818:4515:25:2:11:2:3
25,dpfi,11,atom_h,4,20260818:4515:25:2:11:1:4
25,dpfi,11,atom_v,4,20260818:4515:25:2:11:2:4
25,dpfi,11,atom_h,5,20260818:4515:25:2:11:1:5
25,dpfi,11,atom_v,5,20260818:4515:25:2:11:2:5
25,dpfi,11,atom_h,6,20260818:4515:25:2:11:1:6
25,dpfi,11,atom_v,6,20260818:4515:25:2:11:2:6
25,dpfi,11,atom_h,7,20260818:4515:25:2:11:1:7
25,dpfi,11,atom_v,7,20260818:4515:25:2:11:2:7
25,dpfi,11,atom_h,8,20260818:4515:25:2:11:1:8
25,dpfi,11,atom_v,8,20260818:4515:25:2:11:2:8
25,dpfi,11,atom_h,9,20260818:4515:25:2:11:1:9
25,dpfi,11,atom_v,9,20260818:4515:25:2:11:2:9
25,dpfi,11,atom_h,10,20260818:4515:25:2:11:1:10
25,dpfi,11,atom_v,10,20260818:4515:25:2:11:2:10
25,dpfi,11,atom_h,11,20260818:4515:25:2:11:1:11
25,dpfi,11,atom_v,11,20260818:4515:25:2:11:2:11
25,dpfi,11,atom_h,12,20260818:4515:25:2:11:1:12
25,dpfi,11,atom_v,12,20260818:4515:25:2:11:2:12
25,dpfi,11,atom_h,13,20260818:4515:25:2:11:1:13
25,dpfi,11,atom_v,13,20260818:4515:25:2:11:2:13
25,dpfi,11,atom_h,14,20260818:4515:25:2:11:1:14
25,dpfi,11,atom_v,14,20260818:4515:25:2:11:2:14
25,dpfi,11,atom_h,15,20260818:4515:25:2:11:1:15
25,dpfi,11,atom_v,15,20260818:4515:25:2:11:2:15
25,dpfi,12,blank_h,0,20260818:4515:25:2:12:3:0
25,dpfi,12,blank_v,0,20260818:4515:25:2:12:4:0
25,dpfi,12,dark_h,0,20260818:4515:25:2:12:5:0
25,dpfi,12,dark_v,0,20260818:4515:25:2:12:6:0
25,dpfi,12,atom_h,1,20260818:4515:25:2:12:1:1
25,dpfi,12,atom_v,1,20260818:4515:25:2:12:2:1
25,dpfi,12,atom_h,2,20260818:4515:25:2:12:1:2
25,dpfi,12,atom_v,2,20260818:4515:25:2:12:2:2
25,dpfi,12,atom_h,3,20260818:4515:25:2:12:1:3
25,dpfi,12,atom_v,3,20260818:4515:25:2:12:2:3
25,dpfi,12,atom_h,4,20260818:4515:25:2:12:1:4
25,dpfi,12,atom_v,4,20260818:4515:25:2:12:2:4
25,dpfi,12,atom_h,5,20260818:4515:25:2:12:1:5
25,dpfi,12,atom_v,5,20260818:4515:25:2:12:2:5
25,dpfi,12,atom_h,6,20260818:4515:25:2:12:1:6
25,dpfi,12,atom_v,6,20260818:4515:25:2:12:2:6
25,dpfi,12,atom_h,7,20260818:4515:25:2:12:1:7
25,dpfi,12,atom_v,7,20260818:4515:25:2:12:2:7
25,dpfi,12,atom_h,8,20260818:4515:25:2:12:1:8
25,dpfi,12,atom_v,8,20260818:4515:25:2:12:2:8
25,dpfi,12,atom_h,9,20260818:4515:25:2:12:1:9
25,dpfi,12,atom_v,9,20260818:4515:25:2:12:2:9
25,dpfi,12,atom_h,10,20260818:4515:25:2:12:1:10
25,dpfi,12,atom_v,10,20260818:4515:25:2:12:2:10
25,dpfi,12,atom_h,11,20260818:4515:25:2:12:1:11
25,dpfi,12,atom_v,11,20260818:4515:25:2:12:2:11
25,dpfi,12,atom_h,12,20260818:4515:25:2:12:1:12
25,dpfi,12,atom_v,12,20260818:4515:25:2:12:2:12
25,dpfi,12,atom_h,13,20260818:4515:25:2:12:1:13
25,dpfi,12,atom_v,13,20260818:4515:25:2:12:2:13
25,dpfi,12,atom_h,14,20260818:4515:25:2:12:1:14
25,dpfi,12,atom_v,14,20260818:4515:25:2:12:2:14
25,dpfi,12,atom_h,15,20260818:4515:25:2:12:1:15
25,dpfi,12,atom_v,15,20260818:4515:25:2:12:2:15
25,dpfi,13,blank_h,0,20260818:4515:25:2:13:3:0
25,dpfi,13,blank_v,0,20260818:4515:25:2:13:4:0
25,dpfi,13,dark_h,0,20260818:4515:25:2:13:5:0
25,dpfi,13,dark_v,0,20260818:4515:25:2:13:6:0
25,dpfi,13,atom_h,1,20260818:4515:25:2:13:1:1
25,dpfi,13,atom_v,1,20260818:4515:25:2:13:2:1
25,dpfi,13,atom_h,2,20260818:4515:25:2:13:1:2
25,dpfi,13,atom_v,2,20260818:4515:25:2:13:2:2
25,dpfi,13,atom_h,3,20260818:4515:25:2:13:1:3
25,dpfi,13,atom_v,3,20260818:4515:25:2:13:2:3
25,dpfi,13,atom_h,4,20260818:4515:25:2:13:1:4
25,dpfi,13,atom_v,4,20260818:4515:25:2:13:2:4
25,dpfi,13,atom_h,5,20260818:4515:25:2:13:1:5
25,dpfi,13,atom_v,5,20260818:4515:25:2:13:2:5
25,dpfi,13,atom_h,6,20260818:4515:25:2:13:1:6
25,dpfi,13,atom_v,6,20260818:4515:25:2:13:2:6
25,dpfi,13,atom_h,7,20260818:4515:25:2:13:1:7
25,dpfi,13,atom_v,7,20260818:4515:25:2:13:2:7
25,dpfi,13,atom_h,8,20260818:4515:25:2:13:1:8
25,dpfi,13,atom_v,8,20260818:4515:25:2:13:2:8
25,dpfi,13,atom_h,9,20260818:4515:25:2:13:1:9
25,dpfi,13,atom_v,9,20260818:4515:25:2:13:2:9
25,dpfi,13,atom_h,10,20260818:4515:25:2:13:1:10
25,dpfi,13,atom_v,10,20260818:4515:25:2:13:2:10
25,dpfi,13,atom_h,11,20260818:4515:25:2:13:1:11
25,dpfi,13,atom_v,11,20260818:4515:25:2:13:2:11
25,dpfi,13,atom_h,12,20260818:4515:25:2:13:1:12
25,dpfi,13,atom_v,12,20260818:4515:25:2:13:2:12
25,dpfi,13,atom_h,13,20260818:4515:25:2:13:1:13
25,dpfi,13,atom_v,13,20260818:4515:25:2:13:2:13
25,dpfi,13,atom_h,14,20260818:4515:25:2:13:1:14
25,dpfi,13,atom_v,14,20260818:4515:25:2:13:2:14
25,dpfi,13,atom_h,15,20260818:4515:25:2:13:1:15
25,dpfi,13,atom_v,15,20260818:4515:25:2:13:2:15
25,dpfi,14,blank_h,0,20260818:4515:25:2:14:3:0
25,dpfi,14,blank_v,0,20260818:4515:25:2:14:4:0
25,dpfi,14,dark_h,0,20260818:4515:25:2:14:5:0
25,dpfi,14,dark_v,0,20260818:4515:25:2:14:6:0
25,dpfi,14,atom_h,1,20260818:4515:25:2:14:1:1
25,dpfi,14,atom_v,1,20260818:4515:25:2:14:2:1
25,dpfi,14,atom_h,2,20260818:4515:25:2:14:1:2
25,dpfi,14,atom_v,2,20260818:4515:25:2:14:2:2
25,dpfi,14,atom_h,3,20260818:4515:25:2:14:1:3
25,dpfi,14,atom_v,3,20260818:4515:25:2:14:2:3
25,dpfi,14,atom_h,4,20260818:4515:25:2:14:1:4
25,dpfi,14,atom_v,4,20260818:4515:25:2:14:2:4
25,dpfi,14,atom_h,5,20260818:4515:25:2:14:1:5
25,dpfi,14,atom_v,5,20260818:4515:25:2:14:2:5
25,dpfi,14,atom_h,6,20260818:4515:25:2:14:1:6
25,dpfi,14,atom_v,6,20260818:4515:25:2:14:2:6
25,dpfi,14,atom_h,7,20260818:4515:25:2:14:1:7
25,dpfi,14,atom_v,7,20260818:4515:25:2:14:2:7
25,dpfi,14,atom_h,8,20260818:4515:25:2:14:1:8
25,dpfi,14,atom_v,8,20260818:4515:25:2:14:2:8
25,dpfi,14,atom_h,9,20260818:4515:25:2:14:1:9
25,dpfi,14,atom_v,9,20260818:4515:25:2:14:2:9
25,dpfi,14,atom_h,10,20260818:4515:25:2:14:1:10
25,dpfi,14,atom_v,10,20260818:4515:25:2:14:2:10
25,dpfi,14,atom_h,11,20260818:4515:25:2:14:1:11
25,dpfi,14,atom_v,11,20260818:4515:25:2:14:2:11
25,dpfi,14,atom_h,12,20260818:4515:25:2:14:1:12
25,dpfi,14,atom_v,12,20260818:4515:25:2:14:2:12
25,dpfi,14,atom_h,13,20260818:4515:25:2:14:1:13
25,dpfi,14,atom_v,13,20260818:4515:25:2:14:2:13
25,dpfi,14,atom_h,14,20260818:4515:25:2:14:1:14
25,dpfi,14,atom_v,14,20260818:4515:25:2:14:2:14
25,dpfi,14,atom_h,15,20260818:4515:25:2:14:1:15
25,dpfi,14,atom_v,15,20260818:4515:25:2:14:2:15
25,dpfi,15,blank_h,0,20260818:4515:25:2:15:3:0
25,dpfi,15,blank_v,0,20260818:4515:25:2:15:4:0
25,dpfi,15,dark_h,0,20260818:4515:25:2:15:5:0
25,dpfi,15,dark_v,0,20260818:4515:25:2:15:6:0
25,dpfi,15,atom_h,1,20260818:4515:25:2:15:1:1
25,dpfi,15,atom_v,1,20260818:4515:25:2:15:2:1
25,dpfi,15,atom_h,2,20260818:4515:25:2:15:1:2
25,dpfi,15,atom_v,2,20260818:4515:25:2:15:2:2
25,dpfi,15,atom_h,3,20260818:4515:25:2:15:1:3
25,dpfi,15,atom_v,3,20260818:4515:25:2:15:2:3
25,dpfi,15,atom_h,4,20260818:4515:25:2:15:1:4
25,dpfi,15,atom_v,4,20260818:4515:25:2:15:2:4
25,dpfi,15,atom_h,5,20260818:4515:25:2:15:1:5
25,dpfi,15,atom_v,5,20260818:4515:25:2:15:2:5
25,dpfi,15,atom_h,6,20260818:4515:25:2:15:1:6
25,dpfi,15,atom_v,6,20260818:4515:25:2:15:2:6
25,dpfi,15,atom_h,7,20260818:4515:25:2:15:1:7
25,dpfi,15,atom_v,7,20260818:4515:25:2:15:2:7
25,dpfi,15,atom_h,8,20260818:4515:25:2:15:1:8
25,dpfi,15,atom_v,8,20260818:4515:25:2:15:2:8
25,dpfi,15,atom_h,9,20260818:4515:25:2:15:1:9
25,dpfi,15,atom_v,9,20260818:4515:25:2:15:2:9
25,dpfi,15,atom_h,10,20260818:4515:25:2:15:1:10
25,dpfi,15,atom_v,10,20260818:4515:25:2:15:2:10
25,dpfi,15,atom_h,11,20260818:4515:25:2:15:1:11
25,dpfi,15,atom_v,11,20260818:4515:25:2:15:2:11
25,dpfi,15,atom_h,12,20260818:4515:25:2:15:1:12
25,dpfi,15,atom_v,12,20260818:4515:25:2:15:2:12
25,dpfi,15,atom_h,13,20260818:4515:25:2:15:1:13
25,dpfi,15,atom_v,13,20260818:4515:25:2:15:2:13
25,dpfi,15,atom_h,14,20260818:4515:25:2:15:1:14
25,dpfi,15,atom_v,14,20260818:4515:25:2:15:2:14
25,dpfi,15,atom_h,15,20260818:4515:25:2:15:1:15
25,dpfi,15,atom_v,15,20260818:4515:25:2:15:2:15
25,dpfi,16,blank_h,0,20260818:4515:25:2:16:3:0
25,dpfi,16,blank_v,0,20260818:4515:25:2:16:4:0
25,dpfi,16,dark_h,0,20260818:4515:25:2:16:5:0
25,dpfi,16,dark_v,0,20260818:4515:25:2:16:6:0
25,dpfi,16,atom_h,1,20260818:4515:25:2:16:1:1
25,dpfi,16,atom_v,1,20260818:4515:25:2:16:2:1
25,dpfi,16,atom_h,2,20260818:4515:25:2:16:1:2
25,dpfi,16,atom_v,2,20260818:4515:25:2:16:2:2
25,dpfi,16,atom_h,3,20260818:4515:25:2:16:1:3
25,dpfi,16,atom_v,3,20260818:4515:25:2:16:2:3
25,dpfi,16,atom_h,4,20260818:4515:25:2:16:1:4
25,dpfi,16,atom_v,4,20260818:4515:25:2:16:2:4
25,dpfi,16,atom_h,5,20260818:4515:25:2:16:1:5
25,dpfi,16,atom_v,5,20260818:4515:25:2:16:2:5
25,dpfi,16,atom_h,6,20260818:4515:25:2:16:1:6
25,dpfi,16,atom_v,6,20260818:4515:25:2:16:2:6
25,dpfi,16,atom_h,7,20260818:4515:25:2:16:1:7
25,dpfi,16,atom_v,7,20260818:4515:25:2:16:2:7
25,dpfi,16,atom_h,8,20260818:4515:25:2:16:1:8
25,dpfi,16,atom_v,8,20260818:4515:25:2:16:2:8
25,dpfi,16,atom_h,9,20260818:4515:25:2:16:1:9
25,dpfi,16,atom_v,9,20260818:4515:25:2:16:2:9
25,dpfi,16,atom_h,10,20260818:4515:25:2:16:1:10
25,dpfi,16,atom_v,10,20260818:4515:25:2:16:2:10
25,dpfi,16,atom_h,11,20260818:4515:25:2:16:1:11
25,dpfi,16,atom_v,11,20260818:4515:25:2:16:2:11
25,dpfi,16,atom_h,12,20260818:4515:25:2:16:1:12
25,dpfi,16,atom_v,12,20260818:4515:25:2:16:2:12
25,dpfi,16,atom_h,13,20260818:4515:25:2:16:1:13
25,dpfi,16,atom_v,13,20260818:4515:25:2:16:2:13
25,dpfi,16,atom_h,14,20260818:4515:25:2:16:1:14
25,dpfi,16,atom_v,14,20260818:4515:25:2:16:2:14
25,dpfi,16,atom_h,15,20260818:4515:25:2:16:1:15
25,dpfi,16,atom_v,15,20260818:4515:25:2:16:2:15
25,dpfi,17,blank_h,0,20260818:4515:25:2:17:3:0
25,dpfi,17,blank_v,0,20260818:4515:25:2:17:4:0
25,dpfi,17,dark_h,0,20260818:4515:25:2:17:5:0
25,dpfi,17,dark_v,0,20260818:4515:25:2:17:6:0
25,dpfi,17,atom_h,1,20260818:4515:25:2:17:1:1
25,dpfi,17,atom_v,1,20260818:4515:25:2:17:2:1
25,dpfi,17,atom_h,2,20260818:4515:25:2:17:1:2
25,dpfi,17,atom_v,2,20260818:4515:25:2:17:2:2
25,dpfi,17,atom_h,3,20260818:4515:25:2:17:1:3
25,dpfi,17,atom_v,3,20260818:4515:25:2:17:2:3
25,dpfi,17,atom_h,4,20260818:4515:25:2:17:1:4
25,dpfi,17,atom_v,4,20260818:4515:25:2:17:2:4
25,dpfi,17,atom_h,5,20260818:4515:25:2:17:1:5
25,dpfi,17,atom_v,5,20260818:4515:25:2:17:2:5
25,dpfi,17,atom_h,6,20260818:4515:25:2:17:1:6
25,dpfi,17,atom_v,6,20260818:4515:25:2:17:2:6
25,dpfi,17,atom_h,7,20260818:4515:25:2:17:1:7
25,dpfi,17,atom_v,7,20260818:4515:25:2:17:2:7
25,dpfi,17,atom_h,8,20260818:4515:25:2:17:1:8
25,dpfi,17,atom_v,8,20260818:4515:25:2:17:2:8
25,dpfi,17,atom_h,9,20260818:4515:25:2:17:1:9
25,dpfi,17,atom_v,9,20260818:4515:25:2:17:2:9
25,dpfi,17,atom_h,10,20260818:4515:25:2:17:1:10
25,dpfi,17,atom_v,10,20260818:4515:25:2:17:2:10
25,dpfi,17,atom_h,11,20260818:4515:25:2:17:1:11
25,dpfi,17,atom_v,11,20260818:4515:25:2:17:2:11
25,dpfi,17,atom_h,12,20260818:4515:25:2:17:1:12
25,dpfi,17,atom_v,12,20260818:4515:25:2:17:2:12
25,dpfi,17,atom_h,13,20260818:4515:25:2:17:1:13
25,dpfi,17,atom_v,13,20260818:4515:25:2:17:2:13
25,dpfi,17,atom_h,14,20260818:4515:25:2:17:1:14
25,dpfi,17,atom_v,14,20260818:4515:25:2:17:2:14
25,dpfi,17,atom_h,15,20260818:4515:25:2:17:1:15
25,dpfi,17,atom_v,15,20260818:4515:25:2:17:2:15
25,dpfi,18,blank_h,0,20260818:4515:25:2:18:3:0
25,dpfi,18,blank_v,0,20260818:4515:25:2:18:4:0
25,dpfi,18,dark_h,0,20260818:4515:25:2:18:5:0
25,dpfi,18,dark_v,0,20260818:4515:25:2:18:6:0
25,dpfi,18,atom_h,1,20260818:4515:25:2:18:1:1
25,dpfi,18,atom_v,1,20260818:4515:25:2:18:2:1
25,dpfi,18,atom_h,2,20260818:4515:25:2:18:1:2
25,dpfi,18,atom_v,2,20260818:4515:25:2:18:2:2
25,dpfi,18,atom_h,3,20260818:4515:25:2:18:1:3
25,dpfi,18,atom_v,3,20260818:4515:25:2:18:2:3
25,dpfi,18,atom_h,4,20260818:4515:25:2:18:1:4
25,dpfi,18,atom_v,4,20260818:4515:25:2:18:2:4
25,dpfi,18,atom_h,5,20260818:4515:25:2:18:1:5
25,dpfi,18,atom_v,5,20260818:4515:25:2:18:2:5
25,dpfi,18,atom_h,6,20260818:4515:25:2:18:1:6
25,dpfi,18,atom_v,6,20260818:4515:25:2:18:2:6
25,dpfi,18,atom_h,7,20260818:4515:25:2:18:1:7
25,dpfi,18,atom_v,7,20260818:4515:25:2:18:2:7
25,dpfi,18,atom_h,8,20260818:4515:25:2:18:1:8
25,dpfi,18,atom_v,8,20260818:4515:25:2:18:2:8
25,dpfi,18,atom_h,9,20260818:4515:25:2:18:1:9
25,dpfi,18,atom_v,9,20260818:4515:25:2:18:2:9
25,dpfi,18,atom_h,10,20260818:4515:25:2:18:1:10
25,dpfi,18,atom_v,10,20260818:4515:25:2:18:2:10
25,dpfi,18,atom_h,11,20260818:4515:25:2:18:1:11
25,dpfi,18,atom_v,11,20260818:4515:25:2:18:2:11
25,dpfi,18,atom_h,12,20260818:4515:25:2:18:1:12
25,dpfi,18,atom_v,12,20260818:4515:25:2:18:2:12
25,dpfi,18,atom_h,13,20260818:4515:25:2:18:1:13
25,dpfi,18,atom_v,13,20260818:4515:25:2:18:2:13
25,dpfi,18,atom_h,14,20260818:4515:25:2:18:1:14
25,dpfi,18,atom_v,14,20260818:4515:25:2:18:2:14
25,dpfi,18,atom_h,15,20260818:4515:25:2:18:1:15
25,dpfi,18,atom_v,15,20260818:4515:25:2:18:2:15
25,dpfi,19,blank_h,0,20260818:4515:25:2:19:3:0
25,dpfi,19,blank_v,0,20260818:4515:25:2:19:4:0
25,dpfi,19,dark_h,0,20260818:4515:25:2:19:5:0
25,dpfi,19,dark_v,0,20260818:4515:25:2:19:6:0
25,dpfi,19,atom_h,1,20260818:4515:25:2:19:1:1
25,dpfi,19,atom_v,1,20260818:4515:25:2:19:2:1
25,dpfi,19,atom_h,2,20260818:4515:25:2:19:1:2
25,dpfi,19,atom_v,2,20260818:4515:25:2:19:2:2
25,dpfi,19,atom_h,3,20260818:4515:25:2:19:1:3
25,dpfi,19,atom_v,3,20260818:4515:25:2:19:2:3
25,dpfi,19,atom_h,4,20260818:4515:25:2:19:1:4
25,dpfi,19,atom_v,4,20260818:4515:25:2:19:2:4
25,dpfi,19,atom_h,5,20260818:4515:25:2:19:1:5
25,dpfi,19,atom_v,5,20260818:4515:25:2:19:2:5
25,dpfi,19,atom_h,6,20260818:4515:25:2:19:1:6
25,dpfi,19,atom_v,6,20260818:4515:25:2:19:2:6
25,dpfi,19,atom_h,7,20260818:4515:25:2:19:1:7
25,dpfi,19,atom_v,7,20260818:4515:25:2:19:2:7
25,dpfi,19,atom_h,8,20260818:4515:25:2:19:1:8
25,dpfi,19,atom_v,8,20260818:4515:25:2:19:2:8
25,dpfi,19,atom_h,9,20260818:4515:25:2:19:1:9
25,dpfi,19,atom_v,9,20260818:4515:25:2:19:2:9
25,dpfi,19,atom_h,10,20260818:4515:25:2:19:1:10
25,dpfi,19,atom_v,10,20260818:4515:25:2:19:2:10
25,dpfi,19,atom_h,11,20260818:4515:25:2:19:1:11
25,dpfi,19,atom_v,11,20260818:4515:25:2:19:2:11
25,dpfi,19,atom_h,12,20260818:4515:25:2:19:1:12
25,dpfi,19,atom_v,12,20260818:4515:25:2:19:2:12
25,dpfi,19,atom_h,13,20260818:4515:25:2:19:1:13
25,dpfi,19,atom_v,13,20260818:4515:25:2:19:2:13
25,dpfi,19,atom_h,14,20260818:4515:25:2:19:1:14
25,dpfi,19,atom_v,14,20260818:4515:25:2:19:2:14
25,dpfi,19,atom_h,15,20260818:4515:25:2:19:1:15
25,dpfi,19,atom_v,15,20260818:4515:25:2:19:2:15
25,dpfi,20,blank_h,0,20260818:4515:25:2:20:3:0
25,dpfi,20,blank_v,0,20260818:4515:25:2:20:4:0
25,dpfi,20,dark_h,0,20260818:4515:25:2:20:5:0
25,dpfi,20,dark_v,0,20260818:4515:25:2:20:6:0
25,dpfi,20,atom_h,1,20260818:4515:25:2:20:1:1
25,dpfi,20,atom_v,1,20260818:4515:25:2:20:2:1
25,dpfi,20,atom_h,2,20260818:4515:25:2:20:1:2
25,dpfi,20,atom_v,2,20260818:4515:25:2:20:2:2
25,dpfi,20,atom_h,3,20260818:4515:25:2:20:1:3
25,dpfi,20,atom_v,3,20260818:4515:25:2:20:2:3
25,dpfi,20,atom_h,4,20260818:4515:25:2:20:1:4
25,dpfi,20,atom_v,4,20260818:4515:25:2:20:2:4
25,dpfi,20,atom_h,5,20260818:4515:25:2:20:1:5
25,dpfi,20,atom_v,5,20260818:4515:25:2:20:2:5
25,dpfi,20,atom_h,6,20260818:4515:25:2:20:1:6
25,dpfi,20,atom_v,6,20260818:4515:25:2:20:2:6
25,dpfi,20,atom_h,7,20260818:4515:25:2:20:1:7
25,dpfi,20,atom_v,7,20260818:4515:25:2:20:2:7
25,dpfi,20,atom_h,8,20260818:4515:25:2:20:1:8
25,dpfi,20,atom_v,8,20260818:4515:25:2:20:2:8
25,dpfi,20,atom_h,9,20260818:4515:25:2:20:1:9
25,dpfi,20,atom_v,9,20260818:4515:25:2:20:2:9
25,dpfi,20,atom_h,10,20260818:4515:25:2:20:1:10
25,dpfi,20,atom_v,10,20260818:4515:25:2:20:2:10
25,dpfi,20,atom_h,11,20260818:4515:25:2:20:1:11
25,dpfi,20,atom_v,11,20260818:4515:25:2:20:2:11
25,dpfi,20,atom_h,12,20260818:4515:25:2:20:1:12
25,dpfi,20,atom_v,12,20260818:4515:25:2:20:2:12
25,dpfi,20,atom_h,13,20260818:4515:25:2:20:1:13
25,dpfi,20,atom_v,13,20260818:4515:25:2:20:2:13
25,dpfi,20,atom_h,14,20260818:4515:25:2:20:1:14
25,dpfi,20,atom_v,14,20260818:4515:25:2:20:2:14
25,dpfi,20,atom_h,15,20260818:4515:25:2:20:1:15
25,dpfi,20,atom_v,15,20260818:4515:25:2:20:2:15
25,dpfi,21,blank_h,0,20260818:4515:25:2:21:3:0
25,dpfi,21,blank_v,0,20260818:4515:25:2:21:4:0
25,dpfi,21,dark_h,0,20260818:4515:25:2:21:5:0
25,dpfi,21,dark_v,0,20260818:4515:25:2:21:6:0
25,dpfi,21,atom_h,1,20260818:4515:25:2:21:1:1
25,dpfi,21,atom_v,1,20260818:4515:25:2:21:2:1
25,dpfi,21,atom_h,2,20260818:4515:25:2:21:1:2
25,dpfi,21,atom_v,2,20260818:4515:25:2:21:2:2
25,dpfi,21,atom_h,3,20260818:4515:25:2:21:1:3
25,dpfi,21,atom_v,3,20260818:4515:25:2:21:2:3
25,dpfi,21,atom_h,4,20260818:4515:25:2:21:1:4
25,dpfi,21,atom_v,4,20260818:4515:25:2:21:2:4
25,dpfi,21,atom_h,5,20260818:4515:25:2:21:1:5
25,dpfi,21,atom_v,5,20260818:4515:25:2:21:2:5
25,dpfi,21,atom_h,6,20260818:4515:25:2:21:1:6
25,dpfi,21,atom_v,6,20260818:4515:25:2:21:2:6
25,dpfi,21,atom_h,7,20260818:4515:25:2:21:1:7
25,dpfi,21,atom_v,7,20260818:4515:25:2:21:2:7
25,dpfi,21,atom_h,8,20260818:4515:25:2:21:1:8
25,dpfi,21,atom_v,8,20260818:4515:25:2:21:2:8
25,dpfi,21,atom_h,9,20260818:4515:25:2:21:1:9
25,dpfi,21,atom_v,9,20260818:4515:25:2:21:2:9
25,dpfi,21,atom_h,10,20260818:4515:25:2:21:1:10
25,dpfi,21,atom_v,10,20260818:4515:25:2:21:2:10
25,dpfi,21,atom_h,11,20260818:4515:25:2:21:1:11
25,dpfi,21,atom_v,11,20260818:4515:25:2:21:2:11
25,dpfi,21,atom_h,12,20260818:4515:25:2:21:1:12
25,dpfi,21,atom_v,12,20260818:4515:25:2:21:2:12
25,dpfi,21,atom_h,13,20260818:4515:25:2:21:1:13
25,dpfi,21,atom_v,13,20260818:4515:25:2:21:2:13
25,dpfi,21,atom_h,14,20260818:4515:25:2:21:1:14
25,dpfi,21,atom_v,14,20260818:4515:25:2:21:2:14
25,dpfi,21,atom_h,15,20260818:4515:25:2:21:1:15
25,dpfi,21,atom_v,15,20260818:4515:25:2:21:2:15
25,dpfi,22,blank_h,0,20260818:4515:25:2:22:3:0
25,dpfi,22,blank_v,0,20260818:4515:25:2:22:4:0
25,dpfi,22,dark_h,0,20260818:4515:25:2:22:5:0
25,dpfi,22,dark_v,0,20260818:4515:25:2:22:6:0
25,dpfi,22,atom_h,1,20260818:4515:25:2:22:1:1
25,dpfi,22,atom_v,1,20260818:4515:25:2:22:2:1
25,dpfi,22,atom_h,2,20260818:4515:25:2:22:1:2
25,dpfi,22,atom_v,2,20260818:4515:25:2:22:2:2
25,dpfi,22,atom_h,3,20260818:4515:25:2:22:1:3
25,dpfi,22,atom_v,3,20260818:4515:25:2:22:2:3
25,dpfi,22,atom_h,4,20260818:4515:25:2:22:1:4
25,dpfi,22,atom_v,4,20260818:4515:25:2:22:2:4
25,dpfi,22,atom_h,5,20260818:4515:25:2:22:1:5
25,dpfi,22,atom_v,5,20260818:4515:25:2:22:2:5
25,dpfi,22,atom_h,6,20260818:4515:25:2:22:1:6
25,dpfi,22,atom_v,6,20260818:4515:25:2:22:2:6
25,dpfi,22,atom_h,7,20260818:4515:25:2:22:1:7
25,dpfi,22,atom_v,7,20260818:4515:25:2:22:2:7
25,dpfi,22,atom_h,8,20260818:4515:25:2:22:1:8
25,dpfi,22,atom_v,8,20260818:4515:25:2:22:2:8
25,dpfi,22,atom_h,9,20260818:4515:25:2:22:1:9
25,dpfi,22,atom_v,9,20260818:4515:25:2:22:2:9
25,dpfi,22,atom_h,10,20260818:4515:25:2:22:1:10
25,dpfi,22,atom_v,10,20260818:4515:25:2:22:2:10
25,dpfi,22,atom_h,11,20260818:4515:25:2:22:1:11
25,dpfi,22,atom_v,11,20260818:4515:25:2:22:2:11
25,dpfi,22,atom_h,12,20260818:4515:25:2:22:1:12
25,dpfi,22,atom_v,12,20260818:4515:25:2:22:2:12
25,dpfi,22,atom_h,13,20260818:4515:25:2:22:1:13
25,dpfi,22,atom_v,13,20260818:4515:25:2:22:2:13
25,dpfi,22,atom_h,14,20260818:4515:25:2:22:1:14
25,dpfi,22,atom_v,14,20260818:4515:25:2:22:2:14
25,dpfi,22,atom_h,15,20260818:4515:25:2:22:1:15
25,dpfi,22,atom_v,15,20260818:4515:25:2:22:2:15
25,dpfi,23,blank_h,0,20260818:4515:25:2:23:3:0
25,dpfi,23,blank_v,0,20260818:4515:25:2:23:4:0
25,dpfi,23,dark_h,0,20260818:4515:25:2:23:5:0
25,dpfi,23,dark_v,0,20260818:4515:25:2:23:6:0
25,dpfi,23,atom_h,1,20260818:4515:25:2:23:1:1
25,dpfi,23,atom_v,1,20260818:4515:25:2:23:2:1
25,dpfi,23,atom_h,2,20260818:4515:25:2:23:1:2
25,dpfi,23,atom_v,2,20260818:4515:25:2:23:2:2
25,dpfi,23,atom_h,3,20260818:4515:25:2:23:1:3
25,dpfi,23,atom_v,3,20260818:4515:25:2:23:2:3
25,dpfi,23,atom_h,4,20260818:4515:25:2:23:1:4
25,dpfi,23,atom_v,4,20260818:4515:25:2:23:2:4
25,dpfi,23,atom_h,5,20260818:4515:25:2:23:1:5
25,dpfi,23,atom_v,5,20260818:4515:25:2:23:2:5
25,dpfi,23,atom_h,6,20260818:4515:25:2:23:1:6
25,dpfi,23,atom_v,6,20260818:4515:25:2:23:2:6
25,dpfi,23,atom_h,7,20260818:4515:25:2:23:1:7
25,dpfi,23,atom_v,7,20260818:4515:25:2:23:2:7
25,dpfi,23,atom_h,8,20260818:4515:25:2:23:1:8
25,dpfi,23,atom_v,8,20260818:4515:25:2:23:2:8
25,dpfi,23,atom_h,9,20260818:4515:25:2:23:1:9
25,dpfi,23,atom_v,9,20260818:4515:25:2:23:2:9
25,dpfi,23,atom_h,10,20260818:4515:25:2:23:1:10
25,dpfi,23,atom_v,10,20260818:4515:25:2:23:2:10
25,dpfi,23,atom_h,11,20260818:4515:25:2:23:1:11
25,dpfi,23,atom_v,11,20260818:4515:25:2:23:2:11
25,dpfi,23,atom_h,12,20260818:4515:25:2:23:1:12
25,dpfi,23,atom_v,12,20260818:4515:25:2:23:2:12
25,dpfi,23,atom_h,13,20260818:4515:25:2:23:1:13
25,dpfi,23,atom_v,13,20260818:4515:25:2:23:2:13
25,dpfi,23,atom_h,14,20260818:4515:25:2:23:1:14
25,dpfi,23,atom_v,14,20260818:4515:25:2:23:2:14
25,dpfi,23,atom_h,15,20260818:4515:25:2:23:1:15
25,dpfi,23,atom_v,15,20260818:4515:25:2:23:2:15
25,dpfi,24,blank_h,0,20260818:4515:25:2:24:3:0
25,dpfi,24,blank_v,0,20260818:4515:25:2:24:4:0
25,dpfi,24,dark_h,0,20260818:4515:25:2:24:5:0
25,dpfi,24,dark_v,0,20260818:4515:25:2:24:6:0
25,dpfi,24,atom_h,1,20260818:4515:25:2:24:1:1
25,dpfi,24,atom_v,1,20260818:4515:25:2:24:2:1
25,dpfi,24,atom_h,2,20260818:4515:25:2:24:1:2
25,dpfi,24,atom_v,2,20260818:4515:25:2:24:2:2
25,dpfi,24,atom_h,3,20260818:4515:25:2:24:1:3
25,dpfi,24,atom_v,3,20260818:4515:25:2:24:2:3
25,dpfi,24,atom_h,4,20260818:4515:25:2:24:1:4
25,dpfi,24,atom_v,4,20260818:4515:25:2:24:2:4
25,dpfi,24,atom_h,5,20260818:4515:25:2:24:1:5
25,dpfi,24,atom_v,5,20260818:4515:25:2:24:2:5
25,dpfi,24,atom_h,6,20260818:4515:25:2:24:1:6
25,dpfi,24,atom_v,6,20260818:4515:25:2:24:2:6
25,dpfi,24,atom_h,7,20260818:4515:25:2:24:1:7
25,dpfi,24,atom_v,7,20260818:4515:25:2:24:2:7
25,dpfi,24,atom_h,8,20260818:4515:25:2:24:1:8
25,dpfi,24,atom_v,8,20260818:4515:25:2:24:2:8
25,dpfi,24,atom_h,9,20260818:4515:25:2:24:1:9
25,dpfi,24,atom_v,9,20260818:4515:25:2:24:2:9
25,dpfi,24,atom_h,10,20260818:4515:25:2:24:1:10
25,dpfi,24,atom_v,10,20260818:4515:25:2:24:2:10
25,dpfi,24,atom_h,11,20260818:4515:25:2:24:1:11
25,dpfi,24,atom_v,11,20260818:4515:25:2:24:2:11
25,dpfi,24,atom_h,12,20260818:4515:25:2:24:1:12
25,dpfi,24,atom_v,12,20260818:4515:25:2:24:2:12
25,dpfi,24,atom_h,13,20260818:4515:25:2:24:1:13
25,dpfi,24,atom_v,13,20260818:4515:25:2:24:2:13
25,dpfi,24,atom_h,14,20260818:4515:25:2:24:1:14
25,dpfi,24,atom_v,14,20260818:4515:25:2:24:2:14
25,dpfi,24,atom_h,15,20260818:4515:25:2:24:1:15
25,dpfi,24,atom_v,15,20260818:4515:25:2:24:2:15
25,dpfi,25,blank_h,0,20260818:4515:25:2:25:3:0
25,dpfi,25,blank_v,0,20260818:4515:25:2:25:4:0
25,dpfi,25,dark_h,0,20260818:4515:25:2:25:5:0
25,dpfi,25,dark_v,0,20260818:4515:25:2:25:6:0
25,dpfi,25,atom_h,1,20260818:4515:25:2:25:1:1
25,dpfi,25,atom_v,1,20260818:4515:25:2:25:2:1
25,dpfi,25,atom_h,2,20260818:4515:25:2:25:1:2
25,dpfi,25,atom_v,2,20260818:4515:25:2:25:2:2
25,dpfi,25,atom_h,3,20260818:4515:25:2:25:1:3
25,dpfi,25,atom_v,3,20260818:4515:25:2:25:2:3
25,dpfi,25,atom_h,4,20260818:4515:25:2:25:1:4
25,dpfi,25,atom_v,4,20260818:4515:25:2:25:2:4
25,dpfi,25,atom_h,5,20260818:4515:25:2:25:1:5
25,dpfi,25,atom_v,5,20260818:4515:25:2:25:2:5
25,dpfi,25,atom_h,6,20260818:4515:25:2:25:1:6
25,dpfi,25,atom_v,6,20260818:4515:25:2:25:2:6
25,dpfi,25,atom_h,7,20260818:4515:25:2:25:1:7
25,dpfi,25,atom_v,7,20260818:4515:25:2:25:2:7
25,dpfi,25,atom_h,8,20260818:4515:25:2:25:1:8
25,dpfi,25,atom_v,8,20260818:4515:25:2:25:2:8
25,dpfi,25,atom_h,9,20260818:4515:25:2:25:1:9
25,dpfi,25,atom_v,9,20260818:4515:25:2:25:2:9
25,dpfi,25,atom_h,10,20260818:4515:25:2:25:1:10
25,dpfi,25,atom_v,10,20260818:4515:25:2:25:2:10
25,dpfi,25,atom_h,11,20260818:4515:25:2:25:1:11
25,dpfi,25,atom_v,11,20260818:4515:25:2:25:2:11
25,dpfi,25,atom_h,12,20260818:4515:25:2:25:1:12
25,dpfi,25,atom_v,12,20260818:4515:25:2:25:2:12
25,dpfi,25,atom_h,13,20260818:4515:25:2:25:1:13
25,dpfi,25,atom_v,13,20260818:4515:25:2:25:2:13
25,dpfi,25,atom_h,14,20260818:4515:25:2:25:1:14
25,dpfi,25,atom_v,14,20260818:4515:25:2:25:2:14
25,dpfi,25,atom_h,15,20260818:4515:25:2:25:1:15
25,dpfi,25,atom_v,15,20260818:4515:25:2:25:2:15
25,dpfi,26,blank_h,0,20260818:4515:25:2:26:3:0
25,dpfi,26,blank_v,0,20260818:4515:25:2:26:4:0
25,dpfi,26,dark_h,0,20260818:4515:25:2:26:5:0
25,dpfi,26,dark_v,0,20260818:4515:25:2:26:6:0
25,dpfi,26,atom_h,1,20260818:4515:25:2:26:1:1
25,dpfi,26,atom_v,1,20260818:4515:25:2:26:2:1
25,dpfi,26,atom_h,2,20260818:4515:25:2:26:1:2
25,dpfi,26,atom_v,2,20260818:4515:25:2:26:2:2
25,dpfi,26,atom_h,3,20260818:4515:25:2:26:1:3
25,dpfi,26,atom_v,3,20260818:4515:25:2:26:2:3
25,dpfi,26,atom_h,4,20260818:4515:25:2:26:1:4
25,dpfi,26,atom_v,4,20260818:4515:25:2:26:2:4
25,dpfi,26,atom_h,5,20260818:4515:25:2:26:1:5
25,dpfi,26,atom_v,5,20260818:4515:25:2:26:2:5
25,dpfi,26,atom_h,6,20260818:4515:25:2:26:1:6
25,dpfi,26,atom_v,6,20260818:4515:25:2:26:2:6
25,dpfi,26,atom_h,7,20260818:4515:25:2:26:1:7
25,dpfi,26,atom_v,7,20260818:4515:25:2:26:2:7
25,dpfi,26,atom_h,8,20260818:4515:25:2:26:1:8
25,dpfi,26,atom_v,8,20260818:4515:25:2:26:2:8
25,dpfi,26,atom_h,9,20260818:4515:25:2:26:1:9
25,dpfi,26,atom_v,9,20260818:4515:25:2:26:2:9
25,dpfi,26,atom_h,10,20260818:4515:25:2:26:1:10
25,dpfi,26,atom_v,10,20260818:4515:25:2:26:2:10
25,dpfi,26,atom_h,11,20260818:4515:25:2:26:1:11
25,dpfi,26,atom_v,11,20260818:4515:25:2:26:2:11
25,dpfi,26,atom_h,12,20260818:4515:25:2:26:1:12
25,dpfi,26,atom_v,12,20260818:4515:25:2:26:2:12
25,dpfi,26,atom_h,13,20260818:4515:25:2:26:1:13
25,dpfi,26,atom_v,13,20260818:4515:25:2:26:2:13
25,dpfi,26,atom_h,14,20260818:4515:25:2:26:1:14
25,dpfi,26,atom_v,14,20260818:4515:25:2:26:2:14
25,dpfi,26,atom_h,15,20260818:4515:25:2:26:1:15
25,dpfi,26,atom_v,15,20260818:4515:25:2:26:2:15
25,dpfi,27,blank_h,0,20260818:4515:25:2:27:3:0
25,dpfi,27,blank_v,0,20260818:4515:25:2:27:4:0
25,dpfi,27,dark_h,0,20260818:4515:25:2:27:5:0
25,dpfi,27,dark_v,0,20260818:4515:25:2:27:6:0
25,dpfi,27,atom_h,1,20260818:4515:25:2:27:1:1
25,dpfi,27,atom_v,1,20260818:4515:25:2:27:2:1
25,dpfi,27,atom_h,2,20260818:4515:25:2:27:1:2
25,dpfi,27,atom_v,2,20260818:4515:25:2:27:2:2
25,dpfi,27,atom_h,3,20260818:4515:25:2:27:1:3
25,dpfi,27,atom_v,3,20260818:4515:25:2:27:2:3
25,dpfi,27,atom_h,4,20260818:4515:25:2:27:1:4
25,dpfi,27,atom_v,4,20260818:4515:25:2:27:2:4
25,dpfi,27,atom_h,5,20260818:4515:25:2:27:1:5
25,dpfi,27,atom_v,5,20260818:4515:25:2:27:2:5
25,dpfi,27,atom_h,6,20260818:4515:25:2:27:1:6
25,dpfi,27,atom_v,6,20260818:4515:25:2:27:2:6
25,dpfi,27,atom_h,7,20260818:4515:25:2:27:1:7
25,dpfi,27,atom_v,7,20260818:4515:25:2:27:2:7
25,dpfi,27,atom_h,8,20260818:4515:25:2:27:1:8
25,dpfi,27,atom_v,8,20260818:4515:25:2:27:2:8
25,dpfi,27,atom_h,9,20260818:4515:25:2:27:1:9
25,dpfi,27,atom_v,9,20260818:4515:25:2:27:2:9
25,dpfi,27,atom_h,10,20260818:4515:25:2:27:1:10
25,dpfi,27,atom_v,10,20260818:4515:25:2:27:2:10
25,dpfi,27,atom_h,11,20260818:4515:25:2:27:1:11
25,dpfi,27,atom_v,11,20260818:4515:25:2:27:2:11
25,dpfi,27,atom_h,12,20260818:4515:25:2:27:1:12
25,dpfi,27,atom_v,12,20260818:4515:25:2:27:2:12
25,dpfi,27,atom_h,13,20260818:4515:25:2:27:1:13
25,dpfi,27,atom_v,13,20260818:4515:25:2:27:2:13
25,dpfi,27,atom_h,14,20260818:4515:25:2:27:1:14
25,dpfi,27,atom_v,14,20260818:4515:25:2:27:2:14
25,dpfi,27,atom_h,15,20260818:4515:25:2:27:1:15
25,dpfi,27,atom_v,15,20260818:4515:25:2:27:2:15
25,dpfi,28,blank_h,0,20260818:4515:25:2:28:3:0
25,dpfi,28,blank_v,0,20260818:4515:25:2:28:4:0
25,dpfi,28,dark_h,0,20260818:4515:25:2:28:5:0
25,dpfi,28,dark_v,0,20260818:4515:25:2:28:6:0
25,dpfi,28,atom_h,1,20260818:4515:25:2:28:1:1
25,dpfi,28,atom_v,1,20260818:4515:25:2:28:2:1
25,dpfi,28,atom_h,2,20260818:4515:25:2:28:1:2
25,dpfi,28,atom_v,2,20260818:4515:25:2:28:2:2
25,dpfi,28,atom_h,3,20260818:4515:25:2:28:1:3
25,dpfi,28,atom_v,3,20260818:4515:25:2:28:2:3
25,dpfi,28,atom_h,4,20260818:4515:25:2:28:1:4
25,dpfi,28,atom_v,4,20260818:4515:25:2:28:2:4
25,dpfi,28,atom_h,5,20260818:4515:25:2:28:1:5
25,dpfi,28,atom_v,5,20260818:4515:25:2:28:2:5
25,dpfi,28,atom_h,6,20260818:4515:25:2:28:1:6
25,dpfi,28,atom_v,6,20260818:4515:25:2:28:2:6
25,dpfi,28,atom_h,7,20260818:4515:25:2:28:1:7
25,dpfi,28,atom_v,7,20260818:4515:25:2:28:2:7
25,dpfi,28,atom_h,8,20260818:4515:25:2:28:1:8
25,dpfi,28,atom_v,8,20260818:4515:25:2:28:2:8
25,dpfi,28,atom_h,9,20260818:4515:25:2:28:1:9
25,dpfi,28,atom_v,9,20260818:4515:25:2:28:2:9
25,dpfi,28,atom_h,10,20260818:4515:25:2:28:1:10
25,dpfi,28,atom_v,10,20260818:4515:25:2:28:2:10
25,dpfi,28,atom_h,11,20260818:4515:25:2:28:1:11
25,dpfi,28,atom_v,11,20260818:4515:25:2:28:2:11
25,dpfi,28,atom_h,12,20260818:4515:25:2:28:1:12
25,dpfi,28,atom_v,12,20260818:4515:25:2:28:2:12
25,dpfi,28,atom_h,13,20260818:4515:25:2:28:1:13
25,dpfi,28,atom_v,13,20260818:4515:25:2:28:2:13
25,dpfi,28,atom_h,14,20260818:4515:25:2:28:1:14
25,dpfi,28,atom_v,14,20260818:4515:25:2:28:2:14
25,dpfi,28,atom_h,15,20260818:4515:25:2:28:1:15
25,dpfi,28,atom_v,15,20260818:4515:25:2:28:2:15
25,dpfi,29,blank_h,0,20260818:4515:25:2:29:3:0
25,dpfi,29,blank_v,0,20260818:4515:25:2:29:4:0
25,dpfi,29,dark_h,0,20260818:4515:25:2:29:5:0
25,dpfi,29,dark_v,0,20260818:4515:25:2:29:6:0
25,dpfi,29,atom_h,1,20260818:4515:25:2:29:1:1
25,dpfi,29,atom_v,1,20260818:4515:25:2:29:2:1
25,dpfi,29,atom_h,2,20260818:4515:25:2:29:1:2
25,dpfi,29,atom_v,2,20260818:4515:25:2:29:2:2
25,dpfi,29,atom_h,3,20260818:4515:25:2:29:1:3
25,dpfi,29,atom_v,3,20260818:4515:25:2:29:2:3
25,dpfi,29,atom_h,4,20260818:4515:25:2:29:1:4
25,dpfi,29,atom_v,4,20260818:4515:25:2:29:2:4
25,dpfi,29,atom_h,5,20260818:4515:25:2:29:1:5
25,dpfi,29,atom_v,5,20260818:4515:25:2:29:2:5
25,dpfi,29,atom_h,6,20260818:4515:25:2:29:1:6
25,dpfi,29,atom_v,6,20260818:4515:25:2:29:2:6
25,dpfi,29,atom_h,7,20260818:4515:25:2:29:1:7
25,dpfi,29,atom_v,7,20260818:4515:25:2:29:2:7
25,dpfi,29,atom_h,8,20260818:4515:25:2:29:1:8
25,dpfi,29,atom_v,8,20260818:4515:25:2:29:2:8
25,dpfi,29,atom_h,9,20260818:4515:25:2:29:1:9
25,dpfi,29,atom_v,9,20260818:4515:25:2:29:2:9
25,dpfi,29,atom_h,10,20260818:4515:25:2:29:1:10
25,dpfi,29,atom_v,10,20260818:4515:25:2:29:2:10
25,dpfi,29,atom_h,11,20260818:4515:25:2:29:1:11
25,dpfi,29,atom_v,11,20260818:4515:25:2:29:2:11
25,dpfi,29,atom_h,12,20260818:4515:25:2:29:1:12
25,dpfi,29,atom_v,12,20260818:4515:25:2:29:2:12
25,dpfi,29,atom_h,13,20260818:4515:25:2:29:1:13
25,dpfi,29,atom_v,13,20260818:4515:25:2:29:2:13
25,dpfi,29,atom_h,14,20260818:4515:25:2:29:1:14
25,dpfi,29,atom_v,14,20260818:4515:25:2:29:2:14
25,dpfi,29,atom_h,15,20260818:4515:25:2:29:1:15
25,dpfi,29,atom_v,15,20260818:4515:25:2:29:2:15
25,dpfi,30,blank_h,0,20260818:4515:25:2:30:3:0
25,dpfi,30,blank_v,0,20260818:4515:25:2:30:4:0
25,dpfi,30,dark_h,0,20260818:4515:25:2:30:5:0
25,dpfi,30,dark_v,0,20260818:4515:25:2:30:6:0
25,dpfi,30,atom_h,1,20260818:4515:25:2:30:1:1
25,dpfi,30,atom_v,1,20260818:4515:25:2:30:2:1
25,dpfi,30,atom_h,2,20260818:4515:25:2:30:1:2
25,dpfi,30,atom_v,2,20260818:4515:25:2:30:2:2
25,dpfi,30,atom_h,3,20260818:4515:25:2:30:1:3
25,dpfi,30,atom_v,3,20260818:4515:25:2:30:2:3
25,dpfi,30,atom_h,4,20260818:4515:25:2:30:1:4
25,dpfi,30,atom_v,4,20260818:4515:25:2:30:2:4
25,dpfi,30,atom_h,5,20260818:4515:25:2:30:1:5
25,dpfi,30,atom_v,5,20260818:4515:25:2:30:2:5
25,dpfi,30,atom_h,6,20260818:4515:25:2:30:1:6
25,dpfi,30,atom_v,6,20260818:4515:25:2:30:2:6
25,dpfi,30,atom_h,7,20260818:4515:25:2:30:1:7
25,dpfi,30,atom_v,7,20260818:4515:25:2:30:2:7
25,dpfi,30,atom_h,8,20260818:4515:25:2:30:1:8
25,dpfi,30,atom_v,8,20260818:4515:25:2:30:2:8
25,dpfi,30,atom_h,9,20260818:4515:25:2:30:1:9
25,dpfi,30,atom_v,9,20260818:4515:25:2:30:2:9
25,dpfi,30,atom_h,10,20260818:4515:25:2:30:1:10
25,dpfi,30,atom_v,10,20260818:4515:25:2:30:2:10
25,dpfi,30,atom_h,11,20260818:4515:25:2:30:1:11
25,dpfi,30,atom_v,11,20260818:4515:25:2:30:2:11
25,dpfi,30,atom_h,12,20260818:4515:25:2:30:1:12
25,dpfi,30,atom_v,12,20260818:4515:25:2:30:2:12
25,dpfi,30,atom_h,13,20260818:4515:25:2:30:1:13
25,dpfi,30,atom_v,13,20260818:4515:25:2:30:2:13
25,dpfi,30,atom_h,14,20260818:4515:25:2:30:1:14
25,dpfi,30,atom_v,14,20260818:4515:25:2:30:2:14
25,dpfi,30,atom_h,15,20260818:4515:25:2:30:1:15
25,dpfi,30,atom_v,15,20260818:4515:25:2:30:2:15
25,dpfi,31,blank_h,0,20260818:4515:25:2:31:3:0
25,dpfi,31,blank_v,0,20260818:4515:25:2:31:4:0
25,dpfi,31,dark_h,0,20260818:4515:25:2:31:5:0
25,dpfi,31,dark_v,0,20260818:4515:25:2:31:6:0
25,dpfi,31,atom_h,1,20260818:4515:25:2:31:1:1
25,dpfi,31,atom_v,1,20260818:4515:25:2:31:2:1
25,dpfi,31,atom_h,2,20260818:4515:25:2:31:1:2
25,dpfi,31,atom_v,2,20260818:4515:25:2:31:2:2
25,dpfi,31,atom_h,3,20260818:4515:25:2:31:1:3
25,dpfi,31,atom_v,3,20260818:4515:25:2:31:2:3
25,dpfi,31,atom_h,4,20260818:4515:25:2:31:1:4
25,dpfi,31,atom_v,4,20260818:4515:25:2:31:2:4
25,dpfi,31,atom_h,5,20260818:4515:25:2:31:1:5
25,dpfi,31,atom_v,5,20260818:4515:25:2:31:2:5
25,dpfi,31,atom_h,6,20260818:4515:25:2:31:1:6
25,dpfi,31,atom_v,6,20260818:4515:25:2:31:2:6
25,dpfi,31,atom_h,7,20260818:4515:25:2:31:1:7
25,dpfi,31,atom_v,7,20260818:4515:25:2:31:2:7
25,dpfi,31,atom_h,8,20260818:4515:25:2:31:1:8
25,dpfi,31,atom_v,8,20260818:4515:25:2:31:2:8
25,dpfi,31,atom_h,9,20260818:4515:25:2:31:1:9
25,dpfi,31,atom_v,9,20260818:4515:25:2:31:2:9
25,dpfi,31,atom_h,10,20260818:4515:25:2:31:1:10
25,dpfi,31,atom_v,10,20260818:4515:25:2:31:2:10
25,dpfi,31,atom_h,11,20260818:4515:25:2:31:1:11
25,dpfi,31,atom_v,11,20260818:4515:25:2:31:2:11
25,dpfi,31,atom_h,12,20260818:4515:25:2:31:1:12
25,dpfi,31,atom_v,12,20260818:4515:25:2:31:2:12
25,dpfi,31,atom_h,13,20260818:4515:25:2:31:1:13
25,dpfi,31,atom_v,13,20260818:4515:25:2:31:2:13
25,dpfi,31,atom_h,14,20260818:4515:25:2:31:1:14
25,dpfi,31,atom_v,14,20260818:4515:25:2:31:2:14
25,dpfi,31,atom_h,15,20260818:4515:25:2:31:1:15
25,dpfi,31,atom_v,15,20260818:4515:25:2:31:2:15
25,dpfi,32,blank_h,0,20260818:4515:25:2:32:3:0
25,dpfi,32,blank_v,0,20260818:4515:25:2:32:4:0
25,dpfi,32,dark_h,0,20260818:4515:25:2:32:5:0
25,dpfi,32,dark_v,0,20260818:4515:25:2:32:6:0
25,dpfi,32,atom_h,1,20260818:4515:25:2:32:1:1
25,dpfi,32,atom_v,1,20260818:4515:25:2:32:2:1
25,dpfi,32,atom_h,2,20260818:4515:25:2:32:1:2
25,dpfi,32,atom_v,2,20260818:4515:25:2:32:2:2
25,dpfi,32,atom_h,3,20260818:4515:25:2:32:1:3
25,dpfi,32,atom_v,3,20260818:4515:25:2:32:2:3
25,dpfi,32,atom_h,4,20260818:4515:25:2:32:1:4
25,dpfi,32,atom_v,4,20260818:4515:25:2:32:2:4
25,dpfi,32,atom_h,5,20260818:4515:25:2:32:1:5
25,dpfi,32,atom_v,5,20260818:4515:25:2:32:2:5
25,dpfi,32,atom_h,6,20260818:4515:25:2:32:1:6
25,dpfi,32,atom_v,6,20260818:4515:25:2:32:2:6
25,dpfi,32,atom_h,7,20260818:4515:25:2:32:1:7
25,dpfi,32,atom_v,7,20260818:4515:25:2:32:2:7
25,dpfi,32,atom_h,8,20260818:4515:25:2:32:1:8
25,dpfi,32,atom_v,8,20260818:4515:25:2:32:2:8
25,dpfi,32,atom_h,9,20260818:4515:25:2:32:1:9
25,dpfi,32,atom_v,9,20260818:4515:25:2:32:2:9
25,dpfi,32,atom_h,10,20260818:4515:25:2:32:1:10
25,dpfi,32,atom_v,10,20260818:4515:25:2:32:2:10
25,dpfi,32,atom_h,11,20260818:4515:25:2:32:1:11
25,dpfi,32,atom_v,11,20260818:4515:25:2:32:2:11
25,dpfi,32,atom_h,12,20260818:4515:25:2:32:1:12
25,dpfi,32,atom_v,12,20260818:4515:25:2:32:2:12
25,dpfi,32,atom_h,13,20260818:4515:25:2:32:1:13
25,dpfi,32,atom_v,13,20260818:4515:25:2:32:2:13
25,dpfi,32,atom_h,14,20260818:4515:25:2:32:1:14
25,dpfi,32,atom_v,14,20260818:4515:25:2:32:2:14
25,dpfi,32,atom_h,15,20260818:4515:25:2:32:1:15
25,dpfi,32,atom_v,15,20260818:4515:25:2:32:2:15
25,dpfi,33,blank_h,0,20260818:4515:25:2:33:3:0
25,dpfi,33,blank_v,0,20260818:4515:25:2:33:4:0
25,dpfi,33,dark_h,0,20260818:4515:25:2:33:5:0
25,dpfi,33,dark_v,0,20260818:4515:25:2:33:6:0
25,dpfi,33,atom_h,1,20260818:4515:25:2:33:1:1
25,dpfi,33,atom_v,1,20260818:4515:25:2:33:2:1
25,dpfi,33,atom_h,2,20260818:4515:25:2:33:1:2
25,dpfi,33,atom_v,2,20260818:4515:25:2:33:2:2
25,dpfi,33,atom_h,3,20260818:4515:25:2:33:1:3
25,dpfi,33,atom_v,3,20260818:4515:25:2:33:2:3
25,dpfi,33,atom_h,4,20260818:4515:25:2:33:1:4
25,dpfi,33,atom_v,4,20260818:4515:25:2:33:2:4
25,dpfi,33,atom_h,5,20260818:4515:25:2:33:1:5
25,dpfi,33,atom_v,5,20260818:4515:25:2:33:2:5
25,dpfi,33,atom_h,6,20260818:4515:25:2:33:1:6
25,dpfi,33,atom_v,6,20260818:4515:25:2:33:2:6
25,dpfi,33,atom_h,7,20260818:4515:25:2:33:1:7
25,dpfi,33,atom_v,7,20260818:4515:25:2:33:2:7
25,dpfi,33,atom_h,8,20260818:4515:25:2:33:1:8
25,dpfi,33,atom_v,8,20260818:4515:25:2:33:2:8
25,dpfi,33,atom_h,9,20260818:4515:25:2:33:1:9
25,dpfi,33,atom_v,9,20260818:4515:25:2:33:2:9
25,dpfi,33,atom_h,10,20260818:4515:25:2:33:1:10
25,dpfi,33,atom_v,10,20260818:4515:25:2:33:2:10
25,dpfi,33,atom_h,11,20260818:4515:25:2:33:1:11
25,dpfi,33,atom_v,11,20260818:4515:25:2:33:2:11
25,dpfi,33,atom_h,12,20260818:4515:25:2:33:1:12
25,dpfi,33,atom_v,12,20260818:4515:25:2:33:2:12
25,dpfi,33,atom_h,13,20260818:4515:25:2:33:1:13
25,dpfi,33,atom_v,13,20260818:4515:25:2:33:2:13
25,dpfi,33,atom_h,14,20260818:4515:25:2:33:1:14
25,dpfi,33,atom_v,14,20260818:4515:25:2:33:2:14
25,dpfi,33,atom_h,15,20260818:4515:25:2:33:1:15
25,dpfi,33,atom_v,15,20260818:4515:25:2:33:2:15
25,dpfi,34,blank_h,0,20260818:4515:25:2:34:3:0
25,dpfi,34,blank_v,0,20260818:4515:25:2:34:4:0
25,dpfi,34,dark_h,0,20260818:4515:25:2:34:5:0
25,dpfi,34,dark_v,0,20260818:4515:25:2:34:6:0
25,dpfi,34,atom_h,1,20260818:4515:25:2:34:1:1
25,dpfi,34,atom_v,1,20260818:4515:25:2:34:2:1
25,dpfi,34,atom_h,2,20260818:4515:25:2:34:1:2
25,dpfi,34,atom_v,2,20260818:4515:25:2:34:2:2
25,dpfi,34,atom_h,3,20260818:4515:25:2:34:1:3
25,dpfi,34,atom_v,3,20260818:4515:25:2:34:2:3
25,dpfi,34,atom_h,4,20260818:4515:25:2:34:1:4
25,dpfi,34,atom_v,4,20260818:4515:25:2:34:2:4
25,dpfi,34,atom_h,5,20260818:4515:25:2:34:1:5
25,dpfi,34,atom_v,5,20260818:4515:25:2:34:2:5
25,dpfi,34,atom_h,6,20260818:4515:25:2:34:1:6
25,dpfi,34,atom_v,6,20260818:4515:25:2:34:2:6
25,dpfi,34,atom_h,7,20260818:4515:25:2:34:1:7
25,dpfi,34,atom_v,7,20260818:4515:25:2:34:2:7
25,dpfi,34,atom_h,8,20260818:4515:25:2:34:1:8
25,dpfi,34,atom_v,8,20260818:4515:25:2:34:2:8
25,dpfi,34,atom_h,9,20260818:4515:25:2:34:1:9
25,dpfi,34,atom_v,9,20260818:4515:25:2:34:2:9
25,dpfi,34,atom_h,10,20260818:4515:25:2:34:1:10
25,dpfi,34,atom_v,10,20260818:4515:25:2:34:2:10
25,dpfi,34,atom_h,11,20260818:4515:25:2:34:1:11
25,dpfi,34,atom_v,11,20260818:4515:25:2:34:2:11
25,dpfi,34,atom_h,12,20260818:4515:25:2:34:1:12
25,dpfi,34,atom_v,12,20260818:4515:25:2:34:2:12
25,dpfi,34,atom_h,13,20260818:4515:25:2:34:1:13
25,dpfi,34,atom_v,13,20260818:4515:25:2:34:2:13
25,dpfi,34,atom_h,14,20260818:4515:25:2:34:1:14
25,dpfi,34,atom_v,14,20260818:4515:25:2:34:2:14
25,dpfi,34,atom_h,15,20260818:4515:25:2:34:1:15
25,dpfi,34,atom_v,15,20260818:4515:25:2:34:2:15
25,dpfi,35,blank_h,0,20260818:4515:25:2:35:3:0
25,dpfi,35,blank_v,0,20260818:4515:25:2:35:4:0
25,dpfi,35,dark_h,0,20260818:4515:25:2:35:5:0
25,dpfi,35,dark_v,0,20260818:4515:25:2:35:6:0
25,dpfi,35,atom_h,1,20260818:4515:25:2:35:1:1
25,dpfi,35,atom_v,1,20260818:4515:25:2:35:2:1
25,dpfi,35,atom_h,2,20260818:4515:25:2:35:1:2
25,dpfi,35,atom_v,2,20260818:4515:25:2:35:2:2
25,dpfi,35,atom_h,3,20260818:4515:25:2:35:1:3
25,dpfi,35,atom_v,3,20260818:4515:25:2:35:2:3
25,dpfi,35,atom_h,4,20260818:4515:25:2:35:1:4
25,dpfi,35,atom_v,4,20260818:4515:25:2:35:2:4
25,dpfi,35,atom_h,5,20260818:4515:25:2:35:1:5
25,dpfi,35,atom_v,5,20260818:4515:25:2:35:2:5
25,dpfi,35,atom_h,6,20260818:4515:25:2:35:1:6
25,dpfi,35,atom_v,6,20260818:4515:25:2:35:2:6
25,dpfi,35,atom_h,7,20260818:4515:25:2:35:1:7
25,dpfi,35,atom_v,7,20260818:4515:25:2:35:2:7
25,dpfi,35,atom_h,8,20260818:4515:25:2:35:1:8
25,dpfi,35,atom_v,8,20260818:4515:25:2:35:2:8
25,dpfi,35,atom_h,9,20260818:4515:25:2:35:1:9
25,dpfi,35,atom_v,9,20260818:4515:25:2:35:2:9
25,dpfi,35,atom_h,10,20260818:4515:25:2:35:1:10
25,dpfi,35,atom_v,10,20260818:4515:25:2:35:2:10
25,dpfi,35,atom_h,11,20260818:4515:25:2:35:1:11
25,dpfi,35,atom_v,11,20260818:4515:25:2:35:2:11
25,dpfi,35,atom_h,12,20260818:4515:25:2:35:1:12
25,dpfi,35,atom_v,12,20260818:4515:25:2:35:2:12
25,dpfi,35,atom_h,13,20260818:4515:25:2:35:1:13
25,dpfi,35,atom_v,13,20260818:4515:25:2:35:2:13
25,dpfi,35,atom_h,14,20260818:4515:25:2:35:1:14
25,dpfi,35,atom_v,14,20260818:4515:25:2:35:2:14
25,dpfi,35,atom_h,15,20260818:4515:25:2:35:1:15
25,dpfi,35,atom_v,15,20260818:4515:25:2:35:2:15
25,dpfi,36,blank_h,0,20260818:4515:25:2:36:3:0
25,dpfi,36,blank_v,0,20260818:4515:25:2:36:4:0
25,dpfi,36,dark_h,0,20260818:4515:25:2:36:5:0
25,dpfi,36,dark_v,0,20260818:4515:25:2:36:6:0
25,dpfi,36,atom_h,1,20260818:4515:25:2:36:1:1
25,dpfi,36,atom_v,1,20260818:4515:25:2:36:2:1
25,dpfi,36,atom_h,2,20260818:4515:25:2:36:1:2
25,dpfi,36,atom_v,2,20260818:4515:25:2:36:2:2
25,dpfi,36,atom_h,3,20260818:4515:25:2:36:1:3
25,dpfi,36,atom_v,3,20260818:4515:25:2:36:2:3
25,dpfi,36,atom_h,4,20260818:4515:25:2:36:1:4
25,dpfi,36,atom_v,4,20260818:4515:25:2:36:2:4
25,dpfi,36,atom_h,5,20260818:4515:25:2:36:1:5
25,dpfi,36,atom_v,5,20260818:4515:25:2:36:2:5
25,dpfi,36,atom_h,6,20260818:4515:25:2:36:1:6
25,dpfi,36,atom_v,6,20260818:4515:25:2:36:2:6
25,dpfi,36,atom_h,7,20260818:4515:25:2:36:1:7
25,dpfi,36,atom_v,7,20260818:4515:25:2:36:2:7
25,dpfi,36,atom_h,8,20260818:4515:25:2:36:1:8
25,dpfi,36,atom_v,8,20260818:4515:25:2:36:2:8
25,dpfi,36,atom_h,9,20260818:4515:25:2:36:1:9
25,dpfi,36,atom_v,9,20260818:4515:25:2:36:2:9
25,dpfi,36,atom_h,10,20260818:4515:25:2:36:1:10
25,dpfi,36,atom_v,10,20260818:4515:25:2:36:2:10
25,dpfi,36,atom_h,11,20260818:4515:25:2:36:1:11
25,dpfi,36,atom_v,11,20260818:4515:25:2:36:2:11
25,dpfi,36,atom_h,12,20260818:4515:25:2:36:1:12
25,dpfi,36,atom_v,12,20260818:4515:25:2:36:2:12
25,dpfi,36,atom_h,13,20260818:4515:25:2:36:1:13
25,dpfi,36,atom_v,13,20260818:4515:25:2:36:2:13
25,dpfi,36,atom_h,14,20260818:4515:25:2:36:1:14
25,dpfi,36,atom_v,14,20260818:4515:25:2:36:2:14
25,dpfi,36,atom_h,15,20260818:4515:25:2:36:1:15
25,dpfi,36,atom_v,15,20260818:4515:25:2:36:2:15
25,dpfi,37,blank_h,0,20260818:4515:25:2:37:3:0
25,dpfi,37,blank_v,0,20260818:4515:25:2:37:4:0
25,dpfi,37,dark_h,0,20260818:4515:25:2:37:5:0
25,dpfi,37,dark_v,0,20260818:4515:25:2:37:6:0
25,dpfi,37,atom_h,1,20260818:4515:25:2:37:1:1
25,dpfi,37,atom_v,1,20260818:4515:25:2:37:2:1
25,dpfi,37,atom_h,2,20260818:4515:25:2:37:1:2
25,dpfi,37,atom_v,2,20260818:4515:25:2:37:2:2
25,dpfi,37,atom_h,3,20260818:4515:25:2:37:1:3
25,dpfi,37,atom_v,3,20260818:4515:25:2:37:2:3
25,dpfi,37,atom_h,4,20260818:4515:25:2:37:1:4
25,dpfi,37,atom_v,4,20260818:4515:25:2:37:2:4
25,dpfi,37,atom_h,5,20260818:4515:25:2:37:1:5
25,dpfi,37,atom_v,5,20260818:4515:25:2:37:2:5
25,dpfi,37,atom_h,6,20260818:4515:25:2:37:1:6
25,dpfi,37,atom_v,6,20260818:4515:25:2:37:2:6
25,dpfi,37,atom_h,7,20260818:4515:25:2:37:1:7
25,dpfi,37,atom_v,7,20260818:4515:25:2:37:2:7
25,dpfi,37,atom_h,8,20260818:4515:25:2:37:1:8
25,dpfi,37,atom_v,8,20260818:4515:25:2:37:2:8
25,dpfi,37,atom_h,9,20260818:4515:25:2:37:1:9
25,dpfi,37,atom_v,9,20260818:4515:25:2:37:2:9
25,dpfi,37,atom_h,10,20260818:4515:25:2:37:1:10
25,dpfi,37,atom_v,10,20260818:4515:25:2:37:2:10
25,dpfi,37,atom_h,11,20260818:4515:25:2:37:1:11
25,dpfi,37,atom_v,11,20260818:4515:25:2:37:2:11
25,dpfi,37,atom_h,12,20260818:4515:25:2:37:1:12
25,dpfi,37,atom_v,12,20260818:4515:25:2:37:2:12
25,dpfi,37,atom_h,13,20260818:4515:25:2:37:1:13
25,dpfi,37,atom_v,13,20260818:4515:25:2:37:2:13
25,dpfi,37,atom_h,14,20260818:4515:25:2:37:1:14
25,dpfi,37,atom_v,14,20260818:4515:25:2:37:2:14
25,dpfi,37,atom_h,15,20260818:4515:25:2:37:1:15
25,dpfi,37,atom_v,15,20260818:4515:25:2:37:2:15
25,dpfi,38,blank_h,0,20260818:4515:25:2:38:3:0
25,dpfi,38,blank_v,0,20260818:4515:25:2:38:4:0
25,dpfi,38,dark_h,0,20260818:4515:25:2:38:5:0
25,dpfi,38,dark_v,0,20260818:4515:25:2:38:6:0
25,dpfi,38,atom_h,1,20260818:4515:25:2:38:1:1
25,dpfi,38,atom_v,1,20260818:4515:25:2:38:2:1
25,dpfi,38,atom_h,2,20260818:4515:25:2:38:1:2
25,dpfi,38,atom_v,2,20260818:4515:25:2:38:2:2
25,dpfi,38,atom_h,3,20260818:4515:25:2:38:1:3
25,dpfi,38,atom_v,3,20260818:4515:25:2:38:2:3
25,dpfi,38,atom_h,4,20260818:4515:25:2:38:1:4
25,dpfi,38,atom_v,4,20260818:4515:25:2:38:2:4
25,dpfi,38,atom_h,5,20260818:4515:25:2:38:1:5
25,dpfi,38,atom_v,5,20260818:4515:25:2:38:2:5
25,dpfi,38,atom_h,6,20260818:4515:25:2:38:1:6
25,dpfi,38,atom_v,6,20260818:4515:25:2:38:2:6
25,dpfi,38,atom_h,7,20260818:4515:25:2:38:1:7
25,dpfi,38,atom_v,7,20260818:4515:25:2:38:2:7
25,dpfi,38,atom_h,8,20260818:4515:25:2:38:1:8
25,dpfi,38,atom_v,8,20260818:4515:25:2:38:2:8
25,dpfi,38,atom_h,9,20260818:4515:25:2:38:1:9
25,dpfi,38,atom_v,9,20260818:4515:25:2:38:2:9
25,dpfi,38,atom_h,10,20260818:4515:25:2:38:1:10
25,dpfi,38,atom_v,10,20260818:4515:25:2:38:2:10
25,dpfi,38,atom_h,11,20260818:4515:25:2:38:1:11
25,dpfi,38,atom_v,11,20260818:4515:25:2:38:2:11
25,dpfi,38,atom_h,12,20260818:4515:25:2:38:1:12
25,dpfi,38,atom_v,12,20260818:4515:25:2:38:2:12
25,dpfi,38,atom_h,13,20260818:4515:25:2:38:1:13
25,dpfi,38,atom_v,13,20260818:4515:25:2:38:2:13
25,dpfi,38,atom_h,14,20260818:4515:25:2:38:1:14
25,dpfi,38,atom_v,14,20260818:4515:25:2:38:2:14
25,dpfi,38,atom_h,15,20260818:4515:25:2:38:1:15
25,dpfi,38,atom_v,15,20260818:4515:25:2:38:2:15
25,dpfi,39,blank_h,0,20260818:4515:25:2:39:3:0
25,dpfi,39,blank_v,0,20260818:4515:25:2:39:4:0
25,dpfi,39,dark_h,0,20260818:4515:25:2:39:5:0
25,dpfi,39,dark_v,0,20260818:4515:25:2:39:6:0
25,dpfi,39,atom_h,1,20260818:4515:25:2:39:1:1
25,dpfi,39,atom_v,1,20260818:4515:25:2:39:2:1
25,dpfi,39,atom_h,2,20260818:4515:25:2:39:1:2
25,dpfi,39,atom_v,2,20260818:4515:25:2:39:2:2
25,dpfi,39,atom_h,3,20260818:4515:25:2:39:1:3
25,dpfi,39,atom_v,3,20260818:4515:25:2:39:2:3
25,dpfi,39,atom_h,4,20260818:4515:25:2:39:1:4
25,dpfi,39,atom_v,4,20260818:4515:25:2:39:2:4
25,dpfi,39,atom_h,5,20260818:4515:25:2:39:1:5
25,dpfi,39,atom_v,5,20260818:4515:25:2:39:2:5
25,dpfi,39,atom_h,6,20260818:4515:25:2:39:1:6
25,dpfi,39,atom_v,6,20260818:4515:25:2:39:2:6
25,dpfi,39,atom_h,7,20260818:4515:25:2:39:1:7
25,dpfi,39,atom_v,7,20260818:4515:25:2:39:2:7
25,dpfi,39,atom_h,8,20260818:4515:25:2:39:1:8
25,dpfi,39,atom_v,8,20260818:4515:25:2:39:2:8
25,dpfi,39,atom_h,9,20260818:4515:25:2:39:1:9
25,dpfi,39,atom_v,9,20260818:4515:25:2:39:2:9
25,dpfi,39,atom_h,10,20260818:4515:25:2:39:1:10
25,dpfi,39,atom_v,10,20260818:4515:25:2:39:2:10
25,dpfi,39,atom_h,11,20260818:4515:25:2:39:1:11
25,dpfi,39,atom_v,11,20260818:4515:25:2:39:2:11
25,dpfi,39,atom_h,12,20260818:4515:25:2:39:1:12
25,dpfi,39,atom_v,12,20260818:4515:25:2:39:2:12
25,dpfi,39,atom_h,13,20260818:4515:25:2:39:1:13
25,dpfi,39,atom_v,13,20260818:4515:25:2:39:2:13
25,dpfi,39,atom_h,14,20260818:4515:25:2:39:1:14
25,dpfi,39,atom_v,14,20260818:4515:25:2:39:2:14
25,dpfi,39,atom_h,15,20260818:4515:25:2:39:1:15
25,dpfi,39,atom_v,15,20260818:4515:25:2:39:2:15
25,dpfi,40,blank_h,0,20260818:4515:25:2:40:3:0
25,dpfi,40,blank_v,0,20260818:4515:25:2:40:4:0
25,dpfi,40,dark_h,0,20260818:4515:25:2:40:5:0
25,dpfi,40,dark_v,0,20260818:4515:25:2:40:6:0
25,dpfi,40,atom_h,1,20260818:4515:25:2:40:1:1
25,dpfi,40,atom_v,1,20260818:4515:25:2:40:2:1
25,dpfi,40,atom_h,2,20260818:4515:25:2:40:1:2
25,dpfi,40,atom_v,2,20260818:4515:25:2:40:2:2
25,dpfi,40,atom_h,3,20260818:4515:25:2:40:1:3
25,dpfi,40,atom_v,3,20260818:4515:25:2:40:2:3
25,dpfi,40,atom_h,4,20260818:4515:25:2:40:1:4
25,dpfi,40,atom_v,4,20260818:4515:25:2:40:2:4
25,dpfi,40,atom_h,5,20260818:4515:25:2:40:1:5
25,dpfi,40,atom_v,5,20260818:4515:25:2:40:2:5
25,dpfi,40,atom_h,6,20260818:4515:25:2:40:1:6
25,dpfi,40,atom_v,6,20260818:4515:25:2:40:2:6
25,dpfi,40,atom_h,7,20260818:4515:25:2:40:1:7
25,dpfi,40,atom_v,7,20260818:4515:25:2:40:2:7
25,dpfi,40,atom_h,8,20260818:4515:25:2:40:1:8
25,dpfi,40,atom_v,8,20260818:4515:25:2:40:2:8
25,dpfi,40,atom_h,9,20260818:4515:25:2:40:1:9
25,dpfi,40,atom_v,9,20260818:4515:25:2:40:2:9
25,dpfi,40,atom_h,10,20260818:4515:25:2:40:1:10
25,dpfi,40,atom_v,10,20260818:4515:25:2:40:2:10
25,dpfi,40,atom_h,11,20260818:4515:25:2:40:1:11
25,dpfi,40,atom_v,11,20260818:4515:25:2:40:2:11
25,dpfi,40,atom_h,12,20260818:4515:25:2:40:1:12
25,dpfi,40,atom_v,12,20260818:4515:25:2:40:2:12
25,dpfi,40,atom_h,13,20260818:4515:25:2:40:1:13
25,dpfi,40,atom_v,13,20260818:4515:25:2:40:2:13
25,dpfi,40,atom_h,14,20260818:4515:25:2:40:1:14
25,dpfi,40,atom_v,14,20260818:4515:25:2:40:2:14
25,dpfi,40,atom_h,15,20260818:4515:25:2:40:1:15
25,dpfi,40,atom_v,15,20260818:4515:25:2:40:2:15
25,dpfi,41,blank_h,0,20260818:4515:25:2:41:3:0
25,dpfi,41,blank_v,0,20260818:4515:25:2:41:4:0
25,dpfi,41,dark_h,0,20260818:4515:25:2:41:5:0
25,dpfi,41,dark_v,0,20260818:4515:25:2:41:6:0
25,dpfi,41,atom_h,1,20260818:4515:25:2:41:1:1
25,dpfi,41,atom_v,1,20260818:4515:25:2:41:2:1
25,dpfi,41,atom_h,2,20260818:4515:25:2:41:1:2
25,dpfi,41,atom_v,2,20260818:4515:25:2:41:2:2
25,dpfi,41,atom_h,3,20260818:4515:25:2:41:1:3
25,dpfi,41,atom_v,3,20260818:4515:25:2:41:2:3
25,dpfi,41,atom_h,4,20260818:4515:25:2:41:1:4
25,dpfi,41,atom_v,4,20260818:4515:25:2:41:2:4
25,dpfi,41,atom_h,5,20260818:4515:25:2:41:1:5
25,dpfi,41,atom_v,5,20260818:4515:25:2:41:2:5
25,dpfi,41,atom_h,6,20260818:4515:25:2:41:1:6
25,dpfi,41,atom_v,6,20260818:4515:25:2:41:2:6
25,dpfi,41,atom_h,7,20260818:4515:25:2:41:1:7
25,dpfi,41,atom_v,7,20260818:4515:25:2:41:2:7
25,dpfi,41,atom_h,8,20260818:4515:25:2:41:1:8
25,dpfi,41,atom_v,8,20260818:4515:25:2:41:2:8
25,dpfi,41,atom_h,9,20260818:4515:25:2:41:1:9
25,dpfi,41,atom_v,9,20260818:4515:25:2:41:2:9
25,dpfi,41,atom_h,10,20260818:4515:25:2:41:1:10
25,dpfi,41,atom_v,10,20260818:4515:25:2:41:2:10
25,dpfi,41,atom_h,11,20260818:4515:25:2:41:1:11
25,dpfi,41,atom_v,11,20260818:4515:25:2:41:2:11
25,dpfi,41,atom_h,12,20260818:4515:25:2:41:1:12
25,dpfi,41,atom_v,12,20260818:4515:25:2:41:2:12
25,dpfi,41,atom_h,13,20260818:4515:25:2:41:1:13
25,dpfi,41,atom_v,13,20260818:4515:25:2:41:2:13
25,dpfi,41,atom_h,14,20260818:4515:25:2:41:1:14
25,dpfi,41,atom_v,14,20260818:4515:25:2:41:2:14
25,dpfi,41,atom_h,15,20260818:4515:25:2:41:1:15
25,dpfi,41,atom_v,15,20260818:4515:25:2:41:2:15
25,dpfi,42,blank_h,0,20260818:4515:25:2:42:3:0
25,dpfi,42,blank_v,0,20260818:4515:25:2:42:4:0
25,dpfi,42,dark_h,0,20260818:4515:25:2:42:5:0
25,dpfi,42,dark_v,0,20260818:4515:25:2:42:6:0
25,dpfi,42,atom_h,1,20260818:4515:25:2:42:1:1
25,dpfi,42,atom_v,1,20260818:4515:25:2:42:2:1
25,dpfi,42,atom_h,2,20260818:4515:25:2:42:1:2
25,dpfi,42,atom_v,2,20260818:4515:25:2:42:2:2
25,dpfi,42,atom_h,3,20260818:4515:25:2:42:1:3
25,dpfi,42,atom_v,3,20260818:4515:25:2:42:2:3
25,dpfi,42,atom_h,4,20260818:4515:25:2:42:1:4
25,dpfi,42,atom_v,4,20260818:4515:25:2:42:2:4
25,dpfi,42,atom_h,5,20260818:4515:25:2:42:1:5
25,dpfi,42,atom_v,5,20260818:4515:25:2:42:2:5
25,dpfi,42,atom_h,6,20260818:4515:25:2:42:1:6
25,dpfi,42,atom_v,6,20260818:4515:25:2:42:2:6
25,dpfi,42,atom_h,7,20260818:4515:25:2:42:1:7
25,dpfi,42,atom_v,7,20260818:4515:25:2:42:2:7
25,dpfi,42,atom_h,8,20260818:4515:25:2:42:1:8
25,dpfi,42,atom_v,8,20260818:4515:25:2:42:2:8
25,dpfi,42,atom_h,9,20260818:4515:25:2:42:1:9
25,dpfi,42,atom_v,9,20260818:4515:25:2:42:2:9
25,dpfi,42,atom_h,10,20260818:4515:25:2:42:1:10
25,dpfi,42,atom_v,10,20260818:4515:25:2:42:2:10
25,dpfi,42,atom_h,11,20260818:4515:25:2:42:1:11
25,dpfi,42,atom_v,11,20260818:4515:25:2:42:2:11
25,dpfi,42,atom_h,12,20260818:4515:25:2:42:1:12
25,dpfi,42,atom_v,12,20260818:4515:25:2:42:2:12
25,dpfi,42,atom_h,13,20260818:4515:25:2:42:1:13
25,dpfi,42,atom_v,13,20260818:4515:25:2:42:2:13
25,dpfi,42,atom_h,14,20260818:4515:25:2:42:1:14
25,dpfi,42,atom_v,14,20260818:4515:25:2:42:2:14
25,dpfi,42,atom_h,15,20260818:4515:25:2:42:1:15
25,dpfi,42,atom_v,15,20260818:4515:25:2:42:2:15
25,dpfi,43,blank_h,0,20260818:4515:25:2:43:3:0
25,dpfi,43,blank_v,0,20260818:4515:25:2:43:4:0
25,dpfi,43,dark_h,0,20260818:4515:25:2:43:5:0
25,dpfi,43,dark_v,0,20260818:4515:25:2:43:6:0
25,dpfi,43,atom_h,1,20260818:4515:25:2:43:1:1
25,dpfi,43,atom_v,1,20260818:4515:25:2:43:2:1
25,dpfi,43,atom_h,2,20260818:4515:25:2:43:1:2
25,dpfi,43,atom_v,2,20260818:4515:25:2:43:2:2
25,dpfi,43,atom_h,3,20260818:4515:25:2:43:1:3
25,dpfi,43,atom_v,3,20260818:4515:25:2:43:2:3
25,dpfi,43,atom_h,4,20260818:4515:25:2:43:1:4
25,dpfi,43,atom_v,4,20260818:4515:25:2:43:2:4
25,dpfi,43,atom_h,5,20260818:4515:25:2:43:1:5
25,dpfi,43,atom_v,5,20260818:4515:25:2:43:2:5
25,dpfi,43,atom_h,6,20260818:4515:25:2:43:1:6
25,dpfi,43,atom_v,6,20260818:4515:25:2:43:2:6
25,dpfi,43,atom_h,7,20260818:4515:25:2:43:1:7
25,dpfi,43,atom_v,7,20260818:4515:25:2:43:2:7
25,dpfi,43,atom_h,8,20260818:4515:25:2:43:1:8
25,dpfi,43,atom_v,8,20260818:4515:25:2:43:2:8
25,dpfi,43,atom_h,9,20260818:4515:25:2:43:1:9
25,dpfi,43,atom_v,9,20260818:4515:25:2:43:2:9
25,dpfi,43,atom_h,10,20260818:4515:25:2:43:1:10
25,dpfi,43,atom_v,10,20260818:4515:25:2:43:2:10
25,dpfi,43,atom_h,11,20260818:4515:25:2:43:1:11
25,dpfi,43,atom_v,11,20260818:4515:25:2:43:2:11
25,dpfi,43,atom_h,12,20260818:4515:25:2:43:1:12
25,dpfi,43,atom_v,12,20260818:4515:25:2:43:2:12
25,dpfi,43,atom_h,13,20260818:4515:25:2:43:1:13
25,dpfi,43,atom_v,13,20260818:4515:25:2:43:2:13
25,dpfi,43,atom_h,14,20260818:4515:25:2:43:1:14
25,dpfi,43,atom_v,14,20260818:4515:25:2:43:2:14
25,dpfi,43,atom_h,15,20260818:4515:25:2:43:1:15
25,dpfi,43,atom_v,15,20260818:4515:25:2:43:2:15
25,dpfi,44,blank_h,0,20260818:4515:25:2:44:3:0
25,dpfi,44,blank_v,0,20260818:4515:25:2:44:4:0
25,dpfi,44,dark_h,0,20260818:4515:25:2:44:5:0
25,dpfi,44,dark_v,0,20260818:4515:25:2:44:6:0
25,dpfi,44,atom_h,1,20260818:4515:25:2:44:1:1
25,dpfi,44,atom_v,1,20260818:4515:25:2:44:2:1
25,dpfi,44,atom_h,2,20260818:4515:25:2:44:1:2
25,dpfi,44,atom_v,2,20260818:4515:25:2:44:2:2
25,dpfi,44,atom_h,3,20260818:4515:25:2:44:1:3
25,dpfi,44,atom_v,3,20260818:4515:25:2:44:2:3
25,dpfi,44,atom_h,4,20260818:4515:25:2:44:1:4
25,dpfi,44,atom_v,4,20260818:4515:25:2:44:2:4
25,dpfi,44,atom_h,5,20260818:4515:25:2:44:1:5
25,dpfi,44,atom_v,5,20260818:4515:25:2:44:2:5
25,dpfi,44,atom_h,6,20260818:4515:25:2:44:1:6
25,dpfi,44,atom_v,6,20260818:4515:25:2:44:2:6
25,dpfi,44,atom_h,7,20260818:4515:25:2:44:1:7
25,dpfi,44,atom_v,7,20260818:4515:25:2:44:2:7
25,dpfi,44,atom_h,8,20260818:4515:25:2:44:1:8
25,dpfi,44,atom_v,8,20260818:4515:25:2:44:2:8
25,dpfi,44,atom_h,9,20260818:4515:25:2:44:1:9
25,dpfi,44,atom_v,9,20260818:4515:25:2:44:2:9
25,dpfi,44,atom_h,10,20260818:4515:25:2:44:1:10
25,dpfi,44,atom_v,10,20260818:4515:25:2:44:2:10
25,dpfi,44,atom_h,11,20260818:4515:25:2:44:1:11
25,dpfi,44,atom_v,11,20260818:4515:25:2:44:2:11
25,dpfi,44,atom_h,12,20260818:4515:25:2:44:1:12
25,dpfi,44,atom_v,12,20260818:4515:25:2:44:2:12
25,dpfi,44,atom_h,13,20260818:4515:25:2:44:1:13
25,dpfi,44,atom_v,13,20260818:4515:25:2:44:2:13
25,dpfi,44,atom_h,14,20260818:4515:25:2:44:1:14
25,dpfi,44,atom_v,14,20260818:4515:25:2:44:2:14
25,dpfi,44,atom_h,15,20260818:4515:25:2:44:1:15
25,dpfi,44,atom_v,15,20260818:4515:25:2:44:2:15
25,dpfi,45,blank_h,0,20260818:4515:25:2:45:3:0
25,dpfi,45,blank_v,0,20260818:4515:25:2:45:4:0
25,dpfi,45,dark_h,0,20260818:4515:25:2:45:5:0
25,dpfi,45,dark_v,0,20260818:4515:25:2:45:6:0
25,dpfi,45,atom_h,1,20260818:4515:25:2:45:1:1
25,dpfi,45,atom_v,1,20260818:4515:25:2:45:2:1
25,dpfi,45,atom_h,2,20260818:4515:25:2:45:1:2
25,dpfi,45,atom_v,2,20260818:4515:25:2:45:2:2
25,dpfi,45,atom_h,3,20260818:4515:25:2:45:1:3
25,dpfi,45,atom_v,3,20260818:4515:25:2:45:2:3
25,dpfi,45,atom_h,4,20260818:4515:25:2:45:1:4
25,dpfi,45,atom_v,4,20260818:4515:25:2:45:2:4
25,dpfi,45,atom_h,5,20260818:4515:25:2:45:1:5
25,dpfi,45,atom_v,5,20260818:4515:25:2:45:2:5
25,dpfi,45,atom_h,6,20260818:4515:25:2:45:1:6
25,dpfi,45,atom_v,6,20260818:4515:25:2:45:2:6
25,dpfi,45,atom_h,7,20260818:4515:25:2:45:1:7
25,dpfi,45,atom_v,7,20260818:4515:25:2:45:2:7
25,dpfi,45,atom_h,8,20260818:4515:25:2:45:1:8
25,dpfi,45,atom_v,8,20260818:4515:25:2:45:2:8
25,dpfi,45,atom_h,9,20260818:4515:25:2:45:1:9
25,dpfi,45,atom_v,9,20260818:4515:25:2:45:2:9
25,dpfi,45,atom_h,10,20260818:4515:25:2:45:1:10
25,dpfi,45,atom_v,10,20260818:4515:25:2:45:2:10
25,dpfi,45,atom_h,11,20260818:4515:25:2:45:1:11
25,dpfi,45,atom_v,11,20260818:4515:25:2:45:2:11
25,dpfi,45,atom_h,12,20260818:4515:25:2:45:1:12
25,dpfi,45,atom_v,12,20260818:4515:25:2:45:2:12
25,dpfi,45,atom_h,13,20260818:4515:25:2:45:1:13
25,dpfi,45,atom_v,13,20260818:4515:25:2:45:2:13
25,dpfi,45,atom_h,14,20260818:4515:25:2:45:1:14
25,dpfi,45,atom_v,14,20260818:4515:25:2:45:2:14
25,dpfi,45,atom_h,15,20260818:4515:25:2:45:1:15
25,dpfi,45,atom_v,15,20260818:4515:25:2:45:2:15
25,dpfi,46,blank_h,0,20260818:4515:25:2:46:3:0
25,dpfi,46,blank_v,0,20260818:4515:25:2:46:4:0
25,dpfi,46,dark_h,0,20260818:4515:25:2:46:5:0
25,dpfi,46,dark_v,0,20260818:4515:25:2:46:6:0
25,dpfi,46,atom_h,1,20260818:4515:25:2:46:1:1
25,dpfi,46,atom_v,1,20260818:4515:25:2:46:2:1
25,dpfi,46,atom_h,2,20260818:4515:25:2:46:1:2
25,dpfi,46,atom_v,2,20260818:4515:25:2:46:2:2
25,dpfi,46,atom_h,3,20260818:4515:25:2:46:1:3
25,dpfi,46,atom_v,3,20260818:4515:25:2:46:2:3
25,dpfi,46,atom_h,4,20260818:4515:25:2:46:1:4
25,dpfi,46,atom_v,4,20260818:4515:25:2:46:2:4
25,dpfi,46,atom_h,5,20260818:4515:25:2:46:1:5
25,dpfi,46,atom_v,5,20260818:4515:25:2:46:2:5
25,dpfi,46,atom_h,6,20260818:4515:25:2:46:1:6
25,dpfi,46,atom_v,6,20260818:4515:25:2:46:2:6
25,dpfi,46,atom_h,7,20260818:4515:25:2:46:1:7
25,dpfi,46,atom_v,7,20260818:4515:25:2:46:2:7
25,dpfi,46,atom_h,8,20260818:4515:25:2:46:1:8
25,dpfi,46,atom_v,8,20260818:4515:25:2:46:2:8
25,dpfi,46,atom_h,9,20260818:4515:25:2:46:1:9
25,dpfi,46,atom_v,9,20260818:4515:25:2:46:2:9
25,dpfi,46,atom_h,10,20260818:4515:25:2:46:1:10
25,dpfi,46,atom_v,10,20260818:4515:25:2:46:2:10
25,dpfi,46,atom_h,11,20260818:4515:25:2:46:1:11
25,dpfi,46,atom_v,11,20260818:4515:25:2:46:2:11
25,dpfi,46,atom_h,12,20260818:4515:25:2:46:1:12
25,dpfi,46,atom_v,12,20260818:4515:25:2:46:2:12
25,dpfi,46,atom_h,13,20260818:4515:25:2:46:1:13
25,dpfi,46,atom_v,13,20260818:4515:25:2:46:2:13
25,dpfi,46,atom_h,14,20260818:4515:25:2:46:1:14
25,dpfi,46,atom_v,14,20260818:4515:25:2:46:2:14
25,dpfi,46,atom_h,15,20260818:4515:25:2:46:1:15
25,dpfi,46,atom_v,15,20260818:4515:25:2:46:2:15
25,dpfi,47,blank_h,0,20260818:4515:25:2:47:3:0
25,dpfi,47,blank_v,0,20260818:4515:25:2:47:4:0
25,dpfi,47,dark_h,0,20260818:4515:25:2:47:5:0
25,dpfi,47,dark_v,0,20260818:4515:25:2:47:6:0
25,dpfi,47,atom_h,1,20260818:4515:25:2:47:1:1
25,dpfi,47,atom_v,1,20260818:4515:25:2:47:2:1
25,dpfi,47,atom_h,2,20260818:4515:25:2:47:1:2
25,dpfi,47,atom_v,2,20260818:4515:25:2:47:2:2
25,dpfi,47,atom_h,3,20260818:4515:25:2:47:1:3
25,dpfi,47,atom_v,3,20260818:4515:25:2:47:2:3
25,dpfi,47,atom_h,4,20260818:4515:25:2:47:1:4
25,dpfi,47,atom_v,4,20260818:4515:25:2:47:2:4
25,dpfi,47,atom_h,5,20260818:4515:25:2:47:1:5
25,dpfi,47,atom_v,5,20260818:4515:25:2:47:2:5
25,dpfi,47,atom_h,6,20260818:4515:25:2:47:1:6
25,dpfi,47,atom_v,6,20260818:4515:25:2:47:2:6
25,dpfi,47,atom_h,7,20260818:4515:25:2:47:1:7
25,dpfi,47,atom_v,7,20260818:4515:25:2:47:2:7
25,dpfi,47,atom_h,8,20260818:4515:25:2:47:1:8
25,dpfi,47,atom_v,8,20260818:4515:25:2:47:2:8
25,dpfi,47,atom_h,9,20260818:4515:25:2:47:1:9
25,dpfi,47,atom_v,9,20260818:4515:25:2:47:2:9
25,dpfi,47,atom_h,10,20260818:4515:25:2:47:1:10
25,dpfi,47,atom_v,10,20260818:4515:25:2:47:2:10
25,dpfi,47,atom_h,11,20260818:4515:25:2:47:1:11
25,dpfi,47,atom_v,11,20260818:4515:25:2:47:2:11
25,dpfi,47,atom_h,12,20260818:4515:25:2:47:1:12
25,dpfi,47,atom_v,12,20260818:4515:25:2:47:2:12
25,dpfi,47,atom_h,13,20260818:4515:25:2:47:1:13
25,dpfi,47,atom_v,13,20260818:4515:25:2:47:2:13
25,dpfi,47,atom_h,14,20260818:4515:25:2:47:1:14
25,dpfi,47,atom_v,14,20260818:4515:25:2:47:2:14
25,dpfi,47,atom_h,15,20260818:4515:25:2:47:1:15
25,dpfi,47,atom_v,15,20260818:4515:25:2:47:2:15
25,dpfi,48,blank_h,0,20260818:4515:25:2:48:3:0
25,dpfi,48,blank_v,0,20260818:4515:25:2:48:4:0
25,dpfi,48,dark_h,0,20260818:4515:25:2:48:5:0
25,dpfi,48,dark_v,0,20260818:4515:25:2:48:6:0
25,dpfi,48,atom_h,1,20260818:4515:25:2:48:1:1
25,dpfi,48,atom_v,1,20260818:4515:25:2:48:2:1
25,dpfi,48,atom_h,2,20260818:4515:25:2:48:1:2
25,dpfi,48,atom_v,2,20260818:4515:25:2:48:2:2
25,dpfi,48,atom_h,3,20260818:4515:25:2:48:1:3
25,dpfi,48,atom_v,3,20260818:4515:25:2:48:2:3
25,dpfi,48,atom_h,4,20260818:4515:25:2:48:1:4
25,dpfi,48,atom_v,4,20260818:4515:25:2:48:2:4
25,dpfi,48,atom_h,5,20260818:4515:25:2:48:1:5
25,dpfi,48,atom_v,5,20260818:4515:25:2:48:2:5
25,dpfi,48,atom_h,6,20260818:4515:25:2:48:1:6
25,dpfi,48,atom_v,6,20260818:4515:25:2:48:2:6
25,dpfi,48,atom_h,7,20260818:4515:25:2:48:1:7
25,dpfi,48,atom_v,7,20260818:4515:25:2:48:2:7
25,dpfi,48,atom_h,8,20260818:4515:25:2:48:1:8
25,dpfi,48,atom_v,8,20260818:4515:25:2:48:2:8
25,dpfi,48,atom_h,9,20260818:4515:25:2:48:1:9
25,dpfi,48,atom_v,9,20260818:4515:25:2:48:2:9
25,dpfi,48,atom_h,10,20260818:4515:25:2:48:1:10
25,dpfi,48,atom_v,10,20260818:4515:25:2:48:2:10
25,dpfi,48,atom_h,11,20260818:4515:25:2:48:1:11
25,dpfi,48,atom_v,11,20260818:4515:25:2:48:2:11
25,dpfi,48,atom_h,12,20260818:4515:25:2:48:1:12
25,dpfi,48,atom_v,12,20260818:4515:25:2:48:2:12
25,dpfi,48,atom_h,13,20260818:4515:25:2:48:1:13
25,dpfi,48,atom_v,13,20260818:4515:25:2:48:2:13
25,dpfi,48,atom_h,14,20260818:4515:25:2:48:1:14
25,dpfi,48,atom_v,14,20260818:4515:25:2:48:2:14
25,dpfi,48,atom_h,15,20260818:4515:25:2:48:1:15
25,dpfi,48,atom_v,15,20260818:4515:25:2:48:2:15
25,dpfi,49,blank_h,0,20260818:4515:25:2:49:3:0
25,dpfi,49,blank_v,0,20260818:4515:25:2:49:4:0
25,dpfi,49,dark_h,0,20260818:4515:25:2:49:5:0
25,dpfi,49,dark_v,0,20260818:4515:25:2:49:6:0
25,dpfi,49,atom_h,1,20260818:4515:25:2:49:1:1
25,dpfi,49,atom_v,1,20260818:4515:25:2:49:2:1
25,dpfi,49,atom_h,2,20260818:4515:25:2:49:1:2
25,dpfi,49,atom_v,2,20260818:4515:25:2:49:2:2
25,dpfi,49,atom_h,3,20260818:4515:25:2:49:1:3
25,dpfi,49,atom_v,3,20260818:4515:25:2:49:2:3
25,dpfi,49,atom_h,4,20260818:4515:25:2:49:1:4
25,dpfi,49,atom_v,4,20260818:4515:25:2:49:2:4
25,dpfi,49,atom_h,5,20260818:4515:25:2:49:1:5
25,dpfi,49,atom_v,5,20260818:4515:25:2:49:2:5
25,dpfi,49,atom_h,6,20260818:4515:25:2:49:1:6
25,dpfi,49,atom_v,6,20260818:4515:25:2:49:2:6
25,dpfi,49,atom_h,7,20260818:4515:25:2:49:1:7
25,dpfi,49,atom_v,7,20260818:4515:25:2:49:2:7
25,dpfi,49,atom_h,8,20260818:4515:25:2:49:1:8
25,dpfi,49,atom_v,8,20260818:4515:25:2:49:2:8
25,dpfi,49,atom_h,9,20260818:4515:25:2:49:1:9
25,dpfi,49,atom_v,9,20260818:4515:25:2:49:2:9
25,dpfi,49,atom_h,10,20260818:4515:25:2:49:1:10
25,dpfi,49,atom_v,10,20260818:4515:25:2:49:2:10
25,dpfi,49,atom_h,11,20260818:4515:25:2:49:1:11
25,dpfi,49,atom_v,11,20260818:4515:25:2:49:2:11
25,dpfi,49,atom_h,12,20260818:4515:25:2:49:1:12
25,dpfi,49,atom_v,12,20260818:4515:25:2:49:2:12
25,dpfi,49,atom_h,13,20260818:4515:25:2:49:1:13
25,dpfi,49,atom_v,13,20260818:4515:25:2:49:2:13
25,dpfi,49,atom_h,14,20260818:4515:25:2:49:1:14
25,dpfi,49,atom_v,14,20260818:4515:25:2:49:2:14
25,dpfi,49,atom_h,15,20260818:4515:25:2:49:1:15
25,dpfi,49,atom_v,15,20260818:4515:25:2:49:2:15
25,dpfi,50,blank_h,0,20260818:4515:25:2:50:3:0
25,dpfi,50,blank_v,0,20260818:4515:25:2:50:4:0
25,dpfi,50,dark_h,0,20260818:4515:25:2:50:5:0
25,dpfi,50,dark_v,0,20260818:4515:25:2:50:6:0
25,dpfi,50,atom_h,1,20260818:4515:25:2:50:1:1
25,dpfi,50,atom_v,1,20260818:4515:25:2:50:2:1
25,dpfi,50,atom_h,2,20260818:4515:25:2:50:1:2
25,dpfi,50,atom_v,2,20260818:4515:25:2:50:2:2
25,dpfi,50,atom_h,3,20260818:4515:25:2:50:1:3
25,dpfi,50,atom_v,3,20260818:4515:25:2:50:2:3
25,dpfi,50,atom_h,4,20260818:4515:25:2:50:1:4
25,dpfi,50,atom_v,4,20260818:4515:25:2:50:2:4
25,dpfi,50,atom_h,5,20260818:4515:25:2:50:1:5
25,dpfi,50,atom_v,5,20260818:4515:25:2:50:2:5
25,dpfi,50,atom_h,6,20260818:4515:25:2:50:1:6
25,dpfi,50,atom_v,6,20260818:4515:25:2:50:2:6
25,dpfi,50,atom_h,7,20260818:4515:25:2:50:1:7
25,dpfi,50,atom_v,7,20260818:4515:25:2:50:2:7
25,dpfi,50,atom_h,8,20260818:4515:25:2:50:1:8
25,dpfi,50,atom_v,8,20260818:4515:25:2:50:2:8
25,dpfi,50,atom_h,9,20260818:4515:25:2:50:1:9
25,dpfi,50,atom_v,9,20260818:4515:25:2:50:2:9
25,dpfi,50,atom_h,10,20260818:4515:25:2:50:1:10
25,dpfi,50,atom_v,10,20260818:4515:25:2:50:2:10
25,dpfi,50,atom_h,11,20260818:4515:25:2:50:1:11
25,dpfi,50,atom_v,11,20260818:4515:25:2:50:2:11
25,dpfi,50,atom_h,12,20260818:4515:25:2:50:1:12
25,dpfi,50,atom_v,12,20260818:4515:25:2:50:2:12
25,dpfi,50,atom_h,13,20260818:4515:25:2:50:1:13
25,dpfi,50,atom_v,13,20260818:4515:25:2:50:2:13
25,dpfi,50,atom_h,14,20260818:4515:25:2:50:1:14
25,dpfi,50,atom_v,14,20260818:4515:25:2:50:2:14
25,dpfi,50,atom_h,15,20260818:4515:25:2:50:1:15
25,dpfi,50,atom_v,15,20260818:4515:25:2:50:2:15
25,dpfi,51,blank_h,0,20260818:4515:25:2:51:3:0
25,dpfi,51,blank_v,0,20260818:4515:25:2:51:4:0
25,dpfi,51,dark_h,0,20260818:4515:25:2:51:5:0
25,dpfi,51,dark_v,0,20260818:4515:25:2:51:6:0
25,dpfi,51,atom_h,1,20260818:4515:25:2:51:1:1
25,dpfi,51,atom_v,1,20260818:4515:25:2:51:2:1
25,dpfi,51,atom_h,2,20260818:4515:25:2:51:1:2
25,dpfi,51,atom_v,2,20260818:4515:25:2:51:2:2
25,dpfi,51,atom_h,3,20260818:4515:25:2:51:1:3
25,dpfi,51,atom_v,3,20260818:4515:25:2:51:2:3
25,dpfi,51,atom_h,4,20260818:4515:25:2:51:1:4
25,dpfi,51,atom_v,4,20260818:4515:25:2:51:2:4
25,dpfi,51,atom_h,5,20260818:4515:25:2:51:1:5
25,dpfi,51,atom_v,5,20260818:4515:25:2:51:2:5
25,dpfi,51,atom_h,6,20260818:4515:25:2:51:1:6
25,dpfi,51,atom_v,6,20260818:4515:25:2:51:2:6
25,dpfi,51,atom_h,7,20260818:4515:25:2:51:1:7
25,dpfi,51,atom_v,7,20260818:4515:25:2:51:2:7
25,dpfi,51,atom_h,8,20260818:4515:25:2:51:1:8
25,dpfi,51,atom_v,8,20260818:4515:25:2:51:2:8
25,dpfi,51,atom_h,9,20260818:4515:25:2:51:1:9
25,dpfi,51,atom_v,9,20260818:4515:25:2:51:2:9
25,dpfi,51,atom_h,10,20260818:4515:25:2:51:1:10
25,dpfi,51,atom_v,10,20260818:4515:25:2:51:2:10
25,dpfi,51,atom_h,11,20260818:4515:25:2:51:1:11
25,dpfi,51,atom_v,11,20260818:4515:25:2:51:2:11
25,dpfi,51,atom_h,12,20260818:4515:25:2:51:1:12
25,dpfi,51,atom_v,12,20260818:4515:25:2:51:2:12
25,dpfi,51,atom_h,13,20260818:4515:25:2:51:1:13
25,dpfi,51,atom_v,13,20260818:4515:25:2:51:2:13
25,dpfi,51,atom_h,14,20260818:4515:25:2:51:1:14
25,dpfi,51,atom_v,14,20260818:4515:25:2:51:2:14
25,dpfi,51,atom_h,15,20260818:4515:25:2:51:1:15
25,dpfi,51,atom_v,15,20260818:4515:25:2:51:2:15
25,dpfi,52,blank_h,0,20260818:4515:25:2:52:3:0
25,dpfi,52,blank_v,0,20260818:4515:25:2:52:4:0
25,dpfi,52,dark_h,0,20260818:4515:25:2:52:5:0
25,dpfi,52,dark_v,0,20260818:4515:25:2:52:6:0
25,dpfi,52,atom_h,1,20260818:4515:25:2:52:1:1
25,dpfi,52,atom_v,1,20260818:4515:25:2:52:2:1
25,dpfi,52,atom_h,2,20260818:4515:25:2:52:1:2
25,dpfi,52,atom_v,2,20260818:4515:25:2:52:2:2
25,dpfi,52,atom_h,3,20260818:4515:25:2:52:1:3
25,dpfi,52,atom_v,3,20260818:4515:25:2:52:2:3
25,dpfi,52,atom_h,4,20260818:4515:25:2:52:1:4
25,dpfi,52,atom_v,4,20260818:4515:25:2:52:2:4
25,dpfi,52,atom_h,5,20260818:4515:25:2:52:1:5
25,dpfi,52,atom_v,5,20260818:4515:25:2:52:2:5
25,dpfi,52,atom_h,6,20260818:4515:25:2:52:1:6
25,dpfi,52,atom_v,6,20260818:4515:25:2:52:2:6
25,dpfi,52,atom_h,7,20260818:4515:25:2:52:1:7
25,dpfi,52,atom_v,7,20260818:4515:25:2:52:2:7
25,dpfi,52,atom_h,8,20260818:4515:25:2:52:1:8
25,dpfi,52,atom_v,8,20260818:4515:25:2:52:2:8
25,dpfi,52,atom_h,9,20260818:4515:25:2:52:1:9
25,dpfi,52,atom_v,9,20260818:4515:25:2:52:2:9
25,dpfi,52,atom_h,10,20260818:4515:25:2:52:1:10
25,dpfi,52,atom_v,10,20260818:4515:25:2:52:2:10
25,dpfi,52,atom_h,11,20260818:4515:25:2:52:1:11
25,dpfi,52,atom_v,11,20260818:4515:25:2:52:2:11
25,dpfi,52,atom_h,12,20260818:4515:25:2:52:1:12
25,dpfi,52,atom_v,12,20260818:4515:25:2:52:2:12
25,dpfi,52,atom_h,13,20260818:4515:25:2:52:1:13
25,dpfi,52,atom_v,13,20260818:4515:25:2:52:2:13
25,dpfi,52,atom_h,14,20260818:4515:25:2:52:1:14
25,dpfi,52,atom_v,14,20260818:4515:25:2:52:2:14
25,dpfi,52,atom_h,15,20260818:4515:25:2:52:1:15
25,dpfi,52,atom_v,15,20260818:4515:25:2:52:2:15
25,dpfi,53,blank_h,0,20260818:4515:25:2:53:3:0
25,dpfi,53,blank_v,0,20260818:4515:25:2:53:4:0
25,dpfi,53,dark_h,0,20260818:4515:25:2:53:5:0
25,dpfi,53,dark_v,0,20260818:4515:25:2:53:6:0
25,dpfi,53,atom_h,1,20260818:4515:25:2:53:1:1
25,dpfi,53,atom_v,1,20260818:4515:25:2:53:2:1
25,dpfi,53,atom_h,2,20260818:4515:25:2:53:1:2
25,dpfi,53,atom_v,2,20260818:4515:25:2:53:2:2
25,dpfi,53,atom_h,3,20260818:4515:25:2:53:1:3
25,dpfi,53,atom_v,3,20260818:4515:25:2:53:2:3
25,dpfi,53,atom_h,4,20260818:4515:25:2:53:1:4
25,dpfi,53,atom_v,4,20260818:4515:25:2:53:2:4
25,dpfi,53,atom_h,5,20260818:4515:25:2:53:1:5
25,dpfi,53,atom_v,5,20260818:4515:25:2:53:2:5
25,dpfi,53,atom_h,6,20260818:4515:25:2:53:1:6
25,dpfi,53,atom_v,6,20260818:4515:25:2:53:2:6
25,dpfi,53,atom_h,7,20260818:4515:25:2:53:1:7
25,dpfi,53,atom_v,7,20260818:4515:25:2:53:2:7
25,dpfi,53,atom_h,8,20260818:4515:25:2:53:1:8
25,dpfi,53,atom_v,8,20260818:4515:25:2:53:2:8
25,dpfi,53,atom_h,9,20260818:4515:25:2:53:1:9
25,dpfi,53,atom_v,9,20260818:4515:25:2:53:2:9
25,dpfi,53,atom_h,10,20260818:4515:25:2:53:1:10
25,dpfi,53,atom_v,10,20260818:4515:25:2:53:2:10
25,dpfi,53,atom_h,11,20260818:4515:25:2:53:1:11
25,dpfi,53,atom_v,11,20260818:4515:25:2:53:2:11
25,dpfi,53,atom_h,12,20260818:4515:25:2:53:1:12
25,dpfi,53,atom_v,12,20260818:4515:25:2:53:2:12
25,dpfi,53,atom_h,13,20260818:4515:25:2:53:1:13
25,dpfi,53,atom_v,13,20260818:4515:25:2:53:2:13
25,dpfi,53,atom_h,14,20260818:4515:25:2:53:1:14
25,dpfi,53,atom_v,14,20260818:4515:25:2:53:2:14
25,dpfi,53,atom_h,15,20260818:4515:25:2:53:1:15
25,dpfi,53,atom_v,15,20260818:4515:25:2:53:2:15
25,dpfi,54,blank_h,0,20260818:4515:25:2:54:3:0
25,dpfi,54,blank_v,0,20260818:4515:25:2:54:4:0
25,dpfi,54,dark_h,0,20260818:4515:25:2:54:5:0
25,dpfi,54,dark_v,0,20260818:4515:25:2:54:6:0
25,dpfi,54,atom_h,1,20260818:4515:25:2:54:1:1
25,dpfi,54,atom_v,1,20260818:4515:25:2:54:2:1
25,dpfi,54,atom_h,2,20260818:4515:25:2:54:1:2
25,dpfi,54,atom_v,2,20260818:4515:25:2:54:2:2
25,dpfi,54,atom_h,3,20260818:4515:25:2:54:1:3
25,dpfi,54,atom_v,3,20260818:4515:25:2:54:2:3
25,dpfi,54,atom_h,4,20260818:4515:25:2:54:1:4
25,dpfi,54,atom_v,4,20260818:4515:25:2:54:2:4
25,dpfi,54,atom_h,5,20260818:4515:25:2:54:1:5
25,dpfi,54,atom_v,5,20260818:4515:25:2:54:2:5
25,dpfi,54,atom_h,6,20260818:4515:25:2:54:1:6
25,dpfi,54,atom_v,6,20260818:4515:25:2:54:2:6
25,dpfi,54,atom_h,7,20260818:4515:25:2:54:1:7
25,dpfi,54,atom_v,7,20260818:4515:25:2:54:2:7
25,dpfi,54,atom_h,8,20260818:4515:25:2:54:1:8
25,dpfi,54,atom_v,8,20260818:4515:25:2:54:2:8
25,dpfi,54,atom_h,9,20260818:4515:25:2:54:1:9
25,dpfi,54,atom_v,9,20260818:4515:25:2:54:2:9
25,dpfi,54,atom_h,10,20260818:4515:25:2:54:1:10
25,dpfi,54,atom_v,10,20260818:4515:25:2:54:2:10
25,dpfi,54,atom_h,11,20260818:4515:25:2:54:1:11
25,dpfi,54,atom_v,11,20260818:4515:25:2:54:2:11
25,dpfi,54,atom_h,12,20260818:4515:25:2:54:1:12
25,dpfi,54,atom_v,12,20260818:4515:25:2:54:2:12
25,dpfi,54,atom_h,13,20260818:4515:25:2:54:1:13
25,dpfi,54,atom_v,13,20260818:4515:25:2:54:2:13
25,dpfi,54,atom_h,14,20260818:4515:25:2:54:1:14
25,dpfi,54,atom_v,14,20260818:4515:25:2:54:2:14
25,dpfi,54,atom_h,15,20260818:4515:25:2:54:1:15
25,dpfi,54,atom_v,15,20260818:4515:25:2:54:2:15
25,dpfi,55,blank_h,0,20260818:4515:25:2:55:3:0
25,dpfi,55,blank_v,0,20260818:4515:25:2:55:4:0
25,dpfi,55,dark_h,0,20260818:4515:25:2:55:5:0
25,dpfi,55,dark_v,0,20260818:4515:25:2:55:6:0
25,dpfi,55,atom_h,1,20260818:4515:25:2:55:1:1
25,dpfi,55,atom_v,1,20260818:4515:25:2:55:2:1
25,dpfi,55,atom_h,2,20260818:4515:25:2:55:1:2
25,dpfi,55,atom_v,2,20260818:4515:25:2:55:2:2
25,dpfi,55,atom_h,3,20260818:4515:25:2:55:1:3
25,dpfi,55,atom_v,3,20260818:4515:25:2:55:2:3
25,dpfi,55,atom_h,4,20260818:4515:25:2:55:1:4
25,dpfi,55,atom_v,4,20260818:4515:25:2:55:2:4
25,dpfi,55,atom_h,5,20260818:4515:25:2:55:1:5
25,dpfi,55,atom_v,5,20260818:4515:25:2:55:2:5
25,dpfi,55,atom_h,6,20260818:4515:25:2:55:1:6
25,dpfi,55,atom_v,6,20260818:4515:25:2:55:2:6
25,dpfi,55,atom_h,7,20260818:4515:25:2:55:1:7
25,dpfi,55,atom_v,7,20260818:4515:25:2:55:2:7
25,dpfi,55,atom_h,8,20260818:4515:25:2:55:1:8
25,dpfi,55,atom_v,8,20260818:4515:25:2:55:2:8
25,dpfi,55,atom_h,9,20260818:4515:25:2:55:1:9
25,dpfi,55,atom_v,9,20260818:4515:25:2:55:2:9
25,dpfi,55,atom_h,10,20260818:4515:25:2:55:1:10
25,dpfi,55,atom_v,10,20260818:4515:25:2:55:2:10
25,dpfi,55,atom_h,11,20260818:4515:25:2:55:1:11
25,dpfi,55,atom_v,11,20260818:4515:25:2:55:2:11
25,dpfi,55,atom_h,12,20260818:4515:25:2:55:1:12
25,dpfi,55,atom_v,12,20260818:4515:25:2:55:2:12
25,dpfi,55,atom_h,13,20260818:4515:25:2:55:1:13
25,dpfi,55,atom_v,13,20260818:4515:25:2:55:2:13
25,dpfi,55,atom_h,14,20260818:4515:25:2:55:1:14
25,dpfi,55,atom_v,14,20260818:4515:25:2:55:2:14
25,dpfi,55,atom_h,15,20260818:4515:25:2:55:1:15
25,dpfi,55,atom_v,15,20260818:4515:25:2:55:2:15
25,dpfi,56,blank_h,0,20260818:4515:25:2:56:3:0
25,dpfi,56,blank_v,0,20260818:4515:25:2:56:4:0
25,dpfi,56,dark_h,0,20260818:4515:25:2:56:5:0
25,dpfi,56,dark_v,0,20260818:4515:25:2:56:6:0
25,dpfi,56,atom_h,1,20260818:4515:25:2:56:1:1
25,dpfi,56,atom_v,1,20260818:4515:25:2:56:2:1
25,dpfi,56,atom_h,2,20260818:4515:25:2:56:1:2
25,dpfi,56,atom_v,2,20260818:4515:25:2:56:2:2
25,dpfi,56,atom_h,3,20260818:4515:25:2:56:1:3
25,dpfi,56,atom_v,3,20260818:4515:25:2:56:2:3
25,dpfi,56,atom_h,4,20260818:4515:25:2:56:1:4
25,dpfi,56,atom_v,4,20260818:4515:25:2:56:2:4
25,dpfi,56,atom_h,5,20260818:4515:25:2:56:1:5
25,dpfi,56,atom_v,5,20260818:4515:25:2:56:2:5
25,dpfi,56,atom_h,6,20260818:4515:25:2:56:1:6
25,dpfi,56,atom_v,6,20260818:4515:25:2:56:2:6
25,dpfi,56,atom_h,7,20260818:4515:25:2:56:1:7
25,dpfi,56,atom_v,7,20260818:4515:25:2:56:2:7
25,dpfi,56,atom_h,8,20260818:4515:25:2:56:1:8
25,dpfi,56,atom_v,8,20260818:4515:25:2:56:2:8
25,dpfi,56,atom_h,9,20260818:4515:25:2:56:1:9
25,dpfi,56,atom_v,9,20260818:4515:25:2:56:2:9
25,dpfi,56,atom_h,10,20260818:4515:25:2:56:1:10
25,dpfi,56,atom_v,10,20260818:4515:25:2:56:2:10
25,dpfi,56,atom_h,11,20260818:4515:25:2:56:1:11
25,dpfi,56,atom_v,11,20260818:4515:25:2:56:2:11
25,dpfi,56,atom_h,12,20260818:4515:25:2:56:1:12
25,dpfi,56,atom_v,12,20260818:4515:25:2:56:2:12
25,dpfi,56,atom_h,13,20260818:4515:25:2:56:1:13
25,dpfi,56,atom_v,13,20260818:4515:25:2:56:2:13
25,dpfi,56,atom_h,14,20260818:4515:25:2:56:1:14
25,dpfi,56,atom_v,14,20260818:4515:25:2:56:2:14
25,dpfi,56,atom_h,15,20260818:4515:25:2:56:1:15
25,dpfi,56,atom_v,15,20260818:4515:25:2:56:2:15
25,dpfi,57,blank_h,0,20260818:4515:25:2:57:3:0
25,dpfi,57,blank_v,0,20260818:4515:25:2:57:4:0
25,dpfi,57,dark_h,0,20260818:4515:25:2:57:5:0
25,dpfi,57,dark_v,0,20260818:4515:25:2:57:6:0
25,dpfi,57,atom_h,1,20260818:4515:25:2:57:1:1
25,dpfi,57,atom_v,1,20260818:4515:25:2:57:2:1
25,dpfi,57,atom_h,2,20260818:4515:25:2:57:1:2
25,dpfi,57,atom_v,2,20260818:4515:25:2:57:2:2
25,dpfi,57,atom_h,3,20260818:4515:25:2:57:1:3
25,dpfi,57,atom_v,3,20260818:4515:25:2:57:2:3
25,dpfi,57,atom_h,4,20260818:4515:25:2:57:1:4
25,dpfi,57,atom_v,4,20260818:4515:25:2:57:2:4
25,dpfi,57,atom_h,5,20260818:4515:25:2:57:1:5
25,dpfi,57,atom_v,5,20260818:4515:25:2:57:2:5
25,dpfi,57,atom_h,6,20260818:4515:25:2:57:1:6
25,dpfi,57,atom_v,6,20260818:4515:25:2:57:2:6
25,dpfi,57,atom_h,7,20260818:4515:25:2:57:1:7
25,dpfi,57,atom_v,7,20260818:4515:25:2:57:2:7
25,dpfi,57,atom_h,8,20260818:4515:25:2:57:1:8
25,dpfi,57,atom_v,8,20260818:4515:25:2:57:2:8
25,dpfi,57,atom_h,9,20260818:4515:25:2:57:1:9
25,dpfi,57,atom_v,9,20260818:4515:25:2:57:2:9
25,dpfi,57,atom_h,10,20260818:4515:25:2:57:1:10
25,dpfi,57,atom_v,10,20260818:4515:25:2:57:2:10
25,dpfi,57,atom_h,11,20260818:4515:25:2:57:1:11
25,dpfi,57,atom_v,11,20260818:4515:25:2:57:2:11
25,dpfi,57,atom_h,12,20260818:4515:25:2:57:1:12
25,dpfi,57,atom_v,12,20260818:4515:25:2:57:2:12
25,dpfi,57,atom_h,13,20260818:4515:25:2:57:1:13
25,dpfi,57,atom_v,13,20260818:4515:25:2:57:2:13
25,dpfi,57,atom_h,14,20260818:4515:25:2:57:1:14
25,dpfi,57,atom_v,14,20260818:4515:25:2:57:2:14
25,dpfi,57,atom_h,15,20260818:4515:25:2:57:1:15
25,dpfi,57,atom_v,15,20260818:4515:25:2:57:2:15
25,dpfi,58,blank_h,0,20260818:4515:25:2:58:3:0
25,dpfi,58,blank_v,0,20260818:4515:25:2:58:4:0
25,dpfi,58,dark_h,0,20260818:4515:25:2:58:5:0
25,dpfi,58,dark_v,0,20260818:4515:25:2:58:6:0
25,dpfi,58,atom_h,1,20260818:4515:25:2:58:1:1
25,dpfi,58,atom_v,1,20260818:4515:25:2:58:2:1
25,dpfi,58,atom_h,2,20260818:4515:25:2:58:1:2
25,dpfi,58,atom_v,2,20260818:4515:25:2:58:2:2
25,dpfi,58,atom_h,3,20260818:4515:25:2:58:1:3
25,dpfi,58,atom_v,3,20260818:4515:25:2:58:2:3
25,dpfi,58,atom_h,4,20260818:4515:25:2:58:1:4
25,dpfi,58,atom_v,4,20260818:4515:25:2:58:2:4
25,dpfi,58,atom_h,5,20260818:4515:25:2:58:1:5
25,dpfi,58,atom_v,5,20260818:4515:25:2:58:2:5
25,dpfi,58,atom_h,6,20260818:4515:25:2:58:1:6
25,dpfi,58,atom_v,6,20260818:4515:25:2:58:2:6
25,dpfi,58,atom_h,7,20260818:4515:25:2:58:1:7
25,dpfi,58,atom_v,7,20260818:4515:25:2:58:2:7
25,dpfi,58,atom_h,8,20260818:4515:25:2:58:1:8
25,dpfi,58,atom_v,8,20260818:4515:25:2:58:2:8
25,dpfi,58,atom_h,9,20260818:4515:25:2:58:1:9
25,dpfi,58,atom_v,9,20260818:4515:25:2:58:2:9
25,dpfi,58,atom_h,10,20260818:4515:25:2:58:1:10
25,dpfi,58,atom_v,10,20260818:4515:25:2:58:2:10
25,dpfi,58,atom_h,11,20260818:4515:25:2:58:1:11
25,dpfi,58,atom_v,11,20260818:4515:25:2:58:2:11
25,dpfi,58,atom_h,12,20260818:4515:25:2:58:1:12
25,dpfi,58,atom_v,12,20260818:4515:25:2:58:2:12
25,dpfi,58,atom_h,13,20260818:4515:25:2:58:1:13
25,dpfi,58,atom_v,13,20260818:4515:25:2:58:2:13
25,dpfi,58,atom_h,14,20260818:4515:25:2:58:1:14
25,dpfi,58,atom_v,14,20260818:4515:25:2:58:2:14
25,dpfi,58,atom_h,15,20260818:4515:25:2:58:1:15
25,dpfi,58,atom_v,15,20260818:4515:25:2:58:2:15
25,dpfi,59,blank_h,0,20260818:4515:25:2:59:3:0
25,dpfi,59,blank_v,0,20260818:4515:25:2:59:4:0
25,dpfi,59,dark_h,0,20260818:4515:25:2:59:5:0
25,dpfi,59,dark_v,0,20260818:4515:25:2:59:6:0
25,dpfi,59,atom_h,1,20260818:4515:25:2:59:1:1
25,dpfi,59,atom_v,1,20260818:4515:25:2:59:2:1
25,dpfi,59,atom_h,2,20260818:4515:25:2:59:1:2
25,dpfi,59,atom_v,2,20260818:4515:25:2:59:2:2
25,dpfi,59,atom_h,3,20260818:4515:25:2:59:1:3
25,dpfi,59,atom_v,3,20260818:4515:25:2:59:2:3
25,dpfi,59,atom_h,4,20260818:4515:25:2:59:1:4
25,dpfi,59,atom_v,4,20260818:4515:25:2:59:2:4
25,dpfi,59,atom_h,5,20260818:4515:25:2:59:1:5
25,dpfi,59,atom_v,5,20260818:4515:25:2:59:2:5
25,dpfi,59,atom_h,6,20260818:4515:25:2:59:1:6
25,dpfi,59,atom_v,6,20260818:4515:25:2:59:2:6
25,dpfi,59,atom_h,7,20260818:4515:25:2:59:1:7
25,dpfi,59,atom_v,7,20260818:4515:25:2:59:2:7
25,dpfi,59,atom_h,8,20260818:4515:25:2:59:1:8
25,dpfi,59,atom_v,8,20260818:4515:25:2:59:2:8
25,dpfi,59,atom_h,9,20260818:4515:25:2:59:1:9
25,dpfi,59,atom_v,9,20260818:4515:25:2:59:2:9
25,dpfi,59,atom_h,10,20260818:4515:25:2:59:1:10
25,dpfi,59,atom_v,10,20260818:4515:25:2:59:2:10
25,dpfi,59,atom_h,11,20260818:4515:25:2:59:1:11
25,dpfi,59,atom_v,11,20260818:4515:25:2:59:2:11
25,dpfi,59,atom_h,12,20260818:4515:25:2:59:1:12
25,dpfi,59,atom_v,12,20260818:4515:25:2:59:2:12
25,dpfi,59,atom_h,13,20260818:4515:25:2:59:1:13
25,dpfi,59,atom_v,13,20260818:4515:25:2:59:2:13
25,dpfi,59,atom_h,14,20260818:4515:25:2:59:1:14
25,dpfi,59,atom_v,14,20260818:4515:25:2:59:2:14
25,dpfi,59,atom_h,15,20260818:4515:25:2:59:1:15
25,dpfi,59,atom_v,15,20260818:4515:25:2:59:2:15
25,dpfi,60,blank_h,0,20260818:4515:25:2:60:3:0
25,dpfi,60,blank_v,0,20260818:4515:25:2:60:4:0
25,dpfi,60,dark_h,0,20260818:4515:25:2:60:5:0
25,dpfi,60,dark_v,0,20260818:4515:25:2:60:6:0
25,dpfi,60,atom_h,1,20260818:4515:25:2:60:1:1
25,dpfi,60,atom_v,1,20260818:4515:25:2:60:2:1
25,dpfi,60,atom_h,2,20260818:4515:25:2:60:1:2
25,dpfi,60,atom_v,2,20260818:4515:25:2:60:2:2
25,dpfi,60,atom_h,3,20260818:4515:25:2:60:1:3
25,dpfi,60,atom_v,3,20260818:4515:25:2:60:2:3
25,dpfi,60,atom_h,4,20260818:4515:25:2:60:1:4
25,dpfi,60,atom_v,4,20260818:4515:25:2:60:2:4
25,dpfi,60,atom_h,5,20260818:4515:25:2:60:1:5
25,dpfi,60,atom_v,5,20260818:4515:25:2:60:2:5
25,dpfi,60,atom_h,6,20260818:4515:25:2:60:1:6
25,dpfi,60,atom_v,6,20260818:4515:25:2:60:2:6
25,dpfi,60,atom_h,7,20260818:4515:25:2:60:1:7
25,dpfi,60,atom_v,7,20260818:4515:25:2:60:2:7
25,dpfi,60,atom_h,8,20260818:4515:25:2:60:1:8
25,dpfi,60,atom_v,8,20260818:4515:25:2:60:2:8
25,dpfi,60,atom_h,9,20260818:4515:25:2:60:1:9
25,dpfi,60,atom_v,9,20260818:4515:25:2:60:2:9
25,dpfi,60,atom_h,10,20260818:4515:25:2:60:1:10
25,dpfi,60,atom_v,10,20260818:4515:25:2:60:2:10
25,dpfi,60,atom_h,11,20260818:4515:25:2:60:1:11
25,dpfi,60,atom_v,11,20260818:4515:25:2:60:2:11
25,dpfi,60,atom_h,12,20260818:4515:25:2:60:1:12
25,dpfi,60,atom_v,12,20260818:4515:25:2:60:2:12
25,dpfi,60,atom_h,13,20260818:4515:25:2:60:1:13
25,dpfi,60,atom_v,13,20260818:4515:25:2:60:2:13
25,dpfi,60,atom_h,14,20260818:4515:25:2:60:1:14
25,dpfi,60,atom_v,14,20260818:4515:25:2:60:2:14
25,dpfi,60,atom_h,15,20260818:4515:25:2:60:1:15
25,dpfi,60,atom_v,15,20260818:4515:25:2:60:2:15
25,dpfi,61,blank_h,0,20260818:4515:25:2:61:3:0
25,dpfi,61,blank_v,0,20260818:4515:25:2:61:4:0
25,dpfi,61,dark_h,0,20260818:4515:25:2:61:5:0
25,dpfi,61,dark_v,0,20260818:4515:25:2:61:6:0
25,dpfi,61,atom_h,1,20260818:4515:25:2:61:1:1
25,dpfi,61,atom_v,1,20260818:4515:25:2:61:2:1
25,dpfi,61,atom_h,2,20260818:4515:25:2:61:1:2
25,dpfi,61,atom_v,2,20260818:4515:25:2:61:2:2
25,dpfi,61,atom_h,3,20260818:4515:25:2:61:1:3
25,dpfi,61,atom_v,3,20260818:4515:25:2:61:2:3
25,dpfi,61,atom_h,4,20260818:4515:25:2:61:1:4
25,dpfi,61,atom_v,4,20260818:4515:25:2:61:2:4
25,dpfi,61,atom_h,5,20260818:4515:25:2:61:1:5
25,dpfi,61,atom_v,5,20260818:4515:25:2:61:2:5
25,dpfi,61,atom_h,6,20260818:4515:25:2:61:1:6
25,dpfi,61,atom_v,6,20260818:4515:25:2:61:2:6
25,dpfi,61,atom_h,7,20260818:4515:25:2:61:1:7
25,dpfi,61,atom_v,7,20260818:4515:25:2:61:2:7
25,dpfi,61,atom_h,8,20260818:4515:25:2:61:1:8
25,dpfi,61,atom_v,8,20260818:4515:25:2:61:2:8
25,dpfi,61,atom_h,9,20260818:4515:25:2:61:1:9
25,dpfi,61,atom_v,9,20260818:4515:25:2:61:2:9
25,dpfi,61,atom_h,10,20260818:4515:25:2:61:1:10
25,dpfi,61,atom_v,10,20260818:4515:25:2:61:2:10
25,dpfi,61,atom_h,11,20260818:4515:25:2:61:1:11
25,dpfi,61,atom_v,11,20260818:4515:25:2:61:2:11
25,dpfi,61,atom_h,12,20260818:4515:25:2:61:1:12
25,dpfi,61,atom_v,12,20260818:4515:25:2:61:2:12
25,dpfi,61,atom_h,13,20260818:4515:25:2:61:1:13
25,dpfi,61,atom_v,13,20260818:4515:25:2:61:2:13
25,dpfi,61,atom_h,14,20260818:4515:25:2:61:1:14
25,dpfi,61,atom_v,14,20260818:4515:25:2:61:2:14
25,dpfi,61,atom_h,15,20260818:4515:25:2:61:1:15
25,dpfi,61,atom_v,15,20260818:4515:25:2:61:2:15
25,dpfi,62,blank_h,0,20260818:4515:25:2:62:3:0
25,dpfi,62,blank_v,0,20260818:4515:25:2:62:4:0
25,dpfi,62,dark_h,0,20260818:4515:25:2:62:5:0
25,dpfi,62,dark_v,0,20260818:4515:25:2:62:6:0
25,dpfi,62,atom_h,1,20260818:4515:25:2:62:1:1
25,dpfi,62,atom_v,1,20260818:4515:25:2:62:2:1
25,dpfi,62,atom_h,2,20260818:4515:25:2:62:1:2
25,dpfi,62,atom_v,2,20260818:4515:25:2:62:2:2
25,dpfi,62,atom_h,3,20260818:4515:25:2:62:1:3
25,dpfi,62,atom_v,3,20260818:4515:25:2:62:2:3
25,dpfi,62,atom_h,4,20260818:4515:25:2:62:1:4
25,dpfi,62,atom_v,4,20260818:4515:25:2:62:2:4
25,dpfi,62,atom_h,5,20260818:4515:25:2:62:1:5
25,dpfi,62,atom_v,5,20260818:4515:25:2:62:2:5
25,dpfi,62,atom_h,6,20260818:4515:25:2:62:1:6
25,dpfi,62,atom_v,6,20260818:4515:25:2:62:2:6
25,dpfi,62,atom_h,7,20260818:4515:25:2:62:1:7
25,dpfi,62,atom_v,7,20260818:4515:25:2:62:2:7
25,dpfi,62,atom_h,8,20260818:4515:25:2:62:1:8
25,dpfi,62,atom_v,8,20260818:4515:25:2:62:2:8
25,dpfi,62,atom_h,9,20260818:4515:25:2:62:1:9
25,dpfi,62,atom_v,9,20260818:4515:25:2:62:2:9
25,dpfi,62,atom_h,10,20260818:4515:25:2:62:1:10
25,dpfi,62,atom_v,10,20260818:4515:25:2:62:2:10
25,dpfi,62,atom_h,11,20260818:4515:25:2:62:1:11
25,dpfi,62,atom_v,11,20260818:4515:25:2:62:2:11
25,dpfi,62,atom_h,12,20260818:4515:25:2:62:1:12
25,dpfi,62,atom_v,12,20260818:4515:25:2:62:2:12
25,dpfi,62,atom_h,13,20260818:4515:25:2:62:1:13
25,dpfi,62,atom_v,13,20260818:4515:25:2:62:2:13
25,dpfi,62,atom_h,14,20260818:4515:25:2:62:1:14
25,dpfi,62,atom_v,14,20260818:4515:25:2:62:2:14
25,dpfi,62,atom_h,15,20260818:4515:25:2:62:1:15
25,dpfi,62,atom_v,15,20260818:4515:25:2:62:2:15
25,dpfi,63,blank_h,0,20260818:4515:25:2:63:3:0
25,dpfi,63,blank_v,0,20260818:4515:25:2:63:4:0
25,dpfi,63,dark_h,0,20260818:4515:25:2:63:5:0
25,dpfi,63,dark_v,0,20260818:4515:25:2:63:6:0
25,dpfi,63,atom_h,1,20260818:4515:25:2:63:1:1
25,dpfi,63,atom_v,1,20260818:4515:25:2:63:2:1
25,dpfi,63,atom_h,2,20260818:4515:25:2:63:1:2
25,dpfi,63,atom_v,2,20260818:4515:25:2:63:2:2
25,dpfi,63,atom_h,3,20260818:4515:25:2:63:1:3
25,dpfi,63,atom_v,3,20260818:4515:25:2:63:2:3
25,dpfi,63,atom_h,4,20260818:4515:25:2:63:1:4
25,dpfi,63,atom_v,4,20260818:4515:25:2:63:2:4
25,dpfi,63,atom_h,5,20260818:4515:25:2:63:1:5
25,dpfi,63,atom_v,5,20260818:4515:25:2:63:2:5
25,dpfi,63,atom_h,6,20260818:4515:25:2:63:1:6
25,dpfi,63,atom_v,6,20260818:4515:25:2:63:2:6
25,dpfi,63,atom_h,7,20260818:4515:25:2:63:1:7
25,dpfi,63,atom_v,7,20260818:4515:25:2:63:2:7
25,dpfi,63,atom_h,8,20260818:4515:25:2:63:1:8
25,dpfi,63,atom_v,8,20260818:4515:25:2:63:2:8
25,dpfi,63,atom_h,9,20260818:4515:25:2:63:1:9
25,dpfi,63,atom_v,9,20260818:4515:25:2:63:2:9
25,dpfi,63,atom_h,10,20260818:4515:25:2:63:1:10
25,dpfi,63,atom_v,10,20260818:4515:25:2:63:2:10
25,dpfi,63,atom_h,11,20260818:4515:25:2:63:1:11
25,dpfi,63,atom_v,11,20260818:4515:25:2:63:2:11
25,dpfi,63,atom_h,12,20260818:4515:25:2:63:1:12
25,dpfi,63,atom_v,12,20260818:4515:25:2:63:2:12
25,dpfi,63,atom_h,13,20260818:4515:25:2:63:1:13
25,dpfi,63,atom_v,13,20260818:4515:25:2:63:2:13
25,dpfi,63,atom_h,14,20260818:4515:25:2:63:1:14
25,dpfi,63,atom_v,14,20260818:4515:25:2:63:2:14
25,dpfi,63,atom_h,15,20260818:4515:25:2:63:1:15
25,dpfi,63,atom_v,15,20260818:4515:25:2:63:2:15
100,dpfi,0,blank_h,0,20260818:4515:100:2:0:3:0
100,dpfi,0,blank_v,0,20260818:4515:100:2:0:4:0
100,dpfi,0,dark_h,0,20260818:4515:100:2:0:5:0
100,dpfi,0,dark_v,0,20260818:4515:100:2:0:6:0
100,dpfi,0,atom_h,1,20260818:4515:100:2:0:1:1
100,dpfi,0,atom_v,1,20260818:4515:100:2:0:2:1
100,dpfi,0,atom_h,2,20260818:4515:100:2:0:1:2
100,dpfi,0,atom_v,2,20260818:4515:100:2:0:2:2
100,dpfi,0,atom_h,3,20260818:4515:100:2:0:1:3
100,dpfi,0,atom_v,3,20260818:4515:100:2:0:2:3
100,dpfi,0,atom_h,4,20260818:4515:100:2:0:1:4
100,dpfi,0,atom_v,4,20260818:4515:100:2:0:2:4
100,dpfi,0,atom_h,5,20260818:4515:100:2:0:1:5
100,dpfi,0,atom_v,5,20260818:4515:100:2:0:2:5
100,dpfi,0,atom_h,6,20260818:4515:100:2:0:1:6
100,dpfi,0,atom_v,6,20260818:4515:100:2:0:2:6
100,dpfi,0,atom_h,7,20260818:4515:100:2:0:1:7
100,dpfi,0,atom_v,7,20260818:4515:100:2:0:2:7
100,dpfi,0,atom_h,8,20260818:4515:100:2:0:1:8
100,dpfi,0,atom_v,8,20260818:4515:100:2:0:2:8
100,dpfi,0,atom_h,9,20260818:4515:100:2:0:1:9
100,dpfi,0,atom_v,9,20260818:4515:100:2:0:2:9
100,dpfi,0,atom_h,10,20260818:4515:100:2:0:1:10
100,dpfi,0,atom_v,10,20260818:4515:100:2:0:2:10
100,dpfi,0,atom_h,11,20260818:4515:100:2:0:1:11
100,dpfi,0,atom_v,11,20260818:4515:100:2:0:2:11
100,dpfi,0,atom_h,12,20260818:4515:100:2:0:1:12
100,dpfi,0,atom_v,12,20260818:4515:100:2:0:2:12
100,dpfi,0,atom_h,13,20260818:4515:100:2:0:1:13
100,dpfi,0,atom_v,13,20260818:4515:100:2:0:2:13
100,dpfi,0,atom_h,14,20260818:4515:100:2:0:1:14
100,dpfi,0,atom_v,14,20260818:4515:100:2:0:2:14
100,dpfi,0,atom_h,15,20260818:4515:100:2:0:1:15
100,dpfi,0,atom_v,15,20260818:4515:100:2:0:2:15
100,dpfi,1,blank_h,0,20260818:4515:100:2:1:3:0
100,dpfi,1,blank_v,0,20260818:4515:100:2:1:4:0
100,dpfi,1,dark_h,0,20260818:4515:100:2:1:5:0
100,dpfi,1,dark_v,0,20260818:4515:100:2:1:6:0
100,dpfi,1,atom_h,1,20260818:4515:100:2:1:1:1
100,dpfi,1,atom_v,1,20260818:4515:100:2:1:2:1
100,dpfi,1,atom_h,2,20260818:4515:100:2:1:1:2
100,dpfi,1,atom_v,2,20260818:4515:100:2:1:2:2
100,dpfi,1,atom_h,3,20260818:4515:100:2:1:1:3
100,dpfi,1,atom_v,3,20260818:4515:100:2:1:2:3
100,dpfi,1,atom_h,4,20260818:4515:100:2:1:1:4
100,dpfi,1,atom_v,4,20260818:4515:100:2:1:2:4
100,dpfi,1,atom_h,5,20260818:4515:100:2:1:1:5
100,dpfi,1,atom_v,5,20260818:4515:100:2:1:2:5
100,dpfi,1,atom_h,6,20260818:4515:100:2:1:1:6
100,dpfi,1,atom_v,6,20260818:4515:100:2:1:2:6
100,dpfi,1,atom_h,7,20260818:4515:100:2:1:1:7
100,dpfi,1,atom_v,7,20260818:4515:100:2:1:2:7
100,dpfi,1,atom_h,8,20260818:4515:100:2:1:1:8
100,dpfi,1,atom_v,8,20260818:4515:100:2:1:2:8
100,dpfi,1,atom_h,9,20260818:4515:100:2:1:1:9
100,dpfi,1,atom_v,9,20260818:4515:100:2:1:2:9
100,dpfi,1,atom_h,10,20260818:4515:100:2:1:1:10
100,dpfi,1,atom_v,10,20260818:4515:100:2:1:2:10
100,dpfi,1,atom_h,11,20260818:4515:100:2:1:1:11
100,dpfi,1,atom_v,11,20260818:4515:100:2:1:2:11
100,dpfi,1,atom_h,12,20260818:4515:100:2:1:1:12
100,dpfi,1,atom_v,12,20260818:4515:100:2:1:2:12
100,dpfi,1,atom_h,13,20260818:4515:100:2:1:1:13
100,dpfi,1,atom_v,13,20260818:4515:100:2:1:2:13
100,dpfi,1,atom_h,14,20260818:4515:100:2:1:1:14
100,dpfi,1,atom_v,14,20260818:4515:100:2:1:2:14
100,dpfi,1,atom_h,15,20260818:4515:100:2:1:1:15
100,dpfi,1,atom_v,15,20260818:4515:100:2:1:2:15
100,dpfi,2,blank_h,0,20260818:4515:100:2:2:3:0
100,dpfi,2,blank_v,0,20260818:4515:100:2:2:4:0
100,dpfi,2,dark_h,0,20260818:4515:100:2:2:5:0
100,dpfi,2,dark_v,0,20260818:4515:100:2:2:6:0
100,dpfi,2,atom_h,1,20260818:4515:100:2:2:1:1
100,dpfi,2,atom_v,1,20260818:4515:100:2:2:2:1
100,dpfi,2,atom_h,2,20260818:4515:100:2:2:1:2
100,dpfi,2,atom_v,2,20260818:4515:100:2:2:2:2
100,dpfi,2,atom_h,3,20260818:4515:100:2:2:1:3
100,dpfi,2,atom_v,3,20260818:4515:100:2:2:2:3
100,dpfi,2,atom_h,4,20260818:4515:100:2:2:1:4
100,dpfi,2,atom_v,4,20260818:4515:100:2:2:2:4
100,dpfi,2,atom_h,5,20260818:4515:100:2:2:1:5
100,dpfi,2,atom_v,5,20260818:4515:100:2:2:2:5
100,dpfi,2,atom_h,6,20260818:4515:100:2:2:1:6
100,dpfi,2,atom_v,6,20260818:4515:100:2:2:2:6
100,dpfi,2,atom_h,7,20260818:4515:100:2:2:1:7
100,dpfi,2,atom_v,7,20260818:4515:100:2:2:2:7
100,dpfi,2,atom_h,8,20260818:4515:100:2:2:1:8
100,dpfi,2,atom_v,8,20260818:4515:100:2:2:2:8
100,dpfi,2,atom_h,9,20260818:4515:100:2:2:1:9
100,dpfi,2,atom_v,9,20260818:4515:100:2:2:2:9
100,dpfi,2,atom_h,10,20260818:4515:100:2:2:1:10
100,dpfi,2,atom_v,10,20260818:4515:100:2:2:2:10
100,dpfi,2,atom_h,11,20260818:4515:100:2:2:1:11
100,dpfi,2,atom_v,11,20260818:4515:100:2:2:2:11
100,dpfi,2,atom_h,12,20260818:4515:100:2:2:1:12
100,dpfi,2,atom_v,12,20260818:4515:100:2:2:2:12
100,dpfi,2,atom_h,13,20260818:4515:100:2:2:1:13
100,dpfi,2,atom_v,13,20260818:4515:100:2:2:2:13
100,dpfi,2,atom_h,14,20260818:4515:100:2:2:1:14
100,dpfi,2,atom_v,14,20260818:4515:100:2:2:2:14
100,dpfi,2,atom_h,15,20260818:4515:100:2:2:1:15
100,dpfi,2,atom_v,15,20260818:4515:100:2:2:2:15
100,dpfi,3,blank_h,0,20260818:4515:100:2:3:3:0
100,dpfi,3,blank_v,0,20260818:4515:100:2:3:4:0
100,dpfi,3,dark_h,0,20260818:4515:100:2:3:5:0
100,dpfi,3,dark_v,0,20260818:4515:100:2:3:6:0
100,dpfi,3,atom_h,1,20260818:4515:100:2:3:1:1
100,dpfi,3,atom_v,1,20260818:4515:100:2:3:2:1
100,dpfi,3,atom_h,2,20260818:4515:100:2:3:1:2
100,dpfi,3,atom_v,2,20260818:4515:100:2:3:2:2
100,dpfi,3,atom_h,3,20260818:4515:100:2:3:1:3
100,dpfi,3,atom_v,3,20260818:4515:100:2:3:2:3
100,dpfi,3,atom_h,4,20260818:4515:100:2:3:1:4
100,dpfi,3,atom_v,4,20260818:4515:100:2:3:2:4
100,dpfi,3,atom_h,5,20260818:4515:100:2:3:1:5
100,dpfi,3,atom_v,5,20260818:4515:100:2:3:2:5
100,dpfi,3,atom_h,6,20260818:4515:100:2:3:1:6
100,dpfi,3,atom_v,6,20260818:4515:100:2:3:2:6
100,dpfi,3,atom_h,7,20260818:4515:100:2:3:1:7
100,dpfi,3,atom_v,7,20260818:4515:100:2:3:2:7
100,dpfi,3,atom_h,8,20260818:4515:100:2:3:1:8
100,dpfi,3,atom_v,8,20260818:4515:100:2:3:2:8
100,dpfi,3,atom_h,9,20260818:4515:100:2:3:1:9
100,dpfi,3,atom_v,9,20260818:4515:100:2:3:2:9
100,dpfi,3,atom_h,10,20260818:4515:100:2:3:1:10
100,dpfi,3,atom_v,10,20260818:4515:100:2:3:2:10
100,dpfi,3,atom_h,11,20260818:4515:100:2:3:1:11
100,dpfi,3,atom_v,11,20260818:4515:100:2:3:2:11
100,dpfi,3,atom_h,12,20260818:4515:100:2:3:1:12
100,dpfi,3,atom_v,12,20260818:4515:100:2:3:2:12
100,dpfi,3,atom_h,13,20260818:4515:100:2:3:1:13
100,dpfi,3,atom_v,13,20260818:4515:100:2:3:2:13
100,dpfi,3,atom_h,14,20260818:4515:100:2:3:1:14
100,dpfi,3,atom_v,14,20260818:4515:100:2:3:2:14
100,dpfi,3,atom_h,15,20260818:4515:100:2:3:1:15
100,dpfi,3,atom_v,15,20260818:4515:100:2:3:2:15
100,dpfi,4,blank_h,0,20260818:4515:100:2:4:3:0
100,dpfi,4,blank_v,0,20260818:4515:100:2:4:4:0
100,dpfi,4,dark_h,0,20260818:4515:100:2:4:5:0
100,dpfi,4,dark_v,0,20260818:4515:100:2:4:6:0
100,dpfi,4,atom_h,1,20260818:4515:100:2:4:1:1
100,dpfi,4,atom_v,1,20260818:4515:100:2:4:2:1
100,dpfi,4,atom_h,2,20260818:4515:100:2:4:1:2
100,dpfi,4,atom_v,2,20260818:4515:100:2:4:2:2
100,dpfi,4,atom_h,3,20260818:4515:100:2:4:1:3
100,dpfi,4,atom_v,3,20260818:4515:100:2:4:2:3
100,dpfi,4,atom_h,4,20260818:4515:100:2:4:1:4
100,dpfi,4,atom_v,4,20260818:4515:100:2:4:2:4
100,dpfi,4,atom_h,5,20260818:4515:100:2:4:1:5
100,dpfi,4,atom_v,5,20260818:4515:100:2:4:2:5
100,dpfi,4,atom_h,6,20260818:4515:100:2:4:1:6
100,dpfi,4,atom_v,6,20260818:4515:100:2:4:2:6
100,dpfi,4,atom_h,7,20260818:4515:100:2:4:1:7
100,dpfi,4,atom_v,7,20260818:4515:100:2:4:2:7
100,dpfi,4,atom_h,8,20260818:4515:100:2:4:1:8
100,dpfi,4,atom_v,8,20260818:4515:100:2:4:2:8
100,dpfi,4,atom_h,9,20260818:4515:100:2:4:1:9
100,dpfi,4,atom_v,9,20260818:4515:100:2:4:2:9
100,dpfi,4,atom_h,10,20260818:4515:100:2:4:1:10
100,dpfi,4,atom_v,10,20260818:4515:100:2:4:2:10
100,dpfi,4,atom_h,11,20260818:4515:100:2:4:1:11
100,dpfi,4,atom_v,11,20260818:4515:100:2:4:2:11
100,dpfi,4,atom_h,12,20260818:4515:100:2:4:1:12
100,dpfi,4,atom_v,12,20260818:4515:100:2:4:2:12
100,dpfi,4,atom_h,13,20260818:4515:100:2:4:1:13
100,dpfi,4,atom_v,13,20260818:4515:100:2:4:2:13
100,dpfi,4,atom_h,14,20260818:4515:100:2:4:1:14
100,dpfi,4,atom_v,14,20260818:4515:100:2:4:2:14
100,dpfi,4,atom_h,15,20260818:4515:100:2:4:1:15
100,dpfi,4,atom_v,15,20260818:4515:100:2:4:2:15
100,dpfi,5,blank_h,0,20260818:4515:100:2:5:3:0
100,dpfi,5,blank_v,0,20260818:4515:100:2:5:4:0
100,dpfi,5,dark_h,0,20260818:4515:100:2:5:5:0
100,dpfi,5,dark_v,0,20260818:4515:100:2:5:6:0
100,dpfi,5,atom_h,1,20260818:4515:100:2:5:1:1
100,dpfi,5,atom_v,1,20260818:4515:100:2:5:2:1
100,dpfi,5,atom_h,2,20260818:4515:100:2:5:1:2
100,dpfi,5,atom_v,2,20260818:4515:100:2:5:2:2
100,dpfi,5,atom_h,3,20260818:4515:100:2:5:1:3
100,dpfi,5,atom_v,3,20260818:4515:100:2:5:2:3
100,dpfi,5,atom_h,4,20260818:4515:100:2:5:1:4
100,dpfi,5,atom_v,4,20260818:4515:100:2:5:2:4
100,dpfi,5,atom_h,5,20260818:4515:100:2:5:1:5
100,dpfi,5,atom_v,5,20260818:4515:100:2:5:2:5
100,dpfi,5,atom_h,6,20260818:4515:100:2:5:1:6
100,dpfi,5,atom_v,6,20260818:4515:100:2:5:2:6
100,dpfi,5,atom_h,7,20260818:4515:100:2:5:1:7
100,dpfi,5,atom_v,7,20260818:4515:100:2:5:2:7
100,dpfi,5,atom_h,8,20260818:4515:100:2:5:1:8
100,dpfi,5,atom_v,8,20260818:4515:100:2:5:2:8
100,dpfi,5,atom_h,9,20260818:4515:100:2:5:1:9
100,dpfi,5,atom_v,9,20260818:4515:100:2:5:2:9
100,dpfi,5,atom_h,10,20260818:4515:100:2:5:1:10
100,dpfi,5,atom_v,10,20260818:4515:100:2:5:2:10
100,dpfi,5,atom_h,11,20260818:4515:100:2:5:1:11
100,dpfi,5,atom_v,11,20260818:4515:100:2:5:2:11
100,dpfi,5,atom_h,12,20260818:4515:100:2:5:1:12
100,dpfi,5,atom_v,12,20260818:4515:100:2:5:2:12
100,dpfi,5,atom_h,13,20260818:4515:100:2:5:1:13
100,dpfi,5,atom_v,13,20260818:4515:100:2:5:2:13
100,dpfi,5,atom_h,14,20260818:4515:100:2:5:1:14
100,dpfi,5,atom_v,14,20260818:4515:100:2:5:2:14
100,dpfi,5,atom_h,15,20260818:4515:100:2:5:1:15
100,dpfi,5,atom_v,15,20260818:4515:100:2:5:2:15
100,dpfi,6,blank_h,0,20260818:4515:100:2:6:3:0
100,dpfi,6,blank_v,0,20260818:4515:100:2:6:4:0
100,dpfi,6,dark_h,0,20260818:4515:100:2:6:5:0
100,dpfi,6,dark_v,0,20260818:4515:100:2:6:6:0
100,dpfi,6,atom_h,1,20260818:4515:100:2:6:1:1
100,dpfi,6,atom_v,1,20260818:4515:100:2:6:2:1
100,dpfi,6,atom_h,2,20260818:4515:100:2:6:1:2
100,dpfi,6,atom_v,2,20260818:4515:100:2:6:2:2
100,dpfi,6,atom_h,3,20260818:4515:100:2:6:1:3
100,dpfi,6,atom_v,3,20260818:4515:100:2:6:2:3
100,dpfi,6,atom_h,4,20260818:4515:100:2:6:1:4
100,dpfi,6,atom_v,4,20260818:4515:100:2:6:2:4
100,dpfi,6,atom_h,5,20260818:4515:100:2:6:1:5
100,dpfi,6,atom_v,5,20260818:4515:100:2:6:2:5
100,dpfi,6,atom_h,6,20260818:4515:100:2:6:1:6
100,dpfi,6,atom_v,6,20260818:4515:100:2:6:2:6
100,dpfi,6,atom_h,7,20260818:4515:100:2:6:1:7
100,dpfi,6,atom_v,7,20260818:4515:100:2:6:2:7
100,dpfi,6,atom_h,8,20260818:4515:100:2:6:1:8
100,dpfi,6,atom_v,8,20260818:4515:100:2:6:2:8
100,dpfi,6,atom_h,9,20260818:4515:100:2:6:1:9
100,dpfi,6,atom_v,9,20260818:4515:100:2:6:2:9
100,dpfi,6,atom_h,10,20260818:4515:100:2:6:1:10
100,dpfi,6,atom_v,10,20260818:4515:100:2:6:2:10
100,dpfi,6,atom_h,11,20260818:4515:100:2:6:1:11
100,dpfi,6,atom_v,11,20260818:4515:100:2:6:2:11
100,dpfi,6,atom_h,12,20260818:4515:100:2:6:1:12
100,dpfi,6,atom_v,12,20260818:4515:100:2:6:2:12
100,dpfi,6,atom_h,13,20260818:4515:100:2:6:1:13
100,dpfi,6,atom_v,13,20260818:4515:100:2:6:2:13
100,dpfi,6,atom_h,14,20260818:4515:100:2:6:1:14
100,dpfi,6,atom_v,14,20260818:4515:100:2:6:2:14
100,dpfi,6,atom_h,15,20260818:4515:100:2:6:1:15
100,dpfi,6,atom_v,15,20260818:4515:100:2:6:2:15
100,dpfi,7,blank_h,0,20260818:4515:100:2:7:3:0
100,dpfi,7,blank_v,0,20260818:4515:100:2:7:4:0
100,dpfi,7,dark_h,0,20260818:4515:100:2:7:5:0
100,dpfi,7,dark_v,0,20260818:4515:100:2:7:6:0
100,dpfi,7,atom_h,1,20260818:4515:100:2:7:1:1
100,dpfi,7,atom_v,1,20260818:4515:100:2:7:2:1
100,dpfi,7,atom_h,2,20260818:4515:100:2:7:1:2
100,dpfi,7,atom_v,2,20260818:4515:100:2:7:2:2
100,dpfi,7,atom_h,3,20260818:4515:100:2:7:1:3
100,dpfi,7,atom_v,3,20260818:4515:100:2:7:2:3
100,dpfi,7,atom_h,4,20260818:4515:100:2:7:1:4
100,dpfi,7,atom_v,4,20260818:4515:100:2:7:2:4
100,dpfi,7,atom_h,5,20260818:4515:100:2:7:1:5
100,dpfi,7,atom_v,5,20260818:4515:100:2:7:2:5
100,dpfi,7,atom_h,6,20260818:4515:100:2:7:1:6
100,dpfi,7,atom_v,6,20260818:4515:100:2:7:2:6
100,dpfi,7,atom_h,7,20260818:4515:100:2:7:1:7
100,dpfi,7,atom_v,7,20260818:4515:100:2:7:2:7
100,dpfi,7,atom_h,8,20260818:4515:100:2:7:1:8
100,dpfi,7,atom_v,8,20260818:4515:100:2:7:2:8
100,dpfi,7,atom_h,9,20260818:4515:100:2:7:1:9
100,dpfi,7,atom_v,9,20260818:4515:100:2:7:2:9
100,dpfi,7,atom_h,10,20260818:4515:100:2:7:1:10
100,dpfi,7,atom_v,10,20260818:4515:100:2:7:2:10
100,dpfi,7,atom_h,11,20260818:4515:100:2:7:1:11
100,dpfi,7,atom_v,11,20260818:4515:100:2:7:2:11
100,dpfi,7,atom_h,12,20260818:4515:100:2:7:1:12
100,dpfi,7,atom_v,12,20260818:4515:100:2:7:2:12
100,dpfi,7,atom_h,13,20260818:4515:100:2:7:1:13
100,dpfi,7,atom_v,13,20260818:4515:100:2:7:2:13
100,dpfi,7,atom_h,14,20260818:4515:100:2:7:1:14
100,dpfi,7,atom_v,14,20260818:4515:100:2:7:2:14
100,dpfi,7,atom_h,15,20260818:4515:100:2:7:1:15
100,dpfi,7,atom_v,15,20260818:4515:100:2:7:2:15
100,dpfi,8,blank_h,0,20260818:4515:100:2:8:3:0
100,dpfi,8,blank_v,0,20260818:4515:100:2:8:4:0
100,dpfi,8,dark_h,0,20260818:4515:100:2:8:5:0
100,dpfi,8,dark_v,0,20260818:4515:100:2:8:6:0
100,dpfi,8,atom_h,1,20260818:4515:100:2:8:1:1
100,dpfi,8,atom_v,1,20260818:4515:100:2:8:2:1
100,dpfi,8,atom_h,2,20260818:4515:100:2:8:1:2
100,dpfi,8,atom_v,2,20260818:4515:100:2:8:2:2
100,dpfi,8,atom_h,3,20260818:4515:100:2:8:1:3
100,dpfi,8,atom_v,3,20260818:4515:100:2:8:2:3
100,dpfi,8,atom_h,4,20260818:4515:100:2:8:1:4
100,dpfi,8,atom_v,4,20260818:4515:100:2:8:2:4
100,dpfi,8,atom_h,5,20260818:4515:100:2:8:1:5
100,dpfi,8,atom_v,5,20260818:4515:100:2:8:2:5
100,dpfi,8,atom_h,6,20260818:4515:100:2:8:1:6
100,dpfi,8,atom_v,6,20260818:4515:100:2:8:2:6
100,dpfi,8,atom_h,7,20260818:4515:100:2:8:1:7
100,dpfi,8,atom_v,7,20260818:4515:100:2:8:2:7
100,dpfi,8,atom_h,8,20260818:4515:100:2:8:1:8
100,dpfi,8,atom_v,8,20260818:4515:100:2:8:2:8
100,dpfi,8,atom_h,9,20260818:4515:100:2:8:1:9
100,dpfi,8,atom_v,9,20260818:4515:100:2:8:2:9
100,dpfi,8,atom_h,10,20260818:4515:100:2:8:1:10
100,dpfi,8,atom_v,10,20260818:4515:100:2:8:2:10
100,dpfi,8,atom_h,11,20260818:4515:100:2:8:1:11
100,dpfi,8,atom_v,11,20260818:4515:100:2:8:2:11
100,dpfi,8,atom_h,12,20260818:4515:100:2:8:1:12
100,dpfi,8,atom_v,12,20260818:4515:100:2:8:2:12
100,dpfi,8,atom_h,13,20260818:4515:100:2:8:1:13
100,dpfi,8,atom_v,13,20260818:4515:100:2:8:2:13
100,dpfi,8,atom_h,14,20260818:4515:100:2:8:1:14
100,dpfi,8,atom_v,14,20260818:4515:100:2:8:2:14
100,dpfi,8,atom_h,15,20260818:4515:100:2:8:1:15
100,dpfi,8,atom_v,15,20260818:4515:100:2:8:2:15
100,dpfi,9,blank_h,0,20260818:4515:100:2:9:3:0
100,dpfi,9,blank_v,0,20260818:4515:100:2:9:4:0
100,dpfi,9,dark_h,0,20260818:4515:100:2:9:5:0
100,dpfi,9,dark_v,0,20260818:4515:100:2:9:6:0
100,dpfi,9,atom_h,1,20260818:4515:100:2:9:1:1
100,dpfi,9,atom_v,1,20260818:4515:100:2:9:2:1
100,dpfi,9,atom_h,2,20260818:4515:100:2:9:1:2
100,dpfi,9,atom_v,2,20260818:4515:100:2:9:2:2
100,dpfi,9,atom_h,3,20260818:4515:100:2:9:1:3
100,dpfi,9,atom_v,3,20260818:4515:100:2:9:2:3
100,dpfi,9,atom_h,4,20260818:4515:100:2:9:1:4
100,dpfi,9,atom_v,4,20260818:4515:100:2:9:2:4
100,dpfi,9,atom_h,5,20260818:4515:100:2:9:1:5
100,dpfi,9,atom_v,5,20260818:4515:100:2:9:2:5
100,dpfi,9,atom_h,6,20260818:4515:100:2:9:1:6
100,dpfi,9,atom_v,6,20260818:4515:100:2:9:2:6
100,dpfi,9,atom_h,7,20260818:4515:100:2:9:1:7
100,dpfi,9,atom_v,7,20260818:4515:100:2:9:2:7
100,dpfi,9,atom_h,8,20260818:4515:100:2:9:1:8
100,dpfi,9,atom_v,8,20260818:4515:100:2:9:2:8
100,dpfi,9,atom_h,9,20260818:4515:100:2:9:1:9
100,dpfi,9,atom_v,9,20260818:4515:100:2:9:2:9
100,dpfi,9,atom_h,10,20260818:4515:100:2:9:1:10
100,dpfi,9,atom_v,10,20260818:4515:100:2:9:2:10
100,dpfi,9,atom_h,11,20260818:4515:100:2:9:1:11
100,dpfi,9,atom_v,11,20260818:4515:100:2:9:2:11
100,dpfi,9,atom_h,12,20260818:4515:100:2:9:1:12
100,dpfi,9,atom_v,12,20260818:4515:100:2:9:2:12
100,dpfi,9,atom_h,13,20260818:4515:100:2:9:1:13
100,dpfi,9,atom_v,13,20260818:4515:100:2:9:2:13
100,dpfi,9,atom_h,14,20260818:4515:100:2:9:1:14
100,dpfi,9,atom_v,14,20260818:4515:100:2:9:2:14
100,dpfi,9,atom_h,15,20260818:4515:100:2:9:1:15
100,dpfi,9,atom_v,15,20260818:4515:100:2:9:2:15
100,dpfi,10,blank_h,0,20260818:4515:100:2:10:3:0
100,dpfi,10,blank_v,0,20260818:4515:100:2:10:4:0
100,dpfi,10,dark_h,0,20260818:4515:100:2:10:5:0
100,dpfi,10,dark_v,0,20260818:4515:100:2:10:6:0
100,dpfi,10,atom_h,1,20260818:4515:100:2:10:1:1
100,dpfi,10,atom_v,1,20260818:4515:100:2:10:2:1
100,dpfi,10,atom_h,2,20260818:4515:100:2:10:1:2
100,dpfi,10,atom_v,2,20260818:4515:100:2:10:2:2
100,dpfi,10,atom_h,3,20260818:4515:100:2:10:1:3
100,dpfi,10,atom_v,3,20260818:4515:100:2:10:2:3
100,dpfi,10,atom_h,4,20260818:4515:100:2:10:1:4
100,dpfi,10,atom_v,4,20260818:4515:100:2:10:2:4
100,dpfi,10,atom_h,5,20260818:4515:100:2:10:1:5
100,dpfi,10,atom_v,5,20260818:4515:100:2:10:2:5
100,dpfi,10,atom_h,6,20260818:4515:100:2:10:1:6
100,dpfi,10,atom_v,6,20260818:4515:100:2:10:2:6
100,dpfi,10,atom_h,7,20260818:4515:100:2:10:1:7
100,dpfi,10,atom_v,7,20260818:4515:100:2:10:2:7
100,dpfi,10,atom_h,8,20260818:4515:100:2:10:1:8
100,dpfi,10,atom_v,8,20260818:4515:100:2:10:2:8
100,dpfi,10,atom_h,9,20260818:4515:100:2:10:1:9
100,dpfi,10,atom_v,9,20260818:4515:100:2:10:2:9
100,dpfi,10,atom_h,10,20260818:4515:100:2:10:1:10
100,dpfi,10,atom_v,10,20260818:4515:100:2:10:2:10
100,dpfi,10,atom_h,11,20260818:4515:100:2:10:1:11
100,dpfi,10,atom_v,11,20260818:4515:100:2:10:2:11
100,dpfi,10,atom_h,12,20260818:4515:100:2:10:1:12
100,dpfi,10,atom_v,12,20260818:4515:100:2:10:2:12
100,dpfi,10,atom_h,13,20260818:4515:100:2:10:1:13
100,dpfi,10,atom_v,13,20260818:4515:100:2:10:2:13
100,dpfi,10,atom_h,14,20260818:4515:100:2:10:1:14
100,dpfi,10,atom_v,14,20260818:4515:100:2:10:2:14
100,dpfi,10,atom_h,15,20260818:4515:100:2:10:1:15
100,dpfi,10,atom_v,15,20260818:4515:100:2:10:2:15
100,dpfi,11,blank_h,0,20260818:4515:100:2:11:3:0
100,dpfi,11,blank_v,0,20260818:4515:100:2:11:4:0
100,dpfi,11,dark_h,0,20260818:4515:100:2:11:5:0
100,dpfi,11,dark_v,0,20260818:4515:100:2:11:6:0
100,dpfi,11,atom_h,1,20260818:4515:100:2:11:1:1
100,dpfi,11,atom_v,1,20260818:4515:100:2:11:2:1
100,dpfi,11,atom_h,2,20260818:4515:100:2:11:1:2
100,dpfi,11,atom_v,2,20260818:4515:100:2:11:2:2
100,dpfi,11,atom_h,3,20260818:4515:100:2:11:1:3
100,dpfi,11,atom_v,3,20260818:4515:100:2:11:2:3
100,dpfi,11,atom_h,4,20260818:4515:100:2:11:1:4
100,dpfi,11,atom_v,4,20260818:4515:100:2:11:2:4
100,dpfi,11,atom_h,5,20260818:4515:100:2:11:1:5
100,dpfi,11,atom_v,5,20260818:4515:100:2:11:2:5
100,dpfi,11,atom_h,6,20260818:4515:100:2:11:1:6
100,dpfi,11,atom_v,6,20260818:4515:100:2:11:2:6
100,dpfi,11,atom_h,7,20260818:4515:100:2:11:1:7
100,dpfi,11,atom_v,7,20260818:4515:100:2:11:2:7
100,dpfi,11,atom_h,8,20260818:4515:100:2:11:1:8
100,dpfi,11,atom_v,8,20260818:4515:100:2:11:2:8
100,dpfi,11,atom_h,9,20260818:4515:100:2:11:1:9
100,dpfi,11,atom_v,9,20260818:4515:100:2:11:2:9
100,dpfi,11,atom_h,10,20260818:4515:100:2:11:1:10
100,dpfi,11,atom_v,10,20260818:4515:100:2:11:2:10
100,dpfi,11,atom_h,11,20260818:4515:100:2:11:1:11
100,dpfi,11,atom_v,11,20260818:4515:100:2:11:2:11
100,dpfi,11,atom_h,12,20260818:4515:100:2:11:1:12
100,dpfi,11,atom_v,12,20260818:4515:100:2:11:2:12
100,dpfi,11,atom_h,13,20260818:4515:100:2:11:1:13
100,dpfi,11,atom_v,13,20260818:4515:100:2:11:2:13
100,dpfi,11,atom_h,14,20260818:4515:100:2:11:1:14
100,dpfi,11,atom_v,14,20260818:4515:100:2:11:2:14
100,dpfi,11,atom_h,15,20260818:4515:100:2:11:1:15
100,dpfi,11,atom_v,15,20260818:4515:100:2:11:2:15
100,dpfi,12,blank_h,0,20260818:4515:100:2:12:3:0
100,dpfi,12,blank_v,0,20260818:4515:100:2:12:4:0
100,dpfi,12,dark_h,0,20260818:4515:100:2:12:5:0
100,dpfi,12,dark_v,0,20260818:4515:100:2:12:6:0
100,dpfi,12,atom_h,1,20260818:4515:100:2:12:1:1
100,dpfi,12,atom_v,1,20260818:4515:100:2:12:2:1
100,dpfi,12,atom_h,2,20260818:4515:100:2:12:1:2
100,dpfi,12,atom_v,2,20260818:4515:100:2:12:2:2
100,dpfi,12,atom_h,3,20260818:4515:100:2:12:1:3
100,dpfi,12,atom_v,3,20260818:4515:100:2:12:2:3
100,dpfi,12,atom_h,4,20260818:4515:100:2:12:1:4
100,dpfi,12,atom_v,4,20260818:4515:100:2:12:2:4
100,dpfi,12,atom_h,5,20260818:4515:100:2:12:1:5
100,dpfi,12,atom_v,5,20260818:4515:100:2:12:2:5
100,dpfi,12,atom_h,6,20260818:4515:100:2:12:1:6
100,dpfi,12,atom_v,6,20260818:4515:100:2:12:2:6
100,dpfi,12,atom_h,7,20260818:4515:100:2:12:1:7
100,dpfi,12,atom_v,7,20260818:4515:100:2:12:2:7
100,dpfi,12,atom_h,8,20260818:4515:100:2:12:1:8
100,dpfi,12,atom_v,8,20260818:4515:100:2:12:2:8
100,dpfi,12,atom_h,9,20260818:4515:100:2:12:1:9
100,dpfi,12,atom_v,9,20260818:4515:100:2:12:2:9
100,dpfi,12,atom_h,10,20260818:4515:100:2:12:1:10
100,dpfi,12,atom_v,10,20260818:4515:100:2:12:2:10
100,dpfi,12,atom_h,11,20260818:4515:100:2:12:1:11
100,dpfi,12,atom_v,11,20260818:4515:100:2:12:2:11
100,dpfi,12,atom_h,12,20260818:4515:100:2:12:1:12
100,dpfi,12,atom_v,12,20260818:4515:100:2:12:2:12
100,dpfi,12,atom_h,13,20260818:4515:100:2:12:1:13
100,dpfi,12,atom_v,13,20260818:4515:100:2:12:2:13
100,dpfi,12,atom_h,14,20260818:4515:100:2:12:1:14
100,dpfi,12,atom_v,14,20260818:4515:100:2:12:2:14
100,dpfi,12,atom_h,15,20260818:4515:100:2:12:1:15
100,dpfi,12,atom_v,15,20260818:4515:100:2:12:2:15
100,dpfi,13,blank_h,0,20260818:4515:100:2:13:3:0
100,dpfi,13,blank_v,0,20260818:4515:100:2:13:4:0
100,dpfi,13,dark_h,0,20260818:4515:100:2:13:5:0
100,dpfi,13,dark_v,0,20260818:4515:100:2:13:6:0
100,dpfi,13,atom_h,1,20260818:4515:100:2:13:1:1
100,dpfi,13,atom_v,1,20260818:4515:100:2:13:2:1
100,dpfi,13,atom_h,2,20260818:4515:100:2:13:1:2
100,dpfi,13,atom_v,2,20260818:4515:100:2:13:2:2
100,dpfi,13,atom_h,3,20260818:4515:100:2:13:1:3
100,dpfi,13,atom_v,3,20260818:4515:100:2:13:2:3
100,dpfi,13,atom_h,4,20260818:4515:100:2:13:1:4
100,dpfi,13,atom_v,4,20260818:4515:100:2:13:2:4
100,dpfi,13,atom_h,5,20260818:4515:100:2:13:1:5
100,dpfi,13,atom_v,5,20260818:4515:100:2:13:2:5
100,dpfi,13,atom_h,6,20260818:4515:100:2:13:1:6
100,dpfi,13,atom_v,6,20260818:4515:100:2:13:2:6
100,dpfi,13,atom_h,7,20260818:4515:100:2:13:1:7
100,dpfi,13,atom_v,7,20260818:4515:100:2:13:2:7
100,dpfi,13,atom_h,8,20260818:4515:100:2:13:1:8
100,dpfi,13,atom_v,8,20260818:4515:100:2:13:2:8
100,dpfi,13,atom_h,9,20260818:4515:100:2:13:1:9
100,dpfi,13,atom_v,9,20260818:4515:100:2:13:2:9
100,dpfi,13,atom_h,10,20260818:4515:100:2:13:1:10
100,dpfi,13,atom_v,10,20260818:4515:100:2:13:2:10
100,dpfi,13,atom_h,11,20260818:4515:100:2:13:1:11
100,dpfi,13,atom_v,11,20260818:4515:100:2:13:2:11
100,dpfi,13,atom_h,12,20260818:4515:100:2:13:1:12
100,dpfi,13,atom_v,12,20260818:4515:100:2:13:2:12
100,dpfi,13,atom_h,13,20260818:4515:100:2:13:1:13
100,dpfi,13,atom_v,13,20260818:4515:100:2:13:2:13
100,dpfi,13,atom_h,14,20260818:4515:100:2:13:1:14
100,dpfi,13,atom_v,14,20260818:4515:100:2:13:2:14
100,dpfi,13,atom_h,15,20260818:4515:100:2:13:1:15
100,dpfi,13,atom_v,15,20260818:4515:100:2:13:2:15
100,dpfi,14,blank_h,0,20260818:4515:100:2:14:3:0
100,dpfi,14,blank_v,0,20260818:4515:100:2:14:4:0
100,dpfi,14,dark_h,0,20260818:4515:100:2:14:5:0
100,dpfi,14,dark_v,0,20260818:4515:100:2:14:6:0
100,dpfi,14,atom_h,1,20260818:4515:100:2:14:1:1
100,dpfi,14,atom_v,1,20260818:4515:100:2:14:2:1
100,dpfi,14,atom_h,2,20260818:4515:100:2:14:1:2
100,dpfi,14,atom_v,2,20260818:4515:100:2:14:2:2
100,dpfi,14,atom_h,3,20260818:4515:100:2:14:1:3
100,dpfi,14,atom_v,3,20260818:4515:100:2:14:2:3
100,dpfi,14,atom_h,4,20260818:4515:100:2:14:1:4
100,dpfi,14,atom_v,4,20260818:4515:100:2:14:2:4
100,dpfi,14,atom_h,5,20260818:4515:100:2:14:1:5
100,dpfi,14,atom_v,5,20260818:4515:100:2:14:2:5
100,dpfi,14,atom_h,6,20260818:4515:100:2:14:1:6
100,dpfi,14,atom_v,6,20260818:4515:100:2:14:2:6
100,dpfi,14,atom_h,7,20260818:4515:100:2:14:1:7
100,dpfi,14,atom_v,7,20260818:4515:100:2:14:2:7
100,dpfi,14,atom_h,8,20260818:4515:100:2:14:1:8
100,dpfi,14,atom_v,8,20260818:4515:100:2:14:2:8
100,dpfi,14,atom_h,9,20260818:4515:100:2:14:1:9
100,dpfi,14,atom_v,9,20260818:4515:100:2:14:2:9
100,dpfi,14,atom_h,10,20260818:4515:100:2:14:1:10
100,dpfi,14,atom_v,10,20260818:4515:100:2:14:2:10
100,dpfi,14,atom_h,11,20260818:4515:100:2:14:1:11
100,dpfi,14,atom_v,11,20260818:4515:100:2:14:2:11
100,dpfi,14,atom_h,12,20260818:4515:100:2:14:1:12
100,dpfi,14,atom_v,12,20260818:4515:100:2:14:2:12
100,dpfi,14,atom_h,13,20260818:4515:100:2:14:1:13
100,dpfi,14,atom_v,13,20260818:4515:100:2:14:2:13
100,dpfi,14,atom_h,14,20260818:4515:100:2:14:1:14
100,dpfi,14,atom_v,14,20260818:4515:100:2:14:2:14
100,dpfi,14,atom_h,15,20260818:4515:100:2:14:1:15
100,dpfi,14,atom_v,15,20260818:4515:100:2:14:2:15
100,dpfi,15,blank_h,0,20260818:4515:100:2:15:3:0
100,dpfi,15,blank_v,0,20260818:4515:100:2:15:4:0
100,dpfi,15,dark_h,0,20260818:4515:100:2:15:5:0
100,dpfi,15,dark_v,0,20260818:4515:100:2:15:6:0
100,dpfi,15,atom_h,1,20260818:4515:100:2:15:1:1
100,dpfi,15,atom_v,1,20260818:4515:100:2:15:2:1
100,dpfi,15,atom_h,2,20260818:4515:100:2:15:1:2
100,dpfi,15,atom_v,2,20260818:4515:100:2:15:2:2
100,dpfi,15,atom_h,3,20260818:4515:100:2:15:1:3
100,dpfi,15,atom_v,3,20260818:4515:100:2:15:2:3
100,dpfi,15,atom_h,4,20260818:4515:100:2:15:1:4
100,dpfi,15,atom_v,4,20260818:4515:100:2:15:2:4
100,dpfi,15,atom_h,5,20260818:4515:100:2:15:1:5
100,dpfi,15,atom_v,5,20260818:4515:100:2:15:2:5
100,dpfi,15,atom_h,6,20260818:4515:100:2:15:1:6
100,dpfi,15,atom_v,6,20260818:4515:100:2:15:2:6
100,dpfi,15,atom_h,7,20260818:4515:100:2:15:1:7
100,dpfi,15,atom_v,7,20260818:4515:100:2:15:2:7
100,dpfi,15,atom_h,8,20260818:4515:100:2:15:1:8
100,dpfi,15,atom_v,8,20260818:4515:100:2:15:2:8
100,dpfi,15,atom_h,9,20260818:4515:100:2:15:1:9
100,dpfi,15,atom_v,9,20260818:4515:100:2:15:2:9
100,dpfi,15,atom_h,10,20260818:4515:100:2:15:1:10
100,dpfi,15,atom_v,10,20260818:4515:100:2:15:2:10
100,dpfi,15,atom_h,11,20260818:4515:100:2:15:1:11
100,dpfi,15,atom_v,11,20260818:4515:100:2:15:2:11
100,dpfi,15,atom_h,12,20260818:4515:100:2:15:1:12
100,dpfi,15,atom_v,12,20260818:4515:100:2:15:2:12
100,dpfi,15,atom_h,13,20260818:4515:100:2:15:1:13
100,dpfi,15,atom_v,13,20260818:4515:100:2:15:2:13
100,dpfi,15,atom_h,14,20260818:4515:100:2:15:1:14
100,dpfi,15,atom_v,14,20260818:4515:100:2:15:2:14
100,dpfi,15,atom_h,15,20260818:4515:100:2:15:1:15
100,dpfi,15,atom_v,15,20260818:4515:100:2:15:2:15
100,dpfi,16,blank_h,0,20260818:4515:100:2:16:3:0
100,dpfi,16,blank_v,0,20260818:4515:100:2:16:4:0
100,dpfi,16,dark_h,0,20260818:4515:100:2:16:5:0
100,dpfi,16,dark_v,0,20260818:4515:100:2:16:6:0
100,dpfi,16,atom_h,1,20260818:4515:100:2:16:1:1
100,dpfi,16,atom_v,1,20260818:4515:100:2:16:2:1
100,dpfi,16,atom_h,2,20260818:4515:100:2:16:1:2
100,dpfi,16,atom_v,2,20260818:4515:100:2:16:2:2
100,dpfi,16,atom_h,3,20260818:4515:100:2:16:1:3
100,dpfi,16,atom_v,3,20260818:4515:100:2:16:2:3
100,dpfi,16,atom_h,4,20260818:4515:100:2:16:1:4
100,dpfi,16,atom_v,4,20260818:4515:100:2:16:2:4
100,dpfi,16,atom_h,5,20260818:4515:100:2:16:1:5
100,dpfi,16,atom_v,5,20260818:4515:100:2:16:2:5
100,dpfi,16,atom_h,6,20260818:4515:100:2:16:1:6
100,dpfi,16,atom_v,6,20260818:4515:100:2:16:2:6
100,dpfi,16,atom_h,7,20260818:4515:100:2:16:1:7
100,dpfi,16,atom_v,7,20260818:4515:100:2:16:2:7
100,dpfi,16,atom_h,8,20260818:4515:100:2:16:1:8
100,dpfi,16,atom_v,8,20260818:4515:100:2:16:2:8
100,dpfi,16,atom_h,9,20260818:4515:100:2:16:1:9
100,dpfi,16,atom_v,9,20260818:4515:100:2:16:2:9
100,dpfi,16,atom_h,10,20260818:4515:100:2:16:1:10
100,dpfi,16,atom_v,10,20260818:4515:100:2:16:2:10
100,dpfi,16,atom_h,11,20260818:4515:100:2:16:1:11
100,dpfi,16,atom_v,11,20260818:4515:100:2:16:2:11
100,dpfi,16,atom_h,12,20260818:4515:100:2:16:1:12
100,dpfi,16,atom_v,12,20260818:4515:100:2:16:2:12
100,dpfi,16,atom_h,13,20260818:4515:100:2:16:1:13
100,dpfi,16,atom_v,13,20260818:4515:100:2:16:2:13
100,dpfi,16,atom_h,14,20260818:4515:100:2:16:1:14
100,dpfi,16,atom_v,14,20260818:4515:100:2:16:2:14
100,dpfi,16,atom_h,15,20260818:4515:100:2:16:1:15
100,dpfi,16,atom_v,15,20260818:4515:100:2:16:2:15
100,dpfi,17,blank_h,0,20260818:4515:100:2:17:3:0
100,dpfi,17,blank_v,0,20260818:4515:100:2:17:4:0
100,dpfi,17,dark_h,0,20260818:4515:100:2:17:5:0
100,dpfi,17,dark_v,0,20260818:4515:100:2:17:6:0
100,dpfi,17,atom_h,1,20260818:4515:100:2:17:1:1
100,dpfi,17,atom_v,1,20260818:4515:100:2:17:2:1
100,dpfi,17,atom_h,2,20260818:4515:100:2:17:1:2
100,dpfi,17,atom_v,2,20260818:4515:100:2:17:2:2
100,dpfi,17,atom_h,3,20260818:4515:100:2:17:1:3
100,dpfi,17,atom_v,3,20260818:4515:100:2:17:2:3
100,dpfi,17,atom_h,4,20260818:4515:100:2:17:1:4
100,dpfi,17,atom_v,4,20260818:4515:100:2:17:2:4
100,dpfi,17,atom_h,5,20260818:4515:100:2:17:1:5
100,dpfi,17,atom_v,5,20260818:4515:100:2:17:2:5
100,dpfi,17,atom_h,6,20260818:4515:100:2:17:1:6
100,dpfi,17,atom_v,6,20260818:4515:100:2:17:2:6
100,dpfi,17,atom_h,7,20260818:4515:100:2:17:1:7
100,dpfi,17,atom_v,7,20260818:4515:100:2:17:2:7
100,dpfi,17,atom_h,8,20260818:4515:100:2:17:1:8
100,dpfi,17,atom_v,8,20260818:4515:100:2:17:2:8
100,dpfi,17,atom_h,9,20260818:4515:100:2:17:1:9
100,dpfi,17,atom_v,9,20260818:4515:100:2:17:2:9
100,dpfi,17,atom_h,10,20260818:4515:100:2:17:1:10
100,dpfi,17,atom_v,10,20260818:4515:100:2:17:2:10
100,dpfi,17,atom_h,11,20260818:4515:100:2:17:1:11
100,dpfi,17,atom_v,11,20260818:4515:100:2:17:2:11
100,dpfi,17,atom_h,12,20260818:4515:100:2:17:1:12
100,dpfi,17,atom_v,12,20260818:4515:100:2:17:2:12
100,dpfi,17,atom_h,13,20260818:4515:100:2:17:1:13
100,dpfi,17,atom_v,13,20260818:4515:100:2:17:2:13
100,dpfi,17,atom_h,14,20260818:4515:100:2:17:1:14
100,dpfi,17,atom_v,14,20260818:4515:100:2:17:2:14
100,dpfi,17,atom_h,15,20260818:4515:100:2:17:1:15
100,dpfi,17,atom_v,15,20260818:4515:100:2:17:2:15
100,dpfi,18,blank_h,0,20260818:4515:100:2:18:3:0
100,dpfi,18,blank_v,0,20260818:4515:100:2:18:4:0
100,dpfi,18,dark_h,0,20260818:4515:100:2:18:5:0
100,dpfi,18,dark_v,0,20260818:4515:100:2:18:6:0
100,dpfi,18,atom_h,1,20260818:4515:100:2:18:1:1
100,dpfi,18,atom_v,1,20260818:4515:100:2:18:2:1
100,dpfi,18,atom_h,2,20260818:4515:100:2:18:1:2
100,dpfi,18,atom_v,2,20260818:4515:100:2:18:2:2
100,dpfi,18,atom_h,3,20260818:4515:100:2:18:1:3
100,dpfi,18,atom_v,3,20260818:4515:100:2:18:2:3
100,dpfi,18,atom_h,4,20260818:4515:100:2:18:1:4
100,dpfi,18,atom_v,4,20260818:4515:100:2:18:2:4
100,dpfi,18,atom_h,5,20260818:4515:100:2:18:1:5
100,dpfi,18,atom_v,5,20260818:4515:100:2:18:2:5
100,dpfi,18,atom_h,6,20260818:4515:100:2:18:1:6
100,dpfi,18,atom_v,6,20260818:4515:100:2:18:2:6
100,dpfi,18,atom_h,7,20260818:4515:100:2:18:1:7
100,dpfi,18,atom_v,7,20260818:4515:100:2:18:2:7
100,dpfi,18,atom_h,8,20260818:4515:100:2:18:1:8
100,dpfi,18,atom_v,8,20260818:4515:100:2:18:2:8
100,dpfi,18,atom_h,9,20260818:4515:100:2:18:1:9
100,dpfi,18,atom_v,9,20260818:4515:100:2:18:2:9
100,dpfi,18,atom_h,10,20260818:4515:100:2:18:1:10
100,dpfi,18,atom_v,10,20260818:4515:100:2:18:2:10
100,dpfi,18,atom_h,11,20260818:4515:100:2:18:1:11
100,dpfi,18,atom_v,11,20260818:4515:100:2:18:2:11
100,dpfi,18,atom_h,12,20260818:4515:100:2:18:1:12
100,dpfi,18,atom_v,12,20260818:4515:100:2:18:2:12
100,dpfi,18,atom_h,13,20260818:4515:100:2:18:1:13
100,dpfi,18,atom_v,13,20260818:4515:100:2:18:2:13
100,dpfi,18,atom_h,14,20260818:4515:100:2:18:1:14
100,dpfi,18,atom_v,14,20260818:4515:100:2:18:2:14
100,dpfi,18,atom_h,15,20260818:4515:100:2:18:1:15
100,dpfi,18,atom_v,15,20260818:4515:100:2:18:2:15
100,dpfi,19,blank_h,0,20260818:4515:100:2:19:3:0
100,dpfi,19,blank_v,0,20260818:4515:100:2:19:4:0
100,dpfi,19,dark_h,0,20260818:4515:100:2:19:5:0
100,dpfi,19,dark_v,0,20260818:4515:100:2:19:6:0
100,dpfi,19,atom_h,1,20260818:4515:100:2:19:1:1
100,dpfi,19,atom_v,1,20260818:4515:100:2:19:2:1
100,dpfi,19,atom_h,2,20260818:4515:100:2:19:1:2
100,dpfi,19,atom_v,2,20260818:4515:100:2:19:2:2
100,dpfi,19,atom_h,3,20260818:4515:100:2:19:1:3
100,dpfi,19,atom_v,3,20260818:4515:100:2:19:2:3
100,dpfi,19,atom_h,4,20260818:4515:100:2:19:1:4
100,dpfi,19,atom_v,4,20260818:4515:100:2:19:2:4
100,dpfi,19,atom_h,5,20260818:4515:100:2:19:1:5
100,dpfi,19,atom_v,5,20260818:4515:100:2:19:2:5
100,dpfi,19,atom_h,6,20260818:4515:100:2:19:1:6
100,dpfi,19,atom_v,6,20260818:4515:100:2:19:2:6
100,dpfi,19,atom_h,7,20260818:4515:100:2:19:1:7
100,dpfi,19,atom_v,7,20260818:4515:100:2:19:2:7
100,dpfi,19,atom_h,8,20260818:4515:100:2:19:1:8
100,dpfi,19,atom_v,8,20260818:4515:100:2:19:2:8
100,dpfi,19,atom_h,9,20260818:4515:100:2:19:1:9
100,dpfi,19,atom_v,9,20260818:4515:100:2:19:2:9
100,dpfi,19,atom_h,10,20260818:4515:100:2:19:1:10
100,dpfi,19,atom_v,10,20260818:4515:100:2:19:2:10
100,dpfi,19,atom_h,11,20260818:4515:100:2:19:1:11
100,dpfi,19,atom_v,11,20260818:4515:100:2:19:2:11
100,dpfi,19,atom_h,12,20260818:4515:100:2:19:1:12
100,dpfi,19,atom_v,12,20260818:4515:100:2:19:2:12
100,dpfi,19,atom_h,13,20260818:4515:100:2:19:1:13
100,dpfi,19,atom_v,13,20260818:4515:100:2:19:2:13
100,dpfi,19,atom_h,14,20260818:4515:100:2:19:1:14
100,dpfi,19,atom_v,14,20260818:4515:100:2:19:2:14
100,dpfi,19,atom_h,15,20260818:4515:100:2:19:1:15
100,dpfi,19,atom_v,15,20260818:4515:100:2:19:2:15
100,dpfi,20,blank_h,0,20260818:4515:100:2:20:3:0
100,dpfi,20,blank_v,0,20260818:4515:100:2:20:4:0
100,dpfi,20,dark_h,0,20260818:4515:100:2:20:5:0
100,dpfi,20,dark_v,0,20260818:4515:100:2:20:6:0
100,dpfi,20,atom_h,1,20260818:4515:100:2:20:1:1
100,dpfi,20,atom_v,1,20260818:4515:100:2:20:2:1
100,dpfi,20,atom_h,2,20260818:4515:100:2:20:1:2
100,dpfi,20,atom_v,2,20260818:4515:100:2:20:2:2
100,dpfi,20,atom_h,3,20260818:4515:100:2:20:1:3
100,dpfi,20,atom_v,3,20260818:4515:100:2:20:2:3
100,dpfi,20,atom_h,4,20260818:4515:100:2:20:1:4
100,dpfi,20,atom_v,4,20260818:4515:100:2:20:2:4
100,dpfi,20,atom_h,5,20260818:4515:100:2:20:1:5
100,dpfi,20,atom_v,5,20260818:4515:100:2:20:2:5
100,dpfi,20,atom_h,6,20260818:4515:100:2:20:1:6
100,dpfi,20,atom_v,6,20260818:4515:100:2:20:2:6
100,dpfi,20,atom_h,7,20260818:4515:100:2:20:1:7
100,dpfi,20,atom_v,7,20260818:4515:100:2:20:2:7
100,dpfi,20,atom_h,8,20260818:4515:100:2:20:1:8
100,dpfi,20,atom_v,8,20260818:4515:100:2:20:2:8
100,dpfi,20,atom_h,9,20260818:4515:100:2:20:1:9
100,dpfi,20,atom_v,9,20260818:4515:100:2:20:2:9
100,dpfi,20,atom_h,10,20260818:4515:100:2:20:1:10
100,dpfi,20,atom_v,10,20260818:4515:100:2:20:2:10
100,dpfi,20,atom_h,11,20260818:4515:100:2:20:1:11
100,dpfi,20,atom_v,11,20260818:4515:100:2:20:2:11
100,dpfi,20,atom_h,12,20260818:4515:100:2:20:1:12
100,dpfi,20,atom_v,12,20260818:4515:100:2:20:2:12
100,dpfi,20,atom_h,13,20260818:4515:100:2:20:1:13
100,dpfi,20,atom_v,13,20260818:4515:100:2:20:2:13
100,dpfi,20,atom_h,14,20260818:4515:100:2:20:1:14
100,dpfi,20,atom_v,14,20260818:4515:100:2:20:2:14
100,dpfi,20,atom_h,15,20260818:4515:100:2:20:1:15
100,dpfi,20,atom_v,15,20260818:4515:100:2:20:2:15
100,dpfi,21,blank_h,0,20260818:4515:100:2:21:3:0
100,dpfi,21,blank_v,0,20260818:4515:100:2:21:4:0
100,dpfi,21,dark_h,0,20260818:4515:100:2:21:5:0
100,dpfi,21,dark_v,0,20260818:4515:100:2:21:6:0
100,dpfi,21,atom_h,1,20260818:4515:100:2:21:1:1
100,dpfi,21,atom_v,1,20260818:4515:100:2:21:2:1
100,dpfi,21,atom_h,2,20260818:4515:100:2:21:1:2
100,dpfi,21,atom_v,2,20260818:4515:100:2:21:2:2
100,dpfi,21,atom_h,3,20260818:4515:100:2:21:1:3
100,dpfi,21,atom_v,3,20260818:4515:100:2:21:2:3
100,dpfi,21,atom_h,4,20260818:4515:100:2:21:1:4
100,dpfi,21,atom_v,4,20260818:4515:100:2:21:2:4
100,dpfi,21,atom_h,5,20260818:4515:100:2:21:1:5
100,dpfi,21,atom_v,5,20260818:4515:100:2:21:2:5
100,dpfi,21,atom_h,6,20260818:4515:100:2:21:1:6
100,dpfi,21,atom_v,6,20260818:4515:100:2:21:2:6
100,dpfi,21,atom_h,7,20260818:4515:100:2:21:1:7
100,dpfi,21,atom_v,7,20260818:4515:100:2:21:2:7
100,dpfi,21,atom_h,8,20260818:4515:100:2:21:1:8
100,dpfi,21,atom_v,8,20260818:4515:100:2:21:2:8
100,dpfi,21,atom_h,9,20260818:4515:100:2:21:1:9
100,dpfi,21,atom_v,9,20260818:4515:100:2:21:2:9
100,dpfi,21,atom_h,10,20260818:4515:100:2:21:1:10
100,dpfi,21,atom_v,10,20260818:4515:100:2:21:2:10
100,dpfi,21,atom_h,11,20260818:4515:100:2:21:1:11
100,dpfi,21,atom_v,11,20260818:4515:100:2:21:2:11
100,dpfi,21,atom_h,12,20260818:4515:100:2:21:1:12
100,dpfi,21,atom_v,12,20260818:4515:100:2:21:2:12
100,dpfi,21,atom_h,13,20260818:4515:100:2:21:1:13
100,dpfi,21,atom_v,13,20260818:4515:100:2:21:2:13
100,dpfi,21,atom_h,14,20260818:4515:100:2:21:1:14
100,dpfi,21,atom_v,14,20260818:4515:100:2:21:2:14
100,dpfi,21,atom_h,15,20260818:4515:100:2:21:1:15
100,dpfi,21,atom_v,15,20260818:4515:100:2:21:2:15
100,dpfi,22,blank_h,0,20260818:4515:100:2:22:3:0
100,dpfi,22,blank_v,0,20260818:4515:100:2:22:4:0
100,dpfi,22,dark_h,0,20260818:4515:100:2:22:5:0
100,dpfi,22,dark_v,0,20260818:4515:100:2:22:6:0
100,dpfi,22,atom_h,1,20260818:4515:100:2:22:1:1
100,dpfi,22,atom_v,1,20260818:4515:100:2:22:2:1
100,dpfi,22,atom_h,2,20260818:4515:100:2:22:1:2
100,dpfi,22,atom_v,2,20260818:4515:100:2:22:2:2
100,dpfi,22,atom_h,3,20260818:4515:100:2:22:1:3
100,dpfi,22,atom_v,3,20260818:4515:100:2:22:2:3
100,dpfi,22,atom_h,4,20260818:4515:100:2:22:1:4
100,dpfi,22,atom_v,4,20260818:4515:100:2:22:2:4
100,dpfi,22,atom_h,5,20260818:4515:100:2:22:1:5
100,dpfi,22,atom_v,5,20260818:4515:100:2:22:2:5
100,dpfi,22,atom_h,6,20260818:4515:100:2:22:1:6
100,dpfi,22,atom_v,6,20260818:4515:100:2:22:2:6
100,dpfi,22,atom_h,7,20260818:4515:100:2:22:1:7
100,dpfi,22,atom_v,7,20260818:4515:100:2:22:2:7
100,dpfi,22,atom_h,8,20260818:4515:100:2:22:1:8
100,dpfi,22,atom_v,8,20260818:4515:100:2:22:2:8
100,dpfi,22,atom_h,9,20260818:4515:100:2:22:1:9
100,dpfi,22,atom_v,9,20260818:4515:100:2:22:2:9
100,dpfi,22,atom_h,10,20260818:4515:100:2:22:1:10
100,dpfi,22,atom_v,10,20260818:4515:100:2:22:2:10
100,dpfi,22,atom_h,11,20260818:4515:100:2:22:1:11
100,dpfi,22,atom_v,11,20260818:4515:100:2:22:2:11
100,dpfi,22,atom_h,12,20260818:4515:100:2:22:1:12
100,dpfi,22,atom_v,12,20260818:4515:100:2:22:2:12
100,dpfi,22,atom_h,13,20260818:4515:100:2:22:1:13
100,dpfi,22,atom_v,13,20260818:4515:100:2:22:2:13
100,dpfi,22,atom_h,14,20260818:4515:100:2:22:1:14
100,dpfi,22,atom_v,14,20260818:4515:100:2:22:2:14
100,dpfi,22,atom_h,15,20260818:4515:100:2:22:1:15
100,dpfi,22,atom_v,15,20260818:4515:100:2:22:2:15
100,dpfi,23,blank_h,0,20260818:4515:100:2:23:3:0
100,dpfi,23,blank_v,0,20260818:4515:100:2:23:4:0
100,dpfi,23,dark_h,0,20260818:4515:100:2:23:5:0
100,dpfi,23,dark_v,0,20260818:4515:100:2:23:6:0
100,dpfi,23,atom_h,1,20260818:4515:100:2:23:1:1
100,dpfi,23,atom_v,1,20260818:4515:100:2:23:2:1
100,dpfi,23,atom_h,2,20260818:4515:100:2:23:1:2
100,dpfi,23,atom_v,2,20260818:4515:100:2:23:2:2
100,dpfi,23,atom_h,3,20260818:4515:100:2:23:1:3
100,dpfi,23,atom_v,3,20260818:4515:100:2:23:2:3
100,dpfi,23,atom_h,4,20260818:4515:100:2:23:1:4
100,dpfi,23,atom_v,4,20260818:4515:100:2:23:2:4
100,dpfi,23,atom_h,5,20260818:4515:100:2:23:1:5
100,dpfi,23,atom_v,5,20260818:4515:100:2:23:2:5
100,dpfi,23,atom_h,6,20260818:4515:100:2:23:1:6
100,dpfi,23,atom_v,6,20260818:4515:100:2:23:2:6
100,dpfi,23,atom_h,7,20260818:4515:100:2:23:1:7
100,dpfi,23,atom_v,7,20260818:4515:100:2:23:2:7
100,dpfi,23,atom_h,8,20260818:4515:100:2:23:1:8
100,dpfi,23,atom_v,8,20260818:4515:100:2:23:2:8
100,dpfi,23,atom_h,9,20260818:4515:100:2:23:1:9
100,dpfi,23,atom_v,9,20260818:4515:100:2:23:2:9
100,dpfi,23,atom_h,10,20260818:4515:100:2:23:1:10
100,dpfi,23,atom_v,10,20260818:4515:100:2:23:2:10
100,dpfi,23,atom_h,11,20260818:4515:100:2:23:1:11
100,dpfi,23,atom_v,11,20260818:4515:100:2:23:2:11
100,dpfi,23,atom_h,12,20260818:4515:100:2:23:1:12
100,dpfi,23,atom_v,12,20260818:4515:100:2:23:2:12
100,dpfi,23,atom_h,13,20260818:4515:100:2:23:1:13
100,dpfi,23,atom_v,13,20260818:4515:100:2:23:2:13
100,dpfi,23,atom_h,14,20260818:4515:100:2:23:1:14
100,dpfi,23,atom_v,14,20260818:4515:100:2:23:2:14
100,dpfi,23,atom_h,15,20260818:4515:100:2:23:1:15
100,dpfi,23,atom_v,15,20260818:4515:100:2:23:2:15
100,dpfi,24,blank_h,0,20260818:4515:100:2:24:3:0
100,dpfi,24,blank_v,0,20260818:4515:100:2:24:4:0
100,dpfi,24,dark_h,0,20260818:4515:100:2:24:5:0
100,dpfi,24,dark_v,0,20260818:4515:100:2:24:6:0
100,dpfi,24,atom_h,1,20260818:4515:100:2:24:1:1
100,dpfi,24,atom_v,1,20260818:4515:100:2:24:2:1
100,dpfi,24,atom_h,2,20260818:4515:100:2:24:1:2
100,dpfi,24,atom_v,2,20260818:4515:100:2:24:2:2
100,dpfi,24,atom_h,3,20260818:4515:100:2:24:1:3
100,dpfi,24,atom_v,3,20260818:4515:100:2:24:2:3
100,dpfi,24,atom_h,4,20260818:4515:100:2:24:1:4
100,dpfi,24,atom_v,4,20260818:4515:100:2:24:2:4
100,dpfi,24,atom_h,5,20260818:4515:100:2:24:1:5
100,dpfi,24,atom_v,5,20260818:4515:100:2:24:2:5
100,dpfi,24,atom_h,6,20260818:4515:100:2:24:1:6
100,dpfi,24,atom_v,6,20260818:4515:100:2:24:2:6
100,dpfi,24,atom_h,7,20260818:4515:100:2:24:1:7
100,dpfi,24,atom_v,7,20260818:4515:100:2:24:2:7
100,dpfi,24,atom_h,8,20260818:4515:100:2:24:1:8
100,dpfi,24,atom_v,8,20260818:4515:100:2:24:2:8
100,dpfi,24,atom_h,9,20260818:4515:100:2:24:1:9
100,dpfi,24,atom_v,9,20260818:4515:100:2:24:2:9
100,dpfi,24,atom_h,10,20260818:4515:100:2:24:1:10
100,dpfi,24,atom_v,10,20260818:4515:100:2:24:2:10
100,dpfi,24,atom_h,11,20260818:4515:100:2:24:1:11
100,dpfi,24,atom_v,11,20260818:4515:100:2:24:2:11
100,dpfi,24,atom_h,12,20260818:4515:100:2:24:1:12
100,dpfi,24,atom_v,12,20260818:4515:100:2:24:2:12
100,dpfi,24,atom_h,13,20260818:4515:100:2:24:1:13
100,dpfi,24,atom_v,13,20260818:4515:100:2:24:2:13
100,dpfi,24,atom_h,14,20260818:4515:100:2:24:1:14
100,dpfi,24,atom_v,14,20260818:4515:100:2:24:2:14
100,dpfi,24,atom_h,15,20260818:4515:100:2:24:1:15
100,dpfi,24,atom_v,15,20260818:4515:100:2:24:2:15
100,dpfi,25,blank_h,0,20260818:4515:100:2:25:3:0
100,dpfi,25,blank_v,0,20260818:4515:100:2:25:4:0
100,dpfi,25,dark_h,0,20260818:4515:100:2:25:5:0
100,dpfi,25,dark_v,0,20260818:4515:100:2:25:6:0
100,dpfi,25,atom_h,1,20260818:4515:100:2:25:1:1
100,dpfi,25,atom_v,1,20260818:4515:100:2:25:2:1
100,dpfi,25,atom_h,2,20260818:4515:100:2:25:1:2
100,dpfi,25,atom_v,2,20260818:4515:100:2:25:2:2
100,dpfi,25,atom_h,3,20260818:4515:100:2:25:1:3
100,dpfi,25,atom_v,3,20260818:4515:100:2:25:2:3
100,dpfi,25,atom_h,4,20260818:4515:100:2:25:1:4
100,dpfi,25,atom_v,4,20260818:4515:100:2:25:2:4
100,dpfi,25,atom_h,5,20260818:4515:100:2:25:1:5
100,dpfi,25,atom_v,5,20260818:4515:100:2:25:2:5
100,dpfi,25,atom_h,6,20260818:4515:100:2:25:1:6
100,dpfi,25,atom_v,6,20260818:4515:100:2:25:2:6
100,dpfi,25,atom_h,7,20260818:4515:100:2:25:1:7
100,dpfi,25,atom_v,7,20260818:4515:100:2:25:2:7
100,dpfi,25,atom_h,8,20260818:4515:100:2:25:1:8
100,dpfi,25,atom_v,8,20260818:4515:100:2:25:2:8
100,dpfi,25,atom_h,9,20260818:4515:100:2:25:1:9
100,dpfi,25,atom_v,9,20260818:4515:100:2:25:2:9
100,dpfi,25,atom_h,10,20260818:4515:100:2:25:1:10
100,dpfi,25,atom_v,10,20260818:4515:100:2:25:2:10
100,dpfi,25,atom_h,11,20260818:4515:100:2:25:1:11
100,dpfi,25,atom_v,11,20260818:4515:100:2:25:2:11
100,dpfi,25,atom_h,12,20260818:4515:100:2:25:1:12
100,dpfi,25,atom_v,12,20260818:4515:100:2:25:2:12
100,dpfi,25,atom_h,13,20260818:4515:100:2:25:1:13
100,dpfi,25,atom_v,13,20260818:4515:100:2:25:2:13
100,dpfi,25,atom_h,14,20260818:4515:100:2:25:1:14
100,dpfi,25,atom_v,14,20260818:4515:100:2:25:2:14
100,dpfi,25,atom_h,15,20260818:4515:100:2:25:1:15
100,dpfi,25,atom_v,15,20260818:4515:100:2:25:2:15
100,dpfi,26,blank_h,0,20260818:4515:100:2:26:3:0
100,dpfi,26,blank_v,0,20260818:4515:100:2:26:4:0
100,dpfi,26,dark_h,0,20260818:4515:100:2:26:5:0
100,dpfi,26,dark_v,0,20260818:4515:100:2:26:6:0
100,dpfi,26,atom_h,1,20260818:4515:100:2:26:1:1
100,dpfi,26,atom_v,1,20260818:4515:100:2:26:2:1
100,dpfi,26,atom_h,2,20260818:4515:100:2:26:1:2
100,dpfi,26,atom_v,2,20260818:4515:100:2:26:2:2
100,dpfi,26,atom_h,3,20260818:4515:100:2:26:1:3
100,dpfi,26,atom_v,3,20260818:4515:100:2:26:2:3
100,dpfi,26,atom_h,4,20260818:4515:100:2:26:1:4
100,dpfi,26,atom_v,4,20260818:4515:100:2:26:2:4
100,dpfi,26,atom_h,5,20260818:4515:100:2:26:1:5
100,dpfi,26,atom_v,5,20260818:4515:100:2:26:2:5
100,dpfi,26,atom_h,6,20260818:4515:100:2:26:1:6
100,dpfi,26,atom_v,6,20260818:4515:100:2:26:2:6
100,dpfi,26,atom_h,7,20260818:4515:100:2:26:1:7
100,dpfi,26,atom_v,7,20260818:4515:100:2:26:2:7
100,dpfi,26,atom_h,8,20260818:4515:100:2:26:1:8
100,dpfi,26,atom_v,8,20260818:4515:100:2:26:2:8
100,dpfi,26,atom_h,9,20260818:4515:100:2:26:1:9
100,dpfi,26,atom_v,9,20260818:4515:100:2:26:2:9
100,dpfi,26,atom_h,10,20260818:4515:100:2:26:1:10
100,dpfi,26,atom_v,10,20260818:4515:100:2:26:2:10
100,dpfi,26,atom_h,11,20260818:4515:100:2:26:1:11
100,dpfi,26,atom_v,11,20260818:4515:100:2:26:2:11
100,dpfi,26,atom_h,12,20260818:4515:100:2:26:1:12
100,dpfi,26,atom_v,12,20260818:4515:100:2:26:2:12
100,dpfi,26,atom_h,13,20260818:4515:100:2:26:1:13
100,dpfi,26,atom_v,13,20260818:4515:100:2:26:2:13
100,dpfi,26,atom_h,14,20260818:4515:100:2:26:1:14
100,dpfi,26,atom_v,14,20260818:4515:100:2:26:2:14
100,dpfi,26,atom_h,15,20260818:4515:100:2:26:1:15
100,dpfi,26,atom_v,15,20260818:4515:100:2:26:2:15
100,dpfi,27,blank_h,0,20260818:4515:100:2:27:3:0
100,dpfi,27,blank_v,0,20260818:4515:100:2:27:4:0
100,dpfi,27,dark_h,0,20260818:4515:100:2:27:5:0
100,dpfi,27,dark_v,0,20260818:4515:100:2:27:6:0
100,dpfi,27,atom_h,1,20260818:4515:100:2:27:1:1
100,dpfi,27,atom_v,1,20260818:4515:100:2:27:2:1
100,dpfi,27,atom_h,2,20260818:4515:100:2:27:1:2
100,dpfi,27,atom_v,2,20260818:4515:100:2:27:2:2
100,dpfi,27,atom_h,3,20260818:4515:100:2:27:1:3
100,dpfi,27,atom_v,3,20260818:4515:100:2:27:2:3
100,dpfi,27,atom_h,4,20260818:4515:100:2:27:1:4
100,dpfi,27,atom_v,4,20260818:4515:100:2:27:2:4
100,dpfi,27,atom_h,5,20260818:4515:100:2:27:1:5
100,dpfi,27,atom_v,5,20260818:4515:100:2:27:2:5
100,dpfi,27,atom_h,6,20260818:4515:100:2:27:1:6
100,dpfi,27,atom_v,6,20260818:4515:100:2:27:2:6
100,dpfi,27,atom_h,7,20260818:4515:100:2:27:1:7
100,dpfi,27,atom_v,7,20260818:4515:100:2:27:2:7
100,dpfi,27,atom_h,8,20260818:4515:100:2:27:1:8
100,dpfi,27,atom_v,8,20260818:4515:100:2:27:2:8
100,dpfi,27,atom_h,9,20260818:4515:100:2:27:1:9
100,dpfi,27,atom_v,9,20260818:4515:100:2:27:2:9
100,dpfi,27,atom_h,10,20260818:4515:100:2:27:1:10
100,dpfi,27,atom_v,10,20260818:4515:100:2:27:2:10
100,dpfi,27,atom_h,11,20260818:4515:100:2:27:1:11
100,dpfi,27,atom_v,11,20260818:4515:100:2:27:2:11
100,dpfi,27,atom_h,12,20260818:4515:100:2:27:1:12
100,dpfi,27,atom_v,12,20260818:4515:100:2:27:2:12
100,dpfi,27,atom_h,13,20260818:4515:100:2:27:1:13
100,dpfi,27,atom_v,13,20260818:4515:100:2:27:2:13
100,dpfi,27,atom_h,14,20260818:4515:100:2:27:1:14
100,dpfi,27,atom_v,14,20260818:4515:100:2:27:2:14
100,dpfi,27,atom_h,15,20260818:4515:100:2:27:1:15
100,dpfi,27,atom_v,15,20260818:4515:100:2:27:2:15
100,dpfi,28,blank_h,0,20260818:4515:100:2:28:3:0
100,dpfi,28,blank_v,0,20260818:4515:100:2:28:4:0
100,dpfi,28,dark_h,0,20260818:4515:100:2:28:5:0
100,dpfi,28,dark_v,0,20260818:4515:100:2:28:6:0
100,dpfi,28,atom_h,1,20260818:4515:100:2:28:1:1
100,dpfi,28,atom_v,1,20260818:4515:100:2:28:2:1
100,dpfi,28,atom_h,2,20260818:4515:100:2:28:1:2
100,dpfi,28,atom_v,2,20260818:4515:100:2:28:2:2
100,dpfi,28,atom_h,3,20260818:4515:100:2:28:1:3
100,dpfi,28,atom_v,3,20260818:4515:100:2:28:2:3
100,dpfi,28,atom_h,4,20260818:4515:100:2:28:1:4
100,dpfi,28,atom_v,4,20260818:4515:100:2:28:2:4
100,dpfi,28,atom_h,5,20260818:4515:100:2:28:1:5
100,dpfi,28,atom_v,5,20260818:4515:100:2:28:2:5
100,dpfi,28,atom_h,6,20260818:4515:100:2:28:1:6
100,dpfi,28,atom_v,6,20260818:4515:100:2:28:2:6
100,dpfi,28,atom_h,7,20260818:4515:100:2:28:1:7
100,dpfi,28,atom_v,7,20260818:4515:100:2:28:2:7
100,dpfi,28,atom_h,8,20260818:4515:100:2:28:1:8
100,dpfi,28,atom_v,8,20260818:4515:100:2:28:2:8
100,dpfi,28,atom_h,9,20260818:4515:100:2:28:1:9
100,dpfi,28,atom_v,9,20260818:4515:100:2:28:2:9
100,dpfi,28,atom_h,10,20260818:4515:100:2:28:1:10
100,dpfi,28,atom_v,10,20260818:4515:100:2:28:2:10
100,dpfi,28,atom_h,11,20260818:4515:100:2:28:1:11
100,dpfi,28,atom_v,11,20260818:4515:100:2:28:2:11
100,dpfi,28,atom_h,12,20260818:4515:100:2:28:1:12
100,dpfi,28,atom_v,12,20260818:4515:100:2:28:2:12
100,dpfi,28,atom_h,13,20260818:4515:100:2:28:1:13
100,dpfi,28,atom_v,13,20260818:4515:100:2:28:2:13
100,dpfi,28,atom_h,14,20260818:4515:100:2:28:1:14
100,dpfi,28,atom_v,14,20260818:4515:100:2:28:2:14
100,dpfi,28,atom_h,15,20260818:4515:100:2:28:1:15
100,dpfi,28,atom_v,15,20260818:4515:100:2:28:2:15
100,dpfi,29,blank_h,0,20260818:4515:100:2:29:3:0
100,dpfi,29,blank_v,0,20260818:4515:100:2:29:4:0
100,dpfi,29,dark_h,0,20260818:4515:100:2:29:5:0
100,dpfi,29,dark_v,0,20260818:4515:100:2:29:6:0
100,dpfi,29,atom_h,1,20260818:4515:100:2:29:1:1
100,dpfi,29,atom_v,1,20260818:4515:100:2:29:2:1
100,dpfi,29,atom_h,2,20260818:4515:100:2:29:1:2
100,dpfi,29,atom_v,2,20260818:4515:100:2:29:2:2
100,dpfi,29,atom_h,3,20260818:4515:100:2:29:1:3
100,dpfi,29,atom_v,3,20260818:4515:100:2:29:2:3
100,dpfi,29,atom_h,4,20260818:4515:100:2:29:1:4
100,dpfi,29,atom_v,4,20260818:4515:100:2:29:2:4
100,dpfi,29,atom_h,5,20260818:4515:100:2:29:1:5
100,dpfi,29,atom_v,5,20260818:4515:100:2:29:2:5
100,dpfi,29,atom_h,6,20260818:4515:100:2:29:1:6
100,dpfi,29,atom_v,6,20260818:4515:100:2:29:2:6
100,dpfi,29,atom_h,7,20260818:4515:100:2:29:1:7
100,dpfi,29,atom_v,7,20260818:4515:100:2:29:2:7
100,dpfi,29,atom_h,8,20260818:4515:100:2:29:1:8
100,dpfi,29,atom_v,8,20260818:4515:100:2:29:2:8
100,dpfi,29,atom_h,9,20260818:4515:100:2:29:1:9
100,dpfi,29,atom_v,9,20260818:4515:100:2:29:2:9
100,dpfi,29,atom_h,10,20260818:4515:100:2:29:1:10
100,dpfi,29,atom_v,10,20260818:4515:100:2:29:2:10
100,dpfi,29,atom_h,11,20260818:4515:100:2:29:1:11
100,dpfi,29,atom_v,11,20260818:4515:100:2:29:2:11
100,dpfi,29,atom_h,12,20260818:4515:100:2:29:1:12
100,dpfi,29,atom_v,12,20260818:4515:100:2:29:2:12
100,dpfi,29,atom_h,13,20260818:4515:100:2:29:1:13
100,dpfi,29,atom_v,13,20260818:4515:100:2:29:2:13
100,dpfi,29,atom_h,14,20260818:4515:100:2:29:1:14
100,dpfi,29,atom_v,14,20260818:4515:100:2:29:2:14
100,dpfi,29,atom_h,15,20260818:4515:100:2:29:1:15
100,dpfi,29,atom_v,15,20260818:4515:100:2:29:2:15
100,dpfi,30,blank_h,0,20260818:4515:100:2:30:3:0
100,dpfi,30,blank_v,0,20260818:4515:100:2:30:4:0
100,dpfi,30,dark_h,0,20260818:4515:100:2:30:5:0
100,dpfi,30,dark_v,0,20260818:4515:100:2:30:6:0
100,dpfi,30,atom_h,1,20260818:4515:100:2:30:1:1
100,dpfi,30,atom_v,1,20260818:4515:100:2:30:2:1
100,dpfi,30,atom_h,2,20260818:4515:100:2:30:1:2
100,dpfi,30,atom_v,2,20260818:4515:100:2:30:2:2
100,dpfi,30,atom_h,3,20260818:4515:100:2:30:1:3
100,dpfi,30,atom_v,3,20260818:4515:100:2:30:2:3
100,dpfi,30,atom_h,4,20260818:4515:100:2:30:1:4
100,dpfi,30,atom_v,4,20260818:4515:100:2:30:2:4
100,dpfi,30,atom_h,5,20260818:4515:100:2:30:1:5
100,dpfi,30,atom_v,5,20260818:4515:100:2:30:2:5
100,dpfi,30,atom_h,6,20260818:4515:100:2:30:1:6
100,dpfi,30,atom_v,6,20260818:4515:100:2:30:2:6
100,dpfi,30,atom_h,7,20260818:4515:100:2:30:1:7
100,dpfi,30,atom_v,7,20260818:4515:100:2:30:2:7
100,dpfi,30,atom_h,8,20260818:4515:100:2:30:1:8
100,dpfi,30,atom_v,8,20260818:4515:100:2:30:2:8
100,dpfi,30,atom_h,9,20260818:4515:100:2:30:1:9
100,dpfi,30,atom_v,9,20260818:4515:100:2:30:2:9
100,dpfi,30,atom_h,10,20260818:4515:100:2:30:1:10
100,dpfi,30,atom_v,10,20260818:4515:100:2:30:2:10
100,dpfi,30,atom_h,11,20260818:4515:100:2:30:1:11
100,dpfi,30,atom_v,11,20260818:4515:100:2:30:2:11
100,dpfi,30,atom_h,12,20260818:4515:100:2:30:1:12
100,dpfi,30,atom_v,12,20260818:4515:100:2:30:2:12
100,dpfi,30,atom_h,13,20260818:4515:100:2:30:1:13
100,dpfi,30,atom_v,13,20260818:4515:100:2:30:2:13
100,dpfi,30,atom_h,14,20260818:4515:100:2:30:1:14
100,dpfi,30,atom_v,14,20260818:4515:100:2:30:2:14
100,dpfi,30,atom_h,15,20260818:4515:100:2:30:1:15
100,dpfi,30,atom_v,15,20260818:4515:100:2:30:2:15
100,dpfi,31,blank_h,0,20260818:4515:100:2:31:3:0
100,dpfi,31,blank_v,0,20260818:4515:100:2:31:4:0
100,dpfi,31,dark_h,0,20260818:4515:100:2:31:5:0
100,dpfi,31,dark_v,0,20260818:4515:100:2:31:6:0
100,dpfi,31,atom_h,1,20260818:4515:100:2:31:1:1
100,dpfi,31,atom_v,1,20260818:4515:100:2:31:2:1
100,dpfi,31,atom_h,2,20260818:4515:100:2:31:1:2
100,dpfi,31,atom_v,2,20260818:4515:100:2:31:2:2
100,dpfi,31,atom_h,3,20260818:4515:100:2:31:1:3
100,dpfi,31,atom_v,3,20260818:4515:100:2:31:2:3
100,dpfi,31,atom_h,4,20260818:4515:100:2:31:1:4
100,dpfi,31,atom_v,4,20260818:4515:100:2:31:2:4
100,dpfi,31,atom_h,5,20260818:4515:100:2:31:1:5
100,dpfi,31,atom_v,5,20260818:4515:100:2:31:2:5
100,dpfi,31,atom_h,6,20260818:4515:100:2:31:1:6
100,dpfi,31,atom_v,6,20260818:4515:100:2:31:2:6
100,dpfi,31,atom_h,7,20260818:4515:100:2:31:1:7
100,dpfi,31,atom_v,7,20260818:4515:100:2:31:2:7
100,dpfi,31,atom_h,8,20260818:4515:100:2:31:1:8
100,dpfi,31,atom_v,8,20260818:4515:100:2:31:2:8
100,dpfi,31,atom_h,9,20260818:4515:100:2:31:1:9
100,dpfi,31,atom_v,9,20260818:4515:100:2:31:2:9
100,dpfi,31,atom_h,10,20260818:4515:100:2:31:1:10
100,dpfi,31,atom_v,10,20260818:4515:100:2:31:2:10
100,dpfi,31,atom_h,11,20260818:4515:100:2:31:1:11
100,dpfi,31,atom_v,11,20260818:4515:100:2:31:2:11
100,dpfi,31,atom_h,12,20260818:4515:100:2:31:1:12
100,dpfi,31,atom_v,12,20260818:4515:100:2:31:2:12
100,dpfi,31,atom_h,13,20260818:4515:100:2:31:1:13
100,dpfi,31,atom_v,13,20260818:4515:100:2:31:2:13
100,dpfi,31,atom_h,14,20260818:4515:100:2:31:1:14
100,dpfi,31,atom_v,14,20260818:4515:100:2:31:2:14
100,dpfi,31,atom_h,15,20260818:4515:100:2:31:1:15
100,dpfi,31,atom_v,15,20260818:4515:100:2:31:2:15
100,dpfi,32,blank_h,0,20260818:4515:100:2:32:3:0
100,dpfi,32,blank_v,0,20260818:4515:100:2:32:4:0
100,dpfi,32,dark_h,0,20260818:4515:100:2:32:5:0
100,dpfi,32,dark_v,0,20260818:4515:100:2:32:6:0
100,dpfi,32,atom_h,1,20260818:4515:100:2:32:1:1
100,dpfi,32,atom_v,1,20260818:4515:100:2:32:2:1
100,dpfi,32,atom_h,2,20260818:4515:100:2:32:1:2
100,dpfi,32,atom_v,2,20260818:4515:100:2:32:2:2
100,dpfi,32,atom_h,3,20260818:4515:100:2:32:1:3
100,dpfi,32,atom_v,3,20260818:4515:100:2:32:2:3
100,dpfi,32,atom_h,4,20260818:4515:100:2:32:1:4
100,dpfi,32,atom_v,4,20260818:4515:100:2:32:2:4
100,dpfi,32,atom_h,5,20260818:4515:100:2:32:1:5
100,dpfi,32,atom_v,5,20260818:4515:100:2:32:2:5
100,dpfi,32,atom_h,6,20260818:4515:100:2:32:1:6
100,dpfi,32,atom_v,6,20260818:4515:100:2:32:2:6
100,dpfi,32,atom_h,7,20260818:4515:100:2:32:1:7
100,dpfi,32,atom_v,7,20260818:4515:100:2:32:2:7
100,dpfi,32,atom_h,8,20260818:4515:100:2:32:1:8
100,dpfi,32,atom_v,8,20260818:4515:100:2:32:2:8
100,dpfi,32,atom_h,9,20260818:4515:100:2:32:1:9
100,dpfi,32,atom_v,9,20260818:4515:100:2:32:2:9
100,dpfi,32,atom_h,10,20260818:4515:100:2:32:1:10
100,dpfi,32,atom_v,10,20260818:4515:100:2:32:2:10
100,dpfi,32,atom_h,11,20260818:4515:100:2:32:1:11
100,dpfi,32,atom_v,11,20260818:4515:100:2:32:2:11
100,dpfi,32,atom_h,12,20260818:4515:100:2:32:1:12
100,dpfi,32,atom_v,12,20260818:4515:100:2:32:2:12
100,dpfi,32,atom_h,13,20260818:4515:100:2:32:1:13
100,dpfi,32,atom_v,13,20260818:4515:100:2:32:2:13
100,dpfi,32,atom_h,14,20260818:4515:100:2:32:1:14
100,dpfi,32,atom_v,14,20260818:4515:100:2:32:2:14
100,dpfi,32,atom_h,15,20260818:4515:100:2:32:1:15
100,dpfi,32,atom_v,15,20260818:4515:100:2:32:2:15
100,dpfi,33,blank_h,0,20260818:4515:100:2:33:3:0
100,dpfi,33,blank_v,0,20260818:4515:100:2:33:4:0
100,dpfi,33,dark_h,0,20260818:4515:100:2:33:5:0
100,dpfi,33,dark_v,0,20260818:4515:100:2:33:6:0
100,dpfi,33,atom_h,1,20260818:4515:100:2:33:1:1
100,dpfi,33,atom_v,1,20260818:4515:100:2:33:2:1
100,dpfi,33,atom_h,2,20260818:4515:100:2:33:1:2
100,dpfi,33,atom_v,2,20260818:4515:100:2:33:2:2
100,dpfi,33,atom_h,3,20260818:4515:100:2:33:1:3
100,dpfi,33,atom_v,3,20260818:4515:100:2:33:2:3
100,dpfi,33,atom_h,4,20260818:4515:100:2:33:1:4
100,dpfi,33,atom_v,4,20260818:4515:100:2:33:2:4
100,dpfi,33,atom_h,5,20260818:4515:100:2:33:1:5
100,dpfi,33,atom_v,5,20260818:4515:100:2:33:2:5
100,dpfi,33,atom_h,6,20260818:4515:100:2:33:1:6
100,dpfi,33,atom_v,6,20260818:4515:100:2:33:2:6
100,dpfi,33,atom_h,7,20260818:4515:100:2:33:1:7
100,dpfi,33,atom_v,7,20260818:4515:100:2:33:2:7
100,dpfi,33,atom_h,8,20260818:4515:100:2:33:1:8
100,dpfi,33,atom_v,8,20260818:4515:100:2:33:2:8
100,dpfi,33,atom_h,9,20260818:4515:100:2:33:1:9
100,dpfi,33,atom_v,9,20260818:4515:100:2:33:2:9
100,dpfi,33,atom_h,10,20260818:4515:100:2:33:1:10
100,dpfi,33,atom_v,10,20260818:4515:100:2:33:2:10
100,dpfi,33,atom_h,11,20260818:4515:100:2:33:1:11
100,dpfi,33,atom_v,11,20260818:4515:100:2:33:2:11
100,dpfi,33,atom_h,12,20260818:4515:100:2:33:1:12
100,dpfi,33,atom_v,12,20260818:4515:100:2:33:2:12
100,dpfi,33,atom_h,13,20260818:4515:100:2:33:1:13
100,dpfi,33,atom_v,13,20260818:4515:100:2:33:2:13
100,dpfi,33,atom_h,14,20260818:4515:100:2:33:1:14
100,dpfi,33,atom_v,14,20260818:4515:100:2:33:2:14
100,dpfi,33,atom_h,15,20260818:4515:100:2:33:1:15
100,dpfi,33,atom_v,15,20260818:4515:100:2:33:2:15
100,dpfi,34,blank_h,0,20260818:4515:100:2:34:3:0
100,dpfi,34,blank_v,0,20260818:4515:100:2:34:4:0
100,dpfi,34,dark_h,0,20260818:4515:100:2:34:5:0
100,dpfi,34,dark_v,0,20260818:4515:100:2:34:6:0
100,dpfi,34,atom_h,1,20260818:4515:100:2:34:1:1
100,dpfi,34,atom_v,1,20260818:4515:100:2:34:2:1
100,dpfi,34,atom_h,2,20260818:4515:100:2:34:1:2
100,dpfi,34,atom_v,2,20260818:4515:100:2:34:2:2
100,dpfi,34,atom_h,3,20260818:4515:100:2:34:1:3
100,dpfi,34,atom_v,3,20260818:4515:100:2:34:2:3
100,dpfi,34,atom_h,4,20260818:4515:100:2:34:1:4
100,dpfi,34,atom_v,4,20260818:4515:100:2:34:2:4
100,dpfi,34,atom_h,5,20260818:4515:100:2:34:1:5
100,dpfi,34,atom_v,5,20260818:4515:100:2:34:2:5
100,dpfi,34,atom_h,6,20260818:4515:100:2:34:1:6
100,dpfi,34,atom_v,6,20260818:4515:100:2:34:2:6
100,dpfi,34,atom_h,7,20260818:4515:100:2:34:1:7
100,dpfi,34,atom_v,7,20260818:4515:100:2:34:2:7
100,dpfi,34,atom_h,8,20260818:4515:100:2:34:1:8
100,dpfi,34,atom_v,8,20260818:4515:100:2:34:2:8
100,dpfi,34,atom_h,9,20260818:4515:100:2:34:1:9
100,dpfi,34,atom_v,9,20260818:4515:100:2:34:2:9
100,dpfi,34,atom_h,10,20260818:4515:100:2:34:1:10
100,dpfi,34,atom_v,10,20260818:4515:100:2:34:2:10
100,dpfi,34,atom_h,11,20260818:4515:100:2:34:1:11
100,dpfi,34,atom_v,11,20260818:4515:100:2:34:2:11
100,dpfi,34,atom_h,12,20260818:4515:100:2:34:1:12
100,dpfi,34,atom_v,12,20260818:4515:100:2:34:2:12
100,dpfi,34,atom_h,13,20260818:4515:100:2:34:1:13
100,dpfi,34,atom_v,13,20260818:4515:100:2:34:2:13
100,dpfi,34,atom_h,14,20260818:4515:100:2:34:1:14
100,dpfi,34,atom_v,14,20260818:4515:100:2:34:2:14
100,dpfi,34,atom_h,15,20260818:4515:100:2:34:1:15
100,dpfi,34,atom_v,15,20260818:4515:100:2:34:2:15
100,dpfi,35,blank_h,0,20260818:4515:100:2:35:3:0
100,dpfi,35,blank_v,0,20260818:4515:100:2:35:4:0
100,dpfi,35,dark_h,0,20260818:4515:100:2:35:5:0
100,dpfi,35,dark_v,0,20260818:4515:100:2:35:6:0
100,dpfi,35,atom_h,1,20260818:4515:100:2:35:1:1
100,dpfi,35,atom_v,1,20260818:4515:100:2:35:2:1
100,dpfi,35,atom_h,2,20260818:4515:100:2:35:1:2
100,dpfi,35,atom_v,2,20260818:4515:100:2:35:2:2
100,dpfi,35,atom_h,3,20260818:4515:100:2:35:1:3
100,dpfi,35,atom_v,3,20260818:4515:100:2:35:2:3
100,dpfi,35,atom_h,4,20260818:4515:100:2:35:1:4
100,dpfi,35,atom_v,4,20260818:4515:100:2:35:2:4
100,dpfi,35,atom_h,5,20260818:4515:100:2:35:1:5
100,dpfi,35,atom_v,5,20260818:4515:100:2:35:2:5
100,dpfi,35,atom_h,6,20260818:4515:100:2:35:1:6
100,dpfi,35,atom_v,6,20260818:4515:100:2:35:2:6
100,dpfi,35,atom_h,7,20260818:4515:100:2:35:1:7
100,dpfi,35,atom_v,7,20260818:4515:100:2:35:2:7
100,dpfi,35,atom_h,8,20260818:4515:100:2:35:1:8
100,dpfi,35,atom_v,8,20260818:4515:100:2:35:2:8
100,dpfi,35,atom_h,9,20260818:4515:100:2:35:1:9
100,dpfi,35,atom_v,9,20260818:4515:100:2:35:2:9
100,dpfi,35,atom_h,10,20260818:4515:100:2:35:1:10
100,dpfi,35,atom_v,10,20260818:4515:100:2:35:2:10
100,dpfi,35,atom_h,11,20260818:4515:100:2:35:1:11
100,dpfi,35,atom_v,11,20260818:4515:100:2:35:2:11
100,dpfi,35,atom_h,12,20260818:4515:100:2:35:1:12
100,dpfi,35,atom_v,12,20260818:4515:100:2:35:2:12
100,dpfi,35,atom_h,13,20260818:4515:100:2:35:1:13
100,dpfi,35,atom_v,13,20260818:4515:100:2:35:2:13
100,dpfi,35,atom_h,14,20260818:4515:100:2:35:1:14
100,dpfi,35,atom_v,14,20260818:4515:100:2:35:2:14
100,dpfi,35,atom_h,15,20260818:4515:100:2:35:1:15
100,dpfi,35,atom_v,15,20260818:4515:100:2:35:2:15
100,dpfi,36,blank_h,0,20260818:4515:100:2:36:3:0
100,dpfi,36,blank_v,0,20260818:4515:100:2:36:4:0
100,dpfi,36,dark_h,0,20260818:4515:100:2:36:5:0
100,dpfi,36,dark_v,0,20260818:4515:100:2:36:6:0
100,dpfi,36,atom_h,1,20260818:4515:100:2:36:1:1
100,dpfi,36,atom_v,1,20260818:4515:100:2:36:2:1
100,dpfi,36,atom_h,2,20260818:4515:100:2:36:1:2
100,dpfi,36,atom_v,2,20260818:4515:100:2:36:2:2
100,dpfi,36,atom_h,3,20260818:4515:100:2:36:1:3
100,dpfi,36,atom_v,3,20260818:4515:100:2:36:2:3
100,dpfi,36,atom_h,4,20260818:4515:100:2:36:1:4
100,dpfi,36,atom_v,4,20260818:4515:100:2:36:2:4
100,dpfi,36,atom_h,5,20260818:4515:100:2:36:1:5
100,dpfi,36,atom_v,5,20260818:4515:100:2:36:2:5
100,dpfi,36,atom_h,6,20260818:4515:100:2:36:1:6
100,dpfi,36,atom_v,6,20260818:4515:100:2:36:2:6
100,dpfi,36,atom_h,7,20260818:4515:100:2:36:1:7
100,dpfi,36,atom_v,7,20260818:4515:100:2:36:2:7
100,dpfi,36,atom_h,8,20260818:4515:100:2:36:1:8
100,dpfi,36,atom_v,8,20260818:4515:100:2:36:2:8
100,dpfi,36,atom_h,9,20260818:4515:100:2:36:1:9
100,dpfi,36,atom_v,9,20260818:4515:100:2:36:2:9
100,dpfi,36,atom_h,10,20260818:4515:100:2:36:1:10
100,dpfi,36,atom_v,10,20260818:4515:100:2:36:2:10
100,dpfi,36,atom_h,11,20260818:4515:100:2:36:1:11
100,dpfi,36,atom_v,11,20260818:4515:100:2:36:2:11
100,dpfi,36,atom_h,12,20260818:4515:100:2:36:1:12
100,dpfi,36,atom_v,12,20260818:4515:100:2:36:2:12
100,dpfi,36,atom_h,13,20260818:4515:100:2:36:1:13
100,dpfi,36,atom_v,13,20260818:4515:100:2:36:2:13
100,dpfi,36,atom_h,14,20260818:4515:100:2:36:1:14
100,dpfi,36,atom_v,14,20260818:4515:100:2:36:2:14
100,dpfi,36,atom_h,15,20260818:4515:100:2:36:1:15
100,dpfi,36,atom_v,15,20260818:4515:100:2:36:2:15
100,dpfi,37,blank_h,0,20260818:4515:100:2:37:3:0
100,dpfi,37,blank_v,0,20260818:4515:100:2:37:4:0
100,dpfi,37,dark_h,0,20260818:4515:100:2:37:5:0
100,dpfi,37,dark_v,0,20260818:4515:100:2:37:6:0
100,dpfi,37,atom_h,1,20260818:4515:100:2:37:1:1
100,dpfi,37,atom_v,1,20260818:4515:100:2:37:2:1
100,dpfi,37,atom_h,2,20260818:4515:100:2:37:1:2
100,dpfi,37,atom_v,2,20260818:4515:100:2:37:2:2
100,dpfi,37,atom_h,3,20260818:4515:100:2:37:1:3
100,dpfi,37,atom_v,3,20260818:4515:100:2:37:2:3
100,dpfi,37,atom_h,4,20260818:4515:100:2:37:1:4
100,dpfi,37,atom_v,4,20260818:4515:100:2:37:2:4
100,dpfi,37,atom_h,5,20260818:4515:100:2:37:1:5
100,dpfi,37,atom_v,5,20260818:4515:100:2:37:2:5
100,dpfi,37,atom_h,6,20260818:4515:100:2:37:1:6
100,dpfi,37,atom_v,6,20260818:4515:100:2:37:2:6
100,dpfi,37,atom_h,7,20260818:4515:100:2:37:1:7
100,dpfi,37,atom_v,7,20260818:4515:100:2:37:2:7
100,dpfi,37,atom_h,8,20260818:4515:100:2:37:1:8
100,dpfi,37,atom_v,8,20260818:4515:100:2:37:2:8
100,dpfi,37,atom_h,9,20260818:4515:100:2:37:1:9
100,dpfi,37,atom_v,9,20260818:4515:100:2:37:2:9
100,dpfi,37,atom_h,10,20260818:4515:100:2:37:1:10
100,dpfi,37,atom_v,10,20260818:4515:100:2:37:2:10
100,dpfi,37,atom_h,11,20260818:4515:100:2:37:1:11
100,dpfi,37,atom_v,11,20260818:4515:100:2:37:2:11
100,dpfi,37,atom_h,12,20260818:4515:100:2:37:1:12
100,dpfi,37,atom_v,12,20260818:4515:100:2:37:2:12
100,dpfi,37,atom_h,13,20260818:4515:100:2:37:1:13
100,dpfi,37,atom_v,13,20260818:4515:100:2:37:2:13
100,dpfi,37,atom_h,14,20260818:4515:100:2:37:1:14
100,dpfi,37,atom_v,14,20260818:4515:100:2:37:2:14
100,dpfi,37,atom_h,15,20260818:4515:100:2:37:1:15
100,dpfi,37,atom_v,15,20260818:4515:100:2:37:2:15
100,dpfi,38,blank_h,0,20260818:4515:100:2:38:3:0
100,dpfi,38,blank_v,0,20260818:4515:100:2:38:4:0
100,dpfi,38,dark_h,0,20260818:4515:100:2:38:5:0
100,dpfi,38,dark_v,0,20260818:4515:100:2:38:6:0
100,dpfi,38,atom_h,1,20260818:4515:100:2:38:1:1
100,dpfi,38,atom_v,1,20260818:4515:100:2:38:2:1
100,dpfi,38,atom_h,2,20260818:4515:100:2:38:1:2
100,dpfi,38,atom_v,2,20260818:4515:100:2:38:2:2
100,dpfi,38,atom_h,3,20260818:4515:100:2:38:1:3
100,dpfi,38,atom_v,3,20260818:4515:100:2:38:2:3
100,dpfi,38,atom_h,4,20260818:4515:100:2:38:1:4
100,dpfi,38,atom_v,4,20260818:4515:100:2:38:2:4
100,dpfi,38,atom_h,5,20260818:4515:100:2:38:1:5
100,dpfi,38,atom_v,5,20260818:4515:100:2:38:2:5
100,dpfi,38,atom_h,6,20260818:4515:100:2:38:1:6
100,dpfi,38,atom_v,6,20260818:4515:100:2:38:2:6
100,dpfi,38,atom_h,7,20260818:4515:100:2:38:1:7
100,dpfi,38,atom_v,7,20260818:4515:100:2:38:2:7
100,dpfi,38,atom_h,8,20260818:4515:100:2:38:1:8
100,dpfi,38,atom_v,8,20260818:4515:100:2:38:2:8
100,dpfi,38,atom_h,9,20260818:4515:100:2:38:1:9
100,dpfi,38,atom_v,9,20260818:4515:100:2:38:2:9
100,dpfi,38,atom_h,10,20260818:4515:100:2:38:1:10
100,dpfi,38,atom_v,10,20260818:4515:100:2:38:2:10
100,dpfi,38,atom_h,11,20260818:4515:100:2:38:1:11
100,dpfi,38,atom_v,11,20260818:4515:100:2:38:2:11
100,dpfi,38,atom_h,12,20260818:4515:100:2:38:1:12
100,dpfi,38,atom_v,12,20260818:4515:100:2:38:2:12
100,dpfi,38,atom_h,13,20260818:4515:100:2:38:1:13
100,dpfi,38,atom_v,13,20260818:4515:100:2:38:2:13
100,dpfi,38,atom_h,14,20260818:4515:100:2:38:1:14
100,dpfi,38,atom_v,14,20260818:4515:100:2:38:2:14
100,dpfi,38,atom_h,15,20260818:4515:100:2:38:1:15
100,dpfi,38,atom_v,15,20260818:4515:100:2:38:2:15
100,dpfi,39,blank_h,0,20260818:4515:100:2:39:3:0
100,dpfi,39,blank_v,0,20260818:4515:100:2:39:4:0
100,dpfi,39,dark_h,0,20260818:4515:100:2:39:5:0
100,dpfi,39,dark_v,0,20260818:4515:100:2:39:6:0
100,dpfi,39,atom_h,1,20260818:4515:100:2:39:1:1
100,dpfi,39,atom_v,1,20260818:4515:100:2:39:2:1
100,dpfi,39,atom_h,2,20260818:4515:100:2:39:1:2
100,dpfi,39,atom_v,2,20260818:4515:100:2:39:2:2
100,dpfi,39,atom_h,3,20260818:4515:100:2:39:1:3
100,dpfi,39,atom_v,3,20260818:4515:100:2:39:2:3
100,dpfi,39,atom_h,4,20260818:4515:100:2:39:1:4
100,dpfi,39,atom_v,4,20260818:4515:100:2:39:2:4
100,dpfi,39,atom_h,5,20260818:4515:100:2:39:1:5
100,dpfi,39,atom_v,5,20260818:4515:100:2:39:2:5
100,dpfi,39,atom_h,6,20260818:4515:100:2:39:1:6
100,dpfi,39,atom_v,6,20260818:4515:100:2:39:2:6
100,dpfi,39,atom_h,7,20260818:4515:100:2:39:1:7
100,dpfi,39,atom_v,7,20260818:4515:100:2:39:2:7
100,dpfi,39,atom_h,8,20260818:4515:100:2:39:1:8
100,dpfi,39,atom_v,8,20260818:4515:100:2:39:2:8
100,dpfi,39,atom_h,9,20260818:4515:100:2:39:1:9
100,dpfi,39,atom_v,9,20260818:4515:100:2:39:2:9
100,dpfi,39,atom_h,10,20260818:4515:100:2:39:1:10
100,dpfi,39,atom_v,10,20260818:4515:100:2:39:2:10
100,dpfi,39,atom_h,11,20260818:4515:100:2:39:1:11
100,dpfi,39,atom_v,11,20260818:4515:100:2:39:2:11
100,dpfi,39,atom_h,12,20260818:4515:100:2:39:1:12
100,dpfi,39,atom_v,12,20260818:4515:100:2:39:2:12
100,dpfi,39,atom_h,13,20260818:4515:100:2:39:1:13
100,dpfi,39,atom_v,13,20260818:4515:100:2:39:2:13
100,dpfi,39,atom_h,14,20260818:4515:100:2:39:1:14
100,dpfi,39,atom_v,14,20260818:4515:100:2:39:2:14
100,dpfi,39,atom_h,15,20260818:4515:100:2:39:1:15
100,dpfi,39,atom_v,15,20260818:4515:100:2:39:2:15
100,dpfi,40,blank_h,0,20260818:4515:100:2:40:3:0
100,dpfi,40,blank_v,0,20260818:4515:100:2:40:4:0
100,dpfi,40,dark_h,0,20260818:4515:100:2:40:5:0
100,dpfi,40,dark_v,0,20260818:4515:100:2:40:6:0
100,dpfi,40,atom_h,1,20260818:4515:100:2:40:1:1
100,dpfi,40,atom_v,1,20260818:4515:100:2:40:2:1
100,dpfi,40,atom_h,2,20260818:4515:100:2:40:1:2
100,dpfi,40,atom_v,2,20260818:4515:100:2:40:2:2
100,dpfi,40,atom_h,3,20260818:4515:100:2:40:1:3
100,dpfi,40,atom_v,3,20260818:4515:100:2:40:2:3
100,dpfi,40,atom_h,4,20260818:4515:100:2:40:1:4
100,dpfi,40,atom_v,4,20260818:4515:100:2:40:2:4
100,dpfi,40,atom_h,5,20260818:4515:100:2:40:1:5
100,dpfi,40,atom_v,5,20260818:4515:100:2:40:2:5
100,dpfi,40,atom_h,6,20260818:4515:100:2:40:1:6
100,dpfi,40,atom_v,6,20260818:4515:100:2:40:2:6
100,dpfi,40,atom_h,7,20260818:4515:100:2:40:1:7
100,dpfi,40,atom_v,7,20260818:4515:100:2:40:2:7
100,dpfi,40,atom_h,8,20260818:4515:100:2:40:1:8
100,dpfi,40,atom_v,8,20260818:4515:100:2:40:2:8
100,dpfi,40,atom_h,9,20260818:4515:100:2:40:1:9
100,dpfi,40,atom_v,9,20260818:4515:100:2:40:2:9
100,dpfi,40,atom_h,10,20260818:4515:100:2:40:1:10
100,dpfi,40,atom_v,10,20260818:4515:100:2:40:2:10
100,dpfi,40,atom_h,11,20260818:4515:100:2:40:1:11
100,dpfi,40,atom_v,11,20260818:4515:100:2:40:2:11
100,dpfi,40,atom_h,12,20260818:4515:100:2:40:1:12
100,dpfi,40,atom_v,12,20260818:4515:100:2:40:2:12
100,dpfi,40,atom_h,13,20260818:4515:100:2:40:1:13
100,dpfi,40,atom_v,13,20260818:4515:100:2:40:2:13
100,dpfi,40,atom_h,14,20260818:4515:100:2:40:1:14
100,dpfi,40,atom_v,14,20260818:4515:100:2:40:2:14
100,dpfi,40,atom_h,15,20260818:4515:100:2:40:1:15
100,dpfi,40,atom_v,15,20260818:4515:100:2:40:2:15
100,dpfi,41,blank_h,0,20260818:4515:100:2:41:3:0
100,dpfi,41,blank_v,0,20260818:4515:100:2:41:4:0
100,dpfi,41,dark_h,0,20260818:4515:100:2:41:5:0
100,dpfi,41,dark_v,0,20260818:4515:100:2:41:6:0
100,dpfi,41,atom_h,1,20260818:4515:100:2:41:1:1
100,dpfi,41,atom_v,1,20260818:4515:100:2:41:2:1
100,dpfi,41,atom_h,2,20260818:4515:100:2:41:1:2
100,dpfi,41,atom_v,2,20260818:4515:100:2:41:2:2
100,dpfi,41,atom_h,3,20260818:4515:100:2:41:1:3
100,dpfi,41,atom_v,3,20260818:4515:100:2:41:2:3
100,dpfi,41,atom_h,4,20260818:4515:100:2:41:1:4
100,dpfi,41,atom_v,4,20260818:4515:100:2:41:2:4
100,dpfi,41,atom_h,5,20260818:4515:100:2:41:1:5
100,dpfi,41,atom_v,5,20260818:4515:100:2:41:2:5
100,dpfi,41,atom_h,6,20260818:4515:100:2:41:1:6
100,dpfi,41,atom_v,6,20260818:4515:100:2:41:2:6
100,dpfi,41,atom_h,7,20260818:4515:100:2:41:1:7
100,dpfi,41,atom_v,7,20260818:4515:100:2:41:2:7
100,dpfi,41,atom_h,8,20260818:4515:100:2:41:1:8
100,dpfi,41,atom_v,8,20260818:4515:100:2:41:2:8
100,dpfi,41,atom_h,9,20260818:4515:100:2:41:1:9
100,dpfi,41,atom_v,9,20260818:4515:100:2:41:2:9
100,dpfi,41,atom_h,10,20260818:4515:100:2:41:1:10
100,dpfi,41,atom_v,10,20260818:4515:100:2:41:2:10
100,dpfi,41,atom_h,11,20260818:4515:100:2:41:1:11
100,dpfi,41,atom_v,11,20260818:4515:100:2:41:2:11
100,dpfi,41,atom_h,12,20260818:4515:100:2:41:1:12
100,dpfi,41,atom_v,12,20260818:4515:100:2:41:2:12
100,dpfi,41,atom_h,13,20260818:4515:100:2:41:1:13
100,dpfi,41,atom_v,13,20260818:4515:100:2:41:2:13
100,dpfi,41,atom_h,14,20260818:4515:100:2:41:1:14
100,dpfi,41,atom_v,14,20260818:4515:100:2:41:2:14
100,dpfi,41,atom_h,15,20260818:4515:100:2:41:1:15
100,dpfi,41,atom_v,15,20260818:4515:100:2:41:2:15
100,dpfi,42,blank_h,0,20260818:4515:100:2:42:3:0
100,dpfi,42,blank_v,0,20260818:4515:100:2:42:4:0
100,dpfi,42,dark_h,0,20260818:4515:100:2:42:5:0
100,dpfi,42,dark_v,0,20260818:4515:100:2:42:6:0
100,dpfi,42,atom_h,1,20260818:4515:100:2:42:1:1
100,dpfi,42,atom_v,1,20260818:4515:100:2:42:2:1
100,dpfi,42,atom_h,2,20260818:4515:100:2:42:1:2
100,dpfi,42,atom_v,2,20260818:4515:100:2:42:2:2
100,dpfi,42,atom_h,3,20260818:4515:100:2:42:1:3
100,dpfi,42,atom_v,3,20260818:4515:100:2:42:2:3
100,dpfi,42,atom_h,4,20260818:4515:100:2:42:1:4
100,dpfi,42,atom_v,4,20260818:4515:100:2:42:2:4
100,dpfi,42,atom_h,5,20260818:4515:100:2:42:1:5
100,dpfi,42,atom_v,5,20260818:4515:100:2:42:2:5
100,dpfi,42,atom_h,6,20260818:4515:100:2:42:1:6
100,dpfi,42,atom_v,6,20260818:4515:100:2:42:2:6
100,dpfi,42,atom_h,7,20260818:4515:100:2:42:1:7
100,dpfi,42,atom_v,7,20260818:4515:100:2:42:2:7
100,dpfi,42,atom_h,8,20260818:4515:100:2:42:1:8
100,dpfi,42,atom_v,8,20260818:4515:100:2:42:2:8
100,dpfi,42,atom_h,9,20260818:4515:100:2:42:1:9
100,dpfi,42,atom_v,9,20260818:4515:100:2:42:2:9
100,dpfi,42,atom_h,10,20260818:4515:100:2:42:1:10
100,dpfi,42,atom_v,10,20260818:4515:100:2:42:2:10
100,dpfi,42,atom_h,11,20260818:4515:100:2:42:1:11
100,dpfi,42,atom_v,11,20260818:4515:100:2:42:2:11
100,dpfi,42,atom_h,12,20260818:4515:100:2:42:1:12
100,dpfi,42,atom_v,12,20260818:4515:100:2:42:2:12
100,dpfi,42,atom_h,13,20260818:4515:100:2:42:1:13
100,dpfi,42,atom_v,13,20260818:4515:100:2:42:2:13
100,dpfi,42,atom_h,14,20260818:4515:100:2:42:1:14
100,dpfi,42,atom_v,14,20260818:4515:100:2:42:2:14
100,dpfi,42,atom_h,15,20260818:4515:100:2:42:1:15
100,dpfi,42,atom_v,15,20260818:4515:100:2:42:2:15
100,dpfi,43,blank_h,0,20260818:4515:100:2:43:3:0
100,dpfi,43,blank_v,0,20260818:4515:100:2:43:4:0
100,dpfi,43,dark_h,0,20260818:4515:100:2:43:5:0
100,dpfi,43,dark_v,0,20260818:4515:100:2:43:6:0
100,dpfi,43,atom_h,1,20260818:4515:100:2:43:1:1
100,dpfi,43,atom_v,1,20260818:4515:100:2:43:2:1
100,dpfi,43,atom_h,2,20260818:4515:100:2:43:1:2
100,dpfi,43,atom_v,2,20260818:4515:100:2:43:2:2
100,dpfi,43,atom_h,3,20260818:4515:100:2:43:1:3
100,dpfi,43,atom_v,3,20260818:4515:100:2:43:2:3
100,dpfi,43,atom_h,4,20260818:4515:100:2:43:1:4
100,dpfi,43,atom_v,4,20260818:4515:100:2:43:2:4
100,dpfi,43,atom_h,5,20260818:4515:100:2:43:1:5
100,dpfi,43,atom_v,5,20260818:4515:100:2:43:2:5
100,dpfi,43,atom_h,6,20260818:4515:100:2:43:1:6
100,dpfi,43,atom_v,6,20260818:4515:100:2:43:2:6
100,dpfi,43,atom_h,7,20260818:4515:100:2:43:1:7
100,dpfi,43,atom_v,7,20260818:4515:100:2:43:2:7
100,dpfi,43,atom_h,8,20260818:4515:100:2:43:1:8
100,dpfi,43,atom_v,8,20260818:4515:100:2:43:2:8
100,dpfi,43,atom_h,9,20260818:4515:100:2:43:1:9
100,dpfi,43,atom_v,9,20260818:4515:100:2:43:2:9
100,dpfi,43,atom_h,10,20260818:4515:100:2:43:1:10
100,dpfi,43,atom_v,10,20260818:4515:100:2:43:2:10
100,dpfi,43,atom_h,11,20260818:4515:100:2:43:1:11
100,dpfi,43,atom_v,11,20260818:4515:100:2:43:2:11
100,dpfi,43,atom_h,12,20260818:4515:100:2:43:1:12
100,dpfi,43,atom_v,12,20260818:4515:100:2:43:2:12
100,dpfi,43,atom_h,13,20260818:4515:100:2:43:1:13
100,dpfi,43,atom_v,13,20260818:4515:100:2:43:2:13
100,dpfi,43,atom_h,14,20260818:4515:100:2:43:1:14
100,dpfi,43,atom_v,14,20260818:4515:100:2:43:2:14
100,dpfi,43,atom_h,15,20260818:4515:100:2:43:1:15
100,dpfi,43,atom_v,15,20260818:4515:100:2:43:2:15
100,dpfi,44,blank_h,0,20260818:4515:100:2:44:3:0
100,dpfi,44,blank_v,0,20260818:4515:100:2:44:4:0
100,dpfi,44,dark_h,0,20260818:4515:100:2:44:5:0
100,dpfi,44,dark_v,0,20260818:4515:100:2:44:6:0
100,dpfi,44,atom_h,1,20260818:4515:100:2:44:1:1
100,dpfi,44,atom_v,1,20260818:4515:100:2:44:2:1
100,dpfi,44,atom_h,2,20260818:4515:100:2:44:1:2
100,dpfi,44,atom_v,2,20260818:4515:100:2:44:2:2
100,dpfi,44,atom_h,3,20260818:4515:100:2:44:1:3
100,dpfi,44,atom_v,3,20260818:4515:100:2:44:2:3
100,dpfi,44,atom_h,4,20260818:4515:100:2:44:1:4
100,dpfi,44,atom_v,4,20260818:4515:100:2:44:2:4
100,dpfi,44,atom_h,5,20260818:4515:100:2:44:1:5
100,dpfi,44,atom_v,5,20260818:4515:100:2:44:2:5
100,dpfi,44,atom_h,6,20260818:4515:100:2:44:1:6
100,dpfi,44,atom_v,6,20260818:4515:100:2:44:2:6
100,dpfi,44,atom_h,7,20260818:4515:100:2:44:1:7
100,dpfi,44,atom_v,7,20260818:4515:100:2:44:2:7
100,dpfi,44,atom_h,8,20260818:4515:100:2:44:1:8
100,dpfi,44,atom_v,8,20260818:4515:100:2:44:2:8
100,dpfi,44,atom_h,9,20260818:4515:100:2:44:1:9
100,dpfi,44,atom_v,9,20260818:4515:100:2:44:2:9
100,dpfi,44,atom_h,10,20260818:4515:100:2:44:1:10
100,dpfi,44,atom_v,10,20260818:4515:100:2:44:2:10
100,dpfi,44,atom_h,11,20260818:4515:100:2:44:1:11
100,dpfi,44,atom_v,11,20260818:4515:100:2:44:2:11
100,dpfi,44,atom_h,12,20260818:4515:100:2:44:1:12
100,dpfi,44,atom_v,12,20260818:4515:100:2:44:2:12
100,dpfi,44,atom_h,13,20260818:4515:100:2:44:1:13
100,dpfi,44,atom_v,13,20260818:4515:100:2:44:2:13
100,dpfi,44,atom_h,14,20260818:4515:100:2:44:1:14
100,dpfi,44,atom_v,14,20260818:4515:100:2:44:2:14
100,dpfi,44,atom_h,15,20260818:4515:100:2:44:1:15
100,dpfi,44,atom_v,15,20260818:4515:100:2:44:2:15
100,dpfi,45,blank_h,0,20260818:4515:100:2:45:3:0
100,dpfi,45,blank_v,0,20260818:4515:100:2:45:4:0
100,dpfi,45,dark_h,0,20260818:4515:100:2:45:5:0
100,dpfi,45,dark_v,0,20260818:4515:100:2:45:6:0
100,dpfi,45,atom_h,1,20260818:4515:100:2:45:1:1
100,dpfi,45,atom_v,1,20260818:4515:100:2:45:2:1
100,dpfi,45,atom_h,2,20260818:4515:100:2:45:1:2
100,dpfi,45,atom_v,2,20260818:4515:100:2:45:2:2
100,dpfi,45,atom_h,3,20260818:4515:100:2:45:1:3
100,dpfi,45,atom_v,3,20260818:4515:100:2:45:2:3
100,dpfi,45,atom_h,4,20260818:4515:100:2:45:1:4
100,dpfi,45,atom_v,4,20260818:4515:100:2:45:2:4
100,dpfi,45,atom_h,5,20260818:4515:100:2:45:1:5
100,dpfi,45,atom_v,5,20260818:4515:100:2:45:2:5
100,dpfi,45,atom_h,6,20260818:4515:100:2:45:1:6
100,dpfi,45,atom_v,6,20260818:4515:100:2:45:2:6
100,dpfi,45,atom_h,7,20260818:4515:100:2:45:1:7
100,dpfi,45,atom_v,7,20260818:4515:100:2:45:2:7
100,dpfi,45,atom_h,8,20260818:4515:100:2:45:1:8
100,dpfi,45,atom_v,8,20260818:4515:100:2:45:2:8
100,dpfi,45,atom_h,9,20260818:4515:100:2:45:1:9
100,dpfi,45,atom_v,9,20260818:4515:100:2:45:2:9
100,dpfi,45,atom_h,10,20260818:4515:100:2:45:1:10
100,dpfi,45,atom_v,10,20260818:4515:100:2:45:2:10
100,dpfi,45,atom_h,11,20260818:4515:100:2:45:1:11
100,dpfi,45,atom_v,11,20260818:4515:100:2:45:2:11
100,dpfi,45,atom_h,12,20260818:4515:100:2:45:1:12
100,dpfi,45,atom_v,12,20260818:4515:100:2:45:2:12
100,dpfi,45,atom_h,13,20260818:4515:100:2:45:1:13
100,dpfi,45,atom_v,13,20260818:4515:100:2:45:2:13
100,dpfi,45,atom_h,14,20260818:4515:100:2:45:1:14
100,dpfi,45,atom_v,14,20260818:4515:100:2:45:2:14
100,dpfi,45,atom_h,15,20260818:4515:100:2:45:1:15
100,dpfi,45,atom_v,15,20260818:4515:100:2:45:2:15
100,dpfi,46,blank_h,0,20260818:4515:100:2:46:3:0
100,dpfi,46,blank_v,0,20260818:4515:100:2:46:4:0
100,dpfi,46,dark_h,0,20260818:4515:100:2:46:5:0
100,dpfi,46,dark_v,0,20260818:4515:100:2:46:6:0
100,dpfi,46,atom_h,1,20260818:4515:100:2:46:1:1
100,dpfi,46,atom_v,1,20260818:4515:100:2:46:2:1
100,dpfi,46,atom_h,2,20260818:4515:100:2:46:1:2
100,dpfi,46,atom_v,2,20260818:4515:100:2:46:2:2
100,dpfi,46,atom_h,3,20260818:4515:100:2:46:1:3
100,dpfi,46,atom_v,3,20260818:4515:100:2:46:2:3
100,dpfi,46,atom_h,4,20260818:4515:100:2:46:1:4
100,dpfi,46,atom_v,4,20260818:4515:100:2:46:2:4
100,dpfi,46,atom_h,5,20260818:4515:100:2:46:1:5
100,dpfi,46,atom_v,5,20260818:4515:100:2:46:2:5
100,dpfi,46,atom_h,6,20260818:4515:100:2:46:1:6
100,dpfi,46,atom_v,6,20260818:4515:100:2:46:2:6
100,dpfi,46,atom_h,7,20260818:4515:100:2:46:1:7
100,dpfi,46,atom_v,7,20260818:4515:100:2:46:2:7
100,dpfi,46,atom_h,8,20260818:4515:100:2:46:1:8
100,dpfi,46,atom_v,8,20260818:4515:100:2:46:2:8
100,dpfi,46,atom_h,9,20260818:4515:100:2:46:1:9
100,dpfi,46,atom_v,9,20260818:4515:100:2:46:2:9
100,dpfi,46,atom_h,10,20260818:4515:100:2:46:1:10
100,dpfi,46,atom_v,10,20260818:4515:100:2:46:2:10
100,dpfi,46,atom_h,11,20260818:4515:100:2:46:1:11
100,dpfi,46,atom_v,11,20260818:4515:100:2:46:2:11
100,dpfi,46,atom_h,12,20260818:4515:100:2:46:1:12
100,dpfi,46,atom_v,12,20260818:4515:100:2:46:2:12
100,dpfi,46,atom_h,13,20260818:4515:100:2:46:1:13
100,dpfi,46,atom_v,13,20260818:4515:100:2:46:2:13
100,dpfi,46,atom_h,14,20260818:4515:100:2:46:1:14
100,dpfi,46,atom_v,14,20260818:4515:100:2:46:2:14
100,dpfi,46,atom_h,15,20260818:4515:100:2:46:1:15
100,dpfi,46,atom_v,15,20260818:4515:100:2:46:2:15
100,dpfi,47,blank_h,0,20260818:4515:100:2:47:3:0
100,dpfi,47,blank_v,0,20260818:4515:100:2:47:4:0
100,dpfi,47,dark_h,0,20260818:4515:100:2:47:5:0
100,dpfi,47,dark_v,0,20260818:4515:100:2:47:6:0
100,dpfi,47,atom_h,1,20260818:4515:100:2:47:1:1
100,dpfi,47,atom_v,1,20260818:4515:100:2:47:2:1
100,dpfi,47,atom_h,2,20260818:4515:100:2:47:1:2
100,dpfi,47,atom_v,2,20260818:4515:100:2:47:2:2
100,dpfi,47,atom_h,3,20260818:4515:100:2:47:1:3
100,dpfi,47,atom_v,3,20260818:4515:100:2:47:2:3
100,dpfi,47,atom_h,4,20260818:4515:100:2:47:1:4
100,dpfi,47,atom_v,4,20260818:4515:100:2:47:2:4
100,dpfi,47,atom_h,5,20260818:4515:100:2:47:1:5
100,dpfi,47,atom_v,5,20260818:4515:100:2:47:2:5
100,dpfi,47,atom_h,6,20260818:4515:100:2:47:1:6
100,dpfi,47,atom_v,6,20260818:4515:100:2:47:2:6
100,dpfi,47,atom_h,7,20260818:4515:100:2:47:1:7
100,dpfi,47,atom_v,7,20260818:4515:100:2:47:2:7
100,dpfi,47,atom_h,8,20260818:4515:100:2:47:1:8
100,dpfi,47,atom_v,8,20260818:4515:100:2:47:2:8
100,dpfi,47,atom_h,9,20260818:4515:100:2:47:1:9
100,dpfi,47,atom_v,9,20260818:4515:100:2:47:2:9
100,dpfi,47,atom_h,10,20260818:4515:100:2:47:1:10
100,dpfi,47,atom_v,10,20260818:4515:100:2:47:2:10
100,dpfi,47,atom_h,11,20260818:4515:100:2:47:1:11
100,dpfi,47,atom_v,11,20260818:4515:100:2:47:2:11
100,dpfi,47,atom_h,12,20260818:4515:100:2:47:1:12
100,dpfi,47,atom_v,12,20260818:4515:100:2:47:2:12
100,dpfi,47,atom_h,13,20260818:4515:100:2:47:1:13
100,dpfi,47,atom_v,13,20260818:4515:100:2:47:2:13
100,dpfi,47,atom_h,14,20260818:4515:100:2:47:1:14
100,dpfi,47,atom_v,14,20260818:4515:100:2:47:2:14
100,dpfi,47,atom_h,15,20260818:4515:100:2:47:1:15
100,dpfi,47,atom_v,15,20260818:4515:100:2:47:2:15
100,dpfi,48,blank_h,0,20260818:4515:100:2:48:3:0
100,dpfi,48,blank_v,0,20260818:4515:100:2:48:4:0
100,dpfi,48,dark_h,0,20260818:4515:100:2:48:5:0
100,dpfi,48,dark_v,0,20260818:4515:100:2:48:6:0
100,dpfi,48,atom_h,1,20260818:4515:100:2:48:1:1
100,dpfi,48,atom_v,1,20260818:4515:100:2:48:2:1
100,dpfi,48,atom_h,2,20260818:4515:100:2:48:1:2
100,dpfi,48,atom_v,2,20260818:4515:100:2:48:2:2
100,dpfi,48,atom_h,3,20260818:4515:100:2:48:1:3
100,dpfi,48,atom_v,3,20260818:4515:100:2:48:2:3
100,dpfi,48,atom_h,4,20260818:4515:100:2:48:1:4
100,dpfi,48,atom_v,4,20260818:4515:100:2:48:2:4
100,dpfi,48,atom_h,5,20260818:4515:100:2:48:1:5
100,dpfi,48,atom_v,5,20260818:4515:100:2:48:2:5
100,dpfi,48,atom_h,6,20260818:4515:100:2:48:1:6
100,dpfi,48,atom_v,6,20260818:4515:100:2:48:2:6
100,dpfi,48,atom_h,7,20260818:4515:100:2:48:1:7
100,dpfi,48,atom_v,7,20260818:4515:100:2:48:2:7
100,dpfi,48,atom_h,8,20260818:4515:100:2:48:1:8
100,dpfi,48,atom_v,8,20260818:4515:100:2:48:2:8
100,dpfi,48,atom_h,9,20260818:4515:100:2:48:1:9
100,dpfi,48,atom_v,9,20260818:4515:100:2:48:2:9
100,dpfi,48,atom_h,10,20260818:4515:100:2:48:1:10
100,dpfi,48,atom_v,10,20260818:4515:100:2:48:2:10
100,dpfi,48,atom_h,11,20260818:4515:100:2:48:1:11
100,dpfi,48,atom_v,11,20260818:4515:100:2:48:2:11
100,dpfi,48,atom_h,12,20260818:4515:100:2:48:1:12
100,dpfi,48,atom_v,12,20260818:4515:100:2:48:2:12
100,dpfi,48,atom_h,13,20260818:4515:100:2:48:1:13
100,dpfi,48,atom_v,13,20260818:4515:100:2:48:2:13
100,dpfi,48,atom_h,14,20260818:4515:100:2:48:1:14
100,dpfi,48,atom_v,14,20260818:4515:100:2:48:2:14
100,dpfi,48,atom_h,15,20260818:4515:100:2:48:1:15
100,dpfi,48,atom_v,15,20260818:4515:100:2:48:2:15
100,dpfi,49,blank_h,0,20260818:4515:100:2:49:3:0
100,dpfi,49,blank_v,0,20260818:4515:100:2:49:4:0
100,dpfi,49,dark_h,0,20260818:4515:100:2:49:5:0
100,dpfi,49,dark_v,0,20260818:4515:100:2:49:6:0
100,dpfi,49,atom_h,1,20260818:4515:100:2:49:1:1
100,dpfi,49,atom_v,1,20260818:4515:100:2:49:2:1
100,dpfi,49,atom_h,2,20260818:4515:100:2:49:1:2
100,dpfi,49,atom_v,2,20260818:4515:100:2:49:2:2
100,dpfi,49,atom_h,3,20260818:4515:100:2:49:1:3
100,dpfi,49,atom_v,3,20260818:4515:100:2:49:2:3
100,dpfi,49,atom_h,4,20260818:4515:100:2:49:1:4
100,dpfi,49,atom_v,4,20260818:4515:100:2:49:2:4
100,dpfi,49,atom_h,5,20260818:4515:100:2:49:1:5
100,dpfi,49,atom_v,5,20260818:4515:100:2:49:2:5
100,dpfi,49,atom_h,6,20260818:4515:100:2:49:1:6
100,dpfi,49,atom_v,6,20260818:4515:100:2:49:2:6
100,dpfi,49,atom_h,7,20260818:4515:100:2:49:1:7
100,dpfi,49,atom_v,7,20260818:4515:100:2:49:2:7
100,dpfi,49,atom_h,8,20260818:4515:100:2:49:1:8
100,dpfi,49,atom_v,8,20260818:4515:100:2:49:2:8
100,dpfi,49,atom_h,9,20260818:4515:100:2:49:1:9
100,dpfi,49,atom_v,9,20260818:4515:100:2:49:2:9
100,dpfi,49,atom_h,10,20260818:4515:100:2:49:1:10
100,dpfi,49,atom_v,10,20260818:4515:100:2:49:2:10
100,dpfi,49,atom_h,11,20260818:4515:100:2:49:1:11
100,dpfi,49,atom_v,11,20260818:4515:100:2:49:2:11
100,dpfi,49,atom_h,12,20260818:4515:100:2:49:1:12
100,dpfi,49,atom_v,12,20260818:4515:100:2:49:2:12
100,dpfi,49,atom_h,13,20260818:4515:100:2:49:1:13
100,dpfi,49,atom_v,13,20260818:4515:100:2:49:2:13
100,dpfi,49,atom_h,14,20260818:4515:100:2:49:1:14
100,dpfi,49,atom_v,14,20260818:4515:100:2:49:2:14
100,dpfi,49,atom_h,15,20260818:4515:100:2:49:1:15
100,dpfi,49,atom_v,15,20260818:4515:100:2:49:2:15
100,dpfi,50,blank_h,0,20260818:4515:100:2:50:3:0
100,dpfi,50,blank_v,0,20260818:4515:100:2:50:4:0
100,dpfi,50,dark_h,0,20260818:4515:100:2:50:5:0
100,dpfi,50,dark_v,0,20260818:4515:100:2:50:6:0
100,dpfi,50,atom_h,1,20260818:4515:100:2:50:1:1
100,dpfi,50,atom_v,1,20260818:4515:100:2:50:2:1
100,dpfi,50,atom_h,2,20260818:4515:100:2:50:1:2
100,dpfi,50,atom_v,2,20260818:4515:100:2:50:2:2
100,dpfi,50,atom_h,3,20260818:4515:100:2:50:1:3
100,dpfi,50,atom_v,3,20260818:4515:100:2:50:2:3
100,dpfi,50,atom_h,4,20260818:4515:100:2:50:1:4
100,dpfi,50,atom_v,4,20260818:4515:100:2:50:2:4
100,dpfi,50,atom_h,5,20260818:4515:100:2:50:1:5
100,dpfi,50,atom_v,5,20260818:4515:100:2:50:2:5
100,dpfi,50,atom_h,6,20260818:4515:100:2:50:1:6
100,dpfi,50,atom_v,6,20260818:4515:100:2:50:2:6
100,dpfi,50,atom_h,7,20260818:4515:100:2:50:1:7
100,dpfi,50,atom_v,7,20260818:4515:100:2:50:2:7
100,dpfi,50,atom_h,8,20260818:4515:100:2:50:1:8
100,dpfi,50,atom_v,8,20260818:4515:100:2:50:2:8
100,dpfi,50,atom_h,9,20260818:4515:100:2:50:1:9
100,dpfi,50,atom_v,9,20260818:4515:100:2:50:2:9
100,dpfi,50,atom_h,10,20260818:4515:100:2:50:1:10
100,dpfi,50,atom_v,10,20260818:4515:100:2:50:2:10
100,dpfi,50,atom_h,11,20260818:4515:100:2:50:1:11
100,dpfi,50,atom_v,11,20260818:4515:100:2:50:2:11
100,dpfi,50,atom_h,12,20260818:4515:100:2:50:1:12
100,dpfi,50,atom_v,12,20260818:4515:100:2:50:2:12
100,dpfi,50,atom_h,13,20260818:4515:100:2:50:1:13
100,dpfi,50,atom_v,13,20260818:4515:100:2:50:2:13
100,dpfi,50,atom_h,14,20260818:4515:100:2:50:1:14
100,dpfi,50,atom_v,14,20260818:4515:100:2:50:2:14
100,dpfi,50,atom_h,15,20260818:4515:100:2:50:1:15
100,dpfi,50,atom_v,15,20260818:4515:100:2:50:2:15
100,dpfi,51,blank_h,0,20260818:4515:100:2:51:3:0
100,dpfi,51,blank_v,0,20260818:4515:100:2:51:4:0
100,dpfi,51,dark_h,0,20260818:4515:100:2:51:5:0
100,dpfi,51,dark_v,0,20260818:4515:100:2:51:6:0
100,dpfi,51,atom_h,1,20260818:4515:100:2:51:1:1
100,dpfi,51,atom_v,1,20260818:4515:100:2:51:2:1
100,dpfi,51,atom_h,2,20260818:4515:100:2:51:1:2
100,dpfi,51,atom_v,2,20260818:4515:100:2:51:2:2
100,dpfi,51,atom_h,3,20260818:4515:100:2:51:1:3
100,dpfi,51,atom_v,3,20260818:4515:100:2:51:2:3
100,dpfi,51,atom_h,4,20260818:4515:100:2:51:1:4
100,dpfi,51,atom_v,4,20260818:4515:100:2:51:2:4
100,dpfi,51,atom_h,5,20260818:4515:100:2:51:1:5
100,dpfi,51,atom_v,5,20260818:4515:100:2:51:2:5
100,dpfi,51,atom_h,6,20260818:4515:100:2:51:1:6
100,dpfi,51,atom_v,6,20260818:4515:100:2:51:2:6
100,dpfi,51,atom_h,7,20260818:4515:100:2:51:1:7
100,dpfi,51,atom_v,7,20260818:4515:100:2:51:2:7
100,dpfi,51,atom_h,8,20260818:4515:100:2:51:1:8
100,dpfi,51,atom_v,8,20260818:4515:100:2:51:2:8
100,dpfi,51,atom_h,9,20260818:4515:100:2:51:1:9
100,dpfi,51,atom_v,9,20260818:4515:100:2:51:2:9
100,dpfi,51,atom_h,10,20260818:4515:100:2:51:1:10
100,dpfi,51,atom_v,10,20260818:4515:100:2:51:2:10
100,dpfi,51,atom_h,11,20260818:4515:100:2:51:1:11
100,dpfi,51,atom_v,11,20260818:4515:100:2:51:2:11
100,dpfi,51,atom_h,12,20260818:4515:100:2:51:1:12
100,dpfi,51,atom_v,12,20260818:4515:100:2:51:2:12
100,dpfi,51,atom_h,13,20260818:4515:100:2:51:1:13
100,dpfi,51,atom_v,13,20260818:4515:100:2:51:2:13
100,dpfi,51,atom_h,14,20260818:4515:100:2:51:1:14
100,dpfi,51,atom_v,14,20260818:4515:100:2:51:2:14
100,dpfi,51,atom_h,15,20260818:4515:100:2:51:1:15
100,dpfi,51,atom_v,15,20260818:4515:100:2:51:2:15
100,dpfi,52,blank_h,0,20260818:4515:100:2:52:3:0
100,dpfi,52,blank_v,0,20260818:4515:100:2:52:4:0
100,dpfi,52,dark_h,0,20260818:4515:100:2:52:5:0
100,dpfi,52,dark_v,0,20260818:4515:100:2:52:6:0
100,dpfi,52,atom_h,1,20260818:4515:100:2:52:1:1
100,dpfi,52,atom_v,1,20260818:4515:100:2:52:2:1
100,dpfi,52,atom_h,2,20260818:4515:100:2:52:1:2
100,dpfi,52,atom_v,2,20260818:4515:100:2:52:2:2
100,dpfi,52,atom_h,3,20260818:4515:100:2:52:1:3
100,dpfi,52,atom_v,3,20260818:4515:100:2:52:2:3
100,dpfi,52,atom_h,4,20260818:4515:100:2:52:1:4
100,dpfi,52,atom_v,4,20260818:4515:100:2:52:2:4
100,dpfi,52,atom_h,5,20260818:4515:100:2:52:1:5
100,dpfi,52,atom_v,5,20260818:4515:100:2:52:2:5
100,dpfi,52,atom_h,6,20260818:4515:100:2:52:1:6
100,dpfi,52,atom_v,6,20260818:4515:100:2:52:2:6
100,dpfi,52,atom_h,7,20260818:4515:100:2:52:1:7
100,dpfi,52,atom_v,7,20260818:4515:100:2:52:2:7
100,dpfi,52,atom_h,8,20260818:4515:100:2:52:1:8
100,dpfi,52,atom_v,8,20260818:4515:100:2:52:2:8
100,dpfi,52,atom_h,9,20260818:4515:100:2:52:1:9
100,dpfi,52,atom_v,9,20260818:4515:100:2:52:2:9
100,dpfi,52,atom_h,10,20260818:4515:100:2:52:1:10
100,dpfi,52,atom_v,10,20260818:4515:100:2:52:2:10
100,dpfi,52,atom_h,11,20260818:4515:100:2:52:1:11
100,dpfi,52,atom_v,11,20260818:4515:100:2:52:2:11
100,dpfi,52,atom_h,12,20260818:4515:100:2:52:1:12
100,dpfi,52,atom_v,12,20260818:4515:100:2:52:2:12
100,dpfi,52,atom_h,13,20260818:4515:100:2:52:1:13
100,dpfi,52,atom_v,13,20260818:4515:100:2:52:2:13
100,dpfi,52,atom_h,14,20260818:4515:100:2:52:1:14
100,dpfi,52,atom_v,14,20260818:4515:100:2:52:2:14
100,dpfi,52,atom_h,15,20260818:4515:100:2:52:1:15
100,dpfi,52,atom_v,15,20260818:4515:100:2:52:2:15
100,dpfi,53,blank_h,0,20260818:4515:100:2:53:3:0
100,dpfi,53,blank_v,0,20260818:4515:100:2:53:4:0
100,dpfi,53,dark_h,0,20260818:4515:100:2:53:5:0
100,dpfi,53,dark_v,0,20260818:4515:100:2:53:6:0
100,dpfi,53,atom_h,1,20260818:4515:100:2:53:1:1
100,dpfi,53,atom_v,1,20260818:4515:100:2:53:2:1
100,dpfi,53,atom_h,2,20260818:4515:100:2:53:1:2
100,dpfi,53,atom_v,2,20260818:4515:100:2:53:2:2
100,dpfi,53,atom_h,3,20260818:4515:100:2:53:1:3
100,dpfi,53,atom_v,3,20260818:4515:100:2:53:2:3
100,dpfi,53,atom_h,4,20260818:4515:100:2:53:1:4
100,dpfi,53,atom_v,4,20260818:4515:100:2:53:2:4
100,dpfi,53,atom_h,5,20260818:4515:100:2:53:1:5
100,dpfi,53,atom_v,5,20260818:4515:100:2:53:2:5
100,dpfi,53,atom_h,6,20260818:4515:100:2:53:1:6
100,dpfi,53,atom_v,6,20260818:4515:100:2:53:2:6
100,dpfi,53,atom_h,7,20260818:4515:100:2:53:1:7
100,dpfi,53,atom_v,7,20260818:4515:100:2:53:2:7
100,dpfi,53,atom_h,8,20260818:4515:100:2:53:1:8
100,dpfi,53,atom_v,8,20260818:4515:100:2:53:2:8
100,dpfi,53,atom_h,9,20260818:4515:100:2:53:1:9
100,dpfi,53,atom_v,9,20260818:4515:100:2:53:2:9
100,dpfi,53,atom_h,10,20260818:4515:100:2:53:1:10
100,dpfi,53,atom_v,10,20260818:4515:100:2:53:2:10
100,dpfi,53,atom_h,11,20260818:4515:100:2:53:1:11
100,dpfi,53,atom_v,11,20260818:4515:100:2:53:2:11
100,dpfi,53,atom_h,12,20260818:4515:100:2:53:1:12
100,dpfi,53,atom_v,12,20260818:4515:100:2:53:2:12
100,dpfi,53,atom_h,13,20260818:4515:100:2:53:1:13
100,dpfi,53,atom_v,13,20260818:4515:100:2:53:2:13
100,dpfi,53,atom_h,14,20260818:4515:100:2:53:1:14
100,dpfi,53,atom_v,14,20260818:4515:100:2:53:2:14
100,dpfi,53,atom_h,15,20260818:4515:100:2:53:1:15
100,dpfi,53,atom_v,15,20260818:4515:100:2:53:2:15
100,dpfi,54,blank_h,0,20260818:4515:100:2:54:3:0
100,dpfi,54,blank_v,0,20260818:4515:100:2:54:4:0
100,dpfi,54,dark_h,0,20260818:4515:100:2:54:5:0
100,dpfi,54,dark_v,0,20260818:4515:100:2:54:6:0
100,dpfi,54,atom_h,1,20260818:4515:100:2:54:1:1
100,dpfi,54,atom_v,1,20260818:4515:100:2:54:2:1
100,dpfi,54,atom_h,2,20260818:4515:100:2:54:1:2
100,dpfi,54,atom_v,2,20260818:4515:100:2:54:2:2
100,dpfi,54,atom_h,3,20260818:4515:100:2:54:1:3
100,dpfi,54,atom_v,3,20260818:4515:100:2:54:2:3
100,dpfi,54,atom_h,4,20260818:4515:100:2:54:1:4
100,dpfi,54,atom_v,4,20260818:4515:100:2:54:2:4
100,dpfi,54,atom_h,5,20260818:4515:100:2:54:1:5
100,dpfi,54,atom_v,5,20260818:4515:100:2:54:2:5
100,dpfi,54,atom_h,6,20260818:4515:100:2:54:1:6
100,dpfi,54,atom_v,6,20260818:4515:100:2:54:2:6
100,dpfi,54,atom_h,7,20260818:4515:100:2:54:1:7
100,dpfi,54,atom_v,7,20260818:4515:100:2:54:2:7
100,dpfi,54,atom_h,8,20260818:4515:100:2:54:1:8
100,dpfi,54,atom_v,8,20260818:4515:100:2:54:2:8
100,dpfi,54,atom_h,9,20260818:4515:100:2:54:1:9
100,dpfi,54,atom_v,9,20260818:4515:100:2:54:2:9
100,dpfi,54,atom_h,10,20260818:4515:100:2:54:1:10
100,dpfi,54,atom_v,10,20260818:4515:100:2:54:2:10
100,dpfi,54,atom_h,11,20260818:4515:100:2:54:1:11
100,dpfi,54,atom_v,11,20260818:4515:100:2:54:2:11
100,dpfi,54,atom_h,12,20260818:4515:100:2:54:1:12
100,dpfi,54,atom_v,12,20260818:4515:100:2:54:2:12
100,dpfi,54,atom_h,13,20260818:4515:100:2:54:1:13
100,dpfi,54,atom_v,13,20260818:4515:100:2:54:2:13
100,dpfi,54,atom_h,14,20260818:4515:100:2:54:1:14
100,dpfi,54,atom_v,14,20260818:4515:100:2:54:2:14
100,dpfi,54,atom_h,15,20260818:4515:100:2:54:1:15
100,dpfi,54,atom_v,15,20260818:4515:100:2:54:2:15
100,dpfi,55,blank_h,0,20260818:4515:100:2:55:3:0
100,dpfi,55,blank_v,0,20260818:4515:100:2:55:4:0
100,dpfi,55,dark_h,0,20260818:4515:100:2:55:5:0
100,dpfi,55,dark_v,0,20260818:4515:100:2:55:6:0
100,dpfi,55,atom_h,1,20260818:4515:100:2:55:1:1
100,dpfi,55,atom_v,1,20260818:4515:100:2:55:2:1
100,dpfi,55,atom_h,2,20260818:4515:100:2:55:1:2
100,dpfi,55,atom_v,2,20260818:4515:100:2:55:2:2
100,dpfi,55,atom_h,3,20260818:4515:100:2:55:1:3
100,dpfi,55,atom_v,3,20260818:4515:100:2:55:2:3
100,dpfi,55,atom_h,4,20260818:4515:100:2:55:1:4
100,dpfi,55,atom_v,4,20260818:4515:100:2:55:2:4
100,dpfi,55,atom_h,5,20260818:4515:100:2:55:1:5
100,dpfi,55,atom_v,5,20260818:4515:100:2:55:2:5
100,dpfi,55,atom_h,6,20260818:4515:100:2:55:1:6
100,dpfi,55,atom_v,6,20260818:4515:100:2:55:2:6
100,dpfi,55,atom_h,7,20260818:4515:100:2:55:1:7
100,dpfi,55,atom_v,7,20260818:4515:100:2:55:2:7
100,dpfi,55,atom_h,8,20260818:4515:100:2:55:1:8
100,dpfi,55,atom_v,8,20260818:4515:100:2:55:2:8
100,dpfi,55,atom_h,9,20260818:4515:100:2:55:1:9
100,dpfi,55,atom_v,9,20260818:4515:100:2:55:2:9
100,dpfi,55,atom_h,10,20260818:4515:100:2:55:1:10
100,dpfi,55,atom_v,10,20260818:4515:100:2:55:2:10
100,dpfi,55,atom_h,11,20260818:4515:100:2:55:1:11
100,dpfi,55,atom_v,11,20260818:4515:100:2:55:2:11
100,dpfi,55,atom_h,12,20260818:4515:100:2:55:1:12
100,dpfi,55,atom_v,12,20260818:4515:100:2:55:2:12
100,dpfi,55,atom_h,13,20260818:4515:100:2:55:1:13
100,dpfi,55,atom_v,13,20260818:4515:100:2:55:2:13
100,dpfi,55,atom_h,14,20260818:4515:100:2:55:1:14
100,dpfi,55,atom_v,14,20260818:4515:100:2:55:2:14
100,dpfi,55,atom_h,15,20260818:4515:100:2:55:1:15
100,dpfi,55,atom_v,15,20260818:4515:100:2:55:2:15
100,dpfi,56,blank_h,0,20260818:4515:100:2:56:3:0
100,dpfi,56,blank_v,0,20260818:4515:100:2:56:4:0
100,dpfi,56,dark_h,0,20260818:4515:100:2:56:5:0
100,dpfi,56,dark_v,0,20260818:4515:100:2:56:6:0
100,dpfi,56,atom_h,1,20260818:4515:100:2:56:1:1
100,dpfi,56,atom_v,1,20260818:4515:100:2:56:2:1
100,dpfi,56,atom_h,2,20260818:4515:100:2:56:1:2
100,dpfi,56,atom_v,2,20260818:4515:100:2:56:2:2
100,dpfi,56,atom_h,3,20260818:4515:100:2:56:1:3
100,dpfi,56,atom_v,3,20260818:4515:100:2:56:2:3
100,dpfi,56,atom_h,4,20260818:4515:100:2:56:1:4
100,dpfi,56,atom_v,4,20260818:4515:100:2:56:2:4
100,dpfi,56,atom_h,5,20260818:4515:100:2:56:1:5
100,dpfi,56,atom_v,5,20260818:4515:100:2:56:2:5
100,dpfi,56,atom_h,6,20260818:4515:100:2:56:1:6
100,dpfi,56,atom_v,6,20260818:4515:100:2:56:2:6
100,dpfi,56,atom_h,7,20260818:4515:100:2:56:1:7
100,dpfi,56,atom_v,7,20260818:4515:100:2:56:2:7
100,dpfi,56,atom_h,8,20260818:4515:100:2:56:1:8
100,dpfi,56,atom_v,8,20260818:4515:100:2:56:2:8
100,dpfi,56,atom_h,9,20260818:4515:100:2:56:1:9
100,dpfi,56,atom_v,9,20260818:4515:100:2:56:2:9
100,dpfi,56,atom_h,10,20260818:4515:100:2:56:1:10
100,dpfi,56,atom_v,10,20260818:4515:100:2:56:2:10
100,dpfi,56,atom_h,11,20260818:4515:100:2:56:1:11
100,dpfi,56,atom_v,11,20260818:4515:100:2:56:2:11
100,dpfi,56,atom_h,12,20260818:4515:100:2:56:1:12
100,dpfi,56,atom_v,12,20260818:4515:100:2:56:2:12
100,dpfi,56,atom_h,13,20260818:4515:100:2:56:1:13
100,dpfi,56,atom_v,13,20260818:4515:100:2:56:2:13
100,dpfi,56,atom_h,14,20260818:4515:100:2:56:1:14
100,dpfi,56,atom_v,14,20260818:4515:100:2:56:2:14
100,dpfi,56,atom_h,15,20260818:4515:100:2:56:1:15
100,dpfi,56,atom_v,15,20260818:4515:100:2:56:2:15
100,dpfi,57,blank_h,0,20260818:4515:100:2:57:3:0
100,dpfi,57,blank_v,0,20260818:4515:100:2:57:4:0
100,dpfi,57,dark_h,0,20260818:4515:100:2:57:5:0
100,dpfi,57,dark_v,0,20260818:4515:100:2:57:6:0
100,dpfi,57,atom_h,1,20260818:4515:100:2:57:1:1
100,dpfi,57,atom_v,1,20260818:4515:100:2:57:2:1
100,dpfi,57,atom_h,2,20260818:4515:100:2:57:1:2
100,dpfi,57,atom_v,2,20260818:4515:100:2:57:2:2
100,dpfi,57,atom_h,3,20260818:4515:100:2:57:1:3
100,dpfi,57,atom_v,3,20260818:4515:100:2:57:2:3
100,dpfi,57,atom_h,4,20260818:4515:100:2:57:1:4
100,dpfi,57,atom_v,4,20260818:4515:100:2:57:2:4
100,dpfi,57,atom_h,5,20260818:4515:100:2:57:1:5
100,dpfi,57,atom_v,5,20260818:4515:100:2:57:2:5
100,dpfi,57,atom_h,6,20260818:4515:100:2:57:1:6
100,dpfi,57,atom_v,6,20260818:4515:100:2:57:2:6
100,dpfi,57,atom_h,7,20260818:4515:100:2:57:1:7
100,dpfi,57,atom_v,7,20260818:4515:100:2:57:2:7
100,dpfi,57,atom_h,8,20260818:4515:100:2:57:1:8
100,dpfi,57,atom_v,8,20260818:4515:100:2:57:2:8
100,dpfi,57,atom_h,9,20260818:4515:100:2:57:1:9
100,dpfi,57,atom_v,9,20260818:4515:100:2:57:2:9
100,dpfi,57,atom_h,10,20260818:4515:100:2:57:1:10
100,dpfi,57,atom_v,10,20260818:4515:100:2:57:2:10
100,dpfi,57,atom_h,11,20260818:4515:100:2:57:1:11
100,dpfi,57,atom_v,11,20260818:4515:100:2:57:2:11
100,dpfi,57,atom_h,12,20260818:4515:100:2:57:1:12
100,dpfi,57,atom_v,12,20260818:4515:100:2:57:2:12
100,dpfi,57,atom_h,13,20260818:4515:100:2:57:1:13
100,dpfi,57,atom_v,13,20260818:4515:100:2:57:2:13
100,dpfi,57,atom_h,14,20260818:4515:100:2:57:1:14
100,dpfi,57,atom_v,14,20260818:4515:100:2:57:2:14
100,dpfi,57,atom_h,15,20260818:4515:100:2:57:1:15
100,dpfi,57,atom_v,15,20260818:4515:100:2:57:2:15
100,dpfi,58,blank_h,0,20260818:4515:100:2:58:3:0
100,dpfi,58,blank_v,0,20260818:4515:100:2:58:4:0
100,dpfi,58,dark_h,0,20260818:4515:100:2:58:5:0
100,dpfi,58,dark_v,0,20260818:4515:100:2:58:6:0
100,dpfi,58,atom_h,1,20260818:4515:100:2:58:1:1
100,dpfi,58,atom_v,1,20260818:4515:100:2:58:2:1
100,dpfi,58,atom_h,2,20260818:4515:100:2:58:1:2
100,dpfi,58,atom_v,2,20260818:4515:100:2:58:2:2
100,dpfi,58,atom_h,3,20260818:4515:100:2:58:1:3
100,dpfi,58,atom_v,3,20260818:4515:100:2:58:2:3
100,dpfi,58,atom_h,4,20260818:4515:100:2:58:1:4
100,dpfi,58,atom_v,4,20260818:4515:100:2:58:2:4
100,dpfi,58,atom_h,5,20260818:4515:100:2:58:1:5
100,dpfi,58,atom_v,5,20260818:4515:100:2:58:2:5
100,dpfi,58,atom_h,6,20260818:4515:100:2:58:1:6
100,dpfi,58,atom_v,6,20260818:4515:100:2:58:2:6
100,dpfi,58,atom_h,7,20260818:4515:100:2:58:1:7
100,dpfi,58,atom_v,7,20260818:4515:100:2:58:2:7
100,dpfi,58,atom_h,8,20260818:4515:100:2:58:1:8
100,dpfi,58,atom_v,8,20260818:4515:100:2:58:2:8
100,dpfi,58,atom_h,9,20260818:4515:100:2:58:1:9
100,dpfi,58,atom_v,9,20260818:4515:100:2:58:2:9
100,dpfi,58,atom_h,10,20260818:4515:100:2:58:1:10
100,dpfi,58,atom_v,10,20260818:4515:100:2:58:2:10
100,dpfi,58,atom_h,11,20260818:4515:100:2:58:1:11
100,dpfi,58,atom_v,11,20260818:4515:100:2:58:2:11
100,dpfi,58,atom_h,12,20260818:4515:100:2:58:1:12
100,dpfi,58,atom_v,12,20260818:4515:100:2:58:2:12
100,dpfi,58,atom_h,13,20260818:4515:100:2:58:1:13
100,dpfi,58,atom_v,13,20260818:4515:100:2:58:2:13
100,dpfi,58,atom_h,14,20260818:4515:100:2:58:1:14
100,dpfi,58,atom_v,14,20260818:4515:100:2:58:2:14
100,dpfi,58,atom_h,15,20260818:4515:100:2:58:1:15
100,dpfi,58,atom_v,15,20260818:4515:100:2:58:2:15
100,dpfi,59,blank_h,0,20260818:4515:100:2:59:3:0
100,dpfi,59,blank_v,0,20260818:4515:100:2:59:4:0
100,dpfi,59,dark_h,0,20260818:4515:100:2:59:5:0
100,dpfi,59,dark_v,0,20260818:4515:100:2:59:6:0
100,dpfi,59,atom_h,1,20260818:4515:100:2:59:1:1
100,dpfi,59,atom_v,1,20260818:4515:100:2:59:2:1
100,dpfi,59,atom_h,2,20260818:4515:100:2:59:1:2
100,dpfi,59,atom_v,2,20260818:4515:100:2:59:2:2
100,dpfi,59,atom_h,3,20260818:4515:100:2:59:1:3
100,dpfi,59,atom_v,3,20260818:4515:100:2:59:2:3
100,dpfi,59,atom_h,4,20260818:4515:100:2:59:1:4
100,dpfi,59,atom_v,4,20260818:4515:100:2:59:2:4
100,dpfi,59,atom_h,5,20260818:4515:100:2:59:1:5
100,dpfi,59,atom_v,5,20260818:4515:100:2:59:2:5
100,dpfi,59,atom_h,6,20260818:4515:100:2:59:1:6
100,dpfi,59,atom_v,6,20260818:4515:100:2:59:2:6
100,dpfi,59,atom_h,7,20260818:4515:100:2:59:1:7
100,dpfi,59,atom_v,7,20260818:4515:100:2:59:2:7
100,dpfi,59,atom_h,8,20260818:4515:100:2:59:1:8
100,dpfi,59,atom_v,8,20260818:4515:100:2:59:2:8
100,dpfi,59,atom_h,9,20260818:4515:100:2:59:1:9
100,dpfi,59,atom_v,9,20260818:4515:100:2:59:2:9
100,dpfi,59,atom_h,10,20260818:4515:100:2:59:1:10
100,dpfi,59,atom_v,10,20260818:4515:100:2:59:2:10
100,dpfi,59,atom_h,11,20260818:4515:100:2:59:1:11
100,dpfi,59,atom_v,11,20260818:4515:100:2:59:2:11
100,dpfi,59,atom_h,12,20260818:4515:100:2:59:1:12
100,dpfi,59,atom_v,12,20260818:4515:100:2:59:2:12
100,dpfi,59,atom_h,13,20260818:4515:100:2:59:1:13
100,dpfi,59,atom_v,13,20260818:4515:100:2:59:2:13
100,dpfi,59,atom_h,14,20260818:4515:100:2:59:1:14
100,dpfi,59,atom_v,14,20260818:4515:100:2:59:2:14
100,dpfi,59,atom_h,15,20260818:4515:100:2:59:1:15
100,dpfi,59,atom_v,15,20260818:4515:100:2:59:2:15
100,dpfi,60,blank_h,0,20260818:4515:100:2:60:3:0
100,dpfi,60,blank_v,0,20260818:4515:100:2:60:4:0
100,dpfi,60,dark_h,0,20260818:4515:100:2:60:5:0
100,dpfi,60,dark_v,0,20260818:4515:100:2:60:6:0
100,dpfi,60,atom_h,1,20260818:4515:100:2:60:1:1
100,dpfi,60,atom_v,1,20260818:4515:100:2:60:2:1
100,dpfi,60,atom_h,2,20260818:4515:100:2:60:1:2
100,dpfi,60,atom_v,2,20260818:4515:100:2:60:2:2
100,dpfi,60,atom_h,3,20260818:4515:100:2:60:1:3
100,dpfi,60,atom_v,3,20260818:4515:100:2:60:2:3
100,dpfi,60,atom_h,4,20260818:4515:100:2:60:1:4
100,dpfi,60,atom_v,4,20260818:4515:100:2:60:2:4
100,dpfi,60,atom_h,5,20260818:4515:100:2:60:1:5
100,dpfi,60,atom_v,5,20260818:4515:100:2:60:2:5
100,dpfi,60,atom_h,6,20260818:4515:100:2:60:1:6
100,dpfi,60,atom_v,6,20260818:4515:100:2:60:2:6
100,dpfi,60,atom_h,7,20260818:4515:100:2:60:1:7
100,dpfi,60,atom_v,7,20260818:4515:100:2:60:2:7
100,dpfi,60,atom_h,8,20260818:4515:100:2:60:1:8
100,dpfi,60,atom_v,8,20260818:4515:100:2:60:2:8
100,dpfi,60,atom_h,9,20260818:4515:100:2:60:1:9
100,dpfi,60,atom_v,9,20260818:4515:100:2:60:2:9
100,dpfi,60,atom_h,10,20260818:4515:100:2:60:1:10
100,dpfi,60,atom_v,10,20260818:4515:100:2:60:2:10
100,dpfi,60,atom_h,11,20260818:4515:100:2:60:1:11
100,dpfi,60,atom_v,11,20260818:4515:100:2:60:2:11
100,dpfi,60,atom_h,12,20260818:4515:100:2:60:1:12
100,dpfi,60,atom_v,12,20260818:4515:100:2:60:2:12
100,dpfi,60,atom_h,13,20260818:4515:100:2:60:1:13
100,dpfi,60,atom_v,13,20260818:4515:100:2:60:2:13
100,dpfi,60,atom_h,14,20260818:4515:100:2:60:1:14
100,dpfi,60,atom_v,14,20260818:4515:100:2:60:2:14
100,dpfi,60,atom_h,15,20260818:4515:100:2:60:1:15
100,dpfi,60,atom_v,15,20260818:4515:100:2:60:2:15
100,dpfi,61,blank_h,0,20260818:4515:100:2:61:3:0
100,dpfi,61,blank_v,0,20260818:4515:100:2:61:4:0
100,dpfi,61,dark_h,0,20260818:4515:100:2:61:5:0
100,dpfi,61,dark_v,0,20260818:4515:100:2:61:6:0
100,dpfi,61,atom_h,1,20260818:4515:100:2:61:1:1
100,dpfi,61,atom_v,1,20260818:4515:100:2:61:2:1
100,dpfi,61,atom_h,2,20260818:4515:100:2:61:1:2
100,dpfi,61,atom_v,2,20260818:4515:100:2:61:2:2
100,dpfi,61,atom_h,3,20260818:4515:100:2:61:1:3
100,dpfi,61,atom_v,3,20260818:4515:100:2:61:2:3
100,dpfi,61,atom_h,4,20260818:4515:100:2:61:1:4
100,dpfi,61,atom_v,4,20260818:4515:100:2:61:2:4
100,dpfi,61,atom_h,5,20260818:4515:100:2:61:1:5
100,dpfi,61,atom_v,5,20260818:4515:100:2:61:2:5
100,dpfi,61,atom_h,6,20260818:4515:100:2:61:1:6
100,dpfi,61,atom_v,6,20260818:4515:100:2:61:2:6
100,dpfi,61,atom_h,7,20260818:4515:100:2:61:1:7
100,dpfi,61,atom_v,7,20260818:4515:100:2:61:2:7
100,dpfi,61,atom_h,8,20260818:4515:100:2:61:1:8
100,dpfi,61,atom_v,8,20260818:4515:100:2:61:2:8
100,dpfi,61,atom_h,9,20260818:4515:100:2:61:1:9
100,dpfi,61,atom_v,9,20260818:4515:100:2:61:2:9
100,dpfi,61,atom_h,10,20260818:4515:100:2:61:1:10
100,dpfi,61,atom_v,10,20260818:4515:100:2:61:2:10
100,dpfi,61,atom_h,11,20260818:4515:100:2:61:1:11
100,dpfi,61,atom_v,11,20260818:4515:100:2:61:2:11
100,dpfi,61,atom_h,12,20260818:4515:100:2:61:1:12
100,dpfi,61,atom_v,12,20260818:4515:100:2:61:2:12
100,dpfi,61,atom_h,13,20260818:4515:100:2:61:1:13
100,dpfi,61,atom_v,13,20260818:4515:100:2:61:2:13
100,dpfi,61,atom_h,14,20260818:4515:100:2:61:1:14
100,dpfi,61,atom_v,14,20260818:4515:100:2:61:2:14
100,dpfi,61,atom_h,15,20260818:4515:100:2:61:1:15
100,dpfi,61,atom_v,15,20260818:4515:100:2:61:2:15
100,dpfi,62,blank_h,0,20260818:4515:100:2:62:3:0
100,dpfi,62,blank_v,0,20260818:4515:100:2:62:4:0
100,dpfi,62,dark_h,0,20260818:4515:100:2:62:5:0
100,dpfi,62,dark_v,0,20260818:4515:100:2:62:6:0
100,dpfi,62,atom_h,1,20260818:4515:100:2:62:1:1
100,dpfi,62,atom_v,1,20260818:4515:100:2:62:2:1
100,dpfi,62,atom_h,2,20260818:4515:100:2:62:1:2
100,dpfi,62,atom_v,2,20260818:4515:100:2:62:2:2
100,dpfi,62,atom_h,3,20260818:4515:100:2:62:1:3
100,dpfi,62,atom_v,3,20260818:4515:100:2:62:2:3
100,dpfi,62,atom_h,4,20260818:4515:100:2:62:1:4
100,dpfi,62,atom_v,4,20260818:4515:100:2:62:2:4
100,dpfi,62,atom_h,5,20260818:4515:100:2:62:1:5
100,dpfi,62,atom_v,5,20260818:4515:100:2:62:2:5
100,dpfi,62,atom_h,6,20260818:4515:100:2:62:1:6
100,dpfi,62,atom_v,6,20260818:4515:100:2:62:2:6
100,dpfi,62,atom_h,7,20260818:4515:100:2:62:1:7
100,dpfi,62,atom_v,7,20260818:4515:100:2:62:2:7
100,dpfi,62,atom_h,8,20260818:4515:100:2:62:1:8
100,dpfi,62,atom_v,8,20260818:4515:100:2:62:2:8
100,dpfi,62,atom_h,9,20260818:4515:100:2:62:1:9
100,dpfi,62,atom_v,9,20260818:4515:100:2:62:2:9
100,dpfi,62,atom_h,10,20260818:4515:100:2:62:1:10
100,dpfi,62,atom_v,10,20260818:4515:100:2:62:2:10
100,dpfi,62,atom_h,11,20260818:4515:100:2:62:1:11
100,dpfi,62,atom_v,11,20260818:4515:100:2:62:2:11
100,dpfi,62,atom_h,12,20260818:4515:100:2:62:1:12
100,dpfi,62,atom_v,12,20260818:4515:100:2:62:2:12
100,dpfi,62,atom_h,13,20260818:4515:100:2:62:1:13
100,dpfi,62,atom_v,13,20260818:4515:100:2:62:2:13
100,dpfi,62,atom_h,14,20260818:4515:100:2:62:1:14
100,dpfi,62,atom_v,14,20260818:4515:100:2:62:2:14
100,dpfi,62,atom_h,15,20260818:4515:100:2:62:1:15
100,dpfi,62,atom_v,15,20260818:4515:100:2:62:2:15
100,dpfi,63,blank_h,0,20260818:4515:100:2:63:3:0
100,dpfi,63,blank_v,0,20260818:4515:100:2:63:4:0
100,dpfi,63,dark_h,0,20260818:4515:100:2:63:5:0
100,dpfi,63,dark_v,0,20260818:4515:100:2:63:6:0
100,dpfi,63,atom_h,1,20260818:4515:100:2:63:1:1
100,dpfi,63,atom_v,1,20260818:4515:100:2:63:2:1
100,dpfi,63,atom_h,2,20260818:4515:100:2:63:1:2
100,dpfi,63,atom_v,2,20260818:4515:100:2:63:2:2
100,dpfi,63,atom_h,3,20260818:4515:100:2:63:1:3
100,dpfi,63,atom_v,3,20260818:4515:100:2:63:2:3
100,dpfi,63,atom_h,4,20260818:4515:100:2:63:1:4
100,dpfi,63,atom_v,4,20260818:4515:100:2:63:2:4
100,dpfi,63,atom_h,5,20260818:4515:100:2:63:1:5
100,dpfi,63,atom_v,5,20260818:4515:100:2:63:2:5
100,dpfi,63,atom_h,6,20260818:4515:100:2:63:1:6
100,dpfi,63,atom_v,6,20260818:4515:100:2:63:2:6
100,dpfi,63,atom_h,7,20260818:4515:100:2:63:1:7
100,dpfi,63,atom_v,7,20260818:4515:100:2:63:2:7
100,dpfi,63,atom_h,8,20260818:4515:100:2:63:1:8
100,dpfi,63,atom_v,8,20260818:4515:100:2:63:2:8
100,dpfi,63,atom_h,9,20260818:4515:100:2:63:1:9
100,dpfi,63,atom_v,9,20260818:4515:100:2:63:2:9
100,dpfi,63,atom_h,10,20260818:4515:100:2:63:1:10
100,dpfi,63,atom_v,10,20260818:4515:100:2:63:2:10
100,dpfi,63,atom_h,11,20260818:4515:100:2:63:1:11
100,dpfi,63,atom_v,11,20260818:4515:100:2:63:2:11
100,dpfi,63,atom_h,12,20260818:4515:100:2:63:1:12
100,dpfi,63,atom_v,12,20260818:4515:100:2:63:2:12
100,dpfi,63,atom_h,13,20260818:4515:100:2:63:1:13
100,dpfi,63,atom_v,13,20260818:4515:100:2:63:2:13
100,dpfi,63,atom_h,14,20260818:4515:100:2:63:1:14
100,dpfi,63,atom_v,14,20260818:4515:100:2:63:2:14
100,dpfi,63,atom_h,15,20260818:4515:100:2:63:1:15
100,dpfi,63,atom_v,15,20260818:4515:100:2:63:2:15
150,dpfi,0,blank_h,0,20260818:4515:150:2:0:3:0
150,dpfi,0,blank_v,0,20260818:4515:150:2:0:4:0
150,dpfi,0,dark_h,0,20260818:4515:150:2:0:5:0
150,dpfi,0,dark_v,0,20260818:4515:150:2:0:6:0
150,dpfi,0,atom_h,1,20260818:4515:150:2:0:1:1
150,dpfi,0,atom_v,1,20260818:4515:150:2:0:2:1
150,dpfi,0,atom_h,2,20260818:4515:150:2:0:1:2
150,dpfi,0,atom_v,2,20260818:4515:150:2:0:2:2
150,dpfi,0,atom_h,3,20260818:4515:150:2:0:1:3
150,dpfi,0,atom_v,3,20260818:4515:150:2:0:2:3
150,dpfi,0,atom_h,4,20260818:4515:150:2:0:1:4
150,dpfi,0,atom_v,4,20260818:4515:150:2:0:2:4
150,dpfi,0,atom_h,5,20260818:4515:150:2:0:1:5
150,dpfi,0,atom_v,5,20260818:4515:150:2:0:2:5
150,dpfi,0,atom_h,6,20260818:4515:150:2:0:1:6
150,dpfi,0,atom_v,6,20260818:4515:150:2:0:2:6
150,dpfi,0,atom_h,7,20260818:4515:150:2:0:1:7
150,dpfi,0,atom_v,7,20260818:4515:150:2:0:2:7
150,dpfi,0,atom_h,8,20260818:4515:150:2:0:1:8
150,dpfi,0,atom_v,8,20260818:4515:150:2:0:2:8
150,dpfi,0,atom_h,9,20260818:4515:150:2:0:1:9
150,dpfi,0,atom_v,9,20260818:4515:150:2:0:2:9
150,dpfi,0,atom_h,10,20260818:4515:150:2:0:1:10
150,dpfi,0,atom_v,10,20260818:4515:150:2:0:2:10
150,dpfi,0,atom_h,11,20260818:4515:150:2:0:1:11
150,dpfi,0,atom_v,11,20260818:4515:150:2:0:2:11
150,dpfi,0,atom_h,12,20260818:4515:150:2:0:1:12
150,dpfi,0,atom_v,12,20260818:4515:150:2:0:2:12
150,dpfi,0,atom_h,13,20260818:4515:150:2:0:1:13
150,dpfi,0,atom_v,13,20260818:4515:150:2:0:2:13
150,dpfi,0,atom_h,14,20260818:4515:150:2:0:1:14
150,dpfi,0,atom_v,14,20260818:4515:150:2:0:2:14
150,dpfi,0,atom_h,15,20260818:4515:150:2:0:1:15
150,dpfi,0,atom_v,15,20260818:4515:150:2:0:2:15
150,dpfi,1,blank_h,0,20260818:4515:150:2:1:3:0
150,dpfi,1,blank_v,0,20260818:4515:150:2:1:4:0
150,dpfi,1,dark_h,0,20260818:4515:150:2:1:5:0
150,dpfi,1,dark_v,0,20260818:4515:150:2:1:6:0
150,dpfi,1,atom_h,1,20260818:4515:150:2:1:1:1
150,dpfi,1,atom_v,1,20260818:4515:150:2:1:2:1
150,dpfi,1,atom_h,2,20260818:4515:150:2:1:1:2
150,dpfi,1,atom_v,2,20260818:4515:150:2:1:2:2
150,dpfi,1,atom_h,3,20260818:4515:150:2:1:1:3
150,dpfi,1,atom_v,3,20260818:4515:150:2:1:2:3
150,dpfi,1,atom_h,4,20260818:4515:150:2:1:1:4
150,dpfi,1,atom_v,4,20260818:4515:150:2:1:2:4
150,dpfi,1,atom_h,5,20260818:4515:150:2:1:1:5
150,dpfi,1,atom_v,5,20260818:4515:150:2:1:2:5
150,dpfi,1,atom_h,6,20260818:4515:150:2:1:1:6
150,dpfi,1,atom_v,6,20260818:4515:150:2:1:2:6
150,dpfi,1,atom_h,7,20260818:4515:150:2:1:1:7
150,dpfi,1,atom_v,7,20260818:4515:150:2:1:2:7
150,dpfi,1,atom_h,8,20260818:4515:150:2:1:1:8
150,dpfi,1,atom_v,8,20260818:4515:150:2:1:2:8
150,dpfi,1,atom_h,9,20260818:4515:150:2:1:1:9
150,dpfi,1,atom_v,9,20260818:4515:150:2:1:2:9
150,dpfi,1,atom_h,10,20260818:4515:150:2:1:1:10
150,dpfi,1,atom_v,10,20260818:4515:150:2:1:2:10
150,dpfi,1,atom_h,11,20260818:4515:150:2:1:1:11
150,dpfi,1,atom_v,11,20260818:4515:150:2:1:2:11
150,dpfi,1,atom_h,12,20260818:4515:150:2:1:1:12
150,dpfi,1,atom_v,12,20260818:4515:150:2:1:2:12
150,dpfi,1,atom_h,13,20260818:4515:150:2:1:1:13
150,dpfi,1,atom_v,13,20260818:4515:150:2:1:2:13
150,dpfi,1,atom_h,14,20260818:4515:150:2:1:1:14
150,dpfi,1,atom_v,14,20260818:4515:150:2:1:2:14
150,dpfi,1,atom_h,15,20260818:4515:150:2:1:1:15
150,dpfi,1,atom_v,15,20260818:4515:150:2:1:2:15
150,dpfi,2,blank_h,0,20260818:4515:150:2:2:3:0
150,dpfi,2,blank_v,0,20260818:4515:150:2:2:4:0
150,dpfi,2,dark_h,0,20260818:4515:150:2:2:5:0
150,dpfi,2,dark_v,0,20260818:4515:150:2:2:6:0
150,dpfi,2,atom_h,1,20260818:4515:150:2:2:1:1
150,dpfi,2,atom_v,1,20260818:4515:150:2:2:2:1
150,dpfi,2,atom_h,2,20260818:4515:150:2:2:1:2
150,dpfi,2,atom_v,2,20260818:4515:150:2:2:2:2
150,dpfi,2,atom_h,3,20260818:4515:150:2:2:1:3
150,dpfi,2,atom_v,3,20260818:4515:150:2:2:2:3
150,dpfi,2,atom_h,4,20260818:4515:150:2:2:1:4
150,dpfi,2,atom_v,4,20260818:4515:150:2:2:2:4
150,dpfi,2,atom_h,5,20260818:4515:150:2:2:1:5
150,dpfi,2,atom_v,5,20260818:4515:150:2:2:2:5
150,dpfi,2,atom_h,6,20260818:4515:150:2:2:1:6
150,dpfi,2,atom_v,6,20260818:4515:150:2:2:2:6
150,dpfi,2,atom_h,7,20260818:4515:150:2:2:1:7
150,dpfi,2,atom_v,7,20260818:4515:150:2:2:2:7
150,dpfi,2,atom_h,8,20260818:4515:150:2:2:1:8
150,dpfi,2,atom_v,8,20260818:4515:150:2:2:2:8
150,dpfi,2,atom_h,9,20260818:4515:150:2:2:1:9
150,dpfi,2,atom_v,9,20260818:4515:150:2:2:2:9
150,dpfi,2,atom_h,10,20260818:4515:150:2:2:1:10
150,dpfi,2,atom_v,10,20260818:4515:150:2:2:2:10
150,dpfi,2,atom_h,11,20260818:4515:150:2:2:1:11
150,dpfi,2,atom_v,11,20260818:4515:150:2:2:2:11
150,dpfi,2,atom_h,12,20260818:4515:150:2:2:1:12
150,dpfi,2,atom_v,12,20260818:4515:150:2:2:2:12
150,dpfi,2,atom_h,13,20260818:4515:150:2:2:1:13
150,dpfi,2,atom_v,13,20260818:4515:150:2:2:2:13
150,dpfi,2,atom_h,14,20260818:4515:150:2:2:1:14
150,dpfi,2,atom_v,14,20260818:4515:150:2:2:2:14
150,dpfi,2,atom_h,15,20260818:4515:150:2:2:1:15
150,dpfi,2,atom_v,15,20260818:4515:150:2:2:2:15
150,dpfi,3,blank_h,0,20260818:4515:150:2:3:3:0
150,dpfi,3,blank_v,0,20260818:4515:150:2:3:4:0
150,dpfi,3,dark_h,0,20260818:4515:150:2:3:5:0
150,dpfi,3,dark_v,0,20260818:4515:150:2:3:6:0
150,dpfi,3,atom_h,1,20260818:4515:150:2:3:1:1
150,dpfi,3,atom_v,1,20260818:4515:150:2:3:2:1
150,dpfi,3,atom_h,2,20260818:4515:150:2:3:1:2
150,dpfi,3,atom_v,2,20260818:4515:150:2:3:2:2
150,dpfi,3,atom_h,3,20260818:4515:150:2:3:1:3
150,dpfi,3,atom_v,3,20260818:4515:150:2:3:2:3
150,dpfi,3,atom_h,4,20260818:4515:150:2:3:1:4
150,dpfi,3,atom_v,4,20260818:4515:150:2:3:2:4
150,dpfi,3,atom_h,5,20260818:4515:150:2:3:1:5
150,dpfi,3,atom_v,5,20260818:4515:150:2:3:2:5
150,dpfi,3,atom_h,6,20260818:4515:150:2:3:1:6
150,dpfi,3,atom_v,6,20260818:4515:150:2:3:2:6
150,dpfi,3,atom_h,7,20260818:4515:150:2:3:1:7
150,dpfi,3,atom_v,7,20260818:4515:150:2:3:2:7
150,dpfi,3,atom_h,8,20260818:4515:150:2:3:1:8
150,dpfi,3,atom_v,8,20260818:4515:150:2:3:2:8
150,dpfi,3,atom_h,9,20260818:4515:150:2:3:1:9
150,dpfi,3,atom_v,9,20260818:4515:150:2:3:2:9
150,dpfi,3,atom_h,10,20260818:4515:150:2:3:1:10
150,dpfi,3,atom_v,10,20260818:4515:150:2:3:2:10
150,dpfi,3,atom_h,11,20260818:4515:150:2:3:1:11
150,dpfi,3,atom_v,11,20260818:4515:150:2:3:2:11
150,dpfi,3,atom_h,12,20260818:4515:150:2:3:1:12
150,dpfi,3,atom_v,12,20260818:4515:150:2:3:2:12
150,dpfi,3,atom_h,13,20260818:4515:150:2:3:1:13
150,dpfi,3,atom_v,13,20260818:4515:150:2:3:2:13
150,dpfi,3,atom_h,14,20260818:4515:150:2:3:1:14
150,dpfi,3,atom_v,14,20260818:4515:150:2:3:2:14
150,dpfi,3,atom_h,15,20260818:4515:150:2:3:1:15
150,dpfi,3,atom_v,15,20260818:4515:150:2:3:2:15
150,dpfi,4,blank_h,0,20260818:4515:150:2:4:3:0
150,dpfi,4,blank_v,0,20260818:4515:150:2:4:4:0
150,dpfi,4,dark_h,0,20260818:4515:150:2:4:5:0
150,dpfi,4,dark_v,0,20260818:4515:150:2:4:6:0
150,dpfi,4,atom_h,1,20260818:4515:150:2:4:1:1
150,dpfi,4,atom_v,1,20260818:4515:150:2:4:2:1
150,dpfi,4,atom_h,2,20260818:4515:150:2:4:1:2
150,dpfi,4,atom_v,2,20260818:4515:150:2:4:2:2
150,dpfi,4,atom_h,3,20260818:4515:150:2:4:1:3
150,dpfi,4,atom_v,3,20260818:4515:150:2:4:2:3
150,dpfi,4,atom_h,4,20260818:4515:150:2:4:1:4
150,dpfi,4,atom_v,4,20260818:4515:150:2:4:2:4
150,dpfi,4,atom_h,5,20260818:4515:150:2:4:1:5
150,dpfi,4,atom_v,5,20260818:4515:150:2:4:2:5
150,dpfi,4,atom_h,6,20260818:4515:150:2:4:1:6
150,dpfi,4,atom_v,6,20260818:4515:150:2:4:2:6
150,dpfi,4,atom_h,7,20260818:4515:150:2:4:1:7
150,dpfi,4,atom_v,7,20260818:4515:150:2:4:2:7
150,dpfi,4,atom_h,8,20260818:4515:150:2:4:1:8
150,dpfi,4,atom_v,8,20260818:4515:150:2:4:2:8
150,dpfi,4,atom_h,9,20260818:4515:150:2:4:1:9
150,dpfi,4,atom_v,9,20260818:4515:150:2:4:2:9
150,dpfi,4,atom_h,10,20260818:4515:150:2:4:1:10
150,dpfi,4,atom_v,10,20260818:4515:150:2:4:2:10
150,dpfi,4,atom_h,11,20260818:4515:150:2:4:1:11
150,dpfi,4,atom_v,11,20260818:4515:150:2:4:2:11
150,dpfi,4,atom_h,12,20260818:4515:150:2:4:1:12
150,dpfi,4,atom_v,12,20260818:4515:150:2:4:2:12
150,dpfi,4,atom_h,13,20260818:4515:150:2:4:1:13
150,dpfi,4,atom_v,13,20260818:4515:150:2:4:2:13
150,dpfi,4,atom_h,14,20260818:4515:150:2:4:1:14
150,dpfi,4,atom_v,14,20260818:4515:150:2:4:2:14
150,dpfi,4,atom_h,15,20260818:4515:150:2:4:1:15
150,dpfi,4,atom_v,15,20260818:4515:150:2:4:2:15
150,dpfi,5,blank_h,0,20260818:4515:150:2:5:3:0
150,dpfi,5,blank_v,0,20260818:4515:150:2:5:4:0
150,dpfi,5,dark_h,0,20260818:4515:150:2:5:5:0
150,dpfi,5,dark_v,0,20260818:4515:150:2:5:6:0
150,dpfi,5,atom_h,1,20260818:4515:150:2:5:1:1
150,dpfi,5,atom_v,1,20260818:4515:150:2:5:2:1
150,dpfi,5,atom_h,2,20260818:4515:150:2:5:1:2
150,dpfi,5,atom_v,2,20260818:4515:150:2:5:2:2
150,dpfi,5,atom_h,3,20260818:4515:150:2:5:1:3
150,dpfi,5,atom_v,3,20260818:4515:150:2:5:2:3
150,dpfi,5,atom_h,4,20260818:4515:150:2:5:1:4
150,dpfi,5,atom_v,4,20260818:4515:150:2:5:2:4
150,dpfi,5,atom_h,5,20260818:4515:150:2:5:1:5
150,dpfi,5,atom_v,5,20260818:4515:150:2:5:2:5
150,dpfi,5,atom_h,6,20260818:4515:150:2:5:1:6
150,dpfi,5,atom_v,6,20260818:4515:150:2:5:2:6
150,dpfi,5,atom_h,7,20260818:4515:150:2:5:1:7
150,dpfi,5,atom_v,7,20260818:4515:150:2:5:2:7
150,dpfi,5,atom_h,8,20260818:4515:150:2:5:1:8
150,dpfi,5,atom_v,8,20260818:4515:150:2:5:2:8
150,dpfi,5,atom_h,9,20260818:4515:150:2:5:1:9
150,dpfi,5,atom_v,9,20260818:4515:150:2:5:2:9
150,dpfi,5,atom_h,10,20260818:4515:150:2:5:1:10
150,dpfi,5,atom_v,10,20260818:4515:150:2:5:2:10
150,dpfi,5,atom_h,11,20260818:4515:150:2:5:1:11
150,dpfi,5,atom_v,11,20260818:4515:150:2:5:2:11
150,dpfi,5,atom_h,12,20260818:4515:150:2:5:1:12
150,dpfi,5,atom_v,12,20260818:4515:150:2:5:2:12
150,dpfi,5,atom_h,13,20260818:4515:150:2:5:1:13
150,dpfi,5,atom_v,13,20260818:4515:150:2:5:2:13
150,dpfi,5,atom_h,14,20260818:4515:150:2:5:1:14
150,dpfi,5,atom_v,14,20260818:4515:150:2:5:2:14
150,dpfi,5,atom_h,15,20260818:4515:150:2:5:1:15
150,dpfi,5,atom_v,15,20260818:4515:150:2:5:2:15
150,dpfi,6,blank_h,0,20260818:4515:150:2:6:3:0
150,dpfi,6,blank_v,0,20260818:4515:150:2:6:4:0
150,dpfi,6,dark_h,0,20260818:4515:150:2:6:5:0
150,dpfi,6,dark_v,0,20260818:4515:150:2:6:6:0
150,dpfi,6,atom_h,1,20260818:4515:150:2:6:1:1
150,dpfi,6,atom_v,1,20260818:4515:150:2:6:2:1
150,dpfi,6,atom_h,2,20260818:4515:150:2:6:1:2
150,dpfi,6,atom_v,2,20260818:4515:150:2:6:2:2
150,dpfi,6,atom_h,3,20260818:4515:150:2:6:1:3
150,dpfi,6,atom_v,3,20260818:4515:150:2:6:2:3
150,dpfi,6,atom_h,4,20260818:4515:150:2:6:1:4
150,dpfi,6,atom_v,4,20260818:4515:150:2:6:2:4
150,dpfi,6,atom_h,5,20260818:4515:150:2:6:1:5
150,dpfi,6,atom_v,5,20260818:4515:150:2:6:2:5
150,dpfi,6,atom_h,6,20260818:4515:150:2:6:1:6
150,dpfi,6,atom_v,6,20260818:4515:150:2:6:2:6
150,dpfi,6,atom_h,7,20260818:4515:150:2:6:1:7
150,dpfi,6,atom_v,7,20260818:4515:150:2:6:2:7
150,dpfi,6,atom_h,8,20260818:4515:150:2:6:1:8
150,dpfi,6,atom_v,8,20260818:4515:150:2:6:2:8
150,dpfi,6,atom_h,9,20260818:4515:150:2:6:1:9
150,dpfi,6,atom_v,9,20260818:4515:150:2:6:2:9
150,dpfi,6,atom_h,10,20260818:4515:150:2:6:1:10
150,dpfi,6,atom_v,10,20260818:4515:150:2:6:2:10
150,dpfi,6,atom_h,11,20260818:4515:150:2:6:1:11
150,dpfi,6,atom_v,11,20260818:4515:150:2:6:2:11
150,dpfi,6,atom_h,12,20260818:4515:150:2:6:1:12
150,dpfi,6,atom_v,12,20260818:4515:150:2:6:2:12
150,dpfi,6,atom_h,13,20260818:4515:150:2:6:1:13
150,dpfi,6,atom_v,13,20260818:4515:150:2:6:2:13
150,dpfi,6,atom_h,14,20260818:4515:150:2:6:1:14
150,dpfi,6,atom_v,14,20260818:4515:150:2:6:2:14
150,dpfi,6,atom_h,15,20260818:4515:150:2:6:1:15
150,dpfi,6,atom_v,15,20260818:4515:150:2:6:2:15
150,dpfi,7,blank_h,0,20260818:4515:150:2:7:3:0
150,dpfi,7,blank_v,0,20260818:4515:150:2:7:4:0
150,dpfi,7,dark_h,0,20260818:4515:150:2:7:5:0
150,dpfi,7,dark_v,0,20260818:4515:150:2:7:6:0
150,dpfi,7,atom_h,1,20260818:4515:150:2:7:1:1
150,dpfi,7,atom_v,1,20260818:4515:150:2:7:2:1
150,dpfi,7,atom_h,2,20260818:4515:150:2:7:1:2
150,dpfi,7,atom_v,2,20260818:4515:150:2:7:2:2
150,dpfi,7,atom_h,3,20260818:4515:150:2:7:1:3
150,dpfi,7,atom_v,3,20260818:4515:150:2:7:2:3
150,dpfi,7,atom_h,4,20260818:4515:150:2:7:1:4
150,dpfi,7,atom_v,4,20260818:4515:150:2:7:2:4
150,dpfi,7,atom_h,5,20260818:4515:150:2:7:1:5
150,dpfi,7,atom_v,5,20260818:4515:150:2:7:2:5
150,dpfi,7,atom_h,6,20260818:4515:150:2:7:1:6
150,dpfi,7,atom_v,6,20260818:4515:150:2:7:2:6
150,dpfi,7,atom_h,7,20260818:4515:150:2:7:1:7
150,dpfi,7,atom_v,7,20260818:4515:150:2:7:2:7
150,dpfi,7,atom_h,8,20260818:4515:150:2:7:1:8
150,dpfi,7,atom_v,8,20260818:4515:150:2:7:2:8
150,dpfi,7,atom_h,9,20260818:4515:150:2:7:1:9
150,dpfi,7,atom_v,9,20260818:4515:150:2:7:2:9
150,dpfi,7,atom_h,10,20260818:4515:150:2:7:1:10
150,dpfi,7,atom_v,10,20260818:4515:150:2:7:2:10
150,dpfi,7,atom_h,11,20260818:4515:150:2:7:1:11
150,dpfi,7,atom_v,11,20260818:4515:150:2:7:2:11
150,dpfi,7,atom_h,12,20260818:4515:150:2:7:1:12
150,dpfi,7,atom_v,12,20260818:4515:150:2:7:2:12
150,dpfi,7,atom_h,13,20260818:4515:150:2:7:1:13
150,dpfi,7,atom_v,13,20260818:4515:150:2:7:2:13
150,dpfi,7,atom_h,14,20260818:4515:150:2:7:1:14
150,dpfi,7,atom_v,14,20260818:4515:150:2:7:2:14
150,dpfi,7,atom_h,15,20260818:4515:150:2:7:1:15
150,dpfi,7,atom_v,15,20260818:4515:150:2:7:2:15
150,dpfi,8,blank_h,0,20260818:4515:150:2:8:3:0
150,dpfi,8,blank_v,0,20260818:4515:150:2:8:4:0
150,dpfi,8,dark_h,0,20260818:4515:150:2:8:5:0
150,dpfi,8,dark_v,0,20260818:4515:150:2:8:6:0
150,dpfi,8,atom_h,1,20260818:4515:150:2:8:1:1
150,dpfi,8,atom_v,1,20260818:4515:150:2:8:2:1
150,dpfi,8,atom_h,2,20260818:4515:150:2:8:1:2
150,dpfi,8,atom_v,2,20260818:4515:150:2:8:2:2
150,dpfi,8,atom_h,3,20260818:4515:150:2:8:1:3
150,dpfi,8,atom_v,3,20260818:4515:150:2:8:2:3
150,dpfi,8,atom_h,4,20260818:4515:150:2:8:1:4
150,dpfi,8,atom_v,4,20260818:4515:150:2:8:2:4
150,dpfi,8,atom_h,5,20260818:4515:150:2:8:1:5
150,dpfi,8,atom_v,5,20260818:4515:150:2:8:2:5
150,dpfi,8,atom_h,6,20260818:4515:150:2:8:1:6
150,dpfi,8,atom_v,6,20260818:4515:150:2:8:2:6
150,dpfi,8,atom_h,7,20260818:4515:150:2:8:1:7
150,dpfi,8,atom_v,7,20260818:4515:150:2:8:2:7
150,dpfi,8,atom_h,8,20260818:4515:150:2:8:1:8
150,dpfi,8,atom_v,8,20260818:4515:150:2:8:2:8
150,dpfi,8,atom_h,9,20260818:4515:150:2:8:1:9
150,dpfi,8,atom_v,9,20260818:4515:150:2:8:2:9
150,dpfi,8,atom_h,10,20260818:4515:150:2:8:1:10
150,dpfi,8,atom_v,10,20260818:4515:150:2:8:2:10
150,dpfi,8,atom_h,11,20260818:4515:150:2:8:1:11
150,dpfi,8,atom_v,11,20260818:4515:150:2:8:2:11
150,dpfi,8,atom_h,12,20260818:4515:150:2:8:1:12
150,dpfi,8,atom_v,12,20260818:4515:150:2:8:2:12
150,dpfi,8,atom_h,13,20260818:4515:150:2:8:1:13
150,dpfi,8,atom_v,13,20260818:4515:150:2:8:2:13
150,dpfi,8,atom_h,14,20260818:4515:150:2:8:1:14
150,dpfi,8,atom_v,14,20260818:4515:150:2:8:2:14
150,dpfi,8,atom_h,15,20260818:4515:150:2:8:1:15
150,dpfi,8,atom_v,15,20260818:4515:150:2:8:2:15
150,dpfi,9,blank_h,0,20260818:4515:150:2:9:3:0
150,dpfi,9,blank_v,0,20260818:4515:150:2:9:4:0
150,dpfi,9,dark_h,0,20260818:4515:150:2:9:5:0
150,dpfi,9,dark_v,0,20260818:4515:150:2:9:6:0
150,dpfi,9,atom_h,1,20260818:4515:150:2:9:1:1
150,dpfi,9,atom_v,1,20260818:4515:150:2:9:2:1
150,dpfi,9,atom_h,2,20260818:4515:150:2:9:1:2
150,dpfi,9,atom_v,2,20260818:4515:150:2:9:2:2
150,dpfi,9,atom_h,3,20260818:4515:150:2:9:1:3
150,dpfi,9,atom_v,3,20260818:4515:150:2:9:2:3
150,dpfi,9,atom_h,4,20260818:4515:150:2:9:1:4
150,dpfi,9,atom_v,4,20260818:4515:150:2:9:2:4
150,dpfi,9,atom_h,5,20260818:4515:150:2:9:1:5
150,dpfi,9,atom_v,5,20260818:4515:150:2:9:2:5
150,dpfi,9,atom_h,6,20260818:4515:150:2:9:1:6
150,dpfi,9,atom_v,6,20260818:4515:150:2:9:2:6
150,dpfi,9,atom_h,7,20260818:4515:150:2:9:1:7
150,dpfi,9,atom_v,7,20260818:4515:150:2:9:2:7
150,dpfi,9,atom_h,8,20260818:4515:150:2:9:1:8
150,dpfi,9,atom_v,8,20260818:4515:150:2:9:2:8
150,dpfi,9,atom_h,9,20260818:4515:150:2:9:1:9
150,dpfi,9,atom_v,9,20260818:4515:150:2:9:2:9
150,dpfi,9,atom_h,10,20260818:4515:150:2:9:1:10
150,dpfi,9,atom_v,10,20260818:4515:150:2:9:2:10
150,dpfi,9,atom_h,11,20260818:4515:150:2:9:1:11
150,dpfi,9,atom_v,11,20260818:4515:150:2:9:2:11
150,dpfi,9,atom_h,12,20260818:4515:150:2:9:1:12
150,dpfi,9,atom_v,12,20260818:4515:150:2:9:2:12
150,dpfi,9,atom_h,13,20260818:4515:150:2:9:1:13
150,dpfi,9,atom_v,13,20260818:4515:150:2:9:2:13
150,dpfi,9,atom_h,14,20260818:4515:150:2:9:1:14
150,dpfi,9,atom_v,14,20260818:4515:150:2:9:2:14
150,dpfi,9,atom_h,15,20260818:4515:150:2:9:1:15
150,dpfi,9,atom_v,15,20260818:4515:150:2:9:2:15
150,dpfi,10,blank_h,0,20260818:4515:150:2:10:3:0
150,dpfi,10,blank_v,0,20260818:4515:150:2:10:4:0
150,dpfi,10,dark_h,0,20260818:4515:150:2:10:5:0
150,dpfi,10,dark_v,0,20260818:4515:150:2:10:6:0
150,dpfi,10,atom_h,1,20260818:4515:150:2:10:1:1
150,dpfi,10,atom_v,1,20260818:4515:150:2:10:2:1
150,dpfi,10,atom_h,2,20260818:4515:150:2:10:1:2
150,dpfi,10,atom_v,2,20260818:4515:150:2:10:2:2
150,dpfi,10,atom_h,3,20260818:4515:150:2:10:1:3
150,dpfi,10,atom_v,3,20260818:4515:150:2:10:2:3
150,dpfi,10,atom_h,4,20260818:4515:150:2:10:1:4
150,dpfi,10,atom_v,4,20260818:4515:150:2:10:2:4
150,dpfi,10,atom_h,5,20260818:4515:150:2:10:1:5
150,dpfi,10,atom_v,5,20260818:4515:150:2:10:2:5
150,dpfi,10,atom_h,6,20260818:4515:150:2:10:1:6
150,dpfi,10,atom_v,6,20260818:4515:150:2:10:2:6
150,dpfi,10,atom_h,7,20260818:4515:150:2:10:1:7
150,dpfi,10,atom_v,7,20260818:4515:150:2:10:2:7
150,dpfi,10,atom_h,8,20260818:4515:150:2:10:1:8
150,dpfi,10,atom_v,8,20260818:4515:150:2:10:2:8
150,dpfi,10,atom_h,9,20260818:4515:150:2:10:1:9
150,dpfi,10,atom_v,9,20260818:4515:150:2:10:2:9
150,dpfi,10,atom_h,10,20260818:4515:150:2:10:1:10
150,dpfi,10,atom_v,10,20260818:4515:150:2:10:2:10
150,dpfi,10,atom_h,11,20260818:4515:150:2:10:1:11
150,dpfi,10,atom_v,11,20260818:4515:150:2:10:2:11
150,dpfi,10,atom_h,12,20260818:4515:150:2:10:1:12
150,dpfi,10,atom_v,12,20260818:4515:150:2:10:2:12
150,dpfi,10,atom_h,13,20260818:4515:150:2:10:1:13
150,dpfi,10,atom_v,13,20260818:4515:150:2:10:2:13
150,dpfi,10,atom_h,14,20260818:4515:150:2:10:1:14
150,dpfi,10,atom_v,14,20260818:4515:150:2:10:2:14
150,dpfi,10,atom_h,15,20260818:4515:150:2:10:1:15
150,dpfi,10,atom_v,15,20260818:4515:150:2:10:2:15
150,dpfi,11,blank_h,0,20260818:4515:150:2:11:3:0
150,dpfi,11,blank_v,0,20260818:4515:150:2:11:4:0
150,dpfi,11,dark_h,0,20260818:4515:150:2:11:5:0
150,dpfi,11,dark_v,0,20260818:4515:150:2:11:6:0
150,dpfi,11,atom_h,1,20260818:4515:150:2:11:1:1
150,dpfi,11,atom_v,1,20260818:4515:150:2:11:2:1
150,dpfi,11,atom_h,2,20260818:4515:150:2:11:1:2
150,dpfi,11,atom_v,2,20260818:4515:150:2:11:2:2
150,dpfi,11,atom_h,3,20260818:4515:150:2:11:1:3
150,dpfi,11,atom_v,3,20260818:4515:150:2:11:2:3
150,dpfi,11,atom_h,4,20260818:4515:150:2:11:1:4
150,dpfi,11,atom_v,4,20260818:4515:150:2:11:2:4
150,dpfi,11,atom_h,5,20260818:4515:150:2:11:1:5
150,dpfi,11,atom_v,5,20260818:4515:150:2:11:2:5
150,dpfi,11,atom_h,6,20260818:4515:150:2:11:1:6
150,dpfi,11,atom_v,6,20260818:4515:150:2:11:2:6
150,dpfi,11,atom_h,7,20260818:4515:150:2:11:1:7
150,dpfi,11,atom_v,7,20260818:4515:150:2:11:2:7
150,dpfi,11,atom_h,8,20260818:4515:150:2:11:1:8
150,dpfi,11,atom_v,8,20260818:4515:150:2:11:2:8
150,dpfi,11,atom_h,9,20260818:4515:150:2:11:1:9
150,dpfi,11,atom_v,9,20260818:4515:150:2:11:2:9
150,dpfi,11,atom_h,10,20260818:4515:150:2:11:1:10
150,dpfi,11,atom_v,10,20260818:4515:150:2:11:2:10
150,dpfi,11,atom_h,11,20260818:4515:150:2:11:1:11
150,dpfi,11,atom_v,11,20260818:4515:150:2:11:2:11
150,dpfi,11,atom_h,12,20260818:4515:150:2:11:1:12
150,dpfi,11,atom_v,12,20260818:4515:150:2:11:2:12
150,dpfi,11,atom_h,13,20260818:4515:150:2:11:1:13
150,dpfi,11,atom_v,13,20260818:4515:150:2:11:2:13
150,dpfi,11,atom_h,14,20260818:4515:150:2:11:1:14
150,dpfi,11,atom_v,14,20260818:4515:150:2:11:2:14
150,dpfi,11,atom_h,15,20260818:4515:150:2:11:1:15
150,dpfi,11,atom_v,15,20260818:4515:150:2:11:2:15
150,dpfi,12,blank_h,0,20260818:4515:150:2:12:3:0
150,dpfi,12,blank_v,0,20260818:4515:150:2:12:4:0
150,dpfi,12,dark_h,0,20260818:4515:150:2:12:5:0
150,dpfi,12,dark_v,0,20260818:4515:150:2:12:6:0
150,dpfi,12,atom_h,1,20260818:4515:150:2:12:1:1
150,dpfi,12,atom_v,1,20260818:4515:150:2:12:2:1
150,dpfi,12,atom_h,2,20260818:4515:150:2:12:1:2
150,dpfi,12,atom_v,2,20260818:4515:150:2:12:2:2
150,dpfi,12,atom_h,3,20260818:4515:150:2:12:1:3
150,dpfi,12,atom_v,3,20260818:4515:150:2:12:2:3
150,dpfi,12,atom_h,4,20260818:4515:150:2:12:1:4
150,dpfi,12,atom_v,4,20260818:4515:150:2:12:2:4
150,dpfi,12,atom_h,5,20260818:4515:150:2:12:1:5
150,dpfi,12,atom_v,5,20260818:4515:150:2:12:2:5
150,dpfi,12,atom_h,6,20260818:4515:150:2:12:1:6
150,dpfi,12,atom_v,6,20260818:4515:150:2:12:2:6
150,dpfi,12,atom_h,7,20260818:4515:150:2:12:1:7
150,dpfi,12,atom_v,7,20260818:4515:150:2:12:2:7
150,dpfi,12,atom_h,8,20260818:4515:150:2:12:1:8
150,dpfi,12,atom_v,8,20260818:4515:150:2:12:2:8
150,dpfi,12,atom_h,9,20260818:4515:150:2:12:1:9
150,dpfi,12,atom_v,9,20260818:4515:150:2:12:2:9
150,dpfi,12,atom_h,10,20260818:4515:150:2:12:1:10
150,dpfi,12,atom_v,10,20260818:4515:150:2:12:2:10
150,dpfi,12,atom_h,11,20260818:4515:150:2:12:1:11
150,dpfi,12,atom_v,11,20260818:4515:150:2:12:2:11
150,dpfi,12,atom_h,12,20260818:4515:150:2:12:1:12
150,dpfi,12,atom_v,12,20260818:4515:150:2:12:2:12
150,dpfi,12,atom_h,13,20260818:4515:150:2:12:1:13
150,dpfi,12,atom_v,13,20260818:4515:150:2:12:2:13
150,dpfi,12,atom_h,14,20260818:4515:150:2:12:1:14
150,dpfi,12,atom_v,14,20260818:4515:150:2:12:2:14
150,dpfi,12,atom_h,15,20260818:4515:150:2:12:1:15
150,dpfi,12,atom_v,15,20260818:4515:150:2:12:2:15
150,dpfi,13,blank_h,0,20260818:4515:150:2:13:3:0
150,dpfi,13,blank_v,0,20260818:4515:150:2:13:4:0
150,dpfi,13,dark_h,0,20260818:4515:150:2:13:5:0
150,dpfi,13,dark_v,0,20260818:4515:150:2:13:6:0
150,dpfi,13,atom_h,1,20260818:4515:150:2:13:1:1
150,dpfi,13,atom_v,1,20260818:4515:150:2:13:2:1
150,dpfi,13,atom_h,2,20260818:4515:150:2:13:1:2
150,dpfi,13,atom_v,2,20260818:4515:150:2:13:2:2
150,dpfi,13,atom_h,3,20260818:4515:150:2:13:1:3
150,dpfi,13,atom_v,3,20260818:4515:150:2:13:2:3
150,dpfi,13,atom_h,4,20260818:4515:150:2:13:1:4
150,dpfi,13,atom_v,4,20260818:4515:150:2:13:2:4
150,dpfi,13,atom_h,5,20260818:4515:150:2:13:1:5
150,dpfi,13,atom_v,5,20260818:4515:150:2:13:2:5
150,dpfi,13,atom_h,6,20260818:4515:150:2:13:1:6
150,dpfi,13,atom_v,6,20260818:4515:150:2:13:2:6
150,dpfi,13,atom_h,7,20260818:4515:150:2:13:1:7
150,dpfi,13,atom_v,7,20260818:4515:150:2:13:2:7
150,dpfi,13,atom_h,8,20260818:4515:150:2:13:1:8
150,dpfi,13,atom_v,8,20260818:4515:150:2:13:2:8
150,dpfi,13,atom_h,9,20260818:4515:150:2:13:1:9
150,dpfi,13,atom_v,9,20260818:4515:150:2:13:2:9
150,dpfi,13,atom_h,10,20260818:4515:150:2:13:1:10
150,dpfi,13,atom_v,10,20260818:4515:150:2:13:2:10
150,dpfi,13,atom_h,11,20260818:4515:150:2:13:1:11
150,dpfi,13,atom_v,11,20260818:4515:150:2:13:2:11
150,dpfi,13,atom_h,12,20260818:4515:150:2:13:1:12
150,dpfi,13,atom_v,12,20260818:4515:150:2:13:2:12
150,dpfi,13,atom_h,13,20260818:4515:150:2:13:1:13
150,dpfi,13,atom_v,13,20260818:4515:150:2:13:2:13
150,dpfi,13,atom_h,14,20260818:4515:150:2:13:1:14
150,dpfi,13,atom_v,14,20260818:4515:150:2:13:2:14
150,dpfi,13,atom_h,15,20260818:4515:150:2:13:1:15
150,dpfi,13,atom_v,15,20260818:4515:150:2:13:2:15
150,dpfi,14,blank_h,0,20260818:4515:150:2:14:3:0
150,dpfi,14,blank_v,0,20260818:4515:150:2:14:4:0
150,dpfi,14,dark_h,0,20260818:4515:150:2:14:5:0
150,dpfi,14,dark_v,0,20260818:4515:150:2:14:6:0
150,dpfi,14,atom_h,1,20260818:4515:150:2:14:1:1
150,dpfi,14,atom_v,1,20260818:4515:150:2:14:2:1
150,dpfi,14,atom_h,2,20260818:4515:150:2:14:1:2
150,dpfi,14,atom_v,2,20260818:4515:150:2:14:2:2
150,dpfi,14,atom_h,3,20260818:4515:150:2:14:1:3
150,dpfi,14,atom_v,3,20260818:4515:150:2:14:2:3
150,dpfi,14,atom_h,4,20260818:4515:150:2:14:1:4
150,dpfi,14,atom_v,4,20260818:4515:150:2:14:2:4
150,dpfi,14,atom_h,5,20260818:4515:150:2:14:1:5
150,dpfi,14,atom_v,5,20260818:4515:150:2:14:2:5
150,dpfi,14,atom_h,6,20260818:4515:150:2:14:1:6
150,dpfi,14,atom_v,6,20260818:4515:150:2:14:2:6
150,dpfi,14,atom_h,7,20260818:4515:150:2:14:1:7
150,dpfi,14,atom_v,7,20260818:4515:150:2:14:2:7
150,dpfi,14,atom_h,8,20260818:4515:150:2:14:1:8
150,dpfi,14,atom_v,8,20260818:4515:150:2:14:2:8
150,dpfi,14,atom_h,9,20260818:4515:150:2:14:1:9
150,dpfi,14,atom_v,9,20260818:4515:150:2:14:2:9
150,dpfi,14,atom_h,10,20260818:4515:150:2:14:1:10
150,dpfi,14,atom_v,10,20260818:4515:150:2:14:2:10
150,dpfi,14,atom_h,11,20260818:4515:150:2:14:1:11
150,dpfi,14,atom_v,11,20260818:4515:150:2:14:2:11
150,dpfi,14,atom_h,12,20260818:4515:150:2:14:1:12
150,dpfi,14,atom_v,12,20260818:4515:150:2:14:2:12
150,dpfi,14,atom_h,13,20260818:4515:150:2:14:1:13
150,dpfi,14,atom_v,13,20260818:4515:150:2:14:2:13
150,dpfi,14,atom_h,14,20260818:4515:150:2:14:1:14
150,dpfi,14,atom_v,14,20260818:4515:150:2:14:2:14
150,dpfi,14,atom_h,15,20260818:4515:150:2:14:1:15
150,dpfi,14,atom_v,15,20260818:4515:150:2:14:2:15
150,dpfi,15,blank_h,0,20260818:4515:150:2:15:3:0
150,dpfi,15,blank_v,0,20260818:4515:150:2:15:4:0
150,dpfi,15,dark_h,0,20260818:4515:150:2:15:5:0
150,dpfi,15,dark_v,0,20260818:4515:150:2:15:6:0
150,dpfi,15,atom_h,1,20260818:4515:150:2:15:1:1
150,dpfi,15,atom_v,1,20260818:4515:150:2:15:2:1
150,dpfi,15,atom_h,2,20260818:4515:150:2:15:1:2
150,dpfi,15,atom_v,2,20260818:4515:150:2:15:2:2
150,dpfi,15,atom_h,3,20260818:4515:150:2:15:1:3
150,dpfi,15,atom_v,3,20260818:4515:150:2:15:2:3
150,dpfi,15,atom_h,4,20260818:4515:150:2:15:1:4
150,dpfi,15,atom_v,4,20260818:4515:150:2:15:2:4
150,dpfi,15,atom_h,5,20260818:4515:150:2:15:1:5
150,dpfi,15,atom_v,5,20260818:4515:150:2:15:2:5
150,dpfi,15,atom_h,6,20260818:4515:150:2:15:1:6
150,dpfi,15,atom_v,6,20260818:4515:150:2:15:2:6
150,dpfi,15,atom_h,7,20260818:4515:150:2:15:1:7
150,dpfi,15,atom_v,7,20260818:4515:150:2:15:2:7
150,dpfi,15,atom_h,8,20260818:4515:150:2:15:1:8
150,dpfi,15,atom_v,8,20260818:4515:150:2:15:2:8
150,dpfi,15,atom_h,9,20260818:4515:150:2:15:1:9
150,dpfi,15,atom_v,9,20260818:4515:150:2:15:2:9
150,dpfi,15,atom_h,10,20260818:4515:150:2:15:1:10
150,dpfi,15,atom_v,10,20260818:4515:150:2:15:2:10
150,dpfi,15,atom_h,11,20260818:4515:150:2:15:1:11
150,dpfi,15,atom_v,11,20260818:4515:150:2:15:2:11
150,dpfi,15,atom_h,12,20260818:4515:150:2:15:1:12
150,dpfi,15,atom_v,12,20260818:4515:150:2:15:2:12
150,dpfi,15,atom_h,13,20260818:4515:150:2:15:1:13
150,dpfi,15,atom_v,13,20260818:4515:150:2:15:2:13
150,dpfi,15,atom_h,14,20260818:4515:150:2:15:1:14
150,dpfi,15,atom_v,14,20260818:4515:150:2:15:2:14
150,dpfi,15,atom_h,15,20260818:4515:150:2:15:1:15
150,dpfi,15,atom_v,15,20260818:4515:150:2:15:2:15
150,dpfi,16,blank_h,0,20260818:4515:150:2:16:3:0
150,dpfi,16,blank_v,0,20260818:4515:150:2:16:4:0
150,dpfi,16,dark_h,0,20260818:4515:150:2:16:5:0
150,dpfi,16,dark_v,0,20260818:4515:150:2:16:6:0
150,dpfi,16,atom_h,1,20260818:4515:150:2:16:1:1
150,dpfi,16,atom_v,1,20260818:4515:150:2:16:2:1
150,dpfi,16,atom_h,2,20260818:4515:150:2:16:1:2
150,dpfi,16,atom_v,2,20260818:4515:150:2:16:2:2
150,dpfi,16,atom_h,3,20260818:4515:150:2:16:1:3
150,dpfi,16,atom_v,3,20260818:4515:150:2:16:2:3
150,dpfi,16,atom_h,4,20260818:4515:150:2:16:1:4
150,dpfi,16,atom_v,4,20260818:4515:150:2:16:2:4
150,dpfi,16,atom_h,5,20260818:4515:150:2:16:1:5
150,dpfi,16,atom_v,5,20260818:4515:150:2:16:2:5
150,dpfi,16,atom_h,6,20260818:4515:150:2:16:1:6
150,dpfi,16,atom_v,6,20260818:4515:150:2:16:2:6
150,dpfi,16,atom_h,7,20260818:4515:150:2:16:1:7
150,dpfi,16,atom_v,7,20260818:4515:150:2:16:2:7
150,dpfi,16,atom_h,8,20260818:4515:150:2:16:1:8
150,dpfi,16,atom_v,8,20260818:4515:150:2:16:2:8
150,dpfi,16,atom_h,9,20260818:4515:150:2:16:1:9
150,dpfi,16,atom_v,9,20260818:4515:150:2:16:2:9
150,dpfi,16,atom_h,10,20260818:4515:150:2:16:1:10
150,dpfi,16,atom_v,10,20260818:4515:150:2:16:2:10
150,dpfi,16,atom_h,11,20260818:4515:150:2:16:1:11
150,dpfi,16,atom_v,11,20260818:4515:150:2:16:2:11
150,dpfi,16,atom_h,12,20260818:4515:150:2:16:1:12
150,dpfi,16,atom_v,12,20260818:4515:150:2:16:2:12
150,dpfi,16,atom_h,13,20260818:4515:150:2:16:1:13
150,dpfi,16,atom_v,13,20260818:4515:150:2:16:2:13
150,dpfi,16,atom_h,14,20260818:4515:150:2:16:1:14
150,dpfi,16,atom_v,14,20260818:4515:150:2:16:2:14
150,dpfi,16,atom_h,15,20260818:4515:150:2:16:1:15
150,dpfi,16,atom_v,15,20260818:4515:150:2:16:2:15
150,dpfi,17,blank_h,0,20260818:4515:150:2:17:3:0
150,dpfi,17,blank_v,0,20260818:4515:150:2:17:4:0
150,dpfi,17,dark_h,0,20260818:4515:150:2:17:5:0
150,dpfi,17,dark_v,0,20260818:4515:150:2:17:6:0
150,dpfi,17,atom_h,1,20260818:4515:150:2:17:1:1
150,dpfi,17,atom_v,1,20260818:4515:150:2:17:2:1
150,dpfi,17,atom_h,2,20260818:4515:150:2:17:1:2
150,dpfi,17,atom_v,2,20260818:4515:150:2:17:2:2
150,dpfi,17,atom_h,3,20260818:4515:150:2:17:1:3
150,dpfi,17,atom_v,3,20260818:4515:150:2:17:2:3
150,dpfi,17,atom_h,4,20260818:4515:150:2:17:1:4
150,dpfi,17,atom_v,4,20260818:4515:150:2:17:2:4
150,dpfi,17,atom_h,5,20260818:4515:150:2:17:1:5
150,dpfi,17,atom_v,5,20260818:4515:150:2:17:2:5
150,dpfi,17,atom_h,6,20260818:4515:150:2:17:1:6
150,dpfi,17,atom_v,6,20260818:4515:150:2:17:2:6
150,dpfi,17,atom_h,7,20260818:4515:150:2:17:1:7
150,dpfi,17,atom_v,7,20260818:4515:150:2:17:2:7
150,dpfi,17,atom_h,8,20260818:4515:150:2:17:1:8
150,dpfi,17,atom_v,8,20260818:4515:150:2:17:2:8
150,dpfi,17,atom_h,9,20260818:4515:150:2:17:1:9
150,dpfi,17,atom_v,9,20260818:4515:150:2:17:2:9
150,dpfi,17,atom_h,10,20260818:4515:150:2:17:1:10
150,dpfi,17,atom_v,10,20260818:4515:150:2:17:2:10
150,dpfi,17,atom_h,11,20260818:4515:150:2:17:1:11
150,dpfi,17,atom_v,11,20260818:4515:150:2:17:2:11
150,dpfi,17,atom_h,12,20260818:4515:150:2:17:1:12
150,dpfi,17,atom_v,12,20260818:4515:150:2:17:2:12
150,dpfi,17,atom_h,13,20260818:4515:150:2:17:1:13
150,dpfi,17,atom_v,13,20260818:4515:150:2:17:2:13
150,dpfi,17,atom_h,14,20260818:4515:150:2:17:1:14
150,dpfi,17,atom_v,14,20260818:4515:150:2:17:2:14
150,dpfi,17,atom_h,15,20260818:4515:150:2:17:1:15
150,dpfi,17,atom_v,15,20260818:4515:150:2:17:2:15
150,dpfi,18,blank_h,0,20260818:4515:150:2:18:3:0
150,dpfi,18,blank_v,0,20260818:4515:150:2:18:4:0
150,dpfi,18,dark_h,0,20260818:4515:150:2:18:5:0
150,dpfi,18,dark_v,0,20260818:4515:150:2:18:6:0
150,dpfi,18,atom_h,1,20260818:4515:150:2:18:1:1
150,dpfi,18,atom_v,1,20260818:4515:150:2:18:2:1
150,dpfi,18,atom_h,2,20260818:4515:150:2:18:1:2
150,dpfi,18,atom_v,2,20260818:4515:150:2:18:2:2
150,dpfi,18,atom_h,3,20260818:4515:150:2:18:1:3
150,dpfi,18,atom_v,3,20260818:4515:150:2:18:2:3
150,dpfi,18,atom_h,4,20260818:4515:150:2:18:1:4
150,dpfi,18,atom_v,4,20260818:4515:150:2:18:2:4
150,dpfi,18,atom_h,5,20260818:4515:150:2:18:1:5
150,dpfi,18,atom_v,5,20260818:4515:150:2:18:2:5
150,dpfi,18,atom_h,6,20260818:4515:150:2:18:1:6
150,dpfi,18,atom_v,6,20260818:4515:150:2:18:2:6
150,dpfi,18,atom_h,7,20260818:4515:150:2:18:1:7
150,dpfi,18,atom_v,7,20260818:4515:150:2:18:2:7
150,dpfi,18,atom_h,8,20260818:4515:150:2:18:1:8
150,dpfi,18,atom_v,8,20260818:4515:150:2:18:2:8
150,dpfi,18,atom_h,9,20260818:4515:150:2:18:1:9
150,dpfi,18,atom_v,9,20260818:4515:150:2:18:2:9
150,dpfi,18,atom_h,10,20260818:4515:150:2:18:1:10
150,dpfi,18,atom_v,10,20260818:4515:150:2:18:2:10
150,dpfi,18,atom_h,11,20260818:4515:150:2:18:1:11
150,dpfi,18,atom_v,11,20260818:4515:150:2:18:2:11
150,dpfi,18,atom_h,12,20260818:4515:150:2:18:1:12
150,dpfi,18,atom_v,12,20260818:4515:150:2:18:2:12
150,dpfi,18,atom_h,13,20260818:4515:150:2:18:1:13
150,dpfi,18,atom_v,13,20260818:4515:150:2:18:2:13
150,dpfi,18,atom_h,14,20260818:4515:150:2:18:1:14
150,dpfi,18,atom_v,14,20260818:4515:150:2:18:2:14
150,dpfi,18,atom_h,15,20260818:4515:150:2:18:1:15
150,dpfi,18,atom_v,15,20260818:4515:150:2:18:2:15
150,dpfi,19,blank_h,0,20260818:4515:150:2:19:3:0
150,dpfi,19,blank_v,0,20260818:4515:150:2:19:4:0
150,dpfi,19,dark_h,0,20260818:4515:150:2:19:5:0
150,dpfi,19,dark_v,0,20260818:4515:150:2:19:6:0
150,dpfi,19,atom_h,1,20260818:4515:150:2:19:1:1
150,dpfi,19,atom_v,1,20260818:4515:150:2:19:2:1
150,dpfi,19,atom_h,2,20260818:4515:150:2:19:1:2
150,dpfi,19,atom_v,2,20260818:4515:150:2:19:2:2
150,dpfi,19,atom_h,3,20260818:4515:150:2:19:1:3
150,dpfi,19,atom_v,3,20260818:4515:150:2:19:2:3
150,dpfi,19,atom_h,4,20260818:4515:150:2:19:1:4
150,dpfi,19,atom_v,4,20260818:4515:150:2:19:2:4
150,dpfi,19,atom_h,5,20260818:4515:150:2:19:1:5
150,dpfi,19,atom_v,5,20260818:4515:150:2:19:2:5
150,dpfi,19,atom_h,6,20260818:4515:150:2:19:1:6
150,dpfi,19,atom_v,6,20260818:4515:150:2:19:2:6
150,dpfi,19,atom_h,7,20260818:4515:150:2:19:1:7
150,dpfi,19,atom_v,7,20260818:4515:150:2:19:2:7
150,dpfi,19,atom_h,8,20260818:4515:150:2:19:1:8
150,dpfi,19,atom_v,8,20260818:4515:150:2:19:2:8
150,dpfi,19,atom_h,9,20260818:4515:150:2:19:1:9
150,dpfi,19,atom_v,9,20260818:4515:150:2:19:2:9
150,dpfi,19,atom_h,10,20260818:4515:150:2:19:1:10
150,dpfi,19,atom_v,10,20260818:4515:150:2:19:2:10
150,dpfi,19,atom_h,11,20260818:4515:150:2:19:1:11
150,dpfi,19,atom_v,11,20260818:4515:150:2:19:2:11
150,dpfi,19,atom_h,12,20260818:4515:150:2:19:1:12
150,dpfi,19,atom_v,12,20260818:4515:150:2:19:2:12
150,dpfi,19,atom_h,13,20260818:4515:150:2:19:1:13
150,dpfi,19,atom_v,13,20260818:4515:150:2:19:2:13
150,dpfi,19,atom_h,14,20260818:4515:150:2:19:1:14
150,dpfi,19,atom_v,14,20260818:4515:150:2:19:2:14
150,dpfi,19,atom_h,15,20260818:4515:150:2:19:1:15
150,dpfi,19,atom_v,15,20260818:4515:150:2:19:2:15
150,dpfi,20,blank_h,0,20260818:4515:150:2:20:3:0
150,dpfi,20,blank_v,0,20260818:4515:150:2:20:4:0
150,dpfi,20,dark_h,0,20260818:4515:150:2:20:5:0
150,dpfi,20,dark_v,0,20260818:4515:150:2:20:6:0
150,dpfi,20,atom_h,1,20260818:4515:150:2:20:1:1
150,dpfi,20,atom_v,1,20260818:4515:150:2:20:2:1
150,dpfi,20,atom_h,2,20260818:4515:150:2:20:1:2
150,dpfi,20,atom_v,2,20260818:4515:150:2:20:2:2
150,dpfi,20,atom_h,3,20260818:4515:150:2:20:1:3
150,dpfi,20,atom_v,3,20260818:4515:150:2:20:2:3
150,dpfi,20,atom_h,4,20260818:4515:150:2:20:1:4
150,dpfi,20,atom_v,4,20260818:4515:150:2:20:2:4
150,dpfi,20,atom_h,5,20260818:4515:150:2:20:1:5
150,dpfi,20,atom_v,5,20260818:4515:150:2:20:2:5
150,dpfi,20,atom_h,6,20260818:4515:150:2:20:1:6
150,dpfi,20,atom_v,6,20260818:4515:150:2:20:2:6
150,dpfi,20,atom_h,7,20260818:4515:150:2:20:1:7
150,dpfi,20,atom_v,7,20260818:4515:150:2:20:2:7
150,dpfi,20,atom_h,8,20260818:4515:150:2:20:1:8
150,dpfi,20,atom_v,8,20260818:4515:150:2:20:2:8
150,dpfi,20,atom_h,9,20260818:4515:150:2:20:1:9
150,dpfi,20,atom_v,9,20260818:4515:150:2:20:2:9
150,dpfi,20,atom_h,10,20260818:4515:150:2:20:1:10
150,dpfi,20,atom_v,10,20260818:4515:150:2:20:2:10
150,dpfi,20,atom_h,11,20260818:4515:150:2:20:1:11
150,dpfi,20,atom_v,11,20260818:4515:150:2:20:2:11
150,dpfi,20,atom_h,12,20260818:4515:150:2:20:1:12
150,dpfi,20,atom_v,12,20260818:4515:150:2:20:2:12
150,dpfi,20,atom_h,13,20260818:4515:150:2:20:1:13
150,dpfi,20,atom_v,13,20260818:4515:150:2:20:2:13
150,dpfi,20,atom_h,14,20260818:4515:150:2:20:1:14
150,dpfi,20,atom_v,14,20260818:4515:150:2:20:2:14
150,dpfi,20,atom_h,15,20260818:4515:150:2:20:1:15
150,dpfi,20,atom_v,15,20260818:4515:150:2:20:2:15
150,dpfi,21,blank_h,0,20260818:4515:150:2:21:3:0
150,dpfi,21,blank_v,0,20260818:4515:150:2:21:4:0
150,dpfi,21,dark_h,0,20260818:4515:150:2:21:5:0
150,dpfi,21,dark_v,0,20260818:4515:150:2:21:6:0
150,dpfi,21,atom_h,1,20260818:4515:150:2:21:1:1
150,dpfi,21,atom_v,1,20260818:4515:150:2:21:2:1
150,dpfi,21,atom_h,2,20260818:4515:150:2:21:1:2
150,dpfi,21,atom_v,2,20260818:4515:150:2:21:2:2
150,dpfi,21,atom_h,3,20260818:4515:150:2:21:1:3
150,dpfi,21,atom_v,3,20260818:4515:150:2:21:2:3
150,dpfi,21,atom_h,4,20260818:4515:150:2:21:1:4
150,dpfi,21,atom_v,4,20260818:4515:150:2:21:2:4
150,dpfi,21,atom_h,5,20260818:4515:150:2:21:1:5
150,dpfi,21,atom_v,5,20260818:4515:150:2:21:2:5
150,dpfi,21,atom_h,6,20260818:4515:150:2:21:1:6
150,dpfi,21,atom_v,6,20260818:4515:150:2:21:2:6
150,dpfi,21,atom_h,7,20260818:4515:150:2:21:1:7
150,dpfi,21,atom_v,7,20260818:4515:150:2:21:2:7
150,dpfi,21,atom_h,8,20260818:4515:150:2:21:1:8
150,dpfi,21,atom_v,8,20260818:4515:150:2:21:2:8
150,dpfi,21,atom_h,9,20260818:4515:150:2:21:1:9
150,dpfi,21,atom_v,9,20260818:4515:150:2:21:2:9
150,dpfi,21,atom_h,10,20260818:4515:150:2:21:1:10
150,dpfi,21,atom_v,10,20260818:4515:150:2:21:2:10
150,dpfi,21,atom_h,11,20260818:4515:150:2:21:1:11
150,dpfi,21,atom_v,11,20260818:4515:150:2:21:2:11
150,dpfi,21,atom_h,12,20260818:4515:150:2:21:1:12
150,dpfi,21,atom_v,12,20260818:4515:150:2:21:2:12
150,dpfi,21,atom_h,13,20260818:4515:150:2:21:1:13
150,dpfi,21,atom_v,13,20260818:4515:150:2:21:2:13
150,dpfi,21,atom_h,14,20260818:4515:150:2:21:1:14
150,dpfi,21,atom_v,14,20260818:4515:150:2:21:2:14
150,dpfi,21,atom_h,15,20260818:4515:150:2:21:1:15
150,dpfi,21,atom_v,15,20260818:4515:150:2:21:2:15
150,dpfi,22,blank_h,0,20260818:4515:150:2:22:3:0
150,dpfi,22,blank_v,0,20260818:4515:150:2:22:4:0
150,dpfi,22,dark_h,0,20260818:4515:150:2:22:5:0
150,dpfi,22,dark_v,0,20260818:4515:150:2:22:6:0
150,dpfi,22,atom_h,1,20260818:4515:150:2:22:1:1
150,dpfi,22,atom_v,1,20260818:4515:150:2:22:2:1
150,dpfi,22,atom_h,2,20260818:4515:150:2:22:1:2
150,dpfi,22,atom_v,2,20260818:4515:150:2:22:2:2
150,dpfi,22,atom_h,3,20260818:4515:150:2:22:1:3
150,dpfi,22,atom_v,3,20260818:4515:150:2:22:2:3
150,dpfi,22,atom_h,4,20260818:4515:150:2:22:1:4
150,dpfi,22,atom_v,4,20260818:4515:150:2:22:2:4
150,dpfi,22,atom_h,5,20260818:4515:150:2:22:1:5
150,dpfi,22,atom_v,5,20260818:4515:150:2:22:2:5
150,dpfi,22,atom_h,6,20260818:4515:150:2:22:1:6
150,dpfi,22,atom_v,6,20260818:4515:150:2:22:2:6
150,dpfi,22,atom_h,7,20260818:4515:150:2:22:1:7
150,dpfi,22,atom_v,7,20260818:4515:150:2:22:2:7
150,dpfi,22,atom_h,8,20260818:4515:150:2:22:1:8
150,dpfi,22,atom_v,8,20260818:4515:150:2:22:2:8
150,dpfi,22,atom_h,9,20260818:4515:150:2:22:1:9
150,dpfi,22,atom_v,9,20260818:4515:150:2:22:2:9
150,dpfi,22,atom_h,10,20260818:4515:150:2:22:1:10
150,dpfi,22,atom_v,10,20260818:4515:150:2:22:2:10
150,dpfi,22,atom_h,11,20260818:4515:150:2:22:1:11
150,dpfi,22,atom_v,11,20260818:4515:150:2:22:2:11
150,dpfi,22,atom_h,12,20260818:4515:150:2:22:1:12
150,dpfi,22,atom_v,12,20260818:4515:150:2:22:2:12
150,dpfi,22,atom_h,13,20260818:4515:150:2:22:1:13
150,dpfi,22,atom_v,13,20260818:4515:150:2:22:2:13
150,dpfi,22,atom_h,14,20260818:4515:150:2:22:1:14
150,dpfi,22,atom_v,14,20260818:4515:150:2:22:2:14
150,dpfi,22,atom_h,15,20260818:4515:150:2:22:1:15
150,dpfi,22,atom_v,15,20260818:4515:150:2:22:2:15
150,dpfi,23,blank_h,0,20260818:4515:150:2:23:3:0
150,dpfi,23,blank_v,0,20260818:4515:150:2:23:4:0
150,dpfi,23,dark_h,0,20260818:4515:150:2:23:5:0
150,dpfi,23,dark_v,0,20260818:4515:150:2:23:6:0
150,dpfi,23,atom_h,1,20260818:4515:150:2:23:1:1
150,dpfi,23,atom_v,1,20260818:4515:150:2:23:2:1
150,dpfi,23,atom_h,2,20260818:4515:150:2:23:1:2
150,dpfi,23,atom_v,2,20260818:4515:150:2:23:2:2
150,dpfi,23,atom_h,3,20260818:4515:150:2:23:1:3
150,dpfi,23,atom_v,3,20260818:4515:150:2:23:2:3
150,dpfi,23,atom_h,4,20260818:4515:150:2:23:1:4
150,dpfi,23,atom_v,4,20260818:4515:150:2:23:2:4
150,dpfi,23,atom_h,5,20260818:4515:150:2:23:1:5
150,dpfi,23,atom_v,5,20260818:4515:150:2:23:2:5
150,dpfi,23,atom_h,6,20260818:4515:150:2:23:1:6
150,dpfi,23,atom_v,6,20260818:4515:150:2:23:2:6
150,dpfi,23,atom_h,7,20260818:4515:150:2:23:1:7
150,dpfi,23,atom_v,7,20260818:4515:150:2:23:2:7
150,dpfi,23,atom_h,8,20260818:4515:150:2:23:1:8
150,dpfi,23,atom_v,8,20260818:4515:150:2:23:2:8
150,dpfi,23,atom_h,9,20260818:4515:150:2:23:1:9
150,dpfi,23,atom_v,9,20260818:4515:150:2:23:2:9
150,dpfi,23,atom_h,10,20260818:4515:150:2:23:1:10
150,dpfi,23,atom_v,10,20260818:4515:150:2:23:2:10
150,dpfi,23,atom_h,11,20260818:4515:150:2:23:1:11
150,dpfi,23,atom_v,11,20260818:4515:150:2:23:2:11
150,dpfi,23,atom_h,12,20260818:4515:150:2:23:1:12
150,dpfi,23,atom_v,12,20260818:4515:150:2:23:2:12
150,dpfi,23,atom_h,13,20260818:4515:150:2:23:1:13
150,dpfi,23,atom_v,13,20260818:4515:150:2:23:2:13
150,dpfi,23,atom_h,14,20260818:4515:150:2:23:1:14
150,dpfi,23,atom_v,14,20260818:4515:150:2:23:2:14
150,dpfi,23,atom_h,15,20260818:4515:150:2:23:1:15
150,dpfi,23,atom_v,15,20260818:4515:150:2:23:2:15
150,dpfi,24,blank_h,0,20260818:4515:150:2:24:3:0
150,dpfi,24,blank_v,0,20260818:4515:150:2:24:4:0
150,dpfi,24,dark_h,0,20260818:4515:150:2:24:5:0
150,dpfi,24,dark_v,0,20260818:4515:150:2:24:6:0
150,dpfi,24,atom_h,1,20260818:4515:150:2:24:1:1
150,dpfi,24,atom_v,1,20260818:4515:150:2:24:2:1
150,dpfi,24,atom_h,2,20260818:4515:150:2:24:1:2
150,dpfi,24,atom_v,2,20260818:4515:150:2:24:2:2
150,dpfi,24,atom_h,3,20260818:4515:150:2:24:1:3
150,dpfi,24,atom_v,3,20260818:4515:150:2:24:2:3
150,dpfi,24,atom_h,4,20260818:4515:150:2:24:1:4
150,dpfi,24,atom_v,4,20260818:4515:150:2:24:2:4
150,dpfi,24,atom_h,5,20260818:4515:150:2:24:1:5
150,dpfi,24,atom_v,5,20260818:4515:150:2:24:2:5
150,dpfi,24,atom_h,6,20260818:4515:150:2:24:1:6
150,dpfi,24,atom_v,6,20260818:4515:150:2:24:2:6
150,dpfi,24,atom_h,7,20260818:4515:150:2:24:1:7
150,dpfi,24,atom_v,7,20260818:4515:150:2:24:2:7
150,dpfi,24,atom_h,8,20260818:4515:150:2:24:1:8
150,dpfi,24,atom_v,8,20260818:4515:150:2:24:2:8
150,dpfi,24,atom_h,9,20260818:4515:150:2:24:1:9
150,dpfi,24,atom_v,9,20260818:4515:150:2:24:2:9
150,dpfi,24,atom_h,10,20260818:4515:150:2:24:1:10
150,dpfi,24,atom_v,10,20260818:4515:150:2:24:2:10
150,dpfi,24,atom_h,11,20260818:4515:150:2:24:1:11
150,dpfi,24,atom_v,11,20260818:4515:150:2:24:2:11
150,dpfi,24,atom_h,12,20260818:4515:150:2:24:1:12
150,dpfi,24,atom_v,12,20260818:4515:150:2:24:2:12
150,dpfi,24,atom_h,13,20260818:4515:150:2:24:1:13
150,dpfi,24,atom_v,13,20260818:4515:150:2:24:2:13
150,dpfi,24,atom_h,14,20260818:4515:150:2:24:1:14
150,dpfi,24,atom_v,14,20260818:4515:150:2:24:2:14
150,dpfi,24,atom_h,15,20260818:4515:150:2:24:1:15
150,dpfi,24,atom_v,15,20260818:4515:150:2:24:2:15
150,dpfi,25,blank_h,0,20260818:4515:150:2:25:3:0
150,dpfi,25,blank_v,0,20260818:4515:150:2:25:4:0
150,dpfi,25,dark_h,0,20260818:4515:150:2:25:5:0
150,dpfi,25,dark_v,0,20260818:4515:150:2:25:6:0
150,dpfi,25,atom_h,1,20260818:4515:150:2:25:1:1
150,dpfi,25,atom_v,1,20260818:4515:150:2:25:2:1
150,dpfi,25,atom_h,2,20260818:4515:150:2:25:1:2
150,dpfi,25,atom_v,2,20260818:4515:150:2:25:2:2
150,dpfi,25,atom_h,3,20260818:4515:150:2:25:1:3
150,dpfi,25,atom_v,3,20260818:4515:150:2:25:2:3
150,dpfi,25,atom_h,4,20260818:4515:150:2:25:1:4
150,dpfi,25,atom_v,4,20260818:4515:150:2:25:2:4
150,dpfi,25,atom_h,5,20260818:4515:150:2:25:1:5
150,dpfi,25,atom_v,5,20260818:4515:150:2:25:2:5
150,dpfi,25,atom_h,6,20260818:4515:150:2:25:1:6
150,dpfi,25,atom_v,6,20260818:4515:150:2:25:2:6
150,dpfi,25,atom_h,7,20260818:4515:150:2:25:1:7
150,dpfi,25,atom_v,7,20260818:4515:150:2:25:2:7
150,dpfi,25,atom_h,8,20260818:4515:150:2:25:1:8
150,dpfi,25,atom_v,8,20260818:4515:150:2:25:2:8
150,dpfi,25,atom_h,9,20260818:4515:150:2:25:1:9
150,dpfi,25,atom_v,9,20260818:4515:150:2:25:2:9
150,dpfi,25,atom_h,10,20260818:4515:150:2:25:1:10
150,dpfi,25,atom_v,10,20260818:4515:150:2:25:2:10
150,dpfi,25,atom_h,11,20260818:4515:150:2:25:1:11
150,dpfi,25,atom_v,11,20260818:4515:150:2:25:2:11
150,dpfi,25,atom_h,12,20260818:4515:150:2:25:1:12
150,dpfi,25,atom_v,12,20260818:4515:150:2:25:2:12
150,dpfi,25,atom_h,13,20260818:4515:150:2:25:1:13
150,dpfi,25,atom_v,13,20260818:4515:150:2:25:2:13
150,dpfi,25,atom_h,14,20260818:4515:150:2:25:1:14
150,dpfi,25,atom_v,14,20260818:4515:150:2:25:2:14
150,dpfi,25,atom_h,15,20260818:4515:150:2:25:1:15
150,dpfi,25,atom_v,15,20260818:4515:150:2:25:2:15
150,dpfi,26,blank_h,0,20260818:4515:150:2:26:3:0
150,dpfi,26,blank_v,0,20260818:4515:150:2:26:4:0
150,dpfi,26,dark_h,0,20260818:4515:150:2:26:5:0
150,dpfi,26,dark_v,0,20260818:4515:150:2:26:6:0
150,dpfi,26,atom_h,1,20260818:4515:150:2:26:1:1
150,dpfi,26,atom_v,1,20260818:4515:150:2:26:2:1
150,dpfi,26,atom_h,2,20260818:4515:150:2:26:1:2
150,dpfi,26,atom_v,2,20260818:4515:150:2:26:2:2
150,dpfi,26,atom_h,3,20260818:4515:150:2:26:1:3
150,dpfi,26,atom_v,3,20260818:4515:150:2:26:2:3
150,dpfi,26,atom_h,4,20260818:4515:150:2:26:1:4
150,dpfi,26,atom_v,4,20260818:4515:150:2:26:2:4
150,dpfi,26,atom_h,5,20260818:4515:150:2:26:1:5
150,dpfi,26,atom_v,5,20260818:4515:150:2:26:2:5
150,dpfi,26,atom_h,6,20260818:4515:150:2:26:1:6
150,dpfi,26,atom_v,6,20260818:4515:150:2:26:2:6
150,dpfi,26,atom_h,7,20260818:4515:150:2:26:1:7
150,dpfi,26,atom_v,7,20260818:4515:150:2:26:2:7
150,dpfi,26,atom_h,8,20260818:4515:150:2:26:1:8
150,dpfi,26,atom_v,8,20260818:4515:150:2:26:2:8
150,dpfi,26,atom_h,9,20260818:4515:150:2:26:1:9
150,dpfi,26,atom_v,9,20260818:4515:150:2:26:2:9
150,dpfi,26,atom_h,10,20260818:4515:150:2:26:1:10
150,dpfi,26,atom_v,10,20260818:4515:150:2:26:2:10
150,dpfi,26,atom_h,11,20260818:4515:150:2:26:1:11
150,dpfi,26,atom_v,11,20260818:4515:150:2:26:2:11
150,dpfi,26,atom_h,12,20260818:4515:150:2:26:1:12
150,dpfi,26,atom_v,12,20260818:4515:150:2:26:2:12
150,dpfi,26,atom_h,13,20260818:4515:150:2:26:1:13
150,dpfi,26,atom_v,13,20260818:4515:150:2:26:2:13
150,dpfi,26,atom_h,14,20260818:4515:150:2:26:1:14
150,dpfi,26,atom_v,14,20260818:4515:150:2:26:2:14
150,dpfi,26,atom_h,15,20260818:4515:150:2:26:1:15
150,dpfi,26,atom_v,15,20260818:4515:150:2:26:2:15
150,dpfi,27,blank_h,0,20260818:4515:150:2:27:3:0
150,dpfi,27,blank_v,0,20260818:4515:150:2:27:4:0
150,dpfi,27,dark_h,0,20260818:4515:150:2:27:5:0
150,dpfi,27,dark_v,0,20260818:4515:150:2:27:6:0
150,dpfi,27,atom_h,1,20260818:4515:150:2:27:1:1
150,dpfi,27,atom_v,1,20260818:4515:150:2:27:2:1
150,dpfi,27,atom_h,2,20260818:4515:150:2:27:1:2
150,dpfi,27,atom_v,2,20260818:4515:150:2:27:2:2
150,dpfi,27,atom_h,3,20260818:4515:150:2:27:1:3
150,dpfi,27,atom_v,3,20260818:4515:150:2:27:2:3
150,dpfi,27,atom_h,4,20260818:4515:150:2:27:1:4
150,dpfi,27,atom_v,4,20260818:4515:150:2:27:2:4
150,dpfi,27,atom_h,5,20260818:4515:150:2:27:1:5
150,dpfi,27,atom_v,5,20260818:4515:150:2:27:2:5
150,dpfi,27,atom_h,6,20260818:4515:150:2:27:1:6
150,dpfi,27,atom_v,6,20260818:4515:150:2:27:2:6
150,dpfi,27,atom_h,7,20260818:4515:150:2:27:1:7
150,dpfi,27,atom_v,7,20260818:4515:150:2:27:2:7
150,dpfi,27,atom_h,8,20260818:4515:150:2:27:1:8
150,dpfi,27,atom_v,8,20260818:4515:150:2:27:2:8
150,dpfi,27,atom_h,9,20260818:4515:150:2:27:1:9
150,dpfi,27,atom_v,9,20260818:4515:150:2:27:2:9
150,dpfi,27,atom_h,10,20260818:4515:150:2:27:1:10
150,dpfi,27,atom_v,10,20260818:4515:150:2:27:2:10
150,dpfi,27,atom_h,11,20260818:4515:150:2:27:1:11
150,dpfi,27,atom_v,11,20260818:4515:150:2:27:2:11
150,dpfi,27,atom_h,12,20260818:4515:150:2:27:1:12
150,dpfi,27,atom_v,12,20260818:4515:150:2:27:2:12
150,dpfi,27,atom_h,13,20260818:4515:150:2:27:1:13
150,dpfi,27,atom_v,13,20260818:4515:150:2:27:2:13
150,dpfi,27,atom_h,14,20260818:4515:150:2:27:1:14
150,dpfi,27,atom_v,14,20260818:4515:150:2:27:2:14
150,dpfi,27,atom_h,15,20260818:4515:150:2:27:1:15
150,dpfi,27,atom_v,15,20260818:4515:150:2:27:2:15
150,dpfi,28,blank_h,0,20260818:4515:150:2:28:3:0
150,dpfi,28,blank_v,0,20260818:4515:150:2:28:4:0
150,dpfi,28,dark_h,0,20260818:4515:150:2:28:5:0
150,dpfi,28,dark_v,0,20260818:4515:150:2:28:6:0
150,dpfi,28,atom_h,1,20260818:4515:150:2:28:1:1
150,dpfi,28,atom_v,1,20260818:4515:150:2:28:2:1
150,dpfi,28,atom_h,2,20260818:4515:150:2:28:1:2
150,dpfi,28,atom_v,2,20260818:4515:150:2:28:2:2
150,dpfi,28,atom_h,3,20260818:4515:150:2:28:1:3
150,dpfi,28,atom_v,3,20260818:4515:150:2:28:2:3
150,dpfi,28,atom_h,4,20260818:4515:150:2:28:1:4
150,dpfi,28,atom_v,4,20260818:4515:150:2:28:2:4
150,dpfi,28,atom_h,5,20260818:4515:150:2:28:1:5
150,dpfi,28,atom_v,5,20260818:4515:150:2:28:2:5
150,dpfi,28,atom_h,6,20260818:4515:150:2:28:1:6
150,dpfi,28,atom_v,6,20260818:4515:150:2:28:2:6
150,dpfi,28,atom_h,7,20260818:4515:150:2:28:1:7
150,dpfi,28,atom_v,7,20260818:4515:150:2:28:2:7
150,dpfi,28,atom_h,8,20260818:4515:150:2:28:1:8
150,dpfi,28,atom_v,8,20260818:4515:150:2:28:2:8
150,dpfi,28,atom_h,9,20260818:4515:150:2:28:1:9
150,dpfi,28,atom_v,9,20260818:4515:150:2:28:2:9
150,dpfi,28,atom_h,10,20260818:4515:150:2:28:1:10
150,dpfi,28,atom_v,10,20260818:4515:150:2:28:2:10
150,dpfi,28,atom_h,11,20260818:4515:150:2:28:1:11
150,dpfi,28,atom_v,11,20260818:4515:150:2:28:2:11
150,dpfi,28,atom_h,12,20260818:4515:150:2:28:1:12
150,dpfi,28,atom_v,12,20260818:4515:150:2:28:2:12
150,dpfi,28,atom_h,13,20260818:4515:150:2:28:1:13
150,dpfi,28,atom_v,13,20260818:4515:150:2:28:2:13
150,dpfi,28,atom_h,14,20260818:4515:150:2:28:1:14
150,dpfi,28,atom_v,14,20260818:4515:150:2:28:2:14
150,dpfi,28,atom_h,15,20260818:4515:150:2:28:1:15
150,dpfi,28,atom_v,15,20260818:4515:150:2:28:2:15
150,dpfi,29,blank_h,0,20260818:4515:150:2:29:3:0
150,dpfi,29,blank_v,0,20260818:4515:150:2:29:4:0
150,dpfi,29,dark_h,0,20260818:4515:150:2:29:5:0
150,dpfi,29,dark_v,0,20260818:4515:150:2:29:6:0
150,dpfi,29,atom_h,1,20260818:4515:150:2:29:1:1
150,dpfi,29,atom_v,1,20260818:4515:150:2:29:2:1
150,dpfi,29,atom_h,2,20260818:4515:150:2:29:1:2
150,dpfi,29,atom_v,2,20260818:4515:150:2:29:2:2
150,dpfi,29,atom_h,3,20260818:4515:150:2:29:1:3
150,dpfi,29,atom_v,3,20260818:4515:150:2:29:2:3
150,dpfi,29,atom_h,4,20260818:4515:150:2:29:1:4
150,dpfi,29,atom_v,4,20260818:4515:150:2:29:2:4
150,dpfi,29,atom_h,5,20260818:4515:150:2:29:1:5
150,dpfi,29,atom_v,5,20260818:4515:150:2:29:2:5
150,dpfi,29,atom_h,6,20260818:4515:150:2:29:1:6
150,dpfi,29,atom_v,6,20260818:4515:150:2:29:2:6
150,dpfi,29,atom_h,7,20260818:4515:150:2:29:1:7
150,dpfi,29,atom_v,7,20260818:4515:150:2:29:2:7
150,dpfi,29,atom_h,8,20260818:4515:150:2:29:1:8
150,dpfi,29,atom_v,8,20260818:4515:150:2:29:2:8
150,dpfi,29,atom_h,9,20260818:4515:150:2:29:1:9
150,dpfi,29,atom_v,9,20260818:4515:150:2:29:2:9
150,dpfi,29,atom_h,10,20260818:4515:150:2:29:1:10
150,dpfi,29,atom_v,10,20260818:4515:150:2:29:2:10
150,dpfi,29,atom_h,11,20260818:4515:150:2:29:1:11
150,dpfi,29,atom_v,11,20260818:4515:150:2:29:2:11
150,dpfi,29,atom_h,12,20260818:4515:150:2:29:1:12
150,dpfi,29,atom_v,12,20260818:4515:150:2:29:2:12
150,dpfi,29,atom_h,13,20260818:4515:150:2:29:1:13
150,dpfi,29,atom_v,13,20260818:4515:150:2:29:2:13
150,dpfi,29,atom_h,14,20260818:4515:150:2:29:1:14
150,dpfi,29,atom_v,14,20260818:4515:150:2:29:2:14
150,dpfi,29,atom_h,15,20260818:4515:150:2:29:1:15
150,dpfi,29,atom_v,15,20260818:4515:150:2:29:2:15
150,dpfi,30,blank_h,0,20260818:4515:150:2:30:3:0
150,dpfi,30,blank_v,0,20260818:4515:150:2:30:4:0
150,dpfi,30,dark_h,0,20260818:4515:150:2:30:5:0
150,dpfi,30,dark_v,0,20260818:4515:150:2:30:6:0
150,dpfi,30,atom_h,1,20260818:4515:150:2:30:1:1
150,dpfi,30,atom_v,1,20260818:4515:150:2:30:2:1
150,dpfi,30,atom_h,2,20260818:4515:150:2:30:1:2
150,dpfi,30,atom_v,2,20260818:4515:150:2:30:2:2
150,dpfi,30,atom_h,3,20260818:4515:150:2:30:1:3
150,dpfi,30,atom_v,3,20260818:4515:150:2:30:2:3
150,dpfi,30,atom_h,4,20260818:4515:150:2:30:1:4
150,dpfi,30,atom_v,4,20260818:4515:150:2:30:2:4
150,dpfi,30,atom_h,5,20260818:4515:150:2:30:1:5
150,dpfi,30,atom_v,5,20260818:4515:150:2:30:2:5
150,dpfi,30,atom_h,6,20260818:4515:150:2:30:1:6
150,dpfi,30,atom_v,6,20260818:4515:150:2:30:2:6
150,dpfi,30,atom_h,7,20260818:4515:150:2:30:1:7
150,dpfi,30,atom_v,7,20260818:4515:150:2:30:2:7
150,dpfi,30,atom_h,8,20260818:4515:150:2:30:1:8
150,dpfi,30,atom_v,8,20260818:4515:150:2:30:2:8
150,dpfi,30,atom_h,9,20260818:4515:150:2:30:1:9
150,dpfi,30,atom_v,9,20260818:4515:150:2:30:2:9
150,dpfi,30,atom_h,10,20260818:4515:150:2:30:1:10
150,dpfi,30,atom_v,10,20260818:4515:150:2:30:2:10
150,dpfi,30,atom_h,11,20260818:4515:150:2:30:1:11
150,dpfi,30,atom_v,11,20260818:4515:150:2:30:2:11
150,dpfi,30,atom_h,12,20260818:4515:150:2:30:1:12
150,dpfi,30,atom_v,12,20260818:4515:150:2:30:2:12
150,dpfi,30,atom_h,13,20260818:4515:150:2:30:1:13
150,dpfi,30,atom_v,13,20260818:4515:150:2:30:2:13
150,dpfi,30,atom_h,14,20260818:4515:150:2:30:1:14
150,dpfi,30,atom_v,14,20260818:4515:150:2:30:2:14
150,dpfi,30,atom_h,15,20260818:4515:150:2:30:1:15
150,dpfi,30,atom_v,15,20260818:4515:150:2:30:2:15
150,dpfi,31,blank_h,0,20260818:4515:150:2:31:3:0
150,dpfi,31,blank_v,0,20260818:4515:150:2:31:4:0
150,dpfi,31,dark_h,0,20260818:4515:150:2:31:5:0
150,dpfi,31,dark_v,0,20260818:4515:150:2:31:6:0
150,dpfi,31,atom_h,1,20260818:4515:150:2:31:1:1
150,dpfi,31,atom_v,1,20260818:4515:150:2:31:2:1
150,dpfi,31,atom_h,2,20260818:4515:150:2:31:1:2
150,dpfi,31,atom_v,2,20260818:4515:150:2:31:2:2
150,dpfi,31,atom_h,3,20260818:4515:150:2:31:1:3
150,dpfi,31,atom_v,3,20260818:4515:150:2:31:2:3
150,dpfi,31,atom_h,4,20260818:4515:150:2:31:1:4
150,dpfi,31,atom_v,4,20260818:4515:150:2:31:2:4
150,dpfi,31,atom_h,5,20260818:4515:150:2:31:1:5
150,dpfi,31,atom_v,5,20260818:4515:150:2:31:2:5
150,dpfi,31,atom_h,6,20260818:4515:150:2:31:1:6
150,dpfi,31,atom_v,6,20260818:4515:150:2:31:2:6
150,dpfi,31,atom_h,7,20260818:4515:150:2:31:1:7
150,dpfi,31,atom_v,7,20260818:4515:150:2:31:2:7
150,dpfi,31,atom_h,8,20260818:4515:150:2:31:1:8
150,dpfi,31,atom_v,8,20260818:4515:150:2:31:2:8
150,dpfi,31,atom_h,9,20260818:4515:150:2:31:1:9
150,dpfi,31,atom_v,9,20260818:4515:150:2:31:2:9
150,dpfi,31,atom_h,10,20260818:4515:150:2:31:1:10
150,dpfi,31,atom_v,10,20260818:4515:150:2:31:2:10
150,dpfi,31,atom_h,11,20260818:4515:150:2:31:1:11
150,dpfi,31,atom_v,11,20260818:4515:150:2:31:2:11
150,dpfi,31,atom_h,12,20260818:4515:150:2:31:1:12
150,dpfi,31,atom_v,12,20260818:4515:150:2:31:2:12
150,dpfi,31,atom_h,13,20260818:4515:150:2:31:1:13
150,dpfi,31,atom_v,13,20260818:4515:150:2:31:2:13
150,dpfi,31,atom_h,14,20260818:4515:150:2:31:1:14
150,dpfi,31,atom_v,14,20260818:4515:150:2:31:2:14
150,dpfi,31,atom_h,15,20260818:4515:150:2:31:1:15
150,dpfi,31,atom_v,15,20260818:4515:150:2:31:2:15
150,dpfi,32,blank_h,0,20260818:4515:150:2:32:3:0
150,dpfi,32,blank_v,0,20260818:4515:150:2:32:4:0
150,dpfi,32,dark_h,0,20260818:4515:150:2:32:5:0
150,dpfi,32,dark_v,0,20260818:4515:150:2:32:6:0
150,dpfi,32,atom_h,1,20260818:4515:150:2:32:1:1
150,dpfi,32,atom_v,1,20260818:4515:150:2:32:2:1
150,dpfi,32,atom_h,2,20260818:4515:150:2:32:1:2
150,dpfi,32,atom_v,2,20260818:4515:150:2:32:2:2
150,dpfi,32,atom_h,3,20260818:4515:150:2:32:1:3
150,dpfi,32,atom_v,3,20260818:4515:150:2:32:2:3
150,dpfi,32,atom_h,4,20260818:4515:150:2:32:1:4
150,dpfi,32,atom_v,4,20260818:4515:150:2:32:2:4
150,dpfi,32,atom_h,5,20260818:4515:150:2:32:1:5
150,dpfi,32,atom_v,5,20260818:4515:150:2:32:2:5
150,dpfi,32,atom_h,6,20260818:4515:150:2:32:1:6
150,dpfi,32,atom_v,6,20260818:4515:150:2:32:2:6
150,dpfi,32,atom_h,7,20260818:4515:150:2:32:1:7
150,dpfi,32,atom_v,7,20260818:4515:150:2:32:2:7
150,dpfi,32,atom_h,8,20260818:4515:150:2:32:1:8
150,dpfi,32,atom_v,8,20260818:4515:150:2:32:2:8
150,dpfi,32,atom_h,9,20260818:4515:150:2:32:1:9
150,dpfi,32,atom_v,9,20260818:4515:150:2:32:2:9
150,dpfi,32,atom_h,10,20260818:4515:150:2:32:1:10
150,dpfi,32,atom_v,10,20260818:4515:150:2:32:2:10
150,dpfi,32,atom_h,11,20260818:4515:150:2:32:1:11
150,dpfi,32,atom_v,11,20260818:4515:150:2:32:2:11
150,dpfi,32,atom_h,12,20260818:4515:150:2:32:1:12
150,dpfi,32,atom_v,12,20260818:4515:150:2:32:2:12
150,dpfi,32,atom_h,13,20260818:4515:150:2:32:1:13
150,dpfi,32,atom_v,13,20260818:4515:150:2:32:2:13
150,dpfi,32,atom_h,14,20260818:4515:150:2:32:1:14
150,dpfi,32,atom_v,14,20260818:4515:150:2:32:2:14
150,dpfi,32,atom_h,15,20260818:4515:150:2:32:1:15
150,dpfi,32,atom_v,15,20260818:4515:150:2:32:2:15
150,dpfi,33,blank_h,0,20260818:4515:150:2:33:3:0
150,dpfi,33,blank_v,0,20260818:4515:150:2:33:4:0
150,dpfi,33,dark_h,0,20260818:4515:150:2:33:5:0
150,dpfi,33,dark_v,0,20260818:4515:150:2:33:6:0
150,dpfi,33,atom_h,1,20260818:4515:150:2:33:1:1
150,dpfi,33,atom_v,1,20260818:4515:150:2:33:2:1
150,dpfi,33,atom_h,2,20260818:4515:150:2:33:1:2
150,dpfi,33,atom_v,2,20260818:4515:150:2:33:2:2
150,dpfi,33,atom_h,3,20260818:4515:150:2:33:1:3
150,dpfi,33,atom_v,3,20260818:4515:150:2:33:2:3
150,dpfi,33,atom_h,4,20260818:4515:150:2:33:1:4
150,dpfi,33,atom_v,4,20260818:4515:150:2:33:2:4
150,dpfi,33,atom_h,5,20260818:4515:150:2:33:1:5
150,dpfi,33,atom_v,5,20260818:4515:150:2:33:2:5
150,dpfi,33,atom_h,6,20260818:4515:150:2:33:1:6
150,dpfi,33,atom_v,6,20260818:4515:150:2:33:2:6
150,dpfi,33,atom_h,7,20260818:4515:150:2:33:1:7
150,dpfi,33,atom_v,7,20260818:4515:150:2:33:2:7
150,dpfi,33,atom_h,8,20260818:4515:150:2:33:1:8
150,dpfi,33,atom_v,8,20260818:4515:150:2:33:2:8
150,dpfi,33,atom_h,9,20260818:4515:150:2:33:1:9
150,dpfi,33,atom_v,9,20260818:4515:150:2:33:2:9
150,dpfi,33,atom_h,10,20260818:4515:150:2:33:1:10
150,dpfi,33,atom_v,10,20260818:4515:150:2:33:2:10
150,dpfi,33,atom_h,11,20260818:4515:150:2:33:1:11
150,dpfi,33,atom_v,11,20260818:4515:150:2:33:2:11
150,dpfi,33,atom_h,12,20260818:4515:150:2:33:1:12
150,dpfi,33,atom_v,12,20260818:4515:150:2:33:2:12
150,dpfi,33,atom_h,13,20260818:4515:150:2:33:1:13
150,dpfi,33,atom_v,13,20260818:4515:150:2:33:2:13
150,dpfi,33,atom_h,14,20260818:4515:150:2:33:1:14
150,dpfi,33,atom_v,14,20260818:4515:150:2:33:2:14
150,dpfi,33,atom_h,15,20260818:4515:150:2:33:1:15
150,dpfi,33,atom_v,15,20260818:4515:150:2:33:2:15
150,dpfi,34,blank_h,0,20260818:4515:150:2:34:3:0
150,dpfi,34,blank_v,0,20260818:4515:150:2:34:4:0
150,dpfi,34,dark_h,0,20260818:4515:150:2:34:5:0
150,dpfi,34,dark_v,0,20260818:4515:150:2:34:6:0
150,dpfi,34,atom_h,1,20260818:4515:150:2:34:1:1
150,dpfi,34,atom_v,1,20260818:4515:150:2:34:2:1
150,dpfi,34,atom_h,2,20260818:4515:150:2:34:1:2
150,dpfi,34,atom_v,2,20260818:4515:150:2:34:2:2
150,dpfi,34,atom_h,3,20260818:4515:150:2:34:1:3
150,dpfi,34,atom_v,3,20260818:4515:150:2:34:2:3
150,dpfi,34,atom_h,4,20260818:4515:150:2:34:1:4
150,dpfi,34,atom_v,4,20260818:4515:150:2:34:2:4
150,dpfi,34,atom_h,5,20260818:4515:150:2:34:1:5
150,dpfi,34,atom_v,5,20260818:4515:150:2:34:2:5
150,dpfi,34,atom_h,6,20260818:4515:150:2:34:1:6
150,dpfi,34,atom_v,6,20260818:4515:150:2:34:2:6
150,dpfi,34,atom_h,7,20260818:4515:150:2:34:1:7
150,dpfi,34,atom_v,7,20260818:4515:150:2:34:2:7
150,dpfi,34,atom_h,8,20260818:4515:150:2:34:1:8
150,dpfi,34,atom_v,8,20260818:4515:150:2:34:2:8
150,dpfi,34,atom_h,9,20260818:4515:150:2:34:1:9
150,dpfi,34,atom_v,9,20260818:4515:150:2:34:2:9
150,dpfi,34,atom_h,10,20260818:4515:150:2:34:1:10
150,dpfi,34,atom_v,10,20260818:4515:150:2:34:2:10
150,dpfi,34,atom_h,11,20260818:4515:150:2:34:1:11
150,dpfi,34,atom_v,11,20260818:4515:150:2:34:2:11
150,dpfi,34,atom_h,12,20260818:4515:150:2:34:1:12
150,dpfi,34,atom_v,12,20260818:4515:150:2:34:2:12
150,dpfi,34,atom_h,13,20260818:4515:150:2:34:1:13
150,dpfi,34,atom_v,13,20260818:4515:150:2:34:2:13
150,dpfi,34,atom_h,14,20260818:4515:150:2:34:1:14
150,dpfi,34,atom_v,14,20260818:4515:150:2:34:2:14
150,dpfi,34,atom_h,15,20260818:4515:150:2:34:1:15
150,dpfi,34,atom_v,15,20260818:4515:150:2:34:2:15
150,dpfi,35,blank_h,0,20260818:4515:150:2:35:3:0
150,dpfi,35,blank_v,0,20260818:4515:150:2:35:4:0
150,dpfi,35,dark_h,0,20260818:4515:150:2:35:5:0
150,dpfi,35,dark_v,0,20260818:4515:150:2:35:6:0
150,dpfi,35,atom_h,1,20260818:4515:150:2:35:1:1
150,dpfi,35,atom_v,1,20260818:4515:150:2:35:2:1
150,dpfi,35,atom_h,2,20260818:4515:150:2:35:1:2
150,dpfi,35,atom_v,2,20260818:4515:150:2:35:2:2
150,dpfi,35,atom_h,3,20260818:4515:150:2:35:1:3
150,dpfi,35,atom_v,3,20260818:4515:150:2:35:2:3
150,dpfi,35,atom_h,4,20260818:4515:150:2:35:1:4
150,dpfi,35,atom_v,4,20260818:4515:150:2:35:2:4
150,dpfi,35,atom_h,5,20260818:4515:150:2:35:1:5
150,dpfi,35,atom_v,5,20260818:4515:150:2:35:2:5
150,dpfi,35,atom_h,6,20260818:4515:150:2:35:1:6
150,dpfi,35,atom_v,6,20260818:4515:150:2:35:2:6
150,dpfi,35,atom_h,7,20260818:4515:150:2:35:1:7
150,dpfi,35,atom_v,7,20260818:4515:150:2:35:2:7
150,dpfi,35,atom_h,8,20260818:4515:150:2:35:1:8
150,dpfi,35,atom_v,8,20260818:4515:150:2:35:2:8
150,dpfi,35,atom_h,9,20260818:4515:150:2:35:1:9
150,dpfi,35,atom_v,9,20260818:4515:150:2:35:2:9
150,dpfi,35,atom_h,10,20260818:4515:150:2:35:1:10
150,dpfi,35,atom_v,10,20260818:4515:150:2:35:2:10
150,dpfi,35,atom_h,11,20260818:4515:150:2:35:1:11
150,dpfi,35,atom_v,11,20260818:4515:150:2:35:2:11
150,dpfi,35,atom_h,12,20260818:4515:150:2:35:1:12
150,dpfi,35,atom_v,12,20260818:4515:150:2:35:2:12
150,dpfi,35,atom_h,13,20260818:4515:150:2:35:1:13
150,dpfi,35,atom_v,13,20260818:4515:150:2:35:2:13
150,dpfi,35,atom_h,14,20260818:4515:150:2:35:1:14
150,dpfi,35,atom_v,14,20260818:4515:150:2:35:2:14
150,dpfi,35,atom_h,15,20260818:4515:150:2:35:1:15
150,dpfi,35,atom_v,15,20260818:4515:150:2:35:2:15
150,dpfi,36,blank_h,0,20260818:4515:150:2:36:3:0
150,dpfi,36,blank_v,0,20260818:4515:150:2:36:4:0
150,dpfi,36,dark_h,0,20260818:4515:150:2:36:5:0
150,dpfi,36,dark_v,0,20260818:4515:150:2:36:6:0
150,dpfi,36,atom_h,1,20260818:4515:150:2:36:1:1
150,dpfi,36,atom_v,1,20260818:4515:150:2:36:2:1
150,dpfi,36,atom_h,2,20260818:4515:150:2:36:1:2
150,dpfi,36,atom_v,2,20260818:4515:150:2:36:2:2
150,dpfi,36,atom_h,3,20260818:4515:150:2:36:1:3
150,dpfi,36,atom_v,3,20260818:4515:150:2:36:2:3
150,dpfi,36,atom_h,4,20260818:4515:150:2:36:1:4
150,dpfi,36,atom_v,4,20260818:4515:150:2:36:2:4
150,dpfi,36,atom_h,5,20260818:4515:150:2:36:1:5
150,dpfi,36,atom_v,5,20260818:4515:150:2:36:2:5
150,dpfi,36,atom_h,6,20260818:4515:150:2:36:1:6
150,dpfi,36,atom_v,6,20260818:4515:150:2:36:2:6
150,dpfi,36,atom_h,7,20260818:4515:150:2:36:1:7
150,dpfi,36,atom_v,7,20260818:4515:150:2:36:2:7
150,dpfi,36,atom_h,8,20260818:4515:150:2:36:1:8
150,dpfi,36,atom_v,8,20260818:4515:150:2:36:2:8
150,dpfi,36,atom_h,9,20260818:4515:150:2:36:1:9
150,dpfi,36,atom_v,9,20260818:4515:150:2:36:2:9
150,dpfi,36,atom_h,10,20260818:4515:150:2:36:1:10
150,dpfi,36,atom_v,10,20260818:4515:150:2:36:2:10
150,dpfi,36,atom_h,11,20260818:4515:150:2:36:1:11
150,dpfi,36,atom_v,11,20260818:4515:150:2:36:2:11
150,dpfi,36,atom_h,12,20260818:4515:150:2:36:1:12
150,dpfi,36,atom_v,12,20260818:4515:150:2:36:2:12
150,dpfi,36,atom_h,13,20260818:4515:150:2:36:1:13
150,dpfi,36,atom_v,13,20260818:4515:150:2:36:2:13
150,dpfi,36,atom_h,14,20260818:4515:150:2:36:1:14
150,dpfi,36,atom_v,14,20260818:4515:150:2:36:2:14
150,dpfi,36,atom_h,15,20260818:4515:150:2:36:1:15
150,dpfi,36,atom_v,15,20260818:4515:150:2:36:2:15
150,dpfi,37,blank_h,0,20260818:4515:150:2:37:3:0
150,dpfi,37,blank_v,0,20260818:4515:150:2:37:4:0
150,dpfi,37,dark_h,0,20260818:4515:150:2:37:5:0
150,dpfi,37,dark_v,0,20260818:4515:150:2:37:6:0
150,dpfi,37,atom_h,1,20260818:4515:150:2:37:1:1
150,dpfi,37,atom_v,1,20260818:4515:150:2:37:2:1
150,dpfi,37,atom_h,2,20260818:4515:150:2:37:1:2
150,dpfi,37,atom_v,2,20260818:4515:150:2:37:2:2
150,dpfi,37,atom_h,3,20260818:4515:150:2:37:1:3
150,dpfi,37,atom_v,3,20260818:4515:150:2:37:2:3
150,dpfi,37,atom_h,4,20260818:4515:150:2:37:1:4
150,dpfi,37,atom_v,4,20260818:4515:150:2:37:2:4
150,dpfi,37,atom_h,5,20260818:4515:150:2:37:1:5
150,dpfi,37,atom_v,5,20260818:4515:150:2:37:2:5
150,dpfi,37,atom_h,6,20260818:4515:150:2:37:1:6
150,dpfi,37,atom_v,6,20260818:4515:150:2:37:2:6
150,dpfi,37,atom_h,7,20260818:4515:150:2:37:1:7
150,dpfi,37,atom_v,7,20260818:4515:150:2:37:2:7
150,dpfi,37,atom_h,8,20260818:4515:150:2:37:1:8
150,dpfi,37,atom_v,8,20260818:4515:150:2:37:2:8
150,dpfi,37,atom_h,9,20260818:4515:150:2:37:1:9
150,dpfi,37,atom_v,9,20260818:4515:150:2:37:2:9
150,dpfi,37,atom_h,10,20260818:4515:150:2:37:1:10
150,dpfi,37,atom_v,10,20260818:4515:150:2:37:2:10
150,dpfi,37,atom_h,11,20260818:4515:150:2:37:1:11
150,dpfi,37,atom_v,11,20260818:4515:150:2:37:2:11
150,dpfi,37,atom_h,12,20260818:4515:150:2:37:1:12
150,dpfi,37,atom_v,12,20260818:4515:150:2:37:2:12
150,dpfi,37,atom_h,13,20260818:4515:150:2:37:1:13
150,dpfi,37,atom_v,13,20260818:4515:150:2:37:2:13
150,dpfi,37,atom_h,14,20260818:4515:150:2:37:1:14
150,dpfi,37,atom_v,14,20260818:4515:150:2:37:2:14
150,dpfi,37,atom_h,15,20260818:4515:150:2:37:1:15
150,dpfi,37,atom_v,15,20260818:4515:150:2:37:2:15
150,dpfi,38,blank_h,0,20260818:4515:150:2:38:3:0
150,dpfi,38,blank_v,0,20260818:4515:150:2:38:4:0
150,dpfi,38,dark_h,0,20260818:4515:150:2:38:5:0
150,dpfi,38,dark_v,0,20260818:4515:150:2:38:6:0
150,dpfi,38,atom_h,1,20260818:4515:150:2:38:1:1
150,dpfi,38,atom_v,1,20260818:4515:150:2:38:2:1
150,dpfi,38,atom_h,2,20260818:4515:150:2:38:1:2
150,dpfi,38,atom_v,2,20260818:4515:150:2:38:2:2
150,dpfi,38,atom_h,3,20260818:4515:150:2:38:1:3
150,dpfi,38,atom_v,3,20260818:4515:150:2:38:2:3
150,dpfi,38,atom_h,4,20260818:4515:150:2:38:1:4
150,dpfi,38,atom_v,4,20260818:4515:150:2:38:2:4
150,dpfi,38,atom_h,5,20260818:4515:150:2:38:1:5
150,dpfi,38,atom_v,5,20260818:4515:150:2:38:2:5
150,dpfi,38,atom_h,6,20260818:4515:150:2:38:1:6
150,dpfi,38,atom_v,6,20260818:4515:150:2:38:2:6
150,dpfi,38,atom_h,7,20260818:4515:150:2:38:1:7
150,dpfi,38,atom_v,7,20260818:4515:150:2:38:2:7
150,dpfi,38,atom_h,8,20260818:4515:150:2:38:1:8
150,dpfi,38,atom_v,8,20260818:4515:150:2:38:2:8
150,dpfi,38,atom_h,9,20260818:4515:150:2:38:1:9
150,dpfi,38,atom_v,9,20260818:4515:150:2:38:2:9
150,dpfi,38,atom_h,10,20260818:4515:150:2:38:1:10
150,dpfi,38,atom_v,10,20260818:4515:150:2:38:2:10
150,dpfi,38,atom_h,11,20260818:4515:150:2:38:1:11
150,dpfi,38,atom_v,11,20260818:4515:150:2:38:2:11
150,dpfi,38,atom_h,12,20260818:4515:150:2:38:1:12
150,dpfi,38,atom_v,12,20260818:4515:150:2:38:2:12
150,dpfi,38,atom_h,13,20260818:4515:150:2:38:1:13
150,dpfi,38,atom_v,13,20260818:4515:150:2:38:2:13
150,dpfi,38,atom_h,14,20260818:4515:150:2:38:1:14
150,dpfi,38,atom_v,14,20260818:4515:150:2:38:2:14
150,dpfi,38,atom_h,15,20260818:4515:150:2:38:1:15
150,dpfi,38,atom_v,15,20260818:4515:150:2:38:2:15
150,dpfi,39,blank_h,0,20260818:4515:150:2:39:3:0
150,dpfi,39,blank_v,0,20260818:4515:150:2:39:4:0
150,dpfi,39,dark_h,0,20260818:4515:150:2:39:5:0
150,dpfi,39,dark_v,0,20260818:4515:150:2:39:6:0
150,dpfi,39,atom_h,1,20260818:4515:150:2:39:1:1
150,dpfi,39,atom_v,1,20260818:4515:150:2:39:2:1
150,dpfi,39,atom_h,2,20260818:4515:150:2:39:1:2
150,dpfi,39,atom_v,2,20260818:4515:150:2:39:2:2
150,dpfi,39,atom_h,3,20260818:4515:150:2:39:1:3
150,dpfi,39,atom_v,3,20260818:4515:150:2:39:2:3
150,dpfi,39,atom_h,4,20260818:4515:150:2:39:1:4
150,dpfi,39,atom_v,4,20260818:4515:150:2:39:2:4
150,dpfi,39,atom_h,5,20260818:4515:150:2:39:1:5
150,dpfi,39,atom_v,5,20260818:4515:150:2:39:2:5
150,dpfi,39,atom_h,6,20260818:4515:150:2:39:1:6
150,dpfi,39,atom_v,6,20260818:4515:150:2:39:2:6
150,dpfi,39,atom_h,7,20260818:4515:150:2:39:1:7
150,dpfi,39,atom_v,7,20260818:4515:150:2:39:2:7
150,dpfi,39,atom_h,8,20260818:4515:150:2:39:1:8
150,dpfi,39,atom_v,8,20260818:4515:150:2:39:2:8
150,dpfi,39,atom_h,9,20260818:4515:150:2:39:1:9
150,dpfi,39,atom_v,9,20260818:4515:150:2:39:2:9
150,dpfi,39,atom_h,10,20260818:4515:150:2:39:1:10
150,dpfi,39,atom_v,10,20260818:4515:150:2:39:2:10
150,dpfi,39,atom_h,11,20260818:4515:150:2:39:1:11
150,dpfi,39,atom_v,11,20260818:4515:150:2:39:2:11
150,dpfi,39,atom_h,12,20260818:4515:150:2:39:1:12
150,dpfi,39,atom_v,12,20260818:4515:150:2:39:2:12
150,dpfi,39,atom_h,13,20260818:4515:150:2:39:1:13
150,dpfi,39,atom_v,13,20260818:4515:150:2:39:2:13
150,dpfi,39,atom_h,14,20260818:4515:150:2:39:1:14
150,dpfi,39,atom_v,14,20260818:4515:150:2:39:2:14
150,dpfi,39,atom_h,15,20260818:4515:150:2:39:1:15
150,dpfi,39,atom_v,15,20260818:4515:150:2:39:2:15
150,dpfi,40,blank_h,0,20260818:4515:150:2:40:3:0
150,dpfi,40,blank_v,0,20260818:4515:150:2:40:4:0
150,dpfi,40,dark_h,0,20260818:4515:150:2:40:5:0
150,dpfi,40,dark_v,0,20260818:4515:150:2:40:6:0
150,dpfi,40,atom_h,1,20260818:4515:150:2:40:1:1
150,dpfi,40,atom_v,1,20260818:4515:150:2:40:2:1
150,dpfi,40,atom_h,2,20260818:4515:150:2:40:1:2
150,dpfi,40,atom_v,2,20260818:4515:150:2:40:2:2
150,dpfi,40,atom_h,3,20260818:4515:150:2:40:1:3
150,dpfi,40,atom_v,3,20260818:4515:150:2:40:2:3
150,dpfi,40,atom_h,4,20260818:4515:150:2:40:1:4
150,dpfi,40,atom_v,4,20260818:4515:150:2:40:2:4
150,dpfi,40,atom_h,5,20260818:4515:150:2:40:1:5
150,dpfi,40,atom_v,5,20260818:4515:150:2:40:2:5
150,dpfi,40,atom_h,6,20260818:4515:150:2:40:1:6
150,dpfi,40,atom_v,6,20260818:4515:150:2:40:2:6
150,dpfi,40,atom_h,7,20260818:4515:150:2:40:1:7
150,dpfi,40,atom_v,7,20260818:4515:150:2:40:2:7
150,dpfi,40,atom_h,8,20260818:4515:150:2:40:1:8
150,dpfi,40,atom_v,8,20260818:4515:150:2:40:2:8
150,dpfi,40,atom_h,9,20260818:4515:150:2:40:1:9
150,dpfi,40,atom_v,9,20260818:4515:150:2:40:2:9
150,dpfi,40,atom_h,10,20260818:4515:150:2:40:1:10
150,dpfi,40,atom_v,10,20260818:4515:150:2:40:2:10
150,dpfi,40,atom_h,11,20260818:4515:150:2:40:1:11
150,dpfi,40,atom_v,11,20260818:4515:150:2:40:2:11
150,dpfi,40,atom_h,12,20260818:4515:150:2:40:1:12
150,dpfi,40,atom_v,12,20260818:4515:150:2:40:2:12
150,dpfi,40,atom_h,13,20260818:4515:150:2:40:1:13
150,dpfi,40,atom_v,13,20260818:4515:150:2:40:2:13
150,dpfi,40,atom_h,14,20260818:4515:150:2:40:1:14
150,dpfi,40,atom_v,14,20260818:4515:150:2:40:2:14
150,dpfi,40,atom_h,15,20260818:4515:150:2:40:1:15
150,dpfi,40,atom_v,15,20260818:4515:150:2:40:2:15
150,dpfi,41,blank_h,0,20260818:4515:150:2:41:3:0
150,dpfi,41,blank_v,0,20260818:4515:150:2:41:4:0
150,dpfi,41,dark_h,0,20260818:4515:150:2:41:5:0
150,dpfi,41,dark_v,0,20260818:4515:150:2:41:6:0
150,dpfi,41,atom_h,1,20260818:4515:150:2:41:1:1
150,dpfi,41,atom_v,1,20260818:4515:150:2:41:2:1
150,dpfi,41,atom_h,2,20260818:4515:150:2:41:1:2
150,dpfi,41,atom_v,2,20260818:4515:150:2:41:2:2
150,dpfi,41,atom_h,3,20260818:4515:150:2:41:1:3
150,dpfi,41,atom_v,3,20260818:4515:150:2:41:2:3
150,dpfi,41,atom_h,4,20260818:4515:150:2:41:1:4
150,dpfi,41,atom_v,4,20260818:4515:150:2:41:2:4
150,dpfi,41,atom_h,5,20260818:4515:150:2:41:1:5
150,dpfi,41,atom_v,5,20260818:4515:150:2:41:2:5
150,dpfi,41,atom_h,6,20260818:4515:150:2:41:1:6
150,dpfi,41,atom_v,6,20260818:4515:150:2:41:2:6
150,dpfi,41,atom_h,7,20260818:4515:150:2:41:1:7
150,dpfi,41,atom_v,7,20260818:4515:150:2:41:2:7
150,dpfi,41,atom_h,8,20260818:4515:150:2:41:1:8
150,dpfi,41,atom_v,8,20260818:4515:150:2:41:2:8
150,dpfi,41,atom_h,9,20260818:4515:150:2:41:1:9
150,dpfi,41,atom_v,9,20260818:4515:150:2:41:2:9
150,dpfi,41,atom_h,10,20260818:4515:150:2:41:1:10
150,dpfi,41,atom_v,10,20260818:4515:150:2:41:2:10
150,dpfi,41,atom_h,11,20260818:4515:150:2:41:1:11
150,dpfi,41,atom_v,11,20260818:4515:150:2:41:2:11
150,dpfi,41,atom_h,12,20260818:4515:150:2:41:1:12
150,dpfi,41,atom_v,12,20260818:4515:150:2:41:2:12
150,dpfi,41,atom_h,13,20260818:4515:150:2:41:1:13
150,dpfi,41,atom_v,13,20260818:4515:150:2:41:2:13
150,dpfi,41,atom_h,14,20260818:4515:150:2:41:1:14
150,dpfi,41,atom_v,14,20260818:4515:150:2:41:2:14
150,dpfi,41,atom_h,15,20260818:4515:150:2:41:1:15
150,dpfi,41,atom_v,15,20260818:4515:150:2:41:2:15
150,dpfi,42,blank_h,0,20260818:4515:150:2:42:3:0
150,dpfi,42,blank_v,0,20260818:4515:150:2:42:4:0
150,dpfi,42,dark_h,0,20260818:4515:150:2:42:5:0
150,dpfi,42,dark_v,0,20260818:4515:150:2:42:6:0
150,dpfi,42,atom_h,1,20260818:4515:150:2:42:1:1
150,dpfi,42,atom_v,1,20260818:4515:150:2:42:2:1
150,dpfi,42,atom_h,2,20260818:4515:150:2:42:1:2
150,dpfi,42,atom_v,2,20260818:4515:150:2:42:2:2
150,dpfi,42,atom_h,3,20260818:4515:150:2:42:1:3
150,dpfi,42,atom_v,3,20260818:4515:150:2:42:2:3
150,dpfi,42,atom_h,4,20260818:4515:150:2:42:1:4
150,dpfi,42,atom_v,4,20260818:4515:150:2:42:2:4
150,dpfi,42,atom_h,5,20260818:4515:150:2:42:1:5
150,dpfi,42,atom_v,5,20260818:4515:150:2:42:2:5
150,dpfi,42,atom_h,6,20260818:4515:150:2:42:1:6
150,dpfi,42,atom_v,6,20260818:4515:150:2:42:2:6
150,dpfi,42,atom_h,7,20260818:4515:150:2:42:1:7
150,dpfi,42,atom_v,7,20260818:4515:150:2:42:2:7
150,dpfi,42,atom_h,8,20260818:4515:150:2:42:1:8
150,dpfi,42,atom_v,8,20260818:4515:150:2:42:2:8
150,dpfi,42,atom_h,9,20260818:4515:150:2:42:1:9
150,dpfi,42,atom_v,9,20260818:4515:150:2:42:2:9
150,dpfi,42,atom_h,10,20260818:4515:150:2:42:1:10
150,dpfi,42,atom_v,10,20260818:4515:150:2:42:2:10
150,dpfi,42,atom_h,11,20260818:4515:150:2:42:1:11
150,dpfi,42,atom_v,11,20260818:4515:150:2:42:2:11
150,dpfi,42,atom_h,12,20260818:4515:150:2:42:1:12
150,dpfi,42,atom_v,12,20260818:4515:150:2:42:2:12
150,dpfi,42,atom_h,13,20260818:4515:150:2:42:1:13
150,dpfi,42,atom_v,13,20260818:4515:150:2:42:2:13
150,dpfi,42,atom_h,14,20260818:4515:150:2:42:1:14
150,dpfi,42,atom_v,14,20260818:4515:150:2:42:2:14
150,dpfi,42,atom_h,15,20260818:4515:150:2:42:1:15
150,dpfi,42,atom_v,15,20260818:4515:150:2:42:2:15
150,dpfi,43,blank_h,0,20260818:4515:150:2:43:3:0
150,dpfi,43,blank_v,0,20260818:4515:150:2:43:4:0
150,dpfi,43,dark_h,0,20260818:4515:150:2:43:5:0
150,dpfi,43,dark_v,0,20260818:4515:150:2:43:6:0
150,dpfi,43,atom_h,1,20260818:4515:150:2:43:1:1
150,dpfi,43,atom_v,1,20260818:4515:150:2:43:2:1
150,dpfi,43,atom_h,2,20260818:4515:150:2:43:1:2
150,dpfi,43,atom_v,2,20260818:4515:150:2:43:2:2
150,dpfi,43,atom_h,3,20260818:4515:150:2:43:1:3
150,dpfi,43,atom_v,3,20260818:4515:150:2:43:2:3
150,dpfi,43,atom_h,4,20260818:4515:150:2:43:1:4
150,dpfi,43,atom_v,4,20260818:4515:150:2:43:2:4
150,dpfi,43,atom_h,5,20260818:4515:150:2:43:1:5
150,dpfi,43,atom_v,5,20260818:4515:150:2:43:2:5
150,dpfi,43,atom_h,6,20260818:4515:150:2:43:1:6
150,dpfi,43,atom_v,6,20260818:4515:150:2:43:2:6
150,dpfi,43,atom_h,7,20260818:4515:150:2:43:1:7
150,dpfi,43,atom_v,7,20260818:4515:150:2:43:2:7
150,dpfi,43,atom_h,8,20260818:4515:150:2:43:1:8
150,dpfi,43,atom_v,8,20260818:4515:150:2:43:2:8
150,dpfi,43,atom_h,9,20260818:4515:150:2:43:1:9
150,dpfi,43,atom_v,9,20260818:4515:150:2:43:2:9
150,dpfi,43,atom_h,10,20260818:4515:150:2:43:1:10
150,dpfi,43,atom_v,10,20260818:4515:150:2:43:2:10
150,dpfi,43,atom_h,11,20260818:4515:150:2:43:1:11
150,dpfi,43,atom_v,11,20260818:4515:150:2:43:2:11
150,dpfi,43,atom_h,12,20260818:4515:150:2:43:1:12
150,dpfi,43,atom_v,12,20260818:4515:150:2:43:2:12
150,dpfi,43,atom_h,13,20260818:4515:150:2:43:1:13
150,dpfi,43,atom_v,13,20260818:4515:150:2:43:2:13
150,dpfi,43,atom_h,14,20260818:4515:150:2:43:1:14
150,dpfi,43,atom_v,14,20260818:4515:150:2:43:2:14
150,dpfi,43,atom_h,15,20260818:4515:150:2:43:1:15
150,dpfi,43,atom_v,15,20260818:4515:150:2:43:2:15
150,dpfi,44,blank_h,0,20260818:4515:150:2:44:3:0
150,dpfi,44,blank_v,0,20260818:4515:150:2:44:4:0
150,dpfi,44,dark_h,0,20260818:4515:150:2:44:5:0
150,dpfi,44,dark_v,0,20260818:4515:150:2:44:6:0
150,dpfi,44,atom_h,1,20260818:4515:150:2:44:1:1
150,dpfi,44,atom_v,1,20260818:4515:150:2:44:2:1
150,dpfi,44,atom_h,2,20260818:4515:150:2:44:1:2
150,dpfi,44,atom_v,2,20260818:4515:150:2:44:2:2
150,dpfi,44,atom_h,3,20260818:4515:150:2:44:1:3
150,dpfi,44,atom_v,3,20260818:4515:150:2:44:2:3
150,dpfi,44,atom_h,4,20260818:4515:150:2:44:1:4
150,dpfi,44,atom_v,4,20260818:4515:150:2:44:2:4
150,dpfi,44,atom_h,5,20260818:4515:150:2:44:1:5
150,dpfi,44,atom_v,5,20260818:4515:150:2:44:2:5
150,dpfi,44,atom_h,6,20260818:4515:150:2:44:1:6
150,dpfi,44,atom_v,6,20260818:4515:150:2:44:2:6
150,dpfi,44,atom_h,7,20260818:4515:150:2:44:1:7
150,dpfi,44,atom_v,7,20260818:4515:150:2:44:2:7
150,dpfi,44,atom_h,8,20260818:4515:150:2:44:1:8
150,dpfi,44,atom_v,8,20260818:4515:150:2:44:2:8
150,dpfi,44,atom_h,9,20260818:4515:150:2:44:1:9
150,dpfi,44,atom_v,9,20260818:4515:150:2:44:2:9
150,dpfi,44,atom_h,10,20260818:4515:150:2:44:1:10
150,dpfi,44,atom_v,10,20260818:4515:150:2:44:2:10
150,dpfi,44,atom_h,11,20260818:4515:150:2:44:1:11
150,dpfi,44,atom_v,11,20260818:4515:150:2:44:2:11
150,dpfi,44,atom_h,12,20260818:4515:150:2:44:1:12
150,dpfi,44,atom_v,12,20260818:4515:150:2:44:2:12
150,dpfi,44,atom_h,13,20260818:4515:150:2:44:1:13
150,dpfi,44,atom_v,13,20260818:4515:150:2:44:2:13
150,dpfi,44,atom_h,14,20260818:4515:150:2:44:1:14
150,dpfi,44,atom_v,14,20260818:4515:150:2:44:2:14
150,dpfi,44,atom_h,15,20260818:4515:150:2:44:1:15
150,dpfi,44,atom_v,15,20260818:4515:150:2:44:2:15
150,dpfi,45,blank_h,0,20260818:4515:150:2:45:3:0
150,dpfi,45,blank_v,0,20260818:4515:150:2:45:4:0
150,dpfi,45,dark_h,0,20260818:4515:150:2:45:5:0
150,dpfi,45,dark_v,0,20260818:4515:150:2:45:6:0
150,dpfi,45,atom_h,1,20260818:4515:150:2:45:1:1
150,dpfi,45,atom_v,1,20260818:4515:150:2:45:2:1
150,dpfi,45,atom_h,2,20260818:4515:150:2:45:1:2
150,dpfi,45,atom_v,2,20260818:4515:150:2:45:2:2
150,dpfi,45,atom_h,3,20260818:4515:150:2:45:1:3
150,dpfi,45,atom_v,3,20260818:4515:150:2:45:2:3
150,dpfi,45,atom_h,4,20260818:4515:150:2:45:1:4
150,dpfi,45,atom_v,4,20260818:4515:150:2:45:2:4
150,dpfi,45,atom_h,5,20260818:4515:150:2:45:1:5
150,dpfi,45,atom_v,5,20260818:4515:150:2:45:2:5
150,dpfi,45,atom_h,6,20260818:4515:150:2:45:1:6
150,dpfi,45,atom_v,6,20260818:4515:150:2:45:2:6
150,dpfi,45,atom_h,7,20260818:4515:150:2:45:1:7
150,dpfi,45,atom_v,7,20260818:4515:150:2:45:2:7
150,dpfi,45,atom_h,8,20260818:4515:150:2:45:1:8
150,dpfi,45,atom_v,8,20260818:4515:150:2:45:2:8
150,dpfi,45,atom_h,9,20260818:4515:150:2:45:1:9
150,dpfi,45,atom_v,9,20260818:4515:150:2:45:2:9
150,dpfi,45,atom_h,10,20260818:4515:150:2:45:1:10
150,dpfi,45,atom_v,10,20260818:4515:150:2:45:2:10
150,dpfi,45,atom_h,11,20260818:4515:150:2:45:1:11
150,dpfi,45,atom_v,11,20260818:4515:150:2:45:2:11
150,dpfi,45,atom_h,12,20260818:4515:150:2:45:1:12
150,dpfi,45,atom_v,12,20260818:4515:150:2:45:2:12
150,dpfi,45,atom_h,13,20260818:4515:150:2:45:1:13
150,dpfi,45,atom_v,13,20260818:4515:150:2:45:2:13
150,dpfi,45,atom_h,14,20260818:4515:150:2:45:1:14
150,dpfi,45,atom_v,14,20260818:4515:150:2:45:2:14
150,dpfi,45,atom_h,15,20260818:4515:150:2:45:1:15
150,dpfi,45,atom_v,15,20260818:4515:150:2:45:2:15
150,dpfi,46,blank_h,0,20260818:4515:150:2:46:3:0
150,dpfi,46,blank_v,0,20260818:4515:150:2:46:4:0
150,dpfi,46,dark_h,0,20260818:4515:150:2:46:5:0
150,dpfi,46,dark_v,0,20260818:4515:150:2:46:6:0
150,dpfi,46,atom_h,1,20260818:4515:150:2:46:1:1
150,dpfi,46,atom_v,1,20260818:4515:150:2:46:2:1
150,dpfi,46,atom_h,2,20260818:4515:150:2:46:1:2
150,dpfi,46,atom_v,2,20260818:4515:150:2:46:2:2
150,dpfi,46,atom_h,3,20260818:4515:150:2:46:1:3
150,dpfi,46,atom_v,3,20260818:4515:150:2:46:2:3
150,dpfi,46,atom_h,4,20260818:4515:150:2:46:1:4
150,dpfi,46,atom_v,4,20260818:4515:150:2:46:2:4
150,dpfi,46,atom_h,5,20260818:4515:150:2:46:1:5
150,dpfi,46,atom_v,5,20260818:4515:150:2:46:2:5
150,dpfi,46,atom_h,6,20260818:4515:150:2:46:1:6
150,dpfi,46,atom_v,6,20260818:4515:150:2:46:2:6
150,dpfi,46,atom_h,7,20260818:4515:150:2:46:1:7
150,dpfi,46,atom_v,7,20260818:4515:150:2:46:2:7
150,dpfi,46,atom_h,8,20260818:4515:150:2:46:1:8
150,dpfi,46,atom_v,8,20260818:4515:150:2:46:2:8
150,dpfi,46,atom_h,9,20260818:4515:150:2:46:1:9
150,dpfi,46,atom_v,9,20260818:4515:150:2:46:2:9
150,dpfi,46,atom_h,10,20260818:4515:150:2:46:1:10
150,dpfi,46,atom_v,10,20260818:4515:150:2:46:2:10
150,dpfi,46,atom_h,11,20260818:4515:150:2:46:1:11
150,dpfi,46,atom_v,11,20260818:4515:150:2:46:2:11
150,dpfi,46,atom_h,12,20260818:4515:150:2:46:1:12
150,dpfi,46,atom_v,12,20260818:4515:150:2:46:2:12
150,dpfi,46,atom_h,13,20260818:4515:150:2:46:1:13
150,dpfi,46,atom_v,13,20260818:4515:150:2:46:2:13
150,dpfi,46,atom_h,14,20260818:4515:150:2:46:1:14
150,dpfi,46,atom_v,14,20260818:4515:150:2:46:2:14
150,dpfi,46,atom_h,15,20260818:4515:150:2:46:1:15
150,dpfi,46,atom_v,15,20260818:4515:150:2:46:2:15
150,dpfi,47,blank_h,0,20260818:4515:150:2:47:3:0
150,dpfi,47,blank_v,0,20260818:4515:150:2:47:4:0
150,dpfi,47,dark_h,0,20260818:4515:150:2:47:5:0
150,dpfi,47,dark_v,0,20260818:4515:150:2:47:6:0
150,dpfi,47,atom_h,1,20260818:4515:150:2:47:1:1
150,dpfi,47,atom_v,1,20260818:4515:150:2:47:2:1
150,dpfi,47,atom_h,2,20260818:4515:150:2:47:1:2
150,dpfi,47,atom_v,2,20260818:4515:150:2:47:2:2
150,dpfi,47,atom_h,3,20260818:4515:150:2:47:1:3
150,dpfi,47,atom_v,3,20260818:4515:150:2:47:2:3
150,dpfi,47,atom_h,4,20260818:4515:150:2:47:1:4
150,dpfi,47,atom_v,4,20260818:4515:150:2:47:2:4
150,dpfi,47,atom_h,5,20260818:4515:150:2:47:1:5
150,dpfi,47,atom_v,5,20260818:4515:150:2:47:2:5
150,dpfi,47,atom_h,6,20260818:4515:150:2:47:1:6
150,dpfi,47,atom_v,6,20260818:4515:150:2:47:2:6
150,dpfi,47,atom_h,7,20260818:4515:150:2:47:1:7
150,dpfi,47,atom_v,7,20260818:4515:150:2:47:2:7
150,dpfi,47,atom_h,8,20260818:4515:150:2:47:1:8
150,dpfi,47,atom_v,8,20260818:4515:150:2:47:2:8
150,dpfi,47,atom_h,9,20260818:4515:150:2:47:1:9
150,dpfi,47,atom_v,9,20260818:4515:150:2:47:2:9
150,dpfi,47,atom_h,10,20260818:4515:150:2:47:1:10
150,dpfi,47,atom_v,10,20260818:4515:150:2:47:2:10
150,dpfi,47,atom_h,11,20260818:4515:150:2:47:1:11
150,dpfi,47,atom_v,11,20260818:4515:150:2:47:2:11
150,dpfi,47,atom_h,12,20260818:4515:150:2:47:1:12
150,dpfi,47,atom_v,12,20260818:4515:150:2:47:2:12
150,dpfi,47,atom_h,13,20260818:4515:150:2:47:1:13
150,dpfi,47,atom_v,13,20260818:4515:150:2:47:2:13
150,dpfi,47,atom_h,14,20260818:4515:150:2:47:1:14
150,dpfi,47,atom_v,14,20260818:4515:150:2:47:2:14
150,dpfi,47,atom_h,15,20260818:4515:150:2:47:1:15
150,dpfi,47,atom_v,15,20260818:4515:150:2:47:2:15
150,dpfi,48,blank_h,0,20260818:4515:150:2:48:3:0
150,dpfi,48,blank_v,0,20260818:4515:150:2:48:4:0
150,dpfi,48,dark_h,0,20260818:4515:150:2:48:5:0
150,dpfi,48,dark_v,0,20260818:4515:150:2:48:6:0
150,dpfi,48,atom_h,1,20260818:4515:150:2:48:1:1
150,dpfi,48,atom_v,1,20260818:4515:150:2:48:2:1
150,dpfi,48,atom_h,2,20260818:4515:150:2:48:1:2
150,dpfi,48,atom_v,2,20260818:4515:150:2:48:2:2
150,dpfi,48,atom_h,3,20260818:4515:150:2:48:1:3
150,dpfi,48,atom_v,3,20260818:4515:150:2:48:2:3
150,dpfi,48,atom_h,4,20260818:4515:150:2:48:1:4
150,dpfi,48,atom_v,4,20260818:4515:150:2:48:2:4
150,dpfi,48,atom_h,5,20260818:4515:150:2:48:1:5
150,dpfi,48,atom_v,5,20260818:4515:150:2:48:2:5
150,dpfi,48,atom_h,6,20260818:4515:150:2:48:1:6
150,dpfi,48,atom_v,6,20260818:4515:150:2:48:2:6
150,dpfi,48,atom_h,7,20260818:4515:150:2:48:1:7
150,dpfi,48,atom_v,7,20260818:4515:150:2:48:2:7
150,dpfi,48,atom_h,8,20260818:4515:150:2:48:1:8
150,dpfi,48,atom_v,8,20260818:4515:150:2:48:2:8
150,dpfi,48,atom_h,9,20260818:4515:150:2:48:1:9
150,dpfi,48,atom_v,9,20260818:4515:150:2:48:2:9
150,dpfi,48,atom_h,10,20260818:4515:150:2:48:1:10
150,dpfi,48,atom_v,10,20260818:4515:150:2:48:2:10
150,dpfi,48,atom_h,11,20260818:4515:150:2:48:1:11
150,dpfi,48,atom_v,11,20260818:4515:150:2:48:2:11
150,dpfi,48,atom_h,12,20260818:4515:150:2:48:1:12
150,dpfi,48,atom_v,12,20260818:4515:150:2:48:2:12
150,dpfi,48,atom_h,13,20260818:4515:150:2:48:1:13
150,dpfi,48,atom_v,13,20260818:4515:150:2:48:2:13
150,dpfi,48,atom_h,14,20260818:4515:150:2:48:1:14
150,dpfi,48,atom_v,14,20260818:4515:150:2:48:2:14
150,dpfi,48,atom_h,15,20260818:4515:150:2:48:1:15
150,dpfi,48,atom_v,15,20260818:4515:150:2:48:2:15
150,dpfi,49,blank_h,0,20260818:4515:150:2:49:3:0
150,dpfi,49,blank_v,0,20260818:4515:150:2:49:4:0
150,dpfi,49,dark_h,0,20260818:4515:150:2:49:5:0
150,dpfi,49,dark_v,0,20260818:4515:150:2:49:6:0
150,dpfi,49,atom_h,1,20260818:4515:150:2:49:1:1
150,dpfi,49,atom_v,1,20260818:4515:150:2:49:2:1
150,dpfi,49,atom_h,2,20260818:4515:150:2:49:1:2
150,dpfi,49,atom_v,2,20260818:4515:150:2:49:2:2
150,dpfi,49,atom_h,3,20260818:4515:150:2:49:1:3
150,dpfi,49,atom_v,3,20260818:4515:150:2:49:2:3
150,dpfi,49,atom_h,4,20260818:4515:150:2:49:1:4
150,dpfi,49,atom_v,4,20260818:4515:150:2:49:2:4
150,dpfi,49,atom_h,5,20260818:4515:150:2:49:1:5
150,dpfi,49,atom_v,5,20260818:4515:150:2:49:2:5
150,dpfi,49,atom_h,6,20260818:4515:150:2:49:1:6
150,dpfi,49,atom_v,6,20260818:4515:150:2:49:2:6
150,dpfi,49,atom_h,7,20260818:4515:150:2:49:1:7
150,dpfi,49,atom_v,7,20260818:4515:150:2:49:2:7
150,dpfi,49,atom_h,8,20260818:4515:150:2:49:1:8
150,dpfi,49,atom_v,8,20260818:4515:150:2:49:2:8
150,dpfi,49,atom_h,9,20260818:4515:150:2:49:1:9
150,dpfi,49,atom_v,9,20260818:4515:150:2:49:2:9
150,dpfi,49,atom_h,10,20260818:4515:150:2:49:1:10
150,dpfi,49,atom_v,10,20260818:4515:150:2:49:2:10
150,dpfi,49,atom_h,11,20260818:4515:150:2:49:1:11
150,dpfi,49,atom_v,11,20260818:4515:150:2:49:2:11
150,dpfi,49,atom_h,12,20260818:4515:150:2:49:1:12
150,dpfi,49,atom_v,12,20260818:4515:150:2:49:2:12
150,dpfi,49,atom_h,13,20260818:4515:150:2:49:1:13
150,dpfi,49,atom_v,13,20260818:4515:150:2:49:2:13
150,dpfi,49,atom_h,14,20260818:4515:150:2:49:1:14
150,dpfi,49,atom_v,14,20260818:4515:150:2:49:2:14
150,dpfi,49,atom_h,15,20260818:4515:150:2:49:1:15
150,dpfi,49,atom_v,15,20260818:4515:150:2:49:2:15
150,dpfi,50,blank_h,0,20260818:4515:150:2:50:3:0
150,dpfi,50,blank_v,0,20260818:4515:150:2:50:4:0
150,dpfi,50,dark_h,0,20260818:4515:150:2:50:5:0
150,dpfi,50,dark_v,0,20260818:4515:150:2:50:6:0
150,dpfi,50,atom_h,1,20260818:4515:150:2:50:1:1
150,dpfi,50,atom_v,1,20260818:4515:150:2:50:2:1
150,dpfi,50,atom_h,2,20260818:4515:150:2:50:1:2
150,dpfi,50,atom_v,2,20260818:4515:150:2:50:2:2
150,dpfi,50,atom_h,3,20260818:4515:150:2:50:1:3
150,dpfi,50,atom_v,3,20260818:4515:150:2:50:2:3
150,dpfi,50,atom_h,4,20260818:4515:150:2:50:1:4
150,dpfi,50,atom_v,4,20260818:4515:150:2:50:2:4
150,dpfi,50,atom_h,5,20260818:4515:150:2:50:1:5
150,dpfi,50,atom_v,5,20260818:4515:150:2:50:2:5
150,dpfi,50,atom_h,6,20260818:4515:150:2:50:1:6
150,dpfi,50,atom_v,6,20260818:4515:150:2:50:2:6
150,dpfi,50,atom_h,7,20260818:4515:150:2:50:1:7
150,dpfi,50,atom_v,7,20260818:4515:150:2:50:2:7
150,dpfi,50,atom_h,8,20260818:4515:150:2:50:1:8
150,dpfi,50,atom_v,8,20260818:4515:150:2:50:2:8
150,dpfi,50,atom_h,9,20260818:4515:150:2:50:1:9
150,dpfi,50,atom_v,9,20260818:4515:150:2:50:2:9
150,dpfi,50,atom_h,10,20260818:4515:150:2:50:1:10
150,dpfi,50,atom_v,10,20260818:4515:150:2:50:2:10
150,dpfi,50,atom_h,11,20260818:4515:150:2:50:1:11
150,dpfi,50,atom_v,11,20260818:4515:150:2:50:2:11
150,dpfi,50,atom_h,12,20260818:4515:150:2:50:1:12
150,dpfi,50,atom_v,12,20260818:4515:150:2:50:2:12
150,dpfi,50,atom_h,13,20260818:4515:150:2:50:1:13
150,dpfi,50,atom_v,13,20260818:4515:150:2:50:2:13
150,dpfi,50,atom_h,14,20260818:4515:150:2:50:1:14
150,dpfi,50,atom_v,14,20260818:4515:150:2:50:2:14
150,dpfi,50,atom_h,15,20260818:4515:150:2:50:1:15
150,dpfi,50,atom_v,15,20260818:4515:150:2:50:2:15
150,dpfi,51,blank_h,0,20260818:4515:150:2:51:3:0
150,dpfi,51,blank_v,0,20260818:4515:150:2:51:4:0
150,dpfi,51,dark_h,0,20260818:4515:150:2:51:5:0
150,dpfi,51,dark_v,0,20260818:4515:150:2:51:6:0
150,dpfi,51,atom_h,1,20260818:4515:150:2:51:1:1
150,dpfi,51,atom_v,1,20260818:4515:150:2:51:2:1
150,dpfi,51,atom_h,2,20260818:4515:150:2:51:1:2
150,dpfi,51,atom_v,2,20260818:4515:150:2:51:2:2
150,dpfi,51,atom_h,3,20260818:4515:150:2:51:1:3
150,dpfi,51,atom_v,3,20260818:4515:150:2:51:2:3
150,dpfi,51,atom_h,4,20260818:4515:150:2:51:1:4
150,dpfi,51,atom_v,4,20260818:4515:150:2:51:2:4
150,dpfi,51,atom_h,5,20260818:4515:150:2:51:1:5
150,dpfi,51,atom_v,5,20260818:4515:150:2:51:2:5
150,dpfi,51,atom_h,6,20260818:4515:150:2:51:1:6
150,dpfi,51,atom_v,6,20260818:4515:150:2:51:2:6
150,dpfi,51,atom_h,7,20260818:4515:150:2:51:1:7
150,dpfi,51,atom_v,7,20260818:4515:150:2:51:2:7
150,dpfi,51,atom_h,8,20260818:4515:150:2:51:1:8
150,dpfi,51,atom_v,8,20260818:4515:150:2:51:2:8
150,dpfi,51,atom_h,9,20260818:4515:150:2:51:1:9
150,dpfi,51,atom_v,9,20260818:4515:150:2:51:2:9
150,dpfi,51,atom_h,10,20260818:4515:150:2:51:1:10
150,dpfi,51,atom_v,10,20260818:4515:150:2:51:2:10
150,dpfi,51,atom_h,11,20260818:4515:150:2:51:1:11
150,dpfi,51,atom_v,11,20260818:4515:150:2:51:2:11
150,dpfi,51,atom_h,12,20260818:4515:150:2:51:1:12
150,dpfi,51,atom_v,12,20260818:4515:150:2:51:2:12
150,dpfi,51,atom_h,13,20260818:4515:150:2:51:1:13
150,dpfi,51,atom_v,13,20260818:4515:150:2:51:2:13
150,dpfi,51,atom_h,14,20260818:4515:150:2:51:1:14
150,dpfi,51,atom_v,14,20260818:4515:150:2:51:2:14
150,dpfi,51,atom_h,15,20260818:4515:150:2:51:1:15
150,dpfi,51,atom_v,15,20260818:4515:150:2:51:2:15
150,dpfi,52,blank_h,0,20260818:4515:150:2:52:3:0
150,dpfi,52,blank_v,0,20260818:4515:150:2:52:4:0
150,dpfi,52,dark_h,0,20260818:4515:150:2:52:5:0
150,dpfi,52,dark_v,0,20260818:4515:150:2:52:6:0
150,dpfi,52,atom_h,1,20260818:4515:150:2:52:1:1
150,dpfi,52,atom_v,1,20260818:4515:150:2:52:2:1
150,dpfi,52,atom_h,2,20260818:4515:150:2:52:1:2
150,dpfi,52,atom_v,2,20260818:4515:150:2:52:2:2
150,dpfi,52,atom_h,3,20260818:4515:150:2:52:1:3
150,dpfi,52,atom_v,3,20260818:4515:150:2:52:2:3
150,dpfi,52,atom_h,4,20260818:4515:150:2:52:1:4
150,dpfi,52,atom_v,4,20260818:4515:150:2:52:2:4
150,dpfi,52,atom_h,5,20260818:4515:150:2:52:1:5
150,dpfi,52,atom_v,5,20260818:4515:150:2:52:2:5
150,dpfi,52,atom_h,6,20260818:4515:150:2:52:1:6
150,dpfi,52,atom_v,6,20260818:4515:150:2:52:2:6
150,dpfi,52,atom_h,7,20260818:4515:150:2:52:1:7
150,dpfi,52,atom_v,7,20260818:4515:150:2:52:2:7
150,dpfi,52,atom_h,8,20260818:4515:150:2:52:1:8
150,dpfi,52,atom_v,8,20260818:4515:150:2:52:2:8
150,dpfi,52,atom_h,9,20260818:4515:150:2:52:1:9
150,dpfi,52,atom_v,9,20260818:4515:150:2:52:2:9
150,dpfi,52,atom_h,10,20260818:4515:150:2:52:1:10
150,dpfi,52,atom_v,10,20260818:4515:150:2:52:2:10
150,dpfi,52,atom_h,11,20260818:4515:150:2:52:1:11
150,dpfi,52,atom_v,11,20260818:4515:150:2:52:2:11
150,dpfi,52,atom_h,12,20260818:4515:150:2:52:1:12
150,dpfi,52,atom_v,12,20260818:4515:150:2:52:2:12
150,dpfi,52,atom_h,13,20260818:4515:150:2:52:1:13
150,dpfi,52,atom_v,13,20260818:4515:150:2:52:2:13
150,dpfi,52,atom_h,14,20260818:4515:150:2:52:1:14
150,dpfi,52,atom_v,14,20260818:4515:150:2:52:2:14
150,dpfi,52,atom_h,15,20260818:4515:150:2:52:1:15
150,dpfi,52,atom_v,15,20260818:4515:150:2:52:2:15
150,dpfi,53,blank_h,0,20260818:4515:150:2:53:3:0
150,dpfi,53,blank_v,0,20260818:4515:150:2:53:4:0
150,dpfi,53,dark_h,0,20260818:4515:150:2:53:5:0
150,dpfi,53,dark_v,0,20260818:4515:150:2:53:6:0
150,dpfi,53,atom_h,1,20260818:4515:150:2:53:1:1
150,dpfi,53,atom_v,1,20260818:4515:150:2:53:2:1
150,dpfi,53,atom_h,2,20260818:4515:150:2:53:1:2
150,dpfi,53,atom_v,2,20260818:4515:150:2:53:2:2
150,dpfi,53,atom_h,3,20260818:4515:150:2:53:1:3
150,dpfi,53,atom_v,3,20260818:4515:150:2:53:2:3
150,dpfi,53,atom_h,4,20260818:4515:150:2:53:1:4
150,dpfi,53,atom_v,4,20260818:4515:150:2:53:2:4
150,dpfi,53,atom_h,5,20260818:4515:150:2:53:1:5
150,dpfi,53,atom_v,5,20260818:4515:150:2:53:2:5
150,dpfi,53,atom_h,6,20260818:4515:150:2:53:1:6
150,dpfi,53,atom_v,6,20260818:4515:150:2:53:2:6
150,dpfi,53,atom_h,7,20260818:4515:150:2:53:1:7
150,dpfi,53,atom_v,7,20260818:4515:150:2:53:2:7
150,dpfi,53,atom_h,8,20260818:4515:150:2:53:1:8
150,dpfi,53,atom_v,8,20260818:4515:150:2:53:2:8
150,dpfi,53,atom_h,9,20260818:4515:150:2:53:1:9
150,dpfi,53,atom_v,9,20260818:4515:150:2:53:2:9
150,dpfi,53,atom_h,10,20260818:4515:150:2:53:1:10
150,dpfi,53,atom_v,10,20260818:4515:150:2:53:2:10
150,dpfi,53,atom_h,11,20260818:4515:150:2:53:1:11
150,dpfi,53,atom_v,11,20260818:4515:150:2:53:2:11
150,dpfi,53,atom_h,12,20260818:4515:150:2:53:1:12
150,dpfi,53,atom_v,12,20260818:4515:150:2:53:2:12
150,dpfi,53,atom_h,13,20260818:4515:150:2:53:1:13
150,dpfi,53,atom_v,13,20260818:4515:150:2:53:2:13
150,dpfi,53,atom_h,14,20260818:4515:150:2:53:1:14
150,dpfi,53,atom_v,14,20260818:4515:150:2:53:2:14
150,dpfi,53,atom_h,15,20260818:4515:150:2:53:1:15
150,dpfi,53,atom_v,15,20260818:4515:150:2:53:2:15
150,dpfi,54,blank_h,0,20260818:4515:150:2:54:3:0
150,dpfi,54,blank_v,0,20260818:4515:150:2:54:4:0
150,dpfi,54,dark_h,0,20260818:4515:150:2:54:5:0
150,dpfi,54,dark_v,0,20260818:4515:150:2:54:6:0
150,dpfi,54,atom_h,1,20260818:4515:150:2:54:1:1
150,dpfi,54,atom_v,1,20260818:4515:150:2:54:2:1
150,dpfi,54,atom_h,2,20260818:4515:150:2:54:1:2
150,dpfi,54,atom_v,2,20260818:4515:150:2:54:2:2
150,dpfi,54,atom_h,3,20260818:4515:150:2:54:1:3
150,dpfi,54,atom_v,3,20260818:4515:150:2:54:2:3
150,dpfi,54,atom_h,4,20260818:4515:150:2:54:1:4
150,dpfi,54,atom_v,4,20260818:4515:150:2:54:2:4
150,dpfi,54,atom_h,5,20260818:4515:150:2:54:1:5
150,dpfi,54,atom_v,5,20260818:4515:150:2:54:2:5
150,dpfi,54,atom_h,6,20260818:4515:150:2:54:1:6
150,dpfi,54,atom_v,6,20260818:4515:150:2:54:2:6
150,dpfi,54,atom_h,7,20260818:4515:150:2:54:1:7
150,dpfi,54,atom_v,7,20260818:4515:150:2:54:2:7
150,dpfi,54,atom_h,8,20260818:4515:150:2:54:1:8
150,dpfi,54,atom_v,8,20260818:4515:150:2:54:2:8
150,dpfi,54,atom_h,9,20260818:4515:150:2:54:1:9
150,dpfi,54,atom_v,9,20260818:4515:150:2:54:2:9
150,dpfi,54,atom_h,10,20260818:4515:150:2:54:1:10
150,dpfi,54,atom_v,10,20260818:4515:150:2:54:2:10
150,dpfi,54,atom_h,11,20260818:4515:150:2:54:1:11
150,dpfi,54,atom_v,11,20260818:4515:150:2:54:2:11
150,dpfi,54,atom_h,12,20260818:4515:150:2:54:1:12
150,dpfi,54,atom_v,12,20260818:4515:150:2:54:2:12
150,dpfi,54,atom_h,13,20260818:4515:150:2:54:1:13
150,dpfi,54,atom_v,13,20260818:4515:150:2:54:2:13
150,dpfi,54,atom_h,14,20260818:4515:150:2:54:1:14
150,dpfi,54,atom_v,14,20260818:4515:150:2:54:2:14
150,dpfi,54,atom_h,15,20260818:4515:150:2:54:1:15
150,dpfi,54,atom_v,15,20260818:4515:150:2:54:2:15
150,dpfi,55,blank_h,0,20260818:4515:150:2:55:3:0
150,dpfi,55,blank_v,0,20260818:4515:150:2:55:4:0
150,dpfi,55,dark_h,0,20260818:4515:150:2:55:5:0
150,dpfi,55,dark_v,0,20260818:4515:150:2:55:6:0
150,dpfi,55,atom_h,1,20260818:4515:150:2:55:1:1
150,dpfi,55,atom_v,1,20260818:4515:150:2:55:2:1
150,dpfi,55,atom_h,2,20260818:4515:150:2:55:1:2
150,dpfi,55,atom_v,2,20260818:4515:150:2:55:2:2
150,dpfi,55,atom_h,3,20260818:4515:150:2:55:1:3
150,dpfi,55,atom_v,3,20260818:4515:150:2:55:2:3
150,dpfi,55,atom_h,4,20260818:4515:150:2:55:1:4
150,dpfi,55,atom_v,4,20260818:4515:150:2:55:2:4
150,dpfi,55,atom_h,5,20260818:4515:150:2:55:1:5
150,dpfi,55,atom_v,5,20260818:4515:150:2:55:2:5
150,dpfi,55,atom_h,6,20260818:4515:150:2:55:1:6
150,dpfi,55,atom_v,6,20260818:4515:150:2:55:2:6
150,dpfi,55,atom_h,7,20260818:4515:150:2:55:1:7
150,dpfi,55,atom_v,7,20260818:4515:150:2:55:2:7
150,dpfi,55,atom_h,8,20260818:4515:150:2:55:1:8
150,dpfi,55,atom_v,8,20260818:4515:150:2:55:2:8
150,dpfi,55,atom_h,9,20260818:4515:150:2:55:1:9
150,dpfi,55,atom_v,9,20260818:4515:150:2:55:2:9
150,dpfi,55,atom_h,10,20260818:4515:150:2:55:1:10
150,dpfi,55,atom_v,10,20260818:4515:150:2:55:2:10
150,dpfi,55,atom_h,11,20260818:4515:150:2:55:1:11
150,dpfi,55,atom_v,11,20260818:4515:150:2:55:2:11
150,dpfi,55,atom_h,12,20260818:4515:150:2:55:1:12
150,dpfi,55,atom_v,12,20260818:4515:150:2:55:2:12
150,dpfi,55,atom_h,13,20260818:4515:150:2:55:1:13
150,dpfi,55,atom_v,13,20260818:4515:150:2:55:2:13
150,dpfi,55,atom_h,14,20260818:4515:150:2:55:1:14
150,dpfi,55,atom_v,14,20260818:4515:150:2:55:2:14
150,dpfi,55,atom_h,15,20260818:4515:150:2:55:1:15
150,dpfi,55,atom_v,15,20260818:4515:150:2:55:2:15
150,dpfi,56,blank_h,0,20260818:4515:150:2:56:3:0
150,dpfi,56,blank_v,0,20260818:4515:150:2:56:4:0
150,dpfi,56,dark_h,0,20260818:4515:150:2:56:5:0
150,dpfi,56,dark_v,0,20260818:4515:150:2:56:6:0
150,dpfi,56,atom_h,1,20260818:4515:150:2:56:1:1
150,dpfi,56,atom_v,1,20260818:4515:150:2:56:2:1
150,dpfi,56,atom_h,2,20260818:4515:150:2:56:1:2
150,dpfi,56,atom_v,2,20260818:4515:150:2:56:2:2
150,dpfi,56,atom_h,3,20260818:4515:150:2:56:1:3
150,dpfi,56,atom_v,3,20260818:4515:150:2:56:2:3
150,dpfi,56,atom_h,4,20260818:4515:150:2:56:1:4
150,dpfi,56,atom_v,4,20260818:4515:150:2:56:2:4
150,dpfi,56,atom_h,5,20260818:4515:150:2:56:1:5
150,dpfi,56,atom_v,5,20260818:4515:150:2:56:2:5
150,dpfi,56,atom_h,6,20260818:4515:150:2:56:1:6
150,dpfi,56,atom_v,6,20260818:4515:150:2:56:2:6
150,dpfi,56,atom_h,7,20260818:4515:150:2:56:1:7
150,dpfi,56,atom_v,7,20260818:4515:150:2:56:2:7
150,dpfi,56,atom_h,8,20260818:4515:150:2:56:1:8
150,dpfi,56,atom_v,8,20260818:4515:150:2:56:2:8
150,dpfi,56,atom_h,9,20260818:4515:150:2:56:1:9
150,dpfi,56,atom_v,9,20260818:4515:150:2:56:2:9
150,dpfi,56,atom_h,10,20260818:4515:150:2:56:1:10
150,dpfi,56,atom_v,10,20260818:4515:150:2:56:2:10
150,dpfi,56,atom_h,11,20260818:4515:150:2:56:1:11
150,dpfi,56,atom_v,11,20260818:4515:150:2:56:2:11
150,dpfi,56,atom_h,12,20260818:4515:150:2:56:1:12
150,dpfi,56,atom_v,12,20260818:4515:150:2:56:2:12
150,dpfi,56,atom_h,13,20260818:4515:150:2:56:1:13
150,dpfi,56,atom_v,13,20260818:4515:150:2:56:2:13
150,dpfi,56,atom_h,14,20260818:4515:150:2:56:1:14
150,dpfi,56,atom_v,14,20260818:4515:150:2:56:2:14
150,dpfi,56,atom_h,15,20260818:4515:150:2:56:1:15
150,dpfi,56,atom_v,15,20260818:4515:150:2:56:2:15
150,dpfi,57,blank_h,0,20260818:4515:150:2:57:3:0
150,dpfi,57,blank_v,0,20260818:4515:150:2:57:4:0
150,dpfi,57,dark_h,0,20260818:4515:150:2:57:5:0
150,dpfi,57,dark_v,0,20260818:4515:150:2:57:6:0
150,dpfi,57,atom_h,1,20260818:4515:150:2:57:1:1
150,dpfi,57,atom_v,1,20260818:4515:150:2:57:2:1
150,dpfi,57,atom_h,2,20260818:4515:150:2:57:1:2
150,dpfi,57,atom_v,2,20260818:4515:150:2:57:2:2
150,dpfi,57,atom_h,3,20260818:4515:150:2:57:1:3
150,dpfi,57,atom_v,3,20260818:4515:150:2:57:2:3
150,dpfi,57,atom_h,4,20260818:4515:150:2:57:1:4
150,dpfi,57,atom_v,4,20260818:4515:150:2:57:2:4
150,dpfi,57,atom_h,5,20260818:4515:150:2:57:1:5
150,dpfi,57,atom_v,5,20260818:4515:150:2:57:2:5
150,dpfi,57,atom_h,6,20260818:4515:150:2:57:1:6
150,dpfi,57,atom_v,6,20260818:4515:150:2:57:2:6
150,dpfi,57,atom_h,7,20260818:4515:150:2:57:1:7
150,dpfi,57,atom_v,7,20260818:4515:150:2:57:2:7
150,dpfi,57,atom_h,8,20260818:4515:150:2:57:1:8
150,dpfi,57,atom_v,8,20260818:4515:150:2:57:2:8
150,dpfi,57,atom_h,9,20260818:4515:150:2:57:1:9
150,dpfi,57,atom_v,9,20260818:4515:150:2:57:2:9
150,dpfi,57,atom_h,10,20260818:4515:150:2:57:1:10
150,dpfi,57,atom_v,10,20260818:4515:150:2:57:2:10
150,dpfi,57,atom_h,11,20260818:4515:150:2:57:1:11
150,dpfi,57,atom_v,11,20260818:4515:150:2:57:2:11
150,dpfi,57,atom_h,12,20260818:4515:150:2:57:1:12
150,dpfi,57,atom_v,12,20260818:4515:150:2:57:2:12
150,dpfi,57,atom_h,13,20260818:4515:150:2:57:1:13
150,dpfi,57,atom_v,13,20260818:4515:150:2:57:2:13
150,dpfi,57,atom_h,14,20260818:4515:150:2:57:1:14
150,dpfi,57,atom_v,14,20260818:4515:150:2:57:2:14
150,dpfi,57,atom_h,15,20260818:4515:150:2:57:1:15
150,dpfi,57,atom_v,15,20260818:4515:150:2:57:2:15
150,dpfi,58,blank_h,0,20260818:4515:150:2:58:3:0
150,dpfi,58,blank_v,0,20260818:4515:150:2:58:4:0
150,dpfi,58,dark_h,0,20260818:4515:150:2:58:5:0
150,dpfi,58,dark_v,0,20260818:4515:150:2:58:6:0
150,dpfi,58,atom_h,1,20260818:4515:150:2:58:1:1
150,dpfi,58,atom_v,1,20260818:4515:150:2:58:2:1
150,dpfi,58,atom_h,2,20260818:4515:150:2:58:1:2
150,dpfi,58,atom_v,2,20260818:4515:150:2:58:2:2
150,dpfi,58,atom_h,3,20260818:4515:150:2:58:1:3
150,dpfi,58,atom_v,3,20260818:4515:150:2:58:2:3
150,dpfi,58,atom_h,4,20260818:4515:150:2:58:1:4
150,dpfi,58,atom_v,4,20260818:4515:150:2:58:2:4
150,dpfi,58,atom_h,5,20260818:4515:150:2:58:1:5
150,dpfi,58,atom_v,5,20260818:4515:150:2:58:2:5
150,dpfi,58,atom_h,6,20260818:4515:150:2:58:1:6
150,dpfi,58,atom_v,6,20260818:4515:150:2:58:2:6
150,dpfi,58,atom_h,7,20260818:4515:150:2:58:1:7
150,dpfi,58,atom_v,7,20260818:4515:150:2:58:2:7
150,dpfi,58,atom_h,8,20260818:4515:150:2:58:1:8
150,dpfi,58,atom_v,8,20260818:4515:150:2:58:2:8
150,dpfi,58,atom_h,9,20260818:4515:150:2:58:1:9
150,dpfi,58,atom_v,9,20260818:4515:150:2:58:2:9
150,dpfi,58,atom_h,10,20260818:4515:150:2:58:1:10
150,dpfi,58,atom_v,10,20260818:4515:150:2:58:2:10
150,dpfi,58,atom_h,11,20260818:4515:150:2:58:1:11
150,dpfi,58,atom_v,11,20260818:4515:150:2:58:2:11
150,dpfi,58,atom_h,12,20260818:4515:150:2:58:1:12
150,dpfi,58,atom_v,12,20260818:4515:150:2:58:2:12
150,dpfi,58,atom_h,13,20260818:4515:150:2:58:1:13
150,dpfi,58,atom_v,13,20260818:4515:150:2:58:2:13
150,dpfi,58,atom_h,14,20260818:4515:150:2:58:1:14
150,dpfi,58,atom_v,14,20260818:4515:150:2:58:2:14
150,dpfi,58,atom_h,15,20260818:4515:150:2:58:1:15
150,dpfi,58,atom_v,15,20260818:4515:150:2:58:2:15
150,dpfi,59,blank_h,0,20260818:4515:150:2:59:3:0
150,dpfi,59,blank_v,0,20260818:4515:150:2:59:4:0
150,dpfi,59,dark_h,0,20260818:4515:150:2:59:5:0
150,dpfi,59,dark_v,0,20260818:4515:150:2:59:6:0
150,dpfi,59,atom_h,1,20260818:4515:150:2:59:1:1
150,dpfi,59,atom_v,1,20260818:4515:150:2:59:2:1
150,dpfi,59,atom_h,2,20260818:4515:150:2:59:1:2
150,dpfi,59,atom_v,2,20260818:4515:150:2:59:2:2
150,dpfi,59,atom_h,3,20260818:4515:150:2:59:1:3
150,dpfi,59,atom_v,3,20260818:4515:150:2:59:2:3
150,dpfi,59,atom_h,4,20260818:4515:150:2:59:1:4
150,dpfi,59,atom_v,4,20260818:4515:150:2:59:2:4
150,dpfi,59,atom_h,5,20260818:4515:150:2:59:1:5
150,dpfi,59,atom_v,5,20260818:4515:150:2:59:2:5
150,dpfi,59,atom_h,6,20260818:4515:150:2:59:1:6
150,dpfi,59,atom_v,6,20260818:4515:150:2:59:2:6
150,dpfi,59,atom_h,7,20260818:4515:150:2:59:1:7
150,dpfi,59,atom_v,7,20260818:4515:150:2:59:2:7
150,dpfi,59,atom_h,8,20260818:4515:150:2:59:1:8
150,dpfi,59,atom_v,8,20260818:4515:150:2:59:2:8
150,dpfi,59,atom_h,9,20260818:4515:150:2:59:1:9
150,dpfi,59,atom_v,9,20260818:4515:150:2:59:2:9
150,dpfi,59,atom_h,10,20260818:4515:150:2:59:1:10
150,dpfi,59,atom_v,10,20260818:4515:150:2:59:2:10
150,dpfi,59,atom_h,11,20260818:4515:150:2:59:1:11
150,dpfi,59,atom_v,11,20260818:4515:150:2:59:2:11
150,dpfi,59,atom_h,12,20260818:4515:150:2:59:1:12
150,dpfi,59,atom_v,12,20260818:4515:150:2:59:2:12
150,dpfi,59,atom_h,13,20260818:4515:150:2:59:1:13
150,dpfi,59,atom_v,13,20260818:4515:150:2:59:2:13
150,dpfi,59,atom_h,14,20260818:4515:150:2:59:1:14
150,dpfi,59,atom_v,14,20260818:4515:150:2:59:2:14
150,dpfi,59,atom_h,15,20260818:4515:150:2:59:1:15
150,dpfi,59,atom_v,15,20260818:4515:150:2:59:2:15
150,dpfi,60,blank_h,0,20260818:4515:150:2:60:3:0
150,dpfi,60,blank_v,0,20260818:4515:150:2:60:4:0
150,dpfi,60,dark_h,0,20260818:4515:150:2:60:5:0
150,dpfi,60,dark_v,0,20260818:4515:150:2:60:6:0
150,dpfi,60,atom_h,1,20260818:4515:150:2:60:1:1
150,dpfi,60,atom_v,1,20260818:4515:150:2:60:2:1
150,dpfi,60,atom_h,2,20260818:4515:150:2:60:1:2
150,dpfi,60,atom_v,2,20260818:4515:150:2:60:2:2
150,dpfi,60,atom_h,3,20260818:4515:150:2:60:1:3
150,dpfi,60,atom_v,3,20260818:4515:150:2:60:2:3
150,dpfi,60,atom_h,4,20260818:4515:150:2:60:1:4
150,dpfi,60,atom_v,4,20260818:4515:150:2:60:2:4
150,dpfi,60,atom_h,5,20260818:4515:150:2:60:1:5
150,dpfi,60,atom_v,5,20260818:4515:150:2:60:2:5
150,dpfi,60,atom_h,6,20260818:4515:150:2:60:1:6
150,dpfi,60,atom_v,6,20260818:4515:150:2:60:2:6
150,dpfi,60,atom_h,7,20260818:4515:150:2:60:1:7
150,dpfi,60,atom_v,7,20260818:4515:150:2:60:2:7
150,dpfi,60,atom_h,8,20260818:4515:150:2:60:1:8
150,dpfi,60,atom_v,8,20260818:4515:150:2:60:2:8
150,dpfi,60,atom_h,9,20260818:4515:150:2:60:1:9
150,dpfi,60,atom_v,9,20260818:4515:150:2:60:2:9
150,dpfi,60,atom_h,10,20260818:4515:150:2:60:1:10
150,dpfi,60,atom_v,10,20260818:4515:150:2:60:2:10
150,dpfi,60,atom_h,11,20260818:4515:150:2:60:1:11
150,dpfi,60,atom_v,11,20260818:4515:150:2:60:2:11
150,dpfi,60,atom_h,12,20260818:4515:150:2:60:1:12
150,dpfi,60,atom_v,12,20260818:4515:150:2:60:2:12
150,dpfi,60,atom_h,13,20260818:4515:150:2:60:1:13
150,dpfi,60,atom_v,13,20260818:4515:150:2:60:2:13
150,dpfi,60,atom_h,14,20260818:4515:150:2:60:1:14
150,dpfi,60,atom_v,14,20260818:4515:150:2:60:2:14
150,dpfi,60,atom_h,15,20260818:4515:150:2:60:1:15
150,dpfi,60,atom_v,15,20260818:4515:150:2:60:2:15
150,dpfi,61,blank_h,0,20260818:4515:150:2:61:3:0
150,dpfi,61,blank_v,0,20260818:4515:150:2:61:4:0
150,dpfi,61,dark_h,0,20260818:4515:150:2:61:5:0
150,dpfi,61,dark_v,0,20260818:4515:150:2:61:6:0
150,dpfi,61,atom_h,1,20260818:4515:150:2:61:1:1
150,dpfi,61,atom_v,1,20260818:4515:150:2:61:2:1
150,dpfi,61,atom_h,2,20260818:4515:150:2:61:1:2
150,dpfi,61,atom_v,2,20260818:4515:150:2:61:2:2
150,dpfi,61,atom_h,3,20260818:4515:150:2:61:1:3
150,dpfi,61,atom_v,3,20260818:4515:150:2:61:2:3
150,dpfi,61,atom_h,4,20260818:4515:150:2:61:1:4
150,dpfi,61,atom_v,4,20260818:4515:150:2:61:2:4
150,dpfi,61,atom_h,5,20260818:4515:150:2:61:1:5
150,dpfi,61,atom_v,5,20260818:4515:150:2:61:2:5
150,dpfi,61,atom_h,6,20260818:4515:150:2:61:1:6
150,dpfi,61,atom_v,6,20260818:4515:150:2:61:2:6
150,dpfi,61,atom_h,7,20260818:4515:150:2:61:1:7
150,dpfi,61,atom_v,7,20260818:4515:150:2:61:2:7
150,dpfi,61,atom_h,8,20260818:4515:150:2:61:1:8
150,dpfi,61,atom_v,8,20260818:4515:150:2:61:2:8
150,dpfi,61,atom_h,9,20260818:4515:150:2:61:1:9
150,dpfi,61,atom_v,9,20260818:4515:150:2:61:2:9
150,dpfi,61,atom_h,10,20260818:4515:150:2:61:1:10
150,dpfi,61,atom_v,10,20260818:4515:150:2:61:2:10
150,dpfi,61,atom_h,11,20260818:4515:150:2:61:1:11
150,dpfi,61,atom_v,11,20260818:4515:150:2:61:2:11
150,dpfi,61,atom_h,12,20260818:4515:150:2:61:1:12
150,dpfi,61,atom_v,12,20260818:4515:150:2:61:2:12
150,dpfi,61,atom_h,13,20260818:4515:150:2:61:1:13
150,dpfi,61,atom_v,13,20260818:4515:150:2:61:2:13
150,dpfi,61,atom_h,14,20260818:4515:150:2:61:1:14
150,dpfi,61,atom_v,14,20260818:4515:150:2:61:2:14
150,dpfi,61,atom_h,15,20260818:4515:150:2:61:1:15
150,dpfi,61,atom_v,15,20260818:4515:150:2:61:2:15
150,dpfi,62,blank_h,0,20260818:4515:150:2:62:3:0
150,dpfi,62,blank_v,0,20260818:4515:150:2:62:4:0
150,dpfi,62,dark_h,0,20260818:4515:150:2:62:5:0
150,dpfi,62,dark_v,0,20260818:4515:150:2:62:6:0
150,dpfi,62,atom_h,1,20260818:4515:150:2:62:1:1
150,dpfi,62,atom_v,1,20260818:4515:150:2:62:2:1
150,dpfi,62,atom_h,2,20260818:4515:150:2:62:1:2
150,dpfi,62,atom_v,2,20260818:4515:150:2:62:2:2
150,dpfi,62,atom_h,3,20260818:4515:150:2:62:1:3
150,dpfi,62,atom_v,3,20260818:4515:150:2:62:2:3
150,dpfi,62,atom_h,4,20260818:4515:150:2:62:1:4
150,dpfi,62,atom_v,4,20260818:4515:150:2:62:2:4
150,dpfi,62,atom_h,5,20260818:4515:150:2:62:1:5
150,dpfi,62,atom_v,5,20260818:4515:150:2:62:2:5
150,dpfi,62,atom_h,6,20260818:4515:150:2:62:1:6
150,dpfi,62,atom_v,6,20260818:4515:150:2:62:2:6
150,dpfi,62,atom_h,7,20260818:4515:150:2:62:1:7
150,dpfi,62,atom_v,7,20260818:4515:150:2:62:2:7
150,dpfi,62,atom_h,8,20260818:4515:150:2:62:1:8
150,dpfi,62,atom_v,8,20260818:4515:150:2:62:2:8
150,dpfi,62,atom_h,9,20260818:4515:150:2:62:1:9
150,dpfi,62,atom_v,9,20260818:4515:150:2:62:2:9
150,dpfi,62,atom_h,10,20260818:4515:150:2:62:1:10
150,dpfi,62,atom_v,10,20260818:4515:150:2:62:2:10
150,dpfi,62,atom_h,11,20260818:4515:150:2:62:1:11
150,dpfi,62,atom_v,11,20260818:4515:150:2:62:2:11
150,dpfi,62,atom_h,12,20260818:4515:150:2:62:1:12
150,dpfi,62,atom_v,12,20260818:4515:150:2:62:2:12
150,dpfi,62,atom_h,13,20260818:4515:150:2:62:1:13
150,dpfi,62,atom_v,13,20260818:4515:150:2:62:2:13
150,dpfi,62,atom_h,14,20260818:4515:150:2:62:1:14
150,dpfi,62,atom_v,14,20260818:4515:150:2:62:2:14
150,dpfi,62,atom_h,15,20260818:4515:150:2:62:1:15
150,dpfi,62,atom_v,15,20260818:4515:150:2:62:2:15
150,dpfi,63,blank_h,0,20260818:4515:150:2:63:3:0
150,dpfi,63,blank_v,0,20260818:4515:150:2:63:4:0
150,dpfi,63,dark_h,0,20260818:4515:150:2:63:5:0
150,dpfi,63,dark_v,0,20260818:4515:150:2:63:6:0
150,dpfi,63,atom_h,1,20260818:4515:150:2:63:1:1
150,dpfi,63,atom_v,1,20260818:4515:150:2:63:2:1
150,dpfi,63,atom_h,2,20260818:4515:150:2:63:1:2
150,dpfi,63,atom_v,2,20260818:4515:150:2:63:2:2
150,dpfi,63,atom_h,3,20260818:4515:150:2:63:1:3
150,dpfi,63,atom_v,3,20260818:4515:150:2:63:2:3
150,dpfi,63,atom_h,4,20260818:4515:150:2:63:1:4
150,dpfi,63,atom_v,4,20260818:4515:150:2:63:2:4
150,dpfi,63,atom_h,5,20260818:4515:150:2:63:1:5
150,dpfi,63,atom_v,5,20260818:4515:150:2:63:2:5
150,dpfi,63,atom_h,6,20260818:4515:150:2:63:1:6
150,dpfi,63,atom_v,6,20260818:4515:150:2:63:2:6
150,dpfi,63,atom_h,7,20260818:4515:150:2:63:1:7
150,dpfi,63,atom_v,7,20260818:4515:150:2:63:2:7
150,dpfi,63,atom_h,8,20260818:4515:150:2:63:1:8
150,dpfi,63,atom_v,8,20260818:4515:150:2:63:2:8
150,dpfi,63,atom_h,9,20260818:4515:150:2:63:1:9
150,dpfi,63,atom_v,9,20260818:4515:150:2:63:2:9
150,dpfi,63,atom_h,10,20260818:4515:150:2:63:1:10
150,dpfi,63,atom_v,10,20260818:4515:150:2:63:2:10
150,dpfi,63,atom_h,11,20260818:4515:150:2:63:1:11
150,dpfi,63,atom_v,11,20260818:4515:150:2:63:2:11
150,dpfi,63,atom_h,12,20260818:4515:150:2:63:1:12
150,dpfi,63,atom_v,12,20260818:4515:150:2:63:2:12
150,dpfi,63,atom_h,13,20260818:4515:150:2:63:1:13
150,dpfi,63,atom_v,13,20260818:4515:150:2:63:2:13
150,dpfi,63,atom_h,14,20260818:4515:150:2:63:1:14
150,dpfi,63,atom_v,14,20260818:4515:150:2:63:2:14
150,dpfi,63,atom_h,15,20260818:4515:150:2:63:1:15
150,dpfi,63,atom_v,15,20260818:4515:150:2:63:2:15
200,dpfi,0,blank_h,0,20260818:4515:200:2:0:3:0
200,dpfi,0,blank_v,0,20260818:4515:200:2:0:4:0
200,dpfi,0,dark_h,0,20260818:4515:200:2:0:5:0
200,dpfi,0,dark_v,0,20260818:4515:200:2:0:6:0
200,dpfi,0,atom_h,1,20260818:4515:200:2:0:1:1
200,dpfi,0,atom_v,1,20260818:4515:200:2:0:2:1
200,dpfi,0,atom_h,2,20260818:4515:200:2:0:1:2
200,dpfi,0,atom_v,2,20260818:4515:200:2:0:2:2
200,dpfi,0,atom_h,3,20260818:4515:200:2:0:1:3
200,dpfi,0,atom_v,3,20260818:4515:200:2:0:2:3
200,dpfi,0,atom_h,4,20260818:4515:200:2:0:1:4
200,dpfi,0,atom_v,4,20260818:4515:200:2:0:2:4
200,dpfi,0,atom_h,5,20260818:4515:200:2:0:1:5
200,dpfi,0,atom_v,5,20260818:4515:200:2:0:2:5
200,dpfi,0,atom_h,6,20260818:4515:200:2:0:1:6
200,dpfi,0,atom_v,6,20260818:4515:200:2:0:2:6
200,dpfi,0,atom_h,7,20260818:4515:200:2:0:1:7
200,dpfi,0,atom_v,7,20260818:4515:200:2:0:2:7
200,dpfi,0,atom_h,8,20260818:4515:200:2:0:1:8
200,dpfi,0,atom_v,8,20260818:4515:200:2:0:2:8
200,dpfi,0,atom_h,9,20260818:4515:200:2:0:1:9
200,dpfi,0,atom_v,9,20260818:4515:200:2:0:2:9
200,dpfi,0,atom_h,10,20260818:4515:200:2:0:1:10
200,dpfi,0,atom_v,10,20260818:4515:200:2:0:2:10
200,dpfi,0,atom_h,11,20260818:4515:200:2:0:1:11
200,dpfi,0,atom_v,11,20260818:4515:200:2:0:2:11
200,dpfi,0,atom_h,12,20260818:4515:200:2:0:1:12
200,dpfi,0,atom_v,12,20260818:4515:200:2:0:2:12
200,dpfi,0,atom_h,13,20260818:4515:200:2:0:1:13
200,dpfi,0,atom_v,13,20260818:4515:200:2:0:2:13
200,dpfi,0,atom_h,14,20260818:4515:200:2:0:1:14
200,dpfi,0,atom_v,14,20260818:4515:200:2:0:2:14
200,dpfi,0,atom_h,15,20260818:4515:200:2:0:1:15
200,dpfi,0,atom_v,15,20260818:4515:200:2:0:2:15
200,dpfi,1,blank_h,0,20260818:4515:200:2:1:3:0
200,dpfi,1,blank_v,0,20260818:4515:200:2:1:4:0
200,dpfi,1,dark_h,0,20260818:4515:200:2:1:5:0
200,dpfi,1,dark_v,0,20260818:4515:200:2:1:6:0
200,dpfi,1,atom_h,1,20260818:4515:200:2:1:1:1
200,dpfi,1,atom_v,1,20260818:4515:200:2:1:2:1
200,dpfi,1,atom_h,2,20260818:4515:200:2:1:1:2
200,dpfi,1,atom_v,2,20260818:4515:200:2:1:2:2
200,dpfi,1,atom_h,3,20260818:4515:200:2:1:1:3
200,dpfi,1,atom_v,3,20260818:4515:200:2:1:2:3
200,dpfi,1,atom_h,4,20260818:4515:200:2:1:1:4
200,dpfi,1,atom_v,4,20260818:4515:200:2:1:2:4
200,dpfi,1,atom_h,5,20260818:4515:200:2:1:1:5
200,dpfi,1,atom_v,5,20260818:4515:200:2:1:2:5
200,dpfi,1,atom_h,6,20260818:4515:200:2:1:1:6
200,dpfi,1,atom_v,6,20260818:4515:200:2:1:2:6
200,dpfi,1,atom_h,7,20260818:4515:200:2:1:1:7
200,dpfi,1,atom_v,7,20260818:4515:200:2:1:2:7
200,dpfi,1,atom_h,8,20260818:4515:200:2:1:1:8
200,dpfi,1,atom_v,8,20260818:4515:200:2:1:2:8
200,dpfi,1,atom_h,9,20260818:4515:200:2:1:1:9
200,dpfi,1,atom_v,9,20260818:4515:200:2:1:2:9
200,dpfi,1,atom_h,10,20260818:4515:200:2:1:1:10
200,dpfi,1,atom_v,10,20260818:4515:200:2:1:2:10
200,dpfi,1,atom_h,11,20260818:4515:200:2:1:1:11
200,dpfi,1,atom_v,11,20260818:4515:200:2:1:2:11
200,dpfi,1,atom_h,12,20260818:4515:200:2:1:1:12
200,dpfi,1,atom_v,12,20260818:4515:200:2:1:2:12
200,dpfi,1,atom_h,13,20260818:4515:200:2:1:1:13
200,dpfi,1,atom_v,13,20260818:4515:200:2:1:2:13
200,dpfi,1,atom_h,14,20260818:4515:200:2:1:1:14
200,dpfi,1,atom_v,14,20260818:4515:200:2:1:2:14
200,dpfi,1,atom_h,15,20260818:4515:200:2:1:1:15
200,dpfi,1,atom_v,15,20260818:4515:200:2:1:2:15
200,dpfi,2,blank_h,0,20260818:4515:200:2:2:3:0
200,dpfi,2,blank_v,0,20260818:4515:200:2:2:4:0
200,dpfi,2,dark_h,0,20260818:4515:200:2:2:5:0
200,dpfi,2,dark_v,0,20260818:4515:200:2:2:6:0
200,dpfi,2,atom_h,1,20260818:4515:200:2:2:1:1
200,dpfi,2,atom_v,1,20260818:4515:200:2:2:2:1
200,dpfi,2,atom_h,2,20260818:4515:200:2:2:1:2
200,dpfi,2,atom_v,2,20260818:4515:200:2:2:2:2
200,dpfi,2,atom_h,3,20260818:4515:200:2:2:1:3
200,dpfi,2,atom_v,3,20260818:4515:200:2:2:2:3
200,dpfi,2,atom_h,4,20260818:4515:200:2:2:1:4
200,dpfi,2,atom_v,4,20260818:4515:200:2:2:2:4
200,dpfi,2,atom_h,5,20260818:4515:200:2:2:1:5
200,dpfi,2,atom_v,5,20260818:4515:200:2:2:2:5
200,dpfi,2,atom_h,6,20260818:4515:200:2:2:1:6
200,dpfi,2,atom_v,6,20260818:4515:200:2:2:2:6
200,dpfi,2,atom_h,7,20260818:4515:200:2:2:1:7
200,dpfi,2,atom_v,7,20260818:4515:200:2:2:2:7
200,dpfi,2,atom_h,8,20260818:4515:200:2:2:1:8
200,dpfi,2,atom_v,8,20260818:4515:200:2:2:2:8
200,dpfi,2,atom_h,9,20260818:4515:200:2:2:1:9
200,dpfi,2,atom_v,9,20260818:4515:200:2:2:2:9
200,dpfi,2,atom_h,10,20260818:4515:200:2:2:1:10
200,dpfi,2,atom_v,10,20260818:4515:200:2:2:2:10
200,dpfi,2,atom_h,11,20260818:4515:200:2:2:1:11
200,dpfi,2,atom_v,11,20260818:4515:200:2:2:2:11
200,dpfi,2,atom_h,12,20260818:4515:200:2:2:1:12
200,dpfi,2,atom_v,12,20260818:4515:200:2:2:2:12
200,dpfi,2,atom_h,13,20260818:4515:200:2:2:1:13
200,dpfi,2,atom_v,13,20260818:4515:200:2:2:2:13
200,dpfi,2,atom_h,14,20260818:4515:200:2:2:1:14
200,dpfi,2,atom_v,14,20260818:4515:200:2:2:2:14
200,dpfi,2,atom_h,15,20260818:4515:200:2:2:1:15
200,dpfi,2,atom_v,15,20260818:4515:200:2:2:2:15
200,dpfi,3,blank_h,0,20260818:4515:200:2:3:3:0
200,dpfi,3,blank_v,0,20260818:4515:200:2:3:4:0
200,dpfi,3,dark_h,0,20260818:4515:200:2:3:5:0
200,dpfi,3,dark_v,0,20260818:4515:200:2:3:6:0
200,dpfi,3,atom_h,1,20260818:4515:200:2:3:1:1
200,dpfi,3,atom_v,1,20260818:4515:200:2:3:2:1
200,dpfi,3,atom_h,2,20260818:4515:200:2:3:1:2
200,dpfi,3,atom_v,2,20260818:4515:200:2:3:2:2
200,dpfi,3,atom_h,3,20260818:4515:200:2:3:1:3
200,dpfi,3,atom_v,3,20260818:4515:200:2:3:2:3
200,dpfi,3,atom_h,4,20260818:4515:200:2:3:1:4
200,dpfi,3,atom_v,4,20260818:4515:200:2:3:2:4
200,dpfi,3,atom_h,5,20260818:4515:200:2:3:1:5
200,dpfi,3,atom_v,5,20260818:4515:200:2:3:2:5
200,dpfi,3,atom_h,6,20260818:4515:200:2:3:1:6
200,dpfi,3,atom_v,6,20260818:4515:200:2:3:2:6
200,dpfi,3,atom_h,7,20260818:4515:200:2:3:1:7
200,dpfi,3,atom_v,7,20260818:4515:200:2:3:2:7
200,dpfi,3,atom_h,8,20260818:4515:200:2:3:1:8
200,dpfi,3,atom_v,8,20260818:4515:200:2:3:2:8
200,dpfi,3,atom_h,9,20260818:4515:200:2:3:1:9
200,dpfi,3,atom_v,9,20260818:4515:200:2:3:2:9
200,dpfi,3,atom_h,10,20260818:4515:200:2:3:1:10
200,dpfi,3,atom_v,10,20260818:4515:200:2:3:2:10
200,dpfi,3,atom_h,11,20260818:4515:200:2:3:1:11
200,dpfi,3,atom_v,11,20260818:4515:200:2:3:2:11
200,dpfi,3,atom_h,12,20260818:4515:200:2:3:1:12
200,dpfi,3,atom_v,12,20260818:4515:200:2:3:2:12
200,dpfi,3,atom_h,13,20260818:4515:200:2:3:1:13
200,dpfi,3,atom_v,13,20260818:4515:200:2:3:2:13
200,dpfi,3,atom_h,14,20260818:4515:200:2:3:1:14
200,dpfi,3,atom_v,14,20260818:4515:200:2:3:2:14
200,dpfi,3,atom_h,15,20260818:4515:200:2:3:1:15
200,dpfi,3,atom_v,15,20260818:4515:200:2:3:2:15
200,dpfi,4,blank_h,0,20260818:4515:200:2:4:3:0
200,dpfi,4,blank_v,0,20260818:4515:200:2:4:4:0
200,dpfi,4,dark_h,0,20260818:4515:200:2:4:5:0
200,dpfi,4,dark_v,0,20260818:4515:200:2:4:6:0
200,dpfi,4,atom_h,1,20260818:4515:200:2:4:1:1
200,dpfi,4,atom_v,1,20260818:4515:200:2:4:2:1
200,dpfi,4,atom_h,2,20260818:4515:200:2:4:1:2
200,dpfi,4,atom_v,2,20260818:4515:200:2:4:2:2
200,dpfi,4,atom_h,3,20260818:4515:200:2:4:1:3
200,dpfi,4,atom_v,3,20260818:4515:200:2:4:2:3
200,dpfi,4,atom_h,4,20260818:4515:200:2:4:1:4
200,dpfi,4,atom_v,4,20260818:4515:200:2:4:2:4
200,dpfi,4,atom_h,5,20260818:4515:200:2:4:1:5
200,dpfi,4,atom_v,5,20260818:4515:200:2:4:2:5
200,dpfi,4,atom_h,6,20260818:4515:200:2:4:1:6
200,dpfi,4,atom_v,6,20260818:4515:200:2:4:2:6
200,dpfi,4,atom_h,7,20260818:4515:200:2:4:1:7
200,dpfi,4,atom_v,7,20260818:4515:200:2:4:2:7
200,dpfi,4,atom_h,8,20260818:4515:200:2:4:1:8
200,dpfi,4,atom_v,8,20260818:4515:200:2:4:2:8
200,dpfi,4,atom_h,9,20260818:4515:200:2:4:1:9
200,dpfi,4,atom_v,9,20260818:4515:200:2:4:2:9
200,dpfi,4,atom_h,10,20260818:4515:200:2:4:1:10
200,dpfi,4,atom_v,10,20260818:4515:200:2:4:2:10
200,dpfi,4,atom_h,11,20260818:4515:200:2:4:1:11
200,dpfi,4,atom_v,11,20260818:4515:200:2:4:2:11
200,dpfi,4,atom_h,12,20260818:4515:200:2:4:1:12
200,dpfi,4,atom_v,12,20260818:4515:200:2:4:2:12
200,dpfi,4,atom_h,13,20260818:4515:200:2:4:1:13
200,dpfi,4,atom_v,13,20260818:4515:200:2:4:2:13
200,dpfi,4,atom_h,14,20260818:4515:200:2:4:1:14
200,dpfi,4,atom_v,14,20260818:4515:200:2:4:2:14
200,dpfi,4,atom_h,15,20260818:4515:200:2:4:1:15
200,dpfi,4,atom_v,15,20260818:4515:200:2:4:2:15
200,dpfi,5,blank_h,0,20260818:4515:200:2:5:3:0
200,dpfi,5,blank_v,0,20260818:4515:200:2:5:4:0
200,dpfi,5,dark_h,0,20260818:4515:200:2:5:5:0
200,dpfi,5,dark_v,0,20260818:4515:200:2:5:6:0
200,dpfi,5,atom_h,1,20260818:4515:200:2:5:1:1
200,dpfi,5,atom_v,1,20260818:4515:200:2:5:2:1
200,dpfi,5,atom_h,2,20260818:4515:200:2:5:1:2
200,dpfi,5,atom_v,2,20260818:4515:200:2:5:2:2
200,dpfi,5,atom_h,3,20260818:4515:200:2:5:1:3
200,dpfi,5,atom_v,3,20260818:4515:200:2:5:2:3
200,dpfi,5,atom_h,4,20260818:4515:200:2:5:1:4
200,dpfi,5,atom_v,4,20260818:4515:200:2:5:2:4
200,dpfi,5,atom_h,5,20260818:4515:200:2:5:1:5
200,dpfi,5,atom_v,5,20260818:4515:200:2:5:2:5
200,dpfi,5,atom_h,6,20260818:4515:200:2:5:1:6
200,dpfi,5,atom_v,6,20260818:4515:200:2:5:2:6
200,dpfi,5,atom_h,7,20260818:4515:200:2:5:1:7
200,dpfi,5,atom_v,7,20260818:4515:200:2:5:2:7
200,dpfi,5,atom_h,8,20260818:4515:200:2:5:1:8
200,dpfi,5,atom_v,8,20260818:4515:200:2:5:2:8
200,dpfi,5,atom_h,9,20260818:4515:200:2:5:1:9
200,dpfi,5,atom_v,9,20260818:4515:200:2:5:2:9
200,dpfi,5,atom_h,10,20260818:4515:200:2:5:1:10
200,dpfi,5,atom_v,10,20260818:4515:200:2:5:2:10
200,dpfi,5,atom_h,11,20260818:4515:200:2:5:1:11
200,dpfi,5,atom_v,11,20260818:4515:200:2:5:2:11
200,dpfi,5,atom_h,12,20260818:4515:200:2:5:1:12
200,dpfi,5,atom_v,12,20260818:4515:200:2:5:2:12
200,dpfi,5,atom_h,13,20260818:4515:200:2:5:1:13
200,dpfi,5,atom_v,13,20260818:4515:200:2:5:2:13
200,dpfi,5,atom_h,14,20260818:4515:200:2:5:1:14
200,dpfi,5,atom_v,14,20260818:4515:200:2:5:2:14
200,dpfi,5,atom_h,15,20260818:4515:200:2:5:1:15
200,dpfi,5,atom_v,15,20260818:4515:200:2:5:2:15
200,dpfi,6,blank_h,0,20260818:4515:200:2:6:3:0
200,dpfi,6,blank_v,0,20260818:4515:200:2:6:4:0
200,dpfi,6,dark_h,0,20260818:4515:200:2:6:5:0
200,dpfi,6,dark_v,0,20260818:4515:200:2:6:6:0
200,dpfi,6,atom_h,1,20260818:4515:200:2:6:1:1
200,dpfi,6,atom_v,1,20260818:4515:200:2:6:2:1
200,dpfi,6,atom_h,2,20260818:4515:200:2:6:1:2
200,dpfi,6,atom_v,2,20260818:4515:200:2:6:2:2
200,dpfi,6,atom_h,3,20260818:4515:200:2:6:1:3
200,dpfi,6,atom_v,3,20260818:4515:200:2:6:2:3
200,dpfi,6,atom_h,4,20260818:4515:200:2:6:1:4
200,dpfi,6,atom_v,4,20260818:4515:200:2:6:2:4
200,dpfi,6,atom_h,5,20260818:4515:200:2:6:1:5
200,dpfi,6,atom_v,5,20260818:4515:200:2:6:2:5
200,dpfi,6,atom_h,6,20260818:4515:200:2:6:1:6
200,dpfi,6,atom_v,6,20260818:4515:200:2:6:2:6
200,dpfi,6,atom_h,7,20260818:4515:200:2:6:1:7
200,dpfi,6,atom_v,7,20260818:4515:200:2:6:2:7
200,dpfi,6,atom_h,8,20260818:4515:200:2:6:1:8
200,dpfi,6,atom_v,8,20260818:4515:200:2:6:2:8
200,dpfi,6,atom_h,9,20260818:4515:200:2:6:1:9
200,dpfi,6,atom_v,9,20260818:4515:200:2:6:2:9
200,dpfi,6,atom_h,10,20260818:4515:200:2:6:1:10
200,dpfi,6,atom_v,10,20260818:4515:200:2:6:2:10
200,dpfi,6,atom_h,11,20260818:4515:200:2:6:1:11
200,dpfi,6,atom_v,11,20260818:4515:200:2:6:2:11
200,dpfi,6,atom_h,12,20260818:4515:200:2:6:1:12
200,dpfi,6,atom_v,12,20260818:4515:200:2:6:2:12
200,dpfi,6,atom_h,13,20260818:4515:200:2:6:1:13
200,dpfi,6,atom_v,13,20260818:4515:200:2:6:2:13
200,dpfi,6,atom_h,14,20260818:4515:200:2:6:1:14
200,dpfi,6,atom_v,14,20260818:4515:200:2:6:2:14
200,dpfi,6,atom_h,15,20260818:4515:200:2:6:1:15
200,dpfi,6,atom_v,15,20260818:4515:200:2:6:2:15
200,dpfi,7,blank_h,0,20260818:4515:200:2:7:3:0
200,dpfi,7,blank_v,0,20260818:4515:200:2:7:4:0
200,dpfi,7,dark_h,0,20260818:4515:200:2:7:5:0
200,dpfi,7,dark_v,0,20260818:4515:200:2:7:6:0
200,dpfi,7,atom_h,1,20260818:4515:200:2:7:1:1
200,dpfi,7,atom_v,1,20260818:4515:200:2:7:2:1
200,dpfi,7,atom_h,2,20260818:4515:200:2:7:1:2
200,dpfi,7,atom_v,2,20260818:4515:200:2:7:2:2
200,dpfi,7,atom_h,3,20260818:4515:200:2:7:1:3
200,dpfi,7,atom_v,3,20260818:4515:200:2:7:2:3
200,dpfi,7,atom_h,4,20260818:4515:200:2:7:1:4
200,dpfi,7,atom_v,4,20260818:4515:200:2:7:2:4
200,dpfi,7,atom_h,5,20260818:4515:200:2:7:1:5
200,dpfi,7,atom_v,5,20260818:4515:200:2:7:2:5
200,dpfi,7,atom_h,6,20260818:4515:200:2:7:1:6
200,dpfi,7,atom_v,6,20260818:4515:200:2:7:2:6
200,dpfi,7,atom_h,7,20260818:4515:200:2:7:1:7
200,dpfi,7,atom_v,7,20260818:4515:200:2:7:2:7
200,dpfi,7,atom_h,8,20260818:4515:200:2:7:1:8
200,dpfi,7,atom_v,8,20260818:4515:200:2:7:2:8
200,dpfi,7,atom_h,9,20260818:4515:200:2:7:1:9
200,dpfi,7,atom_v,9,20260818:4515:200:2:7:2:9
200,dpfi,7,atom_h,10,20260818:4515:200:2:7:1:10
200,dpfi,7,atom_v,10,20260818:4515:200:2:7:2:10
200,dpfi,7,atom_h,11,20260818:4515:200:2:7:1:11
200,dpfi,7,atom_v,11,20260818:4515:200:2:7:2:11
200,dpfi,7,atom_h,12,20260818:4515:200:2:7:1:12
200,dpfi,7,atom_v,12,20260818:4515:200:2:7:2:12
200,dpfi,7,atom_h,13,20260818:4515:200:2:7:1:13
200,dpfi,7,atom_v,13,20260818:4515:200:2:7:2:13
200,dpfi,7,atom_h,14,20260818:4515:200:2:7:1:14
200,dpfi,7,atom_v,14,20260818:4515:200:2:7:2:14
200,dpfi,7,atom_h,15,20260818:4515:200:2:7:1:15
200,dpfi,7,atom_v,15,20260818:4515:200:2:7:2:15
200,dpfi,8,blank_h,0,20260818:4515:200:2:8:3:0
200,dpfi,8,blank_v,0,20260818:4515:200:2:8:4:0
200,dpfi,8,dark_h,0,20260818:4515:200:2:8:5:0
200,dpfi,8,dark_v,0,20260818:4515:200:2:8:6:0
200,dpfi,8,atom_h,1,20260818:4515:200:2:8:1:1
200,dpfi,8,atom_v,1,20260818:4515:200:2:8:2:1
200,dpfi,8,atom_h,2,20260818:4515:200:2:8:1:2
200,dpfi,8,atom_v,2,20260818:4515:200:2:8:2:2
200,dpfi,8,atom_h,3,20260818:4515:200:2:8:1:3
200,dpfi,8,atom_v,3,20260818:4515:200:2:8:2:3
200,dpfi,8,atom_h,4,20260818:4515:200:2:8:1:4
200,dpfi,8,atom_v,4,20260818:4515:200:2:8:2:4
200,dpfi,8,atom_h,5,20260818:4515:200:2:8:1:5
200,dpfi,8,atom_v,5,20260818:4515:200:2:8:2:5
200,dpfi,8,atom_h,6,20260818:4515:200:2:8:1:6
200,dpfi,8,atom_v,6,20260818:4515:200:2:8:2:6
200,dpfi,8,atom_h,7,20260818:4515:200:2:8:1:7
200,dpfi,8,atom_v,7,20260818:4515:200:2:8:2:7
200,dpfi,8,atom_h,8,20260818:4515:200:2:8:1:8
200,dpfi,8,atom_v,8,20260818:4515:200:2:8:2:8
200,dpfi,8,atom_h,9,20260818:4515:200:2:8:1:9
200,dpfi,8,atom_v,9,20260818:4515:200:2:8:2:9
200,dpfi,8,atom_h,10,20260818:4515:200:2:8:1:10
200,dpfi,8,atom_v,10,20260818:4515:200:2:8:2:10
200,dpfi,8,atom_h,11,20260818:4515:200:2:8:1:11
200,dpfi,8,atom_v,11,20260818:4515:200:2:8:2:11
200,dpfi,8,atom_h,12,20260818:4515:200:2:8:1:12
200,dpfi,8,atom_v,12,20260818:4515:200:2:8:2:12
200,dpfi,8,atom_h,13,20260818:4515:200:2:8:1:13
200,dpfi,8,atom_v,13,20260818:4515:200:2:8:2:13
200,dpfi,8,atom_h,14,20260818:4515:200:2:8:1:14
200,dpfi,8,atom_v,14,20260818:4515:200:2:8:2:14
200,dpfi,8,atom_h,15,20260818:4515:200:2:8:1:15
200,dpfi,8,atom_v,15,20260818:4515:200:2:8:2:15
200,dpfi,9,blank_h,0,20260818:4515:200:2:9:3:0
200,dpfi,9,blank_v,0,20260818:4515:200:2:9:4:0
200,dpfi,9,dark_h,0,20260818:4515:200:2:9:5:0
200,dpfi,9,dark_v,0,20260818:4515:200:2:9:6:0
200,dpfi,9,atom_h,1,20260818:4515:200:2:9:1:1
200,dpfi,9,atom_v,1,20260818:4515:200:2:9:2:1
200,dpfi,9,atom_h,2,20260818:4515:200:2:9:1:2
200,dpfi,9,atom_v,2,20260818:4515:200:2:9:2:2
200,dpfi,9,atom_h,3,20260818:4515:200:2:9:1:3
200,dpfi,9,atom_v,3,20260818:4515:200:2:9:2:3
200,dpfi,9,atom_h,4,20260818:4515:200:2:9:1:4
200,dpfi,9,atom_v,4,20260818:4515:200:2:9:2:4
200,dpfi,9,atom_h,5,20260818:4515:200:2:9:1:5
200,dpfi,9,atom_v,5,20260818:4515:200:2:9:2:5
200,dpfi,9,atom_h,6,20260818:4515:200:2:9:1:6
200,dpfi,9,atom_v,6,20260818:4515:200:2:9:2:6
200,dpfi,9,atom_h,7,20260818:4515:200:2:9:1:7
200,dpfi,9,atom_v,7,20260818:4515:200:2:9:2:7
200,dpfi,9,atom_h,8,20260818:4515:200:2:9:1:8
200,dpfi,9,atom_v,8,20260818:4515:200:2:9:2:8
200,dpfi,9,atom_h,9,20260818:4515:200:2:9:1:9
200,dpfi,9,atom_v,9,20260818:4515:200:2:9:2:9
200,dpfi,9,atom_h,10,20260818:4515:200:2:9:1:10
200,dpfi,9,atom_v,10,20260818:4515:200:2:9:2:10
200,dpfi,9,atom_h,11,20260818:4515:200:2:9:1:11
200,dpfi,9,atom_v,11,20260818:4515:200:2:9:2:11
200,dpfi,9,atom_h,12,20260818:4515:200:2:9:1:12
200,dpfi,9,atom_v,12,20260818:4515:200:2:9:2:12
200,dpfi,9,atom_h,13,20260818:4515:200:2:9:1:13
200,dpfi,9,atom_v,13,20260818:4515:200:2:9:2:13
200,dpfi,9,atom_h,14,20260818:4515:200:2:9:1:14
200,dpfi,9,atom_v,14,20260818:4515:200:2:9:2:14
200,dpfi,9,atom_h,15,20260818:4515:200:2:9:1:15
200,dpfi,9,atom_v,15,20260818:4515:200:2:9:2:15
200,dpfi,10,blank_h,0,20260818:4515:200:2:10:3:0
200,dpfi,10,blank_v,0,20260818:4515:200:2:10:4:0
200,dpfi,10,dark_h,0,20260818:4515:200:2:10:5:0
200,dpfi,10,dark_v,0,20260818:4515:200:2:10:6:0
200,dpfi,10,atom_h,1,20260818:4515:200:2:10:1:1
200,dpfi,10,atom_v,1,20260818:4515:200:2:10:2:1
200,dpfi,10,atom_h,2,20260818:4515:200:2:10:1:2
200,dpfi,10,atom_v,2,20260818:4515:200:2:10:2:2
200,dpfi,10,atom_h,3,20260818:4515:200:2:10:1:3
200,dpfi,10,atom_v,3,20260818:4515:200:2:10:2:3
200,dpfi,10,atom_h,4,20260818:4515:200:2:10:1:4
200,dpfi,10,atom_v,4,20260818:4515:200:2:10:2:4
200,dpfi,10,atom_h,5,20260818:4515:200:2:10:1:5
200,dpfi,10,atom_v,5,20260818:4515:200:2:10:2:5
200,dpfi,10,atom_h,6,20260818:4515:200:2:10:1:6
200,dpfi,10,atom_v,6,20260818:4515:200:2:10:2:6
200,dpfi,10,atom_h,7,20260818:4515:200:2:10:1:7
200,dpfi,10,atom_v,7,20260818:4515:200:2:10:2:7
200,dpfi,10,atom_h,8,20260818:4515:200:2:10:1:8
200,dpfi,10,atom_v,8,20260818:4515:200:2:10:2:8
200,dpfi,10,atom_h,9,20260818:4515:200:2:10:1:9
200,dpfi,10,atom_v,9,20260818:4515:200:2:10:2:9
200,dpfi,10,atom_h,10,20260818:4515:200:2:10:1:10
200,dpfi,10,atom_v,10,20260818:4515:200:2:10:2:10
200,dpfi,10,atom_h,11,20260818:4515:200:2:10:1:11
200,dpfi,10,atom_v,11,20260818:4515:200:2:10:2:11
200,dpfi,10,atom_h,12,20260818:4515:200:2:10:1:12
200,dpfi,10,atom_v,12,20260818:4515:200:2:10:2:12
200,dpfi,10,atom_h,13,20260818:4515:200:2:10:1:13
200,dpfi,10,atom_v,13,20260818:4515:200:2:10:2:13
200,dpfi,10,atom_h,14,20260818:4515:200:2:10:1:14
200,dpfi,10,atom_v,14,20260818:4515:200:2:10:2:14
200,dpfi,10,atom_h,15,20260818:4515:200:2:10:1:15
200,dpfi,10,atom_v,15,20260818:4515:200:2:10:2:15
200,dpfi,11,blank_h,0,20260818:4515:200:2:11:3:0
200,dpfi,11,blank_v,0,20260818:4515:200:2:11:4:0
200,dpfi,11,dark_h,0,20260818:4515:200:2:11:5:0
200,dpfi,11,dark_v,0,20260818:4515:200:2:11:6:0
200,dpfi,11,atom_h,1,20260818:4515:200:2:11:1:1
200,dpfi,11,atom_v,1,20260818:4515:200:2:11:2:1
200,dpfi,11,atom_h,2,20260818:4515:200:2:11:1:2
200,dpfi,11,atom_v,2,20260818:4515:200:2:11:2:2
200,dpfi,11,atom_h,3,20260818:4515:200:2:11:1:3
200,dpfi,11,atom_v,3,20260818:4515:200:2:11:2:3
200,dpfi,11,atom_h,4,20260818:4515:200:2:11:1:4
200,dpfi,11,atom_v,4,20260818:4515:200:2:11:2:4
200,dpfi,11,atom_h,5,20260818:4515:200:2:11:1:5
200,dpfi,11,atom_v,5,20260818:4515:200:2:11:2:5
200,dpfi,11,atom_h,6,20260818:4515:200:2:11:1:6
200,dpfi,11,atom_v,6,20260818:4515:200:2:11:2:6
200,dpfi,11,atom_h,7,20260818:4515:200:2:11:1:7
200,dpfi,11,atom_v,7,20260818:4515:200:2:11:2:7
200,dpfi,11,atom_h,8,20260818:4515:200:2:11:1:8
200,dpfi,11,atom_v,8,20260818:4515:200:2:11:2:8
200,dpfi,11,atom_h,9,20260818:4515:200:2:11:1:9
200,dpfi,11,atom_v,9,20260818:4515:200:2:11:2:9
200,dpfi,11,atom_h,10,20260818:4515:200:2:11:1:10
200,dpfi,11,atom_v,10,20260818:4515:200:2:11:2:10
200,dpfi,11,atom_h,11,20260818:4515:200:2:11:1:11
200,dpfi,11,atom_v,11,20260818:4515:200:2:11:2:11
200,dpfi,11,atom_h,12,20260818:4515:200:2:11:1:12
200,dpfi,11,atom_v,12,20260818:4515:200:2:11:2:12
200,dpfi,11,atom_h,13,20260818:4515:200:2:11:1:13
200,dpfi,11,atom_v,13,20260818:4515:200:2:11:2:13
200,dpfi,11,atom_h,14,20260818:4515:200:2:11:1:14
200,dpfi,11,atom_v,14,20260818:4515:200:2:11:2:14
200,dpfi,11,atom_h,15,20260818:4515:200:2:11:1:15
200,dpfi,11,atom_v,15,20260818:4515:200:2:11:2:15
200,dpfi,12,blank_h,0,20260818:4515:200:2:12:3:0
200,dpfi,12,blank_v,0,20260818:4515:200:2:12:4:0
200,dpfi,12,dark_h,0,20260818:4515:200:2:12:5:0
200,dpfi,12,dark_v,0,20260818:4515:200:2:12:6:0
200,dpfi,12,atom_h,1,20260818:4515:200:2:12:1:1
200,dpfi,12,atom_v,1,20260818:4515:200:2:12:2:1
200,dpfi,12,atom_h,2,20260818:4515:200:2:12:1:2
200,dpfi,12,atom_v,2,20260818:4515:200:2:12:2:2
200,dpfi,12,atom_h,3,20260818:4515:200:2:12:1:3
200,dpfi,12,atom_v,3,20260818:4515:200:2:12:2:3
200,dpfi,12,atom_h,4,20260818:4515:200:2:12:1:4
200,dpfi,12,atom_v,4,20260818:4515:200:2:12:2:4
200,dpfi,12,atom_h,5,20260818:4515:200:2:12:1:5
200,dpfi,12,atom_v,5,20260818:4515:200:2:12:2:5
200,dpfi,12,atom_h,6,20260818:4515:200:2:12:1:6
200,dpfi,12,atom_v,6,20260818:4515:200:2:12:2:6
200,dpfi,12,atom_h,7,20260818:4515:200:2:12:1:7
200,dpfi,12,atom_v,7,20260818:4515:200:2:12:2:7
200,dpfi,12,atom_h,8,20260818:4515:200:2:12:1:8
200,dpfi,12,atom_v,8,20260818:4515:200:2:12:2:8
200,dpfi,12,atom_h,9,20260818:4515:200:2:12:1:9
200,dpfi,12,atom_v,9,20260818:4515:200:2:12:2:9
200,dpfi,12,atom_h,10,20260818:4515:200:2:12:1:10
200,dpfi,12,atom_v,10,20260818:4515:200:2:12:2:10
200,dpfi,12,atom_h,11,20260818:4515:200:2:12:1:11
200,dpfi,12,atom_v,11,20260818:4515:200:2:12:2:11
200,dpfi,12,atom_h,12,20260818:4515:200:2:12:1:12
200,dpfi,12,atom_v,12,20260818:4515:200:2:12:2:12
200,dpfi,12,atom_h,13,20260818:4515:200:2:12:1:13
200,dpfi,12,atom_v,13,20260818:4515:200:2:12:2:13
200,dpfi,12,atom_h,14,20260818:4515:200:2:12:1:14
200,dpfi,12,atom_v,14,20260818:4515:200:2:12:2:14
200,dpfi,12,atom_h,15,20260818:4515:200:2:12:1:15
200,dpfi,12,atom_v,15,20260818:4515:200:2:12:2:15
200,dpfi,13,blank_h,0,20260818:4515:200:2:13:3:0
200,dpfi,13,blank_v,0,20260818:4515:200:2:13:4:0
200,dpfi,13,dark_h,0,20260818:4515:200:2:13:5:0
200,dpfi,13,dark_v,0,20260818:4515:200:2:13:6:0
200,dpfi,13,atom_h,1,20260818:4515:200:2:13:1:1
200,dpfi,13,atom_v,1,20260818:4515:200:2:13:2:1
200,dpfi,13,atom_h,2,20260818:4515:200:2:13:1:2
200,dpfi,13,atom_v,2,20260818:4515:200:2:13:2:2
200,dpfi,13,atom_h,3,20260818:4515:200:2:13:1:3
200,dpfi,13,atom_v,3,20260818:4515:200:2:13:2:3
200,dpfi,13,atom_h,4,20260818:4515:200:2:13:1:4
200,dpfi,13,atom_v,4,20260818:4515:200:2:13:2:4
200,dpfi,13,atom_h,5,20260818:4515:200:2:13:1:5
200,dpfi,13,atom_v,5,20260818:4515:200:2:13:2:5
200,dpfi,13,atom_h,6,20260818:4515:200:2:13:1:6
200,dpfi,13,atom_v,6,20260818:4515:200:2:13:2:6
200,dpfi,13,atom_h,7,20260818:4515:200:2:13:1:7
200,dpfi,13,atom_v,7,20260818:4515:200:2:13:2:7
200,dpfi,13,atom_h,8,20260818:4515:200:2:13:1:8
200,dpfi,13,atom_v,8,20260818:4515:200:2:13:2:8
200,dpfi,13,atom_h,9,20260818:4515:200:2:13:1:9
200,dpfi,13,atom_v,9,20260818:4515:200:2:13:2:9
200,dpfi,13,atom_h,10,20260818:4515:200:2:13:1:10
200,dpfi,13,atom_v,10,20260818:4515:200:2:13:2:10
200,dpfi,13,atom_h,11,20260818:4515:200:2:13:1:11
200,dpfi,13,atom_v,11,20260818:4515:200:2:13:2:11
200,dpfi,13,atom_h,12,20260818:4515:200:2:13:1:12
200,dpfi,13,atom_v,12,20260818:4515:200:2:13:2:12
200,dpfi,13,atom_h,13,20260818:4515:200:2:13:1:13
200,dpfi,13,atom_v,13,20260818:4515:200:2:13:2:13
200,dpfi,13,atom_h,14,20260818:4515:200:2:13:1:14
200,dpfi,13,atom_v,14,20260818:4515:200:2:13:2:14
200,dpfi,13,atom_h,15,20260818:4515:200:2:13:1:15
200,dpfi,13,atom_v,15,20260818:4515:200:2:13:2:15
200,dpfi,14,blank_h,0,20260818:4515:200:2:14:3:0
200,dpfi,14,blank_v,0,20260818:4515:200:2:14:4:0
200,dpfi,14,dark_h,0,20260818:4515:200:2:14:5:0
200,dpfi,14,dark_v,0,20260818:4515:200:2:14:6:0
200,dpfi,14,atom_h,1,20260818:4515:200:2:14:1:1
200,dpfi,14,atom_v,1,20260818:4515:200:2:14:2:1
200,dpfi,14,atom_h,2,20260818:4515:200:2:14:1:2
200,dpfi,14,atom_v,2,20260818:4515:200:2:14:2:2
200,dpfi,14,atom_h,3,20260818:4515:200:2:14:1:3
200,dpfi,14,atom_v,3,20260818:4515:200:2:14:2:3
200,dpfi,14,atom_h,4,20260818:4515:200:2:14:1:4
200,dpfi,14,atom_v,4,20260818:4515:200:2:14:2:4
200,dpfi,14,atom_h,5,20260818:4515:200:2:14:1:5
200,dpfi,14,atom_v,5,20260818:4515:200:2:14:2:5
200,dpfi,14,atom_h,6,20260818:4515:200:2:14:1:6
200,dpfi,14,atom_v,6,20260818:4515:200:2:14:2:6
200,dpfi,14,atom_h,7,20260818:4515:200:2:14:1:7
200,dpfi,14,atom_v,7,20260818:4515:200:2:14:2:7
200,dpfi,14,atom_h,8,20260818:4515:200:2:14:1:8
200,dpfi,14,atom_v,8,20260818:4515:200:2:14:2:8
200,dpfi,14,atom_h,9,20260818:4515:200:2:14:1:9
200,dpfi,14,atom_v,9,20260818:4515:200:2:14:2:9
200,dpfi,14,atom_h,10,20260818:4515:200:2:14:1:10
200,dpfi,14,atom_v,10,20260818:4515:200:2:14:2:10
200,dpfi,14,atom_h,11,20260818:4515:200:2:14:1:11
200,dpfi,14,atom_v,11,20260818:4515:200:2:14:2:11
200,dpfi,14,atom_h,12,20260818:4515:200:2:14:1:12
200,dpfi,14,atom_v,12,20260818:4515:200:2:14:2:12
200,dpfi,14,atom_h,13,20260818:4515:200:2:14:1:13
200,dpfi,14,atom_v,13,20260818:4515:200:2:14:2:13
200,dpfi,14,atom_h,14,20260818:4515:200:2:14:1:14
200,dpfi,14,atom_v,14,20260818:4515:200:2:14:2:14
200,dpfi,14,atom_h,15,20260818:4515:200:2:14:1:15
200,dpfi,14,atom_v,15,20260818:4515:200:2:14:2:15
200,dpfi,15,blank_h,0,20260818:4515:200:2:15:3:0
200,dpfi,15,blank_v,0,20260818:4515:200:2:15:4:0
200,dpfi,15,dark_h,0,20260818:4515:200:2:15:5:0
200,dpfi,15,dark_v,0,20260818:4515:200:2:15:6:0
200,dpfi,15,atom_h,1,20260818:4515:200:2:15:1:1
200,dpfi,15,atom_v,1,20260818:4515:200:2:15:2:1
200,dpfi,15,atom_h,2,20260818:4515:200:2:15:1:2
200,dpfi,15,atom_v,2,20260818:4515:200:2:15:2:2
200,dpfi,15,atom_h,3,20260818:4515:200:2:15:1:3
200,dpfi,15,atom_v,3,20260818:4515:200:2:15:2:3
200,dpfi,15,atom_h,4,20260818:4515:200:2:15:1:4
200,dpfi,15,atom_v,4,20260818:4515:200:2:15:2:4
200,dpfi,15,atom_h,5,20260818:4515:200:2:15:1:5
200,dpfi,15,atom_v,5,20260818:4515:200:2:15:2:5
200,dpfi,15,atom_h,6,20260818:4515:200:2:15:1:6
200,dpfi,15,atom_v,6,20260818:4515:200:2:15:2:6
200,dpfi,15,atom_h,7,20260818:4515:200:2:15:1:7
200,dpfi,15,atom_v,7,20260818:4515:200:2:15:2:7
200,dpfi,15,atom_h,8,20260818:4515:200:2:15:1:8
200,dpfi,15,atom_v,8,20260818:4515:200:2:15:2:8
200,dpfi,15,atom_h,9,20260818:4515:200:2:15:1:9
200,dpfi,15,atom_v,9,20260818:4515:200:2:15:2:9
200,dpfi,15,atom_h,10,20260818:4515:200:2:15:1:10
200,dpfi,15,atom_v,10,20260818:4515:200:2:15:2:10
200,dpfi,15,atom_h,11,20260818:4515:200:2:15:1:11
200,dpfi,15,atom_v,11,20260818:4515:200:2:15:2:11
200,dpfi,15,atom_h,12,20260818:4515:200:2:15:1:12
200,dpfi,15,atom_v,12,20260818:4515:200:2:15:2:12
200,dpfi,15,atom_h,13,20260818:4515:200:2:15:1:13
200,dpfi,15,atom_v,13,20260818:4515:200:2:15:2:13
200,dpfi,15,atom_h,14,20260818:4515:200:2:15:1:14
200,dpfi,15,atom_v,14,20260818:4515:200:2:15:2:14
200,dpfi,15,atom_h,15,20260818:4515:200:2:15:1:15
200,dpfi,15,atom_v,15,20260818:4515:200:2:15:2:15
200,dpfi,16,blank_h,0,20260818:4515:200:2:16:3:0
200,dpfi,16,blank_v,0,20260818:4515:200:2:16:4:0
200,dpfi,16,dark_h,0,20260818:4515:200:2:16:5:0
200,dpfi,16,dark_v,0,20260818:4515:200:2:16:6:0
200,dpfi,16,atom_h,1,20260818:4515:200:2:16:1:1
200,dpfi,16,atom_v,1,20260818:4515:200:2:16:2:1
200,dpfi,16,atom_h,2,20260818:4515:200:2:16:1:2
200,dpfi,16,atom_v,2,20260818:4515:200:2:16:2:2
200,dpfi,16,atom_h,3,20260818:4515:200:2:16:1:3
200,dpfi,16,atom_v,3,20260818:4515:200:2:16:2:3
200,dpfi,16,atom_h,4,20260818:4515:200:2:16:1:4
200,dpfi,16,atom_v,4,20260818:4515:200:2:16:2:4
200,dpfi,16,atom_h,5,20260818:4515:200:2:16:1:5
200,dpfi,16,atom_v,5,20260818:4515:200:2:16:2:5
200,dpfi,16,atom_h,6,20260818:4515:200:2:16:1:6
200,dpfi,16,atom_v,6,20260818:4515:200:2:16:2:6
200,dpfi,16,atom_h,7,20260818:4515:200:2:16:1:7
200,dpfi,16,atom_v,7,20260818:4515:200:2:16:2:7
200,dpfi,16,atom_h,8,20260818:4515:200:2:16:1:8
200,dpfi,16,atom_v,8,20260818:4515:200:2:16:2:8
200,dpfi,16,atom_h,9,20260818:4515:200:2:16:1:9
200,dpfi,16,atom_v,9,20260818:4515:200:2:16:2:9
200,dpfi,16,atom_h,10,20260818:4515:200:2:16:1:10
200,dpfi,16,atom_v,10,20260818:4515:200:2:16:2:10
200,dpfi,16,atom_h,11,20260818:4515:200:2:16:1:11
200,dpfi,16,atom_v,11,20260818:4515:200:2:16:2:11
200,dpfi,16,atom_h,12,20260818:4515:200:2:16:1:12
200,dpfi,16,atom_v,12,20260818:4515:200:2:16:2:12
200,dpfi,16,atom_h,13,20260818:4515:200:2:16:1:13
200,dpfi,16,atom_v,13,20260818:4515:200:2:16:2:13
200,dpfi,16,atom_h,14,20260818:4515:200:2:16:1:14
200,dpfi,16,atom_v,14,20260818:4515:200:2:16:2:14
200,dpfi,16,atom_h,15,20260818:4515:200:2:16:1:15
200,dpfi,16,atom_v,15,20260818:4515:200:2:16:2:15
200,dpfi,17,blank_h,0,20260818:4515:200:2:17:3:0
200,dpfi,17,blank_v,0,20260818:4515:200:2:17:4:0
200,dpfi,17,dark_h,0,20260818:4515:200:2:17:5:0
200,dpfi,17,dark_v,0,20260818:4515:200:2:17:6:0
200,dpfi,17,atom_h,1,20260818:4515:200:2:17:1:1
200,dpfi,17,atom_v,1,20260818:4515:200:2:17:2:1
200,dpfi,17,atom_h,2,20260818:4515:200:2:17:1:2
200,dpfi,17,atom_v,2,20260818:4515:200:2:17:2:2
200,dpfi,17,atom_h,3,20260818:4515:200:2:17:1:3
200,dpfi,17,atom_v,3,20260818:4515:200:2:17:2:3
200,dpfi,17,atom_h,4,20260818:4515:200:2:17:1:4
200,dpfi,17,atom_v,4,20260818:4515:200:2:17:2:4
200,dpfi,17,atom_h,5,20260818:4515:200:2:17:1:5
200,dpfi,17,atom_v,5,20260818:4515:200:2:17:2:5
200,dpfi,17,atom_h,6,20260818:4515:200:2:17:1:6
200,dpfi,17,atom_v,6,20260818:4515:200:2:17:2:6
200,dpfi,17,atom_h,7,20260818:4515:200:2:17:1:7
200,dpfi,17,atom_v,7,20260818:4515:200:2:17:2:7
200,dpfi,17,atom_h,8,20260818:4515:200:2:17:1:8
200,dpfi,17,atom_v,8,20260818:4515:200:2:17:2:8
200,dpfi,17,atom_h,9,20260818:4515:200:2:17:1:9
200,dpfi,17,atom_v,9,20260818:4515:200:2:17:2:9
200,dpfi,17,atom_h,10,20260818:4515:200:2:17:1:10
200,dpfi,17,atom_v,10,20260818:4515:200:2:17:2:10
200,dpfi,17,atom_h,11,20260818:4515:200:2:17:1:11
200,dpfi,17,atom_v,11,20260818:4515:200:2:17:2:11
200,dpfi,17,atom_h,12,20260818:4515:200:2:17:1:12
200,dpfi,17,atom_v,12,20260818:4515:200:2:17:2:12
200,dpfi,17,atom_h,13,20260818:4515:200:2:17:1:13
200,dpfi,17,atom_v,13,20260818:4515:200:2:17:2:13
200,dpfi,17,atom_h,14,20260818:4515:200:2:17:1:14
200,dpfi,17,atom_v,14,20260818:4515:200:2:17:2:14
200,dpfi,17,atom_h,15,20260818:4515:200:2:17:1:15
200,dpfi,17,atom_v,15,20260818:4515:200:2:17:2:15
200,dpfi,18,blank_h,0,20260818:4515:200:2:18:3:0
200,dpfi,18,blank_v,0,20260818:4515:200:2:18:4:0
200,dpfi,18,dark_h,0,20260818:4515:200:2:18:5:0
200,dpfi,18,dark_v,0,20260818:4515:200:2:18:6:0
200,dpfi,18,atom_h,1,20260818:4515:200:2:18:1:1
200,dpfi,18,atom_v,1,20260818:4515:200:2:18:2:1
200,dpfi,18,atom_h,2,20260818:4515:200:2:18:1:2
200,dpfi,18,atom_v,2,20260818:4515:200:2:18:2:2
200,dpfi,18,atom_h,3,20260818:4515:200:2:18:1:3
200,dpfi,18,atom_v,3,20260818:4515:200:2:18:2:3
200,dpfi,18,atom_h,4,20260818:4515:200:2:18:1:4
200,dpfi,18,atom_v,4,20260818:4515:200:2:18:2:4
200,dpfi,18,atom_h,5,20260818:4515:200:2:18:1:5
200,dpfi,18,atom_v,5,20260818:4515:200:2:18:2:5
200,dpfi,18,atom_h,6,20260818:4515:200:2:18:1:6
200,dpfi,18,atom_v,6,20260818:4515:200:2:18:2:6
200,dpfi,18,atom_h,7,20260818:4515:200:2:18:1:7
200,dpfi,18,atom_v,7,20260818:4515:200:2:18:2:7
200,dpfi,18,atom_h,8,20260818:4515:200:2:18:1:8
200,dpfi,18,atom_v,8,20260818:4515:200:2:18:2:8
200,dpfi,18,atom_h,9,20260818:4515:200:2:18:1:9
200,dpfi,18,atom_v,9,20260818:4515:200:2:18:2:9
200,dpfi,18,atom_h,10,20260818:4515:200:2:18:1:10
200,dpfi,18,atom_v,10,20260818:4515:200:2:18:2:10
200,dpfi,18,atom_h,11,20260818:4515:200:2:18:1:11
200,dpfi,18,atom_v,11,20260818:4515:200:2:18:2:11
200,dpfi,18,atom_h,12,20260818:4515:200:2:18:1:12
200,dpfi,18,atom_v,12,20260818:4515:200:2:18:2:12
200,dpfi,18,atom_h,13,20260818:4515:200:2:18:1:13
200,dpfi,18,atom_v,13,20260818:4515:200:2:18:2:13
200,dpfi,18,atom_h,14,20260818:4515:200:2:18:1:14
200,dpfi,18,atom_v,14,20260818:4515:200:2:18:2:14
200,dpfi,18,atom_h,15,20260818:4515:200:2:18:1:15
200,dpfi,18,atom_v,15,20260818:4515:200:2:18:2:15
200,dpfi,19,blank_h,0,20260818:4515:200:2:19:3:0
200,dpfi,19,blank_v,0,20260818:4515:200:2:19:4:0
200,dpfi,19,dark_h,0,20260818:4515:200:2:19:5:0
200,dpfi,19,dark_v,0,20260818:4515:200:2:19:6:0
200,dpfi,19,atom_h,1,20260818:4515:200:2:19:1:1
200,dpfi,19,atom_v,1,20260818:4515:200:2:19:2:1
200,dpfi,19,atom_h,2,20260818:4515:200:2:19:1:2
200,dpfi,19,atom_v,2,20260818:4515:200:2:19:2:2
200,dpfi,19,atom_h,3,20260818:4515:200:2:19:1:3
200,dpfi,19,atom_v,3,20260818:4515:200:2:19:2:3
200,dpfi,19,atom_h,4,20260818:4515:200:2:19:1:4
200,dpfi,19,atom_v,4,20260818:4515:200:2:19:2:4
200,dpfi,19,atom_h,5,20260818:4515:200:2:19:1:5
200,dpfi,19,atom_v,5,20260818:4515:200:2:19:2:5
200,dpfi,19,atom_h,6,20260818:4515:200:2:19:1:6
200,dpfi,19,atom_v,6,20260818:4515:200:2:19:2:6
200,dpfi,19,atom_h,7,20260818:4515:200:2:19:1:7
200,dpfi,19,atom_v,7,20260818:4515:200:2:19:2:7
200,dpfi,19,atom_h,8,20260818:4515:200:2:19:1:8
200,dpfi,19,atom_v,8,20260818:4515:200:2:19:2:8
200,dpfi,19,atom_h,9,20260818:4515:200:2:19:1:9
200,dpfi,19,atom_v,9,20260818:4515:200:2:19:2:9
200,dpfi,19,atom_h,10,20260818:4515:200:2:19:1:10
200,dpfi,19,atom_v,10,20260818:4515:200:2:19:2:10
200,dpfi,19,atom_h,11,20260818:4515:200:2:19:1:11
200,dpfi,19,atom_v,11,20260818:4515:200:2:19:2:11
200,dpfi,19,atom_h,12,20260818:4515:200:2:19:1:12
200,dpfi,19,atom_v,12,20260818:4515:200:2:19:2:12
200,dpfi,19,atom_h,13,20260818:4515:200:2:19:1:13
200,dpfi,19,atom_v,13,20260818:4515:200:2:19:2:13
200,dpfi,19,atom_h,14,20260818:4515:200:2:19:1:14
200,dpfi,19,atom_v,14,20260818:4515:200:2:19:2:14
200,dpfi,19,atom_h,15,20260818:4515:200:2:19:1:15
200,dpfi,19,atom_v,15,20260818:4515:200:2:19:2:15
200,dpfi,20,blank_h,0,20260818:4515:200:2:20:3:0
200,dpfi,20,blank_v,0,20260818:4515:200:2:20:4:0
200,dpfi,20,dark_h,0,20260818:4515:200:2:20:5:0
200,dpfi,20,dark_v,0,20260818:4515:200:2:20:6:0
200,dpfi,20,atom_h,1,20260818:4515:200:2:20:1:1
200,dpfi,20,atom_v,1,20260818:4515:200:2:20:2:1
200,dpfi,20,atom_h,2,20260818:4515:200:2:20:1:2
200,dpfi,20,atom_v,2,20260818:4515:200:2:20:2:2
200,dpfi,20,atom_h,3,20260818:4515:200:2:20:1:3
200,dpfi,20,atom_v,3,20260818:4515:200:2:20:2:3
200,dpfi,20,atom_h,4,20260818:4515:200:2:20:1:4
200,dpfi,20,atom_v,4,20260818:4515:200:2:20:2:4
200,dpfi,20,atom_h,5,20260818:4515:200:2:20:1:5
200,dpfi,20,atom_v,5,20260818:4515:200:2:20:2:5
200,dpfi,20,atom_h,6,20260818:4515:200:2:20:1:6
200,dpfi,20,atom_v,6,20260818:4515:200:2:20:2:6
200,dpfi,20,atom_h,7,20260818:4515:200:2:20:1:7
200,dpfi,20,atom_v,7,20260818:4515:200:2:20:2:7
200,dpfi,20,atom_h,8,20260818:4515:200:2:20:1:8
200,dpfi,20,atom_v,8,20260818:4515:200:2:20:2:8
200,dpfi,20,atom_h,9,20260818:4515:200:2:20:1:9
200,dpfi,20,atom_v,9,20260818:4515:200:2:20:2:9
200,dpfi,20,atom_h,10,20260818:4515:200:2:20:1:10
200,dpfi,20,atom_v,10,20260818:4515:200:2:20:2:10
200,dpfi,20,atom_h,11,20260818:4515:200:2:20:1:11
200,dpfi,20,atom_v,11,20260818:4515:200:2:20:2:11
200,dpfi,20,atom_h,12,20260818:4515:200:2:20:1:12
200,dpfi,20,atom_v,12,20260818:4515:200:2:20:2:12
200,dpfi,20,atom_h,13,20260818:4515:200:2:20:1:13
200,dpfi,20,atom_v,13,20260818:4515:200:2:20:2:13
200,dpfi,20,atom_h,14,20260818:4515:200:2:20:1:14
200,dpfi,20,atom_v,14,20260818:4515:200:2:20:2:14
200,dpfi,20,atom_h,15,20260818:4515:200:2:20:1:15
200,dpfi,20,atom_v,15,20260818:4515:200:2:20:2:15
200,dpfi,21,blank_h,0,20260818:4515:200:2:21:3:0
200,dpfi,21,blank_v,0,20260818:4515:200:2:21:4:0
200,dpfi,21,dark_h,0,20260818:4515:200:2:21:5:0
200,dpfi,21,dark_v,0,20260818:4515:200:2:21:6:0
200,dpfi,21,atom_h,1,20260818:4515:200:2:21:1:1
200,dpfi,21,atom_v,1,20260818:4515:200:2:21:2:1
200,dpfi,21,atom_h,2,20260818:4515:200:2:21:1:2
200,dpfi,21,atom_v,2,20260818:4515:200:2:21:2:2
200,dpfi,21,atom_h,3,20260818:4515:200:2:21:1:3
200,dpfi,21,atom_v,3,20260818:4515:200:2:21:2:3
200,dpfi,21,atom_h,4,20260818:4515:200:2:21:1:4
200,dpfi,21,atom_v,4,20260818:4515:200:2:21:2:4
200,dpfi,21,atom_h,5,20260818:4515:200:2:21:1:5
200,dpfi,21,atom_v,5,20260818:4515:200:2:21:2:5
200,dpfi,21,atom_h,6,20260818:4515:200:2:21:1:6
200,dpfi,21,atom_v,6,20260818:4515:200:2:21:2:6
200,dpfi,21,atom_h,7,20260818:4515:200:2:21:1:7
200,dpfi,21,atom_v,7,20260818:4515:200:2:21:2:7
200,dpfi,21,atom_h,8,20260818:4515:200:2:21:1:8
200,dpfi,21,atom_v,8,20260818:4515:200:2:21:2:8
200,dpfi,21,atom_h,9,20260818:4515:200:2:21:1:9
200,dpfi,21,atom_v,9,20260818:4515:200:2:21:2:9
200,dpfi,21,atom_h,10,20260818:4515:200:2:21:1:10
200,dpfi,21,atom_v,10,20260818:4515:200:2:21:2:10
200,dpfi,21,atom_h,11,20260818:4515:200:2:21:1:11
200,dpfi,21,atom_v,11,20260818:4515:200:2:21:2:11
200,dpfi,21,atom_h,12,20260818:4515:200:2:21:1:12
200,dpfi,21,atom_v,12,20260818:4515:200:2:21:2:12
200,dpfi,21,atom_h,13,20260818:4515:200:2:21:1:13
200,dpfi,21,atom_v,13,20260818:4515:200:2:21:2:13
200,dpfi,21,atom_h,14,20260818:4515:200:2:21:1:14
200,dpfi,21,atom_v,14,20260818:4515:200:2:21:2:14
200,dpfi,21,atom_h,15,20260818:4515:200:2:21:1:15
200,dpfi,21,atom_v,15,20260818:4515:200:2:21:2:15
200,dpfi,22,blank_h,0,20260818:4515:200:2:22:3:0
200,dpfi,22,blank_v,0,20260818:4515:200:2:22:4:0
200,dpfi,22,dark_h,0,20260818:4515:200:2:22:5:0
200,dpfi,22,dark_v,0,20260818:4515:200:2:22:6:0
200,dpfi,22,atom_h,1,20260818:4515:200:2:22:1:1
200,dpfi,22,atom_v,1,20260818:4515:200:2:22:2:1
200,dpfi,22,atom_h,2,20260818:4515:200:2:22:1:2
200,dpfi,22,atom_v,2,20260818:4515:200:2:22:2:2
200,dpfi,22,atom_h,3,20260818:4515:200:2:22:1:3
200,dpfi,22,atom_v,3,20260818:4515:200:2:22:2:3
200,dpfi,22,atom_h,4,20260818:4515:200:2:22:1:4
200,dpfi,22,atom_v,4,20260818:4515:200:2:22:2:4
200,dpfi,22,atom_h,5,20260818:4515:200:2:22:1:5
200,dpfi,22,atom_v,5,20260818:4515:200:2:22:2:5
200,dpfi,22,atom_h,6,20260818:4515:200:2:22:1:6
200,dpfi,22,atom_v,6,20260818:4515:200:2:22:2:6
200,dpfi,22,atom_h,7,20260818:4515:200:2:22:1:7
200,dpfi,22,atom_v,7,20260818:4515:200:2:22:2:7
200,dpfi,22,atom_h,8,20260818:4515:200:2:22:1:8
200,dpfi,22,atom_v,8,20260818:4515:200:2:22:2:8
200,dpfi,22,atom_h,9,20260818:4515:200:2:22:1:9
200,dpfi,22,atom_v,9,20260818:4515:200:2:22:2:9
200,dpfi,22,atom_h,10,20260818:4515:200:2:22:1:10
200,dpfi,22,atom_v,10,20260818:4515:200:2:22:2:10
200,dpfi,22,atom_h,11,20260818:4515:200:2:22:1:11
200,dpfi,22,atom_v,11,20260818:4515:200:2:22:2:11
200,dpfi,22,atom_h,12,20260818:4515:200:2:22:1:12
200,dpfi,22,atom_v,12,20260818:4515:200:2:22:2:12
200,dpfi,22,atom_h,13,20260818:4515:200:2:22:1:13
200,dpfi,22,atom_v,13,20260818:4515:200:2:22:2:13
200,dpfi,22,atom_h,14,20260818:4515:200:2:22:1:14
200,dpfi,22,atom_v,14,20260818:4515:200:2:22:2:14
200,dpfi,22,atom_h,15,20260818:4515:200:2:22:1:15
200,dpfi,22,atom_v,15,20260818:4515:200:2:22:2:15
200,dpfi,23,blank_h,0,20260818:4515:200:2:23:3:0
200,dpfi,23,blank_v,0,20260818:4515:200:2:23:4:0
200,dpfi,23,dark_h,0,20260818:4515:200:2:23:5:0
200,dpfi,23,dark_v,0,20260818:4515:200:2:23:6:0
200,dpfi,23,atom_h,1,20260818:4515:200:2:23:1:1
200,dpfi,23,atom_v,1,20260818:4515:200:2:23:2:1
200,dpfi,23,atom_h,2,20260818:4515:200:2:23:1:2
200,dpfi,23,atom_v,2,20260818:4515:200:2:23:2:2
200,dpfi,23,atom_h,3,20260818:4515:200:2:23:1:3
200,dpfi,23,atom_v,3,20260818:4515:200:2:23:2:3
200,dpfi,23,atom_h,4,20260818:4515:200:2:23:1:4
200,dpfi,23,atom_v,4,20260818:4515:200:2:23:2:4
200,dpfi,23,atom_h,5,20260818:4515:200:2:23:1:5
200,dpfi,23,atom_v,5,20260818:4515:200:2:23:2:5
200,dpfi,23,atom_h,6,20260818:4515:200:2:23:1:6
200,dpfi,23,atom_v,6,20260818:4515:200:2:23:2:6
200,dpfi,23,atom_h,7,20260818:4515:200:2:23:1:7
200,dpfi,23,atom_v,7,20260818:4515:200:2:23:2:7
200,dpfi,23,atom_h,8,20260818:4515:200:2:23:1:8
200,dpfi,23,atom_v,8,20260818:4515:200:2:23:2:8
200,dpfi,23,atom_h,9,20260818:4515:200:2:23:1:9
200,dpfi,23,atom_v,9,20260818:4515:200:2:23:2:9
200,dpfi,23,atom_h,10,20260818:4515:200:2:23:1:10
200,dpfi,23,atom_v,10,20260818:4515:200:2:23:2:10
200,dpfi,23,atom_h,11,20260818:4515:200:2:23:1:11
200,dpfi,23,atom_v,11,20260818:4515:200:2:23:2:11
200,dpfi,23,atom_h,12,20260818:4515:200:2:23:1:12
200,dpfi,23,atom_v,12,20260818:4515:200:2:23:2:12
200,dpfi,23,atom_h,13,20260818:4515:200:2:23:1:13
200,dpfi,23,atom_v,13,20260818:4515:200:2:23:2:13
200,dpfi,23,atom_h,14,20260818:4515:200:2:23:1:14
200,dpfi,23,atom_v,14,20260818:4515:200:2:23:2:14
200,dpfi,23,atom_h,15,20260818:4515:200:2:23:1:15
200,dpfi,23,atom_v,15,20260818:4515:200:2:23:2:15
200,dpfi,24,blank_h,0,20260818:4515:200:2:24:3:0
200,dpfi,24,blank_v,0,20260818:4515:200:2:24:4:0
200,dpfi,24,dark_h,0,20260818:4515:200:2:24:5:0
200,dpfi,24,dark_v,0,20260818:4515:200:2:24:6:0
200,dpfi,24,atom_h,1,20260818:4515:200:2:24:1:1
200,dpfi,24,atom_v,1,20260818:4515:200:2:24:2:1
200,dpfi,24,atom_h,2,20260818:4515:200:2:24:1:2
200,dpfi,24,atom_v,2,20260818:4515:200:2:24:2:2
200,dpfi,24,atom_h,3,20260818:4515:200:2:24:1:3
200,dpfi,24,atom_v,3,20260818:4515:200:2:24:2:3
200,dpfi,24,atom_h,4,20260818:4515:200:2:24:1:4
200,dpfi,24,atom_v,4,20260818:4515:200:2:24:2:4
200,dpfi,24,atom_h,5,20260818:4515:200:2:24:1:5
200,dpfi,24,atom_v,5,20260818:4515:200:2:24:2:5
200,dpfi,24,atom_h,6,20260818:4515:200:2:24:1:6
200,dpfi,24,atom_v,6,20260818:4515:200:2:24:2:6
200,dpfi,24,atom_h,7,20260818:4515:200:2:24:1:7
200,dpfi,24,atom_v,7,20260818:4515:200:2:24:2:7
200,dpfi,24,atom_h,8,20260818:4515:200:2:24:1:8
200,dpfi,24,atom_v,8,20260818:4515:200:2:24:2:8
200,dpfi,24,atom_h,9,20260818:4515:200:2:24:1:9
200,dpfi,24,atom_v,9,20260818:4515:200:2:24:2:9
200,dpfi,24,atom_h,10,20260818:4515:200:2:24:1:10
200,dpfi,24,atom_v,10,20260818:4515:200:2:24:2:10
200,dpfi,24,atom_h,11,20260818:4515:200:2:24:1:11
200,dpfi,24,atom_v,11,20260818:4515:200:2:24:2:11
200,dpfi,24,atom_h,12,20260818:4515:200:2:24:1:12
200,dpfi,24,atom_v,12,20260818:4515:200:2:24:2:12
200,dpfi,24,atom_h,13,20260818:4515:200:2:24:1:13
200,dpfi,24,atom_v,13,20260818:4515:200:2:24:2:13
200,dpfi,24,atom_h,14,20260818:4515:200:2:24:1:14
200,dpfi,24,atom_v,14,20260818:4515:200:2:24:2:14
200,dpfi,24,atom_h,15,20260818:4515:200:2:24:1:15
200,dpfi,24,atom_v,15,20260818:4515:200:2:24:2:15
200,dpfi,25,blank_h,0,20260818:4515:200:2:25:3:0
200,dpfi,25,blank_v,0,20260818:4515:200:2:25:4:0
200,dpfi,25,dark_h,0,20260818:4515:200:2:25:5:0
200,dpfi,25,dark_v,0,20260818:4515:200:2:25:6:0
200,dpfi,25,atom_h,1,20260818:4515:200:2:25:1:1
200,dpfi,25,atom_v,1,20260818:4515:200:2:25:2:1
200,dpfi,25,atom_h,2,20260818:4515:200:2:25:1:2
200,dpfi,25,atom_v,2,20260818:4515:200:2:25:2:2
200,dpfi,25,atom_h,3,20260818:4515:200:2:25:1:3
200,dpfi,25,atom_v,3,20260818:4515:200:2:25:2:3
200,dpfi,25,atom_h,4,20260818:4515:200:2:25:1:4
200,dpfi,25,atom_v,4,20260818:4515:200:2:25:2:4
200,dpfi,25,atom_h,5,20260818:4515:200:2:25:1:5
200,dpfi,25,atom_v,5,20260818:4515:200:2:25:2:5
200,dpfi,25,atom_h,6,20260818:4515:200:2:25:1:6
200,dpfi,25,atom_v,6,20260818:4515:200:2:25:2:6
200,dpfi,25,atom_h,7,20260818:4515:200:2:25:1:7
200,dpfi,25,atom_v,7,20260818:4515:200:2:25:2:7
200,dpfi,25,atom_h,8,20260818:4515:200:2:25:1:8
200,dpfi,25,atom_v,8,20260818:4515:200:2:25:2:8
200,dpfi,25,atom_h,9,20260818:4515:200:2:25:1:9
200,dpfi,25,atom_v,9,20260818:4515:200:2:25:2:9
200,dpfi,25,atom_h,10,20260818:4515:200:2:25:1:10
200,dpfi,25,atom_v,10,20260818:4515:200:2:25:2:10
200,dpfi,25,atom_h,11,20260818:4515:200:2:25:1:11
200,dpfi,25,atom_v,11,20260818:4515:200:2:25:2:11
200,dpfi,25,atom_h,12,20260818:4515:200:2:25:1:12
200,dpfi,25,atom_v,12,20260818:4515:200:2:25:2:12
200,dpfi,25,atom_h,13,20260818:4515:200:2:25:1:13
200,dpfi,25,atom_v,13,20260818:4515:200:2:25:2:13
200,dpfi,25,atom_h,14,20260818:4515:200:2:25:1:14
200,dpfi,25,atom_v,14,20260818:4515:200:2:25:2:14
200,dpfi,25,atom_h,15,20260818:4515:200:2:25:1:15
200,dpfi,25,atom_v,15,20260818:4515:200:2:25:2:15
200,dpfi,26,blank_h,0,20260818:4515:200:2:26:3:0
200,dpfi,26,blank_v,0,20260818:4515:200:2:26:4:0
200,dpfi,26,dark_h,0,20260818:4515:200:2:26:5:0
200,dpfi,26,dark_v,0,20260818:4515:200:2:26:6:0
200,dpfi,26,atom_h,1,20260818:4515:200:2:26:1:1
200,dpfi,26,atom_v,1,20260818:4515:200:2:26:2:1
200,dpfi,26,atom_h,2,20260818:4515:200:2:26:1:2
200,dpfi,26,atom_v,2,20260818:4515:200:2:26:2:2
200,dpfi,26,atom_h,3,20260818:4515:200:2:26:1:3
200,dpfi,26,atom_v,3,20260818:4515:200:2:26:2:3
200,dpfi,26,atom_h,4,20260818:4515:200:2:26:1:4
200,dpfi,26,atom_v,4,20260818:4515:200:2:26:2:4
200,dpfi,26,atom_h,5,20260818:4515:200:2:26:1:5
200,dpfi,26,atom_v,5,20260818:4515:200:2:26:2:5
200,dpfi,26,atom_h,6,20260818:4515:200:2:26:1:6
200,dpfi,26,atom_v,6,20260818:4515:200:2:26:2:6
200,dpfi,26,atom_h,7,20260818:4515:200:2:26:1:7
200,dpfi,26,atom_v,7,20260818:4515:200:2:26:2:7
200,dpfi,26,atom_h,8,20260818:4515:200:2:26:1:8
200,dpfi,26,atom_v,8,20260818:4515:200:2:26:2:8
200,dpfi,26,atom_h,9,20260818:4515:200:2:26:1:9
200,dpfi,26,atom_v,9,20260818:4515:200:2:26:2:9
200,dpfi,26,atom_h,10,20260818:4515:200:2:26:1:10
200,dpfi,26,atom_v,10,20260818:4515:200:2:26:2:10
200,dpfi,26,atom_h,11,20260818:4515:200:2:26:1:11
200,dpfi,26,atom_v,11,20260818:4515:200:2:26:2:11
200,dpfi,26,atom_h,12,20260818:4515:200:2:26:1:12
200,dpfi,26,atom_v,12,20260818:4515:200:2:26:2:12
200,dpfi,26,atom_h,13,20260818:4515:200:2:26:1:13
200,dpfi,26,atom_v,13,20260818:4515:200:2:26:2:13
200,dpfi,26,atom_h,14,20260818:4515:200:2:26:1:14
200,dpfi,26,atom_v,14,20260818:4515:200:2:26:2:14
200,dpfi,26,atom_h,15,20260818:4515:200:2:26:1:15
200,dpfi,26,atom_v,15,20260818:4515:200:2:26:2:15
200,dpfi,27,blank_h,0,20260818:4515:200:2:27:3:0
200,dpfi,27,blank_v,0,20260818:4515:200:2:27:4:0
200,dpfi,27,dark_h,0,20260818:4515:200:2:27:5:0
200,dpfi,27,dark_v,0,20260818:4515:200:2:27:6:0
200,dpfi,27,atom_h,1,20260818:4515:200:2:27:1:1
200,dpfi,27,atom_v,1,20260818:4515:200:2:27:2:1
200,dpfi,27,atom_h,2,20260818:4515:200:2:27:1:2
200,dpfi,27,atom_v,2,20260818:4515:200:2:27:2:2
200,dpfi,27,atom_h,3,20260818:4515:200:2:27:1:3
200,dpfi,27,atom_v,3,20260818:4515:200:2:27:2:3
200,dpfi,27,atom_h,4,20260818:4515:200:2:27:1:4
200,dpfi,27,atom_v,4,20260818:4515:200:2:27:2:4
200,dpfi,27,atom_h,5,20260818:4515:200:2:27:1:5
200,dpfi,27,atom_v,5,20260818:4515:200:2:27:2:5
200,dpfi,27,atom_h,6,20260818:4515:200:2:27:1:6
200,dpfi,27,atom_v,6,20260818:4515:200:2:27:2:6
200,dpfi,27,atom_h,7,20260818:4515:200:2:27:1:7
200,dpfi,27,atom_v,7,20260818:4515:200:2:27:2:7
200,dpfi,27,atom_h,8,20260818:4515:200:2:27:1:8
200,dpfi,27,atom_v,8,20260818:4515:200:2:27:2:8
200,dpfi,27,atom_h,9,20260818:4515:200:2:27:1:9
200,dpfi,27,atom_v,9,20260818:4515:200:2:27:2:9
200,dpfi,27,atom_h,10,20260818:4515:200:2:27:1:10
200,dpfi,27,atom_v,10,20260818:4515:200:2:27:2:10
200,dpfi,27,atom_h,11,20260818:4515:200:2:27:1:11
200,dpfi,27,atom_v,11,20260818:4515:200:2:27:2:11
200,dpfi,27,atom_h,12,20260818:4515:200:2:27:1:12
200,dpfi,27,atom_v,12,20260818:4515:200:2:27:2:12
200,dpfi,27,atom_h,13,20260818:4515:200:2:27:1:13
200,dpfi,27,atom_v,13,20260818:4515:200:2:27:2:13
200,dpfi,27,atom_h,14,20260818:4515:200:2:27:1:14
200,dpfi,27,atom_v,14,20260818:4515:200:2:27:2:14
200,dpfi,27,atom_h,15,20260818:4515:200:2:27:1:15
200,dpfi,27,atom_v,15,20260818:4515:200:2:27:2:15
200,dpfi,28,blank_h,0,20260818:4515:200:2:28:3:0
200,dpfi,28,blank_v,0,20260818:4515:200:2:28:4:0
200,dpfi,28,dark_h,0,20260818:4515:200:2:28:5:0
200,dpfi,28,dark_v,0,20260818:4515:200:2:28:6:0
200,dpfi,28,atom_h,1,20260818:4515:200:2:28:1:1
200,dpfi,28,atom_v,1,20260818:4515:200:2:28:2:1
200,dpfi,28,atom_h,2,20260818:4515:200:2:28:1:2
200,dpfi,28,atom_v,2,20260818:4515:200:2:28:2:2
200,dpfi,28,atom_h,3,20260818:4515:200:2:28:1:3
200,dpfi,28,atom_v,3,20260818:4515:200:2:28:2:3
200,dpfi,28,atom_h,4,20260818:4515:200:2:28:1:4
200,dpfi,28,atom_v,4,20260818:4515:200:2:28:2:4
200,dpfi,28,atom_h,5,20260818:4515:200:2:28:1:5
200,dpfi,28,atom_v,5,20260818:4515:200:2:28:2:5
200,dpfi,28,atom_h,6,20260818:4515:200:2:28:1:6
200,dpfi,28,atom_v,6,20260818:4515:200:2:28:2:6
200,dpfi,28,atom_h,7,20260818:4515:200:2:28:1:7
200,dpfi,28,atom_v,7,20260818:4515:200:2:28:2:7
200,dpfi,28,atom_h,8,20260818:4515:200:2:28:1:8
200,dpfi,28,atom_v,8,20260818:4515:200:2:28:2:8
200,dpfi,28,atom_h,9,20260818:4515:200:2:28:1:9
200,dpfi,28,atom_v,9,20260818:4515:200:2:28:2:9
200,dpfi,28,atom_h,10,20260818:4515:200:2:28:1:10
200,dpfi,28,atom_v,10,20260818:4515:200:2:28:2:10
200,dpfi,28,atom_h,11,20260818:4515:200:2:28:1:11
200,dpfi,28,atom_v,11,20260818:4515:200:2:28:2:11
200,dpfi,28,atom_h,12,20260818:4515:200:2:28:1:12
200,dpfi,28,atom_v,12,20260818:4515:200:2:28:2:12
200,dpfi,28,atom_h,13,20260818:4515:200:2:28:1:13
200,dpfi,28,atom_v,13,20260818:4515:200:2:28:2:13
200,dpfi,28,atom_h,14,20260818:4515:200:2:28:1:14
200,dpfi,28,atom_v,14,20260818:4515:200:2:28:2:14
200,dpfi,28,atom_h,15,20260818:4515:200:2:28:1:15
200,dpfi,28,atom_v,15,20260818:4515:200:2:28:2:15
200,dpfi,29,blank_h,0,20260818:4515:200:2:29:3:0
200,dpfi,29,blank_v,0,20260818:4515:200:2:29:4:0
200,dpfi,29,dark_h,0,20260818:4515:200:2:29:5:0
200,dpfi,29,dark_v,0,20260818:4515:200:2:29:6:0
200,dpfi,29,atom_h,1,20260818:4515:200:2:29:1:1
200,dpfi,29,atom_v,1,20260818:4515:200:2:29:2:1
200,dpfi,29,atom_h,2,20260818:4515:200:2:29:1:2
200,dpfi,29,atom_v,2,20260818:4515:200:2:29:2:2
200,dpfi,29,atom_h,3,20260818:4515:200:2:29:1:3
200,dpfi,29,atom_v,3,20260818:4515:200:2:29:2:3
200,dpfi,29,atom_h,4,20260818:4515:200:2:29:1:4
200,dpfi,29,atom_v,4,20260818:4515:200:2:29:2:4
200,dpfi,29,atom_h,5,20260818:4515:200:2:29:1:5
200,dpfi,29,atom_v,5,20260818:4515:200:2:29:2:5
200,dpfi,29,atom_h,6,20260818:4515:200:2:29:1:6
200,dpfi,29,atom_v,6,20260818:4515:200:2:29:2:6
200,dpfi,29,atom_h,7,20260818:4515:200:2:29:1:7
200,dpfi,29,atom_v,7,20260818:4515:200:2:29:2:7
200,dpfi,29,atom_h,8,20260818:4515:200:2:29:1:8
200,dpfi,29,atom_v,8,20260818:4515:200:2:29:2:8
200,dpfi,29,atom_h,9,20260818:4515:200:2:29:1:9
200,dpfi,29,atom_v,9,20260818:4515:200:2:29:2:9
200,dpfi,29,atom_h,10,20260818:4515:200:2:29:1:10
200,dpfi,29,atom_v,10,20260818:4515:200:2:29:2:10
200,dpfi,29,atom_h,11,20260818:4515:200:2:29:1:11
200,dpfi,29,atom_v,11,20260818:4515:200:2:29:2:11
200,dpfi,29,atom_h,12,20260818:4515:200:2:29:1:12
200,dpfi,29,atom_v,12,20260818:4515:200:2:29:2:12
200,dpfi,29,atom_h,13,20260818:4515:200:2:29:1:13
200,dpfi,29,atom_v,13,20260818:4515:200:2:29:2:13
200,dpfi,29,atom_h,14,20260818:4515:200:2:29:1:14
200,dpfi,29,atom_v,14,20260818:4515:200:2:29:2:14
200,dpfi,29,atom_h,15,20260818:4515:200:2:29:1:15
200,dpfi,29,atom_v,15,20260818:4515:200:2:29:2:15
200,dpfi,30,blank_h,0,20260818:4515:200:2:30:3:0
200,dpfi,30,blank_v,0,20260818:4515:200:2:30:4:0
200,dpfi,30,dark_h,0,20260818:4515:200:2:30:5:0
200,dpfi,30,dark_v,0,20260818:4515:200:2:30:6:0
200,dpfi,30,atom_h,1,20260818:4515:200:2:30:1:1
200,dpfi,30,atom_v,1,20260818:4515:200:2:30:2:1
200,dpfi,30,atom_h,2,20260818:4515:200:2:30:1:2
200,dpfi,30,atom_v,2,20260818:4515:200:2:30:2:2
200,dpfi,30,atom_h,3,20260818:4515:200:2:30:1:3
200,dpfi,30,atom_v,3,20260818:4515:200:2:30:2:3
200,dpfi,30,atom_h,4,20260818:4515:200:2:30:1:4
200,dpfi,30,atom_v,4,20260818:4515:200:2:30:2:4
200,dpfi,30,atom_h,5,20260818:4515:200:2:30:1:5
200,dpfi,30,atom_v,5,20260818:4515:200:2:30:2:5
200,dpfi,30,atom_h,6,20260818:4515:200:2:30:1:6
200,dpfi,30,atom_v,6,20260818:4515:200:2:30:2:6
200,dpfi,30,atom_h,7,20260818:4515:200:2:30:1:7
200,dpfi,30,atom_v,7,20260818:4515:200:2:30:2:7
200,dpfi,30,atom_h,8,20260818:4515:200:2:30:1:8
200,dpfi,30,atom_v,8,20260818:4515:200:2:30:2:8
200,dpfi,30,atom_h,9,20260818:4515:200:2:30:1:9
200,dpfi,30,atom_v,9,20260818:4515:200:2:30:2:9
200,dpfi,30,atom_h,10,20260818:4515:200:2:30:1:10
200,dpfi,30,atom_v,10,20260818:4515:200:2:30:2:10
200,dpfi,30,atom_h,11,20260818:4515:200:2:30:1:11
200,dpfi,30,atom_v,11,20260818:4515:200:2:30:2:11
200,dpfi,30,atom_h,12,20260818:4515:200:2:30:1:12
200,dpfi,30,atom_v,12,20260818:4515:200:2:30:2:12
200,dpfi,30,atom_h,13,20260818:4515:200:2:30:1:13
200,dpfi,30,atom_v,13,20260818:4515:200:2:30:2:13
200,dpfi,30,atom_h,14,20260818:4515:200:2:30:1:14
200,dpfi,30,atom_v,14,20260818:4515:200:2:30:2:14
200,dpfi,30,atom_h,15,20260818:4515:200:2:30:1:15
200,dpfi,30,atom_v,15,20260818:4515:200:2:30:2:15
200,dpfi,31,blank_h,0,20260818:4515:200:2:31:3:0
200,dpfi,31,blank_v,0,20260818:4515:200:2:31:4:0
200,dpfi,31,dark_h,0,20260818:4515:200:2:31:5:0
200,dpfi,31,dark_v,0,20260818:4515:200:2:31:6:0
200,dpfi,31,atom_h,1,20260818:4515:200:2:31:1:1
200,dpfi,31,atom_v,1,20260818:4515:200:2:31:2:1
200,dpfi,31,atom_h,2,20260818:4515:200:2:31:1:2
200,dpfi,31,atom_v,2,20260818:4515:200:2:31:2:2
200,dpfi,31,atom_h,3,20260818:4515:200:2:31:1:3
200,dpfi,31,atom_v,3,20260818:4515:200:2:31:2:3
200,dpfi,31,atom_h,4,20260818:4515:200:2:31:1:4
200,dpfi,31,atom_v,4,20260818:4515:200:2:31:2:4
200,dpfi,31,atom_h,5,20260818:4515:200:2:31:1:5
200,dpfi,31,atom_v,5,20260818:4515:200:2:31:2:5
200,dpfi,31,atom_h,6,20260818:4515:200:2:31:1:6
200,dpfi,31,atom_v,6,20260818:4515:200:2:31:2:6
200,dpfi,31,atom_h,7,20260818:4515:200:2:31:1:7
200,dpfi,31,atom_v,7,20260818:4515:200:2:31:2:7
200,dpfi,31,atom_h,8,20260818:4515:200:2:31:1:8
200,dpfi,31,atom_v,8,20260818:4515:200:2:31:2:8
200,dpfi,31,atom_h,9,20260818:4515:200:2:31:1:9
200,dpfi,31,atom_v,9,20260818:4515:200:2:31:2:9
200,dpfi,31,atom_h,10,20260818:4515:200:2:31:1:10
200,dpfi,31,atom_v,10,20260818:4515:200:2:31:2:10
200,dpfi,31,atom_h,11,20260818:4515:200:2:31:1:11
200,dpfi,31,atom_v,11,20260818:4515:200:2:31:2:11
200,dpfi,31,atom_h,12,20260818:4515:200:2:31:1:12
200,dpfi,31,atom_v,12,20260818:4515:200:2:31:2:12
200,dpfi,31,atom_h,13,20260818:4515:200:2:31:1:13
200,dpfi,31,atom_v,13,20260818:4515:200:2:31:2:13
200,dpfi,31,atom_h,14,20260818:4515:200:2:31:1:14
200,dpfi,31,atom_v,14,20260818:4515:200:2:31:2:14
200,dpfi,31,atom_h,15,20260818:4515:200:2:31:1:15
200,dpfi,31,atom_v,15,20260818:4515:200:2:31:2:15
200,dpfi,32,blank_h,0,20260818:4515:200:2:32:3:0
200,dpfi,32,blank_v,0,20260818:4515:200:2:32:4:0
200,dpfi,32,dark_h,0,20260818:4515:200:2:32:5:0
200,dpfi,32,dark_v,0,20260818:4515:200:2:32:6:0
200,dpfi,32,atom_h,1,20260818:4515:200:2:32:1:1
200,dpfi,32,atom_v,1,20260818:4515:200:2:32:2:1
200,dpfi,32,atom_h,2,20260818:4515:200:2:32:1:2
200,dpfi,32,atom_v,2,20260818:4515:200:2:32:2:2
200,dpfi,32,atom_h,3,20260818:4515:200:2:32:1:3
200,dpfi,32,atom_v,3,20260818:4515:200:2:32:2:3
200,dpfi,32,atom_h,4,20260818:4515:200:2:32:1:4
200,dpfi,32,atom_v,4,20260818:4515:200:2:32:2:4
200,dpfi,32,atom_h,5,20260818:4515:200:2:32:1:5
200,dpfi,32,atom_v,5,20260818:4515:200:2:32:2:5
200,dpfi,32,atom_h,6,20260818:4515:200:2:32:1:6
200,dpfi,32,atom_v,6,20260818:4515:200:2:32:2:6
200,dpfi,32,atom_h,7,20260818:4515:200:2:32:1:7
200,dpfi,32,atom_v,7,20260818:4515:200:2:32:2:7
200,dpfi,32,atom_h,8,20260818:4515:200:2:32:1:8
200,dpfi,32,atom_v,8,20260818:4515:200:2:32:2:8
200,dpfi,32,atom_h,9,20260818:4515:200:2:32:1:9
200,dpfi,32,atom_v,9,20260818:4515:200:2:32:2:9
200,dpfi,32,atom_h,10,20260818:4515:200:2:32:1:10
200,dpfi,32,atom_v,10,20260818:4515:200:2:32:2:10
200,dpfi,32,atom_h,11,20260818:4515:200:2:32:1:11
200,dpfi,32,atom_v,11,20260818:4515:200:2:32:2:11
200,dpfi,32,atom_h,12,20260818:4515:200:2:32:1:12
200,dpfi,32,atom_v,12,20260818:4515:200:2:32:2:12
200,dpfi,32,atom_h,13,20260818:4515:200:2:32:1:13
200,dpfi,32,atom_v,13,20260818:4515:200:2:32:2:13
200,dpfi,32,atom_h,14,20260818:4515:200:2:32:1:14
200,dpfi,32,atom_v,14,20260818:4515:200:2:32:2:14
200,dpfi,32,atom_h,15,20260818:4515:200:2:32:1:15
200,dpfi,32,atom_v,15,20260818:4515:200:2:32:2:15
200,dpfi,33,blank_h,0,20260818:4515:200:2:33:3:0
200,dpfi,33,blank_v,0,20260818:4515:200:2:33:4:0
200,dpfi,33,dark_h,0,20260818:4515:200:2:33:5:0
200,dpfi,33,dark_v,0,20260818:4515:200:2:33:6:0
200,dpfi,33,atom_h,1,20260818:4515:200:2:33:1:1
200,dpfi,33,atom_v,1,20260818:4515:200:2:33:2:1
200,dpfi,33,atom_h,2,20260818:4515:200:2:33:1:2
200,dpfi,33,atom_v,2,20260818:4515:200:2:33:2:2
200,dpfi,33,atom_h,3,20260818:4515:200:2:33:1:3
200,dpfi,33,atom_v,3,20260818:4515:200:2:33:2:3
200,dpfi,33,atom_h,4,20260818:4515:200:2:33:1:4
200,dpfi,33,atom_v,4,20260818:4515:200:2:33:2:4
200,dpfi,33,atom_h,5,20260818:4515:200:2:33:1:5
200,dpfi,33,atom_v,5,20260818:4515:200:2:33:2:5
200,dpfi,33,atom_h,6,20260818:4515:200:2:33:1:6
200,dpfi,33,atom_v,6,20260818:4515:200:2:33:2:6
200,dpfi,33,atom_h,7,20260818:4515:200:2:33:1:7
200,dpfi,33,atom_v,7,20260818:4515:200:2:33:2:7
200,dpfi,33,atom_h,8,20260818:4515:200:2:33:1:8
200,dpfi,33,atom_v,8,20260818:4515:200:2:33:2:8
200,dpfi,33,atom_h,9,20260818:4515:200:2:33:1:9
200,dpfi,33,atom_v,9,20260818:4515:200:2:33:2:9
200,dpfi,33,atom_h,10,20260818:4515:200:2:33:1:10
200,dpfi,33,atom_v,10,20260818:4515:200:2:33:2:10
200,dpfi,33,atom_h,11,20260818:4515:200:2:33:1:11
200,dpfi,33,atom_v,11,20260818:4515:200:2:33:2:11
200,dpfi,33,atom_h,12,20260818:4515:200:2:33:1:12
200,dpfi,33,atom_v,12,20260818:4515:200:2:33:2:12
200,dpfi,33,atom_h,13,20260818:4515:200:2:33:1:13
200,dpfi,33,atom_v,13,20260818:4515:200:2:33:2:13
200,dpfi,33,atom_h,14,20260818:4515:200:2:33:1:14
200,dpfi,33,atom_v,14,20260818:4515:200:2:33:2:14
200,dpfi,33,atom_h,15,20260818:4515:200:2:33:1:15
200,dpfi,33,atom_v,15,20260818:4515:200:2:33:2:15
200,dpfi,34,blank_h,0,20260818:4515:200:2:34:3:0
200,dpfi,34,blank_v,0,20260818:4515:200:2:34:4:0
200,dpfi,34,dark_h,0,20260818:4515:200:2:34:5:0
200,dpfi,34,dark_v,0,20260818:4515:200:2:34:6:0
200,dpfi,34,atom_h,1,20260818:4515:200:2:34:1:1
200,dpfi,34,atom_v,1,20260818:4515:200:2:34:2:1
200,dpfi,34,atom_h,2,20260818:4515:200:2:34:1:2
200,dpfi,34,atom_v,2,20260818:4515:200:2:34:2:2
200,dpfi,34,atom_h,3,20260818:4515:200:2:34:1:3
200,dpfi,34,atom_v,3,20260818:4515:200:2:34:2:3
200,dpfi,34,atom_h,4,20260818:4515:200:2:34:1:4
200,dpfi,34,atom_v,4,20260818:4515:200:2:34:2:4
200,dpfi,34,atom_h,5,20260818:4515:200:2:34:1:5
200,dpfi,34,atom_v,5,20260818:4515:200:2:34:2:5
200,dpfi,34,atom_h,6,20260818:4515:200:2:34:1:6
200,dpfi,34,atom_v,6,20260818:4515:200:2:34:2:6
200,dpfi,34,atom_h,7,20260818:4515:200:2:34:1:7
200,dpfi,34,atom_v,7,20260818:4515:200:2:34:2:7
200,dpfi,34,atom_h,8,20260818:4515:200:2:34:1:8
200,dpfi,34,atom_v,8,20260818:4515:200:2:34:2:8
200,dpfi,34,atom_h,9,20260818:4515:200:2:34:1:9
200,dpfi,34,atom_v,9,20260818:4515:200:2:34:2:9
200,dpfi,34,atom_h,10,20260818:4515:200:2:34:1:10
200,dpfi,34,atom_v,10,20260818:4515:200:2:34:2:10
200,dpfi,34,atom_h,11,20260818:4515:200:2:34:1:11
200,dpfi,34,atom_v,11,20260818:4515:200:2:34:2:11
200,dpfi,34,atom_h,12,20260818:4515:200:2:34:1:12
200,dpfi,34,atom_v,12,20260818:4515:200:2:34:2:12
200,dpfi,34,atom_h,13,20260818:4515:200:2:34:1:13
200,dpfi,34,atom_v,13,20260818:4515:200:2:34:2:13
200,dpfi,34,atom_h,14,20260818:4515:200:2:34:1:14
200,dpfi,34,atom_v,14,20260818:4515:200:2:34:2:14
200,dpfi,34,atom_h,15,20260818:4515:200:2:34:1:15
200,dpfi,34,atom_v,15,20260818:4515:200:2:34:2:15
200,dpfi,35,blank_h,0,20260818:4515:200:2:35:3:0
200,dpfi,35,blank_v,0,20260818:4515:200:2:35:4:0
200,dpfi,35,dark_h,0,20260818:4515:200:2:35:5:0
200,dpfi,35,dark_v,0,20260818:4515:200:2:35:6:0
200,dpfi,35,atom_h,1,20260818:4515:200:2:35:1:1
200,dpfi,35,atom_v,1,20260818:4515:200:2:35:2:1
200,dpfi,35,atom_h,2,20260818:4515:200:2:35:1:2
200,dpfi,35,atom_v,2,20260818:4515:200:2:35:2:2
200,dpfi,35,atom_h,3,20260818:4515:200:2:35:1:3
200,dpfi,35,atom_v,3,20260818:4515:200:2:35:2:3
200,dpfi,35,atom_h,4,20260818:4515:200:2:35:1:4
200,dpfi,35,atom_v,4,20260818:4515:200:2:35:2:4
200,dpfi,35,atom_h,5,20260818:4515:200:2:35:1:5
200,dpfi,35,atom_v,5,20260818:4515:200:2:35:2:5
200,dpfi,35,atom_h,6,20260818:4515:200:2:35:1:6
200,dpfi,35,atom_v,6,20260818:4515:200:2:35:2:6
200,dpfi,35,atom_h,7,20260818:4515:200:2:35:1:7
200,dpfi,35,atom_v,7,20260818:4515:200:2:35:2:7
200,dpfi,35,atom_h,8,20260818:4515:200:2:35:1:8
200,dpfi,35,atom_v,8,20260818:4515:200:2:35:2:8
200,dpfi,35,atom_h,9,20260818:4515:200:2:35:1:9
200,dpfi,35,atom_v,9,20260818:4515:200:2:35:2:9
200,dpfi,35,atom_h,10,20260818:4515:200:2:35:1:10
200,dpfi,35,atom_v,10,20260818:4515:200:2:35:2:10
200,dpfi,35,atom_h,11,20260818:4515:200:2:35:1:11
200,dpfi,35,atom_v,11,20260818:4515:200:2:35:2:11
200,dpfi,35,atom_h,12,20260818:4515:200:2:35:1:12
200,dpfi,35,atom_v,12,20260818:4515:200:2:35:2:12
200,dpfi,35,atom_h,13,20260818:4515:200:2:35:1:13
200,dpfi,35,atom_v,13,20260818:4515:200:2:35:2:13
200,dpfi,35,atom_h,14,20260818:4515:200:2:35:1:14
200,dpfi,35,atom_v,14,20260818:4515:200:2:35:2:14
200,dpfi,35,atom_h,15,20260818:4515:200:2:35:1:15
200,dpfi,35,atom_v,15,20260818:4515:200:2:35:2:15
200,dpfi,36,blank_h,0,20260818:4515:200:2:36:3:0
200,dpfi,36,blank_v,0,20260818:4515:200:2:36:4:0
200,dpfi,36,dark_h,0,20260818:4515:200:2:36:5:0
200,dpfi,36,dark_v,0,20260818:4515:200:2:36:6:0
200,dpfi,36,atom_h,1,20260818:4515:200:2:36:1:1
200,dpfi,36,atom_v,1,20260818:4515:200:2:36:2:1
200,dpfi,36,atom_h,2,20260818:4515:200:2:36:1:2
200,dpfi,36,atom_v,2,20260818:4515:200:2:36:2:2
200,dpfi,36,atom_h,3,20260818:4515:200:2:36:1:3
200,dpfi,36,atom_v,3,20260818:4515:200:2:36:2:3
200,dpfi,36,atom_h,4,20260818:4515:200:2:36:1:4
200,dpfi,36,atom_v,4,20260818:4515:200:2:36:2:4
200,dpfi,36,atom_h,5,20260818:4515:200:2:36:1:5
200,dpfi,36,atom_v,5,20260818:4515:200:2:36:2:5
200,dpfi,36,atom_h,6,20260818:4515:200:2:36:1:6
200,dpfi,36,atom_v,6,20260818:4515:200:2:36:2:6
200,dpfi,36,atom_h,7,20260818:4515:200:2:36:1:7
200,dpfi,36,atom_v,7,20260818:4515:200:2:36:2:7
200,dpfi,36,atom_h,8,20260818:4515:200:2:36:1:8
200,dpfi,36,atom_v,8,20260818:4515:200:2:36:2:8
200,dpfi,36,atom_h,9,20260818:4515:200:2:36:1:9
200,dpfi,36,atom_v,9,20260818:4515:200:2:36:2:9
200,dpfi,36,atom_h,10,20260818:4515:200:2:36:1:10
200,dpfi,36,atom_v,10,20260818:4515:200:2:36:2:10
200,dpfi,36,atom_h,11,20260818:4515:200:2:36:1:11
200,dpfi,36,atom_v,11,20260818:4515:200:2:36:2:11
200,dpfi,36,atom_h,12,20260818:4515:200:2:36:1:12
200,dpfi,36,atom_v,12,20260818:4515:200:2:36:2:12
200,dpfi,36,atom_h,13,20260818:4515:200:2:36:1:13
200,dpfi,36,atom_v,13,20260818:4515:200:2:36:2:13
200,dpfi,36,atom_h,14,20260818:4515:200:2:36:1:14
200,dpfi,36,atom_v,14,20260818:4515:200:2:36:2:14
200,dpfi,36,atom_h,15,20260818:4515:200:2:36:1:15
200,dpfi,36,atom_v,15,20260818:4515:200:2:36:2:15
200,dpfi,37,blank_h,0,20260818:4515:200:2:37:3:0
200,dpfi,37,blank_v,0,20260818:4515:200:2:37:4:0
200,dpfi,37,dark_h,0,20260818:4515:200:2:37:5:0
200,dpfi,37,dark_v,0,20260818:4515:200:2:37:6:0
200,dpfi,37,atom_h,1,20260818:4515:200:2:37:1:1
200,dpfi,37,atom_v,1,20260818:4515:200:2:37:2:1
200,dpfi,37,atom_h,2,20260818:4515:200:2:37:1:2
200,dpfi,37,atom_v,2,20260818:4515:200:2:37:2:2
200,dpfi,37,atom_h,3,20260818:4515:200:2:37:1:3
200,dpfi,37,atom_v,3,20260818:4515:200:2:37:2:3
200,dpfi,37,atom_h,4,20260818:4515:200:2:37:1:4
200,dpfi,37,atom_v,4,20260818:4515:200:2:37:2:4
200,dpfi,37,atom_h,5,20260818:4515:200:2:37:1:5
200,dpfi,37,atom_v,5,20260818:4515:200:2:37:2:5
200,dpfi,37,atom_h,6,20260818:4515:200:2:37:1:6
200,dpfi,37,atom_v,6,20260818:4515:200:2:37:2:6
200,dpfi,37,atom_h,7,20260818:4515:200:2:37:1:7
200,dpfi,37,atom_v,7,20260818:4515:200:2:37:2:7
200,dpfi,37,atom_h,8,20260818:4515:200:2:37:1:8
200,dpfi,37,atom_v,8,20260818:4515:200:2:37:2:8
200,dpfi,37,atom_h,9,20260818:4515:200:2:37:1:9
200,dpfi,37,atom_v,9,20260818:4515:200:2:37:2:9
200,dpfi,37,atom_h,10,20260818:4515:200:2:37:1:10
200,dpfi,37,atom_v,10,20260818:4515:200:2:37:2:10
200,dpfi,37,atom_h,11,20260818:4515:200:2:37:1:11
200,dpfi,37,atom_v,11,20260818:4515:200:2:37:2:11
200,dpfi,37,atom_h,12,20260818:4515:200:2:37:1:12
200,dpfi,37,atom_v,12,20260818:4515:200:2:37:2:12
200,dpfi,37,atom_h,13,20260818:4515:200:2:37:1:13
200,dpfi,37,atom_v,13,20260818:4515:200:2:37:2:13
200,dpfi,37,atom_h,14,20260818:4515:200:2:37:1:14
200,dpfi,37,atom_v,14,20260818:4515:200:2:37:2:14
200,dpfi,37,atom_h,15,20260818:4515:200:2:37:1:15
200,dpfi,37,atom_v,15,20260818:4515:200:2:37:2:15
200,dpfi,38,blank_h,0,20260818:4515:200:2:38:3:0
200,dpfi,38,blank_v,0,20260818:4515:200:2:38:4:0
200,dpfi,38,dark_h,0,20260818:4515:200:2:38:5:0
200,dpfi,38,dark_v,0,20260818:4515:200:2:38:6:0
200,dpfi,38,atom_h,1,20260818:4515:200:2:38:1:1
200,dpfi,38,atom_v,1,20260818:4515:200:2:38:2:1
200,dpfi,38,atom_h,2,20260818:4515:200:2:38:1:2
200,dpfi,38,atom_v,2,20260818:4515:200:2:38:2:2
200,dpfi,38,atom_h,3,20260818:4515:200:2:38:1:3
200,dpfi,38,atom_v,3,20260818:4515:200:2:38:2:3
200,dpfi,38,atom_h,4,20260818:4515:200:2:38:1:4
200,dpfi,38,atom_v,4,20260818:4515:200:2:38:2:4
200,dpfi,38,atom_h,5,20260818:4515:200:2:38:1:5
200,dpfi,38,atom_v,5,20260818:4515:200:2:38:2:5
200,dpfi,38,atom_h,6,20260818:4515:200:2:38:1:6
200,dpfi,38,atom_v,6,20260818:4515:200:2:38:2:6
200,dpfi,38,atom_h,7,20260818:4515:200:2:38:1:7
200,dpfi,38,atom_v,7,20260818:4515:200:2:38:2:7
200,dpfi,38,atom_h,8,20260818:4515:200:2:38:1:8
200,dpfi,38,atom_v,8,20260818:4515:200:2:38:2:8
200,dpfi,38,atom_h,9,20260818:4515:200:2:38:1:9
200,dpfi,38,atom_v,9,20260818:4515:200:2:38:2:9
200,dpfi,38,atom_h,10,20260818:4515:200:2:38:1:10
200,dpfi,38,atom_v,10,20260818:4515:200:2:38:2:10
200,dpfi,38,atom_h,11,20260818:4515:200:2:38:1:11
200,dpfi,38,atom_v,11,20260818:4515:200:2:38:2:11
200,dpfi,38,atom_h,12,20260818:4515:200:2:38:1:12
200,dpfi,38,atom_v,12,20260818:4515:200:2:38:2:12
200,dpfi,38,atom_h,13,20260818:4515:200:2:38:1:13
200,dpfi,38,atom_v,13,20260818:4515:200:2:38:2:13
200,dpfi,38,atom_h,14,20260818:4515:200:2:38:1:14
200,dpfi,38,atom_v,14,20260818:4515:200:2:38:2:14
200,dpfi,38,atom_h,15,20260818:4515:200:2:38:1:15
200,dpfi,38,atom_v,15,20260818:4515:200:2:38:2:15
200,dpfi,39,blank_h,0,20260818:4515:200:2:39:3:0
200,dpfi,39,blank_v,0,20260818:4515:200:2:39:4:0
200,dpfi,39,dark_h,0,20260818:4515:200:2:39:5:0
200,dpfi,39,dark_v,0,20260818:4515:200:2:39:6:0
200,dpfi,39,atom_h,1,20260818:4515:200:2:39:1:1
200,dpfi,39,atom_v,1,20260818:4515:200:2:39:2:1
200,dpfi,39,atom_h,2,20260818:4515:200:2:39:1:2
200,dpfi,39,atom_v,2,20260818:4515:200:2:39:2:2
200,dpfi,39,atom_h,3,20260818:4515:200:2:39:1:3
200,dpfi,39,atom_v,3,20260818:4515:200:2:39:2:3
200,dpfi,39,atom_h,4,20260818:4515:200:2:39:1:4
200,dpfi,39,atom_v,4,20260818:4515:200:2:39:2:4
200,dpfi,39,atom_h,5,20260818:4515:200:2:39:1:5
200,dpfi,39,atom_v,5,20260818:4515:200:2:39:2:5
200,dpfi,39,atom_h,6,20260818:4515:200:2:39:1:6
200,dpfi,39,atom_v,6,20260818:4515:200:2:39:2:6
200,dpfi,39,atom_h,7,20260818:4515:200:2:39:1:7
200,dpfi,39,atom_v,7,20260818:4515:200:2:39:2:7
200,dpfi,39,atom_h,8,20260818:4515:200:2:39:1:8
200,dpfi,39,atom_v,8,20260818:4515:200:2:39:2:8
200,dpfi,39,atom_h,9,20260818:4515:200:2:39:1:9
200,dpfi,39,atom_v,9,20260818:4515:200:2:39:2:9
200,dpfi,39,atom_h,10,20260818:4515:200:2:39:1:10
200,dpfi,39,atom_v,10,20260818:4515:200:2:39:2:10
200,dpfi,39,atom_h,11,20260818:4515:200:2:39:1:11
200,dpfi,39,atom_v,11,20260818:4515:200:2:39:2:11
200,dpfi,39,atom_h,12,20260818:4515:200:2:39:1:12
200,dpfi,39,atom_v,12,20260818:4515:200:2:39:2:12
200,dpfi,39,atom_h,13,20260818:4515:200:2:39:1:13
200,dpfi,39,atom_v,13,20260818:4515:200:2:39:2:13
200,dpfi,39,atom_h,14,20260818:4515:200:2:39:1:14
200,dpfi,39,atom_v,14,20260818:4515:200:2:39:2:14
200,dpfi,39,atom_h,15,20260818:4515:200:2:39:1:15
200,dpfi,39,atom_v,15,20260818:4515:200:2:39:2:15
200,dpfi,40,blank_h,0,20260818:4515:200:2:40:3:0
200,dpfi,40,blank_v,0,20260818:4515:200:2:40:4:0
200,dpfi,40,dark_h,0,20260818:4515:200:2:40:5:0
200,dpfi,40,dark_v,0,20260818:4515:200:2:40:6:0
200,dpfi,40,atom_h,1,20260818:4515:200:2:40:1:1
200,dpfi,40,atom_v,1,20260818:4515:200:2:40:2:1
200,dpfi,40,atom_h,2,20260818:4515:200:2:40:1:2
200,dpfi,40,atom_v,2,20260818:4515:200:2:40:2:2
200,dpfi,40,atom_h,3,20260818:4515:200:2:40:1:3
200,dpfi,40,atom_v,3,20260818:4515:200:2:40:2:3
200,dpfi,40,atom_h,4,20260818:4515:200:2:40:1:4
200,dpfi,40,atom_v,4,20260818:4515:200:2:40:2:4
200,dpfi,40,atom_h,5,20260818:4515:200:2:40:1:5
200,dpfi,40,atom_v,5,20260818:4515:200:2:40:2:5
200,dpfi,40,atom_h,6,20260818:4515:200:2:40:1:6
200,dpfi,40,atom_v,6,20260818:4515:200:2:40:2:6
200,dpfi,40,atom_h,7,20260818:4515:200:2:40:1:7
200,dpfi,40,atom_v,7,20260818:4515:200:2:40:2:7
200,dpfi,40,atom_h,8,20260818:4515:200:2:40:1:8
200,dpfi,40,atom_v,8,20260818:4515:200:2:40:2:8
200,dpfi,40,atom_h,9,20260818:4515:200:2:40:1:9
200,dpfi,40,atom_v,9,20260818:4515:200:2:40:2:9
200,dpfi,40,atom_h,10,20260818:4515:200:2:40:1:10
200,dpfi,40,atom_v,10,20260818:4515:200:2:40:2:10
200,dpfi,40,atom_h,11,20260818:4515:200:2:40:1:11
200,dpfi,40,atom_v,11,20260818:4515:200:2:40:2:11
200,dpfi,40,atom_h,12,20260818:4515:200:2:40:1:12
200,dpfi,40,atom_v,12,20260818:4515:200:2:40:2:12
200,dpfi,40,atom_h,13,20260818:4515:200:2:40:1:13
200,dpfi,40,atom_v,13,20260818:4515:200:2:40:2:13
200,dpfi,40,atom_h,14,20260818:4515:200:2:40:1:14
200,dpfi,40,atom_v,14,20260818:4515:200:2:40:2:14
200,dpfi,40,atom_h,15,20260818:4515:200:2:40:1:15
200,dpfi,40,atom_v,15,20260818:4515:200:2:40:2:15
200,dpfi,41,blank_h,0,20260818:4515:200:2:41:3:0
200,dpfi,41,blank_v,0,20260818:4515:200:2:41:4:0
200,dpfi,41,dark_h,0,20260818:4515:200:2:41:5:0
200,dpfi,41,dark_v,0,20260818:4515:200:2:41:6:0
200,dpfi,41,atom_h,1,20260818:4515:200:2:41:1:1
200,dpfi,41,atom_v,1,20260818:4515:200:2:41:2:1
200,dpfi,41,atom_h,2,20260818:4515:200:2:41:1:2
200,dpfi,41,atom_v,2,20260818:4515:200:2:41:2:2
200,dpfi,41,atom_h,3,20260818:4515:200:2:41:1:3
200,dpfi,41,atom_v,3,20260818:4515:200:2:41:2:3
200,dpfi,41,atom_h,4,20260818:4515:200:2:41:1:4
200,dpfi,41,atom_v,4,20260818:4515:200:2:41:2:4
200,dpfi,41,atom_h,5,20260818:4515:200:2:41:1:5
200,dpfi,41,atom_v,5,20260818:4515:200:2:41:2:5
200,dpfi,41,atom_h,6,20260818:4515:200:2:41:1:6
200,dpfi,41,atom_v,6,20260818:4515:200:2:41:2:6
200,dpfi,41,atom_h,7,20260818:4515:200:2:41:1:7
200,dpfi,41,atom_v,7,20260818:4515:200:2:41:2:7
200,dpfi,41,atom_h,8,20260818:4515:200:2:41:1:8
200,dpfi,41,atom_v,8,20260818:4515:200:2:41:2:8
200,dpfi,41,atom_h,9,20260818:4515:200:2:41:1:9
200,dpfi,41,atom_v,9,20260818:4515:200:2:41:2:9
200,dpfi,41,atom_h,10,20260818:4515:200:2:41:1:10
200,dpfi,41,atom_v,10,20260818:4515:200:2:41:2:10
200,dpfi,41,atom_h,11,20260818:4515:200:2:41:1:11
200,dpfi,41,atom_v,11,20260818:4515:200:2:41:2:11
200,dpfi,41,atom_h,12,20260818:4515:200:2:41:1:12
200,dpfi,41,atom_v,12,20260818:4515:200:2:41:2:12
200,dpfi,41,atom_h,13,20260818:4515:200:2:41:1:13
200,dpfi,41,atom_v,13,20260818:4515:200:2:41:2:13
200,dpfi,41,atom_h,14,20260818:4515:200:2:41:1:14
200,dpfi,41,atom_v,14,20260818:4515:200:2:41:2:14
200,dpfi,41,atom_h,15,20260818:4515:200:2:41:1:15
200,dpfi,41,atom_v,15,20260818:4515:200:2:41:2:15
200,dpfi,42,blank_h,0,20260818:4515:200:2:42:3:0
200,dpfi,42,blank_v,0,20260818:4515:200:2:42:4:0
200,dpfi,42,dark_h,0,20260818:4515:200:2:42:5:0
200,dpfi,42,dark_v,0,20260818:4515:200:2:42:6:0
200,dpfi,42,atom_h,1,20260818:4515:200:2:42:1:1
200,dpfi,42,atom_v,1,20260818:4515:200:2:42:2:1
200,dpfi,42,atom_h,2,20260818:4515:200:2:42:1:2
200,dpfi,42,atom_v,2,20260818:4515:200:2:42:2:2
200,dpfi,42,atom_h,3,20260818:4515:200:2:42:1:3
200,dpfi,42,atom_v,3,20260818:4515:200:2:42:2:3
200,dpfi,42,atom_h,4,20260818:4515:200:2:42:1:4
200,dpfi,42,atom_v,4,20260818:4515:200:2:42:2:4
200,dpfi,42,atom_h,5,20260818:4515:200:2:42:1:5
200,dpfi,42,atom_v,5,20260818:4515:200:2:42:2:5
200,dpfi,42,atom_h,6,20260818:4515:200:2:42:1:6
200,dpfi,42,atom_v,6,20260818:4515:200:2:42:2:6
200,dpfi,42,atom_h,7,20260818:4515:200:2:42:1:7
200,dpfi,42,atom_v,7,20260818:4515:200:2:42:2:7
200,dpfi,42,atom_h,8,20260818:4515:200:2:42:1:8
200,dpfi,42,atom_v,8,20260818:4515:200:2:42:2:8
200,dpfi,42,atom_h,9,20260818:4515:200:2:42:1:9
200,dpfi,42,atom_v,9,20260818:4515:200:2:42:2:9
200,dpfi,42,atom_h,10,20260818:4515:200:2:42:1:10
200,dpfi,42,atom_v,10,20260818:4515:200:2:42:2:10
200,dpfi,42,atom_h,11,20260818:4515:200:2:42:1:11
200,dpfi,42,atom_v,11,20260818:4515:200:2:42:2:11
200,dpfi,42,atom_h,12,20260818:4515:200:2:42:1:12
200,dpfi,42,atom_v,12,20260818:4515:200:2:42:2:12
200,dpfi,42,atom_h,13,20260818:4515:200:2:42:1:13
200,dpfi,42,atom_v,13,20260818:4515:200:2:42:2:13
200,dpfi,42,atom_h,14,20260818:4515:200:2:42:1:14
200,dpfi,42,atom_v,14,20260818:4515:200:2:42:2:14
200,dpfi,42,atom_h,15,20260818:4515:200:2:42:1:15
200,dpfi,42,atom_v,15,20260818:4515:200:2:42:2:15
200,dpfi,43,blank_h,0,20260818:4515:200:2:43:3:0
200,dpfi,43,blank_v,0,20260818:4515:200:2:43:4:0
200,dpfi,43,dark_h,0,20260818:4515:200:2:43:5:0
200,dpfi,43,dark_v,0,20260818:4515:200:2:43:6:0
200,dpfi,43,atom_h,1,20260818:4515:200:2:43:1:1
200,dpfi,43,atom_v,1,20260818:4515:200:2:43:2:1
200,dpfi,43,atom_h,2,20260818:4515:200:2:43:1:2
200,dpfi,43,atom_v,2,20260818:4515:200:2:43:2:2
200,dpfi,43,atom_h,3,20260818:4515:200:2:43:1:3
200,dpfi,43,atom_v,3,20260818:4515:200:2:43:2:3
200,dpfi,43,atom_h,4,20260818:4515:200:2:43:1:4
200,dpfi,43,atom_v,4,20260818:4515:200:2:43:2:4
200,dpfi,43,atom_h,5,20260818:4515:200:2:43:1:5
200,dpfi,43,atom_v,5,20260818:4515:200:2:43:2:5
200,dpfi,43,atom_h,6,20260818:4515:200:2:43:1:6
200,dpfi,43,atom_v,6,20260818:4515:200:2:43:2:6
200,dpfi,43,atom_h,7,20260818:4515:200:2:43:1:7
200,dpfi,43,atom_v,7,20260818:4515:200:2:43:2:7
200,dpfi,43,atom_h,8,20260818:4515:200:2:43:1:8
200,dpfi,43,atom_v,8,20260818:4515:200:2:43:2:8
200,dpfi,43,atom_h,9,20260818:4515:200:2:43:1:9
200,dpfi,43,atom_v,9,20260818:4515:200:2:43:2:9
200,dpfi,43,atom_h,10,20260818:4515:200:2:43:1:10
200,dpfi,43,atom_v,10,20260818:4515:200:2:43:2:10
200,dpfi,43,atom_h,11,20260818:4515:200:2:43:1:11
200,dpfi,43,atom_v,11,20260818:4515:200:2:43:2:11
200,dpfi,43,atom_h,12,20260818:4515:200:2:43:1:12
200,dpfi,43,atom_v,12,20260818:4515:200:2:43:2:12
200,dpfi,43,atom_h,13,20260818:4515:200:2:43:1:13
200,dpfi,43,atom_v,13,20260818:4515:200:2:43:2:13
200,dpfi,43,atom_h,14,20260818:4515:200:2:43:1:14
200,dpfi,43,atom_v,14,20260818:4515:200:2:43:2:14
200,dpfi,43,atom_h,15,20260818:4515:200:2:43:1:15
200,dpfi,43,atom_v,15,20260818:4515:200:2:43:2:15
200,dpfi,44,blank_h,0,20260818:4515:200:2:44:3:0
200,dpfi,44,blank_v,0,20260818:4515:200:2:44:4:0
200,dpfi,44,dark_h,0,20260818:4515:200:2:44:5:0
200,dpfi,44,dark_v,0,20260818:4515:200:2:44:6:0
200,dpfi,44,atom_h,1,20260818:4515:200:2:44:1:1
200,dpfi,44,atom_v,1,20260818:4515:200:2:44:2:1
200,dpfi,44,atom_h,2,20260818:4515:200:2:44:1:2
200,dpfi,44,atom_v,2,20260818:4515:200:2:44:2:2
200,dpfi,44,atom_h,3,20260818:4515:200:2:44:1:3
200,dpfi,44,atom_v,3,20260818:4515:200:2:44:2:3
200,dpfi,44,atom_h,4,20260818:4515:200:2:44:1:4
200,dpfi,44,atom_v,4,20260818:4515:200:2:44:2:4
200,dpfi,44,atom_h,5,20260818:4515:200:2:44:1:5
200,dpfi,44,atom_v,5,20260818:4515:200:2:44:2:5
200,dpfi,44,atom_h,6,20260818:4515:200:2:44:1:6
200,dpfi,44,atom_v,6,20260818:4515:200:2:44:2:6
200,dpfi,44,atom_h,7,20260818:4515:200:2:44:1:7
200,dpfi,44,atom_v,7,20260818:4515:200:2:44:2:7
200,dpfi,44,atom_h,8,20260818:4515:200:2:44:1:8
200,dpfi,44,atom_v,8,20260818:4515:200:2:44:2:8
200,dpfi,44,atom_h,9,20260818:4515:200:2:44:1:9
200,dpfi,44,atom_v,9,20260818:4515:200:2:44:2:9
200,dpfi,44,atom_h,10,20260818:4515:200:2:44:1:10
200,dpfi,44,atom_v,10,20260818:4515:200:2:44:2:10
200,dpfi,44,atom_h,11,20260818:4515:200:2:44:1:11
200,dpfi,44,atom_v,11,20260818:4515:200:2:44:2:11
200,dpfi,44,atom_h,12,20260818:4515:200:2:44:1:12
200,dpfi,44,atom_v,12,20260818:4515:200:2:44:2:12
200,dpfi,44,atom_h,13,20260818:4515:200:2:44:1:13
200,dpfi,44,atom_v,13,20260818:4515:200:2:44:2:13
200,dpfi,44,atom_h,14,20260818:4515:200:2:44:1:14
200,dpfi,44,atom_v,14,20260818:4515:200:2:44:2:14
200,dpfi,44,atom_h,15,20260818:4515:200:2:44:1:15
200,dpfi,44,atom_v,15,20260818:4515:200:2:44:2:15
200,dpfi,45,blank_h,0,20260818:4515:200:2:45:3:0
200,dpfi,45,blank_v,0,20260818:4515:200:2:45:4:0
200,dpfi,45,dark_h,0,20260818:4515:200:2:45:5:0
200,dpfi,45,dark_v,0,20260818:4515:200:2:45:6:0
200,dpfi,45,atom_h,1,20260818:4515:200:2:45:1:1
200,dpfi,45,atom_v,1,20260818:4515:200:2:45:2:1
200,dpfi,45,atom_h,2,20260818:4515:200:2:45:1:2
200,dpfi,45,atom_v,2,20260818:4515:200:2:45:2:2
200,dpfi,45,atom_h,3,20260818:4515:200:2:45:1:3
200,dpfi,45,atom_v,3,20260818:4515:200:2:45:2:3
200,dpfi,45,atom_h,4,20260818:4515:200:2:45:1:4
200,dpfi,45,atom_v,4,20260818:4515:200:2:45:2:4
200,dpfi,45,atom_h,5,20260818:4515:200:2:45:1:5
200,dpfi,45,atom_v,5,20260818:4515:200:2:45:2:5
200,dpfi,45,atom_h,6,20260818:4515:200:2:45:1:6
200,dpfi,45,atom_v,6,20260818:4515:200:2:45:2:6
200,dpfi,45,atom_h,7,20260818:4515:200:2:45:1:7
200,dpfi,45,atom_v,7,20260818:4515:200:2:45:2:7
200,dpfi,45,atom_h,8,20260818:4515:200:2:45:1:8
200,dpfi,45,atom_v,8,20260818:4515:200:2:45:2:8
200,dpfi,45,atom_h,9,20260818:4515:200:2:45:1:9
200,dpfi,45,atom_v,9,20260818:4515:200:2:45:2:9
200,dpfi,45,atom_h,10,20260818:4515:200:2:45:1:10
200,dpfi,45,atom_v,10,20260818:4515:200:2:45:2:10
200,dpfi,45,atom_h,11,20260818:4515:200:2:45:1:11
200,dpfi,45,atom_v,11,20260818:4515:200:2:45:2:11
200,dpfi,45,atom_h,12,20260818:4515:200:2:45:1:12
200,dpfi,45,atom_v,12,20260818:4515:200:2:45:2:12
200,dpfi,45,atom_h,13,20260818:4515:200:2:45:1:13
200,dpfi,45,atom_v,13,20260818:4515:200:2:45:2:13
200,dpfi,45,atom_h,14,20260818:4515:200:2:45:1:14
200,dpfi,45,atom_v,14,20260818:4515:200:2:45:2:14
200,dpfi,45,atom_h,15,20260818:4515:200:2:45:1:15
200,dpfi,45,atom_v,15,20260818:4515:200:2:45:2:15
200,dpfi,46,blank_h,0,20260818:4515:200:2:46:3:0
200,dpfi,46,blank_v,0,20260818:4515:200:2:46:4:0
200,dpfi,46,dark_h,0,20260818:4515:200:2:46:5:0
200,dpfi,46,dark_v,0,20260818:4515:200:2:46:6:0
200,dpfi,46,atom_h,1,20260818:4515:200:2:46:1:1
200,dpfi,46,atom_v,1,20260818:4515:200:2:46:2:1
200,dpfi,46,atom_h,2,20260818:4515:200:2:46:1:2
200,dpfi,46,atom_v,2,20260818:4515:200:2:46:2:2
200,dpfi,46,atom_h,3,20260818:4515:200:2:46:1:3
200,dpfi,46,atom_v,3,20260818:4515:200:2:46:2:3
200,dpfi,46,atom_h,4,20260818:4515:200:2:46:1:4
200,dpfi,46,atom_v,4,20260818:4515:200:2:46:2:4
200,dpfi,46,atom_h,5,20260818:4515:200:2:46:1:5
200,dpfi,46,atom_v,5,20260818:4515:200:2:46:2:5
200,dpfi,46,atom_h,6,20260818:4515:200:2:46:1:6
200,dpfi,46,atom_v,6,20260818:4515:200:2:46:2:6
200,dpfi,46,atom_h,7,20260818:4515:200:2:46:1:7
200,dpfi,46,atom_v,7,20260818:4515:200:2:46:2:7
200,dpfi,46,atom_h,8,20260818:4515:200:2:46:1:8
200,dpfi,46,atom_v,8,20260818:4515:200:2:46:2:8
200,dpfi,46,atom_h,9,20260818:4515:200:2:46:1:9
200,dpfi,46,atom_v,9,20260818:4515:200:2:46:2:9
200,dpfi,46,atom_h,10,20260818:4515:200:2:46:1:10
200,dpfi,46,atom_v,10,20260818:4515:200:2:46:2:10
200,dpfi,46,atom_h,11,20260818:4515:200:2:46:1:11
200,dpfi,46,atom_v,11,20260818:4515:200:2:46:2:11
200,dpfi,46,atom_h,12,20260818:4515:200:2:46:1:12
200,dpfi,46,atom_v,12,20260818:4515:200:2:46:2:12
200,dpfi,46,atom_h,13,20260818:4515:200:2:46:1:13
200,dpfi,46,atom_v,13,20260818:4515:200:2:46:2:13
200,dpfi,46,atom_h,14,20260818:4515:200:2:46:1:14
200,dpfi,46,atom_v,14,20260818:4515:200:2:46:2:14
200,dpfi,46,atom_h,15,20260818:4515:200:2:46:1:15
200,dpfi,46,atom_v,15,20260818:4515:200:2:46:2:15
200,dpfi,47,blank_h,0,20260818:4515:200:2:47:3:0
200,dpfi,47,blank_v,0,20260818:4515:200:2:47:4:0
200,dpfi,47,dark_h,0,20260818:4515:200:2:47:5:0
200,dpfi,47,dark_v,0,20260818:4515:200:2:47:6:0
200,dpfi,47,atom_h,1,20260818:4515:200:2:47:1:1
200,dpfi,47,atom_v,1,20260818:4515:200:2:47:2:1
200,dpfi,47,atom_h,2,20260818:4515:200:2:47:1:2
200,dpfi,47,atom_v,2,20260818:4515:200:2:47:2:2
200,dpfi,47,atom_h,3,20260818:4515:200:2:47:1:3
200,dpfi,47,atom_v,3,20260818:4515:200:2:47:2:3
200,dpfi,47,atom_h,4,20260818:4515:200:2:47:1:4
200,dpfi,47,atom_v,4,20260818:4515:200:2:47:2:4
200,dpfi,47,atom_h,5,20260818:4515:200:2:47:1:5
200,dpfi,47,atom_v,5,20260818:4515:200:2:47:2:5
200,dpfi,47,atom_h,6,20260818:4515:200:2:47:1:6
200,dpfi,47,atom_v,6,20260818:4515:200:2:47:2:6
200,dpfi,47,atom_h,7,20260818:4515:200:2:47:1:7
200,dpfi,47,atom_v,7,20260818:4515:200:2:47:2:7
200,dpfi,47,atom_h,8,20260818:4515:200:2:47:1:8
200,dpfi,47,atom_v,8,20260818:4515:200:2:47:2:8
200,dpfi,47,atom_h,9,20260818:4515:200:2:47:1:9
200,dpfi,47,atom_v,9,20260818:4515:200:2:47:2:9
200,dpfi,47,atom_h,10,20260818:4515:200:2:47:1:10
200,dpfi,47,atom_v,10,20260818:4515:200:2:47:2:10
200,dpfi,47,atom_h,11,20260818:4515:200:2:47:1:11
200,dpfi,47,atom_v,11,20260818:4515:200:2:47:2:11
200,dpfi,47,atom_h,12,20260818:4515:200:2:47:1:12
200,dpfi,47,atom_v,12,20260818:4515:200:2:47:2:12
200,dpfi,47,atom_h,13,20260818:4515:200:2:47:1:13
200,dpfi,47,atom_v,13,20260818:4515:200:2:47:2:13
200,dpfi,47,atom_h,14,20260818:4515:200:2:47:1:14
200,dpfi,47,atom_v,14,20260818:4515:200:2:47:2:14
200,dpfi,47,atom_h,15,20260818:4515:200:2:47:1:15
200,dpfi,47,atom_v,15,20260818:4515:200:2:47:2:15
200,dpfi,48,blank_h,0,20260818:4515:200:2:48:3:0
200,dpfi,48,blank_v,0,20260818:4515:200:2:48:4:0
200,dpfi,48,dark_h,0,20260818:4515:200:2:48:5:0
200,dpfi,48,dark_v,0,20260818:4515:200:2:48:6:0
200,dpfi,48,atom_h,1,20260818:4515:200:2:48:1:1
200,dpfi,48,atom_v,1,20260818:4515:200:2:48:2:1
200,dpfi,48,atom_h,2,20260818:4515:200:2:48:1:2
200,dpfi,48,atom_v,2,20260818:4515:200:2:48:2:2
200,dpfi,48,atom_h,3,20260818:4515:200:2:48:1:3
200,dpfi,48,atom_v,3,20260818:4515:200:2:48:2:3
200,dpfi,48,atom_h,4,20260818:4515:200:2:48:1:4
200,dpfi,48,atom_v,4,20260818:4515:200:2:48:2:4
200,dpfi,48,atom_h,5,20260818:4515:200:2:48:1:5
200,dpfi,48,atom_v,5,20260818:4515:200:2:48:2:5
200,dpfi,48,atom_h,6,20260818:4515:200:2:48:1:6
200,dpfi,48,atom_v,6,20260818:4515:200:2:48:2:6
200,dpfi,48,atom_h,7,20260818:4515:200:2:48:1:7
200,dpfi,48,atom_v,7,20260818:4515:200:2:48:2:7
200,dpfi,48,atom_h,8,20260818:4515:200:2:48:1:8
200,dpfi,48,atom_v,8,20260818:4515:200:2:48:2:8
200,dpfi,48,atom_h,9,20260818:4515:200:2:48:1:9
200,dpfi,48,atom_v,9,20260818:4515:200:2:48:2:9
200,dpfi,48,atom_h,10,20260818:4515:200:2:48:1:10
200,dpfi,48,atom_v,10,20260818:4515:200:2:48:2:10
200,dpfi,48,atom_h,11,20260818:4515:200:2:48:1:11
200,dpfi,48,atom_v,11,20260818:4515:200:2:48:2:11
200,dpfi,48,atom_h,12,20260818:4515:200:2:48:1:12
200,dpfi,48,atom_v,12,20260818:4515:200:2:48:2:12
200,dpfi,48,atom_h,13,20260818:4515:200:2:48:1:13
200,dpfi,48,atom_v,13,20260818:4515:200:2:48:2:13
200,dpfi,48,atom_h,14,20260818:4515:200:2:48:1:14
200,dpfi,48,atom_v,14,20260818:4515:200:2:48:2:14
200,dpfi,48,atom_h,15,20260818:4515:200:2:48:1:15
200,dpfi,48,atom_v,15,20260818:4515:200:2:48:2:15
200,dpfi,49,blank_h,0,20260818:4515:200:2:49:3:0
200,dpfi,49,blank_v,0,20260818:4515:200:2:49:4:0
200,dpfi,49,dark_h,0,20260818:4515:200:2:49:5:0
200,dpfi,49,dark_v,0,20260818:4515:200:2:49:6:0
200,dpfi,49,atom_h,1,20260818:4515:200:2:49:1:1
200,dpfi,49,atom_v,1,20260818:4515:200:2:49:2:1
200,dpfi,49,atom_h,2,20260818:4515:200:2:49:1:2
200,dpfi,49,atom_v,2,20260818:4515:200:2:49:2:2
200,dpfi,49,atom_h,3,20260818:4515:200:2:49:1:3
200,dpfi,49,atom_v,3,20260818:4515:200:2:49:2:3
200,dpfi,49,atom_h,4,20260818:4515:200:2:49:1:4
200,dpfi,49,atom_v,4,20260818:4515:200:2:49:2:4
200,dpfi,49,atom_h,5,20260818:4515:200:2:49:1:5
200,dpfi,49,atom_v,5,20260818:4515:200:2:49:2:5
200,dpfi,49,atom_h,6,20260818:4515:200:2:49:1:6
200,dpfi,49,atom_v,6,20260818:4515:200:2:49:2:6
200,dpfi,49,atom_h,7,20260818:4515:200:2:49:1:7
200,dpfi,49,atom_v,7,20260818:4515:200:2:49:2:7
200,dpfi,49,atom_h,8,20260818:4515:200:2:49:1:8
200,dpfi,49,atom_v,8,20260818:4515:200:2:49:2:8
200,dpfi,49,atom_h,9,20260818:4515:200:2:49:1:9
200,dpfi,49,atom_v,9,20260818:4515:200:2:49:2:9
200,dpfi,49,atom_h,10,20260818:4515:200:2:49:1:10
200,dpfi,49,atom_v,10,20260818:4515:200:2:49:2:10
200,dpfi,49,atom_h,11,20260818:4515:200:2:49:1:11
200,dpfi,49,atom_v,11,20260818:4515:200:2:49:2:11
200,dpfi,49,atom_h,12,20260818:4515:200:2:49:1:12
200,dpfi,49,atom_v,12,20260818:4515:200:2:49:2:12
200,dpfi,49,atom_h,13,20260818:4515:200:2:49:1:13
200,dpfi,49,atom_v,13,20260818:4515:200:2:49:2:13
200,dpfi,49,atom_h,14,20260818:4515:200:2:49:1:14
200,dpfi,49,atom_v,14,20260818:4515:200:2:49:2:14
200,dpfi,49,atom_h,15,20260818:4515:200:2:49:1:15
200,dpfi,49,atom_v,15,20260818:4515:200:2:49:2:15
200,dpfi,50,blank_h,0,20260818:4515:200:2:50:3:0
200,dpfi,50,blank_v,0,20260818:4515:200:2:50:4:0
200,dpfi,50,dark_h,0,20260818:4515:200:2:50:5:0
200,dpfi,50,dark_v,0,20260818:4515:200:2:50:6:0
200,dpfi,50,atom_h,1,20260818:4515:200:2:50:1:1
200,dpfi,50,atom_v,1,20260818:4515:200:2:50:2:1
200,dpfi,50,atom_h,2,20260818:4515:200:2:50:1:2
200,dpfi,50,atom_v,2,20260818:4515:200:2:50:2:2
200,dpfi,50,atom_h,3,20260818:4515:200:2:50:1:3
200,dpfi,50,atom_v,3,20260818:4515:200:2:50:2:3
200,dpfi,50,atom_h,4,20260818:4515:200:2:50:1:4
200,dpfi,50,atom_v,4,20260818:4515:200:2:50:2:4
200,dpfi,50,atom_h,5,20260818:4515:200:2:50:1:5
200,dpfi,50,atom_v,5,20260818:4515:200:2:50:2:5
200,dpfi,50,atom_h,6,20260818:4515:200:2:50:1:6
200,dpfi,50,atom_v,6,20260818:4515:200:2:50:2:6
200,dpfi,50,atom_h,7,20260818:4515:200:2:50:1:7
200,dpfi,50,atom_v,7,20260818:4515:200:2:50:2:7
200,dpfi,50,atom_h,8,20260818:4515:200:2:50:1:8
200,dpfi,50,atom_v,8,20260818:4515:200:2:50:2:8
200,dpfi,50,atom_h,9,20260818:4515:200:2:50:1:9
200,dpfi,50,atom_v,9,20260818:4515:200:2:50:2:9
200,dpfi,50,atom_h,10,20260818:4515:200:2:50:1:10
200,dpfi,50,atom_v,10,20260818:4515:200:2:50:2:10
200,dpfi,50,atom_h,11,20260818:4515:200:2:50:1:11
200,dpfi,50,atom_v,11,20260818:4515:200:2:50:2:11
200,dpfi,50,atom_h,12,20260818:4515:200:2:50:1:12
200,dpfi,50,atom_v,12,20260818:4515:200:2:50:2:12
200,dpfi,50,atom_h,13,20260818:4515:200:2:50:1:13
200,dpfi,50,atom_v,13,20260818:4515:200:2:50:2:13
200,dpfi,50,atom_h,14,20260818:4515:200:2:50:1:14
200,dpfi,50,atom_v,14,20260818:4515:200:2:50:2:14
200,dpfi,50,atom_h,15,20260818:4515:200:2:50:1:15
200,dpfi,50,atom_v,15,20260818:4515:200:2:50:2:15
200,dpfi,51,blank_h,0,20260818:4515:200:2:51:3:0
200,dpfi,51,blank_v,0,20260818:4515:200:2:51:4:0
200,dpfi,51,dark_h,0,20260818:4515:200:2:51:5:0
200,dpfi,51,dark_v,0,20260818:4515:200:2:51:6:0
200,dpfi,51,atom_h,1,20260818:4515:200:2:51:1:1
200,dpfi,51,atom_v,1,20260818:4515:200:2:51:2:1
200,dpfi,51,atom_h,2,20260818:4515:200:2:51:1:2
200,dpfi,51,atom_v,2,20260818:4515:200:2:51:2:2
200,dpfi,51,atom_h,3,20260818:4515:200:2:51:1:3
200,dpfi,51,atom_v,3,20260818:4515:200:2:51:2:3
200,dpfi,51,atom_h,4,20260818:4515:200:2:51:1:4
200,dpfi,51,atom_v,4,20260818:4515:200:2:51:2:4
200,dpfi,51,atom_h,5,20260818:4515:200:2:51:1:5
200,dpfi,51,atom_v,5,20260818:4515:200:2:51:2:5
200,dpfi,51,atom_h,6,20260818:4515:200:2:51:1:6
200,dpfi,51,atom_v,6,20260818:4515:200:2:51:2:6
200,dpfi,51,atom_h,7,20260818:4515:200:2:51:1:7
200,dpfi,51,atom_v,7,20260818:4515:200:2:51:2:7
200,dpfi,51,atom_h,8,20260818:4515:200:2:51:1:8
200,dpfi,51,atom_v,8,20260818:4515:200:2:51:2:8
200,dpfi,51,atom_h,9,20260818:4515:200:2:51:1:9
200,dpfi,51,atom_v,9,20260818:4515:200:2:51:2:9
200,dpfi,51,atom_h,10,20260818:4515:200:2:51:1:10
200,dpfi,51,atom_v,10,20260818:4515:200:2:51:2:10
200,dpfi,51,atom_h,11,20260818:4515:200:2:51:1:11
200,dpfi,51,atom_v,11,20260818:4515:200:2:51:2:11
200,dpfi,51,atom_h,12,20260818:4515:200:2:51:1:12
200,dpfi,51,atom_v,12,20260818:4515:200:2:51:2:12
200,dpfi,51,atom_h,13,20260818:4515:200:2:51:1:13
200,dpfi,51,atom_v,13,20260818:4515:200:2:51:2:13
200,dpfi,51,atom_h,14,20260818:4515:200:2:51:1:14
200,dpfi,51,atom_v,14,20260818:4515:200:2:51:2:14
200,dpfi,51,atom_h,15,20260818:4515:200:2:51:1:15
200,dpfi,51,atom_v,15,20260818:4515:200:2:51:2:15
200,dpfi,52,blank_h,0,20260818:4515:200:2:52:3:0
200,dpfi,52,blank_v,0,20260818:4515:200:2:52:4:0
200,dpfi,52,dark_h,0,20260818:4515:200:2:52:5:0
200,dpfi,52,dark_v,0,20260818:4515:200:2:52:6:0
200,dpfi,52,atom_h,1,20260818:4515:200:2:52:1:1
200,dpfi,52,atom_v,1,20260818:4515:200:2:52:2:1
200,dpfi,52,atom_h,2,20260818:4515:200:2:52:1:2
200,dpfi,52,atom_v,2,20260818:4515:200:2:52:2:2
200,dpfi,52,atom_h,3,20260818:4515:200:2:52:1:3
200,dpfi,52,atom_v,3,20260818:4515:200:2:52:2:3
200,dpfi,52,atom_h,4,20260818:4515:200:2:52:1:4
200,dpfi,52,atom_v,4,20260818:4515:200:2:52:2:4
200,dpfi,52,atom_h,5,20260818:4515:200:2:52:1:5
200,dpfi,52,atom_v,5,20260818:4515:200:2:52:2:5
200,dpfi,52,atom_h,6,20260818:4515:200:2:52:1:6
200,dpfi,52,atom_v,6,20260818:4515:200:2:52:2:6
200,dpfi,52,atom_h,7,20260818:4515:200:2:52:1:7
200,dpfi,52,atom_v,7,20260818:4515:200:2:52:2:7
200,dpfi,52,atom_h,8,20260818:4515:200:2:52:1:8
200,dpfi,52,atom_v,8,20260818:4515:200:2:52:2:8
200,dpfi,52,atom_h,9,20260818:4515:200:2:52:1:9
200,dpfi,52,atom_v,9,20260818:4515:200:2:52:2:9
200,dpfi,52,atom_h,10,20260818:4515:200:2:52:1:10
200,dpfi,52,atom_v,10,20260818:4515:200:2:52:2:10
200,dpfi,52,atom_h,11,20260818:4515:200:2:52:1:11
200,dpfi,52,atom_v,11,20260818:4515:200:2:52:2:11
200,dpfi,52,atom_h,12,20260818:4515:200:2:52:1:12
200,dpfi,52,atom_v,12,20260818:4515:200:2:52:2:12
200,dpfi,52,atom_h,13,20260818:4515:200:2:52:1:13
200,dpfi,52,atom_v,13,20260818:4515:200:2:52:2:13
200,dpfi,52,atom_h,14,20260818:4515:200:2:52:1:14
200,dpfi,52,atom_v,14,20260818:4515:200:2:52:2:14
200,dpfi,52,atom_h,15,20260818:4515:200:2:52:1:15
200,dpfi,52,atom_v,15,20260818:4515:200:2:52:2:15
200,dpfi,53,blank_h,0,20260818:4515:200:2:53:3:0
200,dpfi,53,blank_v,0,20260818:4515:200:2:53:4:0
200,dpfi,53,dark_h,0,20260818:4515:200:2:53:5:0
200,dpfi,53,dark_v,0,20260818:4515:200:2:53:6:0
200,dpfi,53,atom_h,1,20260818:4515:200:2:53:1:1
200,dpfi,53,atom_v,1,20260818:4515:200:2:53:2:1
200,dpfi,53,atom_h,2,20260818:4515:200:2:53:1:2
200,dpfi,53,atom_v,2,20260818:4515:200:2:53:2:2
200,dpfi,53,atom_h,3,20260818:4515:200:2:53:1:3
200,dpfi,53,atom_v,3,20260818:4515:200:2:53:2:3
200,dpfi,53,atom_h,4,20260818:4515:200:2:53:1:4
200,dpfi,53,atom_v,4,20260818:4515:200:2:53:2:4
200,dpfi,53,atom_h,5,20260818:4515:200:2:53:1:5
200,dpfi,53,atom_v,5,20260818:4515:200:2:53:2:5
200,dpfi,53,atom_h,6,20260818:4515:200:2:53:1:6
200,dpfi,53,atom_v,6,20260818:4515:200:2:53:2:6
200,dpfi,53,atom_h,7,20260818:4515:200:2:53:1:7
200,dpfi,53,atom_v,7,20260818:4515:200:2:53:2:7
200,dpfi,53,atom_h,8,20260818:4515:200:2:53:1:8
200,dpfi,53,atom_v,8,20260818:4515:200:2:53:2:8
200,dpfi,53,atom_h,9,20260818:4515:200:2:53:1:9
200,dpfi,53,atom_v,9,20260818:4515:200:2:53:2:9
200,dpfi,53,atom_h,10,20260818:4515:200:2:53:1:10
200,dpfi,53,atom_v,10,20260818:4515:200:2:53:2:10
200,dpfi,53,atom_h,11,20260818:4515:200:2:53:1:11
200,dpfi,53,atom_v,11,20260818:4515:200:2:53:2:11
200,dpfi,53,atom_h,12,20260818:4515:200:2:53:1:12
200,dpfi,53,atom_v,12,20260818:4515:200:2:53:2:12
200,dpfi,53,atom_h,13,20260818:4515:200:2:53:1:13
200,dpfi,53,atom_v,13,20260818:4515:200:2:53:2:13
200,dpfi,53,atom_h,14,20260818:4515:200:2:53:1:14
200,dpfi,53,atom_v,14,20260818:4515:200:2:53:2:14
200,dpfi,53,atom_h,15,20260818:4515:200:2:53:1:15
200,dpfi,53,atom_v,15,20260818:4515:200:2:53:2:15
200,dpfi,54,blank_h,0,20260818:4515:200:2:54:3:0
200,dpfi,54,blank_v,0,20260818:4515:200:2:54:4:0
200,dpfi,54,dark_h,0,20260818:4515:200:2:54:5:0
200,dpfi,54,dark_v,0,20260818:4515:200:2:54:6:0
200,dpfi,54,atom_h,1,20260818:4515:200:2:54:1:1
200,dpfi,54,atom_v,1,20260818:4515:200:2:54:2:1
200,dpfi,54,atom_h,2,20260818:4515:200:2:54:1:2
200,dpfi,54,atom_v,2,20260818:4515:200:2:54:2:2
200,dpfi,54,atom_h,3,20260818:4515:200:2:54:1:3
200,dpfi,54,atom_v,3,20260818:4515:200:2:54:2:3
200,dpfi,54,atom_h,4,20260818:4515:200:2:54:1:4
200,dpfi,54,atom_v,4,20260818:4515:200:2:54:2:4
200,dpfi,54,atom_h,5,20260818:4515:200:2:54:1:5
200,dpfi,54,atom_v,5,20260818:4515:200:2:54:2:5
200,dpfi,54,atom_h,6,20260818:4515:200:2:54:1:6
200,dpfi,54,atom_v,6,20260818:4515:200:2:54:2:6
200,dpfi,54,atom_h,7,20260818:4515:200:2:54:1:7
200,dpfi,54,atom_v,7,20260818:4515:200:2:54:2:7
200,dpfi,54,atom_h,8,20260818:4515:200:2:54:1:8
200,dpfi,54,atom_v,8,20260818:4515:200:2:54:2:8
200,dpfi,54,atom_h,9,20260818:4515:200:2:54:1:9
200,dpfi,54,atom_v,9,20260818:4515:200:2:54:2:9
200,dpfi,54,atom_h,10,20260818:4515:200:2:54:1:10
200,dpfi,54,atom_v,10,20260818:4515:200:2:54:2:10
200,dpfi,54,atom_h,11,20260818:4515:200:2:54:1:11
200,dpfi,54,atom_v,11,20260818:4515:200:2:54:2:11
200,dpfi,54,atom_h,12,20260818:4515:200:2:54:1:12
200,dpfi,54,atom_v,12,20260818:4515:200:2:54:2:12
200,dpfi,54,atom_h,13,20260818:4515:200:2:54:1:13
200,dpfi,54,atom_v,13,20260818:4515:200:2:54:2:13
200,dpfi,54,atom_h,14,20260818:4515:200:2:54:1:14
200,dpfi,54,atom_v,14,20260818:4515:200:2:54:2:14
200,dpfi,54,atom_h,15,20260818:4515:200:2:54:1:15
200,dpfi,54,atom_v,15,20260818:4515:200:2:54:2:15
200,dpfi,55,blank_h,0,20260818:4515:200:2:55:3:0
200,dpfi,55,blank_v,0,20260818:4515:200:2:55:4:0
200,dpfi,55,dark_h,0,20260818:4515:200:2:55:5:0
200,dpfi,55,dark_v,0,20260818:4515:200:2:55:6:0
200,dpfi,55,atom_h,1,20260818:4515:200:2:55:1:1
200,dpfi,55,atom_v,1,20260818:4515:200:2:55:2:1
200,dpfi,55,atom_h,2,20260818:4515:200:2:55:1:2
200,dpfi,55,atom_v,2,20260818:4515:200:2:55:2:2
200,dpfi,55,atom_h,3,20260818:4515:200:2:55:1:3
200,dpfi,55,atom_v,3,20260818:4515:200:2:55:2:3
200,dpfi,55,atom_h,4,20260818:4515:200:2:55:1:4
200,dpfi,55,atom_v,4,20260818:4515:200:2:55:2:4
200,dpfi,55,atom_h,5,20260818:4515:200:2:55:1:5
200,dpfi,55,atom_v,5,20260818:4515:200:2:55:2:5
200,dpfi,55,atom_h,6,20260818:4515:200:2:55:1:6
200,dpfi,55,atom_v,6,20260818:4515:200:2:55:2:6
200,dpfi,55,atom_h,7,20260818:4515:200:2:55:1:7
200,dpfi,55,atom_v,7,20260818:4515:200:2:55:2:7
200,dpfi,55,atom_h,8,20260818:4515:200:2:55:1:8
200,dpfi,55,atom_v,8,20260818:4515:200:2:55:2:8
200,dpfi,55,atom_h,9,20260818:4515:200:2:55:1:9
200,dpfi,55,atom_v,9,20260818:4515:200:2:55:2:9
200,dpfi,55,atom_h,10,20260818:4515:200:2:55:1:10
200,dpfi,55,atom_v,10,20260818:4515:200:2:55:2:10
200,dpfi,55,atom_h,11,20260818:4515:200:2:55:1:11
200,dpfi,55,atom_v,11,20260818:4515:200:2:55:2:11
200,dpfi,55,atom_h,12,20260818:4515:200:2:55:1:12
200,dpfi,55,atom_v,12,20260818:4515:200:2:55:2:12
200,dpfi,55,atom_h,13,20260818:4515:200:2:55:1:13
200,dpfi,55,atom_v,13,20260818:4515:200:2:55:2:13
200,dpfi,55,atom_h,14,20260818:4515:200:2:55:1:14
200,dpfi,55,atom_v,14,20260818:4515:200:2:55:2:14
200,dpfi,55,atom_h,15,20260818:4515:200:2:55:1:15
200,dpfi,55,atom_v,15,20260818:4515:200:2:55:2:15
200,dpfi,56,blank_h,0,20260818:4515:200:2:56:3:0
200,dpfi,56,blank_v,0,20260818:4515:200:2:56:4:0
200,dpfi,56,dark_h,0,20260818:4515:200:2:56:5:0
200,dpfi,56,dark_v,0,20260818:4515:200:2:56:6:0
200,dpfi,56,atom_h,1,20260818:4515:200:2:56:1:1
200,dpfi,56,atom_v,1,20260818:4515:200:2:56:2:1
200,dpfi,56,atom_h,2,20260818:4515:200:2:56:1:2
200,dpfi,56,atom_v,2,20260818:4515:200:2:56:2:2
200,dpfi,56,atom_h,3,20260818:4515:200:2:56:1:3
200,dpfi,56,atom_v,3,20260818:4515:200:2:56:2:3
200,dpfi,56,atom_h,4,20260818:4515:200:2:56:1:4
200,dpfi,56,atom_v,4,20260818:4515:200:2:56:2:4
200,dpfi,56,atom_h,5,20260818:4515:200:2:56:1:5
200,dpfi,56,atom_v,5,20260818:4515:200:2:56:2:5
200,dpfi,56,atom_h,6,20260818:4515:200:2:56:1:6
200,dpfi,56,atom_v,6,20260818:4515:200:2:56:2:6
200,dpfi,56,atom_h,7,20260818:4515:200:2:56:1:7
200,dpfi,56,atom_v,7,20260818:4515:200:2:56:2:7
200,dpfi,56,atom_h,8,20260818:4515:200:2:56:1:8
200,dpfi,56,atom_v,8,20260818:4515:200:2:56:2:8
200,dpfi,56,atom_h,9,20260818:4515:200:2:56:1:9
200,dpfi,56,atom_v,9,20260818:4515:200:2:56:2:9
200,dpfi,56,atom_h,10,20260818:4515:200:2:56:1:10
200,dpfi,56,atom_v,10,20260818:4515:200:2:56:2:10
200,dpfi,56,atom_h,11,20260818:4515:200:2:56:1:11
200,dpfi,56,atom_v,11,20260818:4515:200:2:56:2:11
200,dpfi,56,atom_h,12,20260818:4515:200:2:56:1:12
200,dpfi,56,atom_v,12,20260818:4515:200:2:56:2:12
200,dpfi,56,atom_h,13,20260818:4515:200:2:56:1:13
200,dpfi,56,atom_v,13,20260818:4515:200:2:56:2:13
200,dpfi,56,atom_h,14,20260818:4515:200:2:56:1:14
200,dpfi,56,atom_v,14,20260818:4515:200:2:56:2:14
200,dpfi,56,atom_h,15,20260818:4515:200:2:56:1:15
200,dpfi,56,atom_v,15,20260818:4515:200:2:56:2:15
200,dpfi,57,blank_h,0,20260818:4515:200:2:57:3:0
200,dpfi,57,blank_v,0,20260818:4515:200:2:57:4:0
200,dpfi,57,dark_h,0,20260818:4515:200:2:57:5:0
200,dpfi,57,dark_v,0,20260818:4515:200:2:57:6:0
200,dpfi,57,atom_h,1,20260818:4515:200:2:57:1:1
200,dpfi,57,atom_v,1,20260818:4515:200:2:57:2:1
200,dpfi,57,atom_h,2,20260818:4515:200:2:57:1:2
200,dpfi,57,atom_v,2,20260818:4515:200:2:57:2:2
200,dpfi,57,atom_h,3,20260818:4515:200:2:57:1:3
200,dpfi,57,atom_v,3,20260818:4515:200:2:57:2:3
200,dpfi,57,atom_h,4,20260818:4515:200:2:57:1:4
200,dpfi,57,atom_v,4,20260818:4515:200:2:57:2:4
200,dpfi,57,atom_h,5,20260818:4515:200:2:57:1:5
200,dpfi,57,atom_v,5,20260818:4515:200:2:57:2:5
200,dpfi,57,atom_h,6,20260818:4515:200:2:57:1:6
200,dpfi,57,atom_v,6,20260818:4515:200:2:57:2:6
200,dpfi,57,atom_h,7,20260818:4515:200:2:57:1:7
200,dpfi,57,atom_v,7,20260818:4515:200:2:57:2:7
200,dpfi,57,atom_h,8,20260818:4515:200:2:57:1:8
200,dpfi,57,atom_v,8,20260818:4515:200:2:57:2:8
200,dpfi,57,atom_h,9,20260818:4515:200:2:57:1:9
200,dpfi,57,atom_v,9,20260818:4515:200:2:57:2:9
200,dpfi,57,atom_h,10,20260818:4515:200:2:57:1:10
200,dpfi,57,atom_v,10,20260818:4515:200:2:57:2:10
200,dpfi,57,atom_h,11,20260818:4515:200:2:57:1:11
200,dpfi,57,atom_v,11,20260818:4515:200:2:57:2:11
200,dpfi,57,atom_h,12,20260818:4515:200:2:57:1:12
200,dpfi,57,atom_v,12,20260818:4515:200:2:57:2:12
200,dpfi,57,atom_h,13,20260818:4515:200:2:57:1:13
200,dpfi,57,atom_v,13,20260818:4515:200:2:57:2:13
200,dpfi,57,atom_h,14,20260818:4515:200:2:57:1:14
200,dpfi,57,atom_v,14,20260818:4515:200:2:57:2:14
200,dpfi,57,atom_h,15,20260818:4515:200:2:57:1:15
200,dpfi,57,atom_v,15,20260818:4515:200:2:57:2:15
200,dpfi,58,blank_h,0,20260818:4515:200:2:58:3:0
200,dpfi,58,blank_v,0,20260818:4515:200:2:58:4:0
200,dpfi,58,dark_h,0,20260818:4515:200:2:58:5:0
200,dpfi,58,dark_v,0,20260818:4515:200:2:58:6:0
200,dpfi,58,atom_h,1,20260818:4515:200:2:58:1:1
200,dpfi,58,atom_v,1,20260818:4515:200:2:58:2:1
200,dpfi,58,atom_h,2,20260818:4515:200:2:58:1:2
200,dpfi,58,atom_v,2,20260818:4515:200:2:58:2:2
200,dpfi,58,atom_h,3,20260818:4515:200:2:58:1:3
200,dpfi,58,atom_v,3,20260818:4515:200:2:58:2:3
200,dpfi,58,atom_h,4,20260818:4515:200:2:58:1:4
200,dpfi,58,atom_v,4,20260818:4515:200:2:58:2:4
200,dpfi,58,atom_h,5,20260818:4515:200:2:58:1:5
200,dpfi,58,atom_v,5,20260818:4515:200:2:58:2:5
200,dpfi,58,atom_h,6,20260818:4515:200:2:58:1:6
200,dpfi,58,atom_v,6,20260818:4515:200:2:58:2:6
200,dpfi,58,atom_h,7,20260818:4515:200:2:58:1:7
200,dpfi,58,atom_v,7,20260818:4515:200:2:58:2:7
200,dpfi,58,atom_h,8,20260818:4515:200:2:58:1:8
200,dpfi,58,atom_v,8,20260818:4515:200:2:58:2:8
200,dpfi,58,atom_h,9,20260818:4515:200:2:58:1:9
200,dpfi,58,atom_v,9,20260818:4515:200:2:58:2:9
200,dpfi,58,atom_h,10,20260818:4515:200:2:58:1:10
200,dpfi,58,atom_v,10,20260818:4515:200:2:58:2:10
200,dpfi,58,atom_h,11,20260818:4515:200:2:58:1:11
200,dpfi,58,atom_v,11,20260818:4515:200:2:58:2:11
200,dpfi,58,atom_h,12,20260818:4515:200:2:58:1:12
200,dpfi,58,atom_v,12,20260818:4515:200:2:58:2:12
200,dpfi,58,atom_h,13,20260818:4515:200:2:58:1:13
200,dpfi,58,atom_v,13,20260818:4515:200:2:58:2:13
200,dpfi,58,atom_h,14,20260818:4515:200:2:58:1:14
200,dpfi,58,atom_v,14,20260818:4515:200:2:58:2:14
200,dpfi,58,atom_h,15,20260818:4515:200:2:58:1:15
200,dpfi,58,atom_v,15,20260818:4515:200:2:58:2:15
200,dpfi,59,blank_h,0,20260818:4515:200:2:59:3:0
200,dpfi,59,blank_v,0,20260818:4515:200:2:59:4:0
200,dpfi,59,dark_h,0,20260818:4515:200:2:59:5:0
200,dpfi,59,dark_v,0,20260818:4515:200:2:59:6:0
200,dpfi,59,atom_h,1,20260818:4515:200:2:59:1:1
200,dpfi,59,atom_v,1,20260818:4515:200:2:59:2:1
200,dpfi,59,atom_h,2,20260818:4515:200:2:59:1:2
200,dpfi,59,atom_v,2,20260818:4515:200:2:59:2:2
200,dpfi,59,atom_h,3,20260818:4515:200:2:59:1:3
200,dpfi,59,atom_v,3,20260818:4515:200:2:59:2:3
200,dpfi,59,atom_h,4,20260818:4515:200:2:59:1:4
200,dpfi,59,atom_v,4,20260818:4515:200:2:59:2:4
200,dpfi,59,atom_h,5,20260818:4515:200:2:59:1:5
200,dpfi,59,atom_v,5,20260818:4515:200:2:59:2:5
200,dpfi,59,atom_h,6,20260818:4515:200:2:59:1:6
200,dpfi,59,atom_v,6,20260818:4515:200:2:59:2:6
200,dpfi,59,atom_h,7,20260818:4515:200:2:59:1:7
200,dpfi,59,atom_v,7,20260818:4515:200:2:59:2:7
200,dpfi,59,atom_h,8,20260818:4515:200:2:59:1:8
200,dpfi,59,atom_v,8,20260818:4515:200:2:59:2:8
200,dpfi,59,atom_h,9,20260818:4515:200:2:59:1:9
200,dpfi,59,atom_v,9,20260818:4515:200:2:59:2:9
200,dpfi,59,atom_h,10,20260818:4515:200:2:59:1:10
200,dpfi,59,atom_v,10,20260818:4515:200:2:59:2:10
200,dpfi,59,atom_h,11,20260818:4515:200:2:59:1:11
200,dpfi,59,atom_v,11,20260818:4515:200:2:59:2:11
200,dpfi,59,atom_h,12,20260818:4515:200:2:59:1:12
200,dpfi,59,atom_v,12,20260818:4515:200:2:59:2:12
200,dpfi,59,atom_h,13,20260818:4515:200:2:59:1:13
200,dpfi,59,atom_v,13,20260818:4515:200:2:59:2:13
200,dpfi,59,atom_h,14,20260818:4515:200:2:59:1:14
200,dpfi,59,atom_v,14,20260818:4515:200:2:59:2:14
200,dpfi,59,atom_h,15,20260818:4515:200:2:59:1:15
200,dpfi,59,atom_v,15,20260818:4515:200:2:59:2:15
200,dpfi,60,blank_h,0,20260818:4515:200:2:60:3:0
200,dpfi,60,blank_v,0,20260818:4515:200:2:60:4:0
200,dpfi,60,dark_h,0,20260818:4515:200:2:60:5:0
200,dpfi,60,dark_v,0,20260818:4515:200:2:60:6:0
200,dpfi,60,atom_h,1,20260818:4515:200:2:60:1:1
200,dpfi,60,atom_v,1,20260818:4515:200:2:60:2:1
200,dpfi,60,atom_h,2,20260818:4515:200:2:60:1:2
200,dpfi,60,atom_v,2,20260818:4515:200:2:60:2:2
200,dpfi,60,atom_h,3,20260818:4515:200:2:60:1:3
200,dpfi,60,atom_v,3,20260818:4515:200:2:60:2:3
200,dpfi,60,atom_h,4,20260818:4515:200:2:60:1:4
200,dpfi,60,atom_v,4,20260818:4515:200:2:60:2:4
200,dpfi,60,atom_h,5,20260818:4515:200:2:60:1:5
200,dpfi,60,atom_v,5,20260818:4515:200:2:60:2:5
200,dpfi,60,atom_h,6,20260818:4515:200:2:60:1:6
200,dpfi,60,atom_v,6,20260818:4515:200:2:60:2:6
200,dpfi,60,atom_h,7,20260818:4515:200:2:60:1:7
200,dpfi,60,atom_v,7,20260818:4515:200:2:60:2:7
200,dpfi,60,atom_h,8,20260818:4515:200:2:60:1:8
200,dpfi,60,atom_v,8,20260818:4515:200:2:60:2:8
200,dpfi,60,atom_h,9,20260818:4515:200:2:60:1:9
200,dpfi,60,atom_v,9,20260818:4515:200:2:60:2:9
200,dpfi,60,atom_h,10,20260818:4515:200:2:60:1:10
200,dpfi,60,atom_v,10,20260818:4515:200:2:60:2:10
200,dpfi,60,atom_h,11,20260818:4515:200:2:60:1:11
200,dpfi,60,atom_v,11,20260818:4515:200:2:60:2:11
200,dpfi,60,atom_h,12,20260818:4515:200:2:60:1:12
200,dpfi,60,atom_v,12,20260818:4515:200:2:60:2:12
200,dpfi,60,atom_h,13,20260818:4515:200:2:60:1:13
200,dpfi,60,atom_v,13,20260818:4515:200:2:60:2:13
200,dpfi,60,atom_h,14,20260818:4515:200:2:60:1:14
200,dpfi,60,atom_v,14,20260818:4515:200:2:60:2:14
200,dpfi,60,atom_h,15,20260818:4515:200:2:60:1:15
200,dpfi,60,atom_v,15,20260818:4515:200:2:60:2:15
200,dpfi,61,blank_h,0,20260818:4515:200:2:61:3:0
200,dpfi,61,blank_v,0,20260818:4515:200:2:61:4:0
200,dpfi,61,dark_h,0,20260818:4515:200:2:61:5:0
200,dpfi,61,dark_v,0,20260818:4515:200:2:61:6:0
200,dpfi,61,atom_h,1,20260818:4515:200:2:61:1:1
200,dpfi,61,atom_v,1,20260818:4515:200:2:61:2:1
200,dpfi,61,atom_h,2,20260818:4515:200:2:61:1:2
200,dpfi,61,atom_v,2,20260818:4515:200:2:61:2:2
200,dpfi,61,atom_h,3,20260818:4515:200:2:61:1:3
200,dpfi,61,atom_v,3,20260818:4515:200:2:61:2:3
200,dpfi,61,atom_h,4,20260818:4515:200:2:61:1:4
200,dpfi,61,atom_v,4,20260818:4515:200:2:61:2:4
200,dpfi,61,atom_h,5,20260818:4515:200:2:61:1:5
200,dpfi,61,atom_v,5,20260818:4515:200:2:61:2:5
200,dpfi,61,atom_h,6,20260818:4515:200:2:61:1:6
200,dpfi,61,atom_v,6,20260818:4515:200:2:61:2:6
200,dpfi,61,atom_h,7,20260818:4515:200:2:61:1:7
200,dpfi,61,atom_v,7,20260818:4515:200:2:61:2:7
200,dpfi,61,atom_h,8,20260818:4515:200:2:61:1:8
200,dpfi,61,atom_v,8,20260818:4515:200:2:61:2:8
200,dpfi,61,atom_h,9,20260818:4515:200:2:61:1:9
200,dpfi,61,atom_v,9,20260818:4515:200:2:61:2:9
200,dpfi,61,atom_h,10,20260818:4515:200:2:61:1:10
200,dpfi,61,atom_v,10,20260818:4515:200:2:61:2:10
200,dpfi,61,atom_h,11,20260818:4515:200:2:61:1:11
200,dpfi,61,atom_v,11,20260818:4515:200:2:61:2:11
200,dpfi,61,atom_h,12,20260818:4515:200:2:61:1:12
200,dpfi,61,atom_v,12,20260818:4515:200:2:61:2:12
200,dpfi,61,atom_h,13,20260818:4515:200:2:61:1:13
200,dpfi,61,atom_v,13,20260818:4515:200:2:61:2:13
200,dpfi,61,atom_h,14,20260818:4515:200:2:61:1:14
200,dpfi,61,atom_v,14,20260818:4515:200:2:61:2:14
200,dpfi,61,atom_h,15,20260818:4515:200:2:61:1:15
200,dpfi,61,atom_v,15,20260818:4515:200:2:61:2:15
200,dpfi,62,blank_h,0,20260818:4515:200:2:62:3:0
200,dpfi,62,blank_v,0,20260818:4515:200:2:62:4:0
200,dpfi,62,dark_h,0,20260818:4515:200:2:62:5:0
200,dpfi,62,dark_v,0,20260818:4515:200:2:62:6:0
200,dpfi,62,atom_h,1,20260818:4515:200:2:62:1:1
200,dpfi,62,atom_v,1,20260818:4515:200:2:62:2:1
200,dpfi,62,atom_h,2,20260818:4515:200:2:62:1:2
200,dpfi,62,atom_v,2,20260818:4515:200:2:62:2:2
200,dpfi,62,atom_h,3,20260818:4515:200:2:62:1:3
200,dpfi,62,atom_v,3,20260818:4515:200:2:62:2:3
200,dpfi,62,atom_h,4,20260818:4515:200:2:62:1:4
200,dpfi,62,atom_v,4,20260818:4515:200:2:62:2:4
200,dpfi,62,atom_h,5,20260818:4515:200:2:62:1:5
200,dpfi,62,atom_v,5,20260818:4515:200:2:62:2:5
200,dpfi,62,atom_h,6,20260818:4515:200:2:62:1:6
200,dpfi,62,atom_v,6,20260818:4515:200:2:62:2:6
200,dpfi,62,atom_h,7,20260818:4515:200:2:62:1:7
200,dpfi,62,atom_v,7,20260818:4515:200:2:62:2:7
200,dpfi,62,atom_h,8,20260818:4515:200:2:62:1:8
200,dpfi,62,atom_v,8,20260818:4515:200:2:62:2:8
200,dpfi,62,atom_h,9,20260818:4515:200:2:62:1:9
200,dpfi,62,atom_v,9,20260818:4515:200:2:62:2:9
200,dpfi,62,atom_h,10,20260818:4515:200:2:62:1:10
200,dpfi,62,atom_v,10,20260818:4515:200:2:62:2:10
200,dpfi,62,atom_h,11,20260818:4515:200:2:62:1:11
200,dpfi,62,atom_v,11,20260818:4515:200:2:62:2:11
200,dpfi,62,atom_h,12,20260818:4515:200:2:62:1:12
200,dpfi,62,atom_v,12,20260818:4515:200:2:62:2:12
200,dpfi,62,atom_h,13,20260818:4515:200:2:62:1:13
200,dpfi,62,atom_v,13,20260818:4515:200:2:62:2:13
200,dpfi,62,atom_h,14,20260818:4515:200:2:62:1:14
200,dpfi,62,atom_v,14,20260818:4515:200:2:62:2:14
200,dpfi,62,atom_h,15,20260818:4515:200:2:62:1:15
200,dpfi,62,atom_v,15,20260818:4515:200:2:62:2:15
200,dpfi,63,blank_h,0,20260818:4515:200:2:63:3:0
200,dpfi,63,blank_v,0,20260818:4515:200:2:63:4:0
200,dpfi,63,dark_h,0,20260818:4515:200:2:63:5:0
200,dpfi,63,dark_v,0,20260818:4515:200:2:63:6:0
200,dpfi,63,atom_h,1,20260818:4515:200:2:63:1:1
200,dpfi,63,atom_v,1,20260818:4515:200:2:63:2:1
200,dpfi,63,atom_h,2,20260818:4515:200:2:63:1:2
200,dpfi,63,atom_v,2,20260818:4515:200:2:63:2:2
200,dpfi,63,atom_h,3,20260818:4515:200:2:63:1:3
200,dpfi,63,atom_v,3,20260818:4515:200:2:63:2:3
200,dpfi,63,atom_h,4,20260818:4515:200:2:63:1:4
200,dpfi,63,atom_v,4,20260818:4515:200:2:63:2:4
200,dpfi,63,atom_h,5,20260818:4515:200:2:63:1:5
200,dpfi,63,atom_v,5,20260818:4515:200:2:63:2:5
200,dpfi,63,atom_h,6,20260818:4515:200:2:63:1:6
200,dpfi,63,atom_v,6,20260818:4515:200:2:63:2:6
200,dpfi,63,atom_h,7,20260818:4515:200:2:63:1:7
200,dpfi,63,atom_v,7,20260818:4515:200:2:63:2:7
200,dpfi,63,atom_h,8,20260818:4515:200:2:63:1:8
200,dpfi,63,atom_v,8,20260818:4515:200:2:63:2:8
200,dpfi,63,atom_h,9,20260818:4515:200:2:63:1:9
200,dpfi,63,atom_v,9,20260818:4515:200:2:63:2:9
200,dpfi,63,atom_h,10,20260818:4515:200:2:63:1:10
200,dpfi,63,atom_v,10,20260818:4515:200:2:63:2:10
200,dpfi,63,atom_h,11,20260818:4515:200:2:63:1:11
200,dpfi,63,atom_v,11,20260818:4515:200:2:63:2:11
200,dpfi,63,atom_h,12,20260818:4515:200:2:63:1:12
200,dpfi,63,atom_v,12,20260818:4515:200:2:63:2:12
200,dpfi,63,atom_h,13,20260818:4515:200:2:63:1:13
200,dpfi,63,atom_v,13,20260818:4515:200:2:63:2:13
200,dpfi,63,atom_h,14,20260818:4515:200:2:63:1:14
200,dpfi,63,atom_v,14,20260818:4515:200:2:63:2:14
200,dpfi,63,atom_h,15,20260818:4515:200:2:63:1:15
200,dpfi,63,atom_v,15,20260818:4515:200:2:63:2:15
250,dpfi,0,blank_h,0,20260818:4515:250:2:0:3:0
250,dpfi,0,blank_v,0,20260818:4515:250:2:0:4:0
250,dpfi,0,dark_h,0,20260818:4515:250:2:0:5:0
250,dpfi,0,dark_v,0,20260818:4515:250:2:0:6:0
250,dpfi,0,atom_h,1,20260818:4515:250:2:0:1:1
250,dpfi,0,atom_v,1,20260818:4515:250:2:0:2:1
250,dpfi,0,atom_h,2,20260818:4515:250:2:0:1:2
250,dpfi,0,atom_v,2,20260818:4515:250:2:0:2:2
250,dpfi,0,atom_h,3,20260818:4515:250:2:0:1:3
250,dpfi,0,atom_v,3,20260818:4515:250:2:0:2:3
250,dpfi,0,atom_h,4,20260818:4515:250:2:0:1:4
250,dpfi,0,atom_v,4,20260818:4515:250:2:0:2:4
250,dpfi,0,atom_h,5,20260818:4515:250:2:0:1:5
250,dpfi,0,atom_v,5,20260818:4515:250:2:0:2:5
250,dpfi,0,atom_h,6,20260818:4515:250:2:0:1:6
250,dpfi,0,atom_v,6,20260818:4515:250:2:0:2:6
250,dpfi,0,atom_h,7,20260818:4515:250:2:0:1:7
250,dpfi,0,atom_v,7,20260818:4515:250:2:0:2:7
250,dpfi,0,atom_h,8,20260818:4515:250:2:0:1:8
250,dpfi,0,atom_v,8,20260818:4515:250:2:0:2:8
250,dpfi,0,atom_h,9,20260818:4515:250:2:0:1:9
250,dpfi,0,atom_v,9,20260818:4515:250:2:0:2:9
250,dpfi,0,atom_h,10,20260818:4515:250:2:0:1:10
250,dpfi,0,atom_v,10,20260818:4515:250:2:0:2:10
250,dpfi,0,atom_h,11,20260818:4515:250:2:0:1:11
250,dpfi,0,atom_v,11,20260818:4515:250:2:0:2:11
250,dpfi,0,atom_h,12,20260818:4515:250:2:0:1:12
250,dpfi,0,atom_v,12,20260818:4515:250:2:0:2:12
250,dpfi,0,atom_h,13,20260818:4515:250:2:0:1:13
250,dpfi,0,atom_v,13,20260818:4515:250:2:0:2:13
250,dpfi,0,atom_h,14,20260818:4515:250:2:0:1:14
250,dpfi,0,atom_v,14,20260818:4515:250:2:0:2:14
250,dpfi,0,atom_h,15,20260818:4515:250:2:0:1:15
250,dpfi,0,atom_v,15,20260818:4515:250:2:0:2:15
250,dpfi,1,blank_h,0,20260818:4515:250:2:1:3:0
250,dpfi,1,blank_v,0,20260818:4515:250:2:1:4:0
250,dpfi,1,dark_h,0,20260818:4515:250:2:1:5:0
250,dpfi,1,dark_v,0,20260818:4515:250:2:1:6:0
250,dpfi,1,atom_h,1,20260818:4515:250:2:1:1:1
250,dpfi,1,atom_v,1,20260818:4515:250:2:1:2:1
250,dpfi,1,atom_h,2,20260818:4515:250:2:1:1:2
250,dpfi,1,atom_v,2,20260818:4515:250:2:1:2:2
250,dpfi,1,atom_h,3,20260818:4515:250:2:1:1:3
250,dpfi,1,atom_v,3,20260818:4515:250:2:1:2:3
250,dpfi,1,atom_h,4,20260818:4515:250:2:1:1:4
250,dpfi,1,atom_v,4,20260818:4515:250:2:1:2:4
250,dpfi,1,atom_h,5,20260818:4515:250:2:1:1:5
250,dpfi,1,atom_v,5,20260818:4515:250:2:1:2:5
250,dpfi,1,atom_h,6,20260818:4515:250:2:1:1:6
250,dpfi,1,atom_v,6,20260818:4515:250:2:1:2:6
250,dpfi,1,atom_h,7,20260818:4515:250:2:1:1:7
250,dpfi,1,atom_v,7,20260818:4515:250:2:1:2:7
250,dpfi,1,atom_h,8,20260818:4515:250:2:1:1:8
250,dpfi,1,atom_v,8,20260818:4515:250:2:1:2:8
250,dpfi,1,atom_h,9,20260818:4515:250:2:1:1:9
250,dpfi,1,atom_v,9,20260818:4515:250:2:1:2:9
250,dpfi,1,atom_h,10,20260818:4515:250:2:1:1:10
250,dpfi,1,atom_v,10,20260818:4515:250:2:1:2:10
250,dpfi,1,atom_h,11,20260818:4515:250:2:1:1:11
250,dpfi,1,atom_v,11,20260818:4515:250:2:1:2:11
250,dpfi,1,atom_h,12,20260818:4515:250:2:1:1:12
250,dpfi,1,atom_v,12,20260818:4515:250:2:1:2:12
250,dpfi,1,atom_h,13,20260818:4515:250:2:1:1:13
250,dpfi,1,atom_v,13,20260818:4515:250:2:1:2:13
250,dpfi,1,atom_h,14,20260818:4515:250:2:1:1:14
250,dpfi,1,atom_v,14,20260818:4515:250:2:1:2:14
250,dpfi,1,atom_h,15,20260818:4515:250:2:1:1:15
250,dpfi,1,atom_v,15,20260818:4515:250:2:1:2:15
250,dpfi,2,blank_h,0,20260818:4515:250:2:2:3:0
250,dpfi,2,blank_v,0,20260818:4515:250:2:2:4:0
250,dpfi,2,dark_h,0,20260818:4515:250:2:2:5:0
250,dpfi,2,dark_v,0,20260818:4515:250:2:2:6:0
250,dpfi,2,atom_h,1,20260818:4515:250:2:2:1:1
250,dpfi,2,atom_v,1,20260818:4515:250:2:2:2:1
250,dpfi,2,atom_h,2,20260818:4515:250:2:2:1:2
250,dpfi,2,atom_v,2,20260818:4515:250:2:2:2:2
250,dpfi,2,atom_h,3,20260818:4515:250:2:2:1:3
250,dpfi,2,atom_v,3,20260818:4515:250:2:2:2:3
250,dpfi,2,atom_h,4,20260818:4515:250:2:2:1:4
250,dpfi,2,atom_v,4,20260818:4515:250:2:2:2:4
250,dpfi,2,atom_h,5,20260818:4515:250:2:2:1:5
250,dpfi,2,atom_v,5,20260818:4515:250:2:2:2:5
250,dpfi,2,atom_h,6,20260818:4515:250:2:2:1:6
250,dpfi,2,atom_v,6,20260818:4515:250:2:2:2:6
250,dpfi,2,atom_h,7,20260818:4515:250:2:2:1:7
250,dpfi,2,atom_v,7,20260818:4515:250:2:2:2:7
250,dpfi,2,atom_h,8,20260818:4515:250:2:2:1:8
250,dpfi,2,atom_v,8,20260818:4515:250:2:2:2:8
250,dpfi,2,atom_h,9,20260818:4515:250:2:2:1:9
250,dpfi,2,atom_v,9,20260818:4515:250:2:2:2:9
250,dpfi,2,atom_h,10,20260818:4515:250:2:2:1:10
250,dpfi,2,atom_v,10,20260818:4515:250:2:2:2:10
250,dpfi,2,atom_h,11,20260818:4515:250:2:2:1:11
250,dpfi,2,atom_v,11,20260818:4515:250:2:2:2:11
250,dpfi,2,atom_h,12,20260818:4515:250:2:2:1:12
250,dpfi,2,atom_v,12,20260818:4515:250:2:2:2:12
250,dpfi,2,atom_h,13,20260818:4515:250:2:2:1:13
250,dpfi,2,atom_v,13,20260818:4515:250:2:2:2:13
250,dpfi,2,atom_h,14,20260818:4515:250:2:2:1:14
250,dpfi,2,atom_v,14,20260818:4515:250:2:2:2:14
250,dpfi,2,atom_h,15,20260818:4515:250:2:2:1:15
250,dpfi,2,atom_v,15,20260818:4515:250:2:2:2:15
250,dpfi,3,blank_h,0,20260818:4515:250:2:3:3:0
250,dpfi,3,blank_v,0,20260818:4515:250:2:3:4:0
250,dpfi,3,dark_h,0,20260818:4515:250:2:3:5:0
250,dpfi,3,dark_v,0,20260818:4515:250:2:3:6:0
250,dpfi,3,atom_h,1,20260818:4515:250:2:3:1:1
250,dpfi,3,atom_v,1,20260818:4515:250:2:3:2:1
250,dpfi,3,atom_h,2,20260818:4515:250:2:3:1:2
250,dpfi,3,atom_v,2,20260818:4515:250:2:3:2:2
250,dpfi,3,atom_h,3,20260818:4515:250:2:3:1:3
250,dpfi,3,atom_v,3,20260818:4515:250:2:3:2:3
250,dpfi,3,atom_h,4,20260818:4515:250:2:3:1:4
250,dpfi,3,atom_v,4,20260818:4515:250:2:3:2:4
250,dpfi,3,atom_h,5,20260818:4515:250:2:3:1:5
250,dpfi,3,atom_v,5,20260818:4515:250:2:3:2:5
250,dpfi,3,atom_h,6,20260818:4515:250:2:3:1:6
250,dpfi,3,atom_v,6,20260818:4515:250:2:3:2:6
250,dpfi,3,atom_h,7,20260818:4515:250:2:3:1:7
250,dpfi,3,atom_v,7,20260818:4515:250:2:3:2:7
250,dpfi,3,atom_h,8,20260818:4515:250:2:3:1:8
250,dpfi,3,atom_v,8,20260818:4515:250:2:3:2:8
250,dpfi,3,atom_h,9,20260818:4515:250:2:3:1:9
250,dpfi,3,atom_v,9,20260818:4515:250:2:3:2:9
250,dpfi,3,atom_h,10,20260818:4515:250:2:3:1:10
250,dpfi,3,atom_v,10,20260818:4515:250:2:3:2:10
250,dpfi,3,atom_h,11,20260818:4515:250:2:3:1:11
250,dpfi,3,atom_v,11,20260818:4515:250:2:3:2:11
250,dpfi,3,atom_h,12,20260818:4515:250:2:3:1:12
250,dpfi,3,atom_v,12,20260818:4515:250:2:3:2:12
250,dpfi,3,atom_h,13,20260818:4515:250:2:3:1:13
250,dpfi,3,atom_v,13,20260818:4515:250:2:3:2:13
250,dpfi,3,atom_h,14,20260818:4515:250:2:3:1:14
250,dpfi,3,atom_v,14,20260818:4515:250:2:3:2:14
250,dpfi,3,atom_h,15,20260818:4515:250:2:3:1:15
250,dpfi,3,atom_v,15,20260818:4515:250:2:3:2:15
250,dpfi,4,blank_h,0,20260818:4515:250:2:4:3:0
250,dpfi,4,blank_v,0,20260818:4515:250:2:4:4:0
250,dpfi,4,dark_h,0,20260818:4515:250:2:4:5:0
250,dpfi,4,dark_v,0,20260818:4515:250:2:4:6:0
250,dpfi,4,atom_h,1,20260818:4515:250:2:4:1:1
250,dpfi,4,atom_v,1,20260818:4515:250:2:4:2:1
250,dpfi,4,atom_h,2,20260818:4515:250:2:4:1:2
250,dpfi,4,atom_v,2,20260818:4515:250:2:4:2:2
250,dpfi,4,atom_h,3,20260818:4515:250:2:4:1:3
250,dpfi,4,atom_v,3,20260818:4515:250:2:4:2:3
250,dpfi,4,atom_h,4,20260818:4515:250:2:4:1:4
250,dpfi,4,atom_v,4,20260818:4515:250:2:4:2:4
250,dpfi,4,atom_h,5,20260818:4515:250:2:4:1:5
250,dpfi,4,atom_v,5,20260818:4515:250:2:4:2:5
250,dpfi,4,atom_h,6,20260818:4515:250:2:4:1:6
250,dpfi,4,atom_v,6,20260818:4515:250:2:4:2:6
250,dpfi,4,atom_h,7,20260818:4515:250:2:4:1:7
250,dpfi,4,atom_v,7,20260818:4515:250:2:4:2:7
250,dpfi,4,atom_h,8,20260818:4515:250:2:4:1:8
250,dpfi,4,atom_v,8,20260818:4515:250:2:4:2:8
250,dpfi,4,atom_h,9,20260818:4515:250:2:4:1:9
250,dpfi,4,atom_v,9,20260818:4515:250:2:4:2:9
250,dpfi,4,atom_h,10,20260818:4515:250:2:4:1:10
250,dpfi,4,atom_v,10,20260818:4515:250:2:4:2:10
250,dpfi,4,atom_h,11,20260818:4515:250:2:4:1:11
250,dpfi,4,atom_v,11,20260818:4515:250:2:4:2:11
250,dpfi,4,atom_h,12,20260818:4515:250:2:4:1:12
250,dpfi,4,atom_v,12,20260818:4515:250:2:4:2:12
250,dpfi,4,atom_h,13,20260818:4515:250:2:4:1:13
250,dpfi,4,atom_v,13,20260818:4515:250:2:4:2:13
250,dpfi,4,atom_h,14,20260818:4515:250:2:4:1:14
250,dpfi,4,atom_v,14,20260818:4515:250:2:4:2:14
250,dpfi,4,atom_h,15,20260818:4515:250:2:4:1:15
250,dpfi,4,atom_v,15,20260818:4515:250:2:4:2:15
250,dpfi,5,blank_h,0,20260818:4515:250:2:5:3:0
250,dpfi,5,blank_v,0,20260818:4515:250:2:5:4:0
250,dpfi,5,dark_h,0,20260818:4515:250:2:5:5:0
250,dpfi,5,dark_v,0,20260818:4515:250:2:5:6:0
250,dpfi,5,atom_h,1,20260818:4515:250:2:5:1:1
250,dpfi,5,atom_v,1,20260818:4515:250:2:5:2:1
250,dpfi,5,atom_h,2,20260818:4515:250:2:5:1:2
250,dpfi,5,atom_v,2,20260818:4515:250:2:5:2:2
250,dpfi,5,atom_h,3,20260818:4515:250:2:5:1:3
250,dpfi,5,atom_v,3,20260818:4515:250:2:5:2:3
250,dpfi,5,atom_h,4,20260818:4515:250:2:5:1:4
250,dpfi,5,atom_v,4,20260818:4515:250:2:5:2:4
250,dpfi,5,atom_h,5,20260818:4515:250:2:5:1:5
250,dpfi,5,atom_v,5,20260818:4515:250:2:5:2:5
250,dpfi,5,atom_h,6,20260818:4515:250:2:5:1:6
250,dpfi,5,atom_v,6,20260818:4515:250:2:5:2:6
250,dpfi,5,atom_h,7,20260818:4515:250:2:5:1:7
250,dpfi,5,atom_v,7,20260818:4515:250:2:5:2:7
250,dpfi,5,atom_h,8,20260818:4515:250:2:5:1:8
250,dpfi,5,atom_v,8,20260818:4515:250:2:5:2:8
250,dpfi,5,atom_h,9,20260818:4515:250:2:5:1:9
250,dpfi,5,atom_v,9,20260818:4515:250:2:5:2:9
250,dpfi,5,atom_h,10,20260818:4515:250:2:5:1:10
250,dpfi,5,atom_v,10,20260818:4515:250:2:5:2:10
250,dpfi,5,atom_h,11,20260818:4515:250:2:5:1:11
250,dpfi,5,atom_v,11,20260818:4515:250:2:5:2:11
250,dpfi,5,atom_h,12,20260818:4515:250:2:5:1:12
250,dpfi,5,atom_v,12,20260818:4515:250:2:5:2:12
250,dpfi,5,atom_h,13,20260818:4515:250:2:5:1:13
250,dpfi,5,atom_v,13,20260818:4515:250:2:5:2:13
250,dpfi,5,atom_h,14,20260818:4515:250:2:5:1:14
250,dpfi,5,atom_v,14,20260818:4515:250:2:5:2:14
250,dpfi,5,atom_h,15,20260818:4515:250:2:5:1:15
250,dpfi,5,atom_v,15,20260818:4515:250:2:5:2:15
250,dpfi,6,blank_h,0,20260818:4515:250:2:6:3:0
250,dpfi,6,blank_v,0,20260818:4515:250:2:6:4:0
250,dpfi,6,dark_h,0,20260818:4515:250:2:6:5:0
250,dpfi,6,dark_v,0,20260818:4515:250:2:6:6:0
250,dpfi,6,atom_h,1,20260818:4515:250:2:6:1:1
250,dpfi,6,atom_v,1,20260818:4515:250:2:6:2:1
250,dpfi,6,atom_h,2,20260818:4515:250:2:6:1:2
250,dpfi,6,atom_v,2,20260818:4515:250:2:6:2:2
250,dpfi,6,atom_h,3,20260818:4515:250:2:6:1:3
250,dpfi,6,atom_v,3,20260818:4515:250:2:6:2:3
250,dpfi,6,atom_h,4,20260818:4515:250:2:6:1:4
250,dpfi,6,atom_v,4,20260818:4515:250:2:6:2:4
250,dpfi,6,atom_h,5,20260818:4515:250:2:6:1:5
250,dpfi,6,atom_v,5,20260818:4515:250:2:6:2:5
250,dpfi,6,atom_h,6,20260818:4515:250:2:6:1:6
250,dpfi,6,atom_v,6,20260818:4515:250:2:6:2:6
250,dpfi,6,atom_h,7,20260818:4515:250:2:6:1:7
250,dpfi,6,atom_v,7,20260818:4515:250:2:6:2:7
250,dpfi,6,atom_h,8,20260818:4515:250:2:6:1:8
250,dpfi,6,atom_v,8,20260818:4515:250:2:6:2:8
250,dpfi,6,atom_h,9,20260818:4515:250:2:6:1:9
250,dpfi,6,atom_v,9,20260818:4515:250:2:6:2:9
250,dpfi,6,atom_h,10,20260818:4515:250:2:6:1:10
250,dpfi,6,atom_v,10,20260818:4515:250:2:6:2:10
250,dpfi,6,atom_h,11,20260818:4515:250:2:6:1:11
250,dpfi,6,atom_v,11,20260818:4515:250:2:6:2:11
250,dpfi,6,atom_h,12,20260818:4515:250:2:6:1:12
250,dpfi,6,atom_v,12,20260818:4515:250:2:6:2:12
250,dpfi,6,atom_h,13,20260818:4515:250:2:6:1:13
250,dpfi,6,atom_v,13,20260818:4515:250:2:6:2:13
250,dpfi,6,atom_h,14,20260818:4515:250:2:6:1:14
250,dpfi,6,atom_v,14,20260818:4515:250:2:6:2:14
250,dpfi,6,atom_h,15,20260818:4515:250:2:6:1:15
250,dpfi,6,atom_v,15,20260818:4515:250:2:6:2:15
250,dpfi,7,blank_h,0,20260818:4515:250:2:7:3:0
250,dpfi,7,blank_v,0,20260818:4515:250:2:7:4:0
250,dpfi,7,dark_h,0,20260818:4515:250:2:7:5:0
250,dpfi,7,dark_v,0,20260818:4515:250:2:7:6:0
250,dpfi,7,atom_h,1,20260818:4515:250:2:7:1:1
250,dpfi,7,atom_v,1,20260818:4515:250:2:7:2:1
250,dpfi,7,atom_h,2,20260818:4515:250:2:7:1:2
250,dpfi,7,atom_v,2,20260818:4515:250:2:7:2:2
250,dpfi,7,atom_h,3,20260818:4515:250:2:7:1:3
250,dpfi,7,atom_v,3,20260818:4515:250:2:7:2:3
250,dpfi,7,atom_h,4,20260818:4515:250:2:7:1:4
250,dpfi,7,atom_v,4,20260818:4515:250:2:7:2:4
250,dpfi,7,atom_h,5,20260818:4515:250:2:7:1:5
250,dpfi,7,atom_v,5,20260818:4515:250:2:7:2:5
250,dpfi,7,atom_h,6,20260818:4515:250:2:7:1:6
250,dpfi,7,atom_v,6,20260818:4515:250:2:7:2:6
250,dpfi,7,atom_h,7,20260818:4515:250:2:7:1:7
250,dpfi,7,atom_v,7,20260818:4515:250:2:7:2:7
250,dpfi,7,atom_h,8,20260818:4515:250:2:7:1:8
250,dpfi,7,atom_v,8,20260818:4515:250:2:7:2:8
250,dpfi,7,atom_h,9,20260818:4515:250:2:7:1:9
250,dpfi,7,atom_v,9,20260818:4515:250:2:7:2:9
250,dpfi,7,atom_h,10,20260818:4515:250:2:7:1:10
250,dpfi,7,atom_v,10,20260818:4515:250:2:7:2:10
250,dpfi,7,atom_h,11,20260818:4515:250:2:7:1:11
250,dpfi,7,atom_v,11,20260818:4515:250:2:7:2:11
250,dpfi,7,atom_h,12,20260818:4515:250:2:7:1:12
250,dpfi,7,atom_v,12,20260818:4515:250:2:7:2:12
250,dpfi,7,atom_h,13,20260818:4515:250:2:7:1:13
250,dpfi,7,atom_v,13,20260818:4515:250:2:7:2:13
250,dpfi,7,atom_h,14,20260818:4515:250:2:7:1:14
250,dpfi,7,atom_v,14,20260818:4515:250:2:7:2:14
250,dpfi,7,atom_h,15,20260818:4515:250:2:7:1:15
250,dpfi,7,atom_v,15,20260818:4515:250:2:7:2:15
250,dpfi,8,blank_h,0,20260818:4515:250:2:8:3:0
250,dpfi,8,blank_v,0,20260818:4515:250:2:8:4:0
250,dpfi,8,dark_h,0,20260818:4515:250:2:8:5:0
250,dpfi,8,dark_v,0,20260818:4515:250:2:8:6:0
250,dpfi,8,atom_h,1,20260818:4515:250:2:8:1:1
250,dpfi,8,atom_v,1,20260818:4515:250:2:8:2:1
250,dpfi,8,atom_h,2,20260818:4515:250:2:8:1:2
250,dpfi,8,atom_v,2,20260818:4515:250:2:8:2:2
250,dpfi,8,atom_h,3,20260818:4515:250:2:8:1:3
250,dpfi,8,atom_v,3,20260818:4515:250:2:8:2:3
250,dpfi,8,atom_h,4,20260818:4515:250:2:8:1:4
250,dpfi,8,atom_v,4,20260818:4515:250:2:8:2:4
250,dpfi,8,atom_h,5,20260818:4515:250:2:8:1:5
250,dpfi,8,atom_v,5,20260818:4515:250:2:8:2:5
250,dpfi,8,atom_h,6,20260818:4515:250:2:8:1:6
250,dpfi,8,atom_v,6,20260818:4515:250:2:8:2:6
250,dpfi,8,atom_h,7,20260818:4515:250:2:8:1:7
250,dpfi,8,atom_v,7,20260818:4515:250:2:8:2:7
250,dpfi,8,atom_h,8,20260818:4515:250:2:8:1:8
250,dpfi,8,atom_v,8,20260818:4515:250:2:8:2:8
250,dpfi,8,atom_h,9,20260818:4515:250:2:8:1:9
250,dpfi,8,atom_v,9,20260818:4515:250:2:8:2:9
250,dpfi,8,atom_h,10,20260818:4515:250:2:8:1:10
250,dpfi,8,atom_v,10,20260818:4515:250:2:8:2:10
250,dpfi,8,atom_h,11,20260818:4515:250:2:8:1:11
250,dpfi,8,atom_v,11,20260818:4515:250:2:8:2:11
250,dpfi,8,atom_h,12,20260818:4515:250:2:8:1:12
250,dpfi,8,atom_v,12,20260818:4515:250:2:8:2:12
250,dpfi,8,atom_h,13,20260818:4515:250:2:8:1:13
250,dpfi,8,atom_v,13,20260818:4515:250:2:8:2:13
250,dpfi,8,atom_h,14,20260818:4515:250:2:8:1:14
250,dpfi,8,atom_v,14,20260818:4515:250:2:8:2:14
250,dpfi,8,atom_h,15,20260818:4515:250:2:8:1:15
250,dpfi,8,atom_v,15,20260818:4515:250:2:8:2:15
250,dpfi,9,blank_h,0,20260818:4515:250:2:9:3:0
250,dpfi,9,blank_v,0,20260818:4515:250:2:9:4:0
250,dpfi,9,dark_h,0,20260818:4515:250:2:9:5:0
250,dpfi,9,dark_v,0,20260818:4515:250:2:9:6:0
250,dpfi,9,atom_h,1,20260818:4515:250:2:9:1:1
250,dpfi,9,atom_v,1,20260818:4515:250:2:9:2:1
250,dpfi,9,atom_h,2,20260818:4515:250:2:9:1:2
250,dpfi,9,atom_v,2,20260818:4515:250:2:9:2:2
250,dpfi,9,atom_h,3,20260818:4515:250:2:9:1:3
250,dpfi,9,atom_v,3,20260818:4515:250:2:9:2:3
250,dpfi,9,atom_h,4,20260818:4515:250:2:9:1:4
250,dpfi,9,atom_v,4,20260818:4515:250:2:9:2:4
250,dpfi,9,atom_h,5,20260818:4515:250:2:9:1:5
250,dpfi,9,atom_v,5,20260818:4515:250:2:9:2:5
250,dpfi,9,atom_h,6,20260818:4515:250:2:9:1:6
250,dpfi,9,atom_v,6,20260818:4515:250:2:9:2:6
250,dpfi,9,atom_h,7,20260818:4515:250:2:9:1:7
250,dpfi,9,atom_v,7,20260818:4515:250:2:9:2:7
250,dpfi,9,atom_h,8,20260818:4515:250:2:9:1:8
250,dpfi,9,atom_v,8,20260818:4515:250:2:9:2:8
250,dpfi,9,atom_h,9,20260818:4515:250:2:9:1:9
250,dpfi,9,atom_v,9,20260818:4515:250:2:9:2:9
250,dpfi,9,atom_h,10,20260818:4515:250:2:9:1:10
250,dpfi,9,atom_v,10,20260818:4515:250:2:9:2:10
250,dpfi,9,atom_h,11,20260818:4515:250:2:9:1:11
250,dpfi,9,atom_v,11,20260818:4515:250:2:9:2:11
250,dpfi,9,atom_h,12,20260818:4515:250:2:9:1:12
250,dpfi,9,atom_v,12,20260818:4515:250:2:9:2:12
250,dpfi,9,atom_h,13,20260818:4515:250:2:9:1:13
250,dpfi,9,atom_v,13,20260818:4515:250:2:9:2:13
250,dpfi,9,atom_h,14,20260818:4515:250:2:9:1:14
250,dpfi,9,atom_v,14,20260818:4515:250:2:9:2:14
250,dpfi,9,atom_h,15,20260818:4515:250:2:9:1:15
250,dpfi,9,atom_v,15,20260818:4515:250:2:9:2:15
250,dpfi,10,blank_h,0,20260818:4515:250:2:10:3:0
250,dpfi,10,blank_v,0,20260818:4515:250:2:10:4:0
250,dpfi,10,dark_h,0,20260818:4515:250:2:10:5:0
250,dpfi,10,dark_v,0,20260818:4515:250:2:10:6:0
250,dpfi,10,atom_h,1,20260818:4515:250:2:10:1:1
250,dpfi,10,atom_v,1,20260818:4515:250:2:10:2:1
250,dpfi,10,atom_h,2,20260818:4515:250:2:10:1:2
250,dpfi,10,atom_v,2,20260818:4515:250:2:10:2:2
250,dpfi,10,atom_h,3,20260818:4515:250:2:10:1:3
250,dpfi,10,atom_v,3,20260818:4515:250:2:10:2:3
250,dpfi,10,atom_h,4,20260818:4515:250:2:10:1:4
250,dpfi,10,atom_v,4,20260818:4515:250:2:10:2:4
250,dpfi,10,atom_h,5,20260818:4515:250:2:10:1:5
250,dpfi,10,atom_v,5,20260818:4515:250:2:10:2:5
250,dpfi,10,atom_h,6,20260818:4515:250:2:10:1:6
250,dpfi,10,atom_v,6,20260818:4515:250:2:10:2:6
250,dpfi,10,atom_h,7,20260818:4515:250:2:10:1:7
250,dpfi,10,atom_v,7,20260818:4515:250:2:10:2:7
250,dpfi,10,atom_h,8,20260818:4515:250:2:10:1:8
250,dpfi,10,atom_v,8,20260818:4515:250:2:10:2:8
250,dpfi,10,atom_h,9,20260818:4515:250:2:10:1:9
250,dpfi,10,atom_v,9,20260818:4515:250:2:10:2:9
250,dpfi,10,atom_h,10,20260818:4515:250:2:10:1:10
250,dpfi,10,atom_v,10,20260818:4515:250:2:10:2:10
250,dpfi,10,atom_h,11,20260818:4515:250:2:10:1:11
250,dpfi,10,atom_v,11,20260818:4515:250:2:10:2:11
250,dpfi,10,atom_h,12,20260818:4515:250:2:10:1:12
250,dpfi,10,atom_v,12,20260818:4515:250:2:10:2:12
250,dpfi,10,atom_h,13,20260818:4515:250:2:10:1:13
250,dpfi,10,atom_v,13,20260818:4515:250:2:10:2:13
250,dpfi,10,atom_h,14,20260818:4515:250:2:10:1:14
250,dpfi,10,atom_v,14,20260818:4515:250:2:10:2:14
250,dpfi,10,atom_h,15,20260818:4515:250:2:10:1:15
250,dpfi,10,atom_v,15,20260818:4515:250:2:10:2:15
250,dpfi,11,blank_h,0,20260818:4515:250:2:11:3:0
250,dpfi,11,blank_v,0,20260818:4515:250:2:11:4:0
250,dpfi,11,dark_h,0,20260818:4515:250:2:11:5:0
250,dpfi,11,dark_v,0,20260818:4515:250:2:11:6:0
250,dpfi,11,atom_h,1,20260818:4515:250:2:11:1:1
250,dpfi,11,atom_v,1,20260818:4515:250:2:11:2:1
250,dpfi,11,atom_h,2,20260818:4515:250:2:11:1:2
250,dpfi,11,atom_v,2,20260818:4515:250:2:11:2:2
250,dpfi,11,atom_h,3,20260818:4515:250:2:11:1:3
250,dpfi,11,atom_v,3,20260818:4515:250:2:11:2:3
250,dpfi,11,atom_h,4,20260818:4515:250:2:11:1:4
250,dpfi,11,atom_v,4,20260818:4515:250:2:11:2:4
250,dpfi,11,atom_h,5,20260818:4515:250:2:11:1:5
250,dpfi,11,atom_v,5,20260818:4515:250:2:11:2:5
250,dpfi,11,atom_h,6,20260818:4515:250:2:11:1:6
250,dpfi,11,atom_v,6,20260818:4515:250:2:11:2:6
250,dpfi,11,atom_h,7,20260818:4515:250:2:11:1:7
250,dpfi,11,atom_v,7,20260818:4515:250:2:11:2:7
250,dpfi,11,atom_h,8,20260818:4515:250:2:11:1:8
250,dpfi,11,atom_v,8,20260818:4515:250:2:11:2:8
250,dpfi,11,atom_h,9,20260818:4515:250:2:11:1:9
250,dpfi,11,atom_v,9,20260818:4515:250:2:11:2:9
250,dpfi,11,atom_h,10,20260818:4515:250:2:11:1:10
250,dpfi,11,atom_v,10,20260818:4515:250:2:11:2:10
250,dpfi,11,atom_h,11,20260818:4515:250:2:11:1:11
250,dpfi,11,atom_v,11,20260818:4515:250:2:11:2:11
250,dpfi,11,atom_h,12,20260818:4515:250:2:11:1:12
250,dpfi,11,atom_v,12,20260818:4515:250:2:11:2:12
250,dpfi,11,atom_h,13,20260818:4515:250:2:11:1:13
250,dpfi,11,atom_v,13,20260818:4515:250:2:11:2:13
250,dpfi,11,atom_h,14,20260818:4515:250:2:11:1:14
250,dpfi,11,atom_v,14,20260818:4515:250:2:11:2:14
250,dpfi,11,atom_h,15,20260818:4515:250:2:11:1:15
250,dpfi,11,atom_v,15,20260818:4515:250:2:11:2:15
250,dpfi,12,blank_h,0,20260818:4515:250:2:12:3:0
250,dpfi,12,blank_v,0,20260818:4515:250:2:12:4:0
250,dpfi,12,dark_h,0,20260818:4515:250:2:12:5:0
250,dpfi,12,dark_v,0,20260818:4515:250:2:12:6:0
250,dpfi,12,atom_h,1,20260818:4515:250:2:12:1:1
250,dpfi,12,atom_v,1,20260818:4515:250:2:12:2:1
250,dpfi,12,atom_h,2,20260818:4515:250:2:12:1:2
250,dpfi,12,atom_v,2,20260818:4515:250:2:12:2:2
250,dpfi,12,atom_h,3,20260818:4515:250:2:12:1:3
250,dpfi,12,atom_v,3,20260818:4515:250:2:12:2:3
250,dpfi,12,atom_h,4,20260818:4515:250:2:12:1:4
250,dpfi,12,atom_v,4,20260818:4515:250:2:12:2:4
250,dpfi,12,atom_h,5,20260818:4515:250:2:12:1:5
250,dpfi,12,atom_v,5,20260818:4515:250:2:12:2:5
250,dpfi,12,atom_h,6,20260818:4515:250:2:12:1:6
250,dpfi,12,atom_v,6,20260818:4515:250:2:12:2:6
250,dpfi,12,atom_h,7,20260818:4515:250:2:12:1:7
250,dpfi,12,atom_v,7,20260818:4515:250:2:12:2:7
250,dpfi,12,atom_h,8,20260818:4515:250:2:12:1:8
250,dpfi,12,atom_v,8,20260818:4515:250:2:12:2:8
250,dpfi,12,atom_h,9,20260818:4515:250:2:12:1:9
250,dpfi,12,atom_v,9,20260818:4515:250:2:12:2:9
250,dpfi,12,atom_h,10,20260818:4515:250:2:12:1:10
250,dpfi,12,atom_v,10,20260818:4515:250:2:12:2:10
250,dpfi,12,atom_h,11,20260818:4515:250:2:12:1:11
250,dpfi,12,atom_v,11,20260818:4515:250:2:12:2:11
250,dpfi,12,atom_h,12,20260818:4515:250:2:12:1:12
250,dpfi,12,atom_v,12,20260818:4515:250:2:12:2:12
250,dpfi,12,atom_h,13,20260818:4515:250:2:12:1:13
250,dpfi,12,atom_v,13,20260818:4515:250:2:12:2:13
250,dpfi,12,atom_h,14,20260818:4515:250:2:12:1:14
250,dpfi,12,atom_v,14,20260818:4515:250:2:12:2:14
250,dpfi,12,atom_h,15,20260818:4515:250:2:12:1:15
250,dpfi,12,atom_v,15,20260818:4515:250:2:12:2:15
250,dpfi,13,blank_h,0,20260818:4515:250:2:13:3:0
250,dpfi,13,blank_v,0,20260818:4515:250:2:13:4:0
250,dpfi,13,dark_h,0,20260818:4515:250:2:13:5:0
250,dpfi,13,dark_v,0,20260818:4515:250:2:13:6:0
250,dpfi,13,atom_h,1,20260818:4515:250:2:13:1:1
250,dpfi,13,atom_v,1,20260818:4515:250:2:13:2:1
250,dpfi,13,atom_h,2,20260818:4515:250:2:13:1:2
250,dpfi,13,atom_v,2,20260818:4515:250:2:13:2:2
250,dpfi,13,atom_h,3,20260818:4515:250:2:13:1:3
250,dpfi,13,atom_v,3,20260818:4515:250:2:13:2:3
250,dpfi,13,atom_h,4,20260818:4515:250:2:13:1:4
250,dpfi,13,atom_v,4,20260818:4515:250:2:13:2:4
250,dpfi,13,atom_h,5,20260818:4515:250:2:13:1:5
250,dpfi,13,atom_v,5,20260818:4515:250:2:13:2:5
250,dpfi,13,atom_h,6,20260818:4515:250:2:13:1:6
250,dpfi,13,atom_v,6,20260818:4515:250:2:13:2:6
250,dpfi,13,atom_h,7,20260818:4515:250:2:13:1:7
250,dpfi,13,atom_v,7,20260818:4515:250:2:13:2:7
250,dpfi,13,atom_h,8,20260818:4515:250:2:13:1:8
250,dpfi,13,atom_v,8,20260818:4515:250:2:13:2:8
250,dpfi,13,atom_h,9,20260818:4515:250:2:13:1:9
250,dpfi,13,atom_v,9,20260818:4515:250:2:13:2:9
250,dpfi,13,atom_h,10,20260818:4515:250:2:13:1:10
250,dpfi,13,atom_v,10,20260818:4515:250:2:13:2:10
250,dpfi,13,atom_h,11,20260818:4515:250:2:13:1:11
250,dpfi,13,atom_v,11,20260818:4515:250:2:13:2:11
250,dpfi,13,atom_h,12,20260818:4515:250:2:13:1:12
250,dpfi,13,atom_v,12,20260818:4515:250:2:13:2:12
250,dpfi,13,atom_h,13,20260818:4515:250:2:13:1:13
250,dpfi,13,atom_v,13,20260818:4515:250:2:13:2:13
250,dpfi,13,atom_h,14,20260818:4515:250:2:13:1:14
250,dpfi,13,atom_v,14,20260818:4515:250:2:13:2:14
250,dpfi,13,atom_h,15,20260818:4515:250:2:13:1:15
250,dpfi,13,atom_v,15,20260818:4515:250:2:13:2:15
250,dpfi,14,blank_h,0,20260818:4515:250:2:14:3:0
250,dpfi,14,blank_v,0,20260818:4515:250:2:14:4:0
250,dpfi,14,dark_h,0,20260818:4515:250:2:14:5:0
250,dpfi,14,dark_v,0,20260818:4515:250:2:14:6:0
250,dpfi,14,atom_h,1,20260818:4515:250:2:14:1:1
250,dpfi,14,atom_v,1,20260818:4515:250:2:14:2:1
250,dpfi,14,atom_h,2,20260818:4515:250:2:14:1:2
250,dpfi,14,atom_v,2,20260818:4515:250:2:14:2:2
250,dpfi,14,atom_h,3,20260818:4515:250:2:14:1:3
250,dpfi,14,atom_v,3,20260818:4515:250:2:14:2:3
250,dpfi,14,atom_h,4,20260818:4515:250:2:14:1:4
250,dpfi,14,atom_v,4,20260818:4515:250:2:14:2:4
250,dpfi,14,atom_h,5,20260818:4515:250:2:14:1:5
250,dpfi,14,atom_v,5,20260818:4515:250:2:14:2:5
250,dpfi,14,atom_h,6,20260818:4515:250:2:14:1:6
250,dpfi,14,atom_v,6,20260818:4515:250:2:14:2:6
250,dpfi,14,atom_h,7,20260818:4515:250:2:14:1:7
250,dpfi,14,atom_v,7,20260818:4515:250:2:14:2:7
250,dpfi,14,atom_h,8,20260818:4515:250:2:14:1:8
250,dpfi,14,atom_v,8,20260818:4515:250:2:14:2:8
250,dpfi,14,atom_h,9,20260818:4515:250:2:14:1:9
250,dpfi,14,atom_v,9,20260818:4515:250:2:14:2:9
250,dpfi,14,atom_h,10,20260818:4515:250:2:14:1:10
250,dpfi,14,atom_v,10,20260818:4515:250:2:14:2:10
250,dpfi,14,atom_h,11,20260818:4515:250:2:14:1:11
250,dpfi,14,atom_v,11,20260818:4515:250:2:14:2:11
250,dpfi,14,atom_h,12,20260818:4515:250:2:14:1:12
250,dpfi,14,atom_v,12,20260818:4515:250:2:14:2:12
250,dpfi,14,atom_h,13,20260818:4515:250:2:14:1:13
250,dpfi,14,atom_v,13,20260818:4515:250:2:14:2:13
250,dpfi,14,atom_h,14,20260818:4515:250:2:14:1:14
250,dpfi,14,atom_v,14,20260818:4515:250:2:14:2:14
250,dpfi,14,atom_h,15,20260818:4515:250:2:14:1:15
250,dpfi,14,atom_v,15,20260818:4515:250:2:14:2:15
250,dpfi,15,blank_h,0,20260818:4515:250:2:15:3:0
250,dpfi,15,blank_v,0,20260818:4515:250:2:15:4:0
250,dpfi,15,dark_h,0,20260818:4515:250:2:15:5:0
250,dpfi,15,dark_v,0,20260818:4515:250:2:15:6:0
250,dpfi,15,atom_h,1,20260818:4515:250:2:15:1:1
250,dpfi,15,atom_v,1,20260818:4515:250:2:15:2:1
250,dpfi,15,atom_h,2,20260818:4515:250:2:15:1:2
250,dpfi,15,atom_v,2,20260818:4515:250:2:15:2:2
250,dpfi,15,atom_h,3,20260818:4515:250:2:15:1:3
250,dpfi,15,atom_v,3,20260818:4515:250:2:15:2:3
250,dpfi,15,atom_h,4,20260818:4515:250:2:15:1:4
250,dpfi,15,atom_v,4,20260818:4515:250:2:15:2:4
250,dpfi,15,atom_h,5,20260818:4515:250:2:15:1:5
250,dpfi,15,atom_v,5,20260818:4515:250:2:15:2:5
250,dpfi,15,atom_h,6,20260818:4515:250:2:15:1:6
250,dpfi,15,atom_v,6,20260818:4515:250:2:15:2:6
250,dpfi,15,atom_h,7,20260818:4515:250:2:15:1:7
250,dpfi,15,atom_v,7,20260818:4515:250:2:15:2:7
250,dpfi,15,atom_h,8,20260818:4515:250:2:15:1:8
250,dpfi,15,atom_v,8,20260818:4515:250:2:15:2:8
250,dpfi,15,atom_h,9,20260818:4515:250:2:15:1:9
250,dpfi,15,atom_v,9,20260818:4515:250:2:15:2:9
250,dpfi,15,atom_h,10,20260818:4515:250:2:15:1:10
250,dpfi,15,atom_v,10,20260818:4515:250:2:15:2:10
250,dpfi,15,atom_h,11,20260818:4515:250:2:15:1:11
250,dpfi,15,atom_v,11,20260818:4515:250:2:15:2:11
250,dpfi,15,atom_h,12,20260818:4515:250:2:15:1:12
250,dpfi,15,atom_v,12,20260818:4515:250:2:15:2:12
250,dpfi,15,atom_h,13,20260818:4515:250:2:15:1:13
250,dpfi,15,atom_v,13,20260818:4515:250:2:15:2:13
250,dpfi,15,atom_h,14,20260818:4515:250:2:15:1:14
250,dpfi,15,atom_v,14,20260818:4515:250:2:15:2:14
250,dpfi,15,atom_h,15,20260818:4515:250:2:15:1:15
250,dpfi,15,atom_v,15,20260818:4515:250:2:15:2:15
250,dpfi,16,blank_h,0,20260818:4515:250:2:16:3:0
250,dpfi,16,blank_v,0,20260818:4515:250:2:16:4:0
250,dpfi,16,dark_h,0,20260818:4515:250:2:16:5:0
250,dpfi,16,dark_v,0,20260818:4515:250:2:16:6:0
250,dpfi,16,atom_h,1,20260818:4515:250:2:16:1:1
250,dpfi,16,atom_v,1,20260818:4515:250:2:16:2:1
250,dpfi,16,atom_h,2,20260818:4515:250:2:16:1:2
250,dpfi,16,atom_v,2,20260818:4515:250:2:16:2:2
250,dpfi,16,atom_h,3,20260818:4515:250:2:16:1:3
250,dpfi,16,atom_v,3,20260818:4515:250:2:16:2:3
250,dpfi,16,atom_h,4,20260818:4515:250:2:16:1:4
250,dpfi,16,atom_v,4,20260818:4515:250:2:16:2:4
250,dpfi,16,atom_h,5,20260818:4515:250:2:16:1:5
250,dpfi,16,atom_v,5,20260818:4515:250:2:16:2:5
250,dpfi,16,atom_h,6,20260818:4515:250:2:16:1:6
250,dpfi,16,atom_v,6,20260818:4515:250:2:16:2:6
250,dpfi,16,atom_h,7,20260818:4515:250:2:16:1:7
250,dpfi,16,atom_v,7,20260818:4515:250:2:16:2:7
250,dpfi,16,atom_h,8,20260818:4515:250:2:16:1:8
250,dpfi,16,atom_v,8,20260818:4515:250:2:16:2:8
250,dpfi,16,atom_h,9,20260818:4515:250:2:16:1:9
250,dpfi,16,atom_v,9,20260818:4515:250:2:16:2:9
250,dpfi,16,atom_h,10,20260818:4515:250:2:16:1:10
250,dpfi,16,atom_v,10,20260818:4515:250:2:16:2:10
250,dpfi,16,atom_h,11,20260818:4515:250:2:16:1:11
250,dpfi,16,atom_v,11,20260818:4515:250:2:16:2:11
250,dpfi,16,atom_h,12,20260818:4515:250:2:16:1:12
250,dpfi,16,atom_v,12,20260818:4515:250:2:16:2:12
250,dpfi,16,atom_h,13,20260818:4515:250:2:16:1:13
250,dpfi,16,atom_v,13,20260818:4515:250:2:16:2:13
250,dpfi,16,atom_h,14,20260818:4515:250:2:16:1:14
250,dpfi,16,atom_v,14,20260818:4515:250:2:16:2:14
250,dpfi,16,atom_h,15,20260818:4515:250:2:16:1:15
250,dpfi,16,atom_v,15,20260818:4515:250:2:16:2:15
250,dpfi,17,blank_h,0,20260818:4515:250:2:17:3:0
250,dpfi,17,blank_v,0,20260818:4515:250:2:17:4:0
250,dpfi,17,dark_h,0,20260818:4515:250:2:17:5:0
250,dpfi,17,dark_v,0,20260818:4515:250:2:17:6:0
250,dpfi,17,atom_h,1,20260818:4515:250:2:17:1:1
250,dpfi,17,atom_v,1,20260818:4515:250:2:17:2:1
250,dpfi,17,atom_h,2,20260818:4515:250:2:17:1:2
250,dpfi,17,atom_v,2,20260818:4515:250:2:17:2:2
250,dpfi,17,atom_h,3,20260818:4515:250:2:17:1:3
250,dpfi,17,atom_v,3,20260818:4515:250:2:17:2:3
250,dpfi,17,atom_h,4,20260818:4515:250:2:17:1:4
250,dpfi,17,atom_v,4,20260818:4515:250:2:17:2:4
250,dpfi,17,atom_h,5,20260818:4515:250:2:17:1:5
250,dpfi,17,atom_v,5,20260818:4515:250:2:17:2:5
250,dpfi,17,atom_h,6,20260818:4515:250:2:17:1:6
250,dpfi,17,atom_v,6,20260818:4515:250:2:17:2:6
250,dpfi,17,atom_h,7,20260818:4515:250:2:17:1:7
250,dpfi,17,atom_v,7,20260818:4515:250:2:17:2:7
250,dpfi,17,atom_h,8,20260818:4515:250:2:17:1:8
250,dpfi,17,atom_v,8,20260818:4515:250:2:17:2:8
250,dpfi,17,atom_h,9,20260818:4515:250:2:17:1:9
250,dpfi,17,atom_v,9,20260818:4515:250:2:17:2:9
250,dpfi,17,atom_h,10,20260818:4515:250:2:17:1:10
250,dpfi,17,atom_v,10,20260818:4515:250:2:17:2:10
250,dpfi,17,atom_h,11,20260818:4515:250:2:17:1:11
250,dpfi,17,atom_v,11,20260818:4515:250:2:17:2:11
250,dpfi,17,atom_h,12,20260818:4515:250:2:17:1:12
250,dpfi,17,atom_v,12,20260818:4515:250:2:17:2:12
250,dpfi,17,atom_h,13,20260818:4515:250:2:17:1:13
250,dpfi,17,atom_v,13,20260818:4515:250:2:17:2:13
250,dpfi,17,atom_h,14,20260818:4515:250:2:17:1:14
250,dpfi,17,atom_v,14,20260818:4515:250:2:17:2:14
250,dpfi,17,atom_h,15,20260818:4515:250:2:17:1:15
250,dpfi,17,atom_v,15,20260818:4515:250:2:17:2:15
250,dpfi,18,blank_h,0,20260818:4515:250:2:18:3:0
250,dpfi,18,blank_v,0,20260818:4515:250:2:18:4:0
250,dpfi,18,dark_h,0,20260818:4515:250:2:18:5:0
250,dpfi,18,dark_v,0,20260818:4515:250:2:18:6:0
250,dpfi,18,atom_h,1,20260818:4515:250:2:18:1:1
250,dpfi,18,atom_v,1,20260818:4515:250:2:18:2:1
250,dpfi,18,atom_h,2,20260818:4515:250:2:18:1:2
250,dpfi,18,atom_v,2,20260818:4515:250:2:18:2:2
250,dpfi,18,atom_h,3,20260818:4515:250:2:18:1:3
250,dpfi,18,atom_v,3,20260818:4515:250:2:18:2:3
250,dpfi,18,atom_h,4,20260818:4515:250:2:18:1:4
250,dpfi,18,atom_v,4,20260818:4515:250:2:18:2:4
250,dpfi,18,atom_h,5,20260818:4515:250:2:18:1:5
250,dpfi,18,atom_v,5,20260818:4515:250:2:18:2:5
250,dpfi,18,atom_h,6,20260818:4515:250:2:18:1:6
250,dpfi,18,atom_v,6,20260818:4515:250:2:18:2:6
250,dpfi,18,atom_h,7,20260818:4515:250:2:18:1:7
250,dpfi,18,atom_v,7,20260818:4515:250:2:18:2:7
250,dpfi,18,atom_h,8,20260818:4515:250:2:18:1:8
250,dpfi,18,atom_v,8,20260818:4515:250:2:18:2:8
250,dpfi,18,atom_h,9,20260818:4515:250:2:18:1:9
250,dpfi,18,atom_v,9,20260818:4515:250:2:18:2:9
250,dpfi,18,atom_h,10,20260818:4515:250:2:18:1:10
250,dpfi,18,atom_v,10,20260818:4515:250:2:18:2:10
250,dpfi,18,atom_h,11,20260818:4515:250:2:18:1:11
250,dpfi,18,atom_v,11,20260818:4515:250:2:18:2:11
250,dpfi,18,atom_h,12,20260818:4515:250:2:18:1:12
250,dpfi,18,atom_v,12,20260818:4515:250:2:18:2:12
250,dpfi,18,atom_h,13,20260818:4515:250:2:18:1:13
250,dpfi,18,atom_v,13,20260818:4515:250:2:18:2:13
250,dpfi,18,atom_h,14,20260818:4515:250:2:18:1:14
250,dpfi,18,atom_v,14,20260818:4515:250:2:18:2:14
250,dpfi,18,atom_h,15,20260818:4515:250:2:18:1:15
250,dpfi,18,atom_v,15,20260818:4515:250:2:18:2:15
250,dpfi,19,blank_h,0,20260818:4515:250:2:19:3:0
250,dpfi,19,blank_v,0,20260818:4515:250:2:19:4:0
250,dpfi,19,dark_h,0,20260818:4515:250:2:19:5:0
250,dpfi,19,dark_v,0,20260818:4515:250:2:19:6:0
250,dpfi,19,atom_h,1,20260818:4515:250:2:19:1:1
250,dpfi,19,atom_v,1,20260818:4515:250:2:19:2:1
250,dpfi,19,atom_h,2,20260818:4515:250:2:19:1:2
250,dpfi,19,atom_v,2,20260818:4515:250:2:19:2:2
250,dpfi,19,atom_h,3,20260818:4515:250:2:19:1:3
250,dpfi,19,atom_v,3,20260818:4515:250:2:19:2:3
250,dpfi,19,atom_h,4,20260818:4515:250:2:19:1:4
250,dpfi,19,atom_v,4,20260818:4515:250:2:19:2:4
250,dpfi,19,atom_h,5,20260818:4515:250:2:19:1:5
250,dpfi,19,atom_v,5,20260818:4515:250:2:19:2:5
250,dpfi,19,atom_h,6,20260818:4515:250:2:19:1:6
250,dpfi,19,atom_v,6,20260818:4515:250:2:19:2:6
250,dpfi,19,atom_h,7,20260818:4515:250:2:19:1:7
250,dpfi,19,atom_v,7,20260818:4515:250:2:19:2:7
250,dpfi,19,atom_h,8,20260818:4515:250:2:19:1:8
250,dpfi,19,atom_v,8,20260818:4515:250:2:19:2:8
250,dpfi,19,atom_h,9,20260818:4515:250:2:19:1:9
250,dpfi,19,atom_v,9,20260818:4515:250:2:19:2:9
250,dpfi,19,atom_h,10,20260818:4515:250:2:19:1:10
250,dpfi,19,atom_v,10,20260818:4515:250:2:19:2:10
250,dpfi,19,atom_h,11,20260818:4515:250:2:19:1:11
250,dpfi,19,atom_v,11,20260818:4515:250:2:19:2:11
250,dpfi,19,atom_h,12,20260818:4515:250:2:19:1:12
250,dpfi,19,atom_v,12,20260818:4515:250:2:19:2:12
250,dpfi,19,atom_h,13,20260818:4515:250:2:19:1:13
250,dpfi,19,atom_v,13,20260818:4515:250:2:19:2:13
250,dpfi,19,atom_h,14,20260818:4515:250:2:19:1:14
250,dpfi,19,atom_v,14,20260818:4515:250:2:19:2:14
250,dpfi,19,atom_h,15,20260818:4515:250:2:19:1:15
250,dpfi,19,atom_v,15,20260818:4515:250:2:19:2:15
250,dpfi,20,blank_h,0,20260818:4515:250:2:20:3:0
250,dpfi,20,blank_v,0,20260818:4515:250:2:20:4:0
250,dpfi,20,dark_h,0,20260818:4515:250:2:20:5:0
250,dpfi,20,dark_v,0,20260818:4515:250:2:20:6:0
250,dpfi,20,atom_h,1,20260818:4515:250:2:20:1:1
250,dpfi,20,atom_v,1,20260818:4515:250:2:20:2:1
250,dpfi,20,atom_h,2,20260818:4515:250:2:20:1:2
250,dpfi,20,atom_v,2,20260818:4515:250:2:20:2:2
250,dpfi,20,atom_h,3,20260818:4515:250:2:20:1:3
250,dpfi,20,atom_v,3,20260818:4515:250:2:20:2:3
250,dpfi,20,atom_h,4,20260818:4515:250:2:20:1:4
250,dpfi,20,atom_v,4,20260818:4515:250:2:20:2:4
250,dpfi,20,atom_h,5,20260818:4515:250:2:20:1:5
250,dpfi,20,atom_v,5,20260818:4515:250:2:20:2:5
250,dpfi,20,atom_h,6,20260818:4515:250:2:20:1:6
250,dpfi,20,atom_v,6,20260818:4515:250:2:20:2:6
250,dpfi,20,atom_h,7,20260818:4515:250:2:20:1:7
250,dpfi,20,atom_v,7,20260818:4515:250:2:20:2:7
250,dpfi,20,atom_h,8,20260818:4515:250:2:20:1:8
250,dpfi,20,atom_v,8,20260818:4515:250:2:20:2:8
250,dpfi,20,atom_h,9,20260818:4515:250:2:20:1:9
250,dpfi,20,atom_v,9,20260818:4515:250:2:20:2:9
250,dpfi,20,atom_h,10,20260818:4515:250:2:20:1:10
250,dpfi,20,atom_v,10,20260818:4515:250:2:20:2:10
250,dpfi,20,atom_h,11,20260818:4515:250:2:20:1:11
250,dpfi,20,atom_v,11,20260818:4515:250:2:20:2:11
250,dpfi,20,atom_h,12,20260818:4515:250:2:20:1:12
250,dpfi,20,atom_v,12,20260818:4515:250:2:20:2:12
250,dpfi,20,atom_h,13,20260818:4515:250:2:20:1:13
250,dpfi,20,atom_v,13,20260818:4515:250:2:20:2:13
250,dpfi,20,atom_h,14,20260818:4515:250:2:20:1:14
250,dpfi,20,atom_v,14,20260818:4515:250:2:20:2:14
250,dpfi,20,atom_h,15,20260818:4515:250:2:20:1:15
250,dpfi,20,atom_v,15,20260818:4515:250:2:20:2:15
250,dpfi,21,blank_h,0,20260818:4515:250:2:21:3:0
250,dpfi,21,blank_v,0,20260818:4515:250:2:21:4:0
250,dpfi,21,dark_h,0,20260818:4515:250:2:21:5:0
250,dpfi,21,dark_v,0,20260818:4515:250:2:21:6:0
250,dpfi,21,atom_h,1,20260818:4515:250:2:21:1:1
250,dpfi,21,atom_v,1,20260818:4515:250:2:21:2:1
250,dpfi,21,atom_h,2,20260818:4515:250:2:21:1:2
250,dpfi,21,atom_v,2,20260818:4515:250:2:21:2:2
250,dpfi,21,atom_h,3,20260818:4515:250:2:21:1:3
250,dpfi,21,atom_v,3,20260818:4515:250:2:21:2:3
250,dpfi,21,atom_h,4,20260818:4515:250:2:21:1:4
250,dpfi,21,atom_v,4,20260818:4515:250:2:21:2:4
250,dpfi,21,atom_h,5,20260818:4515:250:2:21:1:5
250,dpfi,21,atom_v,5,20260818:4515:250:2:21:2:5
250,dpfi,21,atom_h,6,20260818:4515:250:2:21:1:6
250,dpfi,21,atom_v,6,20260818:4515:250:2:21:2:6
250,dpfi,21,atom_h,7,20260818:4515:250:2:21:1:7
250,dpfi,21,atom_v,7,20260818:4515:250:2:21:2:7
250,dpfi,21,atom_h,8,20260818:4515:250:2:21:1:8
250,dpfi,21,atom_v,8,20260818:4515:250:2:21:2:8
250,dpfi,21,atom_h,9,20260818:4515:250:2:21:1:9
250,dpfi,21,atom_v,9,20260818:4515:250:2:21:2:9
250,dpfi,21,atom_h,10,20260818:4515:250:2:21:1:10
250,dpfi,21,atom_v,10,20260818:4515:250:2:21:2:10
250,dpfi,21,atom_h,11,20260818:4515:250:2:21:1:11
250,dpfi,21,atom_v,11,20260818:4515:250:2:21:2:11
250,dpfi,21,atom_h,12,20260818:4515:250:2:21:1:12
250,dpfi,21,atom_v,12,20260818:4515:250:2:21:2:12
250,dpfi,21,atom_h,13,20260818:4515:250:2:21:1:13
250,dpfi,21,atom_v,13,20260818:4515:250:2:21:2:13
250,dpfi,21,atom_h,14,20260818:4515:250:2:21:1:14
250,dpfi,21,atom_v,14,20260818:4515:250:2:21:2:14
250,dpfi,21,atom_h,15,20260818:4515:250:2:21:1:15
250,dpfi,21,atom_v,15,20260818:4515:250:2:21:2:15
250,dpfi,22,blank_h,0,20260818:4515:250:2:22:3:0
250,dpfi,22,blank_v,0,20260818:4515:250:2:22:4:0
250,dpfi,22,dark_h,0,20260818:4515:250:2:22:5:0
250,dpfi,22,dark_v,0,20260818:4515:250:2:22:6:0
250,dpfi,22,atom_h,1,20260818:4515:250:2:22:1:1
250,dpfi,22,atom_v,1,20260818:4515:250:2:22:2:1
250,dpfi,22,atom_h,2,20260818:4515:250:2:22:1:2
250,dpfi,22,atom_v,2,20260818:4515:250:2:22:2:2
250,dpfi,22,atom_h,3,20260818:4515:250:2:22:1:3
250,dpfi,22,atom_v,3,20260818:4515:250:2:22:2:3
250,dpfi,22,atom_h,4,20260818:4515:250:2:22:1:4
250,dpfi,22,atom_v,4,20260818:4515:250:2:22:2:4
250,dpfi,22,atom_h,5,20260818:4515:250:2:22:1:5
250,dpfi,22,atom_v,5,20260818:4515:250:2:22:2:5
250,dpfi,22,atom_h,6,20260818:4515:250:2:22:1:6
250,dpfi,22,atom_v,6,20260818:4515:250:2:22:2:6
250,dpfi,22,atom_h,7,20260818:4515:250:2:22:1:7
250,dpfi,22,atom_v,7,20260818:4515:250:2:22:2:7
250,dpfi,22,atom_h,8,20260818:4515:250:2:22:1:8
250,dpfi,22,atom_v,8,20260818:4515:250:2:22:2:8
250,dpfi,22,atom_h,9,20260818:4515:250:2:22:1:9
250,dpfi,22,atom_v,9,20260818:4515:250:2:22:2:9
250,dpfi,22,atom_h,10,20260818:4515:250:2:22:1:10
250,dpfi,22,atom_v,10,20260818:4515:250:2:22:2:10
250,dpfi,22,atom_h,11,20260818:4515:250:2:22:1:11
250,dpfi,22,atom_v,11,20260818:4515:250:2:22:2:11
250,dpfi,22,atom_h,12,20260818:4515:250:2:22:1:12
250,dpfi,22,atom_v,12,20260818:4515:250:2:22:2:12
250,dpfi,22,atom_h,13,20260818:4515:250:2:22:1:13
250,dpfi,22,atom_v,13,20260818:4515:250:2:22:2:13
250,dpfi,22,atom_h,14,20260818:4515:250:2:22:1:14
250,dpfi,22,atom_v,14,20260818:4515:250:2:22:2:14
250,dpfi,22,atom_h,15,20260818:4515:250:2:22:1:15
250,dpfi,22,atom_v,15,20260818:4515:250:2:22:2:15
250,dpfi,23,blank_h,0,20260818:4515:250:2:23:3:0
250,dpfi,23,blank_v,0,20260818:4515:250:2:23:4:0
250,dpfi,23,dark_h,0,20260818:4515:250:2:23:5:0
250,dpfi,23,dark_v,0,20260818:4515:250:2:23:6:0
250,dpfi,23,atom_h,1,20260818:4515:250:2:23:1:1
250,dpfi,23,atom_v,1,20260818:4515:250:2:23:2:1
250,dpfi,23,atom_h,2,20260818:4515:250:2:23:1:2
250,dpfi,23,atom_v,2,20260818:4515:250:2:23:2:2
250,dpfi,23,atom_h,3,20260818:4515:250:2:23:1:3
250,dpfi,23,atom_v,3,20260818:4515:250:2:23:2:3
250,dpfi,23,atom_h,4,20260818:4515:250:2:23:1:4
250,dpfi,23,atom_v,4,20260818:4515:250:2:23:2:4
250,dpfi,23,atom_h,5,20260818:4515:250:2:23:1:5
250,dpfi,23,atom_v,5,20260818:4515:250:2:23:2:5
250,dpfi,23,atom_h,6,20260818:4515:250:2:23:1:6
250,dpfi,23,atom_v,6,20260818:4515:250:2:23:2:6
250,dpfi,23,atom_h,7,20260818:4515:250:2:23:1:7
250,dpfi,23,atom_v,7,20260818:4515:250:2:23:2:7
250,dpfi,23,atom_h,8,20260818:4515:250:2:23:1:8
250,dpfi,23,atom_v,8,20260818:4515:250:2:23:2:8
250,dpfi,23,atom_h,9,20260818:4515:250:2:23:1:9
250,dpfi,23,atom_v,9,20260818:4515:250:2:23:2:9
250,dpfi,23,atom_h,10,20260818:4515:250:2:23:1:10
250,dpfi,23,atom_v,10,20260818:4515:250:2:23:2:10
250,dpfi,23,atom_h,11,20260818:4515:250:2:23:1:11
250,dpfi,23,atom_v,11,20260818:4515:250:2:23:2:11
250,dpfi,23,atom_h,12,20260818:4515:250:2:23:1:12
250,dpfi,23,atom_v,12,20260818:4515:250:2:23:2:12
250,dpfi,23,atom_h,13,20260818:4515:250:2:23:1:13
250,dpfi,23,atom_v,13,20260818:4515:250:2:23:2:13
250,dpfi,23,atom_h,14,20260818:4515:250:2:23:1:14
250,dpfi,23,atom_v,14,20260818:4515:250:2:23:2:14
250,dpfi,23,atom_h,15,20260818:4515:250:2:23:1:15
250,dpfi,23,atom_v,15,20260818:4515:250:2:23:2:15
250,dpfi,24,blank_h,0,20260818:4515:250:2:24:3:0
250,dpfi,24,blank_v,0,20260818:4515:250:2:24:4:0
250,dpfi,24,dark_h,0,20260818:4515:250:2:24:5:0
250,dpfi,24,dark_v,0,20260818:4515:250:2:24:6:0
250,dpfi,24,atom_h,1,20260818:4515:250:2:24:1:1
250,dpfi,24,atom_v,1,20260818:4515:250:2:24:2:1
250,dpfi,24,atom_h,2,20260818:4515:250:2:24:1:2
250,dpfi,24,atom_v,2,20260818:4515:250:2:24:2:2
250,dpfi,24,atom_h,3,20260818:4515:250:2:24:1:3
250,dpfi,24,atom_v,3,20260818:4515:250:2:24:2:3
250,dpfi,24,atom_h,4,20260818:4515:250:2:24:1:4
250,dpfi,24,atom_v,4,20260818:4515:250:2:24:2:4
250,dpfi,24,atom_h,5,20260818:4515:250:2:24:1:5
250,dpfi,24,atom_v,5,20260818:4515:250:2:24:2:5
250,dpfi,24,atom_h,6,20260818:4515:250:2:24:1:6
250,dpfi,24,atom_v,6,20260818:4515:250:2:24:2:6
250,dpfi,24,atom_h,7,20260818:4515:250:2:24:1:7
250,dpfi,24,atom_v,7,20260818:4515:250:2:24:2:7
250,dpfi,24,atom_h,8,20260818:4515:250:2:24:1:8
250,dpfi,24,atom_v,8,20260818:4515:250:2:24:2:8
250,dpfi,24,atom_h,9,20260818:4515:250:2:24:1:9
250,dpfi,24,atom_v,9,20260818:4515:250:2:24:2:9
250,dpfi,24,atom_h,10,20260818:4515:250:2:24:1:10
250,dpfi,24,atom_v,10,20260818:4515:250:2:24:2:10
250,dpfi,24,atom_h,11,20260818:4515:250:2:24:1:11
250,dpfi,24,atom_v,11,20260818:4515:250:2:24:2:11
250,dpfi,24,atom_h,12,20260818:4515:250:2:24:1:12
250,dpfi,24,atom_v,12,20260818:4515:250:2:24:2:12
250,dpfi,24,atom_h,13,20260818:4515:250:2:24:1:13
250,dpfi,24,atom_v,13,20260818:4515:250:2:24:2:13
250,dpfi,24,atom_h,14,20260818:4515:250:2:24:1:14
250,dpfi,24,atom_v,14,20260818:4515:250:2:24:2:14
250,dpfi,24,atom_h,15,20260818:4515:250:2:24:1:15
250,dpfi,24,atom_v,15,20260818:4515:250:2:24:2:15
250,dpfi,25,blank_h,0,20260818:4515:250:2:25:3:0
250,dpfi,25,blank_v,0,20260818:4515:250:2:25:4:0
250,dpfi,25,dark_h,0,20260818:4515:250:2:25:5:0
250,dpfi,25,dark_v,0,20260818:4515:250:2:25:6:0
250,dpfi,25,atom_h,1,20260818:4515:250:2:25:1:1
250,dpfi,25,atom_v,1,20260818:4515:250:2:25:2:1
250,dpfi,25,atom_h,2,20260818:4515:250:2:25:1:2
250,dpfi,25,atom_v,2,20260818:4515:250:2:25:2:2
250,dpfi,25,atom_h,3,20260818:4515:250:2:25:1:3
250,dpfi,25,atom_v,3,20260818:4515:250:2:25:2:3
250,dpfi,25,atom_h,4,20260818:4515:250:2:25:1:4
250,dpfi,25,atom_v,4,20260818:4515:250:2:25:2:4
250,dpfi,25,atom_h,5,20260818:4515:250:2:25:1:5
250,dpfi,25,atom_v,5,20260818:4515:250:2:25:2:5
250,dpfi,25,atom_h,6,20260818:4515:250:2:25:1:6
250,dpfi,25,atom_v,6,20260818:4515:250:2:25:2:6
250,dpfi,25,atom_h,7,20260818:4515:250:2:25:1:7
250,dpfi,25,atom_v,7,20260818:4515:250:2:25:2:7
250,dpfi,25,atom_h,8,20260818:4515:250:2:25:1:8
250,dpfi,25,atom_v,8,20260818:4515:250:2:25:2:8
250,dpfi,25,atom_h,9,20260818:4515:250:2:25:1:9
250,dpfi,25,atom_v,9,20260818:4515:250:2:25:2:9
250,dpfi,25,atom_h,10,20260818:4515:250:2:25:1:10
250,dpfi,25,atom_v,10,20260818:4515:250:2:25:2:10
250,dpfi,25,atom_h,11,20260818:4515:250:2:25:1:11
250,dpfi,25,atom_v,11,20260818:4515:250:2:25:2:11
250,dpfi,25,atom_h,12,20260818:4515:250:2:25:1:12
250,dpfi,25,atom_v,12,20260818:4515:250:2:25:2:12
250,dpfi,25,atom_h,13,20260818:4515:250:2:25:1:13
250,dpfi,25,atom_v,13,20260818:4515:250:2:25:2:13
250,dpfi,25,atom_h,14,20260818:4515:250:2:25:1:14
250,dpfi,25,atom_v,14,20260818:4515:250:2:25:2:14
250,dpfi,25,atom_h,15,20260818:4515:250:2:25:1:15
250,dpfi,25,atom_v,15,20260818:4515:250:2:25:2:15
250,dpfi,26,blank_h,0,20260818:4515:250:2:26:3:0
250,dpfi,26,blank_v,0,20260818:4515:250:2:26:4:0
250,dpfi,26,dark_h,0,20260818:4515:250:2:26:5:0
250,dpfi,26,dark_v,0,20260818:4515:250:2:26:6:0
250,dpfi,26,atom_h,1,20260818:4515:250:2:26:1:1
250,dpfi,26,atom_v,1,20260818:4515:250:2:26:2:1
250,dpfi,26,atom_h,2,20260818:4515:250:2:26:1:2
250,dpfi,26,atom_v,2,20260818:4515:250:2:26:2:2
250,dpfi,26,atom_h,3,20260818:4515:250:2:26:1:3
250,dpfi,26,atom_v,3,20260818:4515:250:2:26:2:3
250,dpfi,26,atom_h,4,20260818:4515:250:2:26:1:4
250,dpfi,26,atom_v,4,20260818:4515:250:2:26:2:4
250,dpfi,26,atom_h,5,20260818:4515:250:2:26:1:5
250,dpfi,26,atom_v,5,20260818:4515:250:2:26:2:5
250,dpfi,26,atom_h,6,20260818:4515:250:2:26:1:6
250,dpfi,26,atom_v,6,20260818:4515:250:2:26:2:6
250,dpfi,26,atom_h,7,20260818:4515:250:2:26:1:7
250,dpfi,26,atom_v,7,20260818:4515:250:2:26:2:7
250,dpfi,26,atom_h,8,20260818:4515:250:2:26:1:8
250,dpfi,26,atom_v,8,20260818:4515:250:2:26:2:8
250,dpfi,26,atom_h,9,20260818:4515:250:2:26:1:9
250,dpfi,26,atom_v,9,20260818:4515:250:2:26:2:9
250,dpfi,26,atom_h,10,20260818:4515:250:2:26:1:10
250,dpfi,26,atom_v,10,20260818:4515:250:2:26:2:10
250,dpfi,26,atom_h,11,20260818:4515:250:2:26:1:11
250,dpfi,26,atom_v,11,20260818:4515:250:2:26:2:11
250,dpfi,26,atom_h,12,20260818:4515:250:2:26:1:12
250,dpfi,26,atom_v,12,20260818:4515:250:2:26:2:12
250,dpfi,26,atom_h,13,20260818:4515:250:2:26:1:13
250,dpfi,26,atom_v,13,20260818:4515:250:2:26:2:13
250,dpfi,26,atom_h,14,20260818:4515:250:2:26:1:14
250,dpfi,26,atom_v,14,20260818:4515:250:2:26:2:14
250,dpfi,26,atom_h,15,20260818:4515:250:2:26:1:15
250,dpfi,26,atom_v,15,20260818:4515:250:2:26:2:15
250,dpfi,27,blank_h,0,20260818:4515:250:2:27:3:0
250,dpfi,27,blank_v,0,20260818:4515:250:2:27:4:0
250,dpfi,27,dark_h,0,20260818:4515:250:2:27:5:0
250,dpfi,27,dark_v,0,20260818:4515:250:2:27:6:0
250,dpfi,27,atom_h,1,20260818:4515:250:2:27:1:1
250,dpfi,27,atom_v,1,20260818:4515:250:2:27:2:1
250,dpfi,27,atom_h,2,20260818:4515:250:2:27:1:2
250,dpfi,27,atom_v,2,20260818:4515:250:2:27:2:2
250,dpfi,27,atom_h,3,20260818:4515:250:2:27:1:3
250,dpfi,27,atom_v,3,20260818:4515:250:2:27:2:3
250,dpfi,27,atom_h,4,20260818:4515:250:2:27:1:4
250,dpfi,27,atom_v,4,20260818:4515:250:2:27:2:4
250,dpfi,27,atom_h,5,20260818:4515:250:2:27:1:5
250,dpfi,27,atom_v,5,20260818:4515:250:2:27:2:5
250,dpfi,27,atom_h,6,20260818:4515:250:2:27:1:6
250,dpfi,27,atom_v,6,20260818:4515:250:2:27:2:6
250,dpfi,27,atom_h,7,20260818:4515:250:2:27:1:7
250,dpfi,27,atom_v,7,20260818:4515:250:2:27:2:7
250,dpfi,27,atom_h,8,20260818:4515:250:2:27:1:8
250,dpfi,27,atom_v,8,20260818:4515:250:2:27:2:8
250,dpfi,27,atom_h,9,20260818:4515:250:2:27:1:9
250,dpfi,27,atom_v,9,20260818:4515:250:2:27:2:9
250,dpfi,27,atom_h,10,20260818:4515:250:2:27:1:10
250,dpfi,27,atom_v,10,20260818:4515:250:2:27:2:10
250,dpfi,27,atom_h,11,20260818:4515:250:2:27:1:11
250,dpfi,27,atom_v,11,20260818:4515:250:2:27:2:11
250,dpfi,27,atom_h,12,20260818:4515:250:2:27:1:12
250,dpfi,27,atom_v,12,20260818:4515:250:2:27:2:12
250,dpfi,27,atom_h,13,20260818:4515:250:2:27:1:13
250,dpfi,27,atom_v,13,20260818:4515:250:2:27:2:13
250,dpfi,27,atom_h,14,20260818:4515:250:2:27:1:14
250,dpfi,27,atom_v,14,20260818:4515:250:2:27:2:14
250,dpfi,27,atom_h,15,20260818:4515:250:2:27:1:15
250,dpfi,27,atom_v,15,20260818:4515:250:2:27:2:15
250,dpfi,28,blank_h,0,20260818:4515:250:2:28:3:0
250,dpfi,28,blank_v,0,20260818:4515:250:2:28:4:0
250,dpfi,28,dark_h,0,20260818:4515:250:2:28:5:0
250,dpfi,28,dark_v,0,20260818:4515:250:2:28:6:0
250,dpfi,28,atom_h,1,20260818:4515:250:2:28:1:1
250,dpfi,28,atom_v,1,20260818:4515:250:2:28:2:1
250,dpfi,28,atom_h,2,20260818:4515:250:2:28:1:2
250,dpfi,28,atom_v,2,20260818:4515:250:2:28:2:2
250,dpfi,28,atom_h,3,20260818:4515:250:2:28:1:3
250,dpfi,28,atom_v,3,20260818:4515:250:2:28:2:3
250,dpfi,28,atom_h,4,20260818:4515:250:2:28:1:4
250,dpfi,28,atom_v,4,20260818:4515:250:2:28:2:4
250,dpfi,28,atom_h,5,20260818:4515:250:2:28:1:5
250,dpfi,28,atom_v,5,20260818:4515:250:2:28:2:5
250,dpfi,28,atom_h,6,20260818:4515:250:2:28:1:6
250,dpfi,28,atom_v,6,20260818:4515:250:2:28:2:6
250,dpfi,28,atom_h,7,20260818:4515:250:2:28:1:7
250,dpfi,28,atom_v,7,20260818:4515:250:2:28:2:7
250,dpfi,28,atom_h,8,20260818:4515:250:2:28:1:8
250,dpfi,28,atom_v,8,20260818:4515:250:2:28:2:8
250,dpfi,28,atom_h,9,20260818:4515:250:2:28:1:9
250,dpfi,28,atom_v,9,20260818:4515:250:2:28:2:9
250,dpfi,28,atom_h,10,20260818:4515:250:2:28:1:10
250,dpfi,28,atom_v,10,20260818:4515:250:2:28:2:10
250,dpfi,28,atom_h,11,20260818:4515:250:2:28:1:11
250,dpfi,28,atom_v,11,20260818:4515:250:2:28:2:11
250,dpfi,28,atom_h,12,20260818:4515:250:2:28:1:12
250,dpfi,28,atom_v,12,20260818:4515:250:2:28:2:12
250,dpfi,28,atom_h,13,20260818:4515:250:2:28:1:13
250,dpfi,28,atom_v,13,20260818:4515:250:2:28:2:13
250,dpfi,28,atom_h,14,20260818:4515:250:2:28:1:14
250,dpfi,28,atom_v,14,20260818:4515:250:2:28:2:14
250,dpfi,28,atom_h,15,20260818:4515:250:2:28:1:15
250,dpfi,28,atom_v,15,20260818:4515:250:2:28:2:15
250,dpfi,29,blank_h,0,20260818:4515:250:2:29:3:0
250,dpfi,29,blank_v,0,20260818:4515:250:2:29:4:0
250,dpfi,29,dark_h,0,20260818:4515:250:2:29:5:0
250,dpfi,29,dark_v,0,20260818:4515:250:2:29:6:0
250,dpfi,29,atom_h,1,20260818:4515:250:2:29:1:1
250,dpfi,29,atom_v,1,20260818:4515:250:2:29:2:1
250,dpfi,29,atom_h,2,20260818:4515:250:2:29:1:2
250,dpfi,29,atom_v,2,20260818:4515:250:2:29:2:2
250,dpfi,29,atom_h,3,20260818:4515:250:2:29:1:3
250,dpfi,29,atom_v,3,20260818:4515:250:2:29:2:3
250,dpfi,29,atom_h,4,20260818:4515:250:2:29:1:4
250,dpfi,29,atom_v,4,20260818:4515:250:2:29:2:4
250,dpfi,29,atom_h,5,20260818:4515:250:2:29:1:5
250,dpfi,29,atom_v,5,20260818:4515:250:2:29:2:5
250,dpfi,29,atom_h,6,20260818:4515:250:2:29:1:6
250,dpfi,29,atom_v,6,20260818:4515:250:2:29:2:6
250,dpfi,29,atom_h,7,20260818:4515:250:2:29:1:7
250,dpfi,29,atom_v,7,20260818:4515:250:2:29:2:7
250,dpfi,29,atom_h,8,20260818:4515:250:2:29:1:8
250,dpfi,29,atom_v,8,20260818:4515:250:2:29:2:8
250,dpfi,29,atom_h,9,20260818:4515:250:2:29:1:9
250,dpfi,29,atom_v,9,20260818:4515:250:2:29:2:9
250,dpfi,29,atom_h,10,20260818:4515:250:2:29:1:10
250,dpfi,29,atom_v,10,20260818:4515:250:2:29:2:10
250,dpfi,29,atom_h,11,20260818:4515:250:2:29:1:11
250,dpfi,29,atom_v,11,20260818:4515:250:2:29:2:11
250,dpfi,29,atom_h,12,20260818:4515:250:2:29:1:12
250,dpfi,29,atom_v,12,20260818:4515:250:2:29:2:12
250,dpfi,29,atom_h,13,20260818:4515:250:2:29:1:13
250,dpfi,29,atom_v,13,20260818:4515:250:2:29:2:13
250,dpfi,29,atom_h,14,20260818:4515:250:2:29:1:14
250,dpfi,29,atom_v,14,20260818:4515:250:2:29:2:14
250,dpfi,29,atom_h,15,20260818:4515:250:2:29:1:15
250,dpfi,29,atom_v,15,20260818:4515:250:2:29:2:15
250,dpfi,30,blank_h,0,20260818:4515:250:2:30:3:0
250,dpfi,30,blank_v,0,20260818:4515:250:2:30:4:0
250,dpfi,30,dark_h,0,20260818:4515:250:2:30:5:0
250,dpfi,30,dark_v,0,20260818:4515:250:2:30:6:0
250,dpfi,30,atom_h,1,20260818:4515:250:2:30:1:1
250,dpfi,30,atom_v,1,20260818:4515:250:2:30:2:1
250,dpfi,30,atom_h,2,20260818:4515:250:2:30:1:2
250,dpfi,30,atom_v,2,20260818:4515:250:2:30:2:2
250,dpfi,30,atom_h,3,20260818:4515:250:2:30:1:3
250,dpfi,30,atom_v,3,20260818:4515:250:2:30:2:3
250,dpfi,30,atom_h,4,20260818:4515:250:2:30:1:4
250,dpfi,30,atom_v,4,20260818:4515:250:2:30:2:4
250,dpfi,30,atom_h,5,20260818:4515:250:2:30:1:5
250,dpfi,30,atom_v,5,20260818:4515:250:2:30:2:5
250,dpfi,30,atom_h,6,20260818:4515:250:2:30:1:6
250,dpfi,30,atom_v,6,20260818:4515:250:2:30:2:6
250,dpfi,30,atom_h,7,20260818:4515:250:2:30:1:7
250,dpfi,30,atom_v,7,20260818:4515:250:2:30:2:7
250,dpfi,30,atom_h,8,20260818:4515:250:2:30:1:8
250,dpfi,30,atom_v,8,20260818:4515:250:2:30:2:8
250,dpfi,30,atom_h,9,20260818:4515:250:2:30:1:9
250,dpfi,30,atom_v,9,20260818:4515:250:2:30:2:9
250,dpfi,30,atom_h,10,20260818:4515:250:2:30:1:10
250,dpfi,30,atom_v,10,20260818:4515:250:2:30:2:10
250,dpfi,30,atom_h,11,20260818:4515:250:2:30:1:11
250,dpfi,30,atom_v,11,20260818:4515:250:2:30:2:11
250,dpfi,30,atom_h,12,20260818:4515:250:2:30:1:12
250,dpfi,30,atom_v,12,20260818:4515:250:2:30:2:12
250,dpfi,30,atom_h,13,20260818:4515:250:2:30:1:13
250,dpfi,30,atom_v,13,20260818:4515:250:2:30:2:13
250,dpfi,30,atom_h,14,20260818:4515:250:2:30:1:14
250,dpfi,30,atom_v,14,20260818:4515:250:2:30:2:14
250,dpfi,30,atom_h,15,20260818:4515:250:2:30:1:15
250,dpfi,30,atom_v,15,20260818:4515:250:2:30:2:15
250,dpfi,31,blank_h,0,20260818:4515:250:2:31:3:0
250,dpfi,31,blank_v,0,20260818:4515:250:2:31:4:0
250,dpfi,31,dark_h,0,20260818:4515:250:2:31:5:0
250,dpfi,31,dark_v,0,20260818:4515:250:2:31:6:0
250,dpfi,31,atom_h,1,20260818:4515:250:2:31:1:1
250,dpfi,31,atom_v,1,20260818:4515:250:2:31:2:1
250,dpfi,31,atom_h,2,20260818:4515:250:2:31:1:2
250,dpfi,31,atom_v,2,20260818:4515:250:2:31:2:2
250,dpfi,31,atom_h,3,20260818:4515:250:2:31:1:3
250,dpfi,31,atom_v,3,20260818:4515:250:2:31:2:3
250,dpfi,31,atom_h,4,20260818:4515:250:2:31:1:4
250,dpfi,31,atom_v,4,20260818:4515:250:2:31:2:4
250,dpfi,31,atom_h,5,20260818:4515:250:2:31:1:5
250,dpfi,31,atom_v,5,20260818:4515:250:2:31:2:5
250,dpfi,31,atom_h,6,20260818:4515:250:2:31:1:6
250,dpfi,31,atom_v,6,20260818:4515:250:2:31:2:6
250,dpfi,31,atom_h,7,20260818:4515:250:2:31:1:7
250,dpfi,31,atom_v,7,20260818:4515:250:2:31:2:7
250,dpfi,31,atom_h,8,20260818:4515:250:2:31:1:8
250,dpfi,31,atom_v,8,20260818:4515:250:2:31:2:8
250,dpfi,31,atom_h,9,20260818:4515:250:2:31:1:9
250,dpfi,31,atom_v,9,20260818:4515:250:2:31:2:9
250,dpfi,31,atom_h,10,20260818:4515:250:2:31:1:10
250,dpfi,31,atom_v,10,20260818:4515:250:2:31:2:10
250,dpfi,31,atom_h,11,20260818:4515:250:2:31:1:11
250,dpfi,31,atom_v,11,20260818:4515:250:2:31:2:11
250,dpfi,31,atom_h,12,20260818:4515:250:2:31:1:12
250,dpfi,31,atom_v,12,20260818:4515:250:2:31:2:12
250,dpfi,31,atom_h,13,20260818:4515:250:2:31:1:13
250,dpfi,31,atom_v,13,20260818:4515:250:2:31:2:13
250,dpfi,31,atom_h,14,20260818:4515:250:2:31:1:14
250,dpfi,31,atom_v,14,20260818:4515:250:2:31:2:14
250,dpfi,31,atom_h,15,20260818:4515:250:2:31:1:15
250,dpfi,31,atom_v,15,20260818:4515:250:2:31:2:15
250,dpfi,32,blank_h,0,20260818:4515:250:2:32:3:0
250,dpfi,32,blank_v,0,20260818:4515:250:2:32:4:0
250,dpfi,32,dark_h,0,20260818:4515:250:2:32:5:0
250,dpfi,32,dark_v,0,20260818:4515:250:2:32:6:0
250,dpfi,32,atom_h,1,20260818:4515:250:2:32:1:1
250,dpfi,32,atom_v,1,20260818:4515:250:2:32:2:1
250,dpfi,32,atom_h,2,20260818:4515:250:2:32:1:2
250,dpfi,32,atom_v,2,20260818:4515:250:2:32:2:2
250,dpfi,32,atom_h,3,20260818:4515:250:2:32:1:3
250,dpfi,32,atom_v,3,20260818:4515:250:2:32:2:3
250,dpfi,32,atom_h,4,20260818:4515:250:2:32:1:4
250,dpfi,32,atom_v,4,20260818:4515:250:2:32:2:4
250,dpfi,32,atom_h,5,20260818:4515:250:2:32:1:5
250,dpfi,32,atom_v,5,20260818:4515:250:2:32:2:5
250,dpfi,32,atom_h,6,20260818:4515:250:2:32:1:6
250,dpfi,32,atom_v,6,20260818:4515:250:2:32:2:6
250,dpfi,32,atom_h,7,20260818:4515:250:2:32:1:7
250,dpfi,32,atom_v,7,20260818:4515:250:2:32:2:7
250,dpfi,32,atom_h,8,20260818:4515:250:2:32:1:8
250,dpfi,32,atom_v,8,20260818:4515:250:2:32:2:8
250,dpfi,32,atom_h,9,20260818:4515:250:2:32:1:9
250,dpfi,32,atom_v,9,20260818:4515:250:2:32:2:9
250,dpfi,32,atom_h,10,20260818:4515:250:2:32:1:10
250,dpfi,32,atom_v,10,20260818:4515:250:2:32:2:10
250,dpfi,32,atom_h,11,20260818:4515:250:2:32:1:11
250,dpfi,32,atom_v,11,20260818:4515:250:2:32:2:11
250,dpfi,32,atom_h,12,20260818:4515:250:2:32:1:12
250,dpfi,32,atom_v,12,20260818:4515:250:2:32:2:12
250,dpfi,32,atom_h,13,20260818:4515:250:2:32:1:13
250,dpfi,32,atom_v,13,20260818:4515:250:2:32:2:13
250,dpfi,32,atom_h,14,20260818:4515:250:2:32:1:14
250,dpfi,32,atom_v,14,20260818:4515:250:2:32:2:14
250,dpfi,32,atom_h,15,20260818:4515:250:2:32:1:15
250,dpfi,32,atom_v,15,20260818:4515:250:2:32:2:15
250,dpfi,33,blank_h,0,20260818:4515:250:2:33:3:0
250,dpfi,33,blank_v,0,20260818:4515:250:2:33:4:0
250,dpfi,33,dark_h,0,20260818:4515:250:2:33:5:0
250,dpfi,33,dark_v,0,20260818:4515:250:2:33:6:0
250,dpfi,33,atom_h,1,20260818:4515:250:2:33:1:1
250,dpfi,33,atom_v,1,20260818:4515:250:2:33:2:1
250,dpfi,33,atom_h,2,20260818:4515:250:2:33:1:2
250,dpfi,33,atom_v,2,20260818:4515:250:2:33:2:2
250,dpfi,33,atom_h,3,20260818:4515:250:2:33:1:3
250,dpfi,33,atom_v,3,20260818:4515:250:2:33:2:3
250,dpfi,33,atom_h,4,20260818:4515:250:2:33:1:4
250,dpfi,33,atom_v,4,20260818:4515:250:2:33:2:4
250,dpfi,33,atom_h,5,20260818:4515:250:2:33:1:5
250,dpfi,33,atom_v,5,20260818:4515:250:2:33:2:5
250,dpfi,33,atom_h,6,20260818:4515:250:2:33:1:6
250,dpfi,33,atom_v,6,20260818:4515:250:2:33:2:6
250,dpfi,33,atom_h,7,20260818:4515:250:2:33:1:7
250,dpfi,33,atom_v,7,20260818:4515:250:2:33:2:7
250,dpfi,33,atom_h,8,20260818:4515:250:2:33:1:8
250,dpfi,33,atom_v,8,20260818:4515:250:2:33:2:8
250,dpfi,33,atom_h,9,20260818:4515:250:2:33:1:9
250,dpfi,33,atom_v,9,20260818:4515:250:2:33:2:9
250,dpfi,33,atom_h,10,20260818:4515:250:2:33:1:10
250,dpfi,33,atom_v,10,20260818:4515:250:2:33:2:10
250,dpfi,33,atom_h,11,20260818:4515:250:2:33:1:11
250,dpfi,33,atom_v,11,20260818:4515:250:2:33:2:11
250,dpfi,33,atom_h,12,20260818:4515:250:2:33:1:12
250,dpfi,33,atom_v,12,20260818:4515:250:2:33:2:12
250,dpfi,33,atom_h,13,20260818:4515:250:2:33:1:13
250,dpfi,33,atom_v,13,20260818:4515:250:2:33:2:13
250,dpfi,33,atom_h,14,20260818:4515:250:2:33:1:14
250,dpfi,33,atom_v,14,20260818:4515:250:2:33:2:14
250,dpfi,33,atom_h,15,20260818:4515:250:2:33:1:15
250,dpfi,33,atom_v,15,20260818:4515:250:2:33:2:15
250,dpfi,34,blank_h,0,20260818:4515:250:2:34:3:0
250,dpfi,34,blank_v,0,20260818:4515:250:2:34:4:0
250,dpfi,34,dark_h,0,20260818:4515:250:2:34:5:0
250,dpfi,34,dark_v,0,20260818:4515:250:2:34:6:0
250,dpfi,34,atom_h,1,20260818:4515:250:2:34:1:1
250,dpfi,34,atom_v,1,20260818:4515:250:2:34:2:1
250,dpfi,34,atom_h,2,20260818:4515:250:2:34:1:2
250,dpfi,34,atom_v,2,20260818:4515:250:2:34:2:2
250,dpfi,34,atom_h,3,20260818:4515:250:2:34:1:3
250,dpfi,34,atom_v,3,20260818:4515:250:2:34:2:3
250,dpfi,34,atom_h,4,20260818:4515:250:2:34:1:4
250,dpfi,34,atom_v,4,20260818:4515:250:2:34:2:4
250,dpfi,34,atom_h,5,20260818:4515:250:2:34:1:5
250,dpfi,34,atom_v,5,20260818:4515:250:2:34:2:5
250,dpfi,34,atom_h,6,20260818:4515:250:2:34:1:6
250,dpfi,34,atom_v,6,20260818:4515:250:2:34:2:6
250,dpfi,34,atom_h,7,20260818:4515:250:2:34:1:7
250,dpfi,34,atom_v,7,20260818:4515:250:2:34:2:7
250,dpfi,34,atom_h,8,20260818:4515:250:2:34:1:8
250,dpfi,34,atom_v,8,20260818:4515:250:2:34:2:8
250,dpfi,34,atom_h,9,20260818:4515:250:2:34:1:9
250,dpfi,34,atom_v,9,20260818:4515:250:2:34:2:9
250,dpfi,34,atom_h,10,20260818:4515:250:2:34:1:10
250,dpfi,34,atom_v,10,20260818:4515:250:2:34:2:10
250,dpfi,34,atom_h,11,20260818:4515:250:2:34:1:11
250,dpfi,34,atom_v,11,20260818:4515:250:2:34:2:11
250,dpfi,34,atom_h,12,20260818:4515:250:2:34:1:12
250,dpfi,34,atom_v,12,20260818:4515:250:2:34:2:12
250,dpfi,34,atom_h,13,20260818:4515:250:2:34:1:13
250,dpfi,34,atom_v,13,20260818:4515:250:2:34:2:13
250,dpfi,34,atom_h,14,20260818:4515:250:2:34:1:14
250,dpfi,34,atom_v,14,20260818:4515:250:2:34:2:14
250,dpfi,34,atom_h,15,20260818:4515:250:2:34:1:15
250,dpfi,34,atom_v,15,20260818:4515:250:2:34:2:15
250,dpfi,35,blank_h,0,20260818:4515:250:2:35:3:0
250,dpfi,35,blank_v,0,20260818:4515:250:2:35:4:0
250,dpfi,35,dark_h,0,20260818:4515:250:2:35:5:0
250,dpfi,35,dark_v,0,20260818:4515:250:2:35:6:0
250,dpfi,35,atom_h,1,20260818:4515:250:2:35:1:1
250,dpfi,35,atom_v,1,20260818:4515:250:2:35:2:1
250,dpfi,35,atom_h,2,20260818:4515:250:2:35:1:2
250,dpfi,35,atom_v,2,20260818:4515:250:2:35:2:2
250,dpfi,35,atom_h,3,20260818:4515:250:2:35:1:3
250,dpfi,35,atom_v,3,20260818:4515:250:2:35:2:3
250,dpfi,35,atom_h,4,20260818:4515:250:2:35:1:4
250,dpfi,35,atom_v,4,20260818:4515:250:2:35:2:4
250,dpfi,35,atom_h,5,20260818:4515:250:2:35:1:5
250,dpfi,35,atom_v,5,20260818:4515:250:2:35:2:5
250,dpfi,35,atom_h,6,20260818:4515:250:2:35:1:6
250,dpfi,35,atom_v,6,20260818:4515:250:2:35:2:6
250,dpfi,35,atom_h,7,20260818:4515:250:2:35:1:7
250,dpfi,35,atom_v,7,20260818:4515:250:2:35:2:7
250,dpfi,35,atom_h,8,20260818:4515:250:2:35:1:8
250,dpfi,35,atom_v,8,20260818:4515:250:2:35:2:8
250,dpfi,35,atom_h,9,20260818:4515:250:2:35:1:9
250,dpfi,35,atom_v,9,20260818:4515:250:2:35:2:9
250,dpfi,35,atom_h,10,20260818:4515:250:2:35:1:10
250,dpfi,35,atom_v,10,20260818:4515:250:2:35:2:10
250,dpfi,35,atom_h,11,20260818:4515:250:2:35:1:11
250,dpfi,35,atom_v,11,20260818:4515:250:2:35:2:11
250,dpfi,35,atom_h,12,20260818:4515:250:2:35:1:12
250,dpfi,35,atom_v,12,20260818:4515:250:2:35:2:12
250,dpfi,35,atom_h,13,20260818:4515:250:2:35:1:13
250,dpfi,35,atom_v,13,20260818:4515:250:2:35:2:13
250,dpfi,35,atom_h,14,20260818:4515:250:2:35:1:14
250,dpfi,35,atom_v,14,20260818:4515:250:2:35:2:14
250,dpfi,35,atom_h,15,20260818:4515:250:2:35:1:15
250,dpfi,35,atom_v,15,20260818:4515:250:2:35:2:15
250,dpfi,36,blank_h,0,20260818:4515:250:2:36:3:0
250,dpfi,36,blank_v,0,20260818:4515:250:2:36:4:0
250,dpfi,36,dark_h,0,20260818:4515:250:2:36:5:0
250,dpfi,36,dark_v,0,20260818:4515:250:2:36:6:0
250,dpfi,36,atom_h,1,20260818:4515:250:2:36:1:1
250,dpfi,36,atom_v,1,20260818:4515:250:2:36:2:1
250,dpfi,36,atom_h,2,20260818:4515:250:2:36:1:2
250,dpfi,36,atom_v,2,20260818:4515:250:2:36:2:2
250,dpfi,36,atom_h,3,20260818:4515:250:2:36:1:3
250,dpfi,36,atom_v,3,20260818:4515:250:2:36:2:3
250,dpfi,36,atom_h,4,20260818:4515:250:2:36:1:4
250,dpfi,36,atom_v,4,20260818:4515:250:2:36:2:4
250,dpfi,36,atom_h,5,20260818:4515:250:2:36:1:5
250,dpfi,36,atom_v,5,20260818:4515:250:2:36:2:5
250,dpfi,36,atom_h,6,20260818:4515:250:2:36:1:6
250,dpfi,36,atom_v,6,20260818:4515:250:2:36:2:6
250,dpfi,36,atom_h,7,20260818:4515:250:2:36:1:7
250,dpfi,36,atom_v,7,20260818:4515:250:2:36:2:7
250,dpfi,36,atom_h,8,20260818:4515:250:2:36:1:8
250,dpfi,36,atom_v,8,20260818:4515:250:2:36:2:8
250,dpfi,36,atom_h,9,20260818:4515:250:2:36:1:9
250,dpfi,36,atom_v,9,20260818:4515:250:2:36:2:9
250,dpfi,36,atom_h,10,20260818:4515:250:2:36:1:10
250,dpfi,36,atom_v,10,20260818:4515:250:2:36:2:10
250,dpfi,36,atom_h,11,20260818:4515:250:2:36:1:11
250,dpfi,36,atom_v,11,20260818:4515:250:2:36:2:11
250,dpfi,36,atom_h,12,20260818:4515:250:2:36:1:12
250,dpfi,36,atom_v,12,20260818:4515:250:2:36:2:12
250,dpfi,36,atom_h,13,20260818:4515:250:2:36:1:13
250,dpfi,36,atom_v,13,20260818:4515:250:2:36:2:13
250,dpfi,36,atom_h,14,20260818:4515:250:2:36:1:14
250,dpfi,36,atom_v,14,20260818:4515:250:2:36:2:14
250,dpfi,36,atom_h,15,20260818:4515:250:2:36:1:15
250,dpfi,36,atom_v,15,20260818:4515:250:2:36:2:15
250,dpfi,37,blank_h,0,20260818:4515:250:2:37:3:0
250,dpfi,37,blank_v,0,20260818:4515:250:2:37:4:0
250,dpfi,37,dark_h,0,20260818:4515:250:2:37:5:0
250,dpfi,37,dark_v,0,20260818:4515:250:2:37:6:0
250,dpfi,37,atom_h,1,20260818:4515:250:2:37:1:1
250,dpfi,37,atom_v,1,20260818:4515:250:2:37:2:1
250,dpfi,37,atom_h,2,20260818:4515:250:2:37:1:2
250,dpfi,37,atom_v,2,20260818:4515:250:2:37:2:2
250,dpfi,37,atom_h,3,20260818:4515:250:2:37:1:3
250,dpfi,37,atom_v,3,20260818:4515:250:2:37:2:3
250,dpfi,37,atom_h,4,20260818:4515:250:2:37:1:4
250,dpfi,37,atom_v,4,20260818:4515:250:2:37:2:4
250,dpfi,37,atom_h,5,20260818:4515:250:2:37:1:5
250,dpfi,37,atom_v,5,20260818:4515:250:2:37:2:5
250,dpfi,37,atom_h,6,20260818:4515:250:2:37:1:6
250,dpfi,37,atom_v,6,20260818:4515:250:2:37:2:6
250,dpfi,37,atom_h,7,20260818:4515:250:2:37:1:7
250,dpfi,37,atom_v,7,20260818:4515:250:2:37:2:7
250,dpfi,37,atom_h,8,20260818:4515:250:2:37:1:8
250,dpfi,37,atom_v,8,20260818:4515:250:2:37:2:8
250,dpfi,37,atom_h,9,20260818:4515:250:2:37:1:9
250,dpfi,37,atom_v,9,20260818:4515:250:2:37:2:9
250,dpfi,37,atom_h,10,20260818:4515:250:2:37:1:10
250,dpfi,37,atom_v,10,20260818:4515:250:2:37:2:10
250,dpfi,37,atom_h,11,20260818:4515:250:2:37:1:11
250,dpfi,37,atom_v,11,20260818:4515:250:2:37:2:11
250,dpfi,37,atom_h,12,20260818:4515:250:2:37:1:12
250,dpfi,37,atom_v,12,20260818:4515:250:2:37:2:12
250,dpfi,37,atom_h,13,20260818:4515:250:2:37:1:13
250,dpfi,37,atom_v,13,20260818:4515:250:2:37:2:13
250,dpfi,37,atom_h,14,20260818:4515:250:2:37:1:14
250,dpfi,37,atom_v,14,20260818:4515:250:2:37:2:14
250,dpfi,37,atom_h,15,20260818:4515:250:2:37:1:15
250,dpfi,37,atom_v,15,20260818:4515:250:2:37:2:15
250,dpfi,38,blank_h,0,20260818:4515:250:2:38:3:0
250,dpfi,38,blank_v,0,20260818:4515:250:2:38:4:0
250,dpfi,38,dark_h,0,20260818:4515:250:2:38:5:0
250,dpfi,38,dark_v,0,20260818:4515:250:2:38:6:0
250,dpfi,38,atom_h,1,20260818:4515:250:2:38:1:1
250,dpfi,38,atom_v,1,20260818:4515:250:2:38:2:1
250,dpfi,38,atom_h,2,20260818:4515:250:2:38:1:2
250,dpfi,38,atom_v,2,20260818:4515:250:2:38:2:2
250,dpfi,38,atom_h,3,20260818:4515:250:2:38:1:3
250,dpfi,38,atom_v,3,20260818:4515:250:2:38:2:3
250,dpfi,38,atom_h,4,20260818:4515:250:2:38:1:4
250,dpfi,38,atom_v,4,20260818:4515:250:2:38:2:4
250,dpfi,38,atom_h,5,20260818:4515:250:2:38:1:5
250,dpfi,38,atom_v,5,20260818:4515:250:2:38:2:5
250,dpfi,38,atom_h,6,20260818:4515:250:2:38:1:6
250,dpfi,38,atom_v,6,20260818:4515:250:2:38:2:6
250,dpfi,38,atom_h,7,20260818:4515:250:2:38:1:7
250,dpfi,38,atom_v,7,20260818:4515:250:2:38:2:7
250,dpfi,38,atom_h,8,20260818:4515:250:2:38:1:8
250,dpfi,38,atom_v,8,20260818:4515:250:2:38:2:8
250,dpfi,38,atom_h,9,20260818:4515:250:2:38:1:9
250,dpfi,38,atom_v,9,20260818:4515:250:2:38:2:9
250,dpfi,38,atom_h,10,20260818:4515:250:2:38:1:10
250,dpfi,38,atom_v,10,20260818:4515:250:2:38:2:10
250,dpfi,38,atom_h,11,20260818:4515:250:2:38:1:11
250,dpfi,38,atom_v,11,20260818:4515:250:2:38:2:11
250,dpfi,38,atom_h,12,20260818:4515:250:2:38:1:12
250,dpfi,38,atom_v,12,20260818:4515:250:2:38:2:12
250,dpfi,38,atom_h,13,20260818:4515:250:2:38:1:13
250,dpfi,38,atom_v,13,20260818:4515:250:2:38:2:13
250,dpfi,38,atom_h,14,20260818:4515:250:2:38:1:14
250,dpfi,38,atom_v,14,20260818:4515:250:2:38:2:14
250,dpfi,38,atom_h,15,20260818:4515:250:2:38:1:15
250,dpfi,38,atom_v,15,20260818:4515:250:2:38:2:15
250,dpfi,39,blank_h,0,20260818:4515:250:2:39:3:0
250,dpfi,39,blank_v,0,20260818:4515:250:2:39:4:0
250,dpfi,39,dark_h,0,20260818:4515:250:2:39:5:0
250,dpfi,39,dark_v,0,20260818:4515:250:2:39:6:0
250,dpfi,39,atom_h,1,20260818:4515:250:2:39:1:1
250,dpfi,39,atom_v,1,20260818:4515:250:2:39:2:1
250,dpfi,39,atom_h,2,20260818:4515:250:2:39:1:2
250,dpfi,39,atom_v,2,20260818:4515:250:2:39:2:2
250,dpfi,39,atom_h,3,20260818:4515:250:2:39:1:3
250,dpfi,39,atom_v,3,20260818:4515:250:2:39:2:3
250,dpfi,39,atom_h,4,20260818:4515:250:2:39:1:4
250,dpfi,39,atom_v,4,20260818:4515:250:2:39:2:4
250,dpfi,39,atom_h,5,20260818:4515:250:2:39:1:5
250,dpfi,39,atom_v,5,20260818:4515:250:2:39:2:5
250,dpfi,39,atom_h,6,20260818:4515:250:2:39:1:6
250,dpfi,39,atom_v,6,20260818:4515:250:2:39:2:6
250,dpfi,39,atom_h,7,20260818:4515:250:2:39:1:7
250,dpfi,39,atom_v,7,20260818:4515:250:2:39:2:7
250,dpfi,39,atom_h,8,20260818:4515:250:2:39:1:8
250,dpfi,39,atom_v,8,20260818:4515:250:2:39:2:8
250,dpfi,39,atom_h,9,20260818:4515:250:2:39:1:9
250,dpfi,39,atom_v,9,20260818:4515:250:2:39:2:9
250,dpfi,39,atom_h,10,20260818:4515:250:2:39:1:10
250,dpfi,39,atom_v,10,20260818:4515:250:2:39:2:10
250,dpfi,39,atom_h,11,20260818:4515:250:2:39:1:11
250,dpfi,39,atom_v,11,20260818:4515:250:2:39:2:11
250,dpfi,39,atom_h,12,20260818:4515:250:2:39:1:12
250,dpfi,39,atom_v,12,20260818:4515:250:2:39:2:12
250,dpfi,39,atom_h,13,20260818:4515:250:2:39:1:13
250,dpfi,39,atom_v,13,20260818:4515:250:2:39:2:13
250,dpfi,39,atom_h,14,20260818:4515:250:2:39:1:14
250,dpfi,39,atom_v,14,20260818:4515:250:2:39:2:14
250,dpfi,39,atom_h,15,20260818:4515:250:2:39:1:15
250,dpfi,39,atom_v,15,20260818:4515:250:2:39:2:15
250,dpfi,40,blank_h,0,20260818:4515:250:2:40:3:0
250,dpfi,40,blank_v,0,20260818:4515:250:2:40:4:0
250,dpfi,40,dark_h,0,20260818:4515:250:2:40:5:0
250,dpfi,40,dark_v,0,20260818:4515:250:2:40:6:0
250,dpfi,40,atom_h,1,20260818:4515:250:2:40:1:1
250,dpfi,40,atom_v,1,20260818:4515:250:2:40:2:1
250,dpfi,40,atom_h,2,20260818:4515:250:2:40:1:2
250,dpfi,40,atom_v,2,20260818:4515:250:2:40:2:2
250,dpfi,40,atom_h,3,20260818:4515:250:2:40:1:3
250,dpfi,40,atom_v,3,20260818:4515:250:2:40:2:3
250,dpfi,40,atom_h,4,20260818:4515:250:2:40:1:4
250,dpfi,40,atom_v,4,20260818:4515:250:2:40:2:4
250,dpfi,40,atom_h,5,20260818:4515:250:2:40:1:5
250,dpfi,40,atom_v,5,20260818:4515:250:2:40:2:5
250,dpfi,40,atom_h,6,20260818:4515:250:2:40:1:6
250,dpfi,40,atom_v,6,20260818:4515:250:2:40:2:6
250,dpfi,40,atom_h,7,20260818:4515:250:2:40:1:7
250,dpfi,40,atom_v,7,20260818:4515:250:2:40:2:7
250,dpfi,40,atom_h,8,20260818:4515:250:2:40:1:8
250,dpfi,40,atom_v,8,20260818:4515:250:2:40:2:8
250,dpfi,40,atom_h,9,20260818:4515:250:2:40:1:9
250,dpfi,40,atom_v,9,20260818:4515:250:2:40:2:9
250,dpfi,40,atom_h,10,20260818:4515:250:2:40:1:10
250,dpfi,40,atom_v,10,20260818:4515:250:2:40:2:10
250,dpfi,40,atom_h,11,20260818:4515:250:2:40:1:11
250,dpfi,40,atom_v,11,20260818:4515:250:2:40:2:11
250,dpfi,40,atom_h,12,20260818:4515:250:2:40:1:12
250,dpfi,40,atom_v,12,20260818:4515:250:2:40:2:12
250,dpfi,40,atom_h,13,20260818:4515:250:2:40:1:13
250,dpfi,40,atom_v,13,20260818:4515:250:2:40:2:13
250,dpfi,40,atom_h,14,20260818:4515:250:2:40:1:14
250,dpfi,40,atom_v,14,20260818:4515:250:2:40:2:14
250,dpfi,40,atom_h,15,20260818:4515:250:2:40:1:15
250,dpfi,40,atom_v,15,20260818:4515:250:2:40:2:15
250,dpfi,41,blank_h,0,20260818:4515:250:2:41:3:0
250,dpfi,41,blank_v,0,20260818:4515:250:2:41:4:0
250,dpfi,41,dark_h,0,20260818:4515:250:2:41:5:0
250,dpfi,41,dark_v,0,20260818:4515:250:2:41:6:0
250,dpfi,41,atom_h,1,20260818:4515:250:2:41:1:1
250,dpfi,41,atom_v,1,20260818:4515:250:2:41:2:1
250,dpfi,41,atom_h,2,20260818:4515:250:2:41:1:2
250,dpfi,41,atom_v,2,20260818:4515:250:2:41:2:2
250,dpfi,41,atom_h,3,20260818:4515:250:2:41:1:3
250,dpfi,41,atom_v,3,20260818:4515:250:2:41:2:3
250,dpfi,41,atom_h,4,20260818:4515:250:2:41:1:4
250,dpfi,41,atom_v,4,20260818:4515:250:2:41:2:4
250,dpfi,41,atom_h,5,20260818:4515:250:2:41:1:5
250,dpfi,41,atom_v,5,20260818:4515:250:2:41:2:5
250,dpfi,41,atom_h,6,20260818:4515:250:2:41:1:6
250,dpfi,41,atom_v,6,20260818:4515:250:2:41:2:6
250,dpfi,41,atom_h,7,20260818:4515:250:2:41:1:7
250,dpfi,41,atom_v,7,20260818:4515:250:2:41:2:7
250,dpfi,41,atom_h,8,20260818:4515:250:2:41:1:8
250,dpfi,41,atom_v,8,20260818:4515:250:2:41:2:8
250,dpfi,41,atom_h,9,20260818:4515:250:2:41:1:9
250,dpfi,41,atom_v,9,20260818:4515:250:2:41:2:9
250,dpfi,41,atom_h,10,20260818:4515:250:2:41:1:10
250,dpfi,41,atom_v,10,20260818:4515:250:2:41:2:10
250,dpfi,41,atom_h,11,20260818:4515:250:2:41:1:11
250,dpfi,41,atom_v,11,20260818:4515:250:2:41:2:11
250,dpfi,41,atom_h,12,20260818:4515:250:2:41:1:12
250,dpfi,41,atom_v,12,20260818:4515:250:2:41:2:12
250,dpfi,41,atom_h,13,20260818:4515:250:2:41:1:13
250,dpfi,41,atom_v,13,20260818:4515:250:2:41:2:13
250,dpfi,41,atom_h,14,20260818:4515:250:2:41:1:14
250,dpfi,41,atom_v,14,20260818:4515:250:2:41:2:14
250,dpfi,41,atom_h,15,20260818:4515:250:2:41:1:15
250,dpfi,41,atom_v,15,20260818:4515:250:2:41:2:15
250,dpfi,42,blank_h,0,20260818:4515:250:2:42:3:0
250,dpfi,42,blank_v,0,20260818:4515:250:2:42:4:0
250,dpfi,42,dark_h,0,20260818:4515:250:2:42:5:0
250,dpfi,42,dark_v,0,20260818:4515:250:2:42:6:0
250,dpfi,42,atom_h,1,20260818:4515:250:2:42:1:1
250,dpfi,42,atom_v,1,20260818:4515:250:2:42:2:1
250,dpfi,42,atom_h,2,20260818:4515:250:2:42:1:2
250,dpfi,42,atom_v,2,20260818:4515:250:2:42:2:2
250,dpfi,42,atom_h,3,20260818:4515:250:2:42:1:3
250,dpfi,42,atom_v,3,20260818:4515:250:2:42:2:3
250,dpfi,42,atom_h,4,20260818:4515:250:2:42:1:4
250,dpfi,42,atom_v,4,20260818:4515:250:2:42:2:4
250,dpfi,42,atom_h,5,20260818:4515:250:2:42:1:5
250,dpfi,42,atom_v,5,20260818:4515:250:2:42:2:5
250,dpfi,42,atom_h,6,20260818:4515:250:2:42:1:6
250,dpfi,42,atom_v,6,20260818:4515:250:2:42:2:6
250,dpfi,42,atom_h,7,20260818:4515:250:2:42:1:7
250,dpfi,42,atom_v,7,20260818:4515:250:2:42:2:7
250,dpfi,42,atom_h,8,20260818:4515:250:2:42:1:8
250,dpfi,42,atom_v,8,20260818:4515:250:2:42:2:8
250,dpfi,42,atom_h,9,20260818:4515:250:2:42:1:9
250,dpfi,42,atom_v,9,20260818:4515:250:2:42:2:9
250,dpfi,42,atom_h,10,20260818:4515:250:2:42:1:10
250,dpfi,42,atom_v,10,20260818:4515:250:2:42:2:10
250,dpfi,42,atom_h,11,20260818:4515:250:2:42:1:11
250,dpfi,42,atom_v,11,20260818:4515:250:2:42:2:11
250,dpfi,42,atom_h,12,20260818:4515:250:2:42:1:12
250,dpfi,42,atom_v,12,20260818:4515:250:2:42:2:12
250,dpfi,42,atom_h,13,20260818:4515:250:2:42:1:13
250,dpfi,42,atom_v,13,20260818:4515:250:2:42:2:13
250,dpfi,42,atom_h,14,20260818:4515:250:2:42:1:14
250,dpfi,42,atom_v,14,20260818:4515:250:2:42:2:14
250,dpfi,42,atom_h,15,20260818:4515:250:2:42:1:15
250,dpfi,42,atom_v,15,20260818:4515:250:2:42:2:15
250,dpfi,43,blank_h,0,20260818:4515:250:2:43:3:0
250,dpfi,43,blank_v,0,20260818:4515:250:2:43:4:0
250,dpfi,43,dark_h,0,20260818:4515:250:2:43:5:0
250,dpfi,43,dark_v,0,20260818:4515:250:2:43:6:0
250,dpfi,43,atom_h,1,20260818:4515:250:2:43:1:1
250,dpfi,43,atom_v,1,20260818:4515:250:2:43:2:1
250,dpfi,43,atom_h,2,20260818:4515:250:2:43:1:2
250,dpfi,43,atom_v,2,20260818:4515:250:2:43:2:2
250,dpfi,43,atom_h,3,20260818:4515:250:2:43:1:3
250,dpfi,43,atom_v,3,20260818:4515:250:2:43:2:3
250,dpfi,43,atom_h,4,20260818:4515:250:2:43:1:4
250,dpfi,43,atom_v,4,20260818:4515:250:2:43:2:4
250,dpfi,43,atom_h,5,20260818:4515:250:2:43:1:5
250,dpfi,43,atom_v,5,20260818:4515:250:2:43:2:5
250,dpfi,43,atom_h,6,20260818:4515:250:2:43:1:6
250,dpfi,43,atom_v,6,20260818:4515:250:2:43:2:6
250,dpfi,43,atom_h,7,20260818:4515:250:2:43:1:7
250,dpfi,43,atom_v,7,20260818:4515:250:2:43:2:7
250,dpfi,43,atom_h,8,20260818:4515:250:2:43:1:8
250,dpfi,43,atom_v,8,20260818:4515:250:2:43:2:8
250,dpfi,43,atom_h,9,20260818:4515:250:2:43:1:9
250,dpfi,43,atom_v,9,20260818:4515:250:2:43:2:9
250,dpfi,43,atom_h,10,20260818:4515:250:2:43:1:10
250,dpfi,43,atom_v,10,20260818:4515:250:2:43:2:10
250,dpfi,43,atom_h,11,20260818:4515:250:2:43:1:11
250,dpfi,43,atom_v,11,20260818:4515:250:2:43:2:11
250,dpfi,43,atom_h,12,20260818:4515:250:2:43:1:12
250,dpfi,43,atom_v,12,20260818:4515:250:2:43:2:12
250,dpfi,43,atom_h,13,20260818:4515:250:2:43:1:13
250,dpfi,43,atom_v,13,20260818:4515:250:2:43:2:13
250,dpfi,43,atom_h,14,20260818:4515:250:2:43:1:14
250,dpfi,43,atom_v,14,20260818:4515:250:2:43:2:14
250,dpfi,43,atom_h,15,20260818:4515:250:2:43:1:15
250,dpfi,43,atom_v,15,20260818:4515:250:2:43:2:15
250,dpfi,44,blank_h,0,20260818:4515:250:2:44:3:0
250,dpfi,44,blank_v,0,20260818:4515:250:2:44:4:0
250,dpfi,44,dark_h,0,20260818:4515:250:2:44:5:0
250,dpfi,44,dark_v,0,20260818:4515:250:2:44:6:0
250,dpfi,44,atom_h,1,20260818:4515:250:2:44:1:1
250,dpfi,44,atom_v,1,20260818:4515:250:2:44:2:1
250,dpfi,44,atom_h,2,20260818:4515:250:2:44:1:2
250,dpfi,44,atom_v,2,20260818:4515:250:2:44:2:2
250,dpfi,44,atom_h,3,20260818:4515:250:2:44:1:3
250,dpfi,44,atom_v,3,20260818:4515:250:2:44:2:3
250,dpfi,44,atom_h,4,20260818:4515:250:2:44:1:4
250,dpfi,44,atom_v,4,20260818:4515:250:2:44:2:4
250,dpfi,44,atom_h,5,20260818:4515:250:2:44:1:5
250,dpfi,44,atom_v,5,20260818:4515:250:2:44:2:5
250,dpfi,44,atom_h,6,20260818:4515:250:2:44:1:6
250,dpfi,44,atom_v,6,20260818:4515:250:2:44:2:6
250,dpfi,44,atom_h,7,20260818:4515:250:2:44:1:7
250,dpfi,44,atom_v,7,20260818:4515:250:2:44:2:7
250,dpfi,44,atom_h,8,20260818:4515:250:2:44:1:8
250,dpfi,44,atom_v,8,20260818:4515:250:2:44:2:8
250,dpfi,44,atom_h,9,20260818:4515:250:2:44:1:9
250,dpfi,44,atom_v,9,20260818:4515:250:2:44:2:9
250,dpfi,44,atom_h,10,20260818:4515:250:2:44:1:10
250,dpfi,44,atom_v,10,20260818:4515:250:2:44:2:10
250,dpfi,44,atom_h,11,20260818:4515:250:2:44:1:11
250,dpfi,44,atom_v,11,20260818:4515:250:2:44:2:11
250,dpfi,44,atom_h,12,20260818:4515:250:2:44:1:12
250,dpfi,44,atom_v,12,20260818:4515:250:2:44:2:12
250,dpfi,44,atom_h,13,20260818:4515:250:2:44:1:13
250,dpfi,44,atom_v,13,20260818:4515:250:2:44:2:13
250,dpfi,44,atom_h,14,20260818:4515:250:2:44:1:14
250,dpfi,44,atom_v,14,20260818:4515:250:2:44:2:14
250,dpfi,44,atom_h,15,20260818:4515:250:2:44:1:15
250,dpfi,44,atom_v,15,20260818:4515:250:2:44:2:15
250,dpfi,45,blank_h,0,20260818:4515:250:2:45:3:0
250,dpfi,45,blank_v,0,20260818:4515:250:2:45:4:0
250,dpfi,45,dark_h,0,20260818:4515:250:2:45:5:0
250,dpfi,45,dark_v,0,20260818:4515:250:2:45:6:0
250,dpfi,45,atom_h,1,20260818:4515:250:2:45:1:1
250,dpfi,45,atom_v,1,20260818:4515:250:2:45:2:1
250,dpfi,45,atom_h,2,20260818:4515:250:2:45:1:2
250,dpfi,45,atom_v,2,20260818:4515:250:2:45:2:2
250,dpfi,45,atom_h,3,20260818:4515:250:2:45:1:3
250,dpfi,45,atom_v,3,20260818:4515:250:2:45:2:3
250,dpfi,45,atom_h,4,20260818:4515:250:2:45:1:4
250,dpfi,45,atom_v,4,20260818:4515:250:2:45:2:4
250,dpfi,45,atom_h,5,20260818:4515:250:2:45:1:5
250,dpfi,45,atom_v,5,20260818:4515:250:2:45:2:5
250,dpfi,45,atom_h,6,20260818:4515:250:2:45:1:6
250,dpfi,45,atom_v,6,20260818:4515:250:2:45:2:6
250,dpfi,45,atom_h,7,20260818:4515:250:2:45:1:7
250,dpfi,45,atom_v,7,20260818:4515:250:2:45:2:7
250,dpfi,45,atom_h,8,20260818:4515:250:2:45:1:8
250,dpfi,45,atom_v,8,20260818:4515:250:2:45:2:8
250,dpfi,45,atom_h,9,20260818:4515:250:2:45:1:9
250,dpfi,45,atom_v,9,20260818:4515:250:2:45:2:9
250,dpfi,45,atom_h,10,20260818:4515:250:2:45:1:10
250,dpfi,45,atom_v,10,20260818:4515:250:2:45:2:10
250,dpfi,45,atom_h,11,20260818:4515:250:2:45:1:11
250,dpfi,45,atom_v,11,20260818:4515:250:2:45:2:11
250,dpfi,45,atom_h,12,20260818:4515:250:2:45:1:12
250,dpfi,45,atom_v,12,20260818:4515:250:2:45:2:12
250,dpfi,45,atom_h,13,20260818:4515:250:2:45:1:13
250,dpfi,45,atom_v,13,20260818:4515:250:2:45:2:13
250,dpfi,45,atom_h,14,20260818:4515:250:2:45:1:14
250,dpfi,45,atom_v,14,20260818:4515:250:2:45:2:14
250,dpfi,45,atom_h,15,20260818:4515:250:2:45:1:15
250,dpfi,45,atom_v,15,20260818:4515:250:2:45:2:15
250,dpfi,46,blank_h,0,20260818:4515:250:2:46:3:0
250,dpfi,46,blank_v,0,20260818:4515:250:2:46:4:0
250,dpfi,46,dark_h,0,20260818:4515:250:2:46:5:0
250,dpfi,46,dark_v,0,20260818:4515:250:2:46:6:0
250,dpfi,46,atom_h,1,20260818:4515:250:2:46:1:1
250,dpfi,46,atom_v,1,20260818:4515:250:2:46:2:1
250,dpfi,46,atom_h,2,20260818:4515:250:2:46:1:2
250,dpfi,46,atom_v,2,20260818:4515:250:2:46:2:2
250,dpfi,46,atom_h,3,20260818:4515:250:2:46:1:3
250,dpfi,46,atom_v,3,20260818:4515:250:2:46:2:3
250,dpfi,46,atom_h,4,20260818:4515:250:2:46:1:4
250,dpfi,46,atom_v,4,20260818:4515:250:2:46:2:4
250,dpfi,46,atom_h,5,20260818:4515:250:2:46:1:5
250,dpfi,46,atom_v,5,20260818:4515:250:2:46:2:5
250,dpfi,46,atom_h,6,20260818:4515:250:2:46:1:6
250,dpfi,46,atom_v,6,20260818:4515:250:2:46:2:6
250,dpfi,46,atom_h,7,20260818:4515:250:2:46:1:7
250,dpfi,46,atom_v,7,20260818:4515:250:2:46:2:7
250,dpfi,46,atom_h,8,20260818:4515:250:2:46:1:8
250,dpfi,46,atom_v,8,20260818:4515:250:2:46:2:8
250,dpfi,46,atom_h,9,20260818:4515:250:2:46:1:9
250,dpfi,46,atom_v,9,20260818:4515:250:2:46:2:9
250,dpfi,46,atom_h,10,20260818:4515:250:2:46:1:10
250,dpfi,46,atom_v,10,20260818:4515:250:2:46:2:10
250,dpfi,46,atom_h,11,20260818:4515:250:2:46:1:11
250,dpfi,46,atom_v,11,20260818:4515:250:2:46:2:11
250,dpfi,46,atom_h,12,20260818:4515:250:2:46:1:12
250,dpfi,46,atom_v,12,20260818:4515:250:2:46:2:12
250,dpfi,46,atom_h,13,20260818:4515:250:2:46:1:13
250,dpfi,46,atom_v,13,20260818:4515:250:2:46:2:13
250,dpfi,46,atom_h,14,20260818:4515:250:2:46:1:14
250,dpfi,46,atom_v,14,20260818:4515:250:2:46:2:14
250,dpfi,46,atom_h,15,20260818:4515:250:2:46:1:15
250,dpfi,46,atom_v,15,20260818:4515:250:2:46:2:15
250,dpfi,47,blank_h,0,20260818:4515:250:2:47:3:0
250,dpfi,47,blank_v,0,20260818:4515:250:2:47:4:0
250,dpfi,47,dark_h,0,20260818:4515:250:2:47:5:0
250,dpfi,47,dark_v,0,20260818:4515:250:2:47:6:0
250,dpfi,47,atom_h,1,20260818:4515:250:2:47:1:1
250,dpfi,47,atom_v,1,20260818:4515:250:2:47:2:1
250,dpfi,47,atom_h,2,20260818:4515:250:2:47:1:2
250,dpfi,47,atom_v,2,20260818:4515:250:2:47:2:2
250,dpfi,47,atom_h,3,20260818:4515:250:2:47:1:3
250,dpfi,47,atom_v,3,20260818:4515:250:2:47:2:3
250,dpfi,47,atom_h,4,20260818:4515:250:2:47:1:4
250,dpfi,47,atom_v,4,20260818:4515:250:2:47:2:4
250,dpfi,47,atom_h,5,20260818:4515:250:2:47:1:5
250,dpfi,47,atom_v,5,20260818:4515:250:2:47:2:5
250,dpfi,47,atom_h,6,20260818:4515:250:2:47:1:6
250,dpfi,47,atom_v,6,20260818:4515:250:2:47:2:6
250,dpfi,47,atom_h,7,20260818:4515:250:2:47:1:7
250,dpfi,47,atom_v,7,20260818:4515:250:2:47:2:7
250,dpfi,47,atom_h,8,20260818:4515:250:2:47:1:8
250,dpfi,47,atom_v,8,20260818:4515:250:2:47:2:8
250,dpfi,47,atom_h,9,20260818:4515:250:2:47:1:9
250,dpfi,47,atom_v,9,20260818:4515:250:2:47:2:9
250,dpfi,47,atom_h,10,20260818:4515:250:2:47:1:10
250,dpfi,47,atom_v,10,20260818:4515:250:2:47:2:10
250,dpfi,47,atom_h,11,20260818:4515:250:2:47:1:11
250,dpfi,47,atom_v,11,20260818:4515:250:2:47:2:11
250,dpfi,47,atom_h,12,20260818:4515:250:2:47:1:12
250,dpfi,47,atom_v,12,20260818:4515:250:2:47:2:12
250,dpfi,47,atom_h,13,20260818:4515:250:2:47:1:13
250,dpfi,47,atom_v,13,20260818:4515:250:2:47:2:13
250,dpfi,47,atom_h,14,20260818:4515:250:2:47:1:14
250,dpfi,47,atom_v,14,20260818:4515:250:2:47:2:14
250,dpfi,47,atom_h,15,20260818:4515:250:2:47:1:15
250,dpfi,47,atom_v,15,20260818:4515:250:2:47:2:15
250,dpfi,48,blank_h,0,20260818:4515:250:2:48:3:0
250,dpfi,48,blank_v,0,20260818:4515:250:2:48:4:0
250,dpfi,48,dark_h,0,20260818:4515:250:2:48:5:0
250,dpfi,48,dark_v,0,20260818:4515:250:2:48:6:0
250,dpfi,48,atom_h,1,20260818:4515:250:2:48:1:1
250,dpfi,48,atom_v,1,20260818:4515:250:2:48:2:1
250,dpfi,48,atom_h,2,20260818:4515:250:2:48:1:2
250,dpfi,48,atom_v,2,20260818:4515:250:2:48:2:2
250,dpfi,48,atom_h,3,20260818:4515:250:2:48:1:3
250,dpfi,48,atom_v,3,20260818:4515:250:2:48:2:3
250,dpfi,48,atom_h,4,20260818:4515:250:2:48:1:4
250,dpfi,48,atom_v,4,20260818:4515:250:2:48:2:4
250,dpfi,48,atom_h,5,20260818:4515:250:2:48:1:5
250,dpfi,48,atom_v,5,20260818:4515:250:2:48:2:5
250,dpfi,48,atom_h,6,20260818:4515:250:2:48:1:6
250,dpfi,48,atom_v,6,20260818:4515:250:2:48:2:6
250,dpfi,48,atom_h,7,20260818:4515:250:2:48:1:7
250,dpfi,48,atom_v,7,20260818:4515:250:2:48:2:7
250,dpfi,48,atom_h,8,20260818:4515:250:2:48:1:8
250,dpfi,48,atom_v,8,20260818:4515:250:2:48:2:8
250,dpfi,48,atom_h,9,20260818:4515:250:2:48:1:9
250,dpfi,48,atom_v,9,20260818:4515:250:2:48:2:9
250,dpfi,48,atom_h,10,20260818:4515:250:2:48:1:10
250,dpfi,48,atom_v,10,20260818:4515:250:2:48:2:10
250,dpfi,48,atom_h,11,20260818:4515:250:2:48:1:11
250,dpfi,48,atom_v,11,20260818:4515:250:2:48:2:11
250,dpfi,48,atom_h,12,20260818:4515:250:2:48:1:12
250,dpfi,48,atom_v,12,20260818:4515:250:2:48:2:12
250,dpfi,48,atom_h,13,20260818:4515:250:2:48:1:13
250,dpfi,48,atom_v,13,20260818:4515:250:2:48:2:13
250,dpfi,48,atom_h,14,20260818:4515:250:2:48:1:14
250,dpfi,48,atom_v,14,20260818:4515:250:2:48:2:14
250,dpfi,48,atom_h,15,20260818:4515:250:2:48:1:15
250,dpfi,48,atom_v,15,20260818:4515:250:2:48:2:15
250,dpfi,49,blank_h,0,20260818:4515:250:2:49:3:0
250,dpfi,49,blank_v,0,20260818:4515:250:2:49:4:0
250,dpfi,49,dark_h,0,20260818:4515:250:2:49:5:0
250,dpfi,49,dark_v,0,20260818:4515:250:2:49:6:0
250,dpfi,49,atom_h,1,20260818:4515:250:2:49:1:1
250,dpfi,49,atom_v,1,20260818:4515:250:2:49:2:1
250,dpfi,49,atom_h,2,20260818:4515:250:2:49:1:2
250,dpfi,49,atom_v,2,20260818:4515:250:2:49:2:2
250,dpfi,49,atom_h,3,20260818:4515:250:2:49:1:3
250,dpfi,49,atom_v,3,20260818:4515:250:2:49:2:3
250,dpfi,49,atom_h,4,20260818:4515:250:2:49:1:4
250,dpfi,49,atom_v,4,20260818:4515:250:2:49:2:4
250,dpfi,49,atom_h,5,20260818:4515:250:2:49:1:5
250,dpfi,49,atom_v,5,20260818:4515:250:2:49:2:5
250,dpfi,49,atom_h,6,20260818:4515:250:2:49:1:6
250,dpfi,49,atom_v,6,20260818:4515:250:2:49:2:6
250,dpfi,49,atom_h,7,20260818:4515:250:2:49:1:7
250,dpfi,49,atom_v,7,20260818:4515:250:2:49:2:7
250,dpfi,49,atom_h,8,20260818:4515:250:2:49:1:8
250,dpfi,49,atom_v,8,20260818:4515:250:2:49:2:8
250,dpfi,49,atom_h,9,20260818:4515:250:2:49:1:9
250,dpfi,49,atom_v,9,20260818:4515:250:2:49:2:9
250,dpfi,49,atom_h,10,20260818:4515:250:2:49:1:10
250,dpfi,49,atom_v,10,20260818:4515:250:2:49:2:10
250,dpfi,49,atom_h,11,20260818:4515:250:2:49:1:11
250,dpfi,49,atom_v,11,20260818:4515:250:2:49:2:11
250,dpfi,49,atom_h,12,20260818:4515:250:2:49:1:12
250,dpfi,49,atom_v,12,20260818:4515:250:2:49:2:12
250,dpfi,49,atom_h,13,20260818:4515:250:2:49:1:13
250,dpfi,49,atom_v,13,20260818:4515:250:2:49:2:13
250,dpfi,49,atom_h,14,20260818:4515:250:2:49:1:14
250,dpfi,49,atom_v,14,20260818:4515:250:2:49:2:14
250,dpfi,49,atom_h,15,20260818:4515:250:2:49:1:15
250,dpfi,49,atom_v,15,20260818:4515:250:2:49:2:15
250,dpfi,50,blank_h,0,20260818:4515:250:2:50:3:0
250,dpfi,50,blank_v,0,20260818:4515:250:2:50:4:0
250,dpfi,50,dark_h,0,20260818:4515:250:2:50:5:0
250,dpfi,50,dark_v,0,20260818:4515:250:2:50:6:0
250,dpfi,50,atom_h,1,20260818:4515:250:2:50:1:1
250,dpfi,50,atom_v,1,20260818:4515:250:2:50:2:1
250,dpfi,50,atom_h,2,20260818:4515:250:2:50:1:2
250,dpfi,50,atom_v,2,20260818:4515:250:2:50:2:2
250,dpfi,50,atom_h,3,20260818:4515:250:2:50:1:3
250,dpfi,50,atom_v,3,20260818:4515:250:2:50:2:3
250,dpfi,50,atom_h,4,20260818:4515:250:2:50:1:4
250,dpfi,50,atom_v,4,20260818:4515:250:2:50:2:4
250,dpfi,50,atom_h,5,20260818:4515:250:2:50:1:5
250,dpfi,50,atom_v,5,20260818:4515:250:2:50:2:5
250,dpfi,50,atom_h,6,20260818:4515:250:2:50:1:6
250,dpfi,50,atom_v,6,20260818:4515:250:2:50:2:6
250,dpfi,50,atom_h,7,20260818:4515:250:2:50:1:7
250,dpfi,50,atom_v,7,20260818:4515:250:2:50:2:7
250,dpfi,50,atom_h,8,20260818:4515:250:2:50:1:8
250,dpfi,50,atom_v,8,20260818:4515:250:2:50:2:8
250,dpfi,50,atom_h,9,20260818:4515:250:2:50:1:9
250,dpfi,50,atom_v,9,20260818:4515:250:2:50:2:9
250,dpfi,50,atom_h,10,20260818:4515:250:2:50:1:10
250,dpfi,50,atom_v,10,20260818:4515:250:2:50:2:10
250,dpfi,50,atom_h,11,20260818:4515:250:2:50:1:11
250,dpfi,50,atom_v,11,20260818:4515:250:2:50:2:11
250,dpfi,50,atom_h,12,20260818:4515:250:2:50:1:12
250,dpfi,50,atom_v,12,20260818:4515:250:2:50:2:12
250,dpfi,50,atom_h,13,20260818:4515:250:2:50:1:13
250,dpfi,50,atom_v,13,20260818:4515:250:2:50:2:13
250,dpfi,50,atom_h,14,20260818:4515:250:2:50:1:14
250,dpfi,50,atom_v,14,20260818:4515:250:2:50:2:14
250,dpfi,50,atom_h,15,20260818:4515:250:2:50:1:15
250,dpfi,50,atom_v,15,20260818:4515:250:2:50:2:15
250,dpfi,51,blank_h,0,20260818:4515:250:2:51:3:0
250,dpfi,51,blank_v,0,20260818:4515:250:2:51:4:0
250,dpfi,51,dark_h,0,20260818:4515:250:2:51:5:0
250,dpfi,51,dark_v,0,20260818:4515:250:2:51:6:0
250,dpfi,51,atom_h,1,20260818:4515:250:2:51:1:1
250,dpfi,51,atom_v,1,20260818:4515:250:2:51:2:1
250,dpfi,51,atom_h,2,20260818:4515:250:2:51:1:2
250,dpfi,51,atom_v,2,20260818:4515:250:2:51:2:2
250,dpfi,51,atom_h,3,20260818:4515:250:2:51:1:3
250,dpfi,51,atom_v,3,20260818:4515:250:2:51:2:3
250,dpfi,51,atom_h,4,20260818:4515:250:2:51:1:4
250,dpfi,51,atom_v,4,20260818:4515:250:2:51:2:4
250,dpfi,51,atom_h,5,20260818:4515:250:2:51:1:5
250,dpfi,51,atom_v,5,20260818:4515:250:2:51:2:5
250,dpfi,51,atom_h,6,20260818:4515:250:2:51:1:6
250,dpfi,51,atom_v,6,20260818:4515:250:2:51:2:6
250,dpfi,51,atom_h,7,20260818:4515:250:2:51:1:7
250,dpfi,51,atom_v,7,20260818:4515:250:2:51:2:7
250,dpfi,51,atom_h,8,20260818:4515:250:2:51:1:8
250,dpfi,51,atom_v,8,20260818:4515:250:2:51:2:8
250,dpfi,51,atom_h,9,20260818:4515:250:2:51:1:9
250,dpfi,51,atom_v,9,20260818:4515:250:2:51:2:9
250,dpfi,51,atom_h,10,20260818:4515:250:2:51:1:10
250,dpfi,51,atom_v,10,20260818:4515:250:2:51:2:10
250,dpfi,51,atom_h,11,20260818:4515:250:2:51:1:11
250,dpfi,51,atom_v,11,20260818:4515:250:2:51:2:11
250,dpfi,51,atom_h,12,20260818:4515:250:2:51:1:12
250,dpfi,51,atom_v,12,20260818:4515:250:2:51:2:12
250,dpfi,51,atom_h,13,20260818:4515:250:2:51:1:13
250,dpfi,51,atom_v,13,20260818:4515:250:2:51:2:13
250,dpfi,51,atom_h,14,20260818:4515:250:2:51:1:14
250,dpfi,51,atom_v,14,20260818:4515:250:2:51:2:14
250,dpfi,51,atom_h,15,20260818:4515:250:2:51:1:15
250,dpfi,51,atom_v,15,20260818:4515:250:2:51:2:15
250,dpfi,52,blank_h,0,20260818:4515:250:2:52:3:0
250,dpfi,52,blank_v,0,20260818:4515:250:2:52:4:0
250,dpfi,52,dark_h,0,20260818:4515:250:2:52:5:0
250,dpfi,52,dark_v,0,20260818:4515:250:2:52:6:0
250,dpfi,52,atom_h,1,20260818:4515:250:2:52:1:1
250,dpfi,52,atom_v,1,20260818:4515:250:2:52:2:1
250,dpfi,52,atom_h,2,20260818:4515:250:2:52:1:2
250,dpfi,52,atom_v,2,20260818:4515:250:2:52:2:2
250,dpfi,52,atom_h,3,20260818:4515:250:2:52:1:3
250,dpfi,52,atom_v,3,20260818:4515:250:2:52:2:3
250,dpfi,52,atom_h,4,20260818:4515:250:2:52:1:4
250,dpfi,52,atom_v,4,20260818:4515:250:2:52:2:4
250,dpfi,52,atom_h,5,20260818:4515:250:2:52:1:5
250,dpfi,52,atom_v,5,20260818:4515:250:2:52:2:5
250,dpfi,52,atom_h,6,20260818:4515:250:2:52:1:6
250,dpfi,52,atom_v,6,20260818:4515:250:2:52:2:6
250,dpfi,52,atom_h,7,20260818:4515:250:2:52:1:7
250,dpfi,52,atom_v,7,20260818:4515:250:2:52:2:7
250,dpfi,52,atom_h,8,20260818:4515:250:2:52:1:8
250,dpfi,52,atom_v,8,20260818:4515:250:2:52:2:8
250,dpfi,52,atom_h,9,20260818:4515:250:2:52:1:9
250,dpfi,52,atom_v,9,20260818:4515:250:2:52:2:9
250,dpfi,52,atom_h,10,20260818:4515:250:2:52:1:10
250,dpfi,52,atom_v,10,20260818:4515:250:2:52:2:10
250,dpfi,52,atom_h,11,20260818:4515:250:2:52:1:11
250,dpfi,52,atom_v,11,20260818:4515:250:2:52:2:11
250,dpfi,52,atom_h,12,20260818:4515:250:2:52:1:12
250,dpfi,52,atom_v,12,20260818:4515:250:2:52:2:12
250,dpfi,52,atom_h,13,20260818:4515:250:2:52:1:13
250,dpfi,52,atom_v,13,20260818:4515:250:2:52:2:13
250,dpfi,52,atom_h,14,20260818:4515:250:2:52:1:14
250,dpfi,52,atom_v,14,20260818:4515:250:2:52:2:14
250,dpfi,52,atom_h,15,20260818:4515:250:2:52:1:15
250,dpfi,52,atom_v,15,20260818:4515:250:2:52:2:15
250,dpfi,53,blank_h,0,20260818:4515:250:2:53:3:0
250,dpfi,53,blank_v,0,20260818:4515:250:2:53:4:0
250,dpfi,53,dark_h,0,20260818:4515:250:2:53:5:0
250,dpfi,53,dark_v,0,20260818:4515:250:2:53:6:0
250,dpfi,53,atom_h,1,20260818:4515:250:2:53:1:1
250,dpfi,53,atom_v,1,20260818:4515:250:2:53:2:1
250,dpfi,53,atom_h,2,20260818:4515:250:2:53:1:2
250,dpfi,53,atom_v,2,20260818:4515:250:2:53:2:2
250,dpfi,53,atom_h,3,20260818:4515:250:2:53:1:3
250,dpfi,53,atom_v,3,20260818:4515:250:2:53:2:3
250,dpfi,53,atom_h,4,20260818:4515:250:2:53:1:4
250,dpfi,53,atom_v,4,20260818:4515:250:2:53:2:4
250,dpfi,53,atom_h,5,20260818:4515:250:2:53:1:5
250,dpfi,53,atom_v,5,20260818:4515:250:2:53:2:5
250,dpfi,53,atom_h,6,20260818:4515:250:2:53:1:6
250,dpfi,53,atom_v,6,20260818:4515:250:2:53:2:6
250,dpfi,53,atom_h,7,20260818:4515:250:2:53:1:7
250,dpfi,53,atom_v,7,20260818:4515:250:2:53:2:7
250,dpfi,53,atom_h,8,20260818:4515:250:2:53:1:8
250,dpfi,53,atom_v,8,20260818:4515:250:2:53:2:8
250,dpfi,53,atom_h,9,20260818:4515:250:2:53:1:9
250,dpfi,53,atom_v,9,20260818:4515:250:2:53:2:9
250,dpfi,53,atom_h,10,20260818:4515:250:2:53:1:10
250,dpfi,53,atom_v,10,20260818:4515:250:2:53:2:10
250,dpfi,53,atom_h,11,20260818:4515:250:2:53:1:11
250,dpfi,53,atom_v,11,20260818:4515:250:2:53:2:11
250,dpfi,53,atom_h,12,20260818:4515:250:2:53:1:12
250,dpfi,53,atom_v,12,20260818:4515:250:2:53:2:12
250,dpfi,53,atom_h,13,20260818:4515:250:2:53:1:13
250,dpfi,53,atom_v,13,20260818:4515:250:2:53:2:13
250,dpfi,53,atom_h,14,20260818:4515:250:2:53:1:14
250,dpfi,53,atom_v,14,20260818:4515:250:2:53:2:14
250,dpfi,53,atom_h,15,20260818:4515:250:2:53:1:15
250,dpfi,53,atom_v,15,20260818:4515:250:2:53:2:15
250,dpfi,54,blank_h,0,20260818:4515:250:2:54:3:0
250,dpfi,54,blank_v,0,20260818:4515:250:2:54:4:0
250,dpfi,54,dark_h,0,20260818:4515:250:2:54:5:0
250,dpfi,54,dark_v,0,20260818:4515:250:2:54:6:0
250,dpfi,54,atom_h,1,20260818:4515:250:2:54:1:1
250,dpfi,54,atom_v,1,20260818:4515:250:2:54:2:1
250,dpfi,54,atom_h,2,20260818:4515:250:2:54:1:2
250,dpfi,54,atom_v,2,20260818:4515:250:2:54:2:2
250,dpfi,54,atom_h,3,20260818:4515:250:2:54:1:3
250,dpfi,54,atom_v,3,20260818:4515:250:2:54:2:3
250,dpfi,54,atom_h,4,20260818:4515:250:2:54:1:4
250,dpfi,54,atom_v,4,20260818:4515:250:2:54:2:4
250,dpfi,54,atom_h,5,20260818:4515:250:2:54:1:5
250,dpfi,54,atom_v,5,20260818:4515:250:2:54:2:5
250,dpfi,54,atom_h,6,20260818:4515:250:2:54:1:6
250,dpfi,54,atom_v,6,20260818:4515:250:2:54:2:6
250,dpfi,54,atom_h,7,20260818:4515:250:2:54:1:7
250,dpfi,54,atom_v,7,20260818:4515:250:2:54:2:7
250,dpfi,54,atom_h,8,20260818:4515:250:2:54:1:8
250,dpfi,54,atom_v,8,20260818:4515:250:2:54:2:8
250,dpfi,54,atom_h,9,20260818:4515:250:2:54:1:9
250,dpfi,54,atom_v,9,20260818:4515:250:2:54:2:9
250,dpfi,54,atom_h,10,20260818:4515:250:2:54:1:10
250,dpfi,54,atom_v,10,20260818:4515:250:2:54:2:10
250,dpfi,54,atom_h,11,20260818:4515:250:2:54:1:11
250,dpfi,54,atom_v,11,20260818:4515:250:2:54:2:11
250,dpfi,54,atom_h,12,20260818:4515:250:2:54:1:12
250,dpfi,54,atom_v,12,20260818:4515:250:2:54:2:12
250,dpfi,54,atom_h,13,20260818:4515:250:2:54:1:13
250,dpfi,54,atom_v,13,20260818:4515:250:2:54:2:13
250,dpfi,54,atom_h,14,20260818:4515:250:2:54:1:14
250,dpfi,54,atom_v,14,20260818:4515:250:2:54:2:14
250,dpfi,54,atom_h,15,20260818:4515:250:2:54:1:15
250,dpfi,54,atom_v,15,20260818:4515:250:2:54:2:15
250,dpfi,55,blank_h,0,20260818:4515:250:2:55:3:0
250,dpfi,55,blank_v,0,20260818:4515:250:2:55:4:0
250,dpfi,55,dark_h,0,20260818:4515:250:2:55:5:0
250,dpfi,55,dark_v,0,20260818:4515:250:2:55:6:0
250,dpfi,55,atom_h,1,20260818:4515:250:2:55:1:1
250,dpfi,55,atom_v,1,20260818:4515:250:2:55:2:1
250,dpfi,55,atom_h,2,20260818:4515:250:2:55:1:2
250,dpfi,55,atom_v,2,20260818:4515:250:2:55:2:2
250,dpfi,55,atom_h,3,20260818:4515:250:2:55:1:3
250,dpfi,55,atom_v,3,20260818:4515:250:2:55:2:3
250,dpfi,55,atom_h,4,20260818:4515:250:2:55:1:4
250,dpfi,55,atom_v,4,20260818:4515:250:2:55:2:4
250,dpfi,55,atom_h,5,20260818:4515:250:2:55:1:5
250,dpfi,55,atom_v,5,20260818:4515:250:2:55:2:5
250,dpfi,55,atom_h,6,20260818:4515:250:2:55:1:6
250,dpfi,55,atom_v,6,20260818:4515:250:2:55:2:6
250,dpfi,55,atom_h,7,20260818:4515:250:2:55:1:7
250,dpfi,55,atom_v,7,20260818:4515:250:2:55:2:7
250,dpfi,55,atom_h,8,20260818:4515:250:2:55:1:8
250,dpfi,55,atom_v,8,20260818:4515:250:2:55:2:8
250,dpfi,55,atom_h,9,20260818:4515:250:2:55:1:9
250,dpfi,55,atom_v,9,20260818:4515:250:2:55:2:9
250,dpfi,55,atom_h,10,20260818:4515:250:2:55:1:10
250,dpfi,55,atom_v,10,20260818:4515:250:2:55:2:10
250,dpfi,55,atom_h,11,20260818:4515:250:2:55:1:11
250,dpfi,55,atom_v,11,20260818:4515:250:2:55:2:11
250,dpfi,55,atom_h,12,20260818:4515:250:2:55:1:12
250,dpfi,55,atom_v,12,20260818:4515:250:2:55:2:12
250,dpfi,55,atom_h,13,20260818:4515:250:2:55:1:13
250,dpfi,55,atom_v,13,20260818:4515:250:2:55:2:13
250,dpfi,55,atom_h,14,20260818:4515:250:2:55:1:14
250,dpfi,55,atom_v,14,20260818:4515:250:2:55:2:14
250,dpfi,55,atom_h,15,20260818:4515:250:2:55:1:15
250,dpfi,55,atom_v,15,20260818:4515:250:2:55:2:15
250,dpfi,56,blank_h,0,20260818:4515:250:2:56:3:0
250,dpfi,56,blank_v,0,20260818:4515:250:2:56:4:0
250,dpfi,56,dark_h,0,20260818:4515:250:2:56:5:0
250,dpfi,56,dark_v,0,20260818:4515:250:2:56:6:0
250,dpfi,56,atom_h,1,20260818:4515:250:2:56:1:1
250,dpfi,56,atom_v,1,20260818:4515:250:2:56:2:1
250,dpfi,56,atom_h,2,20260818:4515:250:2:56:1:2
250,dpfi,56,atom_v,2,20260818:4515:250:2:56:2:2
250,dpfi,56,atom_h,3,20260818:4515:250:2:56:1:3
250,dpfi,56,atom_v,3,20260818:4515:250:2:56:2:3
250,dpfi,56,atom_h,4,20260818:4515:250:2:56:1:4
250,dpfi,56,atom_v,4,20260818:4515:250:2:56:2:4
250,dpfi,56,atom_h,5,20260818:4515:250:2:56:1:5
250,dpfi,56,atom_v,5,20260818:4515:250:2:56:2:5
250,dpfi,56,atom_h,6,20260818:4515:250:2:56:1:6
250,dpfi,56,atom_v,6,20260818:4515:250:2:56:2:6
250,dpfi,56,atom_h,7,20260818:4515:250:2:56:1:7
250,dpfi,56,atom_v,7,20260818:4515:250:2:56:2:7
250,dpfi,56,atom_h,8,20260818:4515:250:2:56:1:8
250,dpfi,56,atom_v,8,20260818:4515:250:2:56:2:8
250,dpfi,56,atom_h,9,20260818:4515:250:2:56:1:9
250,dpfi,56,atom_v,9,20260818:4515:250:2:56:2:9
250,dpfi,56,atom_h,10,20260818:4515:250:2:56:1:10
250,dpfi,56,atom_v,10,20260818:4515:250:2:56:2:10
250,dpfi,56,atom_h,11,20260818:4515:250:2:56:1:11
250,dpfi,56,atom_v,11,20260818:4515:250:2:56:2:11
250,dpfi,56,atom_h,12,20260818:4515:250:2:56:1:12
250,dpfi,56,atom_v,12,20260818:4515:250:2:56:2:12
250,dpfi,56,atom_h,13,20260818:4515:250:2:56:1:13
250,dpfi,56,atom_v,13,20260818:4515:250:2:56:2:13
250,dpfi,56,atom_h,14,20260818:4515:250:2:56:1:14
250,dpfi,56,atom_v,14,20260818:4515:250:2:56:2:14
250,dpfi,56,atom_h,15,20260818:4515:250:2:56:1:15
250,dpfi,56,atom_v,15,20260818:4515:250:2:56:2:15
250,dpfi,57,blank_h,0,20260818:4515:250:2:57:3:0
250,dpfi,57,blank_v,0,20260818:4515:250:2:57:4:0
250,dpfi,57,dark_h,0,20260818:4515:250:2:57:5:0
250,dpfi,57,dark_v,0,20260818:4515:250:2:57:6:0
250,dpfi,57,atom_h,1,20260818:4515:250:2:57:1:1
250,dpfi,57,atom_v,1,20260818:4515:250:2:57:2:1
250,dpfi,57,atom_h,2,20260818:4515:250:2:57:1:2
250,dpfi,57,atom_v,2,20260818:4515:250:2:57:2:2
250,dpfi,57,atom_h,3,20260818:4515:250:2:57:1:3
250,dpfi,57,atom_v,3,20260818:4515:250:2:57:2:3
250,dpfi,57,atom_h,4,20260818:4515:250:2:57:1:4
250,dpfi,57,atom_v,4,20260818:4515:250:2:57:2:4
250,dpfi,57,atom_h,5,20260818:4515:250:2:57:1:5
250,dpfi,57,atom_v,5,20260818:4515:250:2:57:2:5
250,dpfi,57,atom_h,6,20260818:4515:250:2:57:1:6
250,dpfi,57,atom_v,6,20260818:4515:250:2:57:2:6
250,dpfi,57,atom_h,7,20260818:4515:250:2:57:1:7
250,dpfi,57,atom_v,7,20260818:4515:250:2:57:2:7
250,dpfi,57,atom_h,8,20260818:4515:250:2:57:1:8
250,dpfi,57,atom_v,8,20260818:4515:250:2:57:2:8
250,dpfi,57,atom_h,9,20260818:4515:250:2:57:1:9
250,dpfi,57,atom_v,9,20260818:4515:250:2:57:2:9
250,dpfi,57,atom_h,10,20260818:4515:250:2:57:1:10
250,dpfi,57,atom_v,10,20260818:4515:250:2:57:2:10
250,dpfi,57,atom_h,11,20260818:4515:250:2:57:1:11
250,dpfi,57,atom_v,11,20260818:4515:250:2:57:2:11
250,dpfi,57,atom_h,12,20260818:4515:250:2:57:1:12
250,dpfi,57,atom_v,12,20260818:4515:250:2:57:2:12
250,dpfi,57,atom_h,13,20260818:4515:250:2:57:1:13
250,dpfi,57,atom_v,13,20260818:4515:250:2:57:2:13
250,dpfi,57,atom_h,14,20260818:4515:250:2:57:1:14
250,dpfi,57,atom_v,14,20260818:4515:250:2:57:2:14
250,dpfi,57,atom_h,15,20260818:4515:250:2:57:1:15
250,dpfi,57,atom_v,15,20260818:4515:250:2:57:2:15
250,dpfi,58,blank_h,0,20260818:4515:250:2:58:3:0
250,dpfi,58,blank_v,0,20260818:4515:250:2:58:4:0
250,dpfi,58,dark_h,0,20260818:4515:250:2:58:5:0
250,dpfi,58,dark_v,0,20260818:4515:250:2:58:6:0
250,dpfi,58,atom_h,1,20260818:4515:250:2:58:1:1
250,dpfi,58,atom_v,1,20260818:4515:250:2:58:2:1
250,dpfi,58,atom_h,2,20260818:4515:250:2:58:1:2
250,dpfi,58,atom_v,2,20260818:4515:250:2:58:2:2
250,dpfi,58,atom_h,3,20260818:4515:250:2:58:1:3
250,dpfi,58,atom_v,3,20260818:4515:250:2:58:2:3
250,dpfi,58,atom_h,4,20260818:4515:250:2:58:1:4
250,dpfi,58,atom_v,4,20260818:4515:250:2:58:2:4
250,dpfi,58,atom_h,5,20260818:4515:250:2:58:1:5
250,dpfi,58,atom_v,5,20260818:4515:250:2:58:2:5
250,dpfi,58,atom_h,6,20260818:4515:250:2:58:1:6
250,dpfi,58,atom_v,6,20260818:4515:250:2:58:2:6
250,dpfi,58,atom_h,7,20260818:4515:250:2:58:1:7
250,dpfi,58,atom_v,7,20260818:4515:250:2:58:2:7
250,dpfi,58,atom_h,8,20260818:4515:250:2:58:1:8
250,dpfi,58,atom_v,8,20260818:4515:250:2:58:2:8
250,dpfi,58,atom_h,9,20260818:4515:250:2:58:1:9
250,dpfi,58,atom_v,9,20260818:4515:250:2:58:2:9
250,dpfi,58,atom_h,10,20260818:4515:250:2:58:1:10
250,dpfi,58,atom_v,10,20260818:4515:250:2:58:2:10
250,dpfi,58,atom_h,11,20260818:4515:250:2:58:1:11
250,dpfi,58,atom_v,11,20260818:4515:250:2:58:2:11
250,dpfi,58,atom_h,12,20260818:4515:250:2:58:1:12
250,dpfi,58,atom_v,12,20260818:4515:250:2:58:2:12
250,dpfi,58,atom_h,13,20260818:4515:250:2:58:1:13
250,dpfi,58,atom_v,13,20260818:4515:250:2:58:2:13
250,dpfi,58,atom_h,14,20260818:4515:250:2:58:1:14
250,dpfi,58,atom_v,14,20260818:4515:250:2:58:2:14
250,dpfi,58,atom_h,15,20260818:4515:250:2:58:1:15
250,dpfi,58,atom_v,15,20260818:4515:250:2:58:2:15
250,dpfi,59,blank_h,0,20260818:4515:250:2:59:3:0
250,dpfi,59,blank_v,0,20260818:4515:250:2:59:4:0
250,dpfi,59,dark_h,0,20260818:4515:250:2:59:5:0
250,dpfi,59,dark_v,0,20260818:4515:250:2:59:6:0
250,dpfi,59,atom_h,1,20260818:4515:250:2:59:1:1
250,dpfi,59,atom_v,1,20260818:4515:250:2:59:2:1
250,dpfi,59,atom_h,2,20260818:4515:250:2:59:1:2
250,dpfi,59,atom_v,2,20260818:4515:250:2:59:2:2
250,dpfi,59,atom_h,3,20260818:4515:250:2:59:1:3
250,dpfi,59,atom_v,3,20260818:4515:250:2:59:2:3
250,dpfi,59,atom_h,4,20260818:4515:250:2:59:1:4
250,dpfi,59,atom_v,4,20260818:4515:250:2:59:2:4
250,dpfi,59,atom_h,5,20260818:4515:250:2:59:1:5
250,dpfi,59,atom_v,5,20260818:4515:250:2:59:2:5
250,dpfi,59,atom_h,6,20260818:4515:250:2:59:1:6
250,dpfi,59,atom_v,6,20260818:4515:250:2:59:2:6
250,dpfi,59,atom_h,7,20260818:4515:250:2:59:1:7
250,dpfi,59,atom_v,7,20260818:4515:250:2:59:2:7
250,dpfi,59,atom_h,8,20260818:4515:250:2:59:1:8
250,dpfi,59,atom_v,8,20260818:4515:250:2:59:2:8
250,dpfi,59,atom_h,9,20260818:4515:250:2:59:1:9
250,dpfi,59,atom_v,9,20260818:4515:250:2:59:2:9
250,dpfi,59,atom_h,10,20260818:4515:250:2:59:1:10
250,dpfi,59,atom_v,10,20260818:4515:250:2:59:2:10
250,dpfi,59,atom_h,11,20260818:4515:250:2:59:1:11
250,dpfi,59,atom_v,11,20260818:4515:250:2:59:2:11
250,dpfi,59,atom_h,12,20260818:4515:250:2:59:1:12
250,dpfi,59,atom_v,12,20260818:4515:250:2:59:2:12
250,dpfi,59,atom_h,13,20260818:4515:250:2:59:1:13
250,dpfi,59,atom_v,13,20260818:4515:250:2:59:2:13
250,dpfi,59,atom_h,14,20260818:4515:250:2:59:1:14
250,dpfi,59,atom_v,14,20260818:4515:250:2:59:2:14
250,dpfi,59,atom_h,15,20260818:4515:250:2:59:1:15
250,dpfi,59,atom_v,15,20260818:4515:250:2:59:2:15
250,dpfi,60,blank_h,0,20260818:4515:250:2:60:3:0
250,dpfi,60,blank_v,0,20260818:4515:250:2:60:4:0
250,dpfi,60,dark_h,0,20260818:4515:250:2:60:5:0
250,dpfi,60,dark_v,0,20260818:4515:250:2:60:6:0
250,dpfi,60,atom_h,1,20260818:4515:250:2:60:1:1
250,dpfi,60,atom_v,1,20260818:4515:250:2:60:2:1
250,dpfi,60,atom_h,2,20260818:4515:250:2:60:1:2
250,dpfi,60,atom_v,2,20260818:4515:250:2:60:2:2
250,dpfi,60,atom_h,3,20260818:4515:250:2:60:1:3
250,dpfi,60,atom_v,3,20260818:4515:250:2:60:2:3
250,dpfi,60,atom_h,4,20260818:4515:250:2:60:1:4
250,dpfi,60,atom_v,4,20260818:4515:250:2:60:2:4
250,dpfi,60,atom_h,5,20260818:4515:250:2:60:1:5
250,dpfi,60,atom_v,5,20260818:4515:250:2:60:2:5
250,dpfi,60,atom_h,6,20260818:4515:250:2:60:1:6
250,dpfi,60,atom_v,6,20260818:4515:250:2:60:2:6
250,dpfi,60,atom_h,7,20260818:4515:250:2:60:1:7
250,dpfi,60,atom_v,7,20260818:4515:250:2:60:2:7
250,dpfi,60,atom_h,8,20260818:4515:250:2:60:1:8
250,dpfi,60,atom_v,8,20260818:4515:250:2:60:2:8
250,dpfi,60,atom_h,9,20260818:4515:250:2:60:1:9
250,dpfi,60,atom_v,9,20260818:4515:250:2:60:2:9
250,dpfi,60,atom_h,10,20260818:4515:250:2:60:1:10
250,dpfi,60,atom_v,10,20260818:4515:250:2:60:2:10
250,dpfi,60,atom_h,11,20260818:4515:250:2:60:1:11
250,dpfi,60,atom_v,11,20260818:4515:250:2:60:2:11
250,dpfi,60,atom_h,12,20260818:4515:250:2:60:1:12
250,dpfi,60,atom_v,12,20260818:4515:250:2:60:2:12
250,dpfi,60,atom_h,13,20260818:4515:250:2:60:1:13
250,dpfi,60,atom_v,13,20260818:4515:250:2:60:2:13
250,dpfi,60,atom_h,14,20260818:4515:250:2:60:1:14
250,dpfi,60,atom_v,14,20260818:4515:250:2:60:2:14
250,dpfi,60,atom_h,15,20260818:4515:250:2:60:1:15
250,dpfi,60,atom_v,15,20260818:4515:250:2:60:2:15
250,dpfi,61,blank_h,0,20260818:4515:250:2:61:3:0
250,dpfi,61,blank_v,0,20260818:4515:250:2:61:4:0
250,dpfi,61,dark_h,0,20260818:4515:250:2:61:5:0
250,dpfi,61,dark_v,0,20260818:4515:250:2:61:6:0
250,dpfi,61,atom_h,1,20260818:4515:250:2:61:1:1
250,dpfi,61,atom_v,1,20260818:4515:250:2:61:2:1
250,dpfi,61,atom_h,2,20260818:4515:250:2:61:1:2
250,dpfi,61,atom_v,2,20260818:4515:250:2:61:2:2
250,dpfi,61,atom_h,3,20260818:4515:250:2:61:1:3
250,dpfi,61,atom_v,3,20260818:4515:250:2:61:2:3
250,dpfi,61,atom_h,4,20260818:4515:250:2:61:1:4
250,dpfi,61,atom_v,4,20260818:4515:250:2:61:2:4
250,dpfi,61,atom_h,5,20260818:4515:250:2:61:1:5
250,dpfi,61,atom_v,5,20260818:4515:250:2:61:2:5
250,dpfi,61,atom_h,6,20260818:4515:250:2:61:1:6
250,dpfi,61,atom_v,6,20260818:4515:250:2:61:2:6
250,dpfi,61,atom_h,7,20260818:4515:250:2:61:1:7
250,dpfi,61,atom_v,7,20260818:4515:250:2:61:2:7
250,dpfi,61,atom_h,8,20260818:4515:250:2:61:1:8
250,dpfi,61,atom_v,8,20260818:4515:250:2:61:2:8
250,dpfi,61,atom_h,9,20260818:4515:250:2:61:1:9
250,dpfi,61,atom_v,9,20260818:4515:250:2:61:2:9
250,dpfi,61,atom_h,10,20260818:4515:250:2:61:1:10
250,dpfi,61,atom_v,10,20260818:4515:250:2:61:2:10
250,dpfi,61,atom_h,11,20260818:4515:250:2:61:1:11
250,dpfi,61,atom_v,11,20260818:4515:250:2:61:2:11
250,dpfi,61,atom_h,12,20260818:4515:250:2:61:1:12
250,dpfi,61,atom_v,12,20260818:4515:250:2:61:2:12
250,dpfi,61,atom_h,13,20260818:4515:250:2:61:1:13
250,dpfi,61,atom_v,13,20260818:4515:250:2:61:2:13
250,dpfi,61,atom_h,14,20260818:4515:250:2:61:1:14
250,dpfi,61,atom_v,14,20260818:4515:250:2:61:2:14
250,dpfi,61,atom_h,15,20260818:4515:250:2:61:1:15
250,dpfi,61,atom_v,15,20260818:4515:250:2:61:2:15
250,dpfi,62,blank_h,0,20260818:4515:250:2:62:3:0
250,dpfi,62,blank_v,0,20260818:4515:250:2:62:4:0
250,dpfi,62,dark_h,0,20260818:4515:250:2:62:5:0
250,dpfi,62,dark_v,0,20260818:4515:250:2:62:6:0
250,dpfi,62,atom_h,1,20260818:4515:250:2:62:1:1
250,dpfi,62,atom_v,1,20260818:4515:250:2:62:2:1
250,dpfi,62,atom_h,2,20260818:4515:250:2:62:1:2
250,dpfi,62,atom_v,2,20260818:4515:250:2:62:2:2
250,dpfi,62,atom_h,3,20260818:4515:250:2:62:1:3
250,dpfi,62,atom_v,3,20260818:4515:250:2:62:2:3
250,dpfi,62,atom_h,4,20260818:4515:250:2:62:1:4
250,dpfi,62,atom_v,4,20260818:4515:250:2:62:2:4
250,dpfi,62,atom_h,5,20260818:4515:250:2:62:1:5
250,dpfi,62,atom_v,5,20260818:4515:250:2:62:2:5
250,dpfi,62,atom_h,6,20260818:4515:250:2:62:1:6
250,dpfi,62,atom_v,6,20260818:4515:250:2:62:2:6
250,dpfi,62,atom_h,7,20260818:4515:250:2:62:1:7
250,dpfi,62,atom_v,7,20260818:4515:250:2:62:2:7
250,dpfi,62,atom_h,8,20260818:4515:250:2:62:1:8
250,dpfi,62,atom_v,8,20260818:4515:250:2:62:2:8
250,dpfi,62,atom_h,9,20260818:4515:250:2:62:1:9
250,dpfi,62,atom_v,9,20260818:4515:250:2:62:2:9
250,dpfi,62,atom_h,10,20260818:4515:250:2:62:1:10
250,dpfi,62,atom_v,10,20260818:4515:250:2:62:2:10
250,dpfi,62,atom_h,11,20260818:4515:250:2:62:1:11
250,dpfi,62,atom_v,11,20260818:4515:250:2:62:2:11
250,dpfi,62,atom_h,12,20260818:4515:250:2:62:1:12
250,dpfi,62,atom_v,12,20260818:4515:250:2:62:2:12
250,dpfi,62,atom_h,13,20260818:4515:250:2:62:1:13
250,dpfi,62,atom_v,13,20260818:4515:250:2:62:2:13
250,dpfi,62,atom_h,14,20260818:4515:250:2:62:1:14
250,dpfi,62,atom_v,14,20260818:4515:250:2:62:2:14
250,dpfi,62,atom_h,15,20260818:4515:250:2:62:1:15
250,dpfi,62,atom_v,15,20260818:4515:250:2:62:2:15
250,dpfi,63,blank_h,0,20260818:4515:250:2:63:3:0
250,dpfi,63,blank_v,0,20260818:4515:250:2:63:4:0
250,dpfi,63,dark_h,0,20260818:4515:250:2:63:5:0
250,dpfi,63,dark_v,0,20260818:4515:250:2:63:6:0
250,dpfi,63,atom_h,1,20260818:4515:250:2:63:1:1
250,dpfi,63,atom_v,1,20260818:4515:250:2:63:2:1
250,dpfi,63,atom_h,2,20260818:4515:250:2:63:1:2
250,dpfi,63,atom_v,2,20260818:4515:250:2:63:2:2
250,dpfi,63,atom_h,3,20260818:4515:250:2:63:1:3
250,dpfi,63,atom_v,3,20260818:4515:250:2:63:2:3
250,dpfi,63,atom_h,4,20260818:4515:250:2:63:1:4
250,dpfi,63,atom_v,4,20260818:4515:250:2:63:2:4
250,dpfi,63,atom_h,5,20260818:4515:250:2:63:1:5
250,dpfi,63,atom_v,5,20260818:4515:250:2:63:2:5
250,dpfi,63,atom_h,6,20260818:4515:250:2:63:1:6
250,dpfi,63,atom_v,6,20260818:4515:250:2:63:2:6
250,dpfi,63,atom_h,7,20260818:4515:250:2:63:1:7
250,dpfi,63,atom_v,7,20260818:4515:250:2:63:2:7
250,dpfi,63,atom_h,8,20260818:4515:250:2:63:1:8
250,dpfi,63,atom_v,8,20260818:4515:250:2:63:2:8
250,dpfi,63,atom_h,9,20260818:4515:250:2:63:1:9
250,dpfi,63,atom_v,9,20260818:4515:250:2:63:2:9
250,dpfi,63,atom_h,10,20260818:4515:250:2:63:1:10
250,dpfi,63,atom_v,10,20260818:4515:250:2:63:2:10
250,dpfi,63,atom_h,11,20260818:4515:250:2:63:1:11
250,dpfi,63,atom_v,11,20260818:4515:250:2:63:2:11
250,dpfi,63,atom_h,12,20260818:4515:250:2:63:1:12
250,dpfi,63,atom_v,12,20260818:4515:250:2:63:2:12
250,dpfi,63,atom_h,13,20260818:4515:250:2:63:1:13
250,dpfi,63,atom_v,13,20260818:4515:250:2:63:2:13
250,dpfi,63,atom_h,14,20260818:4515:250:2:63:1:14
250,dpfi,63,atom_v,14,20260818:4515:250:2:63:2:14
250,dpfi,63,atom_h,15,20260818:4515:250:2:63:1:15
250,dpfi,63,atom_v,15,20260818:4515:250:2:63:2:15
300,dpfi,0,blank_h,0,20260818:4515:300:2:0:3:0
300,dpfi,0,blank_v,0,20260818:4515:300:2:0:4:0
300,dpfi,0,dark_h,0,20260818:4515:300:2:0:5:0
300,dpfi,0,dark_v,0,20260818:4515:300:2:0:6:0
300,dpfi,0,atom_h,1,20260818:4515:300:2:0:1:1
300,dpfi,0,atom_v,1,20260818:4515:300:2:0:2:1
300,dpfi,0,atom_h,2,20260818:4515:300:2:0:1:2
300,dpfi,0,atom_v,2,20260818:4515:300:2:0:2:2
300,dpfi,0,atom_h,3,20260818:4515:300:2:0:1:3
300,dpfi,0,atom_v,3,20260818:4515:300:2:0:2:3
300,dpfi,0,atom_h,4,20260818:4515:300:2:0:1:4
300,dpfi,0,atom_v,4,20260818:4515:300:2:0:2:4
300,dpfi,0,atom_h,5,20260818:4515:300:2:0:1:5
300,dpfi,0,atom_v,5,20260818:4515:300:2:0:2:5
300,dpfi,0,atom_h,6,20260818:4515:300:2:0:1:6
300,dpfi,0,atom_v,6,20260818:4515:300:2:0:2:6
300,dpfi,0,atom_h,7,20260818:4515:300:2:0:1:7
300,dpfi,0,atom_v,7,20260818:4515:300:2:0:2:7
300,dpfi,0,atom_h,8,20260818:4515:300:2:0:1:8
300,dpfi,0,atom_v,8,20260818:4515:300:2:0:2:8
300,dpfi,0,atom_h,9,20260818:4515:300:2:0:1:9
300,dpfi,0,atom_v,9,20260818:4515:300:2:0:2:9
300,dpfi,0,atom_h,10,20260818:4515:300:2:0:1:10
300,dpfi,0,atom_v,10,20260818:4515:300:2:0:2:10
300,dpfi,0,atom_h,11,20260818:4515:300:2:0:1:11
300,dpfi,0,atom_v,11,20260818:4515:300:2:0:2:11
300,dpfi,0,atom_h,12,20260818:4515:300:2:0:1:12
300,dpfi,0,atom_v,12,20260818:4515:300:2:0:2:12
300,dpfi,0,atom_h,13,20260818:4515:300:2:0:1:13
300,dpfi,0,atom_v,13,20260818:4515:300:2:0:2:13
300,dpfi,0,atom_h,14,20260818:4515:300:2:0:1:14
300,dpfi,0,atom_v,14,20260818:4515:300:2:0:2:14
300,dpfi,0,atom_h,15,20260818:4515:300:2:0:1:15
300,dpfi,0,atom_v,15,20260818:4515:300:2:0:2:15
300,dpfi,1,blank_h,0,20260818:4515:300:2:1:3:0
300,dpfi,1,blank_v,0,20260818:4515:300:2:1:4:0
300,dpfi,1,dark_h,0,20260818:4515:300:2:1:5:0
300,dpfi,1,dark_v,0,20260818:4515:300:2:1:6:0
300,dpfi,1,atom_h,1,20260818:4515:300:2:1:1:1
300,dpfi,1,atom_v,1,20260818:4515:300:2:1:2:1
300,dpfi,1,atom_h,2,20260818:4515:300:2:1:1:2
300,dpfi,1,atom_v,2,20260818:4515:300:2:1:2:2
300,dpfi,1,atom_h,3,20260818:4515:300:2:1:1:3
300,dpfi,1,atom_v,3,20260818:4515:300:2:1:2:3
300,dpfi,1,atom_h,4,20260818:4515:300:2:1:1:4
300,dpfi,1,atom_v,4,20260818:4515:300:2:1:2:4
300,dpfi,1,atom_h,5,20260818:4515:300:2:1:1:5
300,dpfi,1,atom_v,5,20260818:4515:300:2:1:2:5
300,dpfi,1,atom_h,6,20260818:4515:300:2:1:1:6
300,dpfi,1,atom_v,6,20260818:4515:300:2:1:2:6
300,dpfi,1,atom_h,7,20260818:4515:300:2:1:1:7
300,dpfi,1,atom_v,7,20260818:4515:300:2:1:2:7
300,dpfi,1,atom_h,8,20260818:4515:300:2:1:1:8
300,dpfi,1,atom_v,8,20260818:4515:300:2:1:2:8
300,dpfi,1,atom_h,9,20260818:4515:300:2:1:1:9
300,dpfi,1,atom_v,9,20260818:4515:300:2:1:2:9
300,dpfi,1,atom_h,10,20260818:4515:300:2:1:1:10
300,dpfi,1,atom_v,10,20260818:4515:300:2:1:2:10
300,dpfi,1,atom_h,11,20260818:4515:300:2:1:1:11
300,dpfi,1,atom_v,11,20260818:4515:300:2:1:2:11
300,dpfi,1,atom_h,12,20260818:4515:300:2:1:1:12
300,dpfi,1,atom_v,12,20260818:4515:300:2:1:2:12
300,dpfi,1,atom_h,13,20260818:4515:300:2:1:1:13
300,dpfi,1,atom_v,13,20260818:4515:300:2:1:2:13
300,dpfi,1,atom_h,14,20260818:4515:300:2:1:1:14
300,dpfi,1,atom_v,14,20260818:4515:300:2:1:2:14
300,dpfi,1,atom_h,15,20260818:4515:300:2:1:1:15
300,dpfi,1,atom_v,15,20260818:4515:300:2:1:2:15
300,dpfi,2,blank_h,0,20260818:4515:300:2:2:3:0
300,dpfi,2,blank_v,0,20260818:4515:300:2:2:4:0
300,dpfi,2,dark_h,0,20260818:4515:300:2:2:5:0
300,dpfi,2,dark_v,0,20260818:4515:300:2:2:6:0
300,dpfi,2,atom_h,1,20260818:4515:300:2:2:1:1
300,dpfi,2,atom_v,1,20260818:4515:300:2:2:2:1
300,dpfi,2,atom_h,2,20260818:4515:300:2:2:1:2
300,dpfi,2,atom_v,2,20260818:4515:300:2:2:2:2
300,dpfi,2,atom_h,3,20260818:4515:300:2:2:1:3
300,dpfi,2,atom_v,3,20260818:4515:300:2:2:2:3
300,dpfi,2,atom_h,4,20260818:4515:300:2:2:1:4
300,dpfi,2,atom_v,4,20260818:4515:300:2:2:2:4
300,dpfi,2,atom_h,5,20260818:4515:300:2:2:1:5
300,dpfi,2,atom_v,5,20260818:4515:300:2:2:2:5
300,dpfi,2,atom_h,6,20260818:4515:300:2:2:1:6
300,dpfi,2,atom_v,6,20260818:4515:300:2:2:2:6
300,dpfi,2,atom_h,7,20260818:4515:300:2:2:1:7
300,dpfi,2,atom_v,7,20260818:4515:300:2:2:2:7
300,dpfi,2,atom_h,8,20260818:4515:300:2:2:1:8
300,dpfi,2,atom_v,8,20260818:4515:300:2:2:2:8
300,dpfi,2,atom_h,9,20260818:4515:300:2:2:1:9
300,dpfi,2,atom_v,9,20260818:4515:300:2:2:2:9
300,dpfi,2,atom_h,10,20260818:4515:300:2:2:1:10
300,dpfi,2,atom_v,10,20260818:4515:300:2:2:2:10
300,dpfi,2,atom_h,11,20260818:4515:300:2:2:1:11
300,dpfi,2,atom_v,11,20260818:4515:300:2:2:2:11
300,dpfi,2,atom_h,12,20260818:4515:300:2:2:1:12
300,dpfi,2,atom_v,12,20260818:4515:300:2:2:2:12
300,dpfi,2,atom_h,13,20260818:4515:300:2:2:1:13
300,dpfi,2,atom_v,13,20260818:4515:300:2:2:2:13
300,dpfi,2,atom_h,14,20260818:4515:300:2:2:1:14
300,dpfi,2,atom_v,14,20260818:4515:300:2:2:2:14
300,dpfi,2,atom_h,15,20260818:4515:300:2:2:1:15
300,dpfi,2,atom_v,15,20260818:4515:300:2:2:2:15
300,dpfi,3,blank_h,0,20260818:4515:300:2:3:3:0
300,dpfi,3,blank_v,0,20260818:4515:300:2:3:4:0
300,dpfi,3,dark_h,0,20260818:4515:300:2:3:5:0
300,dpfi,3,dark_v,0,20260818:4515:300:2:3:6:0
300,dpfi,3,atom_h,1,20260818:4515:300:2:3:1:1
300,dpfi,3,atom_v,1,20260818:4515:300:2:3:2:1
300,dpfi,3,atom_h,2,20260818:4515:300:2:3:1:2
300,dpfi,3,atom_v,2,20260818:4515:300:2:3:2:2
300,dpfi,3,atom_h,3,20260818:4515:300:2:3:1:3
300,dpfi,3,atom_v,3,20260818:4515:300:2:3:2:3
300,dpfi,3,atom_h,4,20260818:4515:300:2:3:1:4
300,dpfi,3,atom_v,4,20260818:4515:300:2:3:2:4
300,dpfi,3,atom_h,5,20260818:4515:300:2:3:1:5
300,dpfi,3,atom_v,5,20260818:4515:300:2:3:2:5
300,dpfi,3,atom_h,6,20260818:4515:300:2:3:1:6
300,dpfi,3,atom_v,6,20260818:4515:300:2:3:2:6
300,dpfi,3,atom_h,7,20260818:4515:300:2:3:1:7
300,dpfi,3,atom_v,7,20260818:4515:300:2:3:2:7
300,dpfi,3,atom_h,8,20260818:4515:300:2:3:1:8
300,dpfi,3,atom_v,8,20260818:4515:300:2:3:2:8
300,dpfi,3,atom_h,9,20260818:4515:300:2:3:1:9
300,dpfi,3,atom_v,9,20260818:4515:300:2:3:2:9
300,dpfi,3,atom_h,10,20260818:4515:300:2:3:1:10
300,dpfi,3,atom_v,10,20260818:4515:300:2:3:2:10
300,dpfi,3,atom_h,11,20260818:4515:300:2:3:1:11
300,dpfi,3,atom_v,11,20260818:4515:300:2:3:2:11
300,dpfi,3,atom_h,12,20260818:4515:300:2:3:1:12
300,dpfi,3,atom_v,12,20260818:4515:300:2:3:2:12
300,dpfi,3,atom_h,13,20260818:4515:300:2:3:1:13
300,dpfi,3,atom_v,13,20260818:4515:300:2:3:2:13
300,dpfi,3,atom_h,14,20260818:4515:300:2:3:1:14
300,dpfi,3,atom_v,14,20260818:4515:300:2:3:2:14
300,dpfi,3,atom_h,15,20260818:4515:300:2:3:1:15
300,dpfi,3,atom_v,15,20260818:4515:300:2:3:2:15
300,dpfi,4,blank_h,0,20260818:4515:300:2:4:3:0
300,dpfi,4,blank_v,0,20260818:4515:300:2:4:4:0
300,dpfi,4,dark_h,0,20260818:4515:300:2:4:5:0
300,dpfi,4,dark_v,0,20260818:4515:300:2:4:6:0
300,dpfi,4,atom_h,1,20260818:4515:300:2:4:1:1
300,dpfi,4,atom_v,1,20260818:4515:300:2:4:2:1
300,dpfi,4,atom_h,2,20260818:4515:300:2:4:1:2
300,dpfi,4,atom_v,2,20260818:4515:300:2:4:2:2
300,dpfi,4,atom_h,3,20260818:4515:300:2:4:1:3
300,dpfi,4,atom_v,3,20260818:4515:300:2:4:2:3
300,dpfi,4,atom_h,4,20260818:4515:300:2:4:1:4
300,dpfi,4,atom_v,4,20260818:4515:300:2:4:2:4
300,dpfi,4,atom_h,5,20260818:4515:300:2:4:1:5
300,dpfi,4,atom_v,5,20260818:4515:300:2:4:2:5
300,dpfi,4,atom_h,6,20260818:4515:300:2:4:1:6
300,dpfi,4,atom_v,6,20260818:4515:300:2:4:2:6
300,dpfi,4,atom_h,7,20260818:4515:300:2:4:1:7
300,dpfi,4,atom_v,7,20260818:4515:300:2:4:2:7
300,dpfi,4,atom_h,8,20260818:4515:300:2:4:1:8
300,dpfi,4,atom_v,8,20260818:4515:300:2:4:2:8
300,dpfi,4,atom_h,9,20260818:4515:300:2:4:1:9
300,dpfi,4,atom_v,9,20260818:4515:300:2:4:2:9
300,dpfi,4,atom_h,10,20260818:4515:300:2:4:1:10
300,dpfi,4,atom_v,10,20260818:4515:300:2:4:2:10
300,dpfi,4,atom_h,11,20260818:4515:300:2:4:1:11
300,dpfi,4,atom_v,11,20260818:4515:300:2:4:2:11
300,dpfi,4,atom_h,12,20260818:4515:300:2:4:1:12
300,dpfi,4,atom_v,12,20260818:4515:300:2:4:2:12
300,dpfi,4,atom_h,13,20260818:4515:300:2:4:1:13
300,dpfi,4,atom_v,13,20260818:4515:300:2:4:2:13
300,dpfi,4,atom_h,14,20260818:4515:300:2:4:1:14
300,dpfi,4,atom_v,14,20260818:4515:300:2:4:2:14
300,dpfi,4,atom_h,15,20260818:4515:300:2:4:1:15
300,dpfi,4,atom_v,15,20260818:4515:300:2:4:2:15
300,dpfi,5,blank_h,0,20260818:4515:300:2:5:3:0
300,dpfi,5,blank_v,0,20260818:4515:300:2:5:4:0
300,dpfi,5,dark_h,0,20260818:4515:300:2:5:5:0
300,dpfi,5,dark_v,0,20260818:4515:300:2:5:6:0
300,dpfi,5,atom_h,1,20260818:4515:300:2:5:1:1
300,dpfi,5,atom_v,1,20260818:4515:300:2:5:2:1
300,dpfi,5,atom_h,2,20260818:4515:300:2:5:1:2
300,dpfi,5,atom_v,2,20260818:4515:300:2:5:2:2
300,dpfi,5,atom_h,3,20260818:4515:300:2:5:1:3
300,dpfi,5,atom_v,3,20260818:4515:300:2:5:2:3
300,dpfi,5,atom_h,4,20260818:4515:300:2:5:1:4
300,dpfi,5,atom_v,4,20260818:4515:300:2:5:2:4
300,dpfi,5,atom_h,5,20260818:4515:300:2:5:1:5
300,dpfi,5,atom_v,5,20260818:4515:300:2:5:2:5
300,dpfi,5,atom_h,6,20260818:4515:300:2:5:1:6
300,dpfi,5,atom_v,6,20260818:4515:300:2:5:2:6
300,dpfi,5,atom_h,7,20260818:4515:300:2:5:1:7
300,dpfi,5,atom_v,7,20260818:4515:300:2:5:2:7
300,dpfi,5,atom_h,8,20260818:4515:300:2:5:1:8
300,dpfi,5,atom_v,8,20260818:4515:300:2:5:2:8
300,dpfi,5,atom_h,9,20260818:4515:300:2:5:1:9
300,dpfi,5,atom_v,9,20260818:4515:300:2:5:2:9
300,dpfi,5,atom_h,10,20260818:4515:300:2:5:1:10
300,dpfi,5,atom_v,10,20260818:4515:300:2:5:2:10
300,dpfi,5,atom_h,11,20260818:4515:300:2:5:1:11
300,dpfi,5,atom_v,11,20260818:4515:300:2:5:2:11
300,dpfi,5,atom_h,12,20260818:4515:300:2:5:1:12
300,dpfi,5,atom_v,12,20260818:4515:300:2:5:2:12
300,dpfi,5,atom_h,13,20260818:4515:300:2:5:1:13
300,dpfi,5,atom_v,13,20260818:4515:300:2:5:2:13
300,dpfi,5,atom_h,14,20260818:4515:300:2:5:1:14
300,dpfi,5,atom_v,14,20260818:4515:300:2:5:2:14
300,dpfi,5,atom_h,15,20260818:4515:300:2:5:1:15
300,dpfi,5,atom_v,15,20260818:4515:300:2:5:2:15
300,dpfi,6,blank_h,0,20260818:4515:300:2:6:3:0
300,dpfi,6,blank_v,0,20260818:4515:300:2:6:4:0
300,dpfi,6,dark_h,0,20260818:4515:300:2:6:5:0
300,dpfi,6,dark_v,0,20260818:4515:300:2:6:6:0
300,dpfi,6,atom_h,1,20260818:4515:300:2:6:1:1
300,dpfi,6,atom_v,1,20260818:4515:300:2:6:2:1
300,dpfi,6,atom_h,2,20260818:4515:300:2:6:1:2
300,dpfi,6,atom_v,2,20260818:4515:300:2:6:2:2
300,dpfi,6,atom_h,3,20260818:4515:300:2:6:1:3
300,dpfi,6,atom_v,3,20260818:4515:300:2:6:2:3
300,dpfi,6,atom_h,4,20260818:4515:300:2:6:1:4
300,dpfi,6,atom_v,4,20260818:4515:300:2:6:2:4
300,dpfi,6,atom_h,5,20260818:4515:300:2:6:1:5
300,dpfi,6,atom_v,5,20260818:4515:300:2:6:2:5
300,dpfi,6,atom_h,6,20260818:4515:300:2:6:1:6
300,dpfi,6,atom_v,6,20260818:4515:300:2:6:2:6
300,dpfi,6,atom_h,7,20260818:4515:300:2:6:1:7
300,dpfi,6,atom_v,7,20260818:4515:300:2:6:2:7
300,dpfi,6,atom_h,8,20260818:4515:300:2:6:1:8
300,dpfi,6,atom_v,8,20260818:4515:300:2:6:2:8
300,dpfi,6,atom_h,9,20260818:4515:300:2:6:1:9
300,dpfi,6,atom_v,9,20260818:4515:300:2:6:2:9
300,dpfi,6,atom_h,10,20260818:4515:300:2:6:1:10
300,dpfi,6,atom_v,10,20260818:4515:300:2:6:2:10
300,dpfi,6,atom_h,11,20260818:4515:300:2:6:1:11
300,dpfi,6,atom_v,11,20260818:4515:300:2:6:2:11
300,dpfi,6,atom_h,12,20260818:4515:300:2:6:1:12
300,dpfi,6,atom_v,12,20260818:4515:300:2:6:2:12
300,dpfi,6,atom_h,13,20260818:4515:300:2:6:1:13
300,dpfi,6,atom_v,13,20260818:4515:300:2:6:2:13
300,dpfi,6,atom_h,14,20260818:4515:300:2:6:1:14
300,dpfi,6,atom_v,14,20260818:4515:300:2:6:2:14
300,dpfi,6,atom_h,15,20260818:4515:300:2:6:1:15
300,dpfi,6,atom_v,15,20260818:4515:300:2:6:2:15
300,dpfi,7,blank_h,0,20260818:4515:300:2:7:3:0
300,dpfi,7,blank_v,0,20260818:4515:300:2:7:4:0
300,dpfi,7,dark_h,0,20260818:4515:300:2:7:5:0
300,dpfi,7,dark_v,0,20260818:4515:300:2:7:6:0
300,dpfi,7,atom_h,1,20260818:4515:300:2:7:1:1
300,dpfi,7,atom_v,1,20260818:4515:300:2:7:2:1
300,dpfi,7,atom_h,2,20260818:4515:300:2:7:1:2
300,dpfi,7,atom_v,2,20260818:4515:300:2:7:2:2
300,dpfi,7,atom_h,3,20260818:4515:300:2:7:1:3
300,dpfi,7,atom_v,3,20260818:4515:300:2:7:2:3
300,dpfi,7,atom_h,4,20260818:4515:300:2:7:1:4
300,dpfi,7,atom_v,4,20260818:4515:300:2:7:2:4
300,dpfi,7,atom_h,5,20260818:4515:300:2:7:1:5
300,dpfi,7,atom_v,5,20260818:4515:300:2:7:2:5
300,dpfi,7,atom_h,6,20260818:4515:300:2:7:1:6
300,dpfi,7,atom_v,6,20260818:4515:300:2:7:2:6
300,dpfi,7,atom_h,7,20260818:4515:300:2:7:1:7
300,dpfi,7,atom_v,7,20260818:4515:300:2:7:2:7
300,dpfi,7,atom_h,8,20260818:4515:300:2:7:1:8
300,dpfi,7,atom_v,8,20260818:4515:300:2:7:2:8
300,dpfi,7,atom_h,9,20260818:4515:300:2:7:1:9
300,dpfi,7,atom_v,9,20260818:4515:300:2:7:2:9
300,dpfi,7,atom_h,10,20260818:4515:300:2:7:1:10
300,dpfi,7,atom_v,10,20260818:4515:300:2:7:2:10
300,dpfi,7,atom_h,11,20260818:4515:300:2:7:1:11
300,dpfi,7,atom_v,11,20260818:4515:300:2:7:2:11
300,dpfi,7,atom_h,12,20260818:4515:300:2:7:1:12
300,dpfi,7,atom_v,12,20260818:4515:300:2:7:2:12
300,dpfi,7,atom_h,13,20260818:4515:300:2:7:1:13
300,dpfi,7,atom_v,13,20260818:4515:300:2:7:2:13
300,dpfi,7,atom_h,14,20260818:4515:300:2:7:1:14
300,dpfi,7,atom_v,14,20260818:4515:300:2:7:2:14
300,dpfi,7,atom_h,15,20260818:4515:300:2:7:1:15
300,dpfi,7,atom_v,15,20260818:4515:300:2:7:2:15
300,dpfi,8,blank_h,0,20260818:4515:300:2:8:3:0
300,dpfi,8,blank_v,0,20260818:4515:300:2:8:4:0
300,dpfi,8,dark_h,0,20260818:4515:300:2:8:5:0
300,dpfi,8,dark_v,0,20260818:4515:300:2:8:6:0
300,dpfi,8,atom_h,1,20260818:4515:300:2:8:1:1
300,dpfi,8,atom_v,1,20260818:4515:300:2:8:2:1
300,dpfi,8,atom_h,2,20260818:4515:300:2:8:1:2
300,dpfi,8,atom_v,2,20260818:4515:300:2:8:2:2
300,dpfi,8,atom_h,3,20260818:4515:300:2:8:1:3
300,dpfi,8,atom_v,3,20260818:4515:300:2:8:2:3
300,dpfi,8,atom_h,4,20260818:4515:300:2:8:1:4
300,dpfi,8,atom_v,4,20260818:4515:300:2:8:2:4
300,dpfi,8,atom_h,5,20260818:4515:300:2:8:1:5
300,dpfi,8,atom_v,5,20260818:4515:300:2:8:2:5
300,dpfi,8,atom_h,6,20260818:4515:300:2:8:1:6
300,dpfi,8,atom_v,6,20260818:4515:300:2:8:2:6
300,dpfi,8,atom_h,7,20260818:4515:300:2:8:1:7
300,dpfi,8,atom_v,7,20260818:4515:300:2:8:2:7
300,dpfi,8,atom_h,8,20260818:4515:300:2:8:1:8
300,dpfi,8,atom_v,8,20260818:4515:300:2:8:2:8
300,dpfi,8,atom_h,9,20260818:4515:300:2:8:1:9
300,dpfi,8,atom_v,9,20260818:4515:300:2:8:2:9
300,dpfi,8,atom_h,10,20260818:4515:300:2:8:1:10
300,dpfi,8,atom_v,10,20260818:4515:300:2:8:2:10
300,dpfi,8,atom_h,11,20260818:4515:300:2:8:1:11
300,dpfi,8,atom_v,11,20260818:4515:300:2:8:2:11
300,dpfi,8,atom_h,12,20260818:4515:300:2:8:1:12
300,dpfi,8,atom_v,12,20260818:4515:300:2:8:2:12
300,dpfi,8,atom_h,13,20260818:4515:300:2:8:1:13
300,dpfi,8,atom_v,13,20260818:4515:300:2:8:2:13
300,dpfi,8,atom_h,14,20260818:4515:300:2:8:1:14
300,dpfi,8,atom_v,14,20260818:4515:300:2:8:2:14
300,dpfi,8,atom_h,15,20260818:4515:300:2:8:1:15
300,dpfi,8,atom_v,15,20260818:4515:300:2:8:2:15
300,dpfi,9,blank_h,0,20260818:4515:300:2:9:3:0
300,dpfi,9,blank_v,0,20260818:4515:300:2:9:4:0
300,dpfi,9,dark_h,0,20260818:4515:300:2:9:5:0
300,dpfi,9,dark_v,0,20260818:4515:300:2:9:6:0
300,dpfi,9,atom_h,1,20260818:4515:300:2:9:1:1
300,dpfi,9,atom_v,1,20260818:4515:300:2:9:2:1
300,dpfi,9,atom_h,2,20260818:4515:300:2:9:1:2
300,dpfi,9,atom_v,2,20260818:4515:300:2:9:2:2
300,dpfi,9,atom_h,3,20260818:4515:300:2:9:1:3
300,dpfi,9,atom_v,3,20260818:4515:300:2:9:2:3
300,dpfi,9,atom_h,4,20260818:4515:300:2:9:1:4
300,dpfi,9,atom_v,4,20260818:4515:300:2:9:2:4
300,dpfi,9,atom_h,5,20260818:4515:300:2:9:1:5
300,dpfi,9,atom_v,5,20260818:4515:300:2:9:2:5
300,dpfi,9,atom_h,6,20260818:4515:300:2:9:1:6
300,dpfi,9,atom_v,6,20260818:4515:300:2:9:2:6
300,dpfi,9,atom_h,7,20260818:4515:300:2:9:1:7
300,dpfi,9,atom_v,7,20260818:4515:300:2:9:2:7
300,dpfi,9,atom_h,8,20260818:4515:300:2:9:1:8
300,dpfi,9,atom_v,8,20260818:4515:300:2:9:2:8
300,dpfi,9,atom_h,9,20260818:4515:300:2:9:1:9
300,dpfi,9,atom_v,9,20260818:4515:300:2:9:2:9
300,dpfi,9,atom_h,10,20260818:4515:300:2:9:1:10
300,dpfi,9,atom_v,10,20260818:4515:300:2:9:2:10
300,dpfi,9,atom_h,11,20260818:4515:300:2:9:1:11
300,dpfi,9,atom_v,11,20260818:4515:300:2:9:2:11
300,dpfi,9,atom_h,12,20260818:4515:300:2:9:1:12
300,dpfi,9,atom_v,12,20260818:4515:300:2:9:2:12
300,dpfi,9,atom_h,13,20260818:4515:300:2:9:1:13
300,dpfi,9,atom_v,13,20260818:4515:300:2:9:2:13
300,dpfi,9,atom_h,14,20260818:4515:300:2:9:1:14
300,dpfi,9,atom_v,14,20260818:4515:300:2:9:2:14
300,dpfi,9,atom_h,15,20260818:4515:300:2:9:1:15
300,dpfi,9,atom_v,15,20260818:4515:300:2:9:2:15
300,dpfi,10,blank_h,0,20260818:4515:300:2:10:3:0
300,dpfi,10,blank_v,0,20260818:4515:300:2:10:4:0
300,dpfi,10,dark_h,0,20260818:4515:300:2:10:5:0
300,dpfi,10,dark_v,0,20260818:4515:300:2:10:6:0
300,dpfi,10,atom_h,1,20260818:4515:300:2:10:1:1
300,dpfi,10,atom_v,1,20260818:4515:300:2:10:2:1
300,dpfi,10,atom_h,2,20260818:4515:300:2:10:1:2
300,dpfi,10,atom_v,2,20260818:4515:300:2:10:2:2
300,dpfi,10,atom_h,3,20260818:4515:300:2:10:1:3
300,dpfi,10,atom_v,3,20260818:4515:300:2:10:2:3
300,dpfi,10,atom_h,4,20260818:4515:300:2:10:1:4
300,dpfi,10,atom_v,4,20260818:4515:300:2:10:2:4
300,dpfi,10,atom_h,5,20260818:4515:300:2:10:1:5
300,dpfi,10,atom_v,5,20260818:4515:300:2:10:2:5
300,dpfi,10,atom_h,6,20260818:4515:300:2:10:1:6
300,dpfi,10,atom_v,6,20260818:4515:300:2:10:2:6
300,dpfi,10,atom_h,7,20260818:4515:300:2:10:1:7
300,dpfi,10,atom_v,7,20260818:4515:300:2:10:2:7
300,dpfi,10,atom_h,8,20260818:4515:300:2:10:1:8
300,dpfi,10,atom_v,8,20260818:4515:300:2:10:2:8
300,dpfi,10,atom_h,9,20260818:4515:300:2:10:1:9
300,dpfi,10,atom_v,9,20260818:4515:300:2:10:2:9
300,dpfi,10,atom_h,10,20260818:4515:300:2:10:1:10
300,dpfi,10,atom_v,10,20260818:4515:300:2:10:2:10
300,dpfi,10,atom_h,11,20260818:4515:300:2:10:1:11
300,dpfi,10,atom_v,11,20260818:4515:300:2:10:2:11
300,dpfi,10,atom_h,12,20260818:4515:300:2:10:1:12
300,dpfi,10,atom_v,12,20260818:4515:300:2:10:2:12
300,dpfi,10,atom_h,13,20260818:4515:300:2:10:1:13
300,dpfi,10,atom_v,13,20260818:4515:300:2:10:2:13
300,dpfi,10,atom_h,14,20260818:4515:300:2:10:1:14
300,dpfi,10,atom_v,14,20260818:4515:300:2:10:2:14
300,dpfi,10,atom_h,15,20260818:4515:300:2:10:1:15
300,dpfi,10,atom_v,15,20260818:4515:300:2:10:2:15
300,dpfi,11,blank_h,0,20260818:4515:300:2:11:3:0
300,dpfi,11,blank_v,0,20260818:4515:300:2:11:4:0
300,dpfi,11,dark_h,0,20260818:4515:300:2:11:5:0
300,dpfi,11,dark_v,0,20260818:4515:300:2:11:6:0
300,dpfi,11,atom_h,1,20260818:4515:300:2:11:1:1
300,dpfi,11,atom_v,1,20260818:4515:300:2:11:2:1
300,dpfi,11,atom_h,2,20260818:4515:300:2:11:1:2
300,dpfi,11,atom_v,2,20260818:4515:300:2:11:2:2
300,dpfi,11,atom_h,3,20260818:4515:300:2:11:1:3
300,dpfi,11,atom_v,3,20260818:4515:300:2:11:2:3
300,dpfi,11,atom_h,4,20260818:4515:300:2:11:1:4
300,dpfi,11,atom_v,4,20260818:4515:300:2:11:2:4
300,dpfi,11,atom_h,5,20260818:4515:300:2:11:1:5
300,dpfi,11,atom_v,5,20260818:4515:300:2:11:2:5
300,dpfi,11,atom_h,6,20260818:4515:300:2:11:1:6
300,dpfi,11,atom_v,6,20260818:4515:300:2:11:2:6
300,dpfi,11,atom_h,7,20260818:4515:300:2:11:1:7
300,dpfi,11,atom_v,7,20260818:4515:300:2:11:2:7
300,dpfi,11,atom_h,8,20260818:4515:300:2:11:1:8
300,dpfi,11,atom_v,8,20260818:4515:300:2:11:2:8
300,dpfi,11,atom_h,9,20260818:4515:300:2:11:1:9
300,dpfi,11,atom_v,9,20260818:4515:300:2:11:2:9
300,dpfi,11,atom_h,10,20260818:4515:300:2:11:1:10
300,dpfi,11,atom_v,10,20260818:4515:300:2:11:2:10
300,dpfi,11,atom_h,11,20260818:4515:300:2:11:1:11
300,dpfi,11,atom_v,11,20260818:4515:300:2:11:2:11
300,dpfi,11,atom_h,12,20260818:4515:300:2:11:1:12
300,dpfi,11,atom_v,12,20260818:4515:300:2:11:2:12
300,dpfi,11,atom_h,13,20260818:4515:300:2:11:1:13
300,dpfi,11,atom_v,13,20260818:4515:300:2:11:2:13
300,dpfi,11,atom_h,14,20260818:4515:300:2:11:1:14
300,dpfi,11,atom_v,14,20260818:4515:300:2:11:2:14
300,dpfi,11,atom_h,15,20260818:4515:300:2:11:1:15
300,dpfi,11,atom_v,15,20260818:4515:300:2:11:2:15
300,dpfi,12,blank_h,0,20260818:4515:300:2:12:3:0
300,dpfi,12,blank_v,0,20260818:4515:300:2:12:4:0
300,dpfi,12,dark_h,0,20260818:4515:300:2:12:5:0
300,dpfi,12,dark_v,0,20260818:4515:300:2:12:6:0
300,dpfi,12,atom_h,1,20260818:4515:300:2:12:1:1
300,dpfi,12,atom_v,1,20260818:4515:300:2:12:2:1
300,dpfi,12,atom_h,2,20260818:4515:300:2:12:1:2
300,dpfi,12,atom_v,2,20260818:4515:300:2:12:2:2
300,dpfi,12,atom_h,3,20260818:4515:300:2:12:1:3
300,dpfi,12,atom_v,3,20260818:4515:300:2:12:2:3
300,dpfi,12,atom_h,4,20260818:4515:300:2:12:1:4
300,dpfi,12,atom_v,4,20260818:4515:300:2:12:2:4
300,dpfi,12,atom_h,5,20260818:4515:300:2:12:1:5
300,dpfi,12,atom_v,5,20260818:4515:300:2:12:2:5
300,dpfi,12,atom_h,6,20260818:4515:300:2:12:1:6
300,dpfi,12,atom_v,6,20260818:4515:300:2:12:2:6
300,dpfi,12,atom_h,7,20260818:4515:300:2:12:1:7
300,dpfi,12,atom_v,7,20260818:4515:300:2:12:2:7
300,dpfi,12,atom_h,8,20260818:4515:300:2:12:1:8
300,dpfi,12,atom_v,8,20260818:4515:300:2:12:2:8
300,dpfi,12,atom_h,9,20260818:4515:300:2:12:1:9
300,dpfi,12,atom_v,9,20260818:4515:300:2:12:2:9
300,dpfi,12,atom_h,10,20260818:4515:300:2:12:1:10
300,dpfi,12,atom_v,10,20260818:4515:300:2:12:2:10
300,dpfi,12,atom_h,11,20260818:4515:300:2:12:1:11
300,dpfi,12,atom_v,11,20260818:4515:300:2:12:2:11
300,dpfi,12,atom_h,12,20260818:4515:300:2:12:1:12
300,dpfi,12,atom_v,12,20260818:4515:300:2:12:2:12
300,dpfi,12,atom_h,13,20260818:4515:300:2:12:1:13
300,dpfi,12,atom_v,13,20260818:4515:300:2:12:2:13
300,dpfi,12,atom_h,14,20260818:4515:300:2:12:1:14
300,dpfi,12,atom_v,14,20260818:4515:300:2:12:2:14
300,dpfi,12,atom_h,15,20260818:4515:300:2:12:1:15
300,dpfi,12,atom_v,15,20260818:4515:300:2:12:2:15
300,dpfi,13,blank_h,0,20260818:4515:300:2:13:3:0
300,dpfi,13,blank_v,0,20260818:4515:300:2:13:4:0
300,dpfi,13,dark_h,0,20260818:4515:300:2:13:5:0
300,dpfi,13,dark_v,0,20260818:4515:300:2:13:6:0
300,dpfi,13,atom_h,1,20260818:4515:300:2:13:1:1
300,dpfi,13,atom_v,1,20260818:4515:300:2:13:2:1
300,dpfi,13,atom_h,2,20260818:4515:300:2:13:1:2
300,dpfi,13,atom_v,2,20260818:4515:300:2:13:2:2
300,dpfi,13,atom_h,3,20260818:4515:300:2:13:1:3
300,dpfi,13,atom_v,3,20260818:4515:300:2:13:2:3
300,dpfi,13,atom_h,4,20260818:4515:300:2:13:1:4
300,dpfi,13,atom_v,4,20260818:4515:300:2:13:2:4
300,dpfi,13,atom_h,5,20260818:4515:300:2:13:1:5
300,dpfi,13,atom_v,5,20260818:4515:300:2:13:2:5
300,dpfi,13,atom_h,6,20260818:4515:300:2:13:1:6
300,dpfi,13,atom_v,6,20260818:4515:300:2:13:2:6
300,dpfi,13,atom_h,7,20260818:4515:300:2:13:1:7
300,dpfi,13,atom_v,7,20260818:4515:300:2:13:2:7
300,dpfi,13,atom_h,8,20260818:4515:300:2:13:1:8
300,dpfi,13,atom_v,8,20260818:4515:300:2:13:2:8
300,dpfi,13,atom_h,9,20260818:4515:300:2:13:1:9
300,dpfi,13,atom_v,9,20260818:4515:300:2:13:2:9
300,dpfi,13,atom_h,10,20260818:4515:300:2:13:1:10
300,dpfi,13,atom_v,10,20260818:4515:300:2:13:2:10
300,dpfi,13,atom_h,11,20260818:4515:300:2:13:1:11
300,dpfi,13,atom_v,11,20260818:4515:300:2:13:2:11
300,dpfi,13,atom_h,12,20260818:4515:300:2:13:1:12
300,dpfi,13,atom_v,12,20260818:4515:300:2:13:2:12
300,dpfi,13,atom_h,13,20260818:4515:300:2:13:1:13
300,dpfi,13,atom_v,13,20260818:4515:300:2:13:2:13
300,dpfi,13,atom_h,14,20260818:4515:300:2:13:1:14
300,dpfi,13,atom_v,14,20260818:4515:300:2:13:2:14
300,dpfi,13,atom_h,15,20260818:4515:300:2:13:1:15
300,dpfi,13,atom_v,15,20260818:4515:300:2:13:2:15
300,dpfi,14,blank_h,0,20260818:4515:300:2:14:3:0
300,dpfi,14,blank_v,0,20260818:4515:300:2:14:4:0
300,dpfi,14,dark_h,0,20260818:4515:300:2:14:5:0
300,dpfi,14,dark_v,0,20260818:4515:300:2:14:6:0
300,dpfi,14,atom_h,1,20260818:4515:300:2:14:1:1
300,dpfi,14,atom_v,1,20260818:4515:300:2:14:2:1
300,dpfi,14,atom_h,2,20260818:4515:300:2:14:1:2
300,dpfi,14,atom_v,2,20260818:4515:300:2:14:2:2
300,dpfi,14,atom_h,3,20260818:4515:300:2:14:1:3
300,dpfi,14,atom_v,3,20260818:4515:300:2:14:2:3
300,dpfi,14,atom_h,4,20260818:4515:300:2:14:1:4
300,dpfi,14,atom_v,4,20260818:4515:300:2:14:2:4
300,dpfi,14,atom_h,5,20260818:4515:300:2:14:1:5
300,dpfi,14,atom_v,5,20260818:4515:300:2:14:2:5
300,dpfi,14,atom_h,6,20260818:4515:300:2:14:1:6
300,dpfi,14,atom_v,6,20260818:4515:300:2:14:2:6
300,dpfi,14,atom_h,7,20260818:4515:300:2:14:1:7
300,dpfi,14,atom_v,7,20260818:4515:300:2:14:2:7
300,dpfi,14,atom_h,8,20260818:4515:300:2:14:1:8
300,dpfi,14,atom_v,8,20260818:4515:300:2:14:2:8
300,dpfi,14,atom_h,9,20260818:4515:300:2:14:1:9
300,dpfi,14,atom_v,9,20260818:4515:300:2:14:2:9
300,dpfi,14,atom_h,10,20260818:4515:300:2:14:1:10
300,dpfi,14,atom_v,10,20260818:4515:300:2:14:2:10
300,dpfi,14,atom_h,11,20260818:4515:300:2:14:1:11
300,dpfi,14,atom_v,11,20260818:4515:300:2:14:2:11
300,dpfi,14,atom_h,12,20260818:4515:300:2:14:1:12
300,dpfi,14,atom_v,12,20260818:4515:300:2:14:2:12
300,dpfi,14,atom_h,13,20260818:4515:300:2:14:1:13
300,dpfi,14,atom_v,13,20260818:4515:300:2:14:2:13
300,dpfi,14,atom_h,14,20260818:4515:300:2:14:1:14
300,dpfi,14,atom_v,14,20260818:4515:300:2:14:2:14
300,dpfi,14,atom_h,15,20260818:4515:300:2:14:1:15
300,dpfi,14,atom_v,15,20260818:4515:300:2:14:2:15
300,dpfi,15,blank_h,0,20260818:4515:300:2:15:3:0
300,dpfi,15,blank_v,0,20260818:4515:300:2:15:4:0
300,dpfi,15,dark_h,0,20260818:4515:300:2:15:5:0
300,dpfi,15,dark_v,0,20260818:4515:300:2:15:6:0
300,dpfi,15,atom_h,1,20260818:4515:300:2:15:1:1
300,dpfi,15,atom_v,1,20260818:4515:300:2:15:2:1
300,dpfi,15,atom_h,2,20260818:4515:300:2:15:1:2
300,dpfi,15,atom_v,2,20260818:4515:300:2:15:2:2
300,dpfi,15,atom_h,3,20260818:4515:300:2:15:1:3
300,dpfi,15,atom_v,3,20260818:4515:300:2:15:2:3
300,dpfi,15,atom_h,4,20260818:4515:300:2:15:1:4
300,dpfi,15,atom_v,4,20260818:4515:300:2:15:2:4
300,dpfi,15,atom_h,5,20260818:4515:300:2:15:1:5
300,dpfi,15,atom_v,5,20260818:4515:300:2:15:2:5
300,dpfi,15,atom_h,6,20260818:4515:300:2:15:1:6
300,dpfi,15,atom_v,6,20260818:4515:300:2:15:2:6
300,dpfi,15,atom_h,7,20260818:4515:300:2:15:1:7
300,dpfi,15,atom_v,7,20260818:4515:300:2:15:2:7
300,dpfi,15,atom_h,8,20260818:4515:300:2:15:1:8
300,dpfi,15,atom_v,8,20260818:4515:300:2:15:2:8
300,dpfi,15,atom_h,9,20260818:4515:300:2:15:1:9
300,dpfi,15,atom_v,9,20260818:4515:300:2:15:2:9
300,dpfi,15,atom_h,10,20260818:4515:300:2:15:1:10
300,dpfi,15,atom_v,10,20260818:4515:300:2:15:2:10
300,dpfi,15,atom_h,11,20260818:4515:300:2:15:1:11
300,dpfi,15,atom_v,11,20260818:4515:300:2:15:2:11
300,dpfi,15,atom_h,12,20260818:4515:300:2:15:1:12
300,dpfi,15,atom_v,12,20260818:4515:300:2:15:2:12
300,dpfi,15,atom_h,13,20260818:4515:300:2:15:1:13
300,dpfi,15,atom_v,13,20260818:4515:300:2:15:2:13
300,dpfi,15,atom_h,14,20260818:4515:300:2:15:1:14
300,dpfi,15,atom_v,14,20260818:4515:300:2:15:2:14
300,dpfi,15,atom_h,15,20260818:4515:300:2:15:1:15
300,dpfi,15,atom_v,15,20260818:4515:300:2:15:2:15
300,dpfi,16,blank_h,0,20260818:4515:300:2:16:3:0
300,dpfi,16,blank_v,0,20260818:4515:300:2:16:4:0
300,dpfi,16,dark_h,0,20260818:4515:300:2:16:5:0
300,dpfi,16,dark_v,0,20260818:4515:300:2:16:6:0
300,dpfi,16,atom_h,1,20260818:4515:300:2:16:1:1
300,dpfi,16,atom_v,1,20260818:4515:300:2:16:2:1
300,dpfi,16,atom_h,2,20260818:4515:300:2:16:1:2
300,dpfi,16,atom_v,2,20260818:4515:300:2:16:2:2
300,dpfi,16,atom_h,3,20260818:4515:300:2:16:1:3
300,dpfi,16,atom_v,3,20260818:4515:300:2:16:2:3
300,dpfi,16,atom_h,4,20260818:4515:300:2:16:1:4
300,dpfi,16,atom_v,4,20260818:4515:300:2:16:2:4
300,dpfi,16,atom_h,5,20260818:4515:300:2:16:1:5
300,dpfi,16,atom_v,5,20260818:4515:300:2:16:2:5
300,dpfi,16,atom_h,6,20260818:4515:300:2:16:1:6
300,dpfi,16,atom_v,6,20260818:4515:300:2:16:2:6
300,dpfi,16,atom_h,7,20260818:4515:300:2:16:1:7
300,dpfi,16,atom_v,7,20260818:4515:300:2:16:2:7
300,dpfi,16,atom_h,8,20260818:4515:300:2:16:1:8
300,dpfi,16,atom_v,8,20260818:4515:300:2:16:2:8
300,dpfi,16,atom_h,9,20260818:4515:300:2:16:1:9
300,dpfi,16,atom_v,9,20260818:4515:300:2:16:2:9
300,dpfi,16,atom_h,10,20260818:4515:300:2:16:1:10
300,dpfi,16,atom_v,10,20260818:4515:300:2:16:2:10
300,dpfi,16,atom_h,11,20260818:4515:300:2:16:1:11
300,dpfi,16,atom_v,11,20260818:4515:300:2:16:2:11
300,dpfi,16,atom_h,12,20260818:4515:300:2:16:1:12
300,dpfi,16,atom_v,12,20260818:4515:300:2:16:2:12
300,dpfi,16,atom_h,13,20260818:4515:300:2:16:1:13
300,dpfi,16,atom_v,13,20260818:4515:300:2:16:2:13
300,dpfi,16,atom_h,14,20260818:4515:300:2:16:1:14
300,dpfi,16,atom_v,14,20260818:4515:300:2:16:2:14
300,dpfi,16,atom_h,15,20260818:4515:300:2:16:1:15
300,dpfi,16,atom_v,15,20260818:4515:300:2:16:2:15
300,dpfi,17,blank_h,0,20260818:4515:300:2:17:3:0
300,dpfi,17,blank_v,0,20260818:4515:300:2:17:4:0
300,dpfi,17,dark_h,0,20260818:4515:300:2:17:5:0
300,dpfi,17,dark_v,0,20260818:4515:300:2:17:6:0
300,dpfi,17,atom_h,1,20260818:4515:300:2:17:1:1
300,dpfi,17,atom_v,1,20260818:4515:300:2:17:2:1
300,dpfi,17,atom_h,2,20260818:4515:300:2:17:1:2
300,dpfi,17,atom_v,2,20260818:4515:300:2:17:2:2
300,dpfi,17,atom_h,3,20260818:4515:300:2:17:1:3
300,dpfi,17,atom_v,3,20260818:4515:300:2:17:2:3
300,dpfi,17,atom_h,4,20260818:4515:300:2:17:1:4
300,dpfi,17,atom_v,4,20260818:4515:300:2:17:2:4
300,dpfi,17,atom_h,5,20260818:4515:300:2:17:1:5
300,dpfi,17,atom_v,5,20260818:4515:300:2:17:2:5
300,dpfi,17,atom_h,6,20260818:4515:300:2:17:1:6
300,dpfi,17,atom_v,6,20260818:4515:300:2:17:2:6
300,dpfi,17,atom_h,7,20260818:4515:300:2:17:1:7
300,dpfi,17,atom_v,7,20260818:4515:300:2:17:2:7
300,dpfi,17,atom_h,8,20260818:4515:300:2:17:1:8
300,dpfi,17,atom_v,8,20260818:4515:300:2:17:2:8
300,dpfi,17,atom_h,9,20260818:4515:300:2:17:1:9
300,dpfi,17,atom_v,9,20260818:4515:300:2:17:2:9
300,dpfi,17,atom_h,10,20260818:4515:300:2:17:1:10
300,dpfi,17,atom_v,10,20260818:4515:300:2:17:2:10
300,dpfi,17,atom_h,11,20260818:4515:300:2:17:1:11
300,dpfi,17,atom_v,11,20260818:4515:300:2:17:2:11
300,dpfi,17,atom_h,12,20260818:4515:300:2:17:1:12
300,dpfi,17,atom_v,12,20260818:4515:300:2:17:2:12
300,dpfi,17,atom_h,13,20260818:4515:300:2:17:1:13
300,dpfi,17,atom_v,13,20260818:4515:300:2:17:2:13
300,dpfi,17,atom_h,14,20260818:4515:300:2:17:1:14
300,dpfi,17,atom_v,14,20260818:4515:300:2:17:2:14
300,dpfi,17,atom_h,15,20260818:4515:300:2:17:1:15
300,dpfi,17,atom_v,15,20260818:4515:300:2:17:2:15
300,dpfi,18,blank_h,0,20260818:4515:300:2:18:3:0
300,dpfi,18,blank_v,0,20260818:4515:300:2:18:4:0
300,dpfi,18,dark_h,0,20260818:4515:300:2:18:5:0
300,dpfi,18,dark_v,0,20260818:4515:300:2:18:6:0
300,dpfi,18,atom_h,1,20260818:4515:300:2:18:1:1
300,dpfi,18,atom_v,1,20260818:4515:300:2:18:2:1
300,dpfi,18,atom_h,2,20260818:4515:300:2:18:1:2
300,dpfi,18,atom_v,2,20260818:4515:300:2:18:2:2
300,dpfi,18,atom_h,3,20260818:4515:300:2:18:1:3
300,dpfi,18,atom_v,3,20260818:4515:300:2:18:2:3
300,dpfi,18,atom_h,4,20260818:4515:300:2:18:1:4
300,dpfi,18,atom_v,4,20260818:4515:300:2:18:2:4
300,dpfi,18,atom_h,5,20260818:4515:300:2:18:1:5
300,dpfi,18,atom_v,5,20260818:4515:300:2:18:2:5
300,dpfi,18,atom_h,6,20260818:4515:300:2:18:1:6
300,dpfi,18,atom_v,6,20260818:4515:300:2:18:2:6
300,dpfi,18,atom_h,7,20260818:4515:300:2:18:1:7
300,dpfi,18,atom_v,7,20260818:4515:300:2:18:2:7
300,dpfi,18,atom_h,8,20260818:4515:300:2:18:1:8
300,dpfi,18,atom_v,8,20260818:4515:300:2:18:2:8
300,dpfi,18,atom_h,9,20260818:4515:300:2:18:1:9
300,dpfi,18,atom_v,9,20260818:4515:300:2:18:2:9
300,dpfi,18,atom_h,10,20260818:4515:300:2:18:1:10
300,dpfi,18,atom_v,10,20260818:4515:300:2:18:2:10
300,dpfi,18,atom_h,11,20260818:4515:300:2:18:1:11
300,dpfi,18,atom_v,11,20260818:4515:300:2:18:2:11
300,dpfi,18,atom_h,12,20260818:4515:300:2:18:1:12
300,dpfi,18,atom_v,12,20260818:4515:300:2:18:2:12
300,dpfi,18,atom_h,13,20260818:4515:300:2:18:1:13
300,dpfi,18,atom_v,13,20260818:4515:300:2:18:2:13
300,dpfi,18,atom_h,14,20260818:4515:300:2:18:1:14
300,dpfi,18,atom_v,14,20260818:4515:300:2:18:2:14
300,dpfi,18,atom_h,15,20260818:4515:300:2:18:1:15
300,dpfi,18,atom_v,15,20260818:4515:300:2:18:2:15
300,dpfi,19,blank_h,0,20260818:4515:300:2:19:3:0
300,dpfi,19,blank_v,0,20260818:4515:300:2:19:4:0
300,dpfi,19,dark_h,0,20260818:4515:300:2:19:5:0
300,dpfi,19,dark_v,0,20260818:4515:300:2:19:6:0
300,dpfi,19,atom_h,1,20260818:4515:300:2:19:1:1
300,dpfi,19,atom_v,1,20260818:4515:300:2:19:2:1
300,dpfi,19,atom_h,2,20260818:4515:300:2:19:1:2
300,dpfi,19,atom_v,2,20260818:4515:300:2:19:2:2
300,dpfi,19,atom_h,3,20260818:4515:300:2:19:1:3
300,dpfi,19,atom_v,3,20260818:4515:300:2:19:2:3
300,dpfi,19,atom_h,4,20260818:4515:300:2:19:1:4
300,dpfi,19,atom_v,4,20260818:4515:300:2:19:2:4
300,dpfi,19,atom_h,5,20260818:4515:300:2:19:1:5
300,dpfi,19,atom_v,5,20260818:4515:300:2:19:2:5
300,dpfi,19,atom_h,6,20260818:4515:300:2:19:1:6
300,dpfi,19,atom_v,6,20260818:4515:300:2:19:2:6
300,dpfi,19,atom_h,7,20260818:4515:300:2:19:1:7
300,dpfi,19,atom_v,7,20260818:4515:300:2:19:2:7
300,dpfi,19,atom_h,8,20260818:4515:300:2:19:1:8
300,dpfi,19,atom_v,8,20260818:4515:300:2:19:2:8
300,dpfi,19,atom_h,9,20260818:4515:300:2:19:1:9
300,dpfi,19,atom_v,9,20260818:4515:300:2:19:2:9
300,dpfi,19,atom_h,10,20260818:4515:300:2:19:1:10
300,dpfi,19,atom_v,10,20260818:4515:300:2:19:2:10
300,dpfi,19,atom_h,11,20260818:4515:300:2:19:1:11
300,dpfi,19,atom_v,11,20260818:4515:300:2:19:2:11
300,dpfi,19,atom_h,12,20260818:4515:300:2:19:1:12
300,dpfi,19,atom_v,12,20260818:4515:300:2:19:2:12
300,dpfi,19,atom_h,13,20260818:4515:300:2:19:1:13
300,dpfi,19,atom_v,13,20260818:4515:300:2:19:2:13
300,dpfi,19,atom_h,14,20260818:4515:300:2:19:1:14
300,dpfi,19,atom_v,14,20260818:4515:300:2:19:2:14
300,dpfi,19,atom_h,15,20260818:4515:300:2:19:1:15
300,dpfi,19,atom_v,15,20260818:4515:300:2:19:2:15
300,dpfi,20,blank_h,0,20260818:4515:300:2:20:3:0
300,dpfi,20,blank_v,0,20260818:4515:300:2:20:4:0
300,dpfi,20,dark_h,0,20260818:4515:300:2:20:5:0
300,dpfi,20,dark_v,0,20260818:4515:300:2:20:6:0
300,dpfi,20,atom_h,1,20260818:4515:300:2:20:1:1
300,dpfi,20,atom_v,1,20260818:4515:300:2:20:2:1
300,dpfi,20,atom_h,2,20260818:4515:300:2:20:1:2
300,dpfi,20,atom_v,2,20260818:4515:300:2:20:2:2
300,dpfi,20,atom_h,3,20260818:4515:300:2:20:1:3
300,dpfi,20,atom_v,3,20260818:4515:300:2:20:2:3
300,dpfi,20,atom_h,4,20260818:4515:300:2:20:1:4
300,dpfi,20,atom_v,4,20260818:4515:300:2:20:2:4
300,dpfi,20,atom_h,5,20260818:4515:300:2:20:1:5
300,dpfi,20,atom_v,5,20260818:4515:300:2:20:2:5
300,dpfi,20,atom_h,6,20260818:4515:300:2:20:1:6
300,dpfi,20,atom_v,6,20260818:4515:300:2:20:2:6
300,dpfi,20,atom_h,7,20260818:4515:300:2:20:1:7
300,dpfi,20,atom_v,7,20260818:4515:300:2:20:2:7
300,dpfi,20,atom_h,8,20260818:4515:300:2:20:1:8
300,dpfi,20,atom_v,8,20260818:4515:300:2:20:2:8
300,dpfi,20,atom_h,9,20260818:4515:300:2:20:1:9
300,dpfi,20,atom_v,9,20260818:4515:300:2:20:2:9
300,dpfi,20,atom_h,10,20260818:4515:300:2:20:1:10
300,dpfi,20,atom_v,10,20260818:4515:300:2:20:2:10
300,dpfi,20,atom_h,11,20260818:4515:300:2:20:1:11
300,dpfi,20,atom_v,11,20260818:4515:300:2:20:2:11
300,dpfi,20,atom_h,12,20260818:4515:300:2:20:1:12
300,dpfi,20,atom_v,12,20260818:4515:300:2:20:2:12
300,dpfi,20,atom_h,13,20260818:4515:300:2:20:1:13
300,dpfi,20,atom_v,13,20260818:4515:300:2:20:2:13
300,dpfi,20,atom_h,14,20260818:4515:300:2:20:1:14
300,dpfi,20,atom_v,14,20260818:4515:300:2:20:2:14
300,dpfi,20,atom_h,15,20260818:4515:300:2:20:1:15
300,dpfi,20,atom_v,15,20260818:4515:300:2:20:2:15
300,dpfi,21,blank_h,0,20260818:4515:300:2:21:3:0
300,dpfi,21,blank_v,0,20260818:4515:300:2:21:4:0
300,dpfi,21,dark_h,0,20260818:4515:300:2:21:5:0
300,dpfi,21,dark_v,0,20260818:4515:300:2:21:6:0
300,dpfi,21,atom_h,1,20260818:4515:300:2:21:1:1
300,dpfi,21,atom_v,1,20260818:4515:300:2:21:2:1
300,dpfi,21,atom_h,2,20260818:4515:300:2:21:1:2
300,dpfi,21,atom_v,2,20260818:4515:300:2:21:2:2
300,dpfi,21,atom_h,3,20260818:4515:300:2:21:1:3
300,dpfi,21,atom_v,3,20260818:4515:300:2:21:2:3
300,dpfi,21,atom_h,4,20260818:4515:300:2:21:1:4
300,dpfi,21,atom_v,4,20260818:4515:300:2:21:2:4
300,dpfi,21,atom_h,5,20260818:4515:300:2:21:1:5
300,dpfi,21,atom_v,5,20260818:4515:300:2:21:2:5
300,dpfi,21,atom_h,6,20260818:4515:300:2:21:1:6
300,dpfi,21,atom_v,6,20260818:4515:300:2:21:2:6
300,dpfi,21,atom_h,7,20260818:4515:300:2:21:1:7
300,dpfi,21,atom_v,7,20260818:4515:300:2:21:2:7
300,dpfi,21,atom_h,8,20260818:4515:300:2:21:1:8
300,dpfi,21,atom_v,8,20260818:4515:300:2:21:2:8
300,dpfi,21,atom_h,9,20260818:4515:300:2:21:1:9
300,dpfi,21,atom_v,9,20260818:4515:300:2:21:2:9
300,dpfi,21,atom_h,10,20260818:4515:300:2:21:1:10
300,dpfi,21,atom_v,10,20260818:4515:300:2:21:2:10
300,dpfi,21,atom_h,11,20260818:4515:300:2:21:1:11
300,dpfi,21,atom_v,11,20260818:4515:300:2:21:2:11
300,dpfi,21,atom_h,12,20260818:4515:300:2:21:1:12
300,dpfi,21,atom_v,12,20260818:4515:300:2:21:2:12
300,dpfi,21,atom_h,13,20260818:4515:300:2:21:1:13
300,dpfi,21,atom_v,13,20260818:4515:300:2:21:2:13
300,dpfi,21,atom_h,14,20260818:4515:300:2:21:1:14
300,dpfi,21,atom_v,14,20260818:4515:300:2:21:2:14
300,dpfi,21,atom_h,15,20260818:4515:300:2:21:1:15
300,dpfi,21,atom_v,15,20260818:4515:300:2:21:2:15
300,dpfi,22,blank_h,0,20260818:4515:300:2:22:3:0
300,dpfi,22,blank_v,0,20260818:4515:300:2:22:4:0
300,dpfi,22,dark_h,0,20260818:4515:300:2:22:5:0
300,dpfi,22,dark_v,0,20260818:4515:300:2:22:6:0
300,dpfi,22,atom_h,1,20260818:4515:300:2:22:1:1
300,dpfi,22,atom_v,1,20260818:4515:300:2:22:2:1
300,dpfi,22,atom_h,2,20260818:4515:300:2:22:1:2
300,dpfi,22,atom_v,2,20260818:4515:300:2:22:2:2
300,dpfi,22,atom_h,3,20260818:4515:300:2:22:1:3
300,dpfi,22,atom_v,3,20260818:4515:300:2:22:2:3
300,dpfi,22,atom_h,4,20260818:4515:300:2:22:1:4
300,dpfi,22,atom_v,4,20260818:4515:300:2:22:2:4
300,dpfi,22,atom_h,5,20260818:4515:300:2:22:1:5
300,dpfi,22,atom_v,5,20260818:4515:300:2:22:2:5
300,dpfi,22,atom_h,6,20260818:4515:300:2:22:1:6
300,dpfi,22,atom_v,6,20260818:4515:300:2:22:2:6
300,dpfi,22,atom_h,7,20260818:4515:300:2:22:1:7
300,dpfi,22,atom_v,7,20260818:4515:300:2:22:2:7
300,dpfi,22,atom_h,8,20260818:4515:300:2:22:1:8
300,dpfi,22,atom_v,8,20260818:4515:300:2:22:2:8
300,dpfi,22,atom_h,9,20260818:4515:300:2:22:1:9
300,dpfi,22,atom_v,9,20260818:4515:300:2:22:2:9
300,dpfi,22,atom_h,10,20260818:4515:300:2:22:1:10
300,dpfi,22,atom_v,10,20260818:4515:300:2:22:2:10
300,dpfi,22,atom_h,11,20260818:4515:300:2:22:1:11
300,dpfi,22,atom_v,11,20260818:4515:300:2:22:2:11
300,dpfi,22,atom_h,12,20260818:4515:300:2:22:1:12
300,dpfi,22,atom_v,12,20260818:4515:300:2:22:2:12
300,dpfi,22,atom_h,13,20260818:4515:300:2:22:1:13
300,dpfi,22,atom_v,13,20260818:4515:300:2:22:2:13
300,dpfi,22,atom_h,14,20260818:4515:300:2:22:1:14
300,dpfi,22,atom_v,14,20260818:4515:300:2:22:2:14
300,dpfi,22,atom_h,15,20260818:4515:300:2:22:1:15
300,dpfi,22,atom_v,15,20260818:4515:300:2:22:2:15
300,dpfi,23,blank_h,0,20260818:4515:300:2:23:3:0
300,dpfi,23,blank_v,0,20260818:4515:300:2:23:4:0
300,dpfi,23,dark_h,0,20260818:4515:300:2:23:5:0
300,dpfi,23,dark_v,0,20260818:4515:300:2:23:6:0
300,dpfi,23,atom_h,1,20260818:4515:300:2:23:1:1
300,dpfi,23,atom_v,1,20260818:4515:300:2:23:2:1
300,dpfi,23,atom_h,2,20260818:4515:300:2:23:1:2
300,dpfi,23,atom_v,2,20260818:4515:300:2:23:2:2
300,dpfi,23,atom_h,3,20260818:4515:300:2:23:1:3
300,dpfi,23,atom_v,3,20260818:4515:300:2:23:2:3
300,dpfi,23,atom_h,4,20260818:4515:300:2:23:1:4
300,dpfi,23,atom_v,4,20260818:4515:300:2:23:2:4
300,dpfi,23,atom_h,5,20260818:4515:300:2:23:1:5
300,dpfi,23,atom_v,5,20260818:4515:300:2:23:2:5
300,dpfi,23,atom_h,6,20260818:4515:300:2:23:1:6
300,dpfi,23,atom_v,6,20260818:4515:300:2:23:2:6
300,dpfi,23,atom_h,7,20260818:4515:300:2:23:1:7
300,dpfi,23,atom_v,7,20260818:4515:300:2:23:2:7
300,dpfi,23,atom_h,8,20260818:4515:300:2:23:1:8
300,dpfi,23,atom_v,8,20260818:4515:300:2:23:2:8
300,dpfi,23,atom_h,9,20260818:4515:300:2:23:1:9
300,dpfi,23,atom_v,9,20260818:4515:300:2:23:2:9
300,dpfi,23,atom_h,10,20260818:4515:300:2:23:1:10
300,dpfi,23,atom_v,10,20260818:4515:300:2:23:2:10
300,dpfi,23,atom_h,11,20260818:4515:300:2:23:1:11
300,dpfi,23,atom_v,11,20260818:4515:300:2:23:2:11
300,dpfi,23,atom_h,12,20260818:4515:300:2:23:1:12
300,dpfi,23,atom_v,12,20260818:4515:300:2:23:2:12
300,dpfi,23,atom_h,13,20260818:4515:300:2:23:1:13
300,dpfi,23,atom_v,13,20260818:4515:300:2:23:2:13
300,dpfi,23,atom_h,14,20260818:4515:300:2:23:1:14
300,dpfi,23,atom_v,14,20260818:4515:300:2:23:2:14
300,dpfi,23,atom_h,15,20260818:4515:300:2:23:1:15
300,dpfi,23,atom_v,15,20260818:4515:300:2:23:2:15
300,dpfi,24,blank_h,0,20260818:4515:300:2:24:3:0
300,dpfi,24,blank_v,0,20260818:4515:300:2:24:4:0
300,dpfi,24,dark_h,0,20260818:4515:300:2:24:5:0
300,dpfi,24,dark_v,0,20260818:4515:300:2:24:6:0
300,dpfi,24,atom_h,1,20260818:4515:300:2:24:1:1
300,dpfi,24,atom_v,1,20260818:4515:300:2:24:2:1
300,dpfi,24,atom_h,2,20260818:4515:300:2:24:1:2
300,dpfi,24,atom_v,2,20260818:4515:300:2:24:2:2
300,dpfi,24,atom_h,3,20260818:4515:300:2:24:1:3
300,dpfi,24,atom_v,3,20260818:4515:300:2:24:2:3
300,dpfi,24,atom_h,4,20260818:4515:300:2:24:1:4
300,dpfi,24,atom_v,4,20260818:4515:300:2:24:2:4
300,dpfi,24,atom_h,5,20260818:4515:300:2:24:1:5
300,dpfi,24,atom_v,5,20260818:4515:300:2:24:2:5
300,dpfi,24,atom_h,6,20260818:4515:300:2:24:1:6
300,dpfi,24,atom_v,6,20260818:4515:300:2:24:2:6
300,dpfi,24,atom_h,7,20260818:4515:300:2:24:1:7
300,dpfi,24,atom_v,7,20260818:4515:300:2:24:2:7
300,dpfi,24,atom_h,8,20260818:4515:300:2:24:1:8
300,dpfi,24,atom_v,8,20260818:4515:300:2:24:2:8
300,dpfi,24,atom_h,9,20260818:4515:300:2:24:1:9
300,dpfi,24,atom_v,9,20260818:4515:300:2:24:2:9
300,dpfi,24,atom_h,10,20260818:4515:300:2:24:1:10
300,dpfi,24,atom_v,10,20260818:4515:300:2:24:2:10
300,dpfi,24,atom_h,11,20260818:4515:300:2:24:1:11
300,dpfi,24,atom_v,11,20260818:4515:300:2:24:2:11
300,dpfi,24,atom_h,12,20260818:4515:300:2:24:1:12
300,dpfi,24,atom_v,12,20260818:4515:300:2:24:2:12
300,dpfi,24,atom_h,13,20260818:4515:300:2:24:1:13
300,dpfi,24,atom_v,13,20260818:4515:300:2:24:2:13
300,dpfi,24,atom_h,14,20260818:4515:300:2:24:1:14
300,dpfi,24,atom_v,14,20260818:4515:300:2:24:2:14
300,dpfi,24,atom_h,15,20260818:4515:300:2:24:1:15
300,dpfi,24,atom_v,15,20260818:4515:300:2:24:2:15
300,dpfi,25,blank_h,0,20260818:4515:300:2:25:3:0
300,dpfi,25,blank_v,0,20260818:4515:300:2:25:4:0
300,dpfi,25,dark_h,0,20260818:4515:300:2:25:5:0
300,dpfi,25,dark_v,0,20260818:4515:300:2:25:6:0
300,dpfi,25,atom_h,1,20260818:4515:300:2:25:1:1
300,dpfi,25,atom_v,1,20260818:4515:300:2:25:2:1
300,dpfi,25,atom_h,2,20260818:4515:300:2:25:1:2
300,dpfi,25,atom_v,2,20260818:4515:300:2:25:2:2
300,dpfi,25,atom_h,3,20260818:4515:300:2:25:1:3
300,dpfi,25,atom_v,3,20260818:4515:300:2:25:2:3
300,dpfi,25,atom_h,4,20260818:4515:300:2:25:1:4
300,dpfi,25,atom_v,4,20260818:4515:300:2:25:2:4
300,dpfi,25,atom_h,5,20260818:4515:300:2:25:1:5
300,dpfi,25,atom_v,5,20260818:4515:300:2:25:2:5
300,dpfi,25,atom_h,6,20260818:4515:300:2:25:1:6
300,dpfi,25,atom_v,6,20260818:4515:300:2:25:2:6
300,dpfi,25,atom_h,7,20260818:4515:300:2:25:1:7
300,dpfi,25,atom_v,7,20260818:4515:300:2:25:2:7
300,dpfi,25,atom_h,8,20260818:4515:300:2:25:1:8
300,dpfi,25,atom_v,8,20260818:4515:300:2:25:2:8
300,dpfi,25,atom_h,9,20260818:4515:300:2:25:1:9
300,dpfi,25,atom_v,9,20260818:4515:300:2:25:2:9
300,dpfi,25,atom_h,10,20260818:4515:300:2:25:1:10
300,dpfi,25,atom_v,10,20260818:4515:300:2:25:2:10
300,dpfi,25,atom_h,11,20260818:4515:300:2:25:1:11
300,dpfi,25,atom_v,11,20260818:4515:300:2:25:2:11
300,dpfi,25,atom_h,12,20260818:4515:300:2:25:1:12
300,dpfi,25,atom_v,12,20260818:4515:300:2:25:2:12
300,dpfi,25,atom_h,13,20260818:4515:300:2:25:1:13
300,dpfi,25,atom_v,13,20260818:4515:300:2:25:2:13
300,dpfi,25,atom_h,14,20260818:4515:300:2:25:1:14
300,dpfi,25,atom_v,14,20260818:4515:300:2:25:2:14
300,dpfi,25,atom_h,15,20260818:4515:300:2:25:1:15
300,dpfi,25,atom_v,15,20260818:4515:300:2:25:2:15
300,dpfi,26,blank_h,0,20260818:4515:300:2:26:3:0
300,dpfi,26,blank_v,0,20260818:4515:300:2:26:4:0
300,dpfi,26,dark_h,0,20260818:4515:300:2:26:5:0
300,dpfi,26,dark_v,0,20260818:4515:300:2:26:6:0
300,dpfi,26,atom_h,1,20260818:4515:300:2:26:1:1
300,dpfi,26,atom_v,1,20260818:4515:300:2:26:2:1
300,dpfi,26,atom_h,2,20260818:4515:300:2:26:1:2
300,dpfi,26,atom_v,2,20260818:4515:300:2:26:2:2
300,dpfi,26,atom_h,3,20260818:4515:300:2:26:1:3
300,dpfi,26,atom_v,3,20260818:4515:300:2:26:2:3
300,dpfi,26,atom_h,4,20260818:4515:300:2:26:1:4
300,dpfi,26,atom_v,4,20260818:4515:300:2:26:2:4
300,dpfi,26,atom_h,5,20260818:4515:300:2:26:1:5
300,dpfi,26,atom_v,5,20260818:4515:300:2:26:2:5
300,dpfi,26,atom_h,6,20260818:4515:300:2:26:1:6
300,dpfi,26,atom_v,6,20260818:4515:300:2:26:2:6
300,dpfi,26,atom_h,7,20260818:4515:300:2:26:1:7
300,dpfi,26,atom_v,7,20260818:4515:300:2:26:2:7
300,dpfi,26,atom_h,8,20260818:4515:300:2:26:1:8
300,dpfi,26,atom_v,8,20260818:4515:300:2:26:2:8
300,dpfi,26,atom_h,9,20260818:4515:300:2:26:1:9
300,dpfi,26,atom_v,9,20260818:4515:300:2:26:2:9
300,dpfi,26,atom_h,10,20260818:4515:300:2:26:1:10
300,dpfi,26,atom_v,10,20260818:4515:300:2:26:2:10
300,dpfi,26,atom_h,11,20260818:4515:300:2:26:1:11
300,dpfi,26,atom_v,11,20260818:4515:300:2:26:2:11
300,dpfi,26,atom_h,12,20260818:4515:300:2:26:1:12
300,dpfi,26,atom_v,12,20260818:4515:300:2:26:2:12
300,dpfi,26,atom_h,13,20260818:4515:300:2:26:1:13
300,dpfi,26,atom_v,13,20260818:4515:300:2:26:2:13
300,dpfi,26,atom_h,14,20260818:4515:300:2:26:1:14
300,dpfi,26,atom_v,14,20260818:4515:300:2:26:2:14
300,dpfi,26,atom_h,15,20260818:4515:300:2:26:1:15
300,dpfi,26,atom_v,15,20260818:4515:300:2:26:2:15
300,dpfi,27,blank_h,0,20260818:4515:300:2:27:3:0
300,dpfi,27,blank_v,0,20260818:4515:300:2:27:4:0
300,dpfi,27,dark_h,0,20260818:4515:300:2:27:5:0
300,dpfi,27,dark_v,0,20260818:4515:300:2:27:6:0
300,dpfi,27,atom_h,1,20260818:4515:300:2:27:1:1
300,dpfi,27,atom_v,1,20260818:4515:300:2:27:2:1
300,dpfi,27,atom_h,2,20260818:4515:300:2:27:1:2
300,dpfi,27,atom_v,2,20260818:4515:300:2:27:2:2
300,dpfi,27,atom_h,3,20260818:4515:300:2:27:1:3
300,dpfi,27,atom_v,3,20260818:4515:300:2:27:2:3
300,dpfi,27,atom_h,4,20260818:4515:300:2:27:1:4
300,dpfi,27,atom_v,4,20260818:4515:300:2:27:2:4
300,dpfi,27,atom_h,5,20260818:4515:300:2:27:1:5
300,dpfi,27,atom_v,5,20260818:4515:300:2:27:2:5
300,dpfi,27,atom_h,6,20260818:4515:300:2:27:1:6
300,dpfi,27,atom_v,6,20260818:4515:300:2:27:2:6
300,dpfi,27,atom_h,7,20260818:4515:300:2:27:1:7
300,dpfi,27,atom_v,7,20260818:4515:300:2:27:2:7
300,dpfi,27,atom_h,8,20260818:4515:300:2:27:1:8
300,dpfi,27,atom_v,8,20260818:4515:300:2:27:2:8
300,dpfi,27,atom_h,9,20260818:4515:300:2:27:1:9
300,dpfi,27,atom_v,9,20260818:4515:300:2:27:2:9
300,dpfi,27,atom_h,10,20260818:4515:300:2:27:1:10
300,dpfi,27,atom_v,10,20260818:4515:300:2:27:2:10
300,dpfi,27,atom_h,11,20260818:4515:300:2:27:1:11
300,dpfi,27,atom_v,11,20260818:4515:300:2:27:2:11
300,dpfi,27,atom_h,12,20260818:4515:300:2:27:1:12
300,dpfi,27,atom_v,12,20260818:4515:300:2:27:2:12
300,dpfi,27,atom_h,13,20260818:4515:300:2:27:1:13
300,dpfi,27,atom_v,13,20260818:4515:300:2:27:2:13
300,dpfi,27,atom_h,14,20260818:4515:300:2:27:1:14
300,dpfi,27,atom_v,14,20260818:4515:300:2:27:2:14
300,dpfi,27,atom_h,15,20260818:4515:300:2:27:1:15
300,dpfi,27,atom_v,15,20260818:4515:300:2:27:2:15
300,dpfi,28,blank_h,0,20260818:4515:300:2:28:3:0
300,dpfi,28,blank_v,0,20260818:4515:300:2:28:4:0
300,dpfi,28,dark_h,0,20260818:4515:300:2:28:5:0
300,dpfi,28,dark_v,0,20260818:4515:300:2:28:6:0
300,dpfi,28,atom_h,1,20260818:4515:300:2:28:1:1
300,dpfi,28,atom_v,1,20260818:4515:300:2:28:2:1
300,dpfi,28,atom_h,2,20260818:4515:300:2:28:1:2
300,dpfi,28,atom_v,2,20260818:4515:300:2:28:2:2
300,dpfi,28,atom_h,3,20260818:4515:300:2:28:1:3
300,dpfi,28,atom_v,3,20260818:4515:300:2:28:2:3
300,dpfi,28,atom_h,4,20260818:4515:300:2:28:1:4
300,dpfi,28,atom_v,4,20260818:4515:300:2:28:2:4
300,dpfi,28,atom_h,5,20260818:4515:300:2:28:1:5
300,dpfi,28,atom_v,5,20260818:4515:300:2:28:2:5
300,dpfi,28,atom_h,6,20260818:4515:300:2:28:1:6
300,dpfi,28,atom_v,6,20260818:4515:300:2:28:2:6
300,dpfi,28,atom_h,7,20260818:4515:300:2:28:1:7
300,dpfi,28,atom_v,7,20260818:4515:300:2:28:2:7
300,dpfi,28,atom_h,8,20260818:4515:300:2:28:1:8
300,dpfi,28,atom_v,8,20260818:4515:300:2:28:2:8
300,dpfi,28,atom_h,9,20260818:4515:300:2:28:1:9
300,dpfi,28,atom_v,9,20260818:4515:300:2:28:2:9
300,dpfi,28,atom_h,10,20260818:4515:300:2:28:1:10
300,dpfi,28,atom_v,10,20260818:4515:300:2:28:2:10
300,dpfi,28,atom_h,11,20260818:4515:300:2:28:1:11
300,dpfi,28,atom_v,11,20260818:4515:300:2:28:2:11
300,dpfi,28,atom_h,12,20260818:4515:300:2:28:1:12
300,dpfi,28,atom_v,12,20260818:4515:300:2:28:2:12
300,dpfi,28,atom_h,13,20260818:4515:300:2:28:1:13
300,dpfi,28,atom_v,13,20260818:4515:300:2:28:2:13
300,dpfi,28,atom_h,14,20260818:4515:300:2:28:1:14
300,dpfi,28,atom_v,14,20260818:4515:300:2:28:2:14
300,dpfi,28,atom_h,15,20260818:4515:300:2:28:1:15
300,dpfi,28,atom_v,15,20260818:4515:300:2:28:2:15
300,dpfi,29,blank_h,0,20260818:4515:300:2:29:3:0
300,dpfi,29,blank_v,0,20260818:4515:300:2:29:4:0
300,dpfi,29,dark_h,0,20260818:4515:300:2:29:5:0
300,dpfi,29,dark_v,0,20260818:4515:300:2:29:6:0
300,dpfi,29,atom_h,1,20260818:4515:300:2:29:1:1
300,dpfi,29,atom_v,1,20260818:4515:300:2:29:2:1
300,dpfi,29,atom_h,2,20260818:4515:300:2:29:1:2
300,dpfi,29,atom_v,2,20260818:4515:300:2:29:2:2
300,dpfi,29,atom_h,3,20260818:4515:300:2:29:1:3
300,dpfi,29,atom_v,3,20260818:4515:300:2:29:2:3
300,dpfi,29,atom_h,4,20260818:4515:300:2:29:1:4
300,dpfi,29,atom_v,4,20260818:4515:300:2:29:2:4
300,dpfi,29,atom_h,5,20260818:4515:300:2:29:1:5
300,dpfi,29,atom_v,5,20260818:4515:300:2:29:2:5
300,dpfi,29,atom_h,6,20260818:4515:300:2:29:1:6
300,dpfi,29,atom_v,6,20260818:4515:300:2:29:2:6
300,dpfi,29,atom_h,7,20260818:4515:300:2:29:1:7
300,dpfi,29,atom_v,7,20260818:4515:300:2:29:2:7
300,dpfi,29,atom_h,8,20260818:4515:300:2:29:1:8
300,dpfi,29,atom_v,8,20260818:4515:300:2:29:2:8
300,dpfi,29,atom_h,9,20260818:4515:300:2:29:1:9
300,dpfi,29,atom_v,9,20260818:4515:300:2:29:2:9
300,dpfi,29,atom_h,10,20260818:4515:300:2:29:1:10
300,dpfi,29,atom_v,10,20260818:4515:300:2:29:2:10
300,dpfi,29,atom_h,11,20260818:4515:300:2:29:1:11
300,dpfi,29,atom_v,11,20260818:4515:300:2:29:2:11
300,dpfi,29,atom_h,12,20260818:4515:300:2:29:1:12
300,dpfi,29,atom_v,12,20260818:4515:300:2:29:2:12
300,dpfi,29,atom_h,13,20260818:4515:300:2:29:1:13
300,dpfi,29,atom_v,13,20260818:4515:300:2:29:2:13
300,dpfi,29,atom_h,14,20260818:4515:300:2:29:1:14
300,dpfi,29,atom_v,14,20260818:4515:300:2:29:2:14
300,dpfi,29,atom_h,15,20260818:4515:300:2:29:1:15
300,dpfi,29,atom_v,15,20260818:4515:300:2:29:2:15
300,dpfi,30,blank_h,0,20260818:4515:300:2:30:3:0
300,dpfi,30,blank_v,0,20260818:4515:300:2:30:4:0
300,dpfi,30,dark_h,0,20260818:4515:300:2:30:5:0
300,dpfi,30,dark_v,0,20260818:4515:300:2:30:6:0
300,dpfi,30,atom_h,1,20260818:4515:300:2:30:1:1
300,dpfi,30,atom_v,1,20260818:4515:300:2:30:2:1
300,dpfi,30,atom_h,2,20260818:4515:300:2:30:1:2
300,dpfi,30,atom_v,2,20260818:4515:300:2:30:2:2
300,dpfi,30,atom_h,3,20260818:4515:300:2:30:1:3
300,dpfi,30,atom_v,3,20260818:4515:300:2:30:2:3
300,dpfi,30,atom_h,4,20260818:4515:300:2:30:1:4
300,dpfi,30,atom_v,4,20260818:4515:300:2:30:2:4
300,dpfi,30,atom_h,5,20260818:4515:300:2:30:1:5
300,dpfi,30,atom_v,5,20260818:4515:300:2:30:2:5
300,dpfi,30,atom_h,6,20260818:4515:300:2:30:1:6
300,dpfi,30,atom_v,6,20260818:4515:300:2:30:2:6
300,dpfi,30,atom_h,7,20260818:4515:300:2:30:1:7
300,dpfi,30,atom_v,7,20260818:4515:300:2:30:2:7
300,dpfi,30,atom_h,8,20260818:4515:300:2:30:1:8
300,dpfi,30,atom_v,8,20260818:4515:300:2:30:2:8
300,dpfi,30,atom_h,9,20260818:4515:300:2:30:1:9
300,dpfi,30,atom_v,9,20260818:4515:300:2:30:2:9
300,dpfi,30,atom_h,10,20260818:4515:300:2:30:1:10
300,dpfi,30,atom_v,10,20260818:4515:300:2:30:2:10
300,dpfi,30,atom_h,11,20260818:4515:300:2:30:1:11
300,dpfi,30,atom_v,11,20260818:4515:300:2:30:2:11
300,dpfi,30,atom_h,12,20260818:4515:300:2:30:1:12
300,dpfi,30,atom_v,12,20260818:4515:300:2:30:2:12
300,dpfi,30,atom_h,13,20260818:4515:300:2:30:1:13
300,dpfi,30,atom_v,13,20260818:4515:300:2:30:2:13
300,dpfi,30,atom_h,14,20260818:4515:300:2:30:1:14
300,dpfi,30,atom_v,14,20260818:4515:300:2:30:2:14
300,dpfi,30,atom_h,15,20260818:4515:300:2:30:1:15
300,dpfi,30,atom_v,15,20260818:4515:300:2:30:2:15
300,dpfi,31,blank_h,0,20260818:4515:300:2:31:3:0
300,dpfi,31,blank_v,0,20260818:4515:300:2:31:4:0
300,dpfi,31,dark_h,0,20260818:4515:300:2:31:5:0
300,dpfi,31,dark_v,0,20260818:4515:300:2:31:6:0
300,dpfi,31,atom_h,1,20260818:4515:300:2:31:1:1
300,dpfi,31,atom_v,1,20260818:4515:300:2:31:2:1
300,dpfi,31,atom_h,2,20260818:4515:300:2:31:1:2
300,dpfi,31,atom_v,2,20260818:4515:300:2:31:2:2
300,dpfi,31,atom_h,3,20260818:4515:300:2:31:1:3
300,dpfi,31,atom_v,3,20260818:4515:300:2:31:2:3
300,dpfi,31,atom_h,4,20260818:4515:300:2:31:1:4
300,dpfi,31,atom_v,4,20260818:4515:300:2:31:2:4
300,dpfi,31,atom_h,5,20260818:4515:300:2:31:1:5
300,dpfi,31,atom_v,5,20260818:4515:300:2:31:2:5
300,dpfi,31,atom_h,6,20260818:4515:300:2:31:1:6
300,dpfi,31,atom_v,6,20260818:4515:300:2:31:2:6
300,dpfi,31,atom_h,7,20260818:4515:300:2:31:1:7
300,dpfi,31,atom_v,7,20260818:4515:300:2:31:2:7
300,dpfi,31,atom_h,8,20260818:4515:300:2:31:1:8
300,dpfi,31,atom_v,8,20260818:4515:300:2:31:2:8
300,dpfi,31,atom_h,9,20260818:4515:300:2:31:1:9
300,dpfi,31,atom_v,9,20260818:4515:300:2:31:2:9
300,dpfi,31,atom_h,10,20260818:4515:300:2:31:1:10
300,dpfi,31,atom_v,10,20260818:4515:300:2:31:2:10
300,dpfi,31,atom_h,11,20260818:4515:300:2:31:1:11
300,dpfi,31,atom_v,11,20260818:4515:300:2:31:2:11
300,dpfi,31,atom_h,12,20260818:4515:300:2:31:1:12
300,dpfi,31,atom_v,12,20260818:4515:300:2:31:2:12
300,dpfi,31,atom_h,13,20260818:4515:300:2:31:1:13
300,dpfi,31,atom_v,13,20260818:4515:300:2:31:2:13
300,dpfi,31,atom_h,14,20260818:4515:300:2:31:1:14
300,dpfi,31,atom_v,14,20260818:4515:300:2:31:2:14
300,dpfi,31,atom_h,15,20260818:4515:300:2:31:1:15
300,dpfi,31,atom_v,15,20260818:4515:300:2:31:2:15
300,dpfi,32,blank_h,0,20260818:4515:300:2:32:3:0
300,dpfi,32,blank_v,0,20260818:4515:300:2:32:4:0
300,dpfi,32,dark_h,0,20260818:4515:300:2:32:5:0
300,dpfi,32,dark_v,0,20260818:4515:300:2:32:6:0
300,dpfi,32,atom_h,1,20260818:4515:300:2:32:1:1
300,dpfi,32,atom_v,1,20260818:4515:300:2:32:2:1
300,dpfi,32,atom_h,2,20260818:4515:300:2:32:1:2
300,dpfi,32,atom_v,2,20260818:4515:300:2:32:2:2
300,dpfi,32,atom_h,3,20260818:4515:300:2:32:1:3
300,dpfi,32,atom_v,3,20260818:4515:300:2:32:2:3
300,dpfi,32,atom_h,4,20260818:4515:300:2:32:1:4
300,dpfi,32,atom_v,4,20260818:4515:300:2:32:2:4
300,dpfi,32,atom_h,5,20260818:4515:300:2:32:1:5
300,dpfi,32,atom_v,5,20260818:4515:300:2:32:2:5
300,dpfi,32,atom_h,6,20260818:4515:300:2:32:1:6
300,dpfi,32,atom_v,6,20260818:4515:300:2:32:2:6
300,dpfi,32,atom_h,7,20260818:4515:300:2:32:1:7
300,dpfi,32,atom_v,7,20260818:4515:300:2:32:2:7
300,dpfi,32,atom_h,8,20260818:4515:300:2:32:1:8
300,dpfi,32,atom_v,8,20260818:4515:300:2:32:2:8
300,dpfi,32,atom_h,9,20260818:4515:300:2:32:1:9
300,dpfi,32,atom_v,9,20260818:4515:300:2:32:2:9
300,dpfi,32,atom_h,10,20260818:4515:300:2:32:1:10
300,dpfi,32,atom_v,10,20260818:4515:300:2:32:2:10
300,dpfi,32,atom_h,11,20260818:4515:300:2:32:1:11
300,dpfi,32,atom_v,11,20260818:4515:300:2:32:2:11
300,dpfi,32,atom_h,12,20260818:4515:300:2:32:1:12
300,dpfi,32,atom_v,12,20260818:4515:300:2:32:2:12
300,dpfi,32,atom_h,13,20260818:4515:300:2:32:1:13
300,dpfi,32,atom_v,13,20260818:4515:300:2:32:2:13
300,dpfi,32,atom_h,14,20260818:4515:300:2:32:1:14
300,dpfi,32,atom_v,14,20260818:4515:300:2:32:2:14
300,dpfi,32,atom_h,15,20260818:4515:300:2:32:1:15
300,dpfi,32,atom_v,15,20260818:4515:300:2:32:2:15
300,dpfi,33,blank_h,0,20260818:4515:300:2:33:3:0
300,dpfi,33,blank_v,0,20260818:4515:300:2:33:4:0
300,dpfi,33,dark_h,0,20260818:4515:300:2:33:5:0
300,dpfi,33,dark_v,0,20260818:4515:300:2:33:6:0
300,dpfi,33,atom_h,1,20260818:4515:300:2:33:1:1
300,dpfi,33,atom_v,1,20260818:4515:300:2:33:2:1
300,dpfi,33,atom_h,2,20260818:4515:300:2:33:1:2
300,dpfi,33,atom_v,2,20260818:4515:300:2:33:2:2
300,dpfi,33,atom_h,3,20260818:4515:300:2:33:1:3
300,dpfi,33,atom_v,3,20260818:4515:300:2:33:2:3
300,dpfi,33,atom_h,4,20260818:4515:300:2:33:1:4
300,dpfi,33,atom_v,4,20260818:4515:300:2:33:2:4
300,dpfi,33,atom_h,5,20260818:4515:300:2:33:1:5
300,dpfi,33,atom_v,5,20260818:4515:300:2:33:2:5
300,dpfi,33,atom_h,6,20260818:4515:300:2:33:1:6
300,dpfi,33,atom_v,6,20260818:4515:300:2:33:2:6
300,dpfi,33,atom_h,7,20260818:4515:300:2:33:1:7
300,dpfi,33,atom_v,7,20260818:4515:300:2:33:2:7
300,dpfi,33,atom_h,8,20260818:4515:300:2:33:1:8
300,dpfi,33,atom_v,8,20260818:4515:300:2:33:2:8
300,dpfi,33,atom_h,9,20260818:4515:300:2:33:1:9
300,dpfi,33,atom_v,9,20260818:4515:300:2:33:2:9
300,dpfi,33,atom_h,10,20260818:4515:300:2:33:1:10
300,dpfi,33,atom_v,10,20260818:4515:300:2:33:2:10
300,dpfi,33,atom_h,11,20260818:4515:300:2:33:1:11
300,dpfi,33,atom_v,11,20260818:4515:300:2:33:2:11
300,dpfi,33,atom_h,12,20260818:4515:300:2:33:1:12
300,dpfi,33,atom_v,12,20260818:4515:300:2:33:2:12
300,dpfi,33,atom_h,13,20260818:4515:300:2:33:1:13
300,dpfi,33,atom_v,13,20260818:4515:300:2:33:2:13
300,dpfi,33,atom_h,14,20260818:4515:300:2:33:1:14
300,dpfi,33,atom_v,14,20260818:4515:300:2:33:2:14
300,dpfi,33,atom_h,15,20260818:4515:300:2:33:1:15
300,dpfi,33,atom_v,15,20260818:4515:300:2:33:2:15
300,dpfi,34,blank_h,0,20260818:4515:300:2:34:3:0
300,dpfi,34,blank_v,0,20260818:4515:300:2:34:4:0
300,dpfi,34,dark_h,0,20260818:4515:300:2:34:5:0
300,dpfi,34,dark_v,0,20260818:4515:300:2:34:6:0
300,dpfi,34,atom_h,1,20260818:4515:300:2:34:1:1
300,dpfi,34,atom_v,1,20260818:4515:300:2:34:2:1
300,dpfi,34,atom_h,2,20260818:4515:300:2:34:1:2
300,dpfi,34,atom_v,2,20260818:4515:300:2:34:2:2
300,dpfi,34,atom_h,3,20260818:4515:300:2:34:1:3
300,dpfi,34,atom_v,3,20260818:4515:300:2:34:2:3
300,dpfi,34,atom_h,4,20260818:4515:300:2:34:1:4
300,dpfi,34,atom_v,4,20260818:4515:300:2:34:2:4
300,dpfi,34,atom_h,5,20260818:4515:300:2:34:1:5
300,dpfi,34,atom_v,5,20260818:4515:300:2:34:2:5
300,dpfi,34,atom_h,6,20260818:4515:300:2:34:1:6
300,dpfi,34,atom_v,6,20260818:4515:300:2:34:2:6
300,dpfi,34,atom_h,7,20260818:4515:300:2:34:1:7
300,dpfi,34,atom_v,7,20260818:4515:300:2:34:2:7
300,dpfi,34,atom_h,8,20260818:4515:300:2:34:1:8
300,dpfi,34,atom_v,8,20260818:4515:300:2:34:2:8
300,dpfi,34,atom_h,9,20260818:4515:300:2:34:1:9
300,dpfi,34,atom_v,9,20260818:4515:300:2:34:2:9
300,dpfi,34,atom_h,10,20260818:4515:300:2:34:1:10
300,dpfi,34,atom_v,10,20260818:4515:300:2:34:2:10
300,dpfi,34,atom_h,11,20260818:4515:300:2:34:1:11
300,dpfi,34,atom_v,11,20260818:4515:300:2:34:2:11
300,dpfi,34,atom_h,12,20260818:4515:300:2:34:1:12
300,dpfi,34,atom_v,12,20260818:4515:300:2:34:2:12
300,dpfi,34,atom_h,13,20260818:4515:300:2:34:1:13
300,dpfi,34,atom_v,13,20260818:4515:300:2:34:2:13
300,dpfi,34,atom_h,14,20260818:4515:300:2:34:1:14
300,dpfi,34,atom_v,14,20260818:4515:300:2:34:2:14
300,dpfi,34,atom_h,15,20260818:4515:300:2:34:1:15
300,dpfi,34,atom_v,15,20260818:4515:300:2:34:2:15
300,dpfi,35,blank_h,0,20260818:4515:300:2:35:3:0
300,dpfi,35,blank_v,0,20260818:4515:300:2:35:4:0
300,dpfi,35,dark_h,0,20260818:4515:300:2:35:5:0
300,dpfi,35,dark_v,0,20260818:4515:300:2:35:6:0
300,dpfi,35,atom_h,1,20260818:4515:300:2:35:1:1
300,dpfi,35,atom_v,1,20260818:4515:300:2:35:2:1
300,dpfi,35,atom_h,2,20260818:4515:300:2:35:1:2
300,dpfi,35,atom_v,2,20260818:4515:300:2:35:2:2
300,dpfi,35,atom_h,3,20260818:4515:300:2:35:1:3
300,dpfi,35,atom_v,3,20260818:4515:300:2:35:2:3
300,dpfi,35,atom_h,4,20260818:4515:300:2:35:1:4
300,dpfi,35,atom_v,4,20260818:4515:300:2:35:2:4
300,dpfi,35,atom_h,5,20260818:4515:300:2:35:1:5
300,dpfi,35,atom_v,5,20260818:4515:300:2:35:2:5
300,dpfi,35,atom_h,6,20260818:4515:300:2:35:1:6
300,dpfi,35,atom_v,6,20260818:4515:300:2:35:2:6
300,dpfi,35,atom_h,7,20260818:4515:300:2:35:1:7
300,dpfi,35,atom_v,7,20260818:4515:300:2:35:2:7
300,dpfi,35,atom_h,8,20260818:4515:300:2:35:1:8
300,dpfi,35,atom_v,8,20260818:4515:300:2:35:2:8
300,dpfi,35,atom_h,9,20260818:4515:300:2:35:1:9
300,dpfi,35,atom_v,9,20260818:4515:300:2:35:2:9
300,dpfi,35,atom_h,10,20260818:4515:300:2:35:1:10
300,dpfi,35,atom_v,10,20260818:4515:300:2:35:2:10
300,dpfi,35,atom_h,11,20260818:4515:300:2:35:1:11
300,dpfi,35,atom_v,11,20260818:4515:300:2:35:2:11
300,dpfi,35,atom_h,12,20260818:4515:300:2:35:1:12
300,dpfi,35,atom_v,12,20260818:4515:300:2:35:2:12
300,dpfi,35,atom_h,13,20260818:4515:300:2:35:1:13
300,dpfi,35,atom_v,13,20260818:4515:300:2:35:2:13
300,dpfi,35,atom_h,14,20260818:4515:300:2:35:1:14
300,dpfi,35,atom_v,14,20260818:4515:300:2:35:2:14
300,dpfi,35,atom_h,15,20260818:4515:300:2:35:1:15
300,dpfi,35,atom_v,15,20260818:4515:300:2:35:2:15
300,dpfi,36,blank_h,0,20260818:4515:300:2:36:3:0
300,dpfi,36,blank_v,0,20260818:4515:300:2:36:4:0
300,dpfi,36,dark_h,0,20260818:4515:300:2:36:5:0
300,dpfi,36,dark_v,0,20260818:4515:300:2:36:6:0
300,dpfi,36,atom_h,1,20260818:4515:300:2:36:1:1
300,dpfi,36,atom_v,1,20260818:4515:300:2:36:2:1
300,dpfi,36,atom_h,2,20260818:4515:300:2:36:1:2
300,dpfi,36,atom_v,2,20260818:4515:300:2:36:2:2
300,dpfi,36,atom_h,3,20260818:4515:300:2:36:1:3
300,dpfi,36,atom_v,3,20260818:4515:300:2:36:2:3
300,dpfi,36,atom_h,4,20260818:4515:300:2:36:1:4
300,dpfi,36,atom_v,4,20260818:4515:300:2:36:2:4
300,dpfi,36,atom_h,5,20260818:4515:300:2:36:1:5
300,dpfi,36,atom_v,5,20260818:4515:300:2:36:2:5
300,dpfi,36,atom_h,6,20260818:4515:300:2:36:1:6
300,dpfi,36,atom_v,6,20260818:4515:300:2:36:2:6
300,dpfi,36,atom_h,7,20260818:4515:300:2:36:1:7
300,dpfi,36,atom_v,7,20260818:4515:300:2:36:2:7
300,dpfi,36,atom_h,8,20260818:4515:300:2:36:1:8
300,dpfi,36,atom_v,8,20260818:4515:300:2:36:2:8
300,dpfi,36,atom_h,9,20260818:4515:300:2:36:1:9
300,dpfi,36,atom_v,9,20260818:4515:300:2:36:2:9
300,dpfi,36,atom_h,10,20260818:4515:300:2:36:1:10
300,dpfi,36,atom_v,10,20260818:4515:300:2:36:2:10
300,dpfi,36,atom_h,11,20260818:4515:300:2:36:1:11
300,dpfi,36,atom_v,11,20260818:4515:300:2:36:2:11
300,dpfi,36,atom_h,12,20260818:4515:300:2:36:1:12
300,dpfi,36,atom_v,12,20260818:4515:300:2:36:2:12
300,dpfi,36,atom_h,13,20260818:4515:300:2:36:1:13
300,dpfi,36,atom_v,13,20260818:4515:300:2:36:2:13
300,dpfi,36,atom_h,14,20260818:4515:300:2:36:1:14
300,dpfi,36,atom_v,14,20260818:4515:300:2:36:2:14
300,dpfi,36,atom_h,15,20260818:4515:300:2:36:1:15
300,dpfi,36,atom_v,15,20260818:4515:300:2:36:2:15
300,dpfi,37,blank_h,0,20260818:4515:300:2:37:3:0
300,dpfi,37,blank_v,0,20260818:4515:300:2:37:4:0
300,dpfi,37,dark_h,0,20260818:4515:300:2:37:5:0
300,dpfi,37,dark_v,0,20260818:4515:300:2:37:6:0
300,dpfi,37,atom_h,1,20260818:4515:300:2:37:1:1
300,dpfi,37,atom_v,1,20260818:4515:300:2:37:2:1
300,dpfi,37,atom_h,2,20260818:4515:300:2:37:1:2
300,dpfi,37,atom_v,2,20260818:4515:300:2:37:2:2
300,dpfi,37,atom_h,3,20260818:4515:300:2:37:1:3
300,dpfi,37,atom_v,3,20260818:4515:300:2:37:2:3
300,dpfi,37,atom_h,4,20260818:4515:300:2:37:1:4
300,dpfi,37,atom_v,4,20260818:4515:300:2:37:2:4
300,dpfi,37,atom_h,5,20260818:4515:300:2:37:1:5
300,dpfi,37,atom_v,5,20260818:4515:300:2:37:2:5
300,dpfi,37,atom_h,6,20260818:4515:300:2:37:1:6
300,dpfi,37,atom_v,6,20260818:4515:300:2:37:2:6
300,dpfi,37,atom_h,7,20260818:4515:300:2:37:1:7
300,dpfi,37,atom_v,7,20260818:4515:300:2:37:2:7
300,dpfi,37,atom_h,8,20260818:4515:300:2:37:1:8
300,dpfi,37,atom_v,8,20260818:4515:300:2:37:2:8
300,dpfi,37,atom_h,9,20260818:4515:300:2:37:1:9
300,dpfi,37,atom_v,9,20260818:4515:300:2:37:2:9
300,dpfi,37,atom_h,10,20260818:4515:300:2:37:1:10
300,dpfi,37,atom_v,10,20260818:4515:300:2:37:2:10
300,dpfi,37,atom_h,11,20260818:4515:300:2:37:1:11
300,dpfi,37,atom_v,11,20260818:4515:300:2:37:2:11
300,dpfi,37,atom_h,12,20260818:4515:300:2:37:1:12
300,dpfi,37,atom_v,12,20260818:4515:300:2:37:2:12
300,dpfi,37,atom_h,13,20260818:4515:300:2:37:1:13
300,dpfi,37,atom_v,13,20260818:4515:300:2:37:2:13
300,dpfi,37,atom_h,14,20260818:4515:300:2:37:1:14
300,dpfi,37,atom_v,14,20260818:4515:300:2:37:2:14
300,dpfi,37,atom_h,15,20260818:4515:300:2:37:1:15
300,dpfi,37,atom_v,15,20260818:4515:300:2:37:2:15
300,dpfi,38,blank_h,0,20260818:4515:300:2:38:3:0
300,dpfi,38,blank_v,0,20260818:4515:300:2:38:4:0
300,dpfi,38,dark_h,0,20260818:4515:300:2:38:5:0
300,dpfi,38,dark_v,0,20260818:4515:300:2:38:6:0
300,dpfi,38,atom_h,1,20260818:4515:300:2:38:1:1
300,dpfi,38,atom_v,1,20260818:4515:300:2:38:2:1
300,dpfi,38,atom_h,2,20260818:4515:300:2:38:1:2
300,dpfi,38,atom_v,2,20260818:4515:300:2:38:2:2
300,dpfi,38,atom_h,3,20260818:4515:300:2:38:1:3
300,dpfi,38,atom_v,3,20260818:4515:300:2:38:2:3
300,dpfi,38,atom_h,4,20260818:4515:300:2:38:1:4
300,dpfi,38,atom_v,4,20260818:4515:300:2:38:2:4
300,dpfi,38,atom_h,5,20260818:4515:300:2:38:1:5
300,dpfi,38,atom_v,5,20260818:4515:300:2:38:2:5
300,dpfi,38,atom_h,6,20260818:4515:300:2:38:1:6
300,dpfi,38,atom_v,6,20260818:4515:300:2:38:2:6
300,dpfi,38,atom_h,7,20260818:4515:300:2:38:1:7
300,dpfi,38,atom_v,7,20260818:4515:300:2:38:2:7
300,dpfi,38,atom_h,8,20260818:4515:300:2:38:1:8
300,dpfi,38,atom_v,8,20260818:4515:300:2:38:2:8
300,dpfi,38,atom_h,9,20260818:4515:300:2:38:1:9
300,dpfi,38,atom_v,9,20260818:4515:300:2:38:2:9
300,dpfi,38,atom_h,10,20260818:4515:300:2:38:1:10
300,dpfi,38,atom_v,10,20260818:4515:300:2:38:2:10
300,dpfi,38,atom_h,11,20260818:4515:300:2:38:1:11
300,dpfi,38,atom_v,11,20260818:4515:300:2:38:2:11
300,dpfi,38,atom_h,12,20260818:4515:300:2:38:1:12
300,dpfi,38,atom_v,12,20260818:4515:300:2:38:2:12
300,dpfi,38,atom_h,13,20260818:4515:300:2:38:1:13
300,dpfi,38,atom_v,13,20260818:4515:300:2:38:2:13
300,dpfi,38,atom_h,14,20260818:4515:300:2:38:1:14
300,dpfi,38,atom_v,14,20260818:4515:300:2:38:2:14
300,dpfi,38,atom_h,15,20260818:4515:300:2:38:1:15
300,dpfi,38,atom_v,15,20260818:4515:300:2:38:2:15
300,dpfi,39,blank_h,0,20260818:4515:300:2:39:3:0
300,dpfi,39,blank_v,0,20260818:4515:300:2:39:4:0
300,dpfi,39,dark_h,0,20260818:4515:300:2:39:5:0
300,dpfi,39,dark_v,0,20260818:4515:300:2:39:6:0
300,dpfi,39,atom_h,1,20260818:4515:300:2:39:1:1
300,dpfi,39,atom_v,1,20260818:4515:300:2:39:2:1
300,dpfi,39,atom_h,2,20260818:4515:300:2:39:1:2
300,dpfi,39,atom_v,2,20260818:4515:300:2:39:2:2
300,dpfi,39,atom_h,3,20260818:4515:300:2:39:1:3
300,dpfi,39,atom_v,3,20260818:4515:300:2:39:2:3
300,dpfi,39,atom_h,4,20260818:4515:300:2:39:1:4
300,dpfi,39,atom_v,4,20260818:4515:300:2:39:2:4
300,dpfi,39,atom_h,5,20260818:4515:300:2:39:1:5
300,dpfi,39,atom_v,5,20260818:4515:300:2:39:2:5
300,dpfi,39,atom_h,6,20260818:4515:300:2:39:1:6
300,dpfi,39,atom_v,6,20260818:4515:300:2:39:2:6
300,dpfi,39,atom_h,7,20260818:4515:300:2:39:1:7
300,dpfi,39,atom_v,7,20260818:4515:300:2:39:2:7
300,dpfi,39,atom_h,8,20260818:4515:300:2:39:1:8
300,dpfi,39,atom_v,8,20260818:4515:300:2:39:2:8
300,dpfi,39,atom_h,9,20260818:4515:300:2:39:1:9
300,dpfi,39,atom_v,9,20260818:4515:300:2:39:2:9
300,dpfi,39,atom_h,10,20260818:4515:300:2:39:1:10
300,dpfi,39,atom_v,10,20260818:4515:300:2:39:2:10
300,dpfi,39,atom_h,11,20260818:4515:300:2:39:1:11
300,dpfi,39,atom_v,11,20260818:4515:300:2:39:2:11
300,dpfi,39,atom_h,12,20260818:4515:300:2:39:1:12
300,dpfi,39,atom_v,12,20260818:4515:300:2:39:2:12
300,dpfi,39,atom_h,13,20260818:4515:300:2:39:1:13
300,dpfi,39,atom_v,13,20260818:4515:300:2:39:2:13
300,dpfi,39,atom_h,14,20260818:4515:300:2:39:1:14
300,dpfi,39,atom_v,14,20260818:4515:300:2:39:2:14
300,dpfi,39,atom_h,15,20260818:4515:300:2:39:1:15
300,dpfi,39,atom_v,15,20260818:4515:300:2:39:2:15
300,dpfi,40,blank_h,0,20260818:4515:300:2:40:3:0
300,dpfi,40,blank_v,0,20260818:4515:300:2:40:4:0
300,dpfi,40,dark_h,0,20260818:4515:300:2:40:5:0
300,dpfi,40,dark_v,0,20260818:4515:300:2:40:6:0
300,dpfi,40,atom_h,1,20260818:4515:300:2:40:1:1
300,dpfi,40,atom_v,1,20260818:4515:300:2:40:2:1
300,dpfi,40,atom_h,2,20260818:4515:300:2:40:1:2
300,dpfi,40,atom_v,2,20260818:4515:300:2:40:2:2
300,dpfi,40,atom_h,3,20260818:4515:300:2:40:1:3
300,dpfi,40,atom_v,3,20260818:4515:300:2:40:2:3
300,dpfi,40,atom_h,4,20260818:4515:300:2:40:1:4
300,dpfi,40,atom_v,4,20260818:4515:300:2:40:2:4
300,dpfi,40,atom_h,5,20260818:4515:300:2:40:1:5
300,dpfi,40,atom_v,5,20260818:4515:300:2:40:2:5
300,dpfi,40,atom_h,6,20260818:4515:300:2:40:1:6
300,dpfi,40,atom_v,6,20260818:4515:300:2:40:2:6
300,dpfi,40,atom_h,7,20260818:4515:300:2:40:1:7
300,dpfi,40,atom_v,7,20260818:4515:300:2:40:2:7
300,dpfi,40,atom_h,8,20260818:4515:300:2:40:1:8
300,dpfi,40,atom_v,8,20260818:4515:300:2:40:2:8
300,dpfi,40,atom_h,9,20260818:4515:300:2:40:1:9
300,dpfi,40,atom_v,9,20260818:4515:300:2:40:2:9
300,dpfi,40,atom_h,10,20260818:4515:300:2:40:1:10
300,dpfi,40,atom_v,10,20260818:4515:300:2:40:2:10
300,dpfi,40,atom_h,11,20260818:4515:300:2:40:1:11
300,dpfi,40,atom_v,11,20260818:4515:300:2:40:2:11
300,dpfi,40,atom_h,12,20260818:4515:300:2:40:1:12
300,dpfi,40,atom_v,12,20260818:4515:300:2:40:2:12
300,dpfi,40,atom_h,13,20260818:4515:300:2:40:1:13
300,dpfi,40,atom_v,13,20260818:4515:300:2:40:2:13
300,dpfi,40,atom_h,14,20260818:4515:300:2:40:1:14
300,dpfi,40,atom_v,14,20260818:4515:300:2:40:2:14
300,dpfi,40,atom_h,15,20260818:4515:300:2:40:1:15
300,dpfi,40,atom_v,15,20260818:4515:300:2:40:2:15
300,dpfi,41,blank_h,0,20260818:4515:300:2:41:3:0
300,dpfi,41,blank_v,0,20260818:4515:300:2:41:4:0
300,dpfi,41,dark_h,0,20260818:4515:300:2:41:5:0
300,dpfi,41,dark_v,0,20260818:4515:300:2:41:6:0
300,dpfi,41,atom_h,1,20260818:4515:300:2:41:1:1
300,dpfi,41,atom_v,1,20260818:4515:300:2:41:2:1
300,dpfi,41,atom_h,2,20260818:4515:300:2:41:1:2
300,dpfi,41,atom_v,2,20260818:4515:300:2:41:2:2
300,dpfi,41,atom_h,3,20260818:4515:300:2:41:1:3
300,dpfi,41,atom_v,3,20260818:4515:300:2:41:2:3
300,dpfi,41,atom_h,4,20260818:4515:300:2:41:1:4
300,dpfi,41,atom_v,4,20260818:4515:300:2:41:2:4
300,dpfi,41,atom_h,5,20260818:4515:300:2:41:1:5
300,dpfi,41,atom_v,5,20260818:4515:300:2:41:2:5
300,dpfi,41,atom_h,6,20260818:4515:300:2:41:1:6
300,dpfi,41,atom_v,6,20260818:4515:300:2:41:2:6
300,dpfi,41,atom_h,7,20260818:4515:300:2:41:1:7
300,dpfi,41,atom_v,7,20260818:4515:300:2:41:2:7
300,dpfi,41,atom_h,8,20260818:4515:300:2:41:1:8
300,dpfi,41,atom_v,8,20260818:4515:300:2:41:2:8
300,dpfi,41,atom_h,9,20260818:4515:300:2:41:1:9
300,dpfi,41,atom_v,9,20260818:4515:300:2:41:2:9
300,dpfi,41,atom_h,10,20260818:4515:300:2:41:1:10
300,dpfi,41,atom_v,10,20260818:4515:300:2:41:2:10
300,dpfi,41,atom_h,11,20260818:4515:300:2:41:1:11
300,dpfi,41,atom_v,11,20260818:4515:300:2:41:2:11
300,dpfi,41,atom_h,12,20260818:4515:300:2:41:1:12
300,dpfi,41,atom_v,12,20260818:4515:300:2:41:2:12
300,dpfi,41,atom_h,13,20260818:4515:300:2:41:1:13
300,dpfi,41,atom_v,13,20260818:4515:300:2:41:2:13
300,dpfi,41,atom_h,14,20260818:4515:300:2:41:1:14
300,dpfi,41,atom_v,14,20260818:4515:300:2:41:2:14
300,dpfi,41,atom_h,15,20260818:4515:300:2:41:1:15
300,dpfi,41,atom_v,15,20260818:4515:300:2:41:2:15
300,dpfi,42,blank_h,0,20260818:4515:300:2:42:3:0
300,dpfi,42,blank_v,0,20260818:4515:300:2:42:4:0
300,dpfi,42,dark_h,0,20260818:4515:300:2:42:5:0
300,dpfi,42,dark_v,0,20260818:4515:300:2:42:6:0
300,dpfi,42,atom_h,1,20260818:4515:300:2:42:1:1
300,dpfi,42,atom_v,1,20260818:4515:300:2:42:2:1
300,dpfi,42,atom_h,2,20260818:4515:300:2:42:1:2
300,dpfi,42,atom_v,2,20260818:4515:300:2:42:2:2
300,dpfi,42,atom_h,3,20260818:4515:300:2:42:1:3
300,dpfi,42,atom_v,3,20260818:4515:300:2:42:2:3
300,dpfi,42,atom_h,4,20260818:4515:300:2:42:1:4
300,dpfi,42,atom_v,4,20260818:4515:300:2:42:2:4
300,dpfi,42,atom_h,5,20260818:4515:300:2:42:1:5
300,dpfi,42,atom_v,5,20260818:4515:300:2:42:2:5
300,dpfi,42,atom_h,6,20260818:4515:300:2:42:1:6
300,dpfi,42,atom_v,6,20260818:4515:300:2:42:2:6
300,dpfi,42,atom_h,7,20260818:4515:300:2:42:1:7
300,dpfi,42,atom_v,7,20260818:4515:300:2:42:2:7
300,dpfi,42,atom_h,8,20260818:4515:300:2:42:1:8
300,dpfi,42,atom_v,8,20260818:4515:300:2:42:2:8
300,dpfi,42,atom_h,9,20260818:4515:300:2:42:1:9
300,dpfi,42,atom_v,9,20260818:4515:300:2:42:2:9
300,dpfi,42,atom_h,10,20260818:4515:300:2:42:1:10
300,dpfi,42,atom_v,10,20260818:4515:300:2:42:2:10
300,dpfi,42,atom_h,11,20260818:4515:300:2:42:1:11
300,dpfi,42,atom_v,11,20260818:4515:300:2:42:2:11
300,dpfi,42,atom_h,12,20260818:4515:300:2:42:1:12
300,dpfi,42,atom_v,12,20260818:4515:300:2:42:2:12
300,dpfi,42,atom_h,13,20260818:4515:300:2:42:1:13
300,dpfi,42,atom_v,13,20260818:4515:300:2:42:2:13
300,dpfi,42,atom_h,14,20260818:4515:300:2:42:1:14
300,dpfi,42,atom_v,14,20260818:4515:300:2:42:2:14
300,dpfi,42,atom_h,15,20260818:4515:300:2:42:1:15
300,dpfi,42,atom_v,15,20260818:4515:300:2:42:2:15
300,dpfi,43,blank_h,0,20260818:4515:300:2:43:3:0
300,dpfi,43,blank_v,0,20260818:4515:300:2:43:4:0
300,dpfi,43,dark_h,0,20260818:4515:300:2:43:5:0
300,dpfi,43,dark_v,0,20260818:4515:300:2:43:6:0
300,dpfi,43,atom_h,1,20260818:4515:300:2:43:1:1
300,dpfi,43,atom_v,1,20260818:4515:300:2:43:2:1
300,dpfi,43,atom_h,2,20260818:4515:300:2:43:1:2
300,dpfi,43,atom_v,2,20260818:4515:300:2:43:2:2
300,dpfi,43,atom_h,3,20260818:4515:300:2:43:1:3
300,dpfi,43,atom_v,3,20260818:4515:300:2:43:2:3
300,dpfi,43,atom_h,4,20260818:4515:300:2:43:1:4
300,dpfi,43,atom_v,4,20260818:4515:300:2:43:2:4
300,dpfi,43,atom_h,5,20260818:4515:300:2:43:1:5
300,dpfi,43,atom_v,5,20260818:4515:300:2:43:2:5
300,dpfi,43,atom_h,6,20260818:4515:300:2:43:1:6
300,dpfi,43,atom_v,6,20260818:4515:300:2:43:2:6
300,dpfi,43,atom_h,7,20260818:4515:300:2:43:1:7
300,dpfi,43,atom_v,7,20260818:4515:300:2:43:2:7
300,dpfi,43,atom_h,8,20260818:4515:300:2:43:1:8
300,dpfi,43,atom_v,8,20260818:4515:300:2:43:2:8
300,dpfi,43,atom_h,9,20260818:4515:300:2:43:1:9
300,dpfi,43,atom_v,9,20260818:4515:300:2:43:2:9
300,dpfi,43,atom_h,10,20260818:4515:300:2:43:1:10
300,dpfi,43,atom_v,10,20260818:4515:300:2:43:2:10
300,dpfi,43,atom_h,11,20260818:4515:300:2:43:1:11
300,dpfi,43,atom_v,11,20260818:4515:300:2:43:2:11
300,dpfi,43,atom_h,12,20260818:4515:300:2:43:1:12
300,dpfi,43,atom_v,12,20260818:4515:300:2:43:2:12
300,dpfi,43,atom_h,13,20260818:4515:300:2:43:1:13
300,dpfi,43,atom_v,13,20260818:4515:300:2:43:2:13
300,dpfi,43,atom_h,14,20260818:4515:300:2:43:1:14
300,dpfi,43,atom_v,14,20260818:4515:300:2:43:2:14
300,dpfi,43,atom_h,15,20260818:4515:300:2:43:1:15
300,dpfi,43,atom_v,15,20260818:4515:300:2:43:2:15
300,dpfi,44,blank_h,0,20260818:4515:300:2:44:3:0
300,dpfi,44,blank_v,0,20260818:4515:300:2:44:4:0
300,dpfi,44,dark_h,0,20260818:4515:300:2:44:5:0
300,dpfi,44,dark_v,0,20260818:4515:300:2:44:6:0
300,dpfi,44,atom_h,1,20260818:4515:300:2:44:1:1
300,dpfi,44,atom_v,1,20260818:4515:300:2:44:2:1
300,dpfi,44,atom_h,2,20260818:4515:300:2:44:1:2
300,dpfi,44,atom_v,2,20260818:4515:300:2:44:2:2
300,dpfi,44,atom_h,3,20260818:4515:300:2:44:1:3
300,dpfi,44,atom_v,3,20260818:4515:300:2:44:2:3
300,dpfi,44,atom_h,4,20260818:4515:300:2:44:1:4
300,dpfi,44,atom_v,4,20260818:4515:300:2:44:2:4
300,dpfi,44,atom_h,5,20260818:4515:300:2:44:1:5
300,dpfi,44,atom_v,5,20260818:4515:300:2:44:2:5
300,dpfi,44,atom_h,6,20260818:4515:300:2:44:1:6
300,dpfi,44,atom_v,6,20260818:4515:300:2:44:2:6
300,dpfi,44,atom_h,7,20260818:4515:300:2:44:1:7
300,dpfi,44,atom_v,7,20260818:4515:300:2:44:2:7
300,dpfi,44,atom_h,8,20260818:4515:300:2:44:1:8
300,dpfi,44,atom_v,8,20260818:4515:300:2:44:2:8
300,dpfi,44,atom_h,9,20260818:4515:300:2:44:1:9
300,dpfi,44,atom_v,9,20260818:4515:300:2:44:2:9
300,dpfi,44,atom_h,10,20260818:4515:300:2:44:1:10
300,dpfi,44,atom_v,10,20260818:4515:300:2:44:2:10
300,dpfi,44,atom_h,11,20260818:4515:300:2:44:1:11
300,dpfi,44,atom_v,11,20260818:4515:300:2:44:2:11
300,dpfi,44,atom_h,12,20260818:4515:300:2:44:1:12
300,dpfi,44,atom_v,12,20260818:4515:300:2:44:2:12
300,dpfi,44,atom_h,13,20260818:4515:300:2:44:1:13
300,dpfi,44,atom_v,13,20260818:4515:300:2:44:2:13
300,dpfi,44,atom_h,14,20260818:4515:300:2:44:1:14
300,dpfi,44,atom_v,14,20260818:4515:300:2:44:2:14
300,dpfi,44,atom_h,15,20260818:4515:300:2:44:1:15
300,dpfi,44,atom_v,15,20260818:4515:300:2:44:2:15
300,dpfi,45,blank_h,0,20260818:4515:300:2:45:3:0
300,dpfi,45,blank_v,0,20260818:4515:300:2:45:4:0
300,dpfi,45,dark_h,0,20260818:4515:300:2:45:5:0
300,dpfi,45,dark_v,0,20260818:4515:300:2:45:6:0
300,dpfi,45,atom_h,1,20260818:4515:300:2:45:1:1
300,dpfi,45,atom_v,1,20260818:4515:300:2:45:2:1
300,dpfi,45,atom_h,2,20260818:4515:300:2:45:1:2
300,dpfi,45,atom_v,2,20260818:4515:300:2:45:2:2
300,dpfi,45,atom_h,3,20260818:4515:300:2:45:1:3
300,dpfi,45,atom_v,3,20260818:4515:300:2:45:2:3
300,dpfi,45,atom_h,4,20260818:4515:300:2:45:1:4
300,dpfi,45,atom_v,4,20260818:4515:300:2:45:2:4
300,dpfi,45,atom_h,5,20260818:4515:300:2:45:1:5
300,dpfi,45,atom_v,5,20260818:4515:300:2:45:2:5
300,dpfi,45,atom_h,6,20260818:4515:300:2:45:1:6
300,dpfi,45,atom_v,6,20260818:4515:300:2:45:2:6
300,dpfi,45,atom_h,7,20260818:4515:300:2:45:1:7
300,dpfi,45,atom_v,7,20260818:4515:300:2:45:2:7
300,dpfi,45,atom_h,8,20260818:4515:300:2:45:1:8
300,dpfi,45,atom_v,8,20260818:4515:300:2:45:2:8
300,dpfi,45,atom_h,9,20260818:4515:300:2:45:1:9
300,dpfi,45,atom_v,9,20260818:4515:300:2:45:2:9
300,dpfi,45,atom_h,10,20260818:4515:300:2:45:1:10
300,dpfi,45,atom_v,10,20260818:4515:300:2:45:2:10
300,dpfi,45,atom_h,11,20260818:4515:300:2:45:1:11
300,dpfi,45,atom_v,11,20260818:4515:300:2:45:2:11
300,dpfi,45,atom_h,12,20260818:4515:300:2:45:1:12
300,dpfi,45,atom_v,12,20260818:4515:300:2:45:2:12
300,dpfi,45,atom_h,13,20260818:4515:300:2:45:1:13
300,dpfi,45,atom_v,13,20260818:4515:300:2:45:2:13
300,dpfi,45,atom_h,14,20260818:4515:300:2:45:1:14
300,dpfi,45,atom_v,14,20260818:4515:300:2:45:2:14
300,dpfi,45,atom_h,15,20260818:4515:300:2:45:1:15
300,dpfi,45,atom_v,15,20260818:4515:300:2:45:2:15
300,dpfi,46,blank_h,0,20260818:4515:300:2:46:3:0
300,dpfi,46,blank_v,0,20260818:4515:300:2:46:4:0
300,dpfi,46,dark_h,0,20260818:4515:300:2:46:5:0
300,dpfi,46,dark_v,0,20260818:4515:300:2:46:6:0
300,dpfi,46,atom_h,1,20260818:4515:300:2:46:1:1
300,dpfi,46,atom_v,1,20260818:4515:300:2:46:2:1
300,dpfi,46,atom_h,2,20260818:4515:300:2:46:1:2
300,dpfi,46,atom_v,2,20260818:4515:300:2:46:2:2
300,dpfi,46,atom_h,3,20260818:4515:300:2:46:1:3
300,dpfi,46,atom_v,3,20260818:4515:300:2:46:2:3
300,dpfi,46,atom_h,4,20260818:4515:300:2:46:1:4
300,dpfi,46,atom_v,4,20260818:4515:300:2:46:2:4
300,dpfi,46,atom_h,5,20260818:4515:300:2:46:1:5
300,dpfi,46,atom_v,5,20260818:4515:300:2:46:2:5
300,dpfi,46,atom_h,6,20260818:4515:300:2:46:1:6
300,dpfi,46,atom_v,6,20260818:4515:300:2:46:2:6
300,dpfi,46,atom_h,7,20260818:4515:300:2:46:1:7
300,dpfi,46,atom_v,7,20260818:4515:300:2:46:2:7
300,dpfi,46,atom_h,8,20260818:4515:300:2:46:1:8
300,dpfi,46,atom_v,8,20260818:4515:300:2:46:2:8
300,dpfi,46,atom_h,9,20260818:4515:300:2:46:1:9
300,dpfi,46,atom_v,9,20260818:4515:300:2:46:2:9
300,dpfi,46,atom_h,10,20260818:4515:300:2:46:1:10
300,dpfi,46,atom_v,10,20260818:4515:300:2:46:2:10
300,dpfi,46,atom_h,11,20260818:4515:300:2:46:1:11
300,dpfi,46,atom_v,11,20260818:4515:300:2:46:2:11
300,dpfi,46,atom_h,12,20260818:4515:300:2:46:1:12
300,dpfi,46,atom_v,12,20260818:4515:300:2:46:2:12
300,dpfi,46,atom_h,13,20260818:4515:300:2:46:1:13
300,dpfi,46,atom_v,13,20260818:4515:300:2:46:2:13
300,dpfi,46,atom_h,14,20260818:4515:300:2:46:1:14
300,dpfi,46,atom_v,14,20260818:4515:300:2:46:2:14
300,dpfi,46,atom_h,15,20260818:4515:300:2:46:1:15
300,dpfi,46,atom_v,15,20260818:4515:300:2:46:2:15
300,dpfi,47,blank_h,0,20260818:4515:300:2:47:3:0
300,dpfi,47,blank_v,0,20260818:4515:300:2:47:4:0
300,dpfi,47,dark_h,0,20260818:4515:300:2:47:5:0
300,dpfi,47,dark_v,0,20260818:4515:300:2:47:6:0
300,dpfi,47,atom_h,1,20260818:4515:300:2:47:1:1
300,dpfi,47,atom_v,1,20260818:4515:300:2:47:2:1
300,dpfi,47,atom_h,2,20260818:4515:300:2:47:1:2
300,dpfi,47,atom_v,2,20260818:4515:300:2:47:2:2
300,dpfi,47,atom_h,3,20260818:4515:300:2:47:1:3
300,dpfi,47,atom_v,3,20260818:4515:300:2:47:2:3
300,dpfi,47,atom_h,4,20260818:4515:300:2:47:1:4
300,dpfi,47,atom_v,4,20260818:4515:300:2:47:2:4
300,dpfi,47,atom_h,5,20260818:4515:300:2:47:1:5
300,dpfi,47,atom_v,5,20260818:4515:300:2:47:2:5
300,dpfi,47,atom_h,6,20260818:4515:300:2:47:1:6
300,dpfi,47,atom_v,6,20260818:4515:300:2:47:2:6
300,dpfi,47,atom_h,7,20260818:4515:300:2:47:1:7
300,dpfi,47,atom_v,7,20260818:4515:300:2:47:2:7
300,dpfi,47,atom_h,8,20260818:4515:300:2:47:1:8
300,dpfi,47,atom_v,8,20260818:4515:300:2:47:2:8
300,dpfi,47,atom_h,9,20260818:4515:300:2:47:1:9
300,dpfi,47,atom_v,9,20260818:4515:300:2:47:2:9
300,dpfi,47,atom_h,10,20260818:4515:300:2:47:1:10
300,dpfi,47,atom_v,10,20260818:4515:300:2:47:2:10
300,dpfi,47,atom_h,11,20260818:4515:300:2:47:1:11
300,dpfi,47,atom_v,11,20260818:4515:300:2:47:2:11
300,dpfi,47,atom_h,12,20260818:4515:300:2:47:1:12
300,dpfi,47,atom_v,12,20260818:4515:300:2:47:2:12
300,dpfi,47,atom_h,13,20260818:4515:300:2:47:1:13
300,dpfi,47,atom_v,13,20260818:4515:300:2:47:2:13
300,dpfi,47,atom_h,14,20260818:4515:300:2:47:1:14
300,dpfi,47,atom_v,14,20260818:4515:300:2:47:2:14
300,dpfi,47,atom_h,15,20260818:4515:300:2:47:1:15
300,dpfi,47,atom_v,15,20260818:4515:300:2:47:2:15
300,dpfi,48,blank_h,0,20260818:4515:300:2:48:3:0
300,dpfi,48,blank_v,0,20260818:4515:300:2:48:4:0
300,dpfi,48,dark_h,0,20260818:4515:300:2:48:5:0
300,dpfi,48,dark_v,0,20260818:4515:300:2:48:6:0
300,dpfi,48,atom_h,1,20260818:4515:300:2:48:1:1
300,dpfi,48,atom_v,1,20260818:4515:300:2:48:2:1
300,dpfi,48,atom_h,2,20260818:4515:300:2:48:1:2
300,dpfi,48,atom_v,2,20260818:4515:300:2:48:2:2
300,dpfi,48,atom_h,3,20260818:4515:300:2:48:1:3
300,dpfi,48,atom_v,3,20260818:4515:300:2:48:2:3
300,dpfi,48,atom_h,4,20260818:4515:300:2:48:1:4
300,dpfi,48,atom_v,4,20260818:4515:300:2:48:2:4
300,dpfi,48,atom_h,5,20260818:4515:300:2:48:1:5
300,dpfi,48,atom_v,5,20260818:4515:300:2:48:2:5
300,dpfi,48,atom_h,6,20260818:4515:300:2:48:1:6
300,dpfi,48,atom_v,6,20260818:4515:300:2:48:2:6
300,dpfi,48,atom_h,7,20260818:4515:300:2:48:1:7
300,dpfi,48,atom_v,7,20260818:4515:300:2:48:2:7
300,dpfi,48,atom_h,8,20260818:4515:300:2:48:1:8
300,dpfi,48,atom_v,8,20260818:4515:300:2:48:2:8
300,dpfi,48,atom_h,9,20260818:4515:300:2:48:1:9
300,dpfi,48,atom_v,9,20260818:4515:300:2:48:2:9
300,dpfi,48,atom_h,10,20260818:4515:300:2:48:1:10
300,dpfi,48,atom_v,10,20260818:4515:300:2:48:2:10
300,dpfi,48,atom_h,11,20260818:4515:300:2:48:1:11
300,dpfi,48,atom_v,11,20260818:4515:300:2:48:2:11
300,dpfi,48,atom_h,12,20260818:4515:300:2:48:1:12
300,dpfi,48,atom_v,12,20260818:4515:300:2:48:2:12
300,dpfi,48,atom_h,13,20260818:4515:300:2:48:1:13
300,dpfi,48,atom_v,13,20260818:4515:300:2:48:2:13
300,dpfi,48,atom_h,14,20260818:4515:300:2:48:1:14
300,dpfi,48,atom_v,14,20260818:4515:300:2:48:2:14
300,dpfi,48,atom_h,15,20260818:4515:300:2:48:1:15
300,dpfi,48,atom_v,15,20260818:4515:300:2:48:2:15
300,dpfi,49,blank_h,0,20260818:4515:300:2:49:3:0
300,dpfi,49,blank_v,0,20260818:4515:300:2:49:4:0
300,dpfi,49,dark_h,0,20260818:4515:300:2:49:5:0
300,dpfi,49,dark_v,0,20260818:4515:300:2:49:6:0
300,dpfi,49,atom_h,1,20260818:4515:300:2:49:1:1
300,dpfi,49,atom_v,1,20260818:4515:300:2:49:2:1
300,dpfi,49,atom_h,2,20260818:4515:300:2:49:1:2
300,dpfi,49,atom_v,2,20260818:4515:300:2:49:2:2
300,dpfi,49,atom_h,3,20260818:4515:300:2:49:1:3
300,dpfi,49,atom_v,3,20260818:4515:300:2:49:2:3
300,dpfi,49,atom_h,4,20260818:4515:300:2:49:1:4
300,dpfi,49,atom_v,4,20260818:4515:300:2:49:2:4
300,dpfi,49,atom_h,5,20260818:4515:300:2:49:1:5
300,dpfi,49,atom_v,5,20260818:4515:300:2:49:2:5
300,dpfi,49,atom_h,6,20260818:4515:300:2:49:1:6
300,dpfi,49,atom_v,6,20260818:4515:300:2:49:2:6
300,dpfi,49,atom_h,7,20260818:4515:300:2:49:1:7
300,dpfi,49,atom_v,7,20260818:4515:300:2:49:2:7
300,dpfi,49,atom_h,8,20260818:4515:300:2:49:1:8
300,dpfi,49,atom_v,8,20260818:4515:300:2:49:2:8
300,dpfi,49,atom_h,9,20260818:4515:300:2:49:1:9
300,dpfi,49,atom_v,9,20260818:4515:300:2:49:2:9
300,dpfi,49,atom_h,10,20260818:4515:300:2:49:1:10
300,dpfi,49,atom_v,10,20260818:4515:300:2:49:2:10
300,dpfi,49,atom_h,11,20260818:4515:300:2:49:1:11
300,dpfi,49,atom_v,11,20260818:4515:300:2:49:2:11
300,dpfi,49,atom_h,12,20260818:4515:300:2:49:1:12
300,dpfi,49,atom_v,12,20260818:4515:300:2:49:2:12
300,dpfi,49,atom_h,13,20260818:4515:300:2:49:1:13
300,dpfi,49,atom_v,13,20260818:4515:300:2:49:2:13
300,dpfi,49,atom_h,14,20260818:4515:300:2:49:1:14
300,dpfi,49,atom_v,14,20260818:4515:300:2:49:2:14
300,dpfi,49,atom_h,15,20260818:4515:300:2:49:1:15
300,dpfi,49,atom_v,15,20260818:4515:300:2:49:2:15
300,dpfi,50,blank_h,0,20260818:4515:300:2:50:3:0
300,dpfi,50,blank_v,0,20260818:4515:300:2:50:4:0
300,dpfi,50,dark_h,0,20260818:4515:300:2:50:5:0
300,dpfi,50,dark_v,0,20260818:4515:300:2:50:6:0
300,dpfi,50,atom_h,1,20260818:4515:300:2:50:1:1
300,dpfi,50,atom_v,1,20260818:4515:300:2:50:2:1
300,dpfi,50,atom_h,2,20260818:4515:300:2:50:1:2
300,dpfi,50,atom_v,2,20260818:4515:300:2:50:2:2
300,dpfi,50,atom_h,3,20260818:4515:300:2:50:1:3
300,dpfi,50,atom_v,3,20260818:4515:300:2:50:2:3
300,dpfi,50,atom_h,4,20260818:4515:300:2:50:1:4
300,dpfi,50,atom_v,4,20260818:4515:300:2:50:2:4
300,dpfi,50,atom_h,5,20260818:4515:300:2:50:1:5
300,dpfi,50,atom_v,5,20260818:4515:300:2:50:2:5
300,dpfi,50,atom_h,6,20260818:4515:300:2:50:1:6
300,dpfi,50,atom_v,6,20260818:4515:300:2:50:2:6
300,dpfi,50,atom_h,7,20260818:4515:300:2:50:1:7
300,dpfi,50,atom_v,7,20260818:4515:300:2:50:2:7
300,dpfi,50,atom_h,8,20260818:4515:300:2:50:1:8
300,dpfi,50,atom_v,8,20260818:4515:300:2:50:2:8
300,dpfi,50,atom_h,9,20260818:4515:300:2:50:1:9
300,dpfi,50,atom_v,9,20260818:4515:300:2:50:2:9
300,dpfi,50,atom_h,10,20260818:4515:300:2:50:1:10
300,dpfi,50,atom_v,10,20260818:4515:300:2:50:2:10
300,dpfi,50,atom_h,11,20260818:4515:300:2:50:1:11
300,dpfi,50,atom_v,11,20260818:4515:300:2:50:2:11
300,dpfi,50,atom_h,12,20260818:4515:300:2:50:1:12
300,dpfi,50,atom_v,12,20260818:4515:300:2:50:2:12
300,dpfi,50,atom_h,13,20260818:4515:300:2:50:1:13
300,dpfi,50,atom_v,13,20260818:4515:300:2:50:2:13
300,dpfi,50,atom_h,14,20260818:4515:300:2:50:1:14
300,dpfi,50,atom_v,14,20260818:4515:300:2:50:2:14
300,dpfi,50,atom_h,15,20260818:4515:300:2:50:1:15
300,dpfi,50,atom_v,15,20260818:4515:300:2:50:2:15
300,dpfi,51,blank_h,0,20260818:4515:300:2:51:3:0
300,dpfi,51,blank_v,0,20260818:4515:300:2:51:4:0
300,dpfi,51,dark_h,0,20260818:4515:300:2:51:5:0
300,dpfi,51,dark_v,0,20260818:4515:300:2:51:6:0
300,dpfi,51,atom_h,1,20260818:4515:300:2:51:1:1
300,dpfi,51,atom_v,1,20260818:4515:300:2:51:2:1
300,dpfi,51,atom_h,2,20260818:4515:300:2:51:1:2
300,dpfi,51,atom_v,2,20260818:4515:300:2:51:2:2
300,dpfi,51,atom_h,3,20260818:4515:300:2:51:1:3
300,dpfi,51,atom_v,3,20260818:4515:300:2:51:2:3
300,dpfi,51,atom_h,4,20260818:4515:300:2:51:1:4
300,dpfi,51,atom_v,4,20260818:4515:300:2:51:2:4
300,dpfi,51,atom_h,5,20260818:4515:300:2:51:1:5
300,dpfi,51,atom_v,5,20260818:4515:300:2:51:2:5
300,dpfi,51,atom_h,6,20260818:4515:300:2:51:1:6
300,dpfi,51,atom_v,6,20260818:4515:300:2:51:2:6
300,dpfi,51,atom_h,7,20260818:4515:300:2:51:1:7
300,dpfi,51,atom_v,7,20260818:4515:300:2:51:2:7
300,dpfi,51,atom_h,8,20260818:4515:300:2:51:1:8
300,dpfi,51,atom_v,8,20260818:4515:300:2:51:2:8
300,dpfi,51,atom_h,9,20260818:4515:300:2:51:1:9
300,dpfi,51,atom_v,9,20260818:4515:300:2:51:2:9
300,dpfi,51,atom_h,10,20260818:4515:300:2:51:1:10
300,dpfi,51,atom_v,10,20260818:4515:300:2:51:2:10
300,dpfi,51,atom_h,11,20260818:4515:300:2:51:1:11
300,dpfi,51,atom_v,11,20260818:4515:300:2:51:2:11
300,dpfi,51,atom_h,12,20260818:4515:300:2:51:1:12
300,dpfi,51,atom_v,12,20260818:4515:300:2:51:2:12
300,dpfi,51,atom_h,13,20260818:4515:300:2:51:1:13
300,dpfi,51,atom_v,13,20260818:4515:300:2:51:2:13
300,dpfi,51,atom_h,14,20260818:4515:300:2:51:1:14
300,dpfi,51,atom_v,14,20260818:4515:300:2:51:2:14
300,dpfi,51,atom_h,15,20260818:4515:300:2:51:1:15
300,dpfi,51,atom_v,15,20260818:4515:300:2:51:2:15
300,dpfi,52,blank_h,0,20260818:4515:300:2:52:3:0
300,dpfi,52,blank_v,0,20260818:4515:300:2:52:4:0
300,dpfi,52,dark_h,0,20260818:4515:300:2:52:5:0
300,dpfi,52,dark_v,0,20260818:4515:300:2:52:6:0
300,dpfi,52,atom_h,1,20260818:4515:300:2:52:1:1
300,dpfi,52,atom_v,1,20260818:4515:300:2:52:2:1
300,dpfi,52,atom_h,2,20260818:4515:300:2:52:1:2
300,dpfi,52,atom_v,2,20260818:4515:300:2:52:2:2
300,dpfi,52,atom_h,3,20260818:4515:300:2:52:1:3
300,dpfi,52,atom_v,3,20260818:4515:300:2:52:2:3
300,dpfi,52,atom_h,4,20260818:4515:300:2:52:1:4
300,dpfi,52,atom_v,4,20260818:4515:300:2:52:2:4
300,dpfi,52,atom_h,5,20260818:4515:300:2:52:1:5
300,dpfi,52,atom_v,5,20260818:4515:300:2:52:2:5
300,dpfi,52,atom_h,6,20260818:4515:300:2:52:1:6
300,dpfi,52,atom_v,6,20260818:4515:300:2:52:2:6
300,dpfi,52,atom_h,7,20260818:4515:300:2:52:1:7
300,dpfi,52,atom_v,7,20260818:4515:300:2:52:2:7
300,dpfi,52,atom_h,8,20260818:4515:300:2:52:1:8
300,dpfi,52,atom_v,8,20260818:4515:300:2:52:2:8
300,dpfi,52,atom_h,9,20260818:4515:300:2:52:1:9
300,dpfi,52,atom_v,9,20260818:4515:300:2:52:2:9
300,dpfi,52,atom_h,10,20260818:4515:300:2:52:1:10
300,dpfi,52,atom_v,10,20260818:4515:300:2:52:2:10
300,dpfi,52,atom_h,11,20260818:4515:300:2:52:1:11
300,dpfi,52,atom_v,11,20260818:4515:300:2:52:2:11
300,dpfi,52,atom_h,12,20260818:4515:300:2:52:1:12
300,dpfi,52,atom_v,12,20260818:4515:300:2:52:2:12
300,dpfi,52,atom_h,13,20260818:4515:300:2:52:1:13
300,dpfi,52,atom_v,13,20260818:4515:300:2:52:2:13
300,dpfi,52,atom_h,14,20260818:4515:300:2:52:1:14
300,dpfi,52,atom_v,14,20260818:4515:300:2:52:2:14
300,dpfi,52,atom_h,15,20260818:4515:300:2:52:1:15
300,dpfi,52,atom_v,15,20260818:4515:300:2:52:2:15
300,dpfi,53,blank_h,0,20260818:4515:300:2:53:3:0
300,dpfi,53,blank_v,0,20260818:4515:300:2:53:4:0
300,dpfi,53,dark_h,0,20260818:4515:300:2:53:5:0
300,dpfi,53,dark_v,0,20260818:4515:300:2:53:6:0
300,dpfi,53,atom_h,1,20260818:4515:300:2:53:1:1
300,dpfi,53,atom_v,1,20260818:4515:300:2:53:2:1
300,dpfi,53,atom_h,2,20260818:4515:300:2:53:1:2
300,dpfi,53,atom_v,2,20260818:4515:300:2:53:2:2
300,dpfi,53,atom_h,3,20260818:4515:300:2:53:1:3
300,dpfi,53,atom_v,3,20260818:4515:300:2:53:2:3
300,dpfi,53,atom_h,4,20260818:4515:300:2:53:1:4
300,dpfi,53,atom_v,4,20260818:4515:300:2:53:2:4
300,dpfi,53,atom_h,5,20260818:4515:300:2:53:1:5
300,dpfi,53,atom_v,5,20260818:4515:300:2:53:2:5
300,dpfi,53,atom_h,6,20260818:4515:300:2:53:1:6
300,dpfi,53,atom_v,6,20260818:4515:300:2:53:2:6
300,dpfi,53,atom_h,7,20260818:4515:300:2:53:1:7
300,dpfi,53,atom_v,7,20260818:4515:300:2:53:2:7
300,dpfi,53,atom_h,8,20260818:4515:300:2:53:1:8
300,dpfi,53,atom_v,8,20260818:4515:300:2:53:2:8
300,dpfi,53,atom_h,9,20260818:4515:300:2:53:1:9
300,dpfi,53,atom_v,9,20260818:4515:300:2:53:2:9
300,dpfi,53,atom_h,10,20260818:4515:300:2:53:1:10
300,dpfi,53,atom_v,10,20260818:4515:300:2:53:2:10
300,dpfi,53,atom_h,11,20260818:4515:300:2:53:1:11
300,dpfi,53,atom_v,11,20260818:4515:300:2:53:2:11
300,dpfi,53,atom_h,12,20260818:4515:300:2:53:1:12
300,dpfi,53,atom_v,12,20260818:4515:300:2:53:2:12
300,dpfi,53,atom_h,13,20260818:4515:300:2:53:1:13
300,dpfi,53,atom_v,13,20260818:4515:300:2:53:2:13
300,dpfi,53,atom_h,14,20260818:4515:300:2:53:1:14
300,dpfi,53,atom_v,14,20260818:4515:300:2:53:2:14
300,dpfi,53,atom_h,15,20260818:4515:300:2:53:1:15
300,dpfi,53,atom_v,15,20260818:4515:300:2:53:2:15
300,dpfi,54,blank_h,0,20260818:4515:300:2:54:3:0
300,dpfi,54,blank_v,0,20260818:4515:300:2:54:4:0
300,dpfi,54,dark_h,0,20260818:4515:300:2:54:5:0
300,dpfi,54,dark_v,0,20260818:4515:300:2:54:6:0
300,dpfi,54,atom_h,1,20260818:4515:300:2:54:1:1
300,dpfi,54,atom_v,1,20260818:4515:300:2:54:2:1
300,dpfi,54,atom_h,2,20260818:4515:300:2:54:1:2
300,dpfi,54,atom_v,2,20260818:4515:300:2:54:2:2
300,dpfi,54,atom_h,3,20260818:4515:300:2:54:1:3
300,dpfi,54,atom_v,3,20260818:4515:300:2:54:2:3
300,dpfi,54,atom_h,4,20260818:4515:300:2:54:1:4
300,dpfi,54,atom_v,4,20260818:4515:300:2:54:2:4
300,dpfi,54,atom_h,5,20260818:4515:300:2:54:1:5
300,dpfi,54,atom_v,5,20260818:4515:300:2:54:2:5
300,dpfi,54,atom_h,6,20260818:4515:300:2:54:1:6
300,dpfi,54,atom_v,6,20260818:4515:300:2:54:2:6
300,dpfi,54,atom_h,7,20260818:4515:300:2:54:1:7
300,dpfi,54,atom_v,7,20260818:4515:300:2:54:2:7
300,dpfi,54,atom_h,8,20260818:4515:300:2:54:1:8
300,dpfi,54,atom_v,8,20260818:4515:300:2:54:2:8
300,dpfi,54,atom_h,9,20260818:4515:300:2:54:1:9
300,dpfi,54,atom_v,9,20260818:4515:300:2:54:2:9
300,dpfi,54,atom_h,10,20260818:4515:300:2:54:1:10
300,dpfi,54,atom_v,10,20260818:4515:300:2:54:2:10
300,dpfi,54,atom_h,11,20260818:4515:300:2:54:1:11
300,dpfi,54,atom_v,11,20260818:4515:300:2:54:2:11
300,dpfi,54,atom_h,12,20260818:4515:300:2:54:1:12
300,dpfi,54,atom_v,12,20260818:4515:300:2:54:2:12
300,dpfi,54,atom_h,13,20260818:4515:300:2:54:1:13
300,dpfi,54,atom_v,13,20260818:4515:300:2:54:2:13
300,dpfi,54,atom_h,14,20260818:4515:300:2:54:1:14
300,dpfi,54,atom_v,14,20260818:4515:300:2:54:2:14
300,dpfi,54,atom_h,15,20260818:4515:300:2:54:1:15
300,dpfi,54,atom_v,15,20260818:4515:300:2:54:2:15
300,dpfi,55,blank_h,0,20260818:4515:300:2:55:3:0
300,dpfi,55,blank_v,0,20260818:4515:300:2:55:4:0
300,dpfi,55,dark_h,0,20260818:4515:300:2:55:5:0
300,dpfi,55,dark_v,0,20260818:4515:300:2:55:6:0
300,dpfi,55,atom_h,1,20260818:4515:300:2:55:1:1
300,dpfi,55,atom_v,1,20260818:4515:300:2:55:2:1
300,dpfi,55,atom_h,2,20260818:4515:300:2:55:1:2
300,dpfi,55,atom_v,2,20260818:4515:300:2:55:2:2
300,dpfi,55,atom_h,3,20260818:4515:300:2:55:1:3
300,dpfi,55,atom_v,3,20260818:4515:300:2:55:2:3
300,dpfi,55,atom_h,4,20260818:4515:300:2:55:1:4
300,dpfi,55,atom_v,4,20260818:4515:300:2:55:2:4
300,dpfi,55,atom_h,5,20260818:4515:300:2:55:1:5
300,dpfi,55,atom_v,5,20260818:4515:300:2:55:2:5
300,dpfi,55,atom_h,6,20260818:4515:300:2:55:1:6
300,dpfi,55,atom_v,6,20260818:4515:300:2:55:2:6
300,dpfi,55,atom_h,7,20260818:4515:300:2:55:1:7
300,dpfi,55,atom_v,7,20260818:4515:300:2:55:2:7
300,dpfi,55,atom_h,8,20260818:4515:300:2:55:1:8
300,dpfi,55,atom_v,8,20260818:4515:300:2:55:2:8
300,dpfi,55,atom_h,9,20260818:4515:300:2:55:1:9
300,dpfi,55,atom_v,9,20260818:4515:300:2:55:2:9
300,dpfi,55,atom_h,10,20260818:4515:300:2:55:1:10
300,dpfi,55,atom_v,10,20260818:4515:300:2:55:2:10
300,dpfi,55,atom_h,11,20260818:4515:300:2:55:1:11
300,dpfi,55,atom_v,11,20260818:4515:300:2:55:2:11
300,dpfi,55,atom_h,12,20260818:4515:300:2:55:1:12
300,dpfi,55,atom_v,12,20260818:4515:300:2:55:2:12
300,dpfi,55,atom_h,13,20260818:4515:300:2:55:1:13
300,dpfi,55,atom_v,13,20260818:4515:300:2:55:2:13
300,dpfi,55,atom_h,14,20260818:4515:300:2:55:1:14
300,dpfi,55,atom_v,14,20260818:4515:300:2:55:2:14
300,dpfi,55,atom_h,15,20260818:4515:300:2:55:1:15
300,dpfi,55,atom_v,15,20260818:4515:300:2:55:2:15
300,dpfi,56,blank_h,0,20260818:4515:300:2:56:3:0
300,dpfi,56,blank_v,0,20260818:4515:300:2:56:4:0
300,dpfi,56,dark_h,0,20260818:4515:300:2:56:5:0
300,dpfi,56,dark_v,0,20260818:4515:300:2:56:6:0
300,dpfi,56,atom_h,1,20260818:4515:300:2:56:1:1
300,dpfi,56,atom_v,1,20260818:4515:300:2:56:2:1
300,dpfi,56,atom_h,2,20260818:4515:300:2:56:1:2
300,dpfi,56,atom_v,2,20260818:4515:300:2:56:2:2
300,dpfi,56,atom_h,3,20260818:4515:300:2:56:1:3
300,dpfi,56,atom_v,3,20260818:4515:300:2:56:2:3
300,dpfi,56,atom_h,4,20260818:4515:300:2:56:1:4
300,dpfi,56,atom_v,4,20260818:4515:300:2:56:2:4
300,dpfi,56,atom_h,5,20260818:4515:300:2:56:1:5
300,dpfi,56,atom_v,5,20260818:4515:300:2:56:2:5
300,dpfi,56,atom_h,6,20260818:4515:300:2:56:1:6
300,dpfi,56,atom_v,6,20260818:4515:300:2:56:2:6
300,dpfi,56,atom_h,7,20260818:4515:300:2:56:1:7
300,dpfi,56,atom_v,7,20260818:4515:300:2:56:2:7
300,dpfi,56,atom_h,8,20260818:4515:300:2:56:1:8
300,dpfi,56,atom_v,8,20260818:4515:300:2:56:2:8
300,dpfi,56,atom_h,9,20260818:4515:300:2:56:1:9
300,dpfi,56,atom_v,9,20260818:4515:300:2:56:2:9
300,dpfi,56,atom_h,10,20260818:4515:300:2:56:1:10
300,dpfi,56,atom_v,10,20260818:4515:300:2:56:2:10
300,dpfi,56,atom_h,11,20260818:4515:300:2:56:1:11
300,dpfi,56,atom_v,11,20260818:4515:300:2:56:2:11
300,dpfi,56,atom_h,12,20260818:4515:300:2:56:1:12
300,dpfi,56,atom_v,12,20260818:4515:300:2:56:2:12
300,dpfi,56,atom_h,13,20260818:4515:300:2:56:1:13
300,dpfi,56,atom_v,13,20260818:4515:300:2:56:2:13
300,dpfi,56,atom_h,14,20260818:4515:300:2:56:1:14
300,dpfi,56,atom_v,14,20260818:4515:300:2:56:2:14
300,dpfi,56,atom_h,15,20260818:4515:300:2:56:1:15
300,dpfi,56,atom_v,15,20260818:4515:300:2:56:2:15
300,dpfi,57,blank_h,0,20260818:4515:300:2:57:3:0
300,dpfi,57,blank_v,0,20260818:4515:300:2:57:4:0
300,dpfi,57,dark_h,0,20260818:4515:300:2:57:5:0
300,dpfi,57,dark_v,0,20260818:4515:300:2:57:6:0
300,dpfi,57,atom_h,1,20260818:4515:300:2:57:1:1
300,dpfi,57,atom_v,1,20260818:4515:300:2:57:2:1
300,dpfi,57,atom_h,2,20260818:4515:300:2:57:1:2
300,dpfi,57,atom_v,2,20260818:4515:300:2:57:2:2
300,dpfi,57,atom_h,3,20260818:4515:300:2:57:1:3
300,dpfi,57,atom_v,3,20260818:4515:300:2:57:2:3
300,dpfi,57,atom_h,4,20260818:4515:300:2:57:1:4
300,dpfi,57,atom_v,4,20260818:4515:300:2:57:2:4
300,dpfi,57,atom_h,5,20260818:4515:300:2:57:1:5
300,dpfi,57,atom_v,5,20260818:4515:300:2:57:2:5
300,dpfi,57,atom_h,6,20260818:4515:300:2:57:1:6
300,dpfi,57,atom_v,6,20260818:4515:300:2:57:2:6
300,dpfi,57,atom_h,7,20260818:4515:300:2:57:1:7
300,dpfi,57,atom_v,7,20260818:4515:300:2:57:2:7
300,dpfi,57,atom_h,8,20260818:4515:300:2:57:1:8
300,dpfi,57,atom_v,8,20260818:4515:300:2:57:2:8
300,dpfi,57,atom_h,9,20260818:4515:300:2:57:1:9
300,dpfi,57,atom_v,9,20260818:4515:300:2:57:2:9
300,dpfi,57,atom_h,10,20260818:4515:300:2:57:1:10
300,dpfi,57,atom_v,10,20260818:4515:300:2:57:2:10
300,dpfi,57,atom_h,11,20260818:4515:300:2:57:1:11
300,dpfi,57,atom_v,11,20260818:4515:300:2:57:2:11
300,dpfi,57,atom_h,12,20260818:4515:300:2:57:1:12
300,dpfi,57,atom_v,12,20260818:4515:300:2:57:2:12
300,dpfi,57,atom_h,13,20260818:4515:300:2:57:1:13
300,dpfi,57,atom_v,13,20260818:4515:300:2:57:2:13
300,dpfi,57,atom_h,14,20260818:4515:300:2:57:1:14
300,dpfi,57,atom_v,14,20260818:4515:300:2:57:2:14
300,dpfi,57,atom_h,15,20260818:4515:300:2:57:1:15
300,dpfi,57,atom_v,15,20260818:4515:300:2:57:2:15
300,dpfi,58,blank_h,0,20260818:4515:300:2:58:3:0
300,dpfi,58,blank_v,0,20260818:4515:300:2:58:4:0
300,dpfi,58,dark_h,0,20260818:4515:300:2:58:5:0
300,dpfi,58,dark_v,0,20260818:4515:300:2:58:6:0
300,dpfi,58,atom_h,1,20260818:4515:300:2:58:1:1
300,dpfi,58,atom_v,1,20260818:4515:300:2:58:2:1
300,dpfi,58,atom_h,2,20260818:4515:300:2:58:1:2
300,dpfi,58,atom_v,2,20260818:4515:300:2:58:2:2
300,dpfi,58,atom_h,3,20260818:4515:300:2:58:1:3
300,dpfi,58,atom_v,3,20260818:4515:300:2:58:2:3
300,dpfi,58,atom_h,4,20260818:4515:300:2:58:1:4
300,dpfi,58,atom_v,4,20260818:4515:300:2:58:2:4
300,dpfi,58,atom_h,5,20260818:4515:300:2:58:1:5
300,dpfi,58,atom_v,5,20260818:4515:300:2:58:2:5
300,dpfi,58,atom_h,6,20260818:4515:300:2:58:1:6
300,dpfi,58,atom_v,6,20260818:4515:300:2:58:2:6
300,dpfi,58,atom_h,7,20260818:4515:300:2:58:1:7
300,dpfi,58,atom_v,7,20260818:4515:300:2:58:2:7
300,dpfi,58,atom_h,8,20260818:4515:300:2:58:1:8
300,dpfi,58,atom_v,8,20260818:4515:300:2:58:2:8
300,dpfi,58,atom_h,9,20260818:4515:300:2:58:1:9
300,dpfi,58,atom_v,9,20260818:4515:300:2:58:2:9
300,dpfi,58,atom_h,10,20260818:4515:300:2:58:1:10
300,dpfi,58,atom_v,10,20260818:4515:300:2:58:2:10
300,dpfi,58,atom_h,11,20260818:4515:300:2:58:1:11
300,dpfi,58,atom_v,11,20260818:4515:300:2:58:2:11
300,dpfi,58,atom_h,12,20260818:4515:300:2:58:1:12
300,dpfi,58,atom_v,12,20260818:4515:300:2:58:2:12
300,dpfi,58,atom_h,13,20260818:4515:300:2:58:1:13
300,dpfi,58,atom_v,13,20260818:4515:300:2:58:2:13
300,dpfi,58,atom_h,14,20260818:4515:300:2:58:1:14
300,dpfi,58,atom_v,14,20260818:4515:300:2:58:2:14
300,dpfi,58,atom_h,15,20260818:4515:300:2:58:1:15
300,dpfi,58,atom_v,15,20260818:4515:300:2:58:2:15
300,dpfi,59,blank_h,0,20260818:4515:300:2:59:3:0
300,dpfi,59,blank_v,0,20260818:4515:300:2:59:4:0
300,dpfi,59,dark_h,0,20260818:4515:300:2:59:5:0
300,dpfi,59,dark_v,0,20260818:4515:300:2:59:6:0
300,dpfi,59,atom_h,1,20260818:4515:300:2:59:1:1
300,dpfi,59,atom_v,1,20260818:4515:300:2:59:2:1
300,dpfi,59,atom_h,2,20260818:4515:300:2:59:1:2
300,dpfi,59,atom_v,2,20260818:4515:300:2:59:2:2
300,dpfi,59,atom_h,3,20260818:4515:300:2:59:1:3
300,dpfi,59,atom_v,3,20260818:4515:300:2:59:2:3
300,dpfi,59,atom_h,4,20260818:4515:300:2:59:1:4
300,dpfi,59,atom_v,4,20260818:4515:300:2:59:2:4
300,dpfi,59,atom_h,5,20260818:4515:300:2:59:1:5
300,dpfi,59,atom_v,5,20260818:4515:300:2:59:2:5
300,dpfi,59,atom_h,6,20260818:4515:300:2:59:1:6
300,dpfi,59,atom_v,6,20260818:4515:300:2:59:2:6
300,dpfi,59,atom_h,7,20260818:4515:300:2:59:1:7
300,dpfi,59,atom_v,7,20260818:4515:300:2:59:2:7
300,dpfi,59,atom_h,8,20260818:4515:300:2:59:1:8
300,dpfi,59,atom_v,8,20260818:4515:300:2:59:2:8
300,dpfi,59,atom_h,9,20260818:4515:300:2:59:1:9
300,dpfi,59,atom_v,9,20260818:4515:300:2:59:2:9
300,dpfi,59,atom_h,10,20260818:4515:300:2:59:1:10
300,dpfi,59,atom_v,10,20260818:4515:300:2:59:2:10
300,dpfi,59,atom_h,11,20260818:4515:300:2:59:1:11
300,dpfi,59,atom_v,11,20260818:4515:300:2:59:2:11
300,dpfi,59,atom_h,12,20260818:4515:300:2:59:1:12
300,dpfi,59,atom_v,12,20260818:4515:300:2:59:2:12
300,dpfi,59,atom_h,13,20260818:4515:300:2:59:1:13
300,dpfi,59,atom_v,13,20260818:4515:300:2:59:2:13
300,dpfi,59,atom_h,14,20260818:4515:300:2:59:1:14
300,dpfi,59,atom_v,14,20260818:4515:300:2:59:2:14
300,dpfi,59,atom_h,15,20260818:4515:300:2:59:1:15
300,dpfi,59,atom_v,15,20260818:4515:300:2:59:2:15
300,dpfi,60,blank_h,0,20260818:4515:300:2:60:3:0
300,dpfi,60,blank_v,0,20260818:4515:300:2:60:4:0
300,dpfi,60,dark_h,0,20260818:4515:300:2:60:5:0
300,dpfi,60,dark_v,0,20260818:4515:300:2:60:6:0
300,dpfi,60,atom_h,1,20260818:4515:300:2:60:1:1
300,dpfi,60,atom_v,1,20260818:4515:300:2:60:2:1
300,dpfi,60,atom_h,2,20260818:4515:300:2:60:1:2
300,dpfi,60,atom_v,2,20260818:4515:300:2:60:2:2
300,dpfi,60,atom_h,3,20260818:4515:300:2:60:1:3
300,dpfi,60,atom_v,3,20260818:4515:300:2:60:2:3
300,dpfi,60,atom_h,4,20260818:4515:300:2:60:1:4
300,dpfi,60,atom_v,4,20260818:4515:300:2:60:2:4
300,dpfi,60,atom_h,5,20260818:4515:300:2:60:1:5
300,dpfi,60,atom_v,5,20260818:4515:300:2:60:2:5
300,dpfi,60,atom_h,6,20260818:4515:300:2:60:1:6
300,dpfi,60,atom_v,6,20260818:4515:300:2:60:2:6
300,dpfi,60,atom_h,7,20260818:4515:300:2:60:1:7
300,dpfi,60,atom_v,7,20260818:4515:300:2:60:2:7
300,dpfi,60,atom_h,8,20260818:4515:300:2:60:1:8
300,dpfi,60,atom_v,8,20260818:4515:300:2:60:2:8
300,dpfi,60,atom_h,9,20260818:4515:300:2:60:1:9
300,dpfi,60,atom_v,9,20260818:4515:300:2:60:2:9
300,dpfi,60,atom_h,10,20260818:4515:300:2:60:1:10
300,dpfi,60,atom_v,10,20260818:4515:300:2:60:2:10
300,dpfi,60,atom_h,11,20260818:4515:300:2:60:1:11
300,dpfi,60,atom_v,11,20260818:4515:300:2:60:2:11
300,dpfi,60,atom_h,12,20260818:4515:300:2:60:1:12
300,dpfi,60,atom_v,12,20260818:4515:300:2:60:2:12
300,dpfi,60,atom_h,13,20260818:4515:300:2:60:1:13
300,dpfi,60,atom_v,13,20260818:4515:300:2:60:2:13
300,dpfi,60,atom_h,14,20260818:4515:300:2:60:1:14
300,dpfi,60,atom_v,14,20260818:4515:300:2:60:2:14
300,dpfi,60,atom_h,15,20260818:4515:300:2:60:1:15
300,dpfi,60,atom_v,15,20260818:4515:300:2:60:2:15
300,dpfi,61,blank_h,0,20260818:4515:300:2:61:3:0
300,dpfi,61,blank_v,0,20260818:4515:300:2:61:4:0
300,dpfi,61,dark_h,0,20260818:4515:300:2:61:5:0
300,dpfi,61,dark_v,0,20260818:4515:300:2:61:6:0
300,dpfi,61,atom_h,1,20260818:4515:300:2:61:1:1
300,dpfi,61,atom_v,1,20260818:4515:300:2:61:2:1
300,dpfi,61,atom_h,2,20260818:4515:300:2:61:1:2
300,dpfi,61,atom_v,2,20260818:4515:300:2:61:2:2
300,dpfi,61,atom_h,3,20260818:4515:300:2:61:1:3
300,dpfi,61,atom_v,3,20260818:4515:300:2:61:2:3
300,dpfi,61,atom_h,4,20260818:4515:300:2:61:1:4
300,dpfi,61,atom_v,4,20260818:4515:300:2:61:2:4
300,dpfi,61,atom_h,5,20260818:4515:300:2:61:1:5
300,dpfi,61,atom_v,5,20260818:4515:300:2:61:2:5
300,dpfi,61,atom_h,6,20260818:4515:300:2:61:1:6
300,dpfi,61,atom_v,6,20260818:4515:300:2:61:2:6
300,dpfi,61,atom_h,7,20260818:4515:300:2:61:1:7
300,dpfi,61,atom_v,7,20260818:4515:300:2:61:2:7
300,dpfi,61,atom_h,8,20260818:4515:300:2:61:1:8
300,dpfi,61,atom_v,8,20260818:4515:300:2:61:2:8
300,dpfi,61,atom_h,9,20260818:4515:300:2:61:1:9
300,dpfi,61,atom_v,9,20260818:4515:300:2:61:2:9
300,dpfi,61,atom_h,10,20260818:4515:300:2:61:1:10
300,dpfi,61,atom_v,10,20260818:4515:300:2:61:2:10
300,dpfi,61,atom_h,11,20260818:4515:300:2:61:1:11
300,dpfi,61,atom_v,11,20260818:4515:300:2:61:2:11
300,dpfi,61,atom_h,12,20260818:4515:300:2:61:1:12
300,dpfi,61,atom_v,12,20260818:4515:300:2:61:2:12
300,dpfi,61,atom_h,13,20260818:4515:300:2:61:1:13
300,dpfi,61,atom_v,13,20260818:4515:300:2:61:2:13
300,dpfi,61,atom_h,14,20260818:4515:300:2:61:1:14
300,dpfi,61,atom_v,14,20260818:4515:300:2:61:2:14
300,dpfi,61,atom_h,15,20260818:4515:300:2:61:1:15
300,dpfi,61,atom_v,15,20260818:4515:300:2:61:2:15
300,dpfi,62,blank_h,0,20260818:4515:300:2:62:3:0
300,dpfi,62,blank_v,0,20260818:4515:300:2:62:4:0
300,dpfi,62,dark_h,0,20260818:4515:300:2:62:5:0
300,dpfi,62,dark_v,0,20260818:4515:300:2:62:6:0
300,dpfi,62,atom_h,1,20260818:4515:300:2:62:1:1
300,dpfi,62,atom_v,1,20260818:4515:300:2:62:2:1
300,dpfi,62,atom_h,2,20260818:4515:300:2:62:1:2
300,dpfi,62,atom_v,2,20260818:4515:300:2:62:2:2
300,dpfi,62,atom_h,3,20260818:4515:300:2:62:1:3
300,dpfi,62,atom_v,3,20260818:4515:300:2:62:2:3
300,dpfi,62,atom_h,4,20260818:4515:300:2:62:1:4
300,dpfi,62,atom_v,4,20260818:4515:300:2:62:2:4
300,dpfi,62,atom_h,5,20260818:4515:300:2:62:1:5
300,dpfi,62,atom_v,5,20260818:4515:300:2:62:2:5
300,dpfi,62,atom_h,6,20260818:4515:300:2:62:1:6
300,dpfi,62,atom_v,6,20260818:4515:300:2:62:2:6
300,dpfi,62,atom_h,7,20260818:4515:300:2:62:1:7
300,dpfi,62,atom_v,7,20260818:4515:300:2:62:2:7
300,dpfi,62,atom_h,8,20260818:4515:300:2:62:1:8
300,dpfi,62,atom_v,8,20260818:4515:300:2:62:2:8
300,dpfi,62,atom_h,9,20260818:4515:300:2:62:1:9
300,dpfi,62,atom_v,9,20260818:4515:300:2:62:2:9
300,dpfi,62,atom_h,10,20260818:4515:300:2:62:1:10
300,dpfi,62,atom_v,10,20260818:4515:300:2:62:2:10
300,dpfi,62,atom_h,11,20260818:4515:300:2:62:1:11
300,dpfi,62,atom_v,11,20260818:4515:300:2:62:2:11
300,dpfi,62,atom_h,12,20260818:4515:300:2:62:1:12
300,dpfi,62,atom_v,12,20260818:4515:300:2:62:2:12
300,dpfi,62,atom_h,13,20260818:4515:300:2:62:1:13
300,dpfi,62,atom_v,13,20260818:4515:300:2:62:2:13
300,dpfi,62,atom_h,14,20260818:4515:300:2:62:1:14
300,dpfi,62,atom_v,14,20260818:4515:300:2:62:2:14
300,dpfi,62,atom_h,15,20260818:4515:300:2:62:1:15
300,dpfi,62,atom_v,15,20260818:4515:300:2:62:2:15
300,dpfi,63,blank_h,0,20260818:4515:300:2:63:3:0
300,dpfi,63,blank_v,0,20260818:4515:300:2:63:4:0
300,dpfi,63,dark_h,0,20260818:4515:300:2:63:5:0
300,dpfi,63,dark_v,0,20260818:4515:300:2:63:6:0
300,dpfi,63,atom_h,1,20260818:4515:300:2:63:1:1
300,dpfi,63,atom_v,1,20260818:4515:300:2:63:2:1
300,dpfi,63,atom_h,2,20260818:4515:300:2:63:1:2
300,dpfi,63,atom_v,2,20260818:4515:300:2:63:2:2
300,dpfi,63,atom_h,3,20260818:4515:300:2:63:1:3
300,dpfi,63,atom_v,3,20260818:4515:300:2:63:2:3
300,dpfi,63,atom_h,4,20260818:4515:300:2:63:1:4
300,dpfi,63,atom_v,4,20260818:4515:300:2:63:2:4
300,dpfi,63,atom_h,5,20260818:4515:300:2:63:1:5
300,dpfi,63,atom_v,5,20260818:4515:300:2:63:2:5
300,dpfi,63,atom_h,6,20260818:4515:300:2:63:1:6
300,dpfi,63,atom_v,6,20260818:4515:300:2:63:2:6
300,dpfi,63,atom_h,7,20260818:4515:300:2:63:1:7
300,dpfi,63,atom_v,7,20260818:4515:300:2:63:2:7
300,dpfi,63,atom_h,8,20260818:4515:300:2:63:1:8
300,dpfi,63,atom_v,8,20260818:4515:300:2:63:2:8
300,dpfi,63,atom_h,9,20260818:4515:300:2:63:1:9
300,dpfi,63,atom_v,9,20260818:4515:300:2:63:2:9
300,dpfi,63,atom_h,10,20260818:4515:300:2:63:1:10
300,dpfi,63,atom_v,10,20260818:4515:300:2:63:2:10
300,dpfi,63,atom_h,11,20260818:4515:300:2:63:1:11
300,dpfi,63,atom_v,11,20260818:4515:300:2:63:2:11
300,dpfi,63,atom_h,12,20260818:4515:300:2:63:1:12
300,dpfi,63,atom_v,12,20260818:4515:300:2:63:2:12
300,dpfi,63,atom_h,13,20260818:4515:300:2:63:1:13
300,dpfi,63,atom_v,13,20260818:4515:300:2:63:2:13
300,dpfi,63,atom_h,14,20260818:4515:300:2:63:1:14
300,dpfi,63,atom_v,14,20260818:4515:300:2:63:2:14
300,dpfi,63,atom_h,15,20260818:4515:300:2:63:1:15
300,dpfi,63,atom_v,15,20260818:4515:300:2:63:2:15
350,dpfi,0,blank_h,0,20260818:4515:350:2:0:3:0
350,dpfi,0,blank_v,0,20260818:4515:350:2:0:4:0
350,dpfi,0,dark_h,0,20260818:4515:350:2:0:5:0
350,dpfi,0,dark_v,0,20260818:4515:350:2:0:6:0
350,dpfi,0,atom_h,1,20260818:4515:350:2:0:1:1
350,dpfi,0,atom_v,1,20260818:4515:350:2:0:2:1
350,dpfi,0,atom_h,2,20260818:4515:350:2:0:1:2
350,dpfi,0,atom_v,2,20260818:4515:350:2:0:2:2
350,dpfi,0,atom_h,3,20260818:4515:350:2:0:1:3
350,dpfi,0,atom_v,3,20260818:4515:350:2:0:2:3
350,dpfi,0,atom_h,4,20260818:4515:350:2:0:1:4
350,dpfi,0,atom_v,4,20260818:4515:350:2:0:2:4
350,dpfi,0,atom_h,5,20260818:4515:350:2:0:1:5
350,dpfi,0,atom_v,5,20260818:4515:350:2:0:2:5
350,dpfi,0,atom_h,6,20260818:4515:350:2:0:1:6
350,dpfi,0,atom_v,6,20260818:4515:350:2:0:2:6
350,dpfi,0,atom_h,7,20260818:4515:350:2:0:1:7
350,dpfi,0,atom_v,7,20260818:4515:350:2:0:2:7
350,dpfi,0,atom_h,8,20260818:4515:350:2:0:1:8
350,dpfi,0,atom_v,8,20260818:4515:350:2:0:2:8
350,dpfi,0,atom_h,9,20260818:4515:350:2:0:1:9
350,dpfi,0,atom_v,9,20260818:4515:350:2:0:2:9
350,dpfi,0,atom_h,10,20260818:4515:350:2:0:1:10
350,dpfi,0,atom_v,10,20260818:4515:350:2:0:2:10
350,dpfi,0,atom_h,11,20260818:4515:350:2:0:1:11
350,dpfi,0,atom_v,11,20260818:4515:350:2:0:2:11
350,dpfi,0,atom_h,12,20260818:4515:350:2:0:1:12
350,dpfi,0,atom_v,12,20260818:4515:350:2:0:2:12
350,dpfi,0,atom_h,13,20260818:4515:350:2:0:1:13
350,dpfi,0,atom_v,13,20260818:4515:350:2:0:2:13
350,dpfi,0,atom_h,14,20260818:4515:350:2:0:1:14
350,dpfi,0,atom_v,14,20260818:4515:350:2:0:2:14
350,dpfi,0,atom_h,15,20260818:4515:350:2:0:1:15
350,dpfi,0,atom_v,15,20260818:4515:350:2:0:2:15
350,dpfi,1,blank_h,0,20260818:4515:350:2:1:3:0
350,dpfi,1,blank_v,0,20260818:4515:350:2:1:4:0
350,dpfi,1,dark_h,0,20260818:4515:350:2:1:5:0
350,dpfi,1,dark_v,0,20260818:4515:350:2:1:6:0
350,dpfi,1,atom_h,1,20260818:4515:350:2:1:1:1
350,dpfi,1,atom_v,1,20260818:4515:350:2:1:2:1
350,dpfi,1,atom_h,2,20260818:4515:350:2:1:1:2
350,dpfi,1,atom_v,2,20260818:4515:350:2:1:2:2
350,dpfi,1,atom_h,3,20260818:4515:350:2:1:1:3
350,dpfi,1,atom_v,3,20260818:4515:350:2:1:2:3
350,dpfi,1,atom_h,4,20260818:4515:350:2:1:1:4
350,dpfi,1,atom_v,4,20260818:4515:350:2:1:2:4
350,dpfi,1,atom_h,5,20260818:4515:350:2:1:1:5
350,dpfi,1,atom_v,5,20260818:4515:350:2:1:2:5
350,dpfi,1,atom_h,6,20260818:4515:350:2:1:1:6
350,dpfi,1,atom_v,6,20260818:4515:350:2:1:2:6
350,dpfi,1,atom_h,7,20260818:4515:350:2:1:1:7
350,dpfi,1,atom_v,7,20260818:4515:350:2:1:2:7
350,dpfi,1,atom_h,8,20260818:4515:350:2:1:1:8
350,dpfi,1,atom_v,8,20260818:4515:350:2:1:2:8
350,dpfi,1,atom_h,9,20260818:4515:350:2:1:1:9
350,dpfi,1,atom_v,9,20260818:4515:350:2:1:2:9
350,dpfi,1,atom_h,10,20260818:4515:350:2:1:1:10
350,dpfi,1,atom_v,10,20260818:4515:350:2:1:2:10
350,dpfi,1,atom_h,11,20260818:4515:350:2:1:1:11
350,dpfi,1,atom_v,11,20260818:4515:350:2:1:2:11
350,dpfi,1,atom_h,12,20260818:4515:350:2:1:1:12
350,dpfi,1,atom_v,12,20260818:4515:350:2:1:2:12
350,dpfi,1,atom_h,13,20260818:4515:350:2:1:1:13
350,dpfi,1,atom_v,13,20260818:4515:350:2:1:2:13
350,dpfi,1,atom_h,14,20260818:4515:350:2:1:1:14
350,dpfi,1,atom_v,14,20260818:4515:350:2:1:2:14
350,dpfi,1,atom_h,15,20260818:4515:350:2:1:1:15
350,dpfi,1,atom_v,15,20260818:4515:350:2:1:2:15
350,dpfi,2,blank_h,0,20260818:4515:350:2:2:3:0
350,dpfi,2,blank_v,0,20260818:4515:350:2:2:4:0
350,dpfi,2,dark_h,0,20260818:4515:350:2:2:5:0
350,dpfi,2,dark_v,0,20260818:4515:350:2:2:6:0
350,dpfi,2,atom_h,1,20260818:4515:350:2:2:1:1
350,dpfi,2,atom_v,1,20260818:4515:350:2:2:2:1
350,dpfi,2,atom_h,2,20260818:4515:350:2:2:1:2
350,dpfi,2,atom_v,2,20260818:4515:350:2:2:2:2
350,dpfi,2,atom_h,3,20260818:4515:350:2:2:1:3
350,dpfi,2,atom_v,3,20260818:4515:350:2:2:2:3
350,dpfi,2,atom_h,4,20260818:4515:350:2:2:1:4
350,dpfi,2,atom_v,4,20260818:4515:350:2:2:2:4
350,dpfi,2,atom_h,5,20260818:4515:350:2:2:1:5
350,dpfi,2,atom_v,5,20260818:4515:350:2:2:2:5
350,dpfi,2,atom_h,6,20260818:4515:350:2:2:1:6
350,dpfi,2,atom_v,6,20260818:4515:350:2:2:2:6
350,dpfi,2,atom_h,7,20260818:4515:350:2:2:1:7
350,dpfi,2,atom_v,7,20260818:4515:350:2:2:2:7
350,dpfi,2,atom_h,8,20260818:4515:350:2:2:1:8
350,dpfi,2,atom_v,8,20260818:4515:350:2:2:2:8
350,dpfi,2,atom_h,9,20260818:4515:350:2:2:1:9
350,dpfi,2,atom_v,9,20260818:4515:350:2:2:2:9
350,dpfi,2,atom_h,10,20260818:4515:350:2:2:1:10
350,dpfi,2,atom_v,10,20260818:4515:350:2:2:2:10
350,dpfi,2,atom_h,11,20260818:4515:350:2:2:1:11
350,dpfi,2,atom_v,11,20260818:4515:350:2:2:2:11
350,dpfi,2,atom_h,12,20260818:4515:350:2:2:1:12
350,dpfi,2,atom_v,12,20260818:4515:350:2:2:2:12
350,dpfi,2,atom_h,13,20260818:4515:350:2:2:1:13
350,dpfi,2,atom_v,13,20260818:4515:350:2:2:2:13
350,dpfi,2,atom_h,14,20260818:4515:350:2:2:1:14
350,dpfi,2,atom_v,14,20260818:4515:350:2:2:2:14
350,dpfi,2,atom_h,15,20260818:4515:350:2:2:1:15
350,dpfi,2,atom_v,15,20260818:4515:350:2:2:2:15
350,dpfi,3,blank_h,0,20260818:4515:350:2:3:3:0
350,dpfi,3,blank_v,0,20260818:4515:350:2:3:4:0
350,dpfi,3,dark_h,0,20260818:4515:350:2:3:5:0
350,dpfi,3,dark_v,0,20260818:4515:350:2:3:6:0
350,dpfi,3,atom_h,1,20260818:4515:350:2:3:1:1
350,dpfi,3,atom_v,1,20260818:4515:350:2:3:2:1
350,dpfi,3,atom_h,2,20260818:4515:350:2:3:1:2
350,dpfi,3,atom_v,2,20260818:4515:350:2:3:2:2
350,dpfi,3,atom_h,3,20260818:4515:350:2:3:1:3
350,dpfi,3,atom_v,3,20260818:4515:350:2:3:2:3
350,dpfi,3,atom_h,4,20260818:4515:350:2:3:1:4
350,dpfi,3,atom_v,4,20260818:4515:350:2:3:2:4
350,dpfi,3,atom_h,5,20260818:4515:350:2:3:1:5
350,dpfi,3,atom_v,5,20260818:4515:350:2:3:2:5
350,dpfi,3,atom_h,6,20260818:4515:350:2:3:1:6
350,dpfi,3,atom_v,6,20260818:4515:350:2:3:2:6
350,dpfi,3,atom_h,7,20260818:4515:350:2:3:1:7
350,dpfi,3,atom_v,7,20260818:4515:350:2:3:2:7
350,dpfi,3,atom_h,8,20260818:4515:350:2:3:1:8
350,dpfi,3,atom_v,8,20260818:4515:350:2:3:2:8
350,dpfi,3,atom_h,9,20260818:4515:350:2:3:1:9
350,dpfi,3,atom_v,9,20260818:4515:350:2:3:2:9
350,dpfi,3,atom_h,10,20260818:4515:350:2:3:1:10
350,dpfi,3,atom_v,10,20260818:4515:350:2:3:2:10
350,dpfi,3,atom_h,11,20260818:4515:350:2:3:1:11
350,dpfi,3,atom_v,11,20260818:4515:350:2:3:2:11
350,dpfi,3,atom_h,12,20260818:4515:350:2:3:1:12
350,dpfi,3,atom_v,12,20260818:4515:350:2:3:2:12
350,dpfi,3,atom_h,13,20260818:4515:350:2:3:1:13
350,dpfi,3,atom_v,13,20260818:4515:350:2:3:2:13
350,dpfi,3,atom_h,14,20260818:4515:350:2:3:1:14
350,dpfi,3,atom_v,14,20260818:4515:350:2:3:2:14
350,dpfi,3,atom_h,15,20260818:4515:350:2:3:1:15
350,dpfi,3,atom_v,15,20260818:4515:350:2:3:2:15
350,dpfi,4,blank_h,0,20260818:4515:350:2:4:3:0
350,dpfi,4,blank_v,0,20260818:4515:350:2:4:4:0
350,dpfi,4,dark_h,0,20260818:4515:350:2:4:5:0
350,dpfi,4,dark_v,0,20260818:4515:350:2:4:6:0
350,dpfi,4,atom_h,1,20260818:4515:350:2:4:1:1
350,dpfi,4,atom_v,1,20260818:4515:350:2:4:2:1
350,dpfi,4,atom_h,2,20260818:4515:350:2:4:1:2
350,dpfi,4,atom_v,2,20260818:4515:350:2:4:2:2
350,dpfi,4,atom_h,3,20260818:4515:350:2:4:1:3
350,dpfi,4,atom_v,3,20260818:4515:350:2:4:2:3
350,dpfi,4,atom_h,4,20260818:4515:350:2:4:1:4
350,dpfi,4,atom_v,4,20260818:4515:350:2:4:2:4
350,dpfi,4,atom_h,5,20260818:4515:350:2:4:1:5
350,dpfi,4,atom_v,5,20260818:4515:350:2:4:2:5
350,dpfi,4,atom_h,6,20260818:4515:350:2:4:1:6
350,dpfi,4,atom_v,6,20260818:4515:350:2:4:2:6
350,dpfi,4,atom_h,7,20260818:4515:350:2:4:1:7
350,dpfi,4,atom_v,7,20260818:4515:350:2:4:2:7
350,dpfi,4,atom_h,8,20260818:4515:350:2:4:1:8
350,dpfi,4,atom_v,8,20260818:4515:350:2:4:2:8
350,dpfi,4,atom_h,9,20260818:4515:350:2:4:1:9
350,dpfi,4,atom_v,9,20260818:4515:350:2:4:2:9
350,dpfi,4,atom_h,10,20260818:4515:350:2:4:1:10
350,dpfi,4,atom_v,10,20260818:4515:350:2:4:2:10
350,dpfi,4,atom_h,11,20260818:4515:350:2:4:1:11
350,dpfi,4,atom_v,11,20260818:4515:350:2:4:2:11
350,dpfi,4,atom_h,12,20260818:4515:350:2:4:1:12
350,dpfi,4,atom_v,12,20260818:4515:350:2:4:2:12
350,dpfi,4,atom_h,13,20260818:4515:350:2:4:1:13
350,dpfi,4,atom_v,13,20260818:4515:350:2:4:2:13
350,dpfi,4,atom_h,14,20260818:4515:350:2:4:1:14
350,dpfi,4,atom_v,14,20260818:4515:350:2:4:2:14
350,dpfi,4,atom_h,15,20260818:4515:350:2:4:1:15
350,dpfi,4,atom_v,15,20260818:4515:350:2:4:2:15
350,dpfi,5,blank_h,0,20260818:4515:350:2:5:3:0
350,dpfi,5,blank_v,0,20260818:4515:350:2:5:4:0
350,dpfi,5,dark_h,0,20260818:4515:350:2:5:5:0
350,dpfi,5,dark_v,0,20260818:4515:350:2:5:6:0
350,dpfi,5,atom_h,1,20260818:4515:350:2:5:1:1
350,dpfi,5,atom_v,1,20260818:4515:350:2:5:2:1
350,dpfi,5,atom_h,2,20260818:4515:350:2:5:1:2
350,dpfi,5,atom_v,2,20260818:4515:350:2:5:2:2
350,dpfi,5,atom_h,3,20260818:4515:350:2:5:1:3
350,dpfi,5,atom_v,3,20260818:4515:350:2:5:2:3
350,dpfi,5,atom_h,4,20260818:4515:350:2:5:1:4
350,dpfi,5,atom_v,4,20260818:4515:350:2:5:2:4
350,dpfi,5,atom_h,5,20260818:4515:350:2:5:1:5
350,dpfi,5,atom_v,5,20260818:4515:350:2:5:2:5
350,dpfi,5,atom_h,6,20260818:4515:350:2:5:1:6
350,dpfi,5,atom_v,6,20260818:4515:350:2:5:2:6
350,dpfi,5,atom_h,7,20260818:4515:350:2:5:1:7
350,dpfi,5,atom_v,7,20260818:4515:350:2:5:2:7
350,dpfi,5,atom_h,8,20260818:4515:350:2:5:1:8
350,dpfi,5,atom_v,8,20260818:4515:350:2:5:2:8
350,dpfi,5,atom_h,9,20260818:4515:350:2:5:1:9
350,dpfi,5,atom_v,9,20260818:4515:350:2:5:2:9
350,dpfi,5,atom_h,10,20260818:4515:350:2:5:1:10
350,dpfi,5,atom_v,10,20260818:4515:350:2:5:2:10
350,dpfi,5,atom_h,11,20260818:4515:350:2:5:1:11
350,dpfi,5,atom_v,11,20260818:4515:350:2:5:2:11
350,dpfi,5,atom_h,12,20260818:4515:350:2:5:1:12
350,dpfi,5,atom_v,12,20260818:4515:350:2:5:2:12
350,dpfi,5,atom_h,13,20260818:4515:350:2:5:1:13
350,dpfi,5,atom_v,13,20260818:4515:350:2:5:2:13
350,dpfi,5,atom_h,14,20260818:4515:350:2:5:1:14
350,dpfi,5,atom_v,14,20260818:4515:350:2:5:2:14
350,dpfi,5,atom_h,15,20260818:4515:350:2:5:1:15
350,dpfi,5,atom_v,15,20260818:4515:350:2:5:2:15
350,dpfi,6,blank_h,0,20260818:4515:350:2:6:3:0
350,dpfi,6,blank_v,0,20260818:4515:350:2:6:4:0
350,dpfi,6,dark_h,0,20260818:4515:350:2:6:5:0
350,dpfi,6,dark_v,0,20260818:4515:350:2:6:6:0
350,dpfi,6,atom_h,1,20260818:4515:350:2:6:1:1
350,dpfi,6,atom_v,1,20260818:4515:350:2:6:2:1
350,dpfi,6,atom_h,2,20260818:4515:350:2:6:1:2
350,dpfi,6,atom_v,2,20260818:4515:350:2:6:2:2
350,dpfi,6,atom_h,3,20260818:4515:350:2:6:1:3
350,dpfi,6,atom_v,3,20260818:4515:350:2:6:2:3
350,dpfi,6,atom_h,4,20260818:4515:350:2:6:1:4
350,dpfi,6,atom_v,4,20260818:4515:350:2:6:2:4
350,dpfi,6,atom_h,5,20260818:4515:350:2:6:1:5
350,dpfi,6,atom_v,5,20260818:4515:350:2:6:2:5
350,dpfi,6,atom_h,6,20260818:4515:350:2:6:1:6
350,dpfi,6,atom_v,6,20260818:4515:350:2:6:2:6
350,dpfi,6,atom_h,7,20260818:4515:350:2:6:1:7
350,dpfi,6,atom_v,7,20260818:4515:350:2:6:2:7
350,dpfi,6,atom_h,8,20260818:4515:350:2:6:1:8
350,dpfi,6,atom_v,8,20260818:4515:350:2:6:2:8
350,dpfi,6,atom_h,9,20260818:4515:350:2:6:1:9
350,dpfi,6,atom_v,9,20260818:4515:350:2:6:2:9
350,dpfi,6,atom_h,10,20260818:4515:350:2:6:1:10
350,dpfi,6,atom_v,10,20260818:4515:350:2:6:2:10
350,dpfi,6,atom_h,11,20260818:4515:350:2:6:1:11
350,dpfi,6,atom_v,11,20260818:4515:350:2:6:2:11
350,dpfi,6,atom_h,12,20260818:4515:350:2:6:1:12
350,dpfi,6,atom_v,12,20260818:4515:350:2:6:2:12
350,dpfi,6,atom_h,13,20260818:4515:350:2:6:1:13
350,dpfi,6,atom_v,13,20260818:4515:350:2:6:2:13
350,dpfi,6,atom_h,14,20260818:4515:350:2:6:1:14
350,dpfi,6,atom_v,14,20260818:4515:350:2:6:2:14
350,dpfi,6,atom_h,15,20260818:4515:350:2:6:1:15
350,dpfi,6,atom_v,15,20260818:4515:350:2:6:2:15
350,dpfi,7,blank_h,0,20260818:4515:350:2:7:3:0
350,dpfi,7,blank_v,0,20260818:4515:350:2:7:4:0
350,dpfi,7,dark_h,0,20260818:4515:350:2:7:5:0
350,dpfi,7,dark_v,0,20260818:4515:350:2:7:6:0
350,dpfi,7,atom_h,1,20260818:4515:350:2:7:1:1
350,dpfi,7,atom_v,1,20260818:4515:350:2:7:2:1
350,dpfi,7,atom_h,2,20260818:4515:350:2:7:1:2
350,dpfi,7,atom_v,2,20260818:4515:350:2:7:2:2
350,dpfi,7,atom_h,3,20260818:4515:350:2:7:1:3
350,dpfi,7,atom_v,3,20260818:4515:350:2:7:2:3
350,dpfi,7,atom_h,4,20260818:4515:350:2:7:1:4
350,dpfi,7,atom_v,4,20260818:4515:350:2:7:2:4
350,dpfi,7,atom_h,5,20260818:4515:350:2:7:1:5
350,dpfi,7,atom_v,5,20260818:4515:350:2:7:2:5
350,dpfi,7,atom_h,6,20260818:4515:350:2:7:1:6
350,dpfi,7,atom_v,6,20260818:4515:350:2:7:2:6
350,dpfi,7,atom_h,7,20260818:4515:350:2:7:1:7
350,dpfi,7,atom_v,7,20260818:4515:350:2:7:2:7
350,dpfi,7,atom_h,8,20260818:4515:350:2:7:1:8
350,dpfi,7,atom_v,8,20260818:4515:350:2:7:2:8
350,dpfi,7,atom_h,9,20260818:4515:350:2:7:1:9
350,dpfi,7,atom_v,9,20260818:4515:350:2:7:2:9
350,dpfi,7,atom_h,10,20260818:4515:350:2:7:1:10
350,dpfi,7,atom_v,10,20260818:4515:350:2:7:2:10
350,dpfi,7,atom_h,11,20260818:4515:350:2:7:1:11
350,dpfi,7,atom_v,11,20260818:4515:350:2:7:2:11
350,dpfi,7,atom_h,12,20260818:4515:350:2:7:1:12
350,dpfi,7,atom_v,12,20260818:4515:350:2:7:2:12
350,dpfi,7,atom_h,13,20260818:4515:350:2:7:1:13
350,dpfi,7,atom_v,13,20260818:4515:350:2:7:2:13
350,dpfi,7,atom_h,14,20260818:4515:350:2:7:1:14
350,dpfi,7,atom_v,14,20260818:4515:350:2:7:2:14
350,dpfi,7,atom_h,15,20260818:4515:350:2:7:1:15
350,dpfi,7,atom_v,15,20260818:4515:350:2:7:2:15
350,dpfi,8,blank_h,0,20260818:4515:350:2:8:3:0
350,dpfi,8,blank_v,0,20260818:4515:350:2:8:4:0
350,dpfi,8,dark_h,0,20260818:4515:350:2:8:5:0
350,dpfi,8,dark_v,0,20260818:4515:350:2:8:6:0
350,dpfi,8,atom_h,1,20260818:4515:350:2:8:1:1
350,dpfi,8,atom_v,1,20260818:4515:350:2:8:2:1
350,dpfi,8,atom_h,2,20260818:4515:350:2:8:1:2
350,dpfi,8,atom_v,2,20260818:4515:350:2:8:2:2
350,dpfi,8,atom_h,3,20260818:4515:350:2:8:1:3
350,dpfi,8,atom_v,3,20260818:4515:350:2:8:2:3
350,dpfi,8,atom_h,4,20260818:4515:350:2:8:1:4
350,dpfi,8,atom_v,4,20260818:4515:350:2:8:2:4
350,dpfi,8,atom_h,5,20260818:4515:350:2:8:1:5
350,dpfi,8,atom_v,5,20260818:4515:350:2:8:2:5
350,dpfi,8,atom_h,6,20260818:4515:350:2:8:1:6
350,dpfi,8,atom_v,6,20260818:4515:350:2:8:2:6
350,dpfi,8,atom_h,7,20260818:4515:350:2:8:1:7
350,dpfi,8,atom_v,7,20260818:4515:350:2:8:2:7
350,dpfi,8,atom_h,8,20260818:4515:350:2:8:1:8
350,dpfi,8,atom_v,8,20260818:4515:350:2:8:2:8
350,dpfi,8,atom_h,9,20260818:4515:350:2:8:1:9
350,dpfi,8,atom_v,9,20260818:4515:350:2:8:2:9
350,dpfi,8,atom_h,10,20260818:4515:350:2:8:1:10
350,dpfi,8,atom_v,10,20260818:4515:350:2:8:2:10
350,dpfi,8,atom_h,11,20260818:4515:350:2:8:1:11
350,dpfi,8,atom_v,11,20260818:4515:350:2:8:2:11
350,dpfi,8,atom_h,12,20260818:4515:350:2:8:1:12
350,dpfi,8,atom_v,12,20260818:4515:350:2:8:2:12
350,dpfi,8,atom_h,13,20260818:4515:350:2:8:1:13
350,dpfi,8,atom_v,13,20260818:4515:350:2:8:2:13
350,dpfi,8,atom_h,14,20260818:4515:350:2:8:1:14
350,dpfi,8,atom_v,14,20260818:4515:350:2:8:2:14
350,dpfi,8,atom_h,15,20260818:4515:350:2:8:1:15
350,dpfi,8,atom_v,15,20260818:4515:350:2:8:2:15
350,dpfi,9,blank_h,0,20260818:4515:350:2:9:3:0
350,dpfi,9,blank_v,0,20260818:4515:350:2:9:4:0
350,dpfi,9,dark_h,0,20260818:4515:350:2:9:5:0
350,dpfi,9,dark_v,0,20260818:4515:350:2:9:6:0
350,dpfi,9,atom_h,1,20260818:4515:350:2:9:1:1
350,dpfi,9,atom_v,1,20260818:4515:350:2:9:2:1
350,dpfi,9,atom_h,2,20260818:4515:350:2:9:1:2
350,dpfi,9,atom_v,2,20260818:4515:350:2:9:2:2
350,dpfi,9,atom_h,3,20260818:4515:350:2:9:1:3
350,dpfi,9,atom_v,3,20260818:4515:350:2:9:2:3
350,dpfi,9,atom_h,4,20260818:4515:350:2:9:1:4
350,dpfi,9,atom_v,4,20260818:4515:350:2:9:2:4
350,dpfi,9,atom_h,5,20260818:4515:350:2:9:1:5
350,dpfi,9,atom_v,5,20260818:4515:350:2:9:2:5
350,dpfi,9,atom_h,6,20260818:4515:350:2:9:1:6
350,dpfi,9,atom_v,6,20260818:4515:350:2:9:2:6
350,dpfi,9,atom_h,7,20260818:4515:350:2:9:1:7
350,dpfi,9,atom_v,7,20260818:4515:350:2:9:2:7
350,dpfi,9,atom_h,8,20260818:4515:350:2:9:1:8
350,dpfi,9,atom_v,8,20260818:4515:350:2:9:2:8
350,dpfi,9,atom_h,9,20260818:4515:350:2:9:1:9
350,dpfi,9,atom_v,9,20260818:4515:350:2:9:2:9
350,dpfi,9,atom_h,10,20260818:4515:350:2:9:1:10
350,dpfi,9,atom_v,10,20260818:4515:350:2:9:2:10
350,dpfi,9,atom_h,11,20260818:4515:350:2:9:1:11
350,dpfi,9,atom_v,11,20260818:4515:350:2:9:2:11
350,dpfi,9,atom_h,12,20260818:4515:350:2:9:1:12
350,dpfi,9,atom_v,12,20260818:4515:350:2:9:2:12
350,dpfi,9,atom_h,13,20260818:4515:350:2:9:1:13
350,dpfi,9,atom_v,13,20260818:4515:350:2:9:2:13
350,dpfi,9,atom_h,14,20260818:4515:350:2:9:1:14
350,dpfi,9,atom_v,14,20260818:4515:350:2:9:2:14
350,dpfi,9,atom_h,15,20260818:4515:350:2:9:1:15
350,dpfi,9,atom_v,15,20260818:4515:350:2:9:2:15
350,dpfi,10,blank_h,0,20260818:4515:350:2:10:3:0
350,dpfi,10,blank_v,0,20260818:4515:350:2:10:4:0
350,dpfi,10,dark_h,0,20260818:4515:350:2:10:5:0
350,dpfi,10,dark_v,0,20260818:4515:350:2:10:6:0
350,dpfi,10,atom_h,1,20260818:4515:350:2:10:1:1
350,dpfi,10,atom_v,1,20260818:4515:350:2:10:2:1
350,dpfi,10,atom_h,2,20260818:4515:350:2:10:1:2
350,dpfi,10,atom_v,2,20260818:4515:350:2:10:2:2
350,dpfi,10,atom_h,3,20260818:4515:350:2:10:1:3
350,dpfi,10,atom_v,3,20260818:4515:350:2:10:2:3
350,dpfi,10,atom_h,4,20260818:4515:350:2:10:1:4
350,dpfi,10,atom_v,4,20260818:4515:350:2:10:2:4
350,dpfi,10,atom_h,5,20260818:4515:350:2:10:1:5
350,dpfi,10,atom_v,5,20260818:4515:350:2:10:2:5
350,dpfi,10,atom_h,6,20260818:4515:350:2:10:1:6
350,dpfi,10,atom_v,6,20260818:4515:350:2:10:2:6
350,dpfi,10,atom_h,7,20260818:4515:350:2:10:1:7
350,dpfi,10,atom_v,7,20260818:4515:350:2:10:2:7
350,dpfi,10,atom_h,8,20260818:4515:350:2:10:1:8
350,dpfi,10,atom_v,8,20260818:4515:350:2:10:2:8
350,dpfi,10,atom_h,9,20260818:4515:350:2:10:1:9
350,dpfi,10,atom_v,9,20260818:4515:350:2:10:2:9
350,dpfi,10,atom_h,10,20260818:4515:350:2:10:1:10
350,dpfi,10,atom_v,10,20260818:4515:350:2:10:2:10
350,dpfi,10,atom_h,11,20260818:4515:350:2:10:1:11
350,dpfi,10,atom_v,11,20260818:4515:350:2:10:2:11
350,dpfi,10,atom_h,12,20260818:4515:350:2:10:1:12
350,dpfi,10,atom_v,12,20260818:4515:350:2:10:2:12
350,dpfi,10,atom_h,13,20260818:4515:350:2:10:1:13
350,dpfi,10,atom_v,13,20260818:4515:350:2:10:2:13
350,dpfi,10,atom_h,14,20260818:4515:350:2:10:1:14
350,dpfi,10,atom_v,14,20260818:4515:350:2:10:2:14
350,dpfi,10,atom_h,15,20260818:4515:350:2:10:1:15
350,dpfi,10,atom_v,15,20260818:4515:350:2:10:2:15
350,dpfi,11,blank_h,0,20260818:4515:350:2:11:3:0
350,dpfi,11,blank_v,0,20260818:4515:350:2:11:4:0
350,dpfi,11,dark_h,0,20260818:4515:350:2:11:5:0
350,dpfi,11,dark_v,0,20260818:4515:350:2:11:6:0
350,dpfi,11,atom_h,1,20260818:4515:350:2:11:1:1
350,dpfi,11,atom_v,1,20260818:4515:350:2:11:2:1
350,dpfi,11,atom_h,2,20260818:4515:350:2:11:1:2
350,dpfi,11,atom_v,2,20260818:4515:350:2:11:2:2
350,dpfi,11,atom_h,3,20260818:4515:350:2:11:1:3
350,dpfi,11,atom_v,3,20260818:4515:350:2:11:2:3
350,dpfi,11,atom_h,4,20260818:4515:350:2:11:1:4
350,dpfi,11,atom_v,4,20260818:4515:350:2:11:2:4
350,dpfi,11,atom_h,5,20260818:4515:350:2:11:1:5
350,dpfi,11,atom_v,5,20260818:4515:350:2:11:2:5
350,dpfi,11,atom_h,6,20260818:4515:350:2:11:1:6
350,dpfi,11,atom_v,6,20260818:4515:350:2:11:2:6
350,dpfi,11,atom_h,7,20260818:4515:350:2:11:1:7
350,dpfi,11,atom_v,7,20260818:4515:350:2:11:2:7
350,dpfi,11,atom_h,8,20260818:4515:350:2:11:1:8
350,dpfi,11,atom_v,8,20260818:4515:350:2:11:2:8
350,dpfi,11,atom_h,9,20260818:4515:350:2:11:1:9
350,dpfi,11,atom_v,9,20260818:4515:350:2:11:2:9
350,dpfi,11,atom_h,10,20260818:4515:350:2:11:1:10
350,dpfi,11,atom_v,10,20260818:4515:350:2:11:2:10
350,dpfi,11,atom_h,11,20260818:4515:350:2:11:1:11
350,dpfi,11,atom_v,11,20260818:4515:350:2:11:2:11
350,dpfi,11,atom_h,12,20260818:4515:350:2:11:1:12
350,dpfi,11,atom_v,12,20260818:4515:350:2:11:2:12
350,dpfi,11,atom_h,13,20260818:4515:350:2:11:1:13
350,dpfi,11,atom_v,13,20260818:4515:350:2:11:2:13
350,dpfi,11,atom_h,14,20260818:4515:350:2:11:1:14
350,dpfi,11,atom_v,14,20260818:4515:350:2:11:2:14
350,dpfi,11,atom_h,15,20260818:4515:350:2:11:1:15
350,dpfi,11,atom_v,15,20260818:4515:350:2:11:2:15
350,dpfi,12,blank_h,0,20260818:4515:350:2:12:3:0
350,dpfi,12,blank_v,0,20260818:4515:350:2:12:4:0
350,dpfi,12,dark_h,0,20260818:4515:350:2:12:5:0
350,dpfi,12,dark_v,0,20260818:4515:350:2:12:6:0
350,dpfi,12,atom_h,1,20260818:4515:350:2:12:1:1
350,dpfi,12,atom_v,1,20260818:4515:350:2:12:2:1
350,dpfi,12,atom_h,2,20260818:4515:350:2:12:1:2
350,dpfi,12,atom_v,2,20260818:4515:350:2:12:2:2
350,dpfi,12,atom_h,3,20260818:4515:350:2:12:1:3
350,dpfi,12,atom_v,3,20260818:4515:350:2:12:2:3
350,dpfi,12,atom_h,4,20260818:4515:350:2:12:1:4
350,dpfi,12,atom_v,4,20260818:4515:350:2:12:2:4
350,dpfi,12,atom_h,5,20260818:4515:350:2:12:1:5
350,dpfi,12,atom_v,5,20260818:4515:350:2:12:2:5
350,dpfi,12,atom_h,6,20260818:4515:350:2:12:1:6
350,dpfi,12,atom_v,6,20260818:4515:350:2:12:2:6
350,dpfi,12,atom_h,7,20260818:4515:350:2:12:1:7
350,dpfi,12,atom_v,7,20260818:4515:350:2:12:2:7
350,dpfi,12,atom_h,8,20260818:4515:350:2:12:1:8
350,dpfi,12,atom_v,8,20260818:4515:350:2:12:2:8
350,dpfi,12,atom_h,9,20260818:4515:350:2:12:1:9
350,dpfi,12,atom_v,9,20260818:4515:350:2:12:2:9
350,dpfi,12,atom_h,10,20260818:4515:350:2:12:1:10
350,dpfi,12,atom_v,10,20260818:4515:350:2:12:2:10
350,dpfi,12,atom_h,11,20260818:4515:350:2:12:1:11
350,dpfi,12,atom_v,11,20260818:4515:350:2:12:2:11
350,dpfi,12,atom_h,12,20260818:4515:350:2:12:1:12
350,dpfi,12,atom_v,12,20260818:4515:350:2:12:2:12
350,dpfi,12,atom_h,13,20260818:4515:350:2:12:1:13
350,dpfi,12,atom_v,13,20260818:4515:350:2:12:2:13
350,dpfi,12,atom_h,14,20260818:4515:350:2:12:1:14
350,dpfi,12,atom_v,14,20260818:4515:350:2:12:2:14
350,dpfi,12,atom_h,15,20260818:4515:350:2:12:1:15
350,dpfi,12,atom_v,15,20260818:4515:350:2:12:2:15
350,dpfi,13,blank_h,0,20260818:4515:350:2:13:3:0
350,dpfi,13,blank_v,0,20260818:4515:350:2:13:4:0
350,dpfi,13,dark_h,0,20260818:4515:350:2:13:5:0
350,dpfi,13,dark_v,0,20260818:4515:350:2:13:6:0
350,dpfi,13,atom_h,1,20260818:4515:350:2:13:1:1
350,dpfi,13,atom_v,1,20260818:4515:350:2:13:2:1
350,dpfi,13,atom_h,2,20260818:4515:350:2:13:1:2
350,dpfi,13,atom_v,2,20260818:4515:350:2:13:2:2
350,dpfi,13,atom_h,3,20260818:4515:350:2:13:1:3
350,dpfi,13,atom_v,3,20260818:4515:350:2:13:2:3
350,dpfi,13,atom_h,4,20260818:4515:350:2:13:1:4
350,dpfi,13,atom_v,4,20260818:4515:350:2:13:2:4
350,dpfi,13,atom_h,5,20260818:4515:350:2:13:1:5
350,dpfi,13,atom_v,5,20260818:4515:350:2:13:2:5
350,dpfi,13,atom_h,6,20260818:4515:350:2:13:1:6
350,dpfi,13,atom_v,6,20260818:4515:350:2:13:2:6
350,dpfi,13,atom_h,7,20260818:4515:350:2:13:1:7
350,dpfi,13,atom_v,7,20260818:4515:350:2:13:2:7
350,dpfi,13,atom_h,8,20260818:4515:350:2:13:1:8
350,dpfi,13,atom_v,8,20260818:4515:350:2:13:2:8
350,dpfi,13,atom_h,9,20260818:4515:350:2:13:1:9
350,dpfi,13,atom_v,9,20260818:4515:350:2:13:2:9
350,dpfi,13,atom_h,10,20260818:4515:350:2:13:1:10
350,dpfi,13,atom_v,10,20260818:4515:350:2:13:2:10
350,dpfi,13,atom_h,11,20260818:4515:350:2:13:1:11
350,dpfi,13,atom_v,11,20260818:4515:350:2:13:2:11
350,dpfi,13,atom_h,12,20260818:4515:350:2:13:1:12
350,dpfi,13,atom_v,12,20260818:4515:350:2:13:2:12
350,dpfi,13,atom_h,13,20260818:4515:350:2:13:1:13
350,dpfi,13,atom_v,13,20260818:4515:350:2:13:2:13
350,dpfi,13,atom_h,14,20260818:4515:350:2:13:1:14
350,dpfi,13,atom_v,14,20260818:4515:350:2:13:2:14
350,dpfi,13,atom_h,15,20260818:4515:350:2:13:1:15
350,dpfi,13,atom_v,15,20260818:4515:350:2:13:2:15
350,dpfi,14,blank_h,0,20260818:4515:350:2:14:3:0
350,dpfi,14,blank_v,0,20260818:4515:350:2:14:4:0
350,dpfi,14,dark_h,0,20260818:4515:350:2:14:5:0
350,dpfi,14,dark_v,0,20260818:4515:350:2:14:6:0
350,dpfi,14,atom_h,1,20260818:4515:350:2:14:1:1
350,dpfi,14,atom_v,1,20260818:4515:350:2:14:2:1
350,dpfi,14,atom_h,2,20260818:4515:350:2:14:1:2
350,dpfi,14,atom_v,2,20260818:4515:350:2:14:2:2
350,dpfi,14,atom_h,3,20260818:4515:350:2:14:1:3
350,dpfi,14,atom_v,3,20260818:4515:350:2:14:2:3
350,dpfi,14,atom_h,4,20260818:4515:350:2:14:1:4
350,dpfi,14,atom_v,4,20260818:4515:350:2:14:2:4
350,dpfi,14,atom_h,5,20260818:4515:350:2:14:1:5
350,dpfi,14,atom_v,5,20260818:4515:350:2:14:2:5
350,dpfi,14,atom_h,6,20260818:4515:350:2:14:1:6
350,dpfi,14,atom_v,6,20260818:4515:350:2:14:2:6
350,dpfi,14,atom_h,7,20260818:4515:350:2:14:1:7
350,dpfi,14,atom_v,7,20260818:4515:350:2:14:2:7
350,dpfi,14,atom_h,8,20260818:4515:350:2:14:1:8
350,dpfi,14,atom_v,8,20260818:4515:350:2:14:2:8
350,dpfi,14,atom_h,9,20260818:4515:350:2:14:1:9
350,dpfi,14,atom_v,9,20260818:4515:350:2:14:2:9
350,dpfi,14,atom_h,10,20260818:4515:350:2:14:1:10
350,dpfi,14,atom_v,10,20260818:4515:350:2:14:2:10
350,dpfi,14,atom_h,11,20260818:4515:350:2:14:1:11
350,dpfi,14,atom_v,11,20260818:4515:350:2:14:2:11
350,dpfi,14,atom_h,12,20260818:4515:350:2:14:1:12
350,dpfi,14,atom_v,12,20260818:4515:350:2:14:2:12
350,dpfi,14,atom_h,13,20260818:4515:350:2:14:1:13
350,dpfi,14,atom_v,13,20260818:4515:350:2:14:2:13
350,dpfi,14,atom_h,14,20260818:4515:350:2:14:1:14
350,dpfi,14,atom_v,14,20260818:4515:350:2:14:2:14
350,dpfi,14,atom_h,15,20260818:4515:350:2:14:1:15
350,dpfi,14,atom_v,15,20260818:4515:350:2:14:2:15
350,dpfi,15,blank_h,0,20260818:4515:350:2:15:3:0
350,dpfi,15,blank_v,0,20260818:4515:350:2:15:4:0
350,dpfi,15,dark_h,0,20260818:4515:350:2:15:5:0
350,dpfi,15,dark_v,0,20260818:4515:350:2:15:6:0
350,dpfi,15,atom_h,1,20260818:4515:350:2:15:1:1
350,dpfi,15,atom_v,1,20260818:4515:350:2:15:2:1
350,dpfi,15,atom_h,2,20260818:4515:350:2:15:1:2
350,dpfi,15,atom_v,2,20260818:4515:350:2:15:2:2
350,dpfi,15,atom_h,3,20260818:4515:350:2:15:1:3
350,dpfi,15,atom_v,3,20260818:4515:350:2:15:2:3
350,dpfi,15,atom_h,4,20260818:4515:350:2:15:1:4
350,dpfi,15,atom_v,4,20260818:4515:350:2:15:2:4
350,dpfi,15,atom_h,5,20260818:4515:350:2:15:1:5
350,dpfi,15,atom_v,5,20260818:4515:350:2:15:2:5
350,dpfi,15,atom_h,6,20260818:4515:350:2:15:1:6
350,dpfi,15,atom_v,6,20260818:4515:350:2:15:2:6
350,dpfi,15,atom_h,7,20260818:4515:350:2:15:1:7
350,dpfi,15,atom_v,7,20260818:4515:350:2:15:2:7
350,dpfi,15,atom_h,8,20260818:4515:350:2:15:1:8
350,dpfi,15,atom_v,8,20260818:4515:350:2:15:2:8
350,dpfi,15,atom_h,9,20260818:4515:350:2:15:1:9
350,dpfi,15,atom_v,9,20260818:4515:350:2:15:2:9
350,dpfi,15,atom_h,10,20260818:4515:350:2:15:1:10
350,dpfi,15,atom_v,10,20260818:4515:350:2:15:2:10
350,dpfi,15,atom_h,11,20260818:4515:350:2:15:1:11
350,dpfi,15,atom_v,11,20260818:4515:350:2:15:2:11
350,dpfi,15,atom_h,12,20260818:4515:350:2:15:1:12
350,dpfi,15,atom_v,12,20260818:4515:350:2:15:2:12
350,dpfi,15,atom_h,13,20260818:4515:350:2:15:1:13
350,dpfi,15,atom_v,13,20260818:4515:350:2:15:2:13
350,dpfi,15,atom_h,14,20260818:4515:350:2:15:1:14
350,dpfi,15,atom_v,14,20260818:4515:350:2:15:2:14
350,dpfi,15,atom_h,15,20260818:4515:350:2:15:1:15
350,dpfi,15,atom_v,15,20260818:4515:350:2:15:2:15
350,dpfi,16,blank_h,0,20260818:4515:350:2:16:3:0
350,dpfi,16,blank_v,0,20260818:4515:350:2:16:4:0
350,dpfi,16,dark_h,0,20260818:4515:350:2:16:5:0
350,dpfi,16,dark_v,0,20260818:4515:350:2:16:6:0
350,dpfi,16,atom_h,1,20260818:4515:350:2:16:1:1
350,dpfi,16,atom_v,1,20260818:4515:350:2:16:2:1
350,dpfi,16,atom_h,2,20260818:4515:350:2:16:1:2
350,dpfi,16,atom_v,2,20260818:4515:350:2:16:2:2
350,dpfi,16,atom_h,3,20260818:4515:350:2:16:1:3
350,dpfi,16,atom_v,3,20260818:4515:350:2:16:2:3
350,dpfi,16,atom_h,4,20260818:4515:350:2:16:1:4
350,dpfi,16,atom_v,4,20260818:4515:350:2:16:2:4
350,dpfi,16,atom_h,5,20260818:4515:350:2:16:1:5
350,dpfi,16,atom_v,5,20260818:4515:350:2:16:2:5
350,dpfi,16,atom_h,6,20260818:4515:350:2:16:1:6
350,dpfi,16,atom_v,6,20260818:4515:350:2:16:2:6
350,dpfi,16,atom_h,7,20260818:4515:350:2:16:1:7
350,dpfi,16,atom_v,7,20260818:4515:350:2:16:2:7
350,dpfi,16,atom_h,8,20260818:4515:350:2:16:1:8
350,dpfi,16,atom_v,8,20260818:4515:350:2:16:2:8
350,dpfi,16,atom_h,9,20260818:4515:350:2:16:1:9
350,dpfi,16,atom_v,9,20260818:4515:350:2:16:2:9
350,dpfi,16,atom_h,10,20260818:4515:350:2:16:1:10
350,dpfi,16,atom_v,10,20260818:4515:350:2:16:2:10
350,dpfi,16,atom_h,11,20260818:4515:350:2:16:1:11
350,dpfi,16,atom_v,11,20260818:4515:350:2:16:2:11
350,dpfi,16,atom_h,12,20260818:4515:350:2:16:1:12
350,dpfi,16,atom_v,12,20260818:4515:350:2:16:2:12
350,dpfi,16,atom_h,13,20260818:4515:350:2:16:1:13
350,dpfi,16,atom_v,13,20260818:4515:350:2:16:2:13
350,dpfi,16,atom_h,14,20260818:4515:350:2:16:1:14
350,dpfi,16,atom_v,14,20260818:4515:350:2:16:2:14
350,dpfi,16,atom_h,15,20260818:4515:350:2:16:1:15
350,dpfi,16,atom_v,15,20260818:4515:350:2:16:2:15
350,dpfi,17,blank_h,0,20260818:4515:350:2:17:3:0
350,dpfi,17,blank_v,0,20260818:4515:350:2:17:4:0
350,dpfi,17,dark_h,0,20260818:4515:350:2:17:5:0
350,dpfi,17,dark_v,0,20260818:4515:350:2:17:6:0
350,dpfi,17,atom_h,1,20260818:4515:350:2:17:1:1
350,dpfi,17,atom_v,1,20260818:4515:350:2:17:2:1
350,dpfi,17,atom_h,2,20260818:4515:350:2:17:1:2
350,dpfi,17,atom_v,2,20260818:4515:350:2:17:2:2
350,dpfi,17,atom_h,3,20260818:4515:350:2:17:1:3
350,dpfi,17,atom_v,3,20260818:4515:350:2:17:2:3
350,dpfi,17,atom_h,4,20260818:4515:350:2:17:1:4
350,dpfi,17,atom_v,4,20260818:4515:350:2:17:2:4
350,dpfi,17,atom_h,5,20260818:4515:350:2:17:1:5
350,dpfi,17,atom_v,5,20260818:4515:350:2:17:2:5
350,dpfi,17,atom_h,6,20260818:4515:350:2:17:1:6
350,dpfi,17,atom_v,6,20260818:4515:350:2:17:2:6
350,dpfi,17,atom_h,7,20260818:4515:350:2:17:1:7
350,dpfi,17,atom_v,7,20260818:4515:350:2:17:2:7
350,dpfi,17,atom_h,8,20260818:4515:350:2:17:1:8
350,dpfi,17,atom_v,8,20260818:4515:350:2:17:2:8
350,dpfi,17,atom_h,9,20260818:4515:350:2:17:1:9
350,dpfi,17,atom_v,9,20260818:4515:350:2:17:2:9
350,dpfi,17,atom_h,10,20260818:4515:350:2:17:1:10
350,dpfi,17,atom_v,10,20260818:4515:350:2:17:2:10
350,dpfi,17,atom_h,11,20260818:4515:350:2:17:1:11
350,dpfi,17,atom_v,11,20260818:4515:350:2:17:2:11
350,dpfi,17,atom_h,12,20260818:4515:350:2:17:1:12
350,dpfi,17,atom_v,12,20260818:4515:350:2:17:2:12
350,dpfi,17,atom_h,13,20260818:4515:350:2:17:1:13
350,dpfi,17,atom_v,13,20260818:4515:350:2:17:2:13
350,dpfi,17,atom_h,14,20260818:4515:350:2:17:1:14
350,dpfi,17,atom_v,14,20260818:4515:350:2:17:2:14
350,dpfi,17,atom_h,15,20260818:4515:350:2:17:1:15
350,dpfi,17,atom_v,15,20260818:4515:350:2:17:2:15
350,dpfi,18,blank_h,0,20260818:4515:350:2:18:3:0
350,dpfi,18,blank_v,0,20260818:4515:350:2:18:4:0
350,dpfi,18,dark_h,0,20260818:4515:350:2:18:5:0
350,dpfi,18,dark_v,0,20260818:4515:350:2:18:6:0
350,dpfi,18,atom_h,1,20260818:4515:350:2:18:1:1
350,dpfi,18,atom_v,1,20260818:4515:350:2:18:2:1
350,dpfi,18,atom_h,2,20260818:4515:350:2:18:1:2
350,dpfi,18,atom_v,2,20260818:4515:350:2:18:2:2
350,dpfi,18,atom_h,3,20260818:4515:350:2:18:1:3
350,dpfi,18,atom_v,3,20260818:4515:350:2:18:2:3
350,dpfi,18,atom_h,4,20260818:4515:350:2:18:1:4
350,dpfi,18,atom_v,4,20260818:4515:350:2:18:2:4
350,dpfi,18,atom_h,5,20260818:4515:350:2:18:1:5
350,dpfi,18,atom_v,5,20260818:4515:350:2:18:2:5
350,dpfi,18,atom_h,6,20260818:4515:350:2:18:1:6
350,dpfi,18,atom_v,6,20260818:4515:350:2:18:2:6
350,dpfi,18,atom_h,7,20260818:4515:350:2:18:1:7
350,dpfi,18,atom_v,7,20260818:4515:350:2:18:2:7
350,dpfi,18,atom_h,8,20260818:4515:350:2:18:1:8
350,dpfi,18,atom_v,8,20260818:4515:350:2:18:2:8
350,dpfi,18,atom_h,9,20260818:4515:350:2:18:1:9
350,dpfi,18,atom_v,9,20260818:4515:350:2:18:2:9
350,dpfi,18,atom_h,10,20260818:4515:350:2:18:1:10
350,dpfi,18,atom_v,10,20260818:4515:350:2:18:2:10
350,dpfi,18,atom_h,11,20260818:4515:350:2:18:1:11
350,dpfi,18,atom_v,11,20260818:4515:350:2:18:2:11
350,dpfi,18,atom_h,12,20260818:4515:350:2:18:1:12
350,dpfi,18,atom_v,12,20260818:4515:350:2:18:2:12
350,dpfi,18,atom_h,13,20260818:4515:350:2:18:1:13
350,dpfi,18,atom_v,13,20260818:4515:350:2:18:2:13
350,dpfi,18,atom_h,14,20260818:4515:350:2:18:1:14
350,dpfi,18,atom_v,14,20260818:4515:350:2:18:2:14
350,dpfi,18,atom_h,15,20260818:4515:350:2:18:1:15
350,dpfi,18,atom_v,15,20260818:4515:350:2:18:2:15
350,dpfi,19,blank_h,0,20260818:4515:350:2:19:3:0
350,dpfi,19,blank_v,0,20260818:4515:350:2:19:4:0
350,dpfi,19,dark_h,0,20260818:4515:350:2:19:5:0
350,dpfi,19,dark_v,0,20260818:4515:350:2:19:6:0
350,dpfi,19,atom_h,1,20260818:4515:350:2:19:1:1
350,dpfi,19,atom_v,1,20260818:4515:350:2:19:2:1
350,dpfi,19,atom_h,2,20260818:4515:350:2:19:1:2
350,dpfi,19,atom_v,2,20260818:4515:350:2:19:2:2
350,dpfi,19,atom_h,3,20260818:4515:350:2:19:1:3
350,dpfi,19,atom_v,3,20260818:4515:350:2:19:2:3
350,dpfi,19,atom_h,4,20260818:4515:350:2:19:1:4
350,dpfi,19,atom_v,4,20260818:4515:350:2:19:2:4
350,dpfi,19,atom_h,5,20260818:4515:350:2:19:1:5
350,dpfi,19,atom_v,5,20260818:4515:350:2:19:2:5
350,dpfi,19,atom_h,6,20260818:4515:350:2:19:1:6
350,dpfi,19,atom_v,6,20260818:4515:350:2:19:2:6
350,dpfi,19,atom_h,7,20260818:4515:350:2:19:1:7
350,dpfi,19,atom_v,7,20260818:4515:350:2:19:2:7
350,dpfi,19,atom_h,8,20260818:4515:350:2:19:1:8
350,dpfi,19,atom_v,8,20260818:4515:350:2:19:2:8
350,dpfi,19,atom_h,9,20260818:4515:350:2:19:1:9
350,dpfi,19,atom_v,9,20260818:4515:350:2:19:2:9
350,dpfi,19,atom_h,10,20260818:4515:350:2:19:1:10
350,dpfi,19,atom_v,10,20260818:4515:350:2:19:2:10
350,dpfi,19,atom_h,11,20260818:4515:350:2:19:1:11
350,dpfi,19,atom_v,11,20260818:4515:350:2:19:2:11
350,dpfi,19,atom_h,12,20260818:4515:350:2:19:1:12
350,dpfi,19,atom_v,12,20260818:4515:350:2:19:2:12
350,dpfi,19,atom_h,13,20260818:4515:350:2:19:1:13
350,dpfi,19,atom_v,13,20260818:4515:350:2:19:2:13
350,dpfi,19,atom_h,14,20260818:4515:350:2:19:1:14
350,dpfi,19,atom_v,14,20260818:4515:350:2:19:2:14
350,dpfi,19,atom_h,15,20260818:4515:350:2:19:1:15
350,dpfi,19,atom_v,15,20260818:4515:350:2:19:2:15
350,dpfi,20,blank_h,0,20260818:4515:350:2:20:3:0
350,dpfi,20,blank_v,0,20260818:4515:350:2:20:4:0
350,dpfi,20,dark_h,0,20260818:4515:350:2:20:5:0
350,dpfi,20,dark_v,0,20260818:4515:350:2:20:6:0
350,dpfi,20,atom_h,1,20260818:4515:350:2:20:1:1
350,dpfi,20,atom_v,1,20260818:4515:350:2:20:2:1
350,dpfi,20,atom_h,2,20260818:4515:350:2:20:1:2
350,dpfi,20,atom_v,2,20260818:4515:350:2:20:2:2
350,dpfi,20,atom_h,3,20260818:4515:350:2:20:1:3
350,dpfi,20,atom_v,3,20260818:4515:350:2:20:2:3
350,dpfi,20,atom_h,4,20260818:4515:350:2:20:1:4
350,dpfi,20,atom_v,4,20260818:4515:350:2:20:2:4
350,dpfi,20,atom_h,5,20260818:4515:350:2:20:1:5
350,dpfi,20,atom_v,5,20260818:4515:350:2:20:2:5
350,dpfi,20,atom_h,6,20260818:4515:350:2:20:1:6
350,dpfi,20,atom_v,6,20260818:4515:350:2:20:2:6
350,dpfi,20,atom_h,7,20260818:4515:350:2:20:1:7
350,dpfi,20,atom_v,7,20260818:4515:350:2:20:2:7
350,dpfi,20,atom_h,8,20260818:4515:350:2:20:1:8
350,dpfi,20,atom_v,8,20260818:4515:350:2:20:2:8
350,dpfi,20,atom_h,9,20260818:4515:350:2:20:1:9
350,dpfi,20,atom_v,9,20260818:4515:350:2:20:2:9
350,dpfi,20,atom_h,10,20260818:4515:350:2:20:1:10
350,dpfi,20,atom_v,10,20260818:4515:350:2:20:2:10
350,dpfi,20,atom_h,11,20260818:4515:350:2:20:1:11
350,dpfi,20,atom_v,11,20260818:4515:350:2:20:2:11
350,dpfi,20,atom_h,12,20260818:4515:350:2:20:1:12
350,dpfi,20,atom_v,12,20260818:4515:350:2:20:2:12
350,dpfi,20,atom_h,13,20260818:4515:350:2:20:1:13
350,dpfi,20,atom_v,13,20260818:4515:350:2:20:2:13
350,dpfi,20,atom_h,14,20260818:4515:350:2:20:1:14
350,dpfi,20,atom_v,14,20260818:4515:350:2:20:2:14
350,dpfi,20,atom_h,15,20260818:4515:350:2:20:1:15
350,dpfi,20,atom_v,15,20260818:4515:350:2:20:2:15
350,dpfi,21,blank_h,0,20260818:4515:350:2:21:3:0
350,dpfi,21,blank_v,0,20260818:4515:350:2:21:4:0
350,dpfi,21,dark_h,0,20260818:4515:350:2:21:5:0
350,dpfi,21,dark_v,0,20260818:4515:350:2:21:6:0
350,dpfi,21,atom_h,1,20260818:4515:350:2:21:1:1
350,dpfi,21,atom_v,1,20260818:4515:350:2:21:2:1
350,dpfi,21,atom_h,2,20260818:4515:350:2:21:1:2
350,dpfi,21,atom_v,2,20260818:4515:350:2:21:2:2
350,dpfi,21,atom_h,3,20260818:4515:350:2:21:1:3
350,dpfi,21,atom_v,3,20260818:4515:350:2:21:2:3
350,dpfi,21,atom_h,4,20260818:4515:350:2:21:1:4
350,dpfi,21,atom_v,4,20260818:4515:350:2:21:2:4
350,dpfi,21,atom_h,5,20260818:4515:350:2:21:1:5
350,dpfi,21,atom_v,5,20260818:4515:350:2:21:2:5
350,dpfi,21,atom_h,6,20260818:4515:350:2:21:1:6
350,dpfi,21,atom_v,6,20260818:4515:350:2:21:2:6
350,dpfi,21,atom_h,7,20260818:4515:350:2:21:1:7
350,dpfi,21,atom_v,7,20260818:4515:350:2:21:2:7
350,dpfi,21,atom_h,8,20260818:4515:350:2:21:1:8
350,dpfi,21,atom_v,8,20260818:4515:350:2:21:2:8
350,dpfi,21,atom_h,9,20260818:4515:350:2:21:1:9
350,dpfi,21,atom_v,9,20260818:4515:350:2:21:2:9
350,dpfi,21,atom_h,10,20260818:4515:350:2:21:1:10
350,dpfi,21,atom_v,10,20260818:4515:350:2:21:2:10
350,dpfi,21,atom_h,11,20260818:4515:350:2:21:1:11
350,dpfi,21,atom_v,11,20260818:4515:350:2:21:2:11
350,dpfi,21,atom_h,12,20260818:4515:350:2:21:1:12
350,dpfi,21,atom_v,12,20260818:4515:350:2:21:2:12
350,dpfi,21,atom_h,13,20260818:4515:350:2:21:1:13
350,dpfi,21,atom_v,13,20260818:4515:350:2:21:2:13
350,dpfi,21,atom_h,14,20260818:4515:350:2:21:1:14
350,dpfi,21,atom_v,14,20260818:4515:350:2:21:2:14
350,dpfi,21,atom_h,15,20260818:4515:350:2:21:1:15
350,dpfi,21,atom_v,15,20260818:4515:350:2:21:2:15
350,dpfi,22,blank_h,0,20260818:4515:350:2:22:3:0
350,dpfi,22,blank_v,0,20260818:4515:350:2:22:4:0
350,dpfi,22,dark_h,0,20260818:4515:350:2:22:5:0
350,dpfi,22,dark_v,0,20260818:4515:350:2:22:6:0
350,dpfi,22,atom_h,1,20260818:4515:350:2:22:1:1
350,dpfi,22,atom_v,1,20260818:4515:350:2:22:2:1
350,dpfi,22,atom_h,2,20260818:4515:350:2:22:1:2
350,dpfi,22,atom_v,2,20260818:4515:350:2:22:2:2
350,dpfi,22,atom_h,3,20260818:4515:350:2:22:1:3
350,dpfi,22,atom_v,3,20260818:4515:350:2:22:2:3
350,dpfi,22,atom_h,4,20260818:4515:350:2:22:1:4
350,dpfi,22,atom_v,4,20260818:4515:350:2:22:2:4
350,dpfi,22,atom_h,5,20260818:4515:350:2:22:1:5
350,dpfi,22,atom_v,5,20260818:4515:350:2:22:2:5
350,dpfi,22,atom_h,6,20260818:4515:350:2:22:1:6
350,dpfi,22,atom_v,6,20260818:4515:350:2:22:2:6
350,dpfi,22,atom_h,7,20260818:4515:350:2:22:1:7
350,dpfi,22,atom_v,7,20260818:4515:350:2:22:2:7
350,dpfi,22,atom_h,8,20260818:4515:350:2:22:1:8
350,dpfi,22,atom_v,8,20260818:4515:350:2:22:2:8
350,dpfi,22,atom_h,9,20260818:4515:350:2:22:1:9
350,dpfi,22,atom_v,9,20260818:4515:350:2:22:2:9
350,dpfi,22,atom_h,10,20260818:4515:350:2:22:1:10
350,dpfi,22,atom_v,10,20260818:4515:350:2:22:2:10
350,dpfi,22,atom_h,11,20260818:4515:350:2:22:1:11
350,dpfi,22,atom_v,11,20260818:4515:350:2:22:2:11
350,dpfi,22,atom_h,12,20260818:4515:350:2:22:1:12
350,dpfi,22,atom_v,12,20260818:4515:350:2:22:2:12
350,dpfi,22,atom_h,13,20260818:4515:350:2:22:1:13
350,dpfi,22,atom_v,13,20260818:4515:350:2:22:2:13
350,dpfi,22,atom_h,14,20260818:4515:350:2:22:1:14
350,dpfi,22,atom_v,14,20260818:4515:350:2:22:2:14
350,dpfi,22,atom_h,15,20260818:4515:350:2:22:1:15
350,dpfi,22,atom_v,15,20260818:4515:350:2:22:2:15
350,dpfi,23,blank_h,0,20260818:4515:350:2:23:3:0
350,dpfi,23,blank_v,0,20260818:4515:350:2:23:4:0
350,dpfi,23,dark_h,0,20260818:4515:350:2:23:5:0
350,dpfi,23,dark_v,0,20260818:4515:350:2:23:6:0
350,dpfi,23,atom_h,1,20260818:4515:350:2:23:1:1
350,dpfi,23,atom_v,1,20260818:4515:350:2:23:2:1
350,dpfi,23,atom_h,2,20260818:4515:350:2:23:1:2
350,dpfi,23,atom_v,2,20260818:4515:350:2:23:2:2
350,dpfi,23,atom_h,3,20260818:4515:350:2:23:1:3
350,dpfi,23,atom_v,3,20260818:4515:350:2:23:2:3
350,dpfi,23,atom_h,4,20260818:4515:350:2:23:1:4
350,dpfi,23,atom_v,4,20260818:4515:350:2:23:2:4
350,dpfi,23,atom_h,5,20260818:4515:350:2:23:1:5
350,dpfi,23,atom_v,5,20260818:4515:350:2:23:2:5
350,dpfi,23,atom_h,6,20260818:4515:350:2:23:1:6
350,dpfi,23,atom_v,6,20260818:4515:350:2:23:2:6
350,dpfi,23,atom_h,7,20260818:4515:350:2:23:1:7
350,dpfi,23,atom_v,7,20260818:4515:350:2:23:2:7
350,dpfi,23,atom_h,8,20260818:4515:350:2:23:1:8
350,dpfi,23,atom_v,8,20260818:4515:350:2:23:2:8
350,dpfi,23,atom_h,9,20260818:4515:350:2:23:1:9
350,dpfi,23,atom_v,9,20260818:4515:350:2:23:2:9
350,dpfi,23,atom_h,10,20260818:4515:350:2:23:1:10
350,dpfi,23,atom_v,10,20260818:4515:350:2:23:2:10
350,dpfi,23,atom_h,11,20260818:4515:350:2:23:1:11
350,dpfi,23,atom_v,11,20260818:4515:350:2:23:2:11
350,dpfi,23,atom_h,12,20260818:4515:350:2:23:1:12
350,dpfi,23,atom_v,12,20260818:4515:350:2:23:2:12
350,dpfi,23,atom_h,13,20260818:4515:350:2:23:1:13
350,dpfi,23,atom_v,13,20260818:4515:350:2:23:2:13
350,dpfi,23,atom_h,14,20260818:4515:350:2:23:1:14
350,dpfi,23,atom_v,14,20260818:4515:350:2:23:2:14
350,dpfi,23,atom_h,15,20260818:4515:350:2:23:1:15
350,dpfi,23,atom_v,15,20260818:4515:350:2:23:2:15
350,dpfi,24,blank_h,0,20260818:4515:350:2:24:3:0
350,dpfi,24,blank_v,0,20260818:4515:350:2:24:4:0
350,dpfi,24,dark_h,0,20260818:4515:350:2:24:5:0
350,dpfi,24,dark_v,0,20260818:4515:350:2:24:6:0
350,dpfi,24,atom_h,1,20260818:4515:350:2:24:1:1
350,dpfi,24,atom_v,1,20260818:4515:350:2:24:2:1
350,dpfi,24,atom_h,2,20260818:4515:350:2:24:1:2
350,dpfi,24,atom_v,2,20260818:4515:350:2:24:2:2
350,dpfi,24,atom_h,3,20260818:4515:350:2:24:1:3
350,dpfi,24,atom_v,3,20260818:4515:350:2:24:2:3
350,dpfi,24,atom_h,4,20260818:4515:350:2:24:1:4
350,dpfi,24,atom_v,4,20260818:4515:350:2:24:2:4
350,dpfi,24,atom_h,5,20260818:4515:350:2:24:1:5
350,dpfi,24,atom_v,5,20260818:4515:350:2:24:2:5
350,dpfi,24,atom_h,6,20260818:4515:350:2:24:1:6
350,dpfi,24,atom_v,6,20260818:4515:350:2:24:2:6
350,dpfi,24,atom_h,7,20260818:4515:350:2:24:1:7
350,dpfi,24,atom_v,7,20260818:4515:350:2:24:2:7
350,dpfi,24,atom_h,8,20260818:4515:350:2:24:1:8
350,dpfi,24,atom_v,8,20260818:4515:350:2:24:2:8
350,dpfi,24,atom_h,9,20260818:4515:350:2:24:1:9
350,dpfi,24,atom_v,9,20260818:4515:350:2:24:2:9
350,dpfi,24,atom_h,10,20260818:4515:350:2:24:1:10
350,dpfi,24,atom_v,10,20260818:4515:350:2:24:2:10
350,dpfi,24,atom_h,11,20260818:4515:350:2:24:1:11
350,dpfi,24,atom_v,11,20260818:4515:350:2:24:2:11
350,dpfi,24,atom_h,12,20260818:4515:350:2:24:1:12
350,dpfi,24,atom_v,12,20260818:4515:350:2:24:2:12
350,dpfi,24,atom_h,13,20260818:4515:350:2:24:1:13
350,dpfi,24,atom_v,13,20260818:4515:350:2:24:2:13
350,dpfi,24,atom_h,14,20260818:4515:350:2:24:1:14
350,dpfi,24,atom_v,14,20260818:4515:350:2:24:2:14
350,dpfi,24,atom_h,15,20260818:4515:350:2:24:1:15
350,dpfi,24,atom_v,15,20260818:4515:350:2:24:2:15
350,dpfi,25,blank_h,0,20260818:4515:350:2:25:3:0
350,dpfi,25,blank_v,0,20260818:4515:350:2:25:4:0
350,dpfi,25,dark_h,0,20260818:4515:350:2:25:5:0
350,dpfi,25,dark_v,0,20260818:4515:350:2:25:6:0
350,dpfi,25,atom_h,1,20260818:4515:350:2:25:1:1
350,dpfi,25,atom_v,1,20260818:4515:350:2:25:2:1
350,dpfi,25,atom_h,2,20260818:4515:350:2:25:1:2
350,dpfi,25,atom_v,2,20260818:4515:350:2:25:2:2
350,dpfi,25,atom_h,3,20260818:4515:350:2:25:1:3
350,dpfi,25,atom_v,3,20260818:4515:350:2:25:2:3
350,dpfi,25,atom_h,4,20260818:4515:350:2:25:1:4
350,dpfi,25,atom_v,4,20260818:4515:350:2:25:2:4
350,dpfi,25,atom_h,5,20260818:4515:350:2:25:1:5
350,dpfi,25,atom_v,5,20260818:4515:350:2:25:2:5
350,dpfi,25,atom_h,6,20260818:4515:350:2:25:1:6
350,dpfi,25,atom_v,6,20260818:4515:350:2:25:2:6
350,dpfi,25,atom_h,7,20260818:4515:350:2:25:1:7
350,dpfi,25,atom_v,7,20260818:4515:350:2:25:2:7
350,dpfi,25,atom_h,8,20260818:4515:350:2:25:1:8
350,dpfi,25,atom_v,8,20260818:4515:350:2:25:2:8
350,dpfi,25,atom_h,9,20260818:4515:350:2:25:1:9
350,dpfi,25,atom_v,9,20260818:4515:350:2:25:2:9
350,dpfi,25,atom_h,10,20260818:4515:350:2:25:1:10
350,dpfi,25,atom_v,10,20260818:4515:350:2:25:2:10
350,dpfi,25,atom_h,11,20260818:4515:350:2:25:1:11
350,dpfi,25,atom_v,11,20260818:4515:350:2:25:2:11
350,dpfi,25,atom_h,12,20260818:4515:350:2:25:1:12
350,dpfi,25,atom_v,12,20260818:4515:350:2:25:2:12
350,dpfi,25,atom_h,13,20260818:4515:350:2:25:1:13
350,dpfi,25,atom_v,13,20260818:4515:350:2:25:2:13
350,dpfi,25,atom_h,14,20260818:4515:350:2:25:1:14
350,dpfi,25,atom_v,14,20260818:4515:350:2:25:2:14
350,dpfi,25,atom_h,15,20260818:4515:350:2:25:1:15
350,dpfi,25,atom_v,15,20260818:4515:350:2:25:2:15
350,dpfi,26,blank_h,0,20260818:4515:350:2:26:3:0
350,dpfi,26,blank_v,0,20260818:4515:350:2:26:4:0
350,dpfi,26,dark_h,0,20260818:4515:350:2:26:5:0
350,dpfi,26,dark_v,0,20260818:4515:350:2:26:6:0
350,dpfi,26,atom_h,1,20260818:4515:350:2:26:1:1
350,dpfi,26,atom_v,1,20260818:4515:350:2:26:2:1
350,dpfi,26,atom_h,2,20260818:4515:350:2:26:1:2
350,dpfi,26,atom_v,2,20260818:4515:350:2:26:2:2
350,dpfi,26,atom_h,3,20260818:4515:350:2:26:1:3
350,dpfi,26,atom_v,3,20260818:4515:350:2:26:2:3
350,dpfi,26,atom_h,4,20260818:4515:350:2:26:1:4
350,dpfi,26,atom_v,4,20260818:4515:350:2:26:2:4
350,dpfi,26,atom_h,5,20260818:4515:350:2:26:1:5
350,dpfi,26,atom_v,5,20260818:4515:350:2:26:2:5
350,dpfi,26,atom_h,6,20260818:4515:350:2:26:1:6
350,dpfi,26,atom_v,6,20260818:4515:350:2:26:2:6
350,dpfi,26,atom_h,7,20260818:4515:350:2:26:1:7
350,dpfi,26,atom_v,7,20260818:4515:350:2:26:2:7
350,dpfi,26,atom_h,8,20260818:4515:350:2:26:1:8
350,dpfi,26,atom_v,8,20260818:4515:350:2:26:2:8
350,dpfi,26,atom_h,9,20260818:4515:350:2:26:1:9
350,dpfi,26,atom_v,9,20260818:4515:350:2:26:2:9
350,dpfi,26,atom_h,10,20260818:4515:350:2:26:1:10
350,dpfi,26,atom_v,10,20260818:4515:350:2:26:2:10
350,dpfi,26,atom_h,11,20260818:4515:350:2:26:1:11
350,dpfi,26,atom_v,11,20260818:4515:350:2:26:2:11
350,dpfi,26,atom_h,12,20260818:4515:350:2:26:1:12
350,dpfi,26,atom_v,12,20260818:4515:350:2:26:2:12
350,dpfi,26,atom_h,13,20260818:4515:350:2:26:1:13
350,dpfi,26,atom_v,13,20260818:4515:350:2:26:2:13
350,dpfi,26,atom_h,14,20260818:4515:350:2:26:1:14
350,dpfi,26,atom_v,14,20260818:4515:350:2:26:2:14
350,dpfi,26,atom_h,15,20260818:4515:350:2:26:1:15
350,dpfi,26,atom_v,15,20260818:4515:350:2:26:2:15
350,dpfi,27,blank_h,0,20260818:4515:350:2:27:3:0
350,dpfi,27,blank_v,0,20260818:4515:350:2:27:4:0
350,dpfi,27,dark_h,0,20260818:4515:350:2:27:5:0
350,dpfi,27,dark_v,0,20260818:4515:350:2:27:6:0
350,dpfi,27,atom_h,1,20260818:4515:350:2:27:1:1
350,dpfi,27,atom_v,1,20260818:4515:350:2:27:2:1
350,dpfi,27,atom_h,2,20260818:4515:350:2:27:1:2
350,dpfi,27,atom_v,2,20260818:4515:350:2:27:2:2
350,dpfi,27,atom_h,3,20260818:4515:350:2:27:1:3
350,dpfi,27,atom_v,3,20260818:4515:350:2:27:2:3
350,dpfi,27,atom_h,4,20260818:4515:350:2:27:1:4
350,dpfi,27,atom_v,4,20260818:4515:350:2:27:2:4
350,dpfi,27,atom_h,5,20260818:4515:350:2:27:1:5
350,dpfi,27,atom_v,5,20260818:4515:350:2:27:2:5
350,dpfi,27,atom_h,6,20260818:4515:350:2:27:1:6
350,dpfi,27,atom_v,6,20260818:4515:350:2:27:2:6
350,dpfi,27,atom_h,7,20260818:4515:350:2:27:1:7
350,dpfi,27,atom_v,7,20260818:4515:350:2:27:2:7
350,dpfi,27,atom_h,8,20260818:4515:350:2:27:1:8
350,dpfi,27,atom_v,8,20260818:4515:350:2:27:2:8
350,dpfi,27,atom_h,9,20260818:4515:350:2:27:1:9
350,dpfi,27,atom_v,9,20260818:4515:350:2:27:2:9
350,dpfi,27,atom_h,10,20260818:4515:350:2:27:1:10
350,dpfi,27,atom_v,10,20260818:4515:350:2:27:2:10
350,dpfi,27,atom_h,11,20260818:4515:350:2:27:1:11
350,dpfi,27,atom_v,11,20260818:4515:350:2:27:2:11
350,dpfi,27,atom_h,12,20260818:4515:350:2:27:1:12
350,dpfi,27,atom_v,12,20260818:4515:350:2:27:2:12
350,dpfi,27,atom_h,13,20260818:4515:350:2:27:1:13
350,dpfi,27,atom_v,13,20260818:4515:350:2:27:2:13
350,dpfi,27,atom_h,14,20260818:4515:350:2:27:1:14
350,dpfi,27,atom_v,14,20260818:4515:350:2:27:2:14
350,dpfi,27,atom_h,15,20260818:4515:350:2:27:1:15
350,dpfi,27,atom_v,15,20260818:4515:350:2:27:2:15
350,dpfi,28,blank_h,0,20260818:4515:350:2:28:3:0
350,dpfi,28,blank_v,0,20260818:4515:350:2:28:4:0
350,dpfi,28,dark_h,0,20260818:4515:350:2:28:5:0
350,dpfi,28,dark_v,0,20260818:4515:350:2:28:6:0
350,dpfi,28,atom_h,1,20260818:4515:350:2:28:1:1
350,dpfi,28,atom_v,1,20260818:4515:350:2:28:2:1
350,dpfi,28,atom_h,2,20260818:4515:350:2:28:1:2
350,dpfi,28,atom_v,2,20260818:4515:350:2:28:2:2
350,dpfi,28,atom_h,3,20260818:4515:350:2:28:1:3
350,dpfi,28,atom_v,3,20260818:4515:350:2:28:2:3
350,dpfi,28,atom_h,4,20260818:4515:350:2:28:1:4
350,dpfi,28,atom_v,4,20260818:4515:350:2:28:2:4
350,dpfi,28,atom_h,5,20260818:4515:350:2:28:1:5
350,dpfi,28,atom_v,5,20260818:4515:350:2:28:2:5
350,dpfi,28,atom_h,6,20260818:4515:350:2:28:1:6
350,dpfi,28,atom_v,6,20260818:4515:350:2:28:2:6
350,dpfi,28,atom_h,7,20260818:4515:350:2:28:1:7
350,dpfi,28,atom_v,7,20260818:4515:350:2:28:2:7
350,dpfi,28,atom_h,8,20260818:4515:350:2:28:1:8
350,dpfi,28,atom_v,8,20260818:4515:350:2:28:2:8
350,dpfi,28,atom_h,9,20260818:4515:350:2:28:1:9
350,dpfi,28,atom_v,9,20260818:4515:350:2:28:2:9
350,dpfi,28,atom_h,10,20260818:4515:350:2:28:1:10
350,dpfi,28,atom_v,10,20260818:4515:350:2:28:2:10
350,dpfi,28,atom_h,11,20260818:4515:350:2:28:1:11
350,dpfi,28,atom_v,11,20260818:4515:350:2:28:2:11
350,dpfi,28,atom_h,12,20260818:4515:350:2:28:1:12
350,dpfi,28,atom_v,12,20260818:4515:350:2:28:2:12
350,dpfi,28,atom_h,13,20260818:4515:350:2:28:1:13
350,dpfi,28,atom_v,13,20260818:4515:350:2:28:2:13
350,dpfi,28,atom_h,14,20260818:4515:350:2:28:1:14
350,dpfi,28,atom_v,14,20260818:4515:350:2:28:2:14
350,dpfi,28,atom_h,15,20260818:4515:350:2:28:1:15
350,dpfi,28,atom_v,15,20260818:4515:350:2:28:2:15
350,dpfi,29,blank_h,0,20260818:4515:350:2:29:3:0
350,dpfi,29,blank_v,0,20260818:4515:350:2:29:4:0
350,dpfi,29,dark_h,0,20260818:4515:350:2:29:5:0
350,dpfi,29,dark_v,0,20260818:4515:350:2:29:6:0
350,dpfi,29,atom_h,1,20260818:4515:350:2:29:1:1
350,dpfi,29,atom_v,1,20260818:4515:350:2:29:2:1
350,dpfi,29,atom_h,2,20260818:4515:350:2:29:1:2
350,dpfi,29,atom_v,2,20260818:4515:350:2:29:2:2
350,dpfi,29,atom_h,3,20260818:4515:350:2:29:1:3
350,dpfi,29,atom_v,3,20260818:4515:350:2:29:2:3
350,dpfi,29,atom_h,4,20260818:4515:350:2:29:1:4
350,dpfi,29,atom_v,4,20260818:4515:350:2:29:2:4
350,dpfi,29,atom_h,5,20260818:4515:350:2:29:1:5
350,dpfi,29,atom_v,5,20260818:4515:350:2:29:2:5
350,dpfi,29,atom_h,6,20260818:4515:350:2:29:1:6
350,dpfi,29,atom_v,6,20260818:4515:350:2:29:2:6
350,dpfi,29,atom_h,7,20260818:4515:350:2:29:1:7
350,dpfi,29,atom_v,7,20260818:4515:350:2:29:2:7
350,dpfi,29,atom_h,8,20260818:4515:350:2:29:1:8
350,dpfi,29,atom_v,8,20260818:4515:350:2:29:2:8
350,dpfi,29,atom_h,9,20260818:4515:350:2:29:1:9
350,dpfi,29,atom_v,9,20260818:4515:350:2:29:2:9
350,dpfi,29,atom_h,10,20260818:4515:350:2:29:1:10
350,dpfi,29,atom_v,10,20260818:4515:350:2:29:2:10
350,dpfi,29,atom_h,11,20260818:4515:350:2:29:1:11
350,dpfi,29,atom_v,11,20260818:4515:350:2:29:2:11
350,dpfi,29,atom_h,12,20260818:4515:350:2:29:1:12
350,dpfi,29,atom_v,12,20260818:4515:350:2:29:2:12
350,dpfi,29,atom_h,13,20260818:4515:350:2:29:1:13
350,dpfi,29,atom_v,13,20260818:4515:350:2:29:2:13
350,dpfi,29,atom_h,14,20260818:4515:350:2:29:1:14
350,dpfi,29,atom_v,14,20260818:4515:350:2:29:2:14
350,dpfi,29,atom_h,15,20260818:4515:350:2:29:1:15
350,dpfi,29,atom_v,15,20260818:4515:350:2:29:2:15
350,dpfi,30,blank_h,0,20260818:4515:350:2:30:3:0
350,dpfi,30,blank_v,0,20260818:4515:350:2:30:4:0
350,dpfi,30,dark_h,0,20260818:4515:350:2:30:5:0
350,dpfi,30,dark_v,0,20260818:4515:350:2:30:6:0
350,dpfi,30,atom_h,1,20260818:4515:350:2:30:1:1
350,dpfi,30,atom_v,1,20260818:4515:350:2:30:2:1
350,dpfi,30,atom_h,2,20260818:4515:350:2:30:1:2
350,dpfi,30,atom_v,2,20260818:4515:350:2:30:2:2
350,dpfi,30,atom_h,3,20260818:4515:350:2:30:1:3
350,dpfi,30,atom_v,3,20260818:4515:350:2:30:2:3
350,dpfi,30,atom_h,4,20260818:4515:350:2:30:1:4
350,dpfi,30,atom_v,4,20260818:4515:350:2:30:2:4
350,dpfi,30,atom_h,5,20260818:4515:350:2:30:1:5
350,dpfi,30,atom_v,5,20260818:4515:350:2:30:2:5
350,dpfi,30,atom_h,6,20260818:4515:350:2:30:1:6
350,dpfi,30,atom_v,6,20260818:4515:350:2:30:2:6
350,dpfi,30,atom_h,7,20260818:4515:350:2:30:1:7
350,dpfi,30,atom_v,7,20260818:4515:350:2:30:2:7
350,dpfi,30,atom_h,8,20260818:4515:350:2:30:1:8
350,dpfi,30,atom_v,8,20260818:4515:350:2:30:2:8
350,dpfi,30,atom_h,9,20260818:4515:350:2:30:1:9
350,dpfi,30,atom_v,9,20260818:4515:350:2:30:2:9
350,dpfi,30,atom_h,10,20260818:4515:350:2:30:1:10
350,dpfi,30,atom_v,10,20260818:4515:350:2:30:2:10
350,dpfi,30,atom_h,11,20260818:4515:350:2:30:1:11
350,dpfi,30,atom_v,11,20260818:4515:350:2:30:2:11
350,dpfi,30,atom_h,12,20260818:4515:350:2:30:1:12
350,dpfi,30,atom_v,12,20260818:4515:350:2:30:2:12
350,dpfi,30,atom_h,13,20260818:4515:350:2:30:1:13
350,dpfi,30,atom_v,13,20260818:4515:350:2:30:2:13
350,dpfi,30,atom_h,14,20260818:4515:350:2:30:1:14
350,dpfi,30,atom_v,14,20260818:4515:350:2:30:2:14
350,dpfi,30,atom_h,15,20260818:4515:350:2:30:1:15
350,dpfi,30,atom_v,15,20260818:4515:350:2:30:2:15
350,dpfi,31,blank_h,0,20260818:4515:350:2:31:3:0
350,dpfi,31,blank_v,0,20260818:4515:350:2:31:4:0
350,dpfi,31,dark_h,0,20260818:4515:350:2:31:5:0
350,dpfi,31,dark_v,0,20260818:4515:350:2:31:6:0
350,dpfi,31,atom_h,1,20260818:4515:350:2:31:1:1
350,dpfi,31,atom_v,1,20260818:4515:350:2:31:2:1
350,dpfi,31,atom_h,2,20260818:4515:350:2:31:1:2
350,dpfi,31,atom_v,2,20260818:4515:350:2:31:2:2
350,dpfi,31,atom_h,3,20260818:4515:350:2:31:1:3
350,dpfi,31,atom_v,3,20260818:4515:350:2:31:2:3
350,dpfi,31,atom_h,4,20260818:4515:350:2:31:1:4
350,dpfi,31,atom_v,4,20260818:4515:350:2:31:2:4
350,dpfi,31,atom_h,5,20260818:4515:350:2:31:1:5
350,dpfi,31,atom_v,5,20260818:4515:350:2:31:2:5
350,dpfi,31,atom_h,6,20260818:4515:350:2:31:1:6
350,dpfi,31,atom_v,6,20260818:4515:350:2:31:2:6
350,dpfi,31,atom_h,7,20260818:4515:350:2:31:1:7
350,dpfi,31,atom_v,7,20260818:4515:350:2:31:2:7
350,dpfi,31,atom_h,8,20260818:4515:350:2:31:1:8
350,dpfi,31,atom_v,8,20260818:4515:350:2:31:2:8
350,dpfi,31,atom_h,9,20260818:4515:350:2:31:1:9
350,dpfi,31,atom_v,9,20260818:4515:350:2:31:2:9
350,dpfi,31,atom_h,10,20260818:4515:350:2:31:1:10
350,dpfi,31,atom_v,10,20260818:4515:350:2:31:2:10
350,dpfi,31,atom_h,11,20260818:4515:350:2:31:1:11
350,dpfi,31,atom_v,11,20260818:4515:350:2:31:2:11
350,dpfi,31,atom_h,12,20260818:4515:350:2:31:1:12
350,dpfi,31,atom_v,12,20260818:4515:350:2:31:2:12
350,dpfi,31,atom_h,13,20260818:4515:350:2:31:1:13
350,dpfi,31,atom_v,13,20260818:4515:350:2:31:2:13
350,dpfi,31,atom_h,14,20260818:4515:350:2:31:1:14
350,dpfi,31,atom_v,14,20260818:4515:350:2:31:2:14
350,dpfi,31,atom_h,15,20260818:4515:350:2:31:1:15
350,dpfi,31,atom_v,15,20260818:4515:350:2:31:2:15
350,dpfi,32,blank_h,0,20260818:4515:350:2:32:3:0
350,dpfi,32,blank_v,0,20260818:4515:350:2:32:4:0
350,dpfi,32,dark_h,0,20260818:4515:350:2:32:5:0
350,dpfi,32,dark_v,0,20260818:4515:350:2:32:6:0
350,dpfi,32,atom_h,1,20260818:4515:350:2:32:1:1
350,dpfi,32,atom_v,1,20260818:4515:350:2:32:2:1
350,dpfi,32,atom_h,2,20260818:4515:350:2:32:1:2
350,dpfi,32,atom_v,2,20260818:4515:350:2:32:2:2
350,dpfi,32,atom_h,3,20260818:4515:350:2:32:1:3
350,dpfi,32,atom_v,3,20260818:4515:350:2:32:2:3
350,dpfi,32,atom_h,4,20260818:4515:350:2:32:1:4
350,dpfi,32,atom_v,4,20260818:4515:350:2:32:2:4
350,dpfi,32,atom_h,5,20260818:4515:350:2:32:1:5
350,dpfi,32,atom_v,5,20260818:4515:350:2:32:2:5
350,dpfi,32,atom_h,6,20260818:4515:350:2:32:1:6
350,dpfi,32,atom_v,6,20260818:4515:350:2:32:2:6
350,dpfi,32,atom_h,7,20260818:4515:350:2:32:1:7
350,dpfi,32,atom_v,7,20260818:4515:350:2:32:2:7
350,dpfi,32,atom_h,8,20260818:4515:350:2:32:1:8
350,dpfi,32,atom_v,8,20260818:4515:350:2:32:2:8
350,dpfi,32,atom_h,9,20260818:4515:350:2:32:1:9
350,dpfi,32,atom_v,9,20260818:4515:350:2:32:2:9
350,dpfi,32,atom_h,10,20260818:4515:350:2:32:1:10
350,dpfi,32,atom_v,10,20260818:4515:350:2:32:2:10
350,dpfi,32,atom_h,11,20260818:4515:350:2:32:1:11
350,dpfi,32,atom_v,11,20260818:4515:350:2:32:2:11
350,dpfi,32,atom_h,12,20260818:4515:350:2:32:1:12
350,dpfi,32,atom_v,12,20260818:4515:350:2:32:2:12
350,dpfi,32,atom_h,13,20260818:4515:350:2:32:1:13
350,dpfi,32,atom_v,13,20260818:4515:350:2:32:2:13
350,dpfi,32,atom_h,14,20260818:4515:350:2:32:1:14
350,dpfi,32,atom_v,14,20260818:4515:350:2:32:2:14
350,dpfi,32,atom_h,15,20260818:4515:350:2:32:1:15
350,dpfi,32,atom_v,15,20260818:4515:350:2:32:2:15
350,dpfi,33,blank_h,0,20260818:4515:350:2:33:3:0
350,dpfi,33,blank_v,0,20260818:4515:350:2:33:4:0
350,dpfi,33,dark_h,0,20260818:4515:350:2:33:5:0
350,dpfi,33,dark_v,0,20260818:4515:350:2:33:6:0
350,dpfi,33,atom_h,1,20260818:4515:350:2:33:1:1
350,dpfi,33,atom_v,1,20260818:4515:350:2:33:2:1
350,dpfi,33,atom_h,2,20260818:4515:350:2:33:1:2
350,dpfi,33,atom_v,2,20260818:4515:350:2:33:2:2
350,dpfi,33,atom_h,3,20260818:4515:350:2:33:1:3
350,dpfi,33,atom_v,3,20260818:4515:350:2:33:2:3
350,dpfi,33,atom_h,4,20260818:4515:350:2:33:1:4
350,dpfi,33,atom_v,4,20260818:4515:350:2:33:2:4
350,dpfi,33,atom_h,5,20260818:4515:350:2:33:1:5
350,dpfi,33,atom_v,5,20260818:4515:350:2:33:2:5
350,dpfi,33,atom_h,6,20260818:4515:350:2:33:1:6
350,dpfi,33,atom_v,6,20260818:4515:350:2:33:2:6
350,dpfi,33,atom_h,7,20260818:4515:350:2:33:1:7
350,dpfi,33,atom_v,7,20260818:4515:350:2:33:2:7
350,dpfi,33,atom_h,8,20260818:4515:350:2:33:1:8
350,dpfi,33,atom_v,8,20260818:4515:350:2:33:2:8
350,dpfi,33,atom_h,9,20260818:4515:350:2:33:1:9
350,dpfi,33,atom_v,9,20260818:4515:350:2:33:2:9
350,dpfi,33,atom_h,10,20260818:4515:350:2:33:1:10
350,dpfi,33,atom_v,10,20260818:4515:350:2:33:2:10
350,dpfi,33,atom_h,11,20260818:4515:350:2:33:1:11
350,dpfi,33,atom_v,11,20260818:4515:350:2:33:2:11
350,dpfi,33,atom_h,12,20260818:4515:350:2:33:1:12
350,dpfi,33,atom_v,12,20260818:4515:350:2:33:2:12
350,dpfi,33,atom_h,13,20260818:4515:350:2:33:1:13
350,dpfi,33,atom_v,13,20260818:4515:350:2:33:2:13
350,dpfi,33,atom_h,14,20260818:4515:350:2:33:1:14
350,dpfi,33,atom_v,14,20260818:4515:350:2:33:2:14
350,dpfi,33,atom_h,15,20260818:4515:350:2:33:1:15
350,dpfi,33,atom_v,15,20260818:4515:350:2:33:2:15
350,dpfi,34,blank_h,0,20260818:4515:350:2:34:3:0
350,dpfi,34,blank_v,0,20260818:4515:350:2:34:4:0
350,dpfi,34,dark_h,0,20260818:4515:350:2:34:5:0
350,dpfi,34,dark_v,0,20260818:4515:350:2:34:6:0
350,dpfi,34,atom_h,1,20260818:4515:350:2:34:1:1
350,dpfi,34,atom_v,1,20260818:4515:350:2:34:2:1
350,dpfi,34,atom_h,2,20260818:4515:350:2:34:1:2
350,dpfi,34,atom_v,2,20260818:4515:350:2:34:2:2
350,dpfi,34,atom_h,3,20260818:4515:350:2:34:1:3
350,dpfi,34,atom_v,3,20260818:4515:350:2:34:2:3
350,dpfi,34,atom_h,4,20260818:4515:350:2:34:1:4
350,dpfi,34,atom_v,4,20260818:4515:350:2:34:2:4
350,dpfi,34,atom_h,5,20260818:4515:350:2:34:1:5
350,dpfi,34,atom_v,5,20260818:4515:350:2:34:2:5
350,dpfi,34,atom_h,6,20260818:4515:350:2:34:1:6
350,dpfi,34,atom_v,6,20260818:4515:350:2:34:2:6
350,dpfi,34,atom_h,7,20260818:4515:350:2:34:1:7
350,dpfi,34,atom_v,7,20260818:4515:350:2:34:2:7
350,dpfi,34,atom_h,8,20260818:4515:350:2:34:1:8
350,dpfi,34,atom_v,8,20260818:4515:350:2:34:2:8
350,dpfi,34,atom_h,9,20260818:4515:350:2:34:1:9
350,dpfi,34,atom_v,9,20260818:4515:350:2:34:2:9
350,dpfi,34,atom_h,10,20260818:4515:350:2:34:1:10
350,dpfi,34,atom_v,10,20260818:4515:350:2:34:2:10
350,dpfi,34,atom_h,11,20260818:4515:350:2:34:1:11
350,dpfi,34,atom_v,11,20260818:4515:350:2:34:2:11
350,dpfi,34,atom_h,12,20260818:4515:350:2:34:1:12
350,dpfi,34,atom_v,12,20260818:4515:350:2:34:2:12
350,dpfi,34,atom_h,13,20260818:4515:350:2:34:1:13
350,dpfi,34,atom_v,13,20260818:4515:350:2:34:2:13
350,dpfi,34,atom_h,14,20260818:4515:350:2:34:1:14
350,dpfi,34,atom_v,14,20260818:4515:350:2:34:2:14
350,dpfi,34,atom_h,15,20260818:4515:350:2:34:1:15
350,dpfi,34,atom_v,15,20260818:4515:350:2:34:2:15
350,dpfi,35,blank_h,0,20260818:4515:350:2:35:3:0
350,dpfi,35,blank_v,0,20260818:4515:350:2:35:4:0
350,dpfi,35,dark_h,0,20260818:4515:350:2:35:5:0
350,dpfi,35,dark_v,0,20260818:4515:350:2:35:6:0
350,dpfi,35,atom_h,1,20260818:4515:350:2:35:1:1
350,dpfi,35,atom_v,1,20260818:4515:350:2:35:2:1
350,dpfi,35,atom_h,2,20260818:4515:350:2:35:1:2
350,dpfi,35,atom_v,2,20260818:4515:350:2:35:2:2
350,dpfi,35,atom_h,3,20260818:4515:350:2:35:1:3
350,dpfi,35,atom_v,3,20260818:4515:350:2:35:2:3
350,dpfi,35,atom_h,4,20260818:4515:350:2:35:1:4
350,dpfi,35,atom_v,4,20260818:4515:350:2:35:2:4
350,dpfi,35,atom_h,5,20260818:4515:350:2:35:1:5
350,dpfi,35,atom_v,5,20260818:4515:350:2:35:2:5
350,dpfi,35,atom_h,6,20260818:4515:350:2:35:1:6
350,dpfi,35,atom_v,6,20260818:4515:350:2:35:2:6
350,dpfi,35,atom_h,7,20260818:4515:350:2:35:1:7
350,dpfi,35,atom_v,7,20260818:4515:350:2:35:2:7
350,dpfi,35,atom_h,8,20260818:4515:350:2:35:1:8
350,dpfi,35,atom_v,8,20260818:4515:350:2:35:2:8
350,dpfi,35,atom_h,9,20260818:4515:350:2:35:1:9
350,dpfi,35,atom_v,9,20260818:4515:350:2:35:2:9
350,dpfi,35,atom_h,10,20260818:4515:350:2:35:1:10
350,dpfi,35,atom_v,10,20260818:4515:350:2:35:2:10
350,dpfi,35,atom_h,11,20260818:4515:350:2:35:1:11
350,dpfi,35,atom_v,11,20260818:4515:350:2:35:2:11
350,dpfi,35,atom_h,12,20260818:4515:350:2:35:1:12
350,dpfi,35,atom_v,12,20260818:4515:350:2:35:2:12
350,dpfi,35,atom_h,13,20260818:4515:350:2:35:1:13
350,dpfi,35,atom_v,13,20260818:4515:350:2:35:2:13
350,dpfi,35,atom_h,14,20260818:4515:350:2:35:1:14
350,dpfi,35,atom_v,14,20260818:4515:350:2:35:2:14
350,dpfi,35,atom_h,15,20260818:4515:350:2:35:1:15
350,dpfi,35,atom_v,15,20260818:4515:350:2:35:2:15
350,dpfi,36,blank_h,0,20260818:4515:350:2:36:3:0
350,dpfi,36,blank_v,0,20260818:4515:350:2:36:4:0
350,dpfi,36,dark_h,0,20260818:4515:350:2:36:5:0
350,dpfi,36,dark_v,0,20260818:4515:350:2:36:6:0
350,dpfi,36,atom_h,1,20260818:4515:350:2:36:1:1
350,dpfi,36,atom_v,1,20260818:4515:350:2:36:2:1
350,dpfi,36,atom_h,2,20260818:4515:350:2:36:1:2
350,dpfi,36,atom_v,2,20260818:4515:350:2:36:2:2
350,dpfi,36,atom_h,3,20260818:4515:350:2:36:1:3
350,dpfi,36,atom_v,3,20260818:4515:350:2:36:2:3
350,dpfi,36,atom_h,4,20260818:4515:350:2:36:1:4
350,dpfi,36,atom_v,4,20260818:4515:350:2:36:2:4
350,dpfi,36,atom_h,5,20260818:4515:350:2:36:1:5
350,dpfi,36,atom_v,5,20260818:4515:350:2:36:2:5
350,dpfi,36,atom_h,6,20260818:4515:350:2:36:1:6
350,dpfi,36,atom_v,6,20260818:4515:350:2:36:2:6
350,dpfi,36,atom_h,7,20260818:4515:350:2:36:1:7
350,dpfi,36,atom_v,7,20260818:4515:350:2:36:2:7
350,dpfi,36,atom_h,8,20260818:4515:350:2:36:1:8
350,dpfi,36,atom_v,8,20260818:4515:350:2:36:2:8
350,dpfi,36,atom_h,9,20260818:4515:350:2:36:1:9
350,dpfi,36,atom_v,9,20260818:4515:350:2:36:2:9
350,dpfi,36,atom_h,10,20260818:4515:350:2:36:1:10
350,dpfi,36,atom_v,10,20260818:4515:350:2:36:2:10
350,dpfi,36,atom_h,11,20260818:4515:350:2:36:1:11
350,dpfi,36,atom_v,11,20260818:4515:350:2:36:2:11
350,dpfi,36,atom_h,12,20260818:4515:350:2:36:1:12
350,dpfi,36,atom_v,12,20260818:4515:350:2:36:2:12
350,dpfi,36,atom_h,13,20260818:4515:350:2:36:1:13
350,dpfi,36,atom_v,13,20260818:4515:350:2:36:2:13
350,dpfi,36,atom_h,14,20260818:4515:350:2:36:1:14
350,dpfi,36,atom_v,14,20260818:4515:350:2:36:2:14
350,dpfi,36,atom_h,15,20260818:4515:350:2:36:1:15
350,dpfi,36,atom_v,15,20260818:4515:350:2:36:2:15
350,dpfi,37,blank_h,0,20260818:4515:350:2:37:3:0
350,dpfi,37,blank_v,0,20260818:4515:350:2:37:4:0
350,dpfi,37,dark_h,0,20260818:4515:350:2:37:5:0
350,dpfi,37,dark_v,0,20260818:4515:350:2:37:6:0
350,dpfi,37,atom_h,1,20260818:4515:350:2:37:1:1
350,dpfi,37,atom_v,1,20260818:4515:350:2:37:2:1
350,dpfi,37,atom_h,2,20260818:4515:350:2:37:1:2
350,dpfi,37,atom_v,2,20260818:4515:350:2:37:2:2
350,dpfi,37,atom_h,3,20260818:4515:350:2:37:1:3
350,dpfi,37,atom_v,3,20260818:4515:350:2:37:2:3
350,dpfi,37,atom_h,4,20260818:4515:350:2:37:1:4
350,dpfi,37,atom_v,4,20260818:4515:350:2:37:2:4
350,dpfi,37,atom_h,5,20260818:4515:350:2:37:1:5
350,dpfi,37,atom_v,5,20260818:4515:350:2:37:2:5
350,dpfi,37,atom_h,6,20260818:4515:350:2:37:1:6
350,dpfi,37,atom_v,6,20260818:4515:350:2:37:2:6
350,dpfi,37,atom_h,7,20260818:4515:350:2:37:1:7
350,dpfi,37,atom_v,7,20260818:4515:350:2:37:2:7
350,dpfi,37,atom_h,8,20260818:4515:350:2:37:1:8
350,dpfi,37,atom_v,8,20260818:4515:350:2:37:2:8
350,dpfi,37,atom_h,9,20260818:4515:350:2:37:1:9
350,dpfi,37,atom_v,9,20260818:4515:350:2:37:2:9
350,dpfi,37,atom_h,10,20260818:4515:350:2:37:1:10
350,dpfi,37,atom_v,10,20260818:4515:350:2:37:2:10
350,dpfi,37,atom_h,11,20260818:4515:350:2:37:1:11
350,dpfi,37,atom_v,11,20260818:4515:350:2:37:2:11
350,dpfi,37,atom_h,12,20260818:4515:350:2:37:1:12
350,dpfi,37,atom_v,12,20260818:4515:350:2:37:2:12
350,dpfi,37,atom_h,13,20260818:4515:350:2:37:1:13
350,dpfi,37,atom_v,13,20260818:4515:350:2:37:2:13
350,dpfi,37,atom_h,14,20260818:4515:350:2:37:1:14
350,dpfi,37,atom_v,14,20260818:4515:350:2:37:2:14
350,dpfi,37,atom_h,15,20260818:4515:350:2:37:1:15
350,dpfi,37,atom_v,15,20260818:4515:350:2:37:2:15
350,dpfi,38,blank_h,0,20260818:4515:350:2:38:3:0
350,dpfi,38,blank_v,0,20260818:4515:350:2:38:4:0
350,dpfi,38,dark_h,0,20260818:4515:350:2:38:5:0
350,dpfi,38,dark_v,0,20260818:4515:350:2:38:6:0
350,dpfi,38,atom_h,1,20260818:4515:350:2:38:1:1
350,dpfi,38,atom_v,1,20260818:4515:350:2:38:2:1
350,dpfi,38,atom_h,2,20260818:4515:350:2:38:1:2
350,dpfi,38,atom_v,2,20260818:4515:350:2:38:2:2
350,dpfi,38,atom_h,3,20260818:4515:350:2:38:1:3
350,dpfi,38,atom_v,3,20260818:4515:350:2:38:2:3
350,dpfi,38,atom_h,4,20260818:4515:350:2:38:1:4
350,dpfi,38,atom_v,4,20260818:4515:350:2:38:2:4
350,dpfi,38,atom_h,5,20260818:4515:350:2:38:1:5
350,dpfi,38,atom_v,5,20260818:4515:350:2:38:2:5
350,dpfi,38,atom_h,6,20260818:4515:350:2:38:1:6
350,dpfi,38,atom_v,6,20260818:4515:350:2:38:2:6
350,dpfi,38,atom_h,7,20260818:4515:350:2:38:1:7
350,dpfi,38,atom_v,7,20260818:4515:350:2:38:2:7
350,dpfi,38,atom_h,8,20260818:4515:350:2:38:1:8
350,dpfi,38,atom_v,8,20260818:4515:350:2:38:2:8
350,dpfi,38,atom_h,9,20260818:4515:350:2:38:1:9
350,dpfi,38,atom_v,9,20260818:4515:350:2:38:2:9
350,dpfi,38,atom_h,10,20260818:4515:350:2:38:1:10
350,dpfi,38,atom_v,10,20260818:4515:350:2:38:2:10
350,dpfi,38,atom_h,11,20260818:4515:350:2:38:1:11
350,dpfi,38,atom_v,11,20260818:4515:350:2:38:2:11
350,dpfi,38,atom_h,12,20260818:4515:350:2:38:1:12
350,dpfi,38,atom_v,12,20260818:4515:350:2:38:2:12
350,dpfi,38,atom_h,13,20260818:4515:350:2:38:1:13
350,dpfi,38,atom_v,13,20260818:4515:350:2:38:2:13
350,dpfi,38,atom_h,14,20260818:4515:350:2:38:1:14
350,dpfi,38,atom_v,14,20260818:4515:350:2:38:2:14
350,dpfi,38,atom_h,15,20260818:4515:350:2:38:1:15
350,dpfi,38,atom_v,15,20260818:4515:350:2:38:2:15
350,dpfi,39,blank_h,0,20260818:4515:350:2:39:3:0
350,dpfi,39,blank_v,0,20260818:4515:350:2:39:4:0
350,dpfi,39,dark_h,0,20260818:4515:350:2:39:5:0
350,dpfi,39,dark_v,0,20260818:4515:350:2:39:6:0
350,dpfi,39,atom_h,1,20260818:4515:350:2:39:1:1
350,dpfi,39,atom_v,1,20260818:4515:350:2:39:2:1
350,dpfi,39,atom_h,2,20260818:4515:350:2:39:1:2
350,dpfi,39,atom_v,2,20260818:4515:350:2:39:2:2
350,dpfi,39,atom_h,3,20260818:4515:350:2:39:1:3
350,dpfi,39,atom_v,3,20260818:4515:350:2:39:2:3
350,dpfi,39,atom_h,4,20260818:4515:350:2:39:1:4
350,dpfi,39,atom_v,4,20260818:4515:350:2:39:2:4
350,dpfi,39,atom_h,5,20260818:4515:350:2:39:1:5
350,dpfi,39,atom_v,5,20260818:4515:350:2:39:2:5
350,dpfi,39,atom_h,6,20260818:4515:350:2:39:1:6
350,dpfi,39,atom_v,6,20260818:4515:350:2:39:2:6
350,dpfi,39,atom_h,7,20260818:4515:350:2:39:1:7
350,dpfi,39,atom_v,7,20260818:4515:350:2:39:2:7
350,dpfi,39,atom_h,8,20260818:4515:350:2:39:1:8
350,dpfi,39,atom_v,8,20260818:4515:350:2:39:2:8
350,dpfi,39,atom_h,9,20260818:4515:350:2:39:1:9
350,dpfi,39,atom_v,9,20260818:4515:350:2:39:2:9
350,dpfi,39,atom_h,10,20260818:4515:350:2:39:1:10
350,dpfi,39,atom_v,10,20260818:4515:350:2:39:2:10
350,dpfi,39,atom_h,11,20260818:4515:350:2:39:1:11
350,dpfi,39,atom_v,11,20260818:4515:350:2:39:2:11
350,dpfi,39,atom_h,12,20260818:4515:350:2:39:1:12
350,dpfi,39,atom_v,12,20260818:4515:350:2:39:2:12
350,dpfi,39,atom_h,13,20260818:4515:350:2:39:1:13
350,dpfi,39,atom_v,13,20260818:4515:350:2:39:2:13
350,dpfi,39,atom_h,14,20260818:4515:350:2:39:1:14
350,dpfi,39,atom_v,14,20260818:4515:350:2:39:2:14
350,dpfi,39,atom_h,15,20260818:4515:350:2:39:1:15
350,dpfi,39,atom_v,15,20260818:4515:350:2:39:2:15
350,dpfi,40,blank_h,0,20260818:4515:350:2:40:3:0
350,dpfi,40,blank_v,0,20260818:4515:350:2:40:4:0
350,dpfi,40,dark_h,0,20260818:4515:350:2:40:5:0
350,dpfi,40,dark_v,0,20260818:4515:350:2:40:6:0
350,dpfi,40,atom_h,1,20260818:4515:350:2:40:1:1
350,dpfi,40,atom_v,1,20260818:4515:350:2:40:2:1
350,dpfi,40,atom_h,2,20260818:4515:350:2:40:1:2
350,dpfi,40,atom_v,2,20260818:4515:350:2:40:2:2
350,dpfi,40,atom_h,3,20260818:4515:350:2:40:1:3
350,dpfi,40,atom_v,3,20260818:4515:350:2:40:2:3
350,dpfi,40,atom_h,4,20260818:4515:350:2:40:1:4
350,dpfi,40,atom_v,4,20260818:4515:350:2:40:2:4
350,dpfi,40,atom_h,5,20260818:4515:350:2:40:1:5
350,dpfi,40,atom_v,5,20260818:4515:350:2:40:2:5
350,dpfi,40,atom_h,6,20260818:4515:350:2:40:1:6
350,dpfi,40,atom_v,6,20260818:4515:350:2:40:2:6
350,dpfi,40,atom_h,7,20260818:4515:350:2:40:1:7
350,dpfi,40,atom_v,7,20260818:4515:350:2:40:2:7
350,dpfi,40,atom_h,8,20260818:4515:350:2:40:1:8
350,dpfi,40,atom_v,8,20260818:4515:350:2:40:2:8
350,dpfi,40,atom_h,9,20260818:4515:350:2:40:1:9
350,dpfi,40,atom_v,9,20260818:4515:350:2:40:2:9
350,dpfi,40,atom_h,10,20260818:4515:350:2:40:1:10
350,dpfi,40,atom_v,10,20260818:4515:350:2:40:2:10
350,dpfi,40,atom_h,11,20260818:4515:350:2:40:1:11
350,dpfi,40,atom_v,11,20260818:4515:350:2:40:2:11
350,dpfi,40,atom_h,12,20260818:4515:350:2:40:1:12
350,dpfi,40,atom_v,12,20260818:4515:350:2:40:2:12
350,dpfi,40,atom_h,13,20260818:4515:350:2:40:1:13
350,dpfi,40,atom_v,13,20260818:4515:350:2:40:2:13
350,dpfi,40,atom_h,14,20260818:4515:350:2:40:1:14
350,dpfi,40,atom_v,14,20260818:4515:350:2:40:2:14
350,dpfi,40,atom_h,15,20260818:4515:350:2:40:1:15
350,dpfi,40,atom_v,15,20260818:4515:350:2:40:2:15
350,dpfi,41,blank_h,0,20260818:4515:350:2:41:3:0
350,dpfi,41,blank_v,0,20260818:4515:350:2:41:4:0
350,dpfi,41,dark_h,0,20260818:4515:350:2:41:5:0
350,dpfi,41,dark_v,0,20260818:4515:350:2:41:6:0
350,dpfi,41,atom_h,1,20260818:4515:350:2:41:1:1
350,dpfi,41,atom_v,1,20260818:4515:350:2:41:2:1
350,dpfi,41,atom_h,2,20260818:4515:350:2:41:1:2
350,dpfi,41,atom_v,2,20260818:4515:350:2:41:2:2
350,dpfi,41,atom_h,3,20260818:4515:350:2:41:1:3
350,dpfi,41,atom_v,3,20260818:4515:350:2:41:2:3
350,dpfi,41,atom_h,4,20260818:4515:350:2:41:1:4
350,dpfi,41,atom_v,4,20260818:4515:350:2:41:2:4
350,dpfi,41,atom_h,5,20260818:4515:350:2:41:1:5
350,dpfi,41,atom_v,5,20260818:4515:350:2:41:2:5
350,dpfi,41,atom_h,6,20260818:4515:350:2:41:1:6
350,dpfi,41,atom_v,6,20260818:4515:350:2:41:2:6
350,dpfi,41,atom_h,7,20260818:4515:350:2:41:1:7
350,dpfi,41,atom_v,7,20260818:4515:350:2:41:2:7
350,dpfi,41,atom_h,8,20260818:4515:350:2:41:1:8
350,dpfi,41,atom_v,8,20260818:4515:350:2:41:2:8
350,dpfi,41,atom_h,9,20260818:4515:350:2:41:1:9
350,dpfi,41,atom_v,9,20260818:4515:350:2:41:2:9
350,dpfi,41,atom_h,10,20260818:4515:350:2:41:1:10
350,dpfi,41,atom_v,10,20260818:4515:350:2:41:2:10
350,dpfi,41,atom_h,11,20260818:4515:350:2:41:1:11
350,dpfi,41,atom_v,11,20260818:4515:350:2:41:2:11
350,dpfi,41,atom_h,12,20260818:4515:350:2:41:1:12
350,dpfi,41,atom_v,12,20260818:4515:350:2:41:2:12
350,dpfi,41,atom_h,13,20260818:4515:350:2:41:1:13
350,dpfi,41,atom_v,13,20260818:4515:350:2:41:2:13
350,dpfi,41,atom_h,14,20260818:4515:350:2:41:1:14
350,dpfi,41,atom_v,14,20260818:4515:350:2:41:2:14
350,dpfi,41,atom_h,15,20260818:4515:350:2:41:1:15
350,dpfi,41,atom_v,15,20260818:4515:350:2:41:2:15
350,dpfi,42,blank_h,0,20260818:4515:350:2:42:3:0
350,dpfi,42,blank_v,0,20260818:4515:350:2:42:4:0
350,dpfi,42,dark_h,0,20260818:4515:350:2:42:5:0
350,dpfi,42,dark_v,0,20260818:4515:350:2:42:6:0
350,dpfi,42,atom_h,1,20260818:4515:350:2:42:1:1
350,dpfi,42,atom_v,1,20260818:4515:350:2:42:2:1
350,dpfi,42,atom_h,2,20260818:4515:350:2:42:1:2
350,dpfi,42,atom_v,2,20260818:4515:350:2:42:2:2
350,dpfi,42,atom_h,3,20260818:4515:350:2:42:1:3
350,dpfi,42,atom_v,3,20260818:4515:350:2:42:2:3
350,dpfi,42,atom_h,4,20260818:4515:350:2:42:1:4
350,dpfi,42,atom_v,4,20260818:4515:350:2:42:2:4
350,dpfi,42,atom_h,5,20260818:4515:350:2:42:1:5
350,dpfi,42,atom_v,5,20260818:4515:350:2:42:2:5
350,dpfi,42,atom_h,6,20260818:4515:350:2:42:1:6
350,dpfi,42,atom_v,6,20260818:4515:350:2:42:2:6
350,dpfi,42,atom_h,7,20260818:4515:350:2:42:1:7
350,dpfi,42,atom_v,7,20260818:4515:350:2:42:2:7
350,dpfi,42,atom_h,8,20260818:4515:350:2:42:1:8
350,dpfi,42,atom_v,8,20260818:4515:350:2:42:2:8
350,dpfi,42,atom_h,9,20260818:4515:350:2:42:1:9
350,dpfi,42,atom_v,9,20260818:4515:350:2:42:2:9
350,dpfi,42,atom_h,10,20260818:4515:350:2:42:1:10
350,dpfi,42,atom_v,10,20260818:4515:350:2:42:2:10
350,dpfi,42,atom_h,11,20260818:4515:350:2:42:1:11
350,dpfi,42,atom_v,11,20260818:4515:350:2:42:2:11
350,dpfi,42,atom_h,12,20260818:4515:350:2:42:1:12
350,dpfi,42,atom_v,12,20260818:4515:350:2:42:2:12
350,dpfi,42,atom_h,13,20260818:4515:350:2:42:1:13
350,dpfi,42,atom_v,13,20260818:4515:350:2:42:2:13
350,dpfi,42,atom_h,14,20260818:4515:350:2:42:1:14
350,dpfi,42,atom_v,14,20260818:4515:350:2:42:2:14
350,dpfi,42,atom_h,15,20260818:4515:350:2:42:1:15
350,dpfi,42,atom_v,15,20260818:4515:350:2:42:2:15
350,dpfi,43,blank_h,0,20260818:4515:350:2:43:3:0
350,dpfi,43,blank_v,0,20260818:4515:350:2:43:4:0
350,dpfi,43,dark_h,0,20260818:4515:350:2:43:5:0
350,dpfi,43,dark_v,0,20260818:4515:350:2:43:6:0
350,dpfi,43,atom_h,1,20260818:4515:350:2:43:1:1
350,dpfi,43,atom_v,1,20260818:4515:350:2:43:2:1
350,dpfi,43,atom_h,2,20260818:4515:350:2:43:1:2
350,dpfi,43,atom_v,2,20260818:4515:350:2:43:2:2
350,dpfi,43,atom_h,3,20260818:4515:350:2:43:1:3
350,dpfi,43,atom_v,3,20260818:4515:350:2:43:2:3
350,dpfi,43,atom_h,4,20260818:4515:350:2:43:1:4
350,dpfi,43,atom_v,4,20260818:4515:350:2:43:2:4
350,dpfi,43,atom_h,5,20260818:4515:350:2:43:1:5
350,dpfi,43,atom_v,5,20260818:4515:350:2:43:2:5
350,dpfi,43,atom_h,6,20260818:4515:350:2:43:1:6
350,dpfi,43,atom_v,6,20260818:4515:350:2:43:2:6
350,dpfi,43,atom_h,7,20260818:4515:350:2:43:1:7
350,dpfi,43,atom_v,7,20260818:4515:350:2:43:2:7
350,dpfi,43,atom_h,8,20260818:4515:350:2:43:1:8
350,dpfi,43,atom_v,8,20260818:4515:350:2:43:2:8
350,dpfi,43,atom_h,9,20260818:4515:350:2:43:1:9
350,dpfi,43,atom_v,9,20260818:4515:350:2:43:2:9
350,dpfi,43,atom_h,10,20260818:4515:350:2:43:1:10
350,dpfi,43,atom_v,10,20260818:4515:350:2:43:2:10
350,dpfi,43,atom_h,11,20260818:4515:350:2:43:1:11
350,dpfi,43,atom_v,11,20260818:4515:350:2:43:2:11
350,dpfi,43,atom_h,12,20260818:4515:350:2:43:1:12
350,dpfi,43,atom_v,12,20260818:4515:350:2:43:2:12
350,dpfi,43,atom_h,13,20260818:4515:350:2:43:1:13
350,dpfi,43,atom_v,13,20260818:4515:350:2:43:2:13
350,dpfi,43,atom_h,14,20260818:4515:350:2:43:1:14
350,dpfi,43,atom_v,14,20260818:4515:350:2:43:2:14
350,dpfi,43,atom_h,15,20260818:4515:350:2:43:1:15
350,dpfi,43,atom_v,15,20260818:4515:350:2:43:2:15
350,dpfi,44,blank_h,0,20260818:4515:350:2:44:3:0
350,dpfi,44,blank_v,0,20260818:4515:350:2:44:4:0
350,dpfi,44,dark_h,0,20260818:4515:350:2:44:5:0
350,dpfi,44,dark_v,0,20260818:4515:350:2:44:6:0
350,dpfi,44,atom_h,1,20260818:4515:350:2:44:1:1
350,dpfi,44,atom_v,1,20260818:4515:350:2:44:2:1
350,dpfi,44,atom_h,2,20260818:4515:350:2:44:1:2
350,dpfi,44,atom_v,2,20260818:4515:350:2:44:2:2
350,dpfi,44,atom_h,3,20260818:4515:350:2:44:1:3
350,dpfi,44,atom_v,3,20260818:4515:350:2:44:2:3
350,dpfi,44,atom_h,4,20260818:4515:350:2:44:1:4
350,dpfi,44,atom_v,4,20260818:4515:350:2:44:2:4
350,dpfi,44,atom_h,5,20260818:4515:350:2:44:1:5
350,dpfi,44,atom_v,5,20260818:4515:350:2:44:2:5
350,dpfi,44,atom_h,6,20260818:4515:350:2:44:1:6
350,dpfi,44,atom_v,6,20260818:4515:350:2:44:2:6
350,dpfi,44,atom_h,7,20260818:4515:350:2:44:1:7
350,dpfi,44,atom_v,7,20260818:4515:350:2:44:2:7
350,dpfi,44,atom_h,8,20260818:4515:350:2:44:1:8
350,dpfi,44,atom_v,8,20260818:4515:350:2:44:2:8
350,dpfi,44,atom_h,9,20260818:4515:350:2:44:1:9
350,dpfi,44,atom_v,9,20260818:4515:350:2:44:2:9
350,dpfi,44,atom_h,10,20260818:4515:350:2:44:1:10
350,dpfi,44,atom_v,10,20260818:4515:350:2:44:2:10
350,dpfi,44,atom_h,11,20260818:4515:350:2:44:1:11
350,dpfi,44,atom_v,11,20260818:4515:350:2:44:2:11
350,dpfi,44,atom_h,12,20260818:4515:350:2:44:1:12
350,dpfi,44,atom_v,12,20260818:4515:350:2:44:2:12
350,dpfi,44,atom_h,13,20260818:4515:350:2:44:1:13
350,dpfi,44,atom_v,13,20260818:4515:350:2:44:2:13
350,dpfi,44,atom_h,14,20260818:4515:350:2:44:1:14
350,dpfi,44,atom_v,14,20260818:4515:350:2:44:2:14
350,dpfi,44,atom_h,15,20260818:4515:350:2:44:1:15
350,dpfi,44,atom_v,15,20260818:4515:350:2:44:2:15
350,dpfi,45,blank_h,0,20260818:4515:350:2:45:3:0
350,dpfi,45,blank_v,0,20260818:4515:350:2:45:4:0
350,dpfi,45,dark_h,0,20260818:4515:350:2:45:5:0
350,dpfi,45,dark_v,0,20260818:4515:350:2:45:6:0
350,dpfi,45,atom_h,1,20260818:4515:350:2:45:1:1
350,dpfi,45,atom_v,1,20260818:4515:350:2:45:2:1
350,dpfi,45,atom_h,2,20260818:4515:350:2:45:1:2
350,dpfi,45,atom_v,2,20260818:4515:350:2:45:2:2
350,dpfi,45,atom_h,3,20260818:4515:350:2:45:1:3
350,dpfi,45,atom_v,3,20260818:4515:350:2:45:2:3
350,dpfi,45,atom_h,4,20260818:4515:350:2:45:1:4
350,dpfi,45,atom_v,4,20260818:4515:350:2:45:2:4
350,dpfi,45,atom_h,5,20260818:4515:350:2:45:1:5
350,dpfi,45,atom_v,5,20260818:4515:350:2:45:2:5
350,dpfi,45,atom_h,6,20260818:4515:350:2:45:1:6
350,dpfi,45,atom_v,6,20260818:4515:350:2:45:2:6
350,dpfi,45,atom_h,7,20260818:4515:350:2:45:1:7
350,dpfi,45,atom_v,7,20260818:4515:350:2:45:2:7
350,dpfi,45,atom_h,8,20260818:4515:350:2:45:1:8
350,dpfi,45,atom_v,8,20260818:4515:350:2:45:2:8
350,dpfi,45,atom_h,9,20260818:4515:350:2:45:1:9
350,dpfi,45,atom_v,9,20260818:4515:350:2:45:2:9
350,dpfi,45,atom_h,10,20260818:4515:350:2:45:1:10
350,dpfi,45,atom_v,10,20260818:4515:350:2:45:2:10
350,dpfi,45,atom_h,11,20260818:4515:350:2:45:1:11
350,dpfi,45,atom_v,11,20260818:4515:350:2:45:2:11
350,dpfi,45,atom_h,12,20260818:4515:350:2:45:1:12
350,dpfi,45,atom_v,12,20260818:4515:350:2:45:2:12
350,dpfi,45,atom_h,13,20260818:4515:350:2:45:1:13
350,dpfi,45,atom_v,13,20260818:4515:350:2:45:2:13
350,dpfi,45,atom_h,14,20260818:4515:350:2:45:1:14
350,dpfi,45,atom_v,14,20260818:4515:350:2:45:2:14
350,dpfi,45,atom_h,15,20260818:4515:350:2:45:1:15
350,dpfi,45,atom_v,15,20260818:4515:350:2:45:2:15
350,dpfi,46,blank_h,0,20260818:4515:350:2:46:3:0
350,dpfi,46,blank_v,0,20260818:4515:350:2:46:4:0
350,dpfi,46,dark_h,0,20260818:4515:350:2:46:5:0
350,dpfi,46,dark_v,0,20260818:4515:350:2:46:6:0
350,dpfi,46,atom_h,1,20260818:4515:350:2:46:1:1
350,dpfi,46,atom_v,1,20260818:4515:350:2:46:2:1
350,dpfi,46,atom_h,2,20260818:4515:350:2:46:1:2
350,dpfi,46,atom_v,2,20260818:4515:350:2:46:2:2
350,dpfi,46,atom_h,3,20260818:4515:350:2:46:1:3
350,dpfi,46,atom_v,3,20260818:4515:350:2:46:2:3
350,dpfi,46,atom_h,4,20260818:4515:350:2:46:1:4
350,dpfi,46,atom_v,4,20260818:4515:350:2:46:2:4
350,dpfi,46,atom_h,5,20260818:4515:350:2:46:1:5
350,dpfi,46,atom_v,5,20260818:4515:350:2:46:2:5
350,dpfi,46,atom_h,6,20260818:4515:350:2:46:1:6
350,dpfi,46,atom_v,6,20260818:4515:350:2:46:2:6
350,dpfi,46,atom_h,7,20260818:4515:350:2:46:1:7
350,dpfi,46,atom_v,7,20260818:4515:350:2:46:2:7
350,dpfi,46,atom_h,8,20260818:4515:350:2:46:1:8
350,dpfi,46,atom_v,8,20260818:4515:350:2:46:2:8
350,dpfi,46,atom_h,9,20260818:4515:350:2:46:1:9
350,dpfi,46,atom_v,9,20260818:4515:350:2:46:2:9
350,dpfi,46,atom_h,10,20260818:4515:350:2:46:1:10
350,dpfi,46,atom_v,10,20260818:4515:350:2:46:2:10
350,dpfi,46,atom_h,11,20260818:4515:350:2:46:1:11
350,dpfi,46,atom_v,11,20260818:4515:350:2:46:2:11
350,dpfi,46,atom_h,12,20260818:4515:350:2:46:1:12
350,dpfi,46,atom_v,12,20260818:4515:350:2:46:2:12
350,dpfi,46,atom_h,13,20260818:4515:350:2:46:1:13
350,dpfi,46,atom_v,13,20260818:4515:350:2:46:2:13
350,dpfi,46,atom_h,14,20260818:4515:350:2:46:1:14
350,dpfi,46,atom_v,14,20260818:4515:350:2:46:2:14
350,dpfi,46,atom_h,15,20260818:4515:350:2:46:1:15
350,dpfi,46,atom_v,15,20260818:4515:350:2:46:2:15
350,dpfi,47,blank_h,0,20260818:4515:350:2:47:3:0
350,dpfi,47,blank_v,0,20260818:4515:350:2:47:4:0
350,dpfi,47,dark_h,0,20260818:4515:350:2:47:5:0
350,dpfi,47,dark_v,0,20260818:4515:350:2:47:6:0
350,dpfi,47,atom_h,1,20260818:4515:350:2:47:1:1
350,dpfi,47,atom_v,1,20260818:4515:350:2:47:2:1
350,dpfi,47,atom_h,2,20260818:4515:350:2:47:1:2
350,dpfi,47,atom_v,2,20260818:4515:350:2:47:2:2
350,dpfi,47,atom_h,3,20260818:4515:350:2:47:1:3
350,dpfi,47,atom_v,3,20260818:4515:350:2:47:2:3
350,dpfi,47,atom_h,4,20260818:4515:350:2:47:1:4
350,dpfi,47,atom_v,4,20260818:4515:350:2:47:2:4
350,dpfi,47,atom_h,5,20260818:4515:350:2:47:1:5
350,dpfi,47,atom_v,5,20260818:4515:350:2:47:2:5
350,dpfi,47,atom_h,6,20260818:4515:350:2:47:1:6
350,dpfi,47,atom_v,6,20260818:4515:350:2:47:2:6
350,dpfi,47,atom_h,7,20260818:4515:350:2:47:1:7
350,dpfi,47,atom_v,7,20260818:4515:350:2:47:2:7
350,dpfi,47,atom_h,8,20260818:4515:350:2:47:1:8
350,dpfi,47,atom_v,8,20260818:4515:350:2:47:2:8
350,dpfi,47,atom_h,9,20260818:4515:350:2:47:1:9
350,dpfi,47,atom_v,9,20260818:4515:350:2:47:2:9
350,dpfi,47,atom_h,10,20260818:4515:350:2:47:1:10
350,dpfi,47,atom_v,10,20260818:4515:350:2:47:2:10
350,dpfi,47,atom_h,11,20260818:4515:350:2:47:1:11
350,dpfi,47,atom_v,11,20260818:4515:350:2:47:2:11
350,dpfi,47,atom_h,12,20260818:4515:350:2:47:1:12
350,dpfi,47,atom_v,12,20260818:4515:350:2:47:2:12
350,dpfi,47,atom_h,13,20260818:4515:350:2:47:1:13
350,dpfi,47,atom_v,13,20260818:4515:350:2:47:2:13
350,dpfi,47,atom_h,14,20260818:4515:350:2:47:1:14
350,dpfi,47,atom_v,14,20260818:4515:350:2:47:2:14
350,dpfi,47,atom_h,15,20260818:4515:350:2:47:1:15
350,dpfi,47,atom_v,15,20260818:4515:350:2:47:2:15
350,dpfi,48,blank_h,0,20260818:4515:350:2:48:3:0
350,dpfi,48,blank_v,0,20260818:4515:350:2:48:4:0
350,dpfi,48,dark_h,0,20260818:4515:350:2:48:5:0
350,dpfi,48,dark_v,0,20260818:4515:350:2:48:6:0
350,dpfi,48,atom_h,1,20260818:4515:350:2:48:1:1
350,dpfi,48,atom_v,1,20260818:4515:350:2:48:2:1
350,dpfi,48,atom_h,2,20260818:4515:350:2:48:1:2
350,dpfi,48,atom_v,2,20260818:4515:350:2:48:2:2
350,dpfi,48,atom_h,3,20260818:4515:350:2:48:1:3
350,dpfi,48,atom_v,3,20260818:4515:350:2:48:2:3
350,dpfi,48,atom_h,4,20260818:4515:350:2:48:1:4
350,dpfi,48,atom_v,4,20260818:4515:350:2:48:2:4
350,dpfi,48,atom_h,5,20260818:4515:350:2:48:1:5
350,dpfi,48,atom_v,5,20260818:4515:350:2:48:2:5
350,dpfi,48,atom_h,6,20260818:4515:350:2:48:1:6
350,dpfi,48,atom_v,6,20260818:4515:350:2:48:2:6
350,dpfi,48,atom_h,7,20260818:4515:350:2:48:1:7
350,dpfi,48,atom_v,7,20260818:4515:350:2:48:2:7
350,dpfi,48,atom_h,8,20260818:4515:350:2:48:1:8
350,dpfi,48,atom_v,8,20260818:4515:350:2:48:2:8
350,dpfi,48,atom_h,9,20260818:4515:350:2:48:1:9
350,dpfi,48,atom_v,9,20260818:4515:350:2:48:2:9
350,dpfi,48,atom_h,10,20260818:4515:350:2:48:1:10
350,dpfi,48,atom_v,10,20260818:4515:350:2:48:2:10
350,dpfi,48,atom_h,11,20260818:4515:350:2:48:1:11
350,dpfi,48,atom_v,11,20260818:4515:350:2:48:2:11
350,dpfi,48,atom_h,12,20260818:4515:350:2:48:1:12
350,dpfi,48,atom_v,12,20260818:4515:350:2:48:2:12
350,dpfi,48,atom_h,13,20260818:4515:350:2:48:1:13
350,dpfi,48,atom_v,13,20260818:4515:350:2:48:2:13
350,dpfi,48,atom_h,14,20260818:4515:350:2:48:1:14
350,dpfi,48,atom_v,14,20260818:4515:350:2:48:2:14
350,dpfi,48,atom_h,15,20260818:4515:350:2:48:1:15
350,dpfi,48,atom_v,15,20260818:4515:350:2:48:2:15
350,dpfi,49,blank_h,0,20260818:4515:350:2:49:3:0
350,dpfi,49,blank_v,0,20260818:4515:350:2:49:4:0
350,dpfi,49,dark_h,0,20260818:4515:350:2:49:5:0
350,dpfi,49,dark_v,0,20260818:4515:350:2:49:6:0
350,dpfi,49,atom_h,1,20260818:4515:350:2:49:1:1
350,dpfi,49,atom_v,1,20260818:4515:350:2:49:2:1
350,dpfi,49,atom_h,2,20260818:4515:350:2:49:1:2
350,dpfi,49,atom_v,2,20260818:4515:350:2:49:2:2
350,dpfi,49,atom_h,3,20260818:4515:350:2:49:1:3
350,dpfi,49,atom_v,3,20260818:4515:350:2:49:2:3
350,dpfi,49,atom_h,4,20260818:4515:350:2:49:1:4
350,dpfi,49,atom_v,4,20260818:4515:350:2:49:2:4
350,dpfi,49,atom_h,5,20260818:4515:350:2:49:1:5
350,dpfi,49,atom_v,5,20260818:4515:350:2:49:2:5
350,dpfi,49,atom_h,6,20260818:4515:350:2:49:1:6
350,dpfi,49,atom_v,6,20260818:4515:350:2:49:2:6
350,dpfi,49,atom_h,7,20260818:4515:350:2:49:1:7
350,dpfi,49,atom_v,7,20260818:4515:350:2:49:2:7
350,dpfi,49,atom_h,8,20260818:4515:350:2:49:1:8
350,dpfi,49,atom_v,8,20260818:4515:350:2:49:2:8
350,dpfi,49,atom_h,9,20260818:4515:350:2:49:1:9
350,dpfi,49,atom_v,9,20260818:4515:350:2:49:2:9
350,dpfi,49,atom_h,10,20260818:4515:350:2:49:1:10
350,dpfi,49,atom_v,10,20260818:4515:350:2:49:2:10
350,dpfi,49,atom_h,11,20260818:4515:350:2:49:1:11
350,dpfi,49,atom_v,11,20260818:4515:350:2:49:2:11
350,dpfi,49,atom_h,12,20260818:4515:350:2:49:1:12
350,dpfi,49,atom_v,12,20260818:4515:350:2:49:2:12
350,dpfi,49,atom_h,13,20260818:4515:350:2:49:1:13
350,dpfi,49,atom_v,13,20260818:4515:350:2:49:2:13
350,dpfi,49,atom_h,14,20260818:4515:350:2:49:1:14
350,dpfi,49,atom_v,14,20260818:4515:350:2:49:2:14
350,dpfi,49,atom_h,15,20260818:4515:350:2:49:1:15
350,dpfi,49,atom_v,15,20260818:4515:350:2:49:2:15
350,dpfi,50,blank_h,0,20260818:4515:350:2:50:3:0
350,dpfi,50,blank_v,0,20260818:4515:350:2:50:4:0
350,dpfi,50,dark_h,0,20260818:4515:350:2:50:5:0
350,dpfi,50,dark_v,0,20260818:4515:350:2:50:6:0
350,dpfi,50,atom_h,1,20260818:4515:350:2:50:1:1
350,dpfi,50,atom_v,1,20260818:4515:350:2:50:2:1
350,dpfi,50,atom_h,2,20260818:4515:350:2:50:1:2
350,dpfi,50,atom_v,2,20260818:4515:350:2:50:2:2
350,dpfi,50,atom_h,3,20260818:4515:350:2:50:1:3
350,dpfi,50,atom_v,3,20260818:4515:350:2:50:2:3
350,dpfi,50,atom_h,4,20260818:4515:350:2:50:1:4
350,dpfi,50,atom_v,4,20260818:4515:350:2:50:2:4
350,dpfi,50,atom_h,5,20260818:4515:350:2:50:1:5
350,dpfi,50,atom_v,5,20260818:4515:350:2:50:2:5
350,dpfi,50,atom_h,6,20260818:4515:350:2:50:1:6
350,dpfi,50,atom_v,6,20260818:4515:350:2:50:2:6
350,dpfi,50,atom_h,7,20260818:4515:350:2:50:1:7
350,dpfi,50,atom_v,7,20260818:4515:350:2:50:2:7
350,dpfi,50,atom_h,8,20260818:4515:350:2:50:1:8
350,dpfi,50,atom_v,8,20260818:4515:350:2:50:2:8
350,dpfi,50,atom_h,9,20260818:4515:350:2:50:1:9
350,dpfi,50,atom_v,9,20260818:4515:350:2:50:2:9
350,dpfi,50,atom_h,10,20260818:4515:350:2:50:1:10
350,dpfi,50,atom_v,10,20260818:4515:350:2:50:2:10
350,dpfi,50,atom_h,11,20260818:4515:350:2:50:1:11
350,dpfi,50,atom_v,11,20260818:4515:350:2:50:2:11
350,dpfi,50,atom_h,12,20260818:4515:350:2:50:1:12
350,dpfi,50,atom_v,12,20260818:4515:350:2:50:2:12
350,dpfi,50,atom_h,13,20260818:4515:350:2:50:1:13
350,dpfi,50,atom_v,13,20260818:4515:350:2:50:2:13
350,dpfi,50,atom_h,14,20260818:4515:350:2:50:1:14
350,dpfi,50,atom_v,14,20260818:4515:350:2:50:2:14
350,dpfi,50,atom_h,15,20260818:4515:350:2:50:1:15
350,dpfi,50,atom_v,15,20260818:4515:350:2:50:2:15
350,dpfi,51,blank_h,0,20260818:4515:350:2:51:3:0
350,dpfi,51,blank_v,0,20260818:4515:350:2:51:4:0
350,dpfi,51,dark_h,0,20260818:4515:350:2:51:5:0
350,dpfi,51,dark_v,0,20260818:4515:350:2:51:6:0
350,dpfi,51,atom_h,1,20260818:4515:350:2:51:1:1
350,dpfi,51,atom_v,1,20260818:4515:350:2:51:2:1
350,dpfi,51,atom_h,2,20260818:4515:350:2:51:1:2
350,dpfi,51,atom_v,2,20260818:4515:350:2:51:2:2
350,dpfi,51,atom_h,3,20260818:4515:350:2:51:1:3
350,dpfi,51,atom_v,3,20260818:4515:350:2:51:2:3
350,dpfi,51,atom_h,4,20260818:4515:350:2:51:1:4
350,dpfi,51,atom_v,4,20260818:4515:350:2:51:2:4
350,dpfi,51,atom_h,5,20260818:4515:350:2:51:1:5
350,dpfi,51,atom_v,5,20260818:4515:350:2:51:2:5
350,dpfi,51,atom_h,6,20260818:4515:350:2:51:1:6
350,dpfi,51,atom_v,6,20260818:4515:350:2:51:2:6
350,dpfi,51,atom_h,7,20260818:4515:350:2:51:1:7
350,dpfi,51,atom_v,7,20260818:4515:350:2:51:2:7
350,dpfi,51,atom_h,8,20260818:4515:350:2:51:1:8
350,dpfi,51,atom_v,8,20260818:4515:350:2:51:2:8
350,dpfi,51,atom_h,9,20260818:4515:350:2:51:1:9
350,dpfi,51,atom_v,9,20260818:4515:350:2:51:2:9
350,dpfi,51,atom_h,10,20260818:4515:350:2:51:1:10
350,dpfi,51,atom_v,10,20260818:4515:350:2:51:2:10
350,dpfi,51,atom_h,11,20260818:4515:350:2:51:1:11
350,dpfi,51,atom_v,11,20260818:4515:350:2:51:2:11
350,dpfi,51,atom_h,12,20260818:4515:350:2:51:1:12
350,dpfi,51,atom_v,12,20260818:4515:350:2:51:2:12
350,dpfi,51,atom_h,13,20260818:4515:350:2:51:1:13
350,dpfi,51,atom_v,13,20260818:4515:350:2:51:2:13
350,dpfi,51,atom_h,14,20260818:4515:350:2:51:1:14
350,dpfi,51,atom_v,14,20260818:4515:350:2:51:2:14
350,dpfi,51,atom_h,15,20260818:4515:350:2:51:1:15
350,dpfi,51,atom_v,15,20260818:4515:350:2:51:2:15
350,dpfi,52,blank_h,0,20260818:4515:350:2:52:3:0
350,dpfi,52,blank_v,0,20260818:4515:350:2:52:4:0
350,dpfi,52,dark_h,0,20260818:4515:350:2:52:5:0
350,dpfi,52,dark_v,0,20260818:4515:350:2:52:6:0
350,dpfi,52,atom_h,1,20260818:4515:350:2:52:1:1
350,dpfi,52,atom_v,1,20260818:4515:350:2:52:2:1
350,dpfi,52,atom_h,2,20260818:4515:350:2:52:1:2
350,dpfi,52,atom_v,2,20260818:4515:350:2:52:2:2
350,dpfi,52,atom_h,3,20260818:4515:350:2:52:1:3
350,dpfi,52,atom_v,3,20260818:4515:350:2:52:2:3
350,dpfi,52,atom_h,4,20260818:4515:350:2:52:1:4
350,dpfi,52,atom_v,4,20260818:4515:350:2:52:2:4
350,dpfi,52,atom_h,5,20260818:4515:350:2:52:1:5
350,dpfi,52,atom_v,5,20260818:4515:350:2:52:2:5
350,dpfi,52,atom_h,6,20260818:4515:350:2:52:1:6
350,dpfi,52,atom_v,6,20260818:4515:350:2:52:2:6
350,dpfi,52,atom_h,7,20260818:4515:350:2:52:1:7
350,dpfi,52,atom_v,7,20260818:4515:350:2:52:2:7
350,dpfi,52,atom_h,8,20260818:4515:350:2:52:1:8
350,dpfi,52,atom_v,8,20260818:4515:350:2:52:2:8
350,dpfi,52,atom_h,9,20260818:4515:350:2:52:1:9
350,dpfi,52,atom_v,9,20260818:4515:350:2:52:2:9
350,dpfi,52,atom_h,10,20260818:4515:350:2:52:1:10
350,dpfi,52,atom_v,10,20260818:4515:350:2:52:2:10
350,dpfi,52,atom_h,11,20260818:4515:350:2:52:1:11
350,dpfi,52,atom_v,11,20260818:4515:350:2:52:2:11
350,dpfi,52,atom_h,12,20260818:4515:350:2:52:1:12
350,dpfi,52,atom_v,12,20260818:4515:350:2:52:2:12
350,dpfi,52,atom_h,13,20260818:4515:350:2:52:1:13
350,dpfi,52,atom_v,13,20260818:4515:350:2:52:2:13
350,dpfi,52,atom_h,14,20260818:4515:350:2:52:1:14
350,dpfi,52,atom_v,14,20260818:4515:350:2:52:2:14
350,dpfi,52,atom_h,15,20260818:4515:350:2:52:1:15
350,dpfi,52,atom_v,15,20260818:4515:350:2:52:2:15
350,dpfi,53,blank_h,0,20260818:4515:350:2:53:3:0
350,dpfi,53,blank_v,0,20260818:4515:350:2:53:4:0
350,dpfi,53,dark_h,0,20260818:4515:350:2:53:5:0
350,dpfi,53,dark_v,0,20260818:4515:350:2:53:6:0
350,dpfi,53,atom_h,1,20260818:4515:350:2:53:1:1
350,dpfi,53,atom_v,1,20260818:4515:350:2:53:2:1
350,dpfi,53,atom_h,2,20260818:4515:350:2:53:1:2
350,dpfi,53,atom_v,2,20260818:4515:350:2:53:2:2
350,dpfi,53,atom_h,3,20260818:4515:350:2:53:1:3
350,dpfi,53,atom_v,3,20260818:4515:350:2:53:2:3
350,dpfi,53,atom_h,4,20260818:4515:350:2:53:1:4
350,dpfi,53,atom_v,4,20260818:4515:350:2:53:2:4
350,dpfi,53,atom_h,5,20260818:4515:350:2:53:1:5
350,dpfi,53,atom_v,5,20260818:4515:350:2:53:2:5
350,dpfi,53,atom_h,6,20260818:4515:350:2:53:1:6
350,dpfi,53,atom_v,6,20260818:4515:350:2:53:2:6
350,dpfi,53,atom_h,7,20260818:4515:350:2:53:1:7
350,dpfi,53,atom_v,7,20260818:4515:350:2:53:2:7
350,dpfi,53,atom_h,8,20260818:4515:350:2:53:1:8
350,dpfi,53,atom_v,8,20260818:4515:350:2:53:2:8
350,dpfi,53,atom_h,9,20260818:4515:350:2:53:1:9
350,dpfi,53,atom_v,9,20260818:4515:350:2:53:2:9
350,dpfi,53,atom_h,10,20260818:4515:350:2:53:1:10
350,dpfi,53,atom_v,10,20260818:4515:350:2:53:2:10
350,dpfi,53,atom_h,11,20260818:4515:350:2:53:1:11
350,dpfi,53,atom_v,11,20260818:4515:350:2:53:2:11
350,dpfi,53,atom_h,12,20260818:4515:350:2:53:1:12
350,dpfi,53,atom_v,12,20260818:4515:350:2:53:2:12
350,dpfi,53,atom_h,13,20260818:4515:350:2:53:1:13
350,dpfi,53,atom_v,13,20260818:4515:350:2:53:2:13
350,dpfi,53,atom_h,14,20260818:4515:350:2:53:1:14
350,dpfi,53,atom_v,14,20260818:4515:350:2:53:2:14
350,dpfi,53,atom_h,15,20260818:4515:350:2:53:1:15
350,dpfi,53,atom_v,15,20260818:4515:350:2:53:2:15
350,dpfi,54,blank_h,0,20260818:4515:350:2:54:3:0
350,dpfi,54,blank_v,0,20260818:4515:350:2:54:4:0
350,dpfi,54,dark_h,0,20260818:4515:350:2:54:5:0
350,dpfi,54,dark_v,0,20260818:4515:350:2:54:6:0
350,dpfi,54,atom_h,1,20260818:4515:350:2:54:1:1
350,dpfi,54,atom_v,1,20260818:4515:350:2:54:2:1
350,dpfi,54,atom_h,2,20260818:4515:350:2:54:1:2
350,dpfi,54,atom_v,2,20260818:4515:350:2:54:2:2
350,dpfi,54,atom_h,3,20260818:4515:350:2:54:1:3
350,dpfi,54,atom_v,3,20260818:4515:350:2:54:2:3
350,dpfi,54,atom_h,4,20260818:4515:350:2:54:1:4
350,dpfi,54,atom_v,4,20260818:4515:350:2:54:2:4
350,dpfi,54,atom_h,5,20260818:4515:350:2:54:1:5
350,dpfi,54,atom_v,5,20260818:4515:350:2:54:2:5
350,dpfi,54,atom_h,6,20260818:4515:350:2:54:1:6
350,dpfi,54,atom_v,6,20260818:4515:350:2:54:2:6
350,dpfi,54,atom_h,7,20260818:4515:350:2:54:1:7
350,dpfi,54,atom_v,7,20260818:4515:350:2:54:2:7
350,dpfi,54,atom_h,8,20260818:4515:350:2:54:1:8
350,dpfi,54,atom_v,8,20260818:4515:350:2:54:2:8
350,dpfi,54,atom_h,9,20260818:4515:350:2:54:1:9
350,dpfi,54,atom_v,9,20260818:4515:350:2:54:2:9
350,dpfi,54,atom_h,10,20260818:4515:350:2:54:1:10
350,dpfi,54,atom_v,10,20260818:4515:350:2:54:2:10
350,dpfi,54,atom_h,11,20260818:4515:350:2:54:1:11
350,dpfi,54,atom_v,11,20260818:4515:350:2:54:2:11
350,dpfi,54,atom_h,12,20260818:4515:350:2:54:1:12
350,dpfi,54,atom_v,12,20260818:4515:350:2:54:2:12
350,dpfi,54,atom_h,13,20260818:4515:350:2:54:1:13
350,dpfi,54,atom_v,13,20260818:4515:350:2:54:2:13
350,dpfi,54,atom_h,14,20260818:4515:350:2:54:1:14
350,dpfi,54,atom_v,14,20260818:4515:350:2:54:2:14
350,dpfi,54,atom_h,15,20260818:4515:350:2:54:1:15
350,dpfi,54,atom_v,15,20260818:4515:350:2:54:2:15
350,dpfi,55,blank_h,0,20260818:4515:350:2:55:3:0
350,dpfi,55,blank_v,0,20260818:4515:350:2:55:4:0
350,dpfi,55,dark_h,0,20260818:4515:350:2:55:5:0
350,dpfi,55,dark_v,0,20260818:4515:350:2:55:6:0
350,dpfi,55,atom_h,1,20260818:4515:350:2:55:1:1
350,dpfi,55,atom_v,1,20260818:4515:350:2:55:2:1
350,dpfi,55,atom_h,2,20260818:4515:350:2:55:1:2
350,dpfi,55,atom_v,2,20260818:4515:350:2:55:2:2
350,dpfi,55,atom_h,3,20260818:4515:350:2:55:1:3
350,dpfi,55,atom_v,3,20260818:4515:350:2:55:2:3
350,dpfi,55,atom_h,4,20260818:4515:350:2:55:1:4
350,dpfi,55,atom_v,4,20260818:4515:350:2:55:2:4
350,dpfi,55,atom_h,5,20260818:4515:350:2:55:1:5
350,dpfi,55,atom_v,5,20260818:4515:350:2:55:2:5
350,dpfi,55,atom_h,6,20260818:4515:350:2:55:1:6
350,dpfi,55,atom_v,6,20260818:4515:350:2:55:2:6
350,dpfi,55,atom_h,7,20260818:4515:350:2:55:1:7
350,dpfi,55,atom_v,7,20260818:4515:350:2:55:2:7
350,dpfi,55,atom_h,8,20260818:4515:350:2:55:1:8
350,dpfi,55,atom_v,8,20260818:4515:350:2:55:2:8
350,dpfi,55,atom_h,9,20260818:4515:350:2:55:1:9
350,dpfi,55,atom_v,9,20260818:4515:350:2:55:2:9
350,dpfi,55,atom_h,10,20260818:4515:350:2:55:1:10
350,dpfi,55,atom_v,10,20260818:4515:350:2:55:2:10
350,dpfi,55,atom_h,11,20260818:4515:350:2:55:1:11
350,dpfi,55,atom_v,11,20260818:4515:350:2:55:2:11
350,dpfi,55,atom_h,12,20260818:4515:350:2:55:1:12
350,dpfi,55,atom_v,12,20260818:4515:350:2:55:2:12
350,dpfi,55,atom_h,13,20260818:4515:350:2:55:1:13
350,dpfi,55,atom_v,13,20260818:4515:350:2:55:2:13
350,dpfi,55,atom_h,14,20260818:4515:350:2:55:1:14
350,dpfi,55,atom_v,14,20260818:4515:350:2:55:2:14
350,dpfi,55,atom_h,15,20260818:4515:350:2:55:1:15
350,dpfi,55,atom_v,15,20260818:4515:350:2:55:2:15
350,dpfi,56,blank_h,0,20260818:4515:350:2:56:3:0
350,dpfi,56,blank_v,0,20260818:4515:350:2:56:4:0
350,dpfi,56,dark_h,0,20260818:4515:350:2:56:5:0
350,dpfi,56,dark_v,0,20260818:4515:350:2:56:6:0
350,dpfi,56,atom_h,1,20260818:4515:350:2:56:1:1
350,dpfi,56,atom_v,1,20260818:4515:350:2:56:2:1
350,dpfi,56,atom_h,2,20260818:4515:350:2:56:1:2
350,dpfi,56,atom_v,2,20260818:4515:350:2:56:2:2
350,dpfi,56,atom_h,3,20260818:4515:350:2:56:1:3
350,dpfi,56,atom_v,3,20260818:4515:350:2:56:2:3
350,dpfi,56,atom_h,4,20260818:4515:350:2:56:1:4
350,dpfi,56,atom_v,4,20260818:4515:350:2:56:2:4
350,dpfi,56,atom_h,5,20260818:4515:350:2:56:1:5
350,dpfi,56,atom_v,5,20260818:4515:350:2:56:2:5
350,dpfi,56,atom_h,6,20260818:4515:350:2:56:1:6
350,dpfi,56,atom_v,6,20260818:4515:350:2:56:2:6
350,dpfi,56,atom_h,7,20260818:4515:350:2:56:1:7
350,dpfi,56,atom_v,7,20260818:4515:350:2:56:2:7
350,dpfi,56,atom_h,8,20260818:4515:350:2:56:1:8
350,dpfi,56,atom_v,8,20260818:4515:350:2:56:2:8
350,dpfi,56,atom_h,9,20260818:4515:350:2:56:1:9
350,dpfi,56,atom_v,9,20260818:4515:350:2:56:2:9
350,dpfi,56,atom_h,10,20260818:4515:350:2:56:1:10
350,dpfi,56,atom_v,10,20260818:4515:350:2:56:2:10
350,dpfi,56,atom_h,11,20260818:4515:350:2:56:1:11
350,dpfi,56,atom_v,11,20260818:4515:350:2:56:2:11
350,dpfi,56,atom_h,12,20260818:4515:350:2:56:1:12
350,dpfi,56,atom_v,12,20260818:4515:350:2:56:2:12
350,dpfi,56,atom_h,13,20260818:4515:350:2:56:1:13
350,dpfi,56,atom_v,13,20260818:4515:350:2:56:2:13
350,dpfi,56,atom_h,14,20260818:4515:350:2:56:1:14
350,dpfi,56,atom_v,14,20260818:4515:350:2:56:2:14
350,dpfi,56,atom_h,15,20260818:4515:350:2:56:1:15
350,dpfi,56,atom_v,15,20260818:4515:350:2:56:2:15
350,dpfi,57,blank_h,0,20260818:4515:350:2:57:3:0
350,dpfi,57,blank_v,0,20260818:4515:350:2:57:4:0
350,dpfi,57,dark_h,0,20260818:4515:350:2:57:5:0
350,dpfi,57,dark_v,0,20260818:4515:350:2:57:6:0
350,dpfi,57,atom_h,1,20260818:4515:350:2:57:1:1
350,dpfi,57,atom_v,1,20260818:4515:350:2:57:2:1
350,dpfi,57,atom_h,2,20260818:4515:350:2:57:1:2
350,dpfi,57,atom_v,2,20260818:4515:350:2:57:2:2
350,dpfi,57,atom_h,3,20260818:4515:350:2:57:1:3
350,dpfi,57,atom_v,3,20260818:4515:350:2:57:2:3
350,dpfi,57,atom_h,4,20260818:4515:350:2:57:1:4
350,dpfi,57,atom_v,4,20260818:4515:350:2:57:2:4
350,dpfi,57,atom_h,5,20260818:4515:350:2:57:1:5
350,dpfi,57,atom_v,5,20260818:4515:350:2:57:2:5
350,dpfi,57,atom_h,6,20260818:4515:350:2:57:1:6
350,dpfi,57,atom_v,6,20260818:4515:350:2:57:2:6
350,dpfi,57,atom_h,7,20260818:4515:350:2:57:1:7
350,dpfi,57,atom_v,7,20260818:4515:350:2:57:2:7
350,dpfi,57,atom_h,8,20260818:4515:350:2:57:1:8
350,dpfi,57,atom_v,8,20260818:4515:350:2:57:2:8
350,dpfi,57,atom_h,9,20260818:4515:350:2:57:1:9
350,dpfi,57,atom_v,9,20260818:4515:350:2:57:2:9
350,dpfi,57,atom_h,10,20260818:4515:350:2:57:1:10
350,dpfi,57,atom_v,10,20260818:4515:350:2:57:2:10
350,dpfi,57,atom_h,11,20260818:4515:350:2:57:1:11
350,dpfi,57,atom_v,11,20260818:4515:350:2:57:2:11
350,dpfi,57,atom_h,12,20260818:4515:350:2:57:1:12
350,dpfi,57,atom_v,12,20260818:4515:350:2:57:2:12
350,dpfi,57,atom_h,13,20260818:4515:350:2:57:1:13
350,dpfi,57,atom_v,13,20260818:4515:350:2:57:2:13
350,dpfi,57,atom_h,14,20260818:4515:350:2:57:1:14
350,dpfi,57,atom_v,14,20260818:4515:350:2:57:2:14
350,dpfi,57,atom_h,15,20260818:4515:350:2:57:1:15
350,dpfi,57,atom_v,15,20260818:4515:350:2:57:2:15
350,dpfi,58,blank_h,0,20260818:4515:350:2:58:3:0
350,dpfi,58,blank_v,0,20260818:4515:350:2:58:4:0
350,dpfi,58,dark_h,0,20260818:4515:350:2:58:5:0
350,dpfi,58,dark_v,0,20260818:4515:350:2:58:6:0
350,dpfi,58,atom_h,1,20260818:4515:350:2:58:1:1
350,dpfi,58,atom_v,1,20260818:4515:350:2:58:2:1
350,dpfi,58,atom_h,2,20260818:4515:350:2:58:1:2
350,dpfi,58,atom_v,2,20260818:4515:350:2:58:2:2
350,dpfi,58,atom_h,3,20260818:4515:350:2:58:1:3
350,dpfi,58,atom_v,3,20260818:4515:350:2:58:2:3
350,dpfi,58,atom_h,4,20260818:4515:350:2:58:1:4
350,dpfi,58,atom_v,4,20260818:4515:350:2:58:2:4
350,dpfi,58,atom_h,5,20260818:4515:350:2:58:1:5
350,dpfi,58,atom_v,5,20260818:4515:350:2:58:2:5
350,dpfi,58,atom_h,6,20260818:4515:350:2:58:1:6
350,dpfi,58,atom_v,6,20260818:4515:350:2:58:2:6
350,dpfi,58,atom_h,7,20260818:4515:350:2:58:1:7
350,dpfi,58,atom_v,7,20260818:4515:350:2:58:2:7
350,dpfi,58,atom_h,8,20260818:4515:350:2:58:1:8
350,dpfi,58,atom_v,8,20260818:4515:350:2:58:2:8
350,dpfi,58,atom_h,9,20260818:4515:350:2:58:1:9
350,dpfi,58,atom_v,9,20260818:4515:350:2:58:2:9
350,dpfi,58,atom_h,10,20260818:4515:350:2:58:1:10
350,dpfi,58,atom_v,10,20260818:4515:350:2:58:2:10
350,dpfi,58,atom_h,11,20260818:4515:350:2:58:1:11
350,dpfi,58,atom_v,11,20260818:4515:350:2:58:2:11
350,dpfi,58,atom_h,12,20260818:4515:350:2:58:1:12
350,dpfi,58,atom_v,12,20260818:4515:350:2:58:2:12
350,dpfi,58,atom_h,13,20260818:4515:350:2:58:1:13
350,dpfi,58,atom_v,13,20260818:4515:350:2:58:2:13
350,dpfi,58,atom_h,14,20260818:4515:350:2:58:1:14
350,dpfi,58,atom_v,14,20260818:4515:350:2:58:2:14
350,dpfi,58,atom_h,15,20260818:4515:350:2:58:1:15
350,dpfi,58,atom_v,15,20260818:4515:350:2:58:2:15
350,dpfi,59,blank_h,0,20260818:4515:350:2:59:3:0
350,dpfi,59,blank_v,0,20260818:4515:350:2:59:4:0
350,dpfi,59,dark_h,0,20260818:4515:350:2:59:5:0
350,dpfi,59,dark_v,0,20260818:4515:350:2:59:6:0
350,dpfi,59,atom_h,1,20260818:4515:350:2:59:1:1
350,dpfi,59,atom_v,1,20260818:4515:350:2:59:2:1
350,dpfi,59,atom_h,2,20260818:4515:350:2:59:1:2
350,dpfi,59,atom_v,2,20260818:4515:350:2:59:2:2
350,dpfi,59,atom_h,3,20260818:4515:350:2:59:1:3
350,dpfi,59,atom_v,3,20260818:4515:350:2:59:2:3
350,dpfi,59,atom_h,4,20260818:4515:350:2:59:1:4
350,dpfi,59,atom_v,4,20260818:4515:350:2:59:2:4
350,dpfi,59,atom_h,5,20260818:4515:350:2:59:1:5
350,dpfi,59,atom_v,5,20260818:4515:350:2:59:2:5
350,dpfi,59,atom_h,6,20260818:4515:350:2:59:1:6
350,dpfi,59,atom_v,6,20260818:4515:350:2:59:2:6
350,dpfi,59,atom_h,7,20260818:4515:350:2:59:1:7
350,dpfi,59,atom_v,7,20260818:4515:350:2:59:2:7
350,dpfi,59,atom_h,8,20260818:4515:350:2:59:1:8
350,dpfi,59,atom_v,8,20260818:4515:350:2:59:2:8
350,dpfi,59,atom_h,9,20260818:4515:350:2:59:1:9
350,dpfi,59,atom_v,9,20260818:4515:350:2:59:2:9
350,dpfi,59,atom_h,10,20260818:4515:350:2:59:1:10
350,dpfi,59,atom_v,10,20260818:4515:350:2:59:2:10
350,dpfi,59,atom_h,11,20260818:4515:350:2:59:1:11
350,dpfi,59,atom_v,11,20260818:4515:350:2:59:2:11
350,dpfi,59,atom_h,12,20260818:4515:350:2:59:1:12
350,dpfi,59,atom_v,12,20260818:4515:350:2:59:2:12
350,dpfi,59,atom_h,13,20260818:4515:350:2:59:1:13
350,dpfi,59,atom_v,13,20260818:4515:350:2:59:2:13
350,dpfi,59,atom_h,14,20260818:4515:350:2:59:1:14
350,dpfi,59,atom_v,14,20260818:4515:350:2:59:2:14
350,dpfi,59,atom_h,15,20260818:4515:350:2:59:1:15
350,dpfi,59,atom_v,15,20260818:4515:350:2:59:2:15
350,dpfi,60,blank_h,0,20260818:4515:350:2:60:3:0
350,dpfi,60,blank_v,0,20260818:4515:350:2:60:4:0
350,dpfi,60,dark_h,0,20260818:4515:350:2:60:5:0
350,dpfi,60,dark_v,0,20260818:4515:350:2:60:6:0
350,dpfi,60,atom_h,1,20260818:4515:350:2:60:1:1
350,dpfi,60,atom_v,1,20260818:4515:350:2:60:2:1
350,dpfi,60,atom_h,2,20260818:4515:350:2:60:1:2
350,dpfi,60,atom_v,2,20260818:4515:350:2:60:2:2
350,dpfi,60,atom_h,3,20260818:4515:350:2:60:1:3
350,dpfi,60,atom_v,3,20260818:4515:350:2:60:2:3
350,dpfi,60,atom_h,4,20260818:4515:350:2:60:1:4
350,dpfi,60,atom_v,4,20260818:4515:350:2:60:2:4
350,dpfi,60,atom_h,5,20260818:4515:350:2:60:1:5
350,dpfi,60,atom_v,5,20260818:4515:350:2:60:2:5
350,dpfi,60,atom_h,6,20260818:4515:350:2:60:1:6
350,dpfi,60,atom_v,6,20260818:4515:350:2:60:2:6
350,dpfi,60,atom_h,7,20260818:4515:350:2:60:1:7
350,dpfi,60,atom_v,7,20260818:4515:350:2:60:2:7
350,dpfi,60,atom_h,8,20260818:4515:350:2:60:1:8
350,dpfi,60,atom_v,8,20260818:4515:350:2:60:2:8
350,dpfi,60,atom_h,9,20260818:4515:350:2:60:1:9
350,dpfi,60,atom_v,9,20260818:4515:350:2:60:2:9
350,dpfi,60,atom_h,10,20260818:4515:350:2:60:1:10
350,dpfi,60,atom_v,10,20260818:4515:350:2:60:2:10
350,dpfi,60,atom_h,11,20260818:4515:350:2:60:1:11
350,dpfi,60,atom_v,11,20260818:4515:350:2:60:2:11
350,dpfi,60,atom_h,12,20260818:4515:350:2:60:1:12
350,dpfi,60,atom_v,12,20260818:4515:350:2:60:2:12
350,dpfi,60,atom_h,13,20260818:4515:350:2:60:1:13
350,dpfi,60,atom_v,13,20260818:4515:350:2:60:2:13
350,dpfi,60,atom_h,14,20260818:4515:350:2:60:1:14
350,dpfi,60,atom_v,14,20260818:4515:350:2:60:2:14
350,dpfi,60,atom_h,15,20260818:4515:350:2:60:1:15
350,dpfi,60,atom_v,15,20260818:4515:350:2:60:2:15
350,dpfi,61,blank_h,0,20260818:4515:350:2:61:3:0
350,dpfi,61,blank_v,0,20260818:4515:350:2:61:4:0
350,dpfi,61,dark_h,0,20260818:4515:350:2:61:5:0
350,dpfi,61,dark_v,0,20260818:4515:350:2:61:6:0
350,dpfi,61,atom_h,1,20260818:4515:350:2:61:1:1
350,dpfi,61,atom_v,1,20260818:4515:350:2:61:2:1
350,dpfi,61,atom_h,2,20260818:4515:350:2:61:1:2
350,dpfi,61,atom_v,2,20260818:4515:350:2:61:2:2
350,dpfi,61,atom_h,3,20260818:4515:350:2:61:1:3
350,dpfi,61,atom_v,3,20260818:4515:350:2:61:2:3
350,dpfi,61,atom_h,4,20260818:4515:350:2:61:1:4
350,dpfi,61,atom_v,4,20260818:4515:350:2:61:2:4
350,dpfi,61,atom_h,5,20260818:4515:350:2:61:1:5
350,dpfi,61,atom_v,5,20260818:4515:350:2:61:2:5
350,dpfi,61,atom_h,6,20260818:4515:350:2:61:1:6
350,dpfi,61,atom_v,6,20260818:4515:350:2:61:2:6
350,dpfi,61,atom_h,7,20260818:4515:350:2:61:1:7
350,dpfi,61,atom_v,7,20260818:4515:350:2:61:2:7
350,dpfi,61,atom_h,8,20260818:4515:350:2:61:1:8
350,dpfi,61,atom_v,8,20260818:4515:350:2:61:2:8
350,dpfi,61,atom_h,9,20260818:4515:350:2:61:1:9
350,dpfi,61,atom_v,9,20260818:4515:350:2:61:2:9
350,dpfi,61,atom_h,10,20260818:4515:350:2:61:1:10
350,dpfi,61,atom_v,10,20260818:4515:350:2:61:2:10
350,dpfi,61,atom_h,11,20260818:4515:350:2:61:1:11
350,dpfi,61,atom_v,11,20260818:4515:350:2:61:2:11
350,dpfi,61,atom_h,12,20260818:4515:350:2:61:1:12
350,dpfi,61,atom_v,12,20260818:4515:350:2:61:2:12
350,dpfi,61,atom_h,13,20260818:4515:350:2:61:1:13
350,dpfi,61,atom_v,13,20260818:4515:350:2:61:2:13
350,dpfi,61,atom_h,14,20260818:4515:350:2:61:1:14
350,dpfi,61,atom_v,14,20260818:4515:350:2:61:2:14
350,dpfi,61,atom_h,15,20260818:4515:350:2:61:1:15
350,dpfi,61,atom_v,15,20260818:4515:350:2:61:2:15
350,dpfi,62,blank_h,0,20260818:4515:350:2:62:3:0
350,dpfi,62,blank_v,0,20260818:4515:350:2:62:4:0
350,dpfi,62,dark_h,0,20260818:4515:350:2:62:5:0
350,dpfi,62,dark_v,0,20260818:4515:350:2:62:6:0
350,dpfi,62,atom_h,1,20260818:4515:350:2:62:1:1
350,dpfi,62,atom_v,1,20260818:4515:350:2:62:2:1
350,dpfi,62,atom_h,2,20260818:4515:350:2:62:1:2
350,dpfi,62,atom_v,2,20260818:4515:350:2:62:2:2
350,dpfi,62,atom_h,3,20260818:4515:350:2:62:1:3
350,dpfi,62,atom_v,3,20260818:4515:350:2:62:2:3
350,dpfi,62,atom_h,4,20260818:4515:350:2:62:1:4
350,dpfi,62,atom_v,4,20260818:4515:350:2:62:2:4
350,dpfi,62,atom_h,5,20260818:4515:350:2:62:1:5
350,dpfi,62,atom_v,5,20260818:4515:350:2:62:2:5
350,dpfi,62,atom_h,6,20260818:4515:350:2:62:1:6
350,dpfi,62,atom_v,6,20260818:4515:350:2:62:2:6
350,dpfi,62,atom_h,7,20260818:4515:350:2:62:1:7
350,dpfi,62,atom_v,7,20260818:4515:350:2:62:2:7
350,dpfi,62,atom_h,8,20260818:4515:350:2:62:1:8
350,dpfi,62,atom_v,8,20260818:4515:350:2:62:2:8
350,dpfi,62,atom_h,9,20260818:4515:350:2:62:1:9
350,dpfi,62,atom_v,9,20260818:4515:350:2:62:2:9
350,dpfi,62,atom_h,10,20260818:4515:350:2:62:1:10
350,dpfi,62,atom_v,10,20260818:4515:350:2:62:2:10
350,dpfi,62,atom_h,11,20260818:4515:350:2:62:1:11
350,dpfi,62,atom_v,11,20260818:4515:350:2:62:2:11
350,dpfi,62,atom_h,12,20260818:4515:350:2:62:1:12
350,dpfi,62,atom_v,12,20260818:4515:350:2:62:2:12
350,dpfi,62,atom_h,13,20260818:4515:350:2:62:1:13
350,dpfi,62,atom_v,13,20260818:4515:350:2:62:2:13
350,dpfi,62,atom_h,14,20260818:4515:350:2:62:1:14
350,dpfi,62,atom_v,14,20260818:4515:350:2:62:2:14
350,dpfi,62,atom_h,15,20260818:4515:350:2:62:1:15
350,dpfi,62,atom_v,15,20260818:4515:350:2:62:2:15
350,dpfi,63,blank_h,0,20260818:4515:350:2:63:3:0
350,dpfi,63,blank_v,0,20260818:4515:350:2:63:4:0
350,dpfi,63,dark_h,0,20260818:4515:350:2:63:5:0
350,dpfi,63,dark_v,0,20260818:4515:350:2:63:6:0
350,dpfi,63,atom_h,1,20260818:4515:350:2:63:1:1
350,dpfi,63,atom_v,1,20260818:4515:350:2:63:2:1
350,dpfi,63,atom_h,2,20260818:4515:350:2:63:1:2
350,dpfi,63,atom_v,2,20260818:4515:350:2:63:2:2
350,dpfi,63,atom_h,3,20260818:4515:350:2:63:1:3
350,dpfi,63,atom_v,3,20260818:4515:350:2:63:2:3
350,dpfi,63,atom_h,4,20260818:4515:350:2:63:1:4
350,dpfi,63,atom_v,4,20260818:4515:350:2:63:2:4
350,dpfi,63,atom_h,5,20260818:4515:350:2:63:1:5
350,dpfi,63,atom_v,5,20260818:4515:350:2:63:2:5
350,dpfi,63,atom_h,6,20260818:4515:350:2:63:1:6
350,dpfi,63,atom_v,6,20260818:4515:350:2:63:2:6
350,dpfi,63,atom_h,7,20260818:4515:350:2:63:1:7
350,dpfi,63,atom_v,7,20260818:4515:350:2:63:2:7
350,dpfi,63,atom_h,8,20260818:4515:350:2:63:1:8
350,dpfi,63,atom_v,8,20260818:4515:350:2:63:2:8
350,dpfi,63,atom_h,9,20260818:4515:350:2:63:1:9
350,dpfi,63,atom_v,9,20260818:4515:350:2:63:2:9
350,dpfi,63,atom_h,10,20260818:4515:350:2:63:1:10
350,dpfi,63,atom_v,10,20260818:4515:350:2:63:2:10
350,dpfi,63,atom_h,11,20260818:4515:350:2:63:1:11
350,dpfi,63,atom_v,11,20260818:4515:350:2:63:2:11
350,dpfi,63,atom_h,12,20260818:4515:350:2:63:1:12
350,dpfi,63,atom_v,12,20260818:4515:350:2:63:2:12
350,dpfi,63,atom_h,13,20260818:4515:350:2:63:1:13
350,dpfi,63,atom_v,13,20260818:4515:350:2:63:2:13
350,dpfi,63,atom_h,14,20260818:4515:350:2:63:1:14
350,dpfi,63,atom_v,14,20260818:4515:350:2:63:2:14
350,dpfi,63,atom_h,15,20260818:4515:350:2:63:1:15
350,dpfi,63,atom_v,15,20260818:4515:350:2:63:2:15
400,dpfi,0,blank_h,0,20260818:4515:400:2:0:3:0
400,dpfi,0,blank_v,0,20260818:4515:400:2:0:4:0
400,dpfi,0,dark_h,0,20260818:4515:400:2:0:5:0
400,dpfi,0,dark_v,0,20260818:4515:400:2:0:6:0
400,dpfi,0,atom_h,1,20260818:4515:400:2:0:1:1
400,dpfi,0,atom_v,1,20260818:4515:400:2:0:2:1
400,dpfi,0,atom_h,2,20260818:4515:400:2:0:1:2
400,dpfi,0,atom_v,2,20260818:4515:400:2:0:2:2
400,dpfi,0,atom_h,3,20260818:4515:400:2:0:1:3
400,dpfi,0,atom_v,3,20260818:4515:400:2:0:2:3
400,dpfi,0,atom_h,4,20260818:4515:400:2:0:1:4
400,dpfi,0,atom_v,4,20260818:4515:400:2:0:2:4
400,dpfi,0,atom_h,5,20260818:4515:400:2:0:1:5
400,dpfi,0,atom_v,5,20260818:4515:400:2:0:2:5
400,dpfi,0,atom_h,6,20260818:4515:400:2:0:1:6
400,dpfi,0,atom_v,6,20260818:4515:400:2:0:2:6
400,dpfi,0,atom_h,7,20260818:4515:400:2:0:1:7
400,dpfi,0,atom_v,7,20260818:4515:400:2:0:2:7
400,dpfi,0,atom_h,8,20260818:4515:400:2:0:1:8
400,dpfi,0,atom_v,8,20260818:4515:400:2:0:2:8
400,dpfi,0,atom_h,9,20260818:4515:400:2:0:1:9
400,dpfi,0,atom_v,9,20260818:4515:400:2:0:2:9
400,dpfi,0,atom_h,10,20260818:4515:400:2:0:1:10
400,dpfi,0,atom_v,10,20260818:4515:400:2:0:2:10
400,dpfi,0,atom_h,11,20260818:4515:400:2:0:1:11
400,dpfi,0,atom_v,11,20260818:4515:400:2:0:2:11
400,dpfi,0,atom_h,12,20260818:4515:400:2:0:1:12
400,dpfi,0,atom_v,12,20260818:4515:400:2:0:2:12
400,dpfi,0,atom_h,13,20260818:4515:400:2:0:1:13
400,dpfi,0,atom_v,13,20260818:4515:400:2:0:2:13
400,dpfi,0,atom_h,14,20260818:4515:400:2:0:1:14
400,dpfi,0,atom_v,14,20260818:4515:400:2:0:2:14
400,dpfi,0,atom_h,15,20260818:4515:400:2:0:1:15
400,dpfi,0,atom_v,15,20260818:4515:400:2:0:2:15
400,dpfi,1,blank_h,0,20260818:4515:400:2:1:3:0
400,dpfi,1,blank_v,0,20260818:4515:400:2:1:4:0
400,dpfi,1,dark_h,0,20260818:4515:400:2:1:5:0
400,dpfi,1,dark_v,0,20260818:4515:400:2:1:6:0
400,dpfi,1,atom_h,1,20260818:4515:400:2:1:1:1
400,dpfi,1,atom_v,1,20260818:4515:400:2:1:2:1
400,dpfi,1,atom_h,2,20260818:4515:400:2:1:1:2
400,dpfi,1,atom_v,2,20260818:4515:400:2:1:2:2
400,dpfi,1,atom_h,3,20260818:4515:400:2:1:1:3
400,dpfi,1,atom_v,3,20260818:4515:400:2:1:2:3
400,dpfi,1,atom_h,4,20260818:4515:400:2:1:1:4
400,dpfi,1,atom_v,4,20260818:4515:400:2:1:2:4
400,dpfi,1,atom_h,5,20260818:4515:400:2:1:1:5
400,dpfi,1,atom_v,5,20260818:4515:400:2:1:2:5
400,dpfi,1,atom_h,6,20260818:4515:400:2:1:1:6
400,dpfi,1,atom_v,6,20260818:4515:400:2:1:2:6
400,dpfi,1,atom_h,7,20260818:4515:400:2:1:1:7
400,dpfi,1,atom_v,7,20260818:4515:400:2:1:2:7
400,dpfi,1,atom_h,8,20260818:4515:400:2:1:1:8
400,dpfi,1,atom_v,8,20260818:4515:400:2:1:2:8
400,dpfi,1,atom_h,9,20260818:4515:400:2:1:1:9
400,dpfi,1,atom_v,9,20260818:4515:400:2:1:2:9
400,dpfi,1,atom_h,10,20260818:4515:400:2:1:1:10
400,dpfi,1,atom_v,10,20260818:4515:400:2:1:2:10
400,dpfi,1,atom_h,11,20260818:4515:400:2:1:1:11
400,dpfi,1,atom_v,11,20260818:4515:400:2:1:2:11
400,dpfi,1,atom_h,12,20260818:4515:400:2:1:1:12
400,dpfi,1,atom_v,12,20260818:4515:400:2:1:2:12
400,dpfi,1,atom_h,13,20260818:4515:400:2:1:1:13
400,dpfi,1,atom_v,13,20260818:4515:400:2:1:2:13
400,dpfi,1,atom_h,14,20260818:4515:400:2:1:1:14
400,dpfi,1,atom_v,14,20260818:4515:400:2:1:2:14
400,dpfi,1,atom_h,15,20260818:4515:400:2:1:1:15
400,dpfi,1,atom_v,15,20260818:4515:400:2:1:2:15
400,dpfi,2,blank_h,0,20260818:4515:400:2:2:3:0
400,dpfi,2,blank_v,0,20260818:4515:400:2:2:4:0
400,dpfi,2,dark_h,0,20260818:4515:400:2:2:5:0
400,dpfi,2,dark_v,0,20260818:4515:400:2:2:6:0
400,dpfi,2,atom_h,1,20260818:4515:400:2:2:1:1
400,dpfi,2,atom_v,1,20260818:4515:400:2:2:2:1
400,dpfi,2,atom_h,2,20260818:4515:400:2:2:1:2
400,dpfi,2,atom_v,2,20260818:4515:400:2:2:2:2
400,dpfi,2,atom_h,3,20260818:4515:400:2:2:1:3
400,dpfi,2,atom_v,3,20260818:4515:400:2:2:2:3
400,dpfi,2,atom_h,4,20260818:4515:400:2:2:1:4
400,dpfi,2,atom_v,4,20260818:4515:400:2:2:2:4
400,dpfi,2,atom_h,5,20260818:4515:400:2:2:1:5
400,dpfi,2,atom_v,5,20260818:4515:400:2:2:2:5
400,dpfi,2,atom_h,6,20260818:4515:400:2:2:1:6
400,dpfi,2,atom_v,6,20260818:4515:400:2:2:2:6
400,dpfi,2,atom_h,7,20260818:4515:400:2:2:1:7
400,dpfi,2,atom_v,7,20260818:4515:400:2:2:2:7
400,dpfi,2,atom_h,8,20260818:4515:400:2:2:1:8
400,dpfi,2,atom_v,8,20260818:4515:400:2:2:2:8
400,dpfi,2,atom_h,9,20260818:4515:400:2:2:1:9
400,dpfi,2,atom_v,9,20260818:4515:400:2:2:2:9
400,dpfi,2,atom_h,10,20260818:4515:400:2:2:1:10
400,dpfi,2,atom_v,10,20260818:4515:400:2:2:2:10
400,dpfi,2,atom_h,11,20260818:4515:400:2:2:1:11
400,dpfi,2,atom_v,11,20260818:4515:400:2:2:2:11
400,dpfi,2,atom_h,12,20260818:4515:400:2:2:1:12
400,dpfi,2,atom_v,12,20260818:4515:400:2:2:2:12
400,dpfi,2,atom_h,13,20260818:4515:400:2:2:1:13
400,dpfi,2,atom_v,13,20260818:4515:400:2:2:2:13
400,dpfi,2,atom_h,14,20260818:4515:400:2:2:1:14
400,dpfi,2,atom_v,14,20260818:4515:400:2:2:2:14
400,dpfi,2,atom_h,15,20260818:4515:400:2:2:1:15
400,dpfi,2,atom_v,15,20260818:4515:400:2:2:2:15
400,dpfi,3,blank_h,0,20260818:4515:400:2:3:3:0
400,dpfi,3,blank_v,0,20260818:4515:400:2:3:4:0
400,dpfi,3,dark_h,0,20260818:4515:400:2:3:5:0
400,dpfi,3,dark_v,0,20260818:4515:400:2:3:6:0
400,dpfi,3,atom_h,1,20260818:4515:400:2:3:1:1
400,dpfi,3,atom_v,1,20260818:4515:400:2:3:2:1
400,dpfi,3,atom_h,2,20260818:4515:400:2:3:1:2
400,dpfi,3,atom_v,2,20260818:4515:400:2:3:2:2
400,dpfi,3,atom_h,3,20260818:4515:400:2:3:1:3
400,dpfi,3,atom_v,3,20260818:4515:400:2:3:2:3
400,dpfi,3,atom_h,4,20260818:4515:400:2:3:1:4
400,dpfi,3,atom_v,4,20260818:4515:400:2:3:2:4
400,dpfi,3,atom_h,5,20260818:4515:400:2:3:1:5
400,dpfi,3,atom_v,5,20260818:4515:400:2:3:2:5
400,dpfi,3,atom_h,6,20260818:4515:400:2:3:1:6
400,dpfi,3,atom_v,6,20260818:4515:400:2:3:2:6
400,dpfi,3,atom_h,7,20260818:4515:400:2:3:1:7
400,dpfi,3,atom_v,7,20260818:4515:400:2:3:2:7
400,dpfi,3,atom_h,8,20260818:4515:400:2:3:1:8
400,dpfi,3,atom_v,8,20260818:4515:400:2:3:2:8
400,dpfi,3,atom_h,9,20260818:4515:400:2:3:1:9
400,dpfi,3,atom_v,9,20260818:4515:400:2:3:2:9
400,dpfi,3,atom_h,10,20260818:4515:400:2:3:1:10
400,dpfi,3,atom_v,10,20260818:4515:400:2:3:2:10
400,dpfi,3,atom_h,11,20260818:4515:400:2:3:1:11
400,dpfi,3,atom_v,11,20260818:4515:400:2:3:2:11
400,dpfi,3,atom_h,12,20260818:4515:400:2:3:1:12
400,dpfi,3,atom_v,12,20260818:4515:400:2:3:2:12
400,dpfi,3,atom_h,13,20260818:4515:400:2:3:1:13
400,dpfi,3,atom_v,13,20260818:4515:400:2:3:2:13
400,dpfi,3,atom_h,14,20260818:4515:400:2:3:1:14
400,dpfi,3,atom_v,14,20260818:4515:400:2:3:2:14
400,dpfi,3,atom_h,15,20260818:4515:400:2:3:1:15
400,dpfi,3,atom_v,15,20260818:4515:400:2:3:2:15
400,dpfi,4,blank_h,0,20260818:4515:400:2:4:3:0
400,dpfi,4,blank_v,0,20260818:4515:400:2:4:4:0
400,dpfi,4,dark_h,0,20260818:4515:400:2:4:5:0
400,dpfi,4,dark_v,0,20260818:4515:400:2:4:6:0
400,dpfi,4,atom_h,1,20260818:4515:400:2:4:1:1
400,dpfi,4,atom_v,1,20260818:4515:400:2:4:2:1
400,dpfi,4,atom_h,2,20260818:4515:400:2:4:1:2
400,dpfi,4,atom_v,2,20260818:4515:400:2:4:2:2
400,dpfi,4,atom_h,3,20260818:4515:400:2:4:1:3
400,dpfi,4,atom_v,3,20260818:4515:400:2:4:2:3
400,dpfi,4,atom_h,4,20260818:4515:400:2:4:1:4
400,dpfi,4,atom_v,4,20260818:4515:400:2:4:2:4
400,dpfi,4,atom_h,5,20260818:4515:400:2:4:1:5
400,dpfi,4,atom_v,5,20260818:4515:400:2:4:2:5
400,dpfi,4,atom_h,6,20260818:4515:400:2:4:1:6
400,dpfi,4,atom_v,6,20260818:4515:400:2:4:2:6
400,dpfi,4,atom_h,7,20260818:4515:400:2:4:1:7
400,dpfi,4,atom_v,7,20260818:4515:400:2:4:2:7
400,dpfi,4,atom_h,8,20260818:4515:400:2:4:1:8
400,dpfi,4,atom_v,8,20260818:4515:400:2:4:2:8
400,dpfi,4,atom_h,9,20260818:4515:400:2:4:1:9
400,dpfi,4,atom_v,9,20260818:4515:400:2:4:2:9
400,dpfi,4,atom_h,10,20260818:4515:400:2:4:1:10
400,dpfi,4,atom_v,10,20260818:4515:400:2:4:2:10
400,dpfi,4,atom_h,11,20260818:4515:400:2:4:1:11
400,dpfi,4,atom_v,11,20260818:4515:400:2:4:2:11
400,dpfi,4,atom_h,12,20260818:4515:400:2:4:1:12
400,dpfi,4,atom_v,12,20260818:4515:400:2:4:2:12
400,dpfi,4,atom_h,13,20260818:4515:400:2:4:1:13
400,dpfi,4,atom_v,13,20260818:4515:400:2:4:2:13
400,dpfi,4,atom_h,14,20260818:4515:400:2:4:1:14
400,dpfi,4,atom_v,14,20260818:4515:400:2:4:2:14
400,dpfi,4,atom_h,15,20260818:4515:400:2:4:1:15
400,dpfi,4,atom_v,15,20260818:4515:400:2:4:2:15
400,dpfi,5,blank_h,0,20260818:4515:400:2:5:3:0
400,dpfi,5,blank_v,0,20260818:4515:400:2:5:4:0
400,dpfi,5,dark_h,0,20260818:4515:400:2:5:5:0
400,dpfi,5,dark_v,0,20260818:4515:400:2:5:6:0
400,dpfi,5,atom_h,1,20260818:4515:400:2:5:1:1
400,dpfi,5,atom_v,1,20260818:4515:400:2:5:2:1
400,dpfi,5,atom_h,2,20260818:4515:400:2:5:1:2
400,dpfi,5,atom_v,2,20260818:4515:400:2:5:2:2
400,dpfi,5,atom_h,3,20260818:4515:400:2:5:1:3
400,dpfi,5,atom_v,3,20260818:4515:400:2:5:2:3
400,dpfi,5,atom_h,4,20260818:4515:400:2:5:1:4
400,dpfi,5,atom_v,4,20260818:4515:400:2:5:2:4
400,dpfi,5,atom_h,5,20260818:4515:400:2:5:1:5
400,dpfi,5,atom_v,5,20260818:4515:400:2:5:2:5
400,dpfi,5,atom_h,6,20260818:4515:400:2:5:1:6
400,dpfi,5,atom_v,6,20260818:4515:400:2:5:2:6
400,dpfi,5,atom_h,7,20260818:4515:400:2:5:1:7
400,dpfi,5,atom_v,7,20260818:4515:400:2:5:2:7
400,dpfi,5,atom_h,8,20260818:4515:400:2:5:1:8
400,dpfi,5,atom_v,8,20260818:4515:400:2:5:2:8
400,dpfi,5,atom_h,9,20260818:4515:400:2:5:1:9
400,dpfi,5,atom_v,9,20260818:4515:400:2:5:2:9
400,dpfi,5,atom_h,10,20260818:4515:400:2:5:1:10
400,dpfi,5,atom_v,10,20260818:4515:400:2:5:2:10
400,dpfi,5,atom_h,11,20260818:4515:400:2:5:1:11
400,dpfi,5,atom_v,11,20260818:4515:400:2:5:2:11
400,dpfi,5,atom_h,12,20260818:4515:400:2:5:1:12
400,dpfi,5,atom_v,12,20260818:4515:400:2:5:2:12
400,dpfi,5,atom_h,13,20260818:4515:400:2:5:1:13
400,dpfi,5,atom_v,13,20260818:4515:400:2:5:2:13
400,dpfi,5,atom_h,14,20260818:4515:400:2:5:1:14
400,dpfi,5,atom_v,14,20260818:4515:400:2:5:2:14
400,dpfi,5,atom_h,15,20260818:4515:400:2:5:1:15
400,dpfi,5,atom_v,15,20260818:4515:400:2:5:2:15
400,dpfi,6,blank_h,0,20260818:4515:400:2:6:3:0
400,dpfi,6,blank_v,0,20260818:4515:400:2:6:4:0
400,dpfi,6,dark_h,0,20260818:4515:400:2:6:5:0
400,dpfi,6,dark_v,0,20260818:4515:400:2:6:6:0
400,dpfi,6,atom_h,1,20260818:4515:400:2:6:1:1
400,dpfi,6,atom_v,1,20260818:4515:400:2:6:2:1
400,dpfi,6,atom_h,2,20260818:4515:400:2:6:1:2
400,dpfi,6,atom_v,2,20260818:4515:400:2:6:2:2
400,dpfi,6,atom_h,3,20260818:4515:400:2:6:1:3
400,dpfi,6,atom_v,3,20260818:4515:400:2:6:2:3
400,dpfi,6,atom_h,4,20260818:4515:400:2:6:1:4
400,dpfi,6,atom_v,4,20260818:4515:400:2:6:2:4
400,dpfi,6,atom_h,5,20260818:4515:400:2:6:1:5
400,dpfi,6,atom_v,5,20260818:4515:400:2:6:2:5
400,dpfi,6,atom_h,6,20260818:4515:400:2:6:1:6
400,dpfi,6,atom_v,6,20260818:4515:400:2:6:2:6
400,dpfi,6,atom_h,7,20260818:4515:400:2:6:1:7
400,dpfi,6,atom_v,7,20260818:4515:400:2:6:2:7
400,dpfi,6,atom_h,8,20260818:4515:400:2:6:1:8
400,dpfi,6,atom_v,8,20260818:4515:400:2:6:2:8
400,dpfi,6,atom_h,9,20260818:4515:400:2:6:1:9
400,dpfi,6,atom_v,9,20260818:4515:400:2:6:2:9
400,dpfi,6,atom_h,10,20260818:4515:400:2:6:1:10
400,dpfi,6,atom_v,10,20260818:4515:400:2:6:2:10
400,dpfi,6,atom_h,11,20260818:4515:400:2:6:1:11
400,dpfi,6,atom_v,11,20260818:4515:400:2:6:2:11
400,dpfi,6,atom_h,12,20260818:4515:400:2:6:1:12
400,dpfi,6,atom_v,12,20260818:4515:400:2:6:2:12
400,dpfi,6,atom_h,13,20260818:4515:400:2:6:1:13
400,dpfi,6,atom_v,13,20260818:4515:400:2:6:2:13
400,dpfi,6,atom_h,14,20260818:4515:400:2:6:1:14
400,dpfi,6,atom_v,14,20260818:4515:400:2:6:2:14
400,dpfi,6,atom_h,15,20260818:4515:400:2:6:1:15
400,dpfi,6,atom_v,15,20260818:4515:400:2:6:2:15
400,dpfi,7,blank_h,0,20260818:4515:400:2:7:3:0
400,dpfi,7,blank_v,0,20260818:4515:400:2:7:4:0
400,dpfi,7,dark_h,0,20260818:4515:400:2:7:5:0
400,dpfi,7,dark_v,0,20260818:4515:400:2:7:6:0
400,dpfi,7,atom_h,1,20260818:4515:400:2:7:1:1
400,dpfi,7,atom_v,1,20260818:4515:400:2:7:2:1
400,dpfi,7,atom_h,2,20260818:4515:400:2:7:1:2
400,dpfi,7,atom_v,2,20260818:4515:400:2:7:2:2
400,dpfi,7,atom_h,3,20260818:4515:400:2:7:1:3
400,dpfi,7,atom_v,3,20260818:4515:400:2:7:2:3
400,dpfi,7,atom_h,4,20260818:4515:400:2:7:1:4
400,dpfi,7,atom_v,4,20260818:4515:400:2:7:2:4
400,dpfi,7,atom_h,5,20260818:4515:400:2:7:1:5
400,dpfi,7,atom_v,5,20260818:4515:400:2:7:2:5
400,dpfi,7,atom_h,6,20260818:4515:400:2:7:1:6
400,dpfi,7,atom_v,6,20260818:4515:400:2:7:2:6
400,dpfi,7,atom_h,7,20260818:4515:400:2:7:1:7
400,dpfi,7,atom_v,7,20260818:4515:400:2:7:2:7
400,dpfi,7,atom_h,8,20260818:4515:400:2:7:1:8
400,dpfi,7,atom_v,8,20260818:4515:400:2:7:2:8
400,dpfi,7,atom_h,9,20260818:4515:400:2:7:1:9
400,dpfi,7,atom_v,9,20260818:4515:400:2:7:2:9
400,dpfi,7,atom_h,10,20260818:4515:400:2:7:1:10
400,dpfi,7,atom_v,10,20260818:4515:400:2:7:2:10
400,dpfi,7,atom_h,11,20260818:4515:400:2:7:1:11
400,dpfi,7,atom_v,11,20260818:4515:400:2:7:2:11
400,dpfi,7,atom_h,12,20260818:4515:400:2:7:1:12
400,dpfi,7,atom_v,12,20260818:4515:400:2:7:2:12
400,dpfi,7,atom_h,13,20260818:4515:400:2:7:1:13
400,dpfi,7,atom_v,13,20260818:4515:400:2:7:2:13
400,dpfi,7,atom_h,14,20260818:4515:400:2:7:1:14
400,dpfi,7,atom_v,14,20260818:4515:400:2:7:2:14
400,dpfi,7,atom_h,15,20260818:4515:400:2:7:1:15
400,dpfi,7,atom_v,15,20260818:4515:400:2:7:2:15
400,dpfi,8,blank_h,0,20260818:4515:400:2:8:3:0
400,dpfi,8,blank_v,0,20260818:4515:400:2:8:4:0
400,dpfi,8,dark_h,0,20260818:4515:400:2:8:5:0
400,dpfi,8,dark_v,0,20260818:4515:400:2:8:6:0
400,dpfi,8,atom_h,1,20260818:4515:400:2:8:1:1
400,dpfi,8,atom_v,1,20260818:4515:400:2:8:2:1
400,dpfi,8,atom_h,2,20260818:4515:400:2:8:1:2
400,dpfi,8,atom_v,2,20260818:4515:400:2:8:2:2
400,dpfi,8,atom_h,3,20260818:4515:400:2:8:1:3
400,dpfi,8,atom_v,3,20260818:4515:400:2:8:2:3
400,dpfi,8,atom_h,4,20260818:4515:400:2:8:1:4
400,dpfi,8,atom_v,4,20260818:4515:400:2:8:2:4
400,dpfi,8,atom_h,5,20260818:4515:400:2:8:1:5
400,dpfi,8,atom_v,5,20260818:4515:400:2:8:2:5
400,dpfi,8,atom_h,6,20260818:4515:400:2:8:1:6
400,dpfi,8,atom_v,6,20260818:4515:400:2:8:2:6
400,dpfi,8,atom_h,7,20260818:4515:400:2:8:1:7
400,dpfi,8,atom_v,7,20260818:4515:400:2:8:2:7
400,dpfi,8,atom_h,8,20260818:4515:400:2:8:1:8
400,dpfi,8,atom_v,8,20260818:4515:400:2:8:2:8
400,dpfi,8,atom_h,9,20260818:4515:400:2:8:1:9
400,dpfi,8,atom_v,9,20260818:4515:400:2:8:2:9
400,dpfi,8,atom_h,10,20260818:4515:400:2:8:1:10
400,dpfi,8,atom_v,10,20260818:4515:400:2:8:2:10
400,dpfi,8,atom_h,11,20260818:4515:400:2:8:1:11
400,dpfi,8,atom_v,11,20260818:4515:400:2:8:2:11
400,dpfi,8,atom_h,12,20260818:4515:400:2:8:1:12
400,dpfi,8,atom_v,12,20260818:4515:400:2:8:2:12
400,dpfi,8,atom_h,13,20260818:4515:400:2:8:1:13
400,dpfi,8,atom_v,13,20260818:4515:400:2:8:2:13
400,dpfi,8,atom_h,14,20260818:4515:400:2:8:1:14
400,dpfi,8,atom_v,14,20260818:4515:400:2:8:2:14
400,dpfi,8,atom_h,15,20260818:4515:400:2:8:1:15
400,dpfi,8,atom_v,15,20260818:4515:400:2:8:2:15
400,dpfi,9,blank_h,0,20260818:4515:400:2:9:3:0
400,dpfi,9,blank_v,0,20260818:4515:400:2:9:4:0
400,dpfi,9,dark_h,0,20260818:4515:400:2:9:5:0
400,dpfi,9,dark_v,0,20260818:4515:400:2:9:6:0
400,dpfi,9,atom_h,1,20260818:4515:400:2:9:1:1
400,dpfi,9,atom_v,1,20260818:4515:400:2:9:2:1
400,dpfi,9,atom_h,2,20260818:4515:400:2:9:1:2
400,dpfi,9,atom_v,2,20260818:4515:400:2:9:2:2
400,dpfi,9,atom_h,3,20260818:4515:400:2:9:1:3
400,dpfi,9,atom_v,3,20260818:4515:400:2:9:2:3
400,dpfi,9,atom_h,4,20260818:4515:400:2:9:1:4
400,dpfi,9,atom_v,4,20260818:4515:400:2:9:2:4
400,dpfi,9,atom_h,5,20260818:4515:400:2:9:1:5
400,dpfi,9,atom_v,5,20260818:4515:400:2:9:2:5
400,dpfi,9,atom_h,6,20260818:4515:400:2:9:1:6
400,dpfi,9,atom_v,6,20260818:4515:400:2:9:2:6
400,dpfi,9,atom_h,7,20260818:4515:400:2:9:1:7
400,dpfi,9,atom_v,7,20260818:4515:400:2:9:2:7
400,dpfi,9,atom_h,8,20260818:4515:400:2:9:1:8
400,dpfi,9,atom_v,8,20260818:4515:400:2:9:2:8
400,dpfi,9,atom_h,9,20260818:4515:400:2:9:1:9
400,dpfi,9,atom_v,9,20260818:4515:400:2:9:2:9
400,dpfi,9,atom_h,10,20260818:4515:400:2:9:1:10
400,dpfi,9,atom_v,10,20260818:4515:400:2:9:2:10
400,dpfi,9,atom_h,11,20260818:4515:400:2:9:1:11
400,dpfi,9,atom_v,11,20260818:4515:400:2:9:2:11
400,dpfi,9,atom_h,12,20260818:4515:400:2:9:1:12
400,dpfi,9,atom_v,12,20260818:4515:400:2:9:2:12
400,dpfi,9,atom_h,13,20260818:4515:400:2:9:1:13
400,dpfi,9,atom_v,13,20260818:4515:400:2:9:2:13
400,dpfi,9,atom_h,14,20260818:4515:400:2:9:1:14
400,dpfi,9,atom_v,14,20260818:4515:400:2:9:2:14
400,dpfi,9,atom_h,15,20260818:4515:400:2:9:1:15
400,dpfi,9,atom_v,15,20260818:4515:400:2:9:2:15
400,dpfi,10,blank_h,0,20260818:4515:400:2:10:3:0
400,dpfi,10,blank_v,0,20260818:4515:400:2:10:4:0
400,dpfi,10,dark_h,0,20260818:4515:400:2:10:5:0
400,dpfi,10,dark_v,0,20260818:4515:400:2:10:6:0
400,dpfi,10,atom_h,1,20260818:4515:400:2:10:1:1
400,dpfi,10,atom_v,1,20260818:4515:400:2:10:2:1
400,dpfi,10,atom_h,2,20260818:4515:400:2:10:1:2
400,dpfi,10,atom_v,2,20260818:4515:400:2:10:2:2
400,dpfi,10,atom_h,3,20260818:4515:400:2:10:1:3
400,dpfi,10,atom_v,3,20260818:4515:400:2:10:2:3
400,dpfi,10,atom_h,4,20260818:4515:400:2:10:1:4
400,dpfi,10,atom_v,4,20260818:4515:400:2:10:2:4
400,dpfi,10,atom_h,5,20260818:4515:400:2:10:1:5
400,dpfi,10,atom_v,5,20260818:4515:400:2:10:2:5
400,dpfi,10,atom_h,6,20260818:4515:400:2:10:1:6
400,dpfi,10,atom_v,6,20260818:4515:400:2:10:2:6
400,dpfi,10,atom_h,7,20260818:4515:400:2:10:1:7
400,dpfi,10,atom_v,7,20260818:4515:400:2:10:2:7
400,dpfi,10,atom_h,8,20260818:4515:400:2:10:1:8
400,dpfi,10,atom_v,8,20260818:4515:400:2:10:2:8
400,dpfi,10,atom_h,9,20260818:4515:400:2:10:1:9
400,dpfi,10,atom_v,9,20260818:4515:400:2:10:2:9
400,dpfi,10,atom_h,10,20260818:4515:400:2:10:1:10
400,dpfi,10,atom_v,10,20260818:4515:400:2:10:2:10
400,dpfi,10,atom_h,11,20260818:4515:400:2:10:1:11
400,dpfi,10,atom_v,11,20260818:4515:400:2:10:2:11
400,dpfi,10,atom_h,12,20260818:4515:400:2:10:1:12
400,dpfi,10,atom_v,12,20260818:4515:400:2:10:2:12
400,dpfi,10,atom_h,13,20260818:4515:400:2:10:1:13
400,dpfi,10,atom_v,13,20260818:4515:400:2:10:2:13
400,dpfi,10,atom_h,14,20260818:4515:400:2:10:1:14
400,dpfi,10,atom_v,14,20260818:4515:400:2:10:2:14
400,dpfi,10,atom_h,15,20260818:4515:400:2:10:1:15
400,dpfi,10,atom_v,15,20260818:4515:400:2:10:2:15
400,dpfi,11,blank_h,0,20260818:4515:400:2:11:3:0
400,dpfi,11,blank_v,0,20260818:4515:400:2:11:4:0
400,dpfi,11,dark_h,0,20260818:4515:400:2:11:5:0
400,dpfi,11,dark_v,0,20260818:4515:400:2:11:6:0
400,dpfi,11,atom_h,1,20260818:4515:400:2:11:1:1
400,dpfi,11,atom_v,1,20260818:4515:400:2:11:2:1
400,dpfi,11,atom_h,2,20260818:4515:400:2:11:1:2
400,dpfi,11,atom_v,2,20260818:4515:400:2:11:2:2
400,dpfi,11,atom_h,3,20260818:4515:400:2:11:1:3
400,dpfi,11,atom_v,3,20260818:4515:400:2:11:2:3
400,dpfi,11,atom_h,4,20260818:4515:400:2:11:1:4
400,dpfi,11,atom_v,4,20260818:4515:400:2:11:2:4
400,dpfi,11,atom_h,5,20260818:4515:400:2:11:1:5
400,dpfi,11,atom_v,5,20260818:4515:400:2:11:2:5
400,dpfi,11,atom_h,6,20260818:4515:400:2:11:1:6
400,dpfi,11,atom_v,6,20260818:4515:400:2:11:2:6
400,dpfi,11,atom_h,7,20260818:4515:400:2:11:1:7
400,dpfi,11,atom_v,7,20260818:4515:400:2:11:2:7
400,dpfi,11,atom_h,8,20260818:4515:400:2:11:1:8
400,dpfi,11,atom_v,8,20260818:4515:400:2:11:2:8
400,dpfi,11,atom_h,9,20260818:4515:400:2:11:1:9
400,dpfi,11,atom_v,9,20260818:4515:400:2:11:2:9
400,dpfi,11,atom_h,10,20260818:4515:400:2:11:1:10
400,dpfi,11,atom_v,10,20260818:4515:400:2:11:2:10
400,dpfi,11,atom_h,11,20260818:4515:400:2:11:1:11
400,dpfi,11,atom_v,11,20260818:4515:400:2:11:2:11
400,dpfi,11,atom_h,12,20260818:4515:400:2:11:1:12
400,dpfi,11,atom_v,12,20260818:4515:400:2:11:2:12
400,dpfi,11,atom_h,13,20260818:4515:400:2:11:1:13
400,dpfi,11,atom_v,13,20260818:4515:400:2:11:2:13
400,dpfi,11,atom_h,14,20260818:4515:400:2:11:1:14
400,dpfi,11,atom_v,14,20260818:4515:400:2:11:2:14
400,dpfi,11,atom_h,15,20260818:4515:400:2:11:1:15
400,dpfi,11,atom_v,15,20260818:4515:400:2:11:2:15
400,dpfi,12,blank_h,0,20260818:4515:400:2:12:3:0
400,dpfi,12,blank_v,0,20260818:4515:400:2:12:4:0
400,dpfi,12,dark_h,0,20260818:4515:400:2:12:5:0
400,dpfi,12,dark_v,0,20260818:4515:400:2:12:6:0
400,dpfi,12,atom_h,1,20260818:4515:400:2:12:1:1
400,dpfi,12,atom_v,1,20260818:4515:400:2:12:2:1
400,dpfi,12,atom_h,2,20260818:4515:400:2:12:1:2
400,dpfi,12,atom_v,2,20260818:4515:400:2:12:2:2
400,dpfi,12,atom_h,3,20260818:4515:400:2:12:1:3
400,dpfi,12,atom_v,3,20260818:4515:400:2:12:2:3
400,dpfi,12,atom_h,4,20260818:4515:400:2:12:1:4
400,dpfi,12,atom_v,4,20260818:4515:400:2:12:2:4
400,dpfi,12,atom_h,5,20260818:4515:400:2:12:1:5
400,dpfi,12,atom_v,5,20260818:4515:400:2:12:2:5
400,dpfi,12,atom_h,6,20260818:4515:400:2:12:1:6
400,dpfi,12,atom_v,6,20260818:4515:400:2:12:2:6
400,dpfi,12,atom_h,7,20260818:4515:400:2:12:1:7
400,dpfi,12,atom_v,7,20260818:4515:400:2:12:2:7
400,dpfi,12,atom_h,8,20260818:4515:400:2:12:1:8
400,dpfi,12,atom_v,8,20260818:4515:400:2:12:2:8
400,dpfi,12,atom_h,9,20260818:4515:400:2:12:1:9
400,dpfi,12,atom_v,9,20260818:4515:400:2:12:2:9
400,dpfi,12,atom_h,10,20260818:4515:400:2:12:1:10
400,dpfi,12,atom_v,10,20260818:4515:400:2:12:2:10
400,dpfi,12,atom_h,11,20260818:4515:400:2:12:1:11
400,dpfi,12,atom_v,11,20260818:4515:400:2:12:2:11
400,dpfi,12,atom_h,12,20260818:4515:400:2:12:1:12
400,dpfi,12,atom_v,12,20260818:4515:400:2:12:2:12
400,dpfi,12,atom_h,13,20260818:4515:400:2:12:1:13
400,dpfi,12,atom_v,13,20260818:4515:400:2:12:2:13
400,dpfi,12,atom_h,14,20260818:4515:400:2:12:1:14
400,dpfi,12,atom_v,14,20260818:4515:400:2:12:2:14
400,dpfi,12,atom_h,15,20260818:4515:400:2:12:1:15
400,dpfi,12,atom_v,15,20260818:4515:400:2:12:2:15
400,dpfi,13,blank_h,0,20260818:4515:400:2:13:3:0
400,dpfi,13,blank_v,0,20260818:4515:400:2:13:4:0
400,dpfi,13,dark_h,0,20260818:4515:400:2:13:5:0
400,dpfi,13,dark_v,0,20260818:4515:400:2:13:6:0
400,dpfi,13,atom_h,1,20260818:4515:400:2:13:1:1
400,dpfi,13,atom_v,1,20260818:4515:400:2:13:2:1
400,dpfi,13,atom_h,2,20260818:4515:400:2:13:1:2
400,dpfi,13,atom_v,2,20260818:4515:400:2:13:2:2
400,dpfi,13,atom_h,3,20260818:4515:400:2:13:1:3
400,dpfi,13,atom_v,3,20260818:4515:400:2:13:2:3
400,dpfi,13,atom_h,4,20260818:4515:400:2:13:1:4
400,dpfi,13,atom_v,4,20260818:4515:400:2:13:2:4
400,dpfi,13,atom_h,5,20260818:4515:400:2:13:1:5
400,dpfi,13,atom_v,5,20260818:4515:400:2:13:2:5
400,dpfi,13,atom_h,6,20260818:4515:400:2:13:1:6
400,dpfi,13,atom_v,6,20260818:4515:400:2:13:2:6
400,dpfi,13,atom_h,7,20260818:4515:400:2:13:1:7
400,dpfi,13,atom_v,7,20260818:4515:400:2:13:2:7
400,dpfi,13,atom_h,8,20260818:4515:400:2:13:1:8
400,dpfi,13,atom_v,8,20260818:4515:400:2:13:2:8
400,dpfi,13,atom_h,9,20260818:4515:400:2:13:1:9
400,dpfi,13,atom_v,9,20260818:4515:400:2:13:2:9
400,dpfi,13,atom_h,10,20260818:4515:400:2:13:1:10
400,dpfi,13,atom_v,10,20260818:4515:400:2:13:2:10
400,dpfi,13,atom_h,11,20260818:4515:400:2:13:1:11
400,dpfi,13,atom_v,11,20260818:4515:400:2:13:2:11
400,dpfi,13,atom_h,12,20260818:4515:400:2:13:1:12
400,dpfi,13,atom_v,12,20260818:4515:400:2:13:2:12
400,dpfi,13,atom_h,13,20260818:4515:400:2:13:1:13
400,dpfi,13,atom_v,13,20260818:4515:400:2:13:2:13
400,dpfi,13,atom_h,14,20260818:4515:400:2:13:1:14
400,dpfi,13,atom_v,14,20260818:4515:400:2:13:2:14
400,dpfi,13,atom_h,15,20260818:4515:400:2:13:1:15
400,dpfi,13,atom_v,15,20260818:4515:400:2:13:2:15
400,dpfi,14,blank_h,0,20260818:4515:400:2:14:3:0
400,dpfi,14,blank_v,0,20260818:4515:400:2:14:4:0
400,dpfi,14,dark_h,0,20260818:4515:400:2:14:5:0
400,dpfi,14,dark_v,0,20260818:4515:400:2:14:6:0
400,dpfi,14,atom_h,1,20260818:4515:400:2:14:1:1
400,dpfi,14,atom_v,1,20260818:4515:400:2:14:2:1
400,dpfi,14,atom_h,2,20260818:4515:400:2:14:1:2
400,dpfi,14,atom_v,2,20260818:4515:400:2:14:2:2
400,dpfi,14,atom_h,3,20260818:4515:400:2:14:1:3
400,dpfi,14,atom_v,3,20260818:4515:400:2:14:2:3
400,dpfi,14,atom_h,4,20260818:4515:400:2:14:1:4
400,dpfi,14,atom_v,4,20260818:4515:400:2:14:2:4
400,dpfi,14,atom_h,5,20260818:4515:400:2:14:1:5
400,dpfi,14,atom_v,5,20260818:4515:400:2:14:2:5
400,dpfi,14,atom_h,6,20260818:4515:400:2:14:1:6
400,dpfi,14,atom_v,6,20260818:4515:400:2:14:2:6
400,dpfi,14,atom_h,7,20260818:4515:400:2:14:1:7
400,dpfi,14,atom_v,7,20260818:4515:400:2:14:2:7
400,dpfi,14,atom_h,8,20260818:4515:400:2:14:1:8
400,dpfi,14,atom_v,8,20260818:4515:400:2:14:2:8
400,dpfi,14,atom_h,9,20260818:4515:400:2:14:1:9
400,dpfi,14,atom_v,9,20260818:4515:400:2:14:2:9
400,dpfi,14,atom_h,10,20260818:4515:400:2:14:1:10
400,dpfi,14,atom_v,10,20260818:4515:400:2:14:2:10
400,dpfi,14,atom_h,11,20260818:4515:400:2:14:1:11
400,dpfi,14,atom_v,11,20260818:4515:400:2:14:2:11
400,dpfi,14,atom_h,12,20260818:4515:400:2:14:1:12
400,dpfi,14,atom_v,12,20260818:4515:400:2:14:2:12
400,dpfi,14,atom_h,13,20260818:4515:400:2:14:1:13
400,dpfi,14,atom_v,13,20260818:4515:400:2:14:2:13
400,dpfi,14,atom_h,14,20260818:4515:400:2:14:1:14
400,dpfi,14,atom_v,14,20260818:4515:400:2:14:2:14
400,dpfi,14,atom_h,15,20260818:4515:400:2:14:1:15
400,dpfi,14,atom_v,15,20260818:4515:400:2:14:2:15
400,dpfi,15,blank_h,0,20260818:4515:400:2:15:3:0
400,dpfi,15,blank_v,0,20260818:4515:400:2:15:4:0
400,dpfi,15,dark_h,0,20260818:4515:400:2:15:5:0
400,dpfi,15,dark_v,0,20260818:4515:400:2:15:6:0
400,dpfi,15,atom_h,1,20260818:4515:400:2:15:1:1
400,dpfi,15,atom_v,1,20260818:4515:400:2:15:2:1
400,dpfi,15,atom_h,2,20260818:4515:400:2:15:1:2
400,dpfi,15,atom_v,2,20260818:4515:400:2:15:2:2
400,dpfi,15,atom_h,3,20260818:4515:400:2:15:1:3
400,dpfi,15,atom_v,3,20260818:4515:400:2:15:2:3
400,dpfi,15,atom_h,4,20260818:4515:400:2:15:1:4
400,dpfi,15,atom_v,4,20260818:4515:400:2:15:2:4
400,dpfi,15,atom_h,5,20260818:4515:400:2:15:1:5
400,dpfi,15,atom_v,5,20260818:4515:400:2:15:2:5
400,dpfi,15,atom_h,6,20260818:4515:400:2:15:1:6
400,dpfi,15,atom_v,6,20260818:4515:400:2:15:2:6
400,dpfi,15,atom_h,7,20260818:4515:400:2:15:1:7
400,dpfi,15,atom_v,7,20260818:4515:400:2:15:2:7
400,dpfi,15,atom_h,8,20260818:4515:400:2:15:1:8
400,dpfi,15,atom_v,8,20260818:4515:400:2:15:2:8
400,dpfi,15,atom_h,9,20260818:4515:400:2:15:1:9
400,dpfi,15,atom_v,9,20260818:4515:400:2:15:2:9
400,dpfi,15,atom_h,10,20260818:4515:400:2:15:1:10
400,dpfi,15,atom_v,10,20260818:4515:400:2:15:2:10
400,dpfi,15,atom_h,11,20260818:4515:400:2:15:1:11
400,dpfi,15,atom_v,11,20260818:4515:400:2:15:2:11
400,dpfi,15,atom_h,12,20260818:4515:400:2:15:1:12
400,dpfi,15,atom_v,12,20260818:4515:400:2:15:2:12
400,dpfi,15,atom_h,13,20260818:4515:400:2:15:1:13
400,dpfi,15,atom_v,13,20260818:4515:400:2:15:2:13
400,dpfi,15,atom_h,14,20260818:4515:400:2:15:1:14
400,dpfi,15,atom_v,14,20260818:4515:400:2:15:2:14
400,dpfi,15,atom_h,15,20260818:4515:400:2:15:1:15
400,dpfi,15,atom_v,15,20260818:4515:400:2:15:2:15
400,dpfi,16,blank_h,0,20260818:4515:400:2:16:3:0
400,dpfi,16,blank_v,0,20260818:4515:400:2:16:4:0
400,dpfi,16,dark_h,0,20260818:4515:400:2:16:5:0
400,dpfi,16,dark_v,0,20260818:4515:400:2:16:6:0
400,dpfi,16,atom_h,1,20260818:4515:400:2:16:1:1
400,dpfi,16,atom_v,1,20260818:4515:400:2:16:2:1
400,dpfi,16,atom_h,2,20260818:4515:400:2:16:1:2
400,dpfi,16,atom_v,2,20260818:4515:400:2:16:2:2
400,dpfi,16,atom_h,3,20260818:4515:400:2:16:1:3
400,dpfi,16,atom_v,3,20260818:4515:400:2:16:2:3
400,dpfi,16,atom_h,4,20260818:4515:400:2:16:1:4
400,dpfi,16,atom_v,4,20260818:4515:400:2:16:2:4
400,dpfi,16,atom_h,5,20260818:4515:400:2:16:1:5
400,dpfi,16,atom_v,5,20260818:4515:400:2:16:2:5
400,dpfi,16,atom_h,6,20260818:4515:400:2:16:1:6
400,dpfi,16,atom_v,6,20260818:4515:400:2:16:2:6
400,dpfi,16,atom_h,7,20260818:4515:400:2:16:1:7
400,dpfi,16,atom_v,7,20260818:4515:400:2:16:2:7
400,dpfi,16,atom_h,8,20260818:4515:400:2:16:1:8
400,dpfi,16,atom_v,8,20260818:4515:400:2:16:2:8
400,dpfi,16,atom_h,9,20260818:4515:400:2:16:1:9
400,dpfi,16,atom_v,9,20260818:4515:400:2:16:2:9
400,dpfi,16,atom_h,10,20260818:4515:400:2:16:1:10
400,dpfi,16,atom_v,10,20260818:4515:400:2:16:2:10
400,dpfi,16,atom_h,11,20260818:4515:400:2:16:1:11
400,dpfi,16,atom_v,11,20260818:4515:400:2:16:2:11
400,dpfi,16,atom_h,12,20260818:4515:400:2:16:1:12
400,dpfi,16,atom_v,12,20260818:4515:400:2:16:2:12
400,dpfi,16,atom_h,13,20260818:4515:400:2:16:1:13
400,dpfi,16,atom_v,13,20260818:4515:400:2:16:2:13
400,dpfi,16,atom_h,14,20260818:4515:400:2:16:1:14
400,dpfi,16,atom_v,14,20260818:4515:400:2:16:2:14
400,dpfi,16,atom_h,15,20260818:4515:400:2:16:1:15
400,dpfi,16,atom_v,15,20260818:4515:400:2:16:2:15
400,dpfi,17,blank_h,0,20260818:4515:400:2:17:3:0
400,dpfi,17,blank_v,0,20260818:4515:400:2:17:4:0
400,dpfi,17,dark_h,0,20260818:4515:400:2:17:5:0
400,dpfi,17,dark_v,0,20260818:4515:400:2:17:6:0
400,dpfi,17,atom_h,1,20260818:4515:400:2:17:1:1
400,dpfi,17,atom_v,1,20260818:4515:400:2:17:2:1
400,dpfi,17,atom_h,2,20260818:4515:400:2:17:1:2
400,dpfi,17,atom_v,2,20260818:4515:400:2:17:2:2
400,dpfi,17,atom_h,3,20260818:4515:400:2:17:1:3
400,dpfi,17,atom_v,3,20260818:4515:400:2:17:2:3
400,dpfi,17,atom_h,4,20260818:4515:400:2:17:1:4
400,dpfi,17,atom_v,4,20260818:4515:400:2:17:2:4
400,dpfi,17,atom_h,5,20260818:4515:400:2:17:1:5
400,dpfi,17,atom_v,5,20260818:4515:400:2:17:2:5
400,dpfi,17,atom_h,6,20260818:4515:400:2:17:1:6
400,dpfi,17,atom_v,6,20260818:4515:400:2:17:2:6
400,dpfi,17,atom_h,7,20260818:4515:400:2:17:1:7
400,dpfi,17,atom_v,7,20260818:4515:400:2:17:2:7
400,dpfi,17,atom_h,8,20260818:4515:400:2:17:1:8
400,dpfi,17,atom_v,8,20260818:4515:400:2:17:2:8
400,dpfi,17,atom_h,9,20260818:4515:400:2:17:1:9
400,dpfi,17,atom_v,9,20260818:4515:400:2:17:2:9
400,dpfi,17,atom_h,10,20260818:4515:400:2:17:1:10
400,dpfi,17,atom_v,10,20260818:4515:400:2:17:2:10
400,dpfi,17,atom_h,11,20260818:4515:400:2:17:1:11
400,dpfi,17,atom_v,11,20260818:4515:400:2:17:2:11
400,dpfi,17,atom_h,12,20260818:4515:400:2:17:1:12
400,dpfi,17,atom_v,12,20260818:4515:400:2:17:2:12
400,dpfi,17,atom_h,13,20260818:4515:400:2:17:1:13
400,dpfi,17,atom_v,13,20260818:4515:400:2:17:2:13
400,dpfi,17,atom_h,14,20260818:4515:400:2:17:1:14
400,dpfi,17,atom_v,14,20260818:4515:400:2:17:2:14
400,dpfi,17,atom_h,15,20260818:4515:400:2:17:1:15
400,dpfi,17,atom_v,15,20260818:4515:400:2:17:2:15
400,dpfi,18,blank_h,0,20260818:4515:400:2:18:3:0
400,dpfi,18,blank_v,0,20260818:4515:400:2:18:4:0
400,dpfi,18,dark_h,0,20260818:4515:400:2:18:5:0
400,dpfi,18,dark_v,0,20260818:4515:400:2:18:6:0
400,dpfi,18,atom_h,1,20260818:4515:400:2:18:1:1
400,dpfi,18,atom_v,1,20260818:4515:400:2:18:2:1
400,dpfi,18,atom_h,2,20260818:4515:400:2:18:1:2
400,dpfi,18,atom_v,2,20260818:4515:400:2:18:2:2
400,dpfi,18,atom_h,3,20260818:4515:400:2:18:1:3
400,dpfi,18,atom_v,3,20260818:4515:400:2:18:2:3
400,dpfi,18,atom_h,4,20260818:4515:400:2:18:1:4
400,dpfi,18,atom_v,4,20260818:4515:400:2:18:2:4
400,dpfi,18,atom_h,5,20260818:4515:400:2:18:1:5
400,dpfi,18,atom_v,5,20260818:4515:400:2:18:2:5
400,dpfi,18,atom_h,6,20260818:4515:400:2:18:1:6
400,dpfi,18,atom_v,6,20260818:4515:400:2:18:2:6
400,dpfi,18,atom_h,7,20260818:4515:400:2:18:1:7
400,dpfi,18,atom_v,7,20260818:4515:400:2:18:2:7
400,dpfi,18,atom_h,8,20260818:4515:400:2:18:1:8
400,dpfi,18,atom_v,8,20260818:4515:400:2:18:2:8
400,dpfi,18,atom_h,9,20260818:4515:400:2:18:1:9
400,dpfi,18,atom_v,9,20260818:4515:400:2:18:2:9
400,dpfi,18,atom_h,10,20260818:4515:400:2:18:1:10
400,dpfi,18,atom_v,10,20260818:4515:400:2:18:2:10
400,dpfi,18,atom_h,11,20260818:4515:400:2:18:1:11
400,dpfi,18,atom_v,11,20260818:4515:400:2:18:2:11
400,dpfi,18,atom_h,12,20260818:4515:400:2:18:1:12
400,dpfi,18,atom_v,12,20260818:4515:400:2:18:2:12
400,dpfi,18,atom_h,13,20260818:4515:400:2:18:1:13
400,dpfi,18,atom_v,13,20260818:4515:400:2:18:2:13
400,dpfi,18,atom_h,14,20260818:4515:400:2:18:1:14
400,dpfi,18,atom_v,14,20260818:4515:400:2:18:2:14
400,dpfi,18,atom_h,15,20260818:4515:400:2:18:1:15
400,dpfi,18,atom_v,15,20260818:4515:400:2:18:2:15
400,dpfi,19,blank_h,0,20260818:4515:400:2:19:3:0
400,dpfi,19,blank_v,0,20260818:4515:400:2:19:4:0
400,dpfi,19,dark_h,0,20260818:4515:400:2:19:5:0
400,dpfi,19,dark_v,0,20260818:4515:400:2:19:6:0
400,dpfi,19,atom_h,1,20260818:4515:400:2:19:1:1
400,dpfi,19,atom_v,1,20260818:4515:400:2:19:2:1
400,dpfi,19,atom_h,2,20260818:4515:400:2:19:1:2
400,dpfi,19,atom_v,2,20260818:4515:400:2:19:2:2
400,dpfi,19,atom_h,3,20260818:4515:400:2:19:1:3
400,dpfi,19,atom_v,3,20260818:4515:400:2:19:2:3
400,dpfi,19,atom_h,4,20260818:4515:400:2:19:1:4
400,dpfi,19,atom_v,4,20260818:4515:400:2:19:2:4
400,dpfi,19,atom_h,5,20260818:4515:400:2:19:1:5
400,dpfi,19,atom_v,5,20260818:4515:400:2:19:2:5
400,dpfi,19,atom_h,6,20260818:4515:400:2:19:1:6
400,dpfi,19,atom_v,6,20260818:4515:400:2:19:2:6
400,dpfi,19,atom_h,7,20260818:4515:400:2:19:1:7
400,dpfi,19,atom_v,7,20260818:4515:400:2:19:2:7
400,dpfi,19,atom_h,8,20260818:4515:400:2:19:1:8
400,dpfi,19,atom_v,8,20260818:4515:400:2:19:2:8
400,dpfi,19,atom_h,9,20260818:4515:400:2:19:1:9
400,dpfi,19,atom_v,9,20260818:4515:400:2:19:2:9
400,dpfi,19,atom_h,10,20260818:4515:400:2:19:1:10
400,dpfi,19,atom_v,10,20260818:4515:400:2:19:2:10
400,dpfi,19,atom_h,11,20260818:4515:400:2:19:1:11
400,dpfi,19,atom_v,11,20260818:4515:400:2:19:2:11
400,dpfi,19,atom_h,12,20260818:4515:400:2:19:1:12
400,dpfi,19,atom_v,12,20260818:4515:400:2:19:2:12
400,dpfi,19,atom_h,13,20260818:4515:400:2:19:1:13
400,dpfi,19,atom_v,13,20260818:4515:400:2:19:2:13
400,dpfi,19,atom_h,14,20260818:4515:400:2:19:1:14
400,dpfi,19,atom_v,14,20260818:4515:400:2:19:2:14
400,dpfi,19,atom_h,15,20260818:4515:400:2:19:1:15
400,dpfi,19,atom_v,15,20260818:4515:400:2:19:2:15
400,dpfi,20,blank_h,0,20260818:4515:400:2:20:3:0
400,dpfi,20,blank_v,0,20260818:4515:400:2:20:4:0
400,dpfi,20,dark_h,0,20260818:4515:400:2:20:5:0
400,dpfi,20,dark_v,0,20260818:4515:400:2:20:6:0
400,dpfi,20,atom_h,1,20260818:4515:400:2:20:1:1
400,dpfi,20,atom_v,1,20260818:4515:400:2:20:2:1
400,dpfi,20,atom_h,2,20260818:4515:400:2:20:1:2
400,dpfi,20,atom_v,2,20260818:4515:400:2:20:2:2
400,dpfi,20,atom_h,3,20260818:4515:400:2:20:1:3
400,dpfi,20,atom_v,3,20260818:4515:400:2:20:2:3
400,dpfi,20,atom_h,4,20260818:4515:400:2:20:1:4
400,dpfi,20,atom_v,4,20260818:4515:400:2:20:2:4
400,dpfi,20,atom_h,5,20260818:4515:400:2:20:1:5
400,dpfi,20,atom_v,5,20260818:4515:400:2:20:2:5
400,dpfi,20,atom_h,6,20260818:4515:400:2:20:1:6
400,dpfi,20,atom_v,6,20260818:4515:400:2:20:2:6
400,dpfi,20,atom_h,7,20260818:4515:400:2:20:1:7
400,dpfi,20,atom_v,7,20260818:4515:400:2:20:2:7
400,dpfi,20,atom_h,8,20260818:4515:400:2:20:1:8
400,dpfi,20,atom_v,8,20260818:4515:400:2:20:2:8
400,dpfi,20,atom_h,9,20260818:4515:400:2:20:1:9
400,dpfi,20,atom_v,9,20260818:4515:400:2:20:2:9
400,dpfi,20,atom_h,10,20260818:4515:400:2:20:1:10
400,dpfi,20,atom_v,10,20260818:4515:400:2:20:2:10
400,dpfi,20,atom_h,11,20260818:4515:400:2:20:1:11
400,dpfi,20,atom_v,11,20260818:4515:400:2:20:2:11
400,dpfi,20,atom_h,12,20260818:4515:400:2:20:1:12
400,dpfi,20,atom_v,12,20260818:4515:400:2:20:2:12
400,dpfi,20,atom_h,13,20260818:4515:400:2:20:1:13
400,dpfi,20,atom_v,13,20260818:4515:400:2:20:2:13
400,dpfi,20,atom_h,14,20260818:4515:400:2:20:1:14
400,dpfi,20,atom_v,14,20260818:4515:400:2:20:2:14
400,dpfi,20,atom_h,15,20260818:4515:400:2:20:1:15
400,dpfi,20,atom_v,15,20260818:4515:400:2:20:2:15
400,dpfi,21,blank_h,0,20260818:4515:400:2:21:3:0
400,dpfi,21,blank_v,0,20260818:4515:400:2:21:4:0
400,dpfi,21,dark_h,0,20260818:4515:400:2:21:5:0
400,dpfi,21,dark_v,0,20260818:4515:400:2:21:6:0
400,dpfi,21,atom_h,1,20260818:4515:400:2:21:1:1
400,dpfi,21,atom_v,1,20260818:4515:400:2:21:2:1
400,dpfi,21,atom_h,2,20260818:4515:400:2:21:1:2
400,dpfi,21,atom_v,2,20260818:4515:400:2:21:2:2
400,dpfi,21,atom_h,3,20260818:4515:400:2:21:1:3
400,dpfi,21,atom_v,3,20260818:4515:400:2:21:2:3
400,dpfi,21,atom_h,4,20260818:4515:400:2:21:1:4
400,dpfi,21,atom_v,4,20260818:4515:400:2:21:2:4
400,dpfi,21,atom_h,5,20260818:4515:400:2:21:1:5
400,dpfi,21,atom_v,5,20260818:4515:400:2:21:2:5
400,dpfi,21,atom_h,6,20260818:4515:400:2:21:1:6
400,dpfi,21,atom_v,6,20260818:4515:400:2:21:2:6
400,dpfi,21,atom_h,7,20260818:4515:400:2:21:1:7
400,dpfi,21,atom_v,7,20260818:4515:400:2:21:2:7
400,dpfi,21,atom_h,8,20260818:4515:400:2:21:1:8
400,dpfi,21,atom_v,8,20260818:4515:400:2:21:2:8
400,dpfi,21,atom_h,9,20260818:4515:400:2:21:1:9
400,dpfi,21,atom_v,9,20260818:4515:400:2:21:2:9
400,dpfi,21,atom_h,10,20260818:4515:400:2:21:1:10
400,dpfi,21,atom_v,10,20260818:4515:400:2:21:2:10
400,dpfi,21,atom_h,11,20260818:4515:400:2:21:1:11
400,dpfi,21,atom_v,11,20260818:4515:400:2:21:2:11
400,dpfi,21,atom_h,12,20260818:4515:400:2:21:1:12
400,dpfi,21,atom_v,12,20260818:4515:400:2:21:2:12
400,dpfi,21,atom_h,13,20260818:4515:400:2:21:1:13
400,dpfi,21,atom_v,13,20260818:4515:400:2:21:2:13
400,dpfi,21,atom_h,14,20260818:4515:400:2:21:1:14
400,dpfi,21,atom_v,14,20260818:4515:400:2:21:2:14
400,dpfi,21,atom_h,15,20260818:4515:400:2:21:1:15
400,dpfi,21,atom_v,15,20260818:4515:400:2:21:2:15
400,dpfi,22,blank_h,0,20260818:4515:400:2:22:3:0
400,dpfi,22,blank_v,0,20260818:4515:400:2:22:4:0
400,dpfi,22,dark_h,0,20260818:4515:400:2:22:5:0
400,dpfi,22,dark_v,0,20260818:4515:400:2:22:6:0
400,dpfi,22,atom_h,1,20260818:4515:400:2:22:1:1
400,dpfi,22,atom_v,1,20260818:4515:400:2:22:2:1
400,dpfi,22,atom_h,2,20260818:4515:400:2:22:1:2
400,dpfi,22,atom_v,2,20260818:4515:400:2:22:2:2
400,dpfi,22,atom_h,3,20260818:4515:400:2:22:1:3
400,dpfi,22,atom_v,3,20260818:4515:400:2:22:2:3
400,dpfi,22,atom_h,4,20260818:4515:400:2:22:1:4
400,dpfi,22,atom_v,4,20260818:4515:400:2:22:2:4
400,dpfi,22,atom_h,5,20260818:4515:400:2:22:1:5
400,dpfi,22,atom_v,5,20260818:4515:400:2:22:2:5
400,dpfi,22,atom_h,6,20260818:4515:400:2:22:1:6
400,dpfi,22,atom_v,6,20260818:4515:400:2:22:2:6
400,dpfi,22,atom_h,7,20260818:4515:400:2:22:1:7
400,dpfi,22,atom_v,7,20260818:4515:400:2:22:2:7
400,dpfi,22,atom_h,8,20260818:4515:400:2:22:1:8
400,dpfi,22,atom_v,8,20260818:4515:400:2:22:2:8
400,dpfi,22,atom_h,9,20260818:4515:400:2:22:1:9
400,dpfi,22,atom_v,9,20260818:4515:400:2:22:2:9
400,dpfi,22,atom_h,10,20260818:4515:400:2:22:1:10
400,dpfi,22,atom_v,10,20260818:4515:400:2:22:2:10
400,dpfi,22,atom_h,11,20260818:4515:400:2:22:1:11
400,dpfi,22,atom_v,11,20260818:4515:400:2:22:2:11
400,dpfi,22,atom_h,12,20260818:4515:400:2:22:1:12
400,dpfi,22,atom_v,12,20260818:4515:400:2:22:2:12
400,dpfi,22,atom_h,13,20260818:4515:400:2:22:1:13
400,dpfi,22,atom_v,13,20260818:4515:400:2:22:2:13
400,dpfi,22,atom_h,14,20260818:4515:400:2:22:1:14
400,dpfi,22,atom_v,14,20260818:4515:400:2:22:2:14
400,dpfi,22,atom_h,15,20260818:4515:400:2:22:1:15
400,dpfi,22,atom_v,15,20260818:4515:400:2:22:2:15
400,dpfi,23,blank_h,0,20260818:4515:400:2:23:3:0
400,dpfi,23,blank_v,0,20260818:4515:400:2:23:4:0
400,dpfi,23,dark_h,0,20260818:4515:400:2:23:5:0
400,dpfi,23,dark_v,0,20260818:4515:400:2:23:6:0
400,dpfi,23,atom_h,1,20260818:4515:400:2:23:1:1
400,dpfi,23,atom_v,1,20260818:4515:400:2:23:2:1
400,dpfi,23,atom_h,2,20260818:4515:400:2:23:1:2
400,dpfi,23,atom_v,2,20260818:4515:400:2:23:2:2
400,dpfi,23,atom_h,3,20260818:4515:400:2:23:1:3
400,dpfi,23,atom_v,3,20260818:4515:400:2:23:2:3
400,dpfi,23,atom_h,4,20260818:4515:400:2:23:1:4
400,dpfi,23,atom_v,4,20260818:4515:400:2:23:2:4
400,dpfi,23,atom_h,5,20260818:4515:400:2:23:1:5
400,dpfi,23,atom_v,5,20260818:4515:400:2:23:2:5
400,dpfi,23,atom_h,6,20260818:4515:400:2:23:1:6
400,dpfi,23,atom_v,6,20260818:4515:400:2:23:2:6
400,dpfi,23,atom_h,7,20260818:4515:400:2:23:1:7
400,dpfi,23,atom_v,7,20260818:4515:400:2:23:2:7
400,dpfi,23,atom_h,8,20260818:4515:400:2:23:1:8
400,dpfi,23,atom_v,8,20260818:4515:400:2:23:2:8
400,dpfi,23,atom_h,9,20260818:4515:400:2:23:1:9
400,dpfi,23,atom_v,9,20260818:4515:400:2:23:2:9
400,dpfi,23,atom_h,10,20260818:4515:400:2:23:1:10
400,dpfi,23,atom_v,10,20260818:4515:400:2:23:2:10
400,dpfi,23,atom_h,11,20260818:4515:400:2:23:1:11
400,dpfi,23,atom_v,11,20260818:4515:400:2:23:2:11
400,dpfi,23,atom_h,12,20260818:4515:400:2:23:1:12
400,dpfi,23,atom_v,12,20260818:4515:400:2:23:2:12
400,dpfi,23,atom_h,13,20260818:4515:400:2:23:1:13
400,dpfi,23,atom_v,13,20260818:4515:400:2:23:2:13
400,dpfi,23,atom_h,14,20260818:4515:400:2:23:1:14
400,dpfi,23,atom_v,14,20260818:4515:400:2:23:2:14
400,dpfi,23,atom_h,15,20260818:4515:400:2:23:1:15
400,dpfi,23,atom_v,15,20260818:4515:400:2:23:2:15
400,dpfi,24,blank_h,0,20260818:4515:400:2:24:3:0
400,dpfi,24,blank_v,0,20260818:4515:400:2:24:4:0
400,dpfi,24,dark_h,0,20260818:4515:400:2:24:5:0
400,dpfi,24,dark_v,0,20260818:4515:400:2:24:6:0
400,dpfi,24,atom_h,1,20260818:4515:400:2:24:1:1
400,dpfi,24,atom_v,1,20260818:4515:400:2:24:2:1
400,dpfi,24,atom_h,2,20260818:4515:400:2:24:1:2
400,dpfi,24,atom_v,2,20260818:4515:400:2:24:2:2
400,dpfi,24,atom_h,3,20260818:4515:400:2:24:1:3
400,dpfi,24,atom_v,3,20260818:4515:400:2:24:2:3
400,dpfi,24,atom_h,4,20260818:4515:400:2:24:1:4
400,dpfi,24,atom_v,4,20260818:4515:400:2:24:2:4
400,dpfi,24,atom_h,5,20260818:4515:400:2:24:1:5
400,dpfi,24,atom_v,5,20260818:4515:400:2:24:2:5
400,dpfi,24,atom_h,6,20260818:4515:400:2:24:1:6
400,dpfi,24,atom_v,6,20260818:4515:400:2:24:2:6
400,dpfi,24,atom_h,7,20260818:4515:400:2:24:1:7
400,dpfi,24,atom_v,7,20260818:4515:400:2:24:2:7
400,dpfi,24,atom_h,8,20260818:4515:400:2:24:1:8
400,dpfi,24,atom_v,8,20260818:4515:400:2:24:2:8
400,dpfi,24,atom_h,9,20260818:4515:400:2:24:1:9
400,dpfi,24,atom_v,9,20260818:4515:400:2:24:2:9
400,dpfi,24,atom_h,10,20260818:4515:400:2:24:1:10
400,dpfi,24,atom_v,10,20260818:4515:400:2:24:2:10
400,dpfi,24,atom_h,11,20260818:4515:400:2:24:1:11
400,dpfi,24,atom_v,11,20260818:4515:400:2:24:2:11
400,dpfi,24,atom_h,12,20260818:4515:400:2:24:1:12
400,dpfi,24,atom_v,12,20260818:4515:400:2:24:2:12
400,dpfi,24,atom_h,13,20260818:4515:400:2:24:1:13
400,dpfi,24,atom_v,13,20260818:4515:400:2:24:2:13
400,dpfi,24,atom_h,14,20260818:4515:400:2:24:1:14
400,dpfi,24,atom_v,14,20260818:4515:400:2:24:2:14
400,dpfi,24,atom_h,15,20260818:4515:400:2:24:1:15
400,dpfi,24,atom_v,15,20260818:4515:400:2:24:2:15
400,dpfi,25,blank_h,0,20260818:4515:400:2:25:3:0
400,dpfi,25,blank_v,0,20260818:4515:400:2:25:4:0
400,dpfi,25,dark_h,0,20260818:4515:400:2:25:5:0
400,dpfi,25,dark_v,0,20260818:4515:400:2:25:6:0
400,dpfi,25,atom_h,1,20260818:4515:400:2:25:1:1
400,dpfi,25,atom_v,1,20260818:4515:400:2:25:2:1
400,dpfi,25,atom_h,2,20260818:4515:400:2:25:1:2
400,dpfi,25,atom_v,2,20260818:4515:400:2:25:2:2
400,dpfi,25,atom_h,3,20260818:4515:400:2:25:1:3
400,dpfi,25,atom_v,3,20260818:4515:400:2:25:2:3
400,dpfi,25,atom_h,4,20260818:4515:400:2:25:1:4
400,dpfi,25,atom_v,4,20260818:4515:400:2:25:2:4
400,dpfi,25,atom_h,5,20260818:4515:400:2:25:1:5
400,dpfi,25,atom_v,5,20260818:4515:400:2:25:2:5
400,dpfi,25,atom_h,6,20260818:4515:400:2:25:1:6
400,dpfi,25,atom_v,6,20260818:4515:400:2:25:2:6
400,dpfi,25,atom_h,7,20260818:4515:400:2:25:1:7
400,dpfi,25,atom_v,7,20260818:4515:400:2:25:2:7
400,dpfi,25,atom_h,8,20260818:4515:400:2:25:1:8
400,dpfi,25,atom_v,8,20260818:4515:400:2:25:2:8
400,dpfi,25,atom_h,9,20260818:4515:400:2:25:1:9
400,dpfi,25,atom_v,9,20260818:4515:400:2:25:2:9
400,dpfi,25,atom_h,10,20260818:4515:400:2:25:1:10
400,dpfi,25,atom_v,10,20260818:4515:400:2:25:2:10
400,dpfi,25,atom_h,11,20260818:4515:400:2:25:1:11
400,dpfi,25,atom_v,11,20260818:4515:400:2:25:2:11
400,dpfi,25,atom_h,12,20260818:4515:400:2:25:1:12
400,dpfi,25,atom_v,12,20260818:4515:400:2:25:2:12
400,dpfi,25,atom_h,13,20260818:4515:400:2:25:1:13
400,dpfi,25,atom_v,13,20260818:4515:400:2:25:2:13
400,dpfi,25,atom_h,14,20260818:4515:400:2:25:1:14
400,dpfi,25,atom_v,14,20260818:4515:400:2:25:2:14
400,dpfi,25,atom_h,15,20260818:4515:400:2:25:1:15
400,dpfi,25,atom_v,15,20260818:4515:400:2:25:2:15
400,dpfi,26,blank_h,0,20260818:4515:400:2:26:3:0
400,dpfi,26,blank_v,0,20260818:4515:400:2:26:4:0
400,dpfi,26,dark_h,0,20260818:4515:400:2:26:5:0
400,dpfi,26,dark_v,0,20260818:4515:400:2:26:6:0
400,dpfi,26,atom_h,1,20260818:4515:400:2:26:1:1
400,dpfi,26,atom_v,1,20260818:4515:400:2:26:2:1
400,dpfi,26,atom_h,2,20260818:4515:400:2:26:1:2
400,dpfi,26,atom_v,2,20260818:4515:400:2:26:2:2
400,dpfi,26,atom_h,3,20260818:4515:400:2:26:1:3
400,dpfi,26,atom_v,3,20260818:4515:400:2:26:2:3
400,dpfi,26,atom_h,4,20260818:4515:400:2:26:1:4
400,dpfi,26,atom_v,4,20260818:4515:400:2:26:2:4
400,dpfi,26,atom_h,5,20260818:4515:400:2:26:1:5
400,dpfi,26,atom_v,5,20260818:4515:400:2:26:2:5
400,dpfi,26,atom_h,6,20260818:4515:400:2:26:1:6
400,dpfi,26,atom_v,6,20260818:4515:400:2:26:2:6
400,dpfi,26,atom_h,7,20260818:4515:400:2:26:1:7
400,dpfi,26,atom_v,7,20260818:4515:400:2:26:2:7
400,dpfi,26,atom_h,8,20260818:4515:400:2:26:1:8
400,dpfi,26,atom_v,8,20260818:4515:400:2:26:2:8
400,dpfi,26,atom_h,9,20260818:4515:400:2:26:1:9
400,dpfi,26,atom_v,9,20260818:4515:400:2:26:2:9
400,dpfi,26,atom_h,10,20260818:4515:400:2:26:1:10
400,dpfi,26,atom_v,10,20260818:4515:400:2:26:2:10
400,dpfi,26,atom_h,11,20260818:4515:400:2:26:1:11
400,dpfi,26,atom_v,11,20260818:4515:400:2:26:2:11
400,dpfi,26,atom_h,12,20260818:4515:400:2:26:1:12
400,dpfi,26,atom_v,12,20260818:4515:400:2:26:2:12
400,dpfi,26,atom_h,13,20260818:4515:400:2:26:1:13
400,dpfi,26,atom_v,13,20260818:4515:400:2:26:2:13
400,dpfi,26,atom_h,14,20260818:4515:400:2:26:1:14
400,dpfi,26,atom_v,14,20260818:4515:400:2:26:2:14
400,dpfi,26,atom_h,15,20260818:4515:400:2:26:1:15
400,dpfi,26,atom_v,15,20260818:4515:400:2:26:2:15
400,dpfi,27,blank_h,0,20260818:4515:400:2:27:3:0
400,dpfi,27,blank_v,0,20260818:4515:400:2:27:4:0
400,dpfi,27,dark_h,0,20260818:4515:400:2:27:5:0
400,dpfi,27,dark_v,0,20260818:4515:400:2:27:6:0
400,dpfi,27,atom_h,1,20260818:4515:400:2:27:1:1
400,dpfi,27,atom_v,1,20260818:4515:400:2:27:2:1
400,dpfi,27,atom_h,2,20260818:4515:400:2:27:1:2
400,dpfi,27,atom_v,2,20260818:4515:400:2:27:2:2
400,dpfi,27,atom_h,3,20260818:4515:400:2:27:1:3
400,dpfi,27,atom_v,3,20260818:4515:400:2:27:2:3
400,dpfi,27,atom_h,4,20260818:4515:400:2:27:1:4
400,dpfi,27,atom_v,4,20260818:4515:400:2:27:2:4
400,dpfi,27,atom_h,5,20260818:4515:400:2:27:1:5
400,dpfi,27,atom_v,5,20260818:4515:400:2:27:2:5
400,dpfi,27,atom_h,6,20260818:4515:400:2:27:1:6
400,dpfi,27,atom_v,6,20260818:4515:400:2:27:2:6
400,dpfi,27,atom_h,7,20260818:4515:400:2:27:1:7
400,dpfi,27,atom_v,7,20260818:4515:400:2:27:2:7
400,dpfi,27,atom_h,8,20260818:4515:400:2:27:1:8
400,dpfi,27,atom_v,8,20260818:4515:400:2:27:2:8
400,dpfi,27,atom_h,9,20260818:4515:400:2:27:1:9
400,dpfi,27,atom_v,9,20260818:4515:400:2:27:2:9
400,dpfi,27,atom_h,10,20260818:4515:400:2:27:1:10
400,dpfi,27,atom_v,10,20260818:4515:400:2:27:2:10
400,dpfi,27,atom_h,11,20260818:4515:400:2:27:1:11
400,dpfi,27,atom_v,11,20260818:4515:400:2:27:2:11
400,dpfi,27,atom_h,12,20260818:4515:400:2:27:1:12
400,dpfi,27,atom_v,12,20260818:4515:400:2:27:2:12
400,dpfi,27,atom_h,13,20260818:4515:400:2:27:1:13
400,dpfi,27,atom_v,13,20260818:4515:400:2:27:2:13
400,dpfi,27,atom_h,14,20260818:4515:400:2:27:1:14
400,dpfi,27,atom_v,14,20260818:4515:400:2:27:2:14
400,dpfi,27,atom_h,15,20260818:4515:400:2:27:1:15
400,dpfi,27,atom_v,15,20260818:4515:400:2:27:2:15
400,dpfi,28,blank_h,0,20260818:4515:400:2:28:3:0
400,dpfi,28,blank_v,0,20260818:4515:400:2:28:4:0
400,dpfi,28,dark_h,0,20260818:4515:400:2:28:5:0
400,dpfi,28,dark_v,0,20260818:4515:400:2:28:6:0
400,dpfi,28,atom_h,1,20260818:4515:400:2:28:1:1
400,dpfi,28,atom_v,1,20260818:4515:400:2:28:2:1
400,dpfi,28,atom_h,2,20260818:4515:400:2:28:1:2
400,dpfi,28,atom_v,2,20260818:4515:400:2:28:2:2
400,dpfi,28,atom_h,3,20260818:4515:400:2:28:1:3
400,dpfi,28,atom_v,3,20260818:4515:400:2:28:2:3
400,dpfi,28,atom_h,4,20260818:4515:400:2:28:1:4
400,dpfi,28,atom_v,4,20260818:4515:400:2:28:2:4
400,dpfi,28,atom_h,5,20260818:4515:400:2:28:1:5
400,dpfi,28,atom_v,5,20260818:4515:400:2:28:2:5
400,dpfi,28,atom_h,6,20260818:4515:400:2:28:1:6
400,dpfi,28,atom_v,6,20260818:4515:400:2:28:2:6
400,dpfi,28,atom_h,7,20260818:4515:400:2:28:1:7
400,dpfi,28,atom_v,7,20260818:4515:400:2:28:2:7
400,dpfi,28,atom_h,8,20260818:4515:400:2:28:1:8
400,dpfi,28,atom_v,8,20260818:4515:400:2:28:2:8
400,dpfi,28,atom_h,9,20260818:4515:400:2:28:1:9
400,dpfi,28,atom_v,9,20260818:4515:400:2:28:2:9
400,dpfi,28,atom_h,10,20260818:4515:400:2:28:1:10
400,dpfi,28,atom_v,10,20260818:4515:400:2:28:2:10
400,dpfi,28,atom_h,11,20260818:4515:400:2:28:1:11
400,dpfi,28,atom_v,11,20260818:4515:400:2:28:2:11
400,dpfi,28,atom_h,12,20260818:4515:400:2:28:1:12
400,dpfi,28,atom_v,12,20260818:4515:400:2:28:2:12
400,dpfi,28,atom_h,13,20260818:4515:400:2:28:1:13
400,dpfi,28,atom_v,13,20260818:4515:400:2:28:2:13
400,dpfi,28,atom_h,14,20260818:4515:400:2:28:1:14
400,dpfi,28,atom_v,14,20260818:4515:400:2:28:2:14
400,dpfi,28,atom_h,15,20260818:4515:400:2:28:1:15
400,dpfi,28,atom_v,15,20260818:4515:400:2:28:2:15
400,dpfi,29,blank_h,0,20260818:4515:400:2:29:3:0
400,dpfi,29,blank_v,0,20260818:4515:400:2:29:4:0
400,dpfi,29,dark_h,0,20260818:4515:400:2:29:5:0
400,dpfi,29,dark_v,0,20260818:4515:400:2:29:6:0
400,dpfi,29,atom_h,1,20260818:4515:400:2:29:1:1
400,dpfi,29,atom_v,1,20260818:4515:400:2:29:2:1
400,dpfi,29,atom_h,2,20260818:4515:400:2:29:1:2
400,dpfi,29,atom_v,2,20260818:4515:400:2:29:2:2
400,dpfi,29,atom_h,3,20260818:4515:400:2:29:1:3
400,dpfi,29,atom_v,3,20260818:4515:400:2:29:2:3
400,dpfi,29,atom_h,4,20260818:4515:400:2:29:1:4
400,dpfi,29,atom_v,4,20260818:4515:400:2:29:2:4
400,dpfi,29,atom_h,5,20260818:4515:400:2:29:1:5
400,dpfi,29,atom_v,5,20260818:4515:400:2:29:2:5
400,dpfi,29,atom_h,6,20260818:4515:400:2:29:1:6
400,dpfi,29,atom_v,6,20260818:4515:400:2:29:2:6
400,dpfi,29,atom_h,7,20260818:4515:400:2:29:1:7
400,dpfi,29,atom_v,7,20260818:4515:400:2:29:2:7
400,dpfi,29,atom_h,8,20260818:4515:400:2:29:1:8
400,dpfi,29,atom_v,8,20260818:4515:400:2:29:2:8
400,dpfi,29,atom_h,9,20260818:4515:400:2:29:1:9
400,dpfi,29,atom_v,9,20260818:4515:400:2:29:2:9
400,dpfi,29,atom_h,10,20260818:4515:400:2:29:1:10
400,dpfi,29,atom_v,10,20260818:4515:400:2:29:2:10
400,dpfi,29,atom_h,11,20260818:4515:400:2:29:1:11
400,dpfi,29,atom_v,11,20260818:4515:400:2:29:2:11
400,dpfi,29,atom_h,12,20260818:4515:400:2:29:1:12
400,dpfi,29,atom_v,12,20260818:4515:400:2:29:2:12
400,dpfi,29,atom_h,13,20260818:4515:400:2:29:1:13
400,dpfi,29,atom_v,13,20260818:4515:400:2:29:2:13
400,dpfi,29,atom_h,14,20260818:4515:400:2:29:1:14
400,dpfi,29,atom_v,14,20260818:4515:400:2:29:2:14
400,dpfi,29,atom_h,15,20260818:4515:400:2:29:1:15
400,dpfi,29,atom_v,15,20260818:4515:400:2:29:2:15
400,dpfi,30,blank_h,0,20260818:4515:400:2:30:3:0
400,dpfi,30,blank_v,0,20260818:4515:400:2:30:4:0
400,dpfi,30,dark_h,0,20260818:4515:400:2:30:5:0
400,dpfi,30,dark_v,0,20260818:4515:400:2:30:6:0
400,dpfi,30,atom_h,1,20260818:4515:400:2:30:1:1
400,dpfi,30,atom_v,1,20260818:4515:400:2:30:2:1
400,dpfi,30,atom_h,2,20260818:4515:400:2:30:1:2
400,dpfi,30,atom_v,2,20260818:4515:400:2:30:2:2
400,dpfi,30,atom_h,3,20260818:4515:400:2:30:1:3
400,dpfi,30,atom_v,3,20260818:4515:400:2:30:2:3
400,dpfi,30,atom_h,4,20260818:4515:400:2:30:1:4
400,dpfi,30,atom_v,4,20260818:4515:400:2:30:2:4
400,dpfi,30,atom_h,5,20260818:4515:400:2:30:1:5
400,dpfi,30,atom_v,5,20260818:4515:400:2:30:2:5
400,dpfi,30,atom_h,6,20260818:4515:400:2:30:1:6
400,dpfi,30,atom_v,6,20260818:4515:400:2:30:2:6
400,dpfi,30,atom_h,7,20260818:4515:400:2:30:1:7
400,dpfi,30,atom_v,7,20260818:4515:400:2:30:2:7
400,dpfi,30,atom_h,8,20260818:4515:400:2:30:1:8
400,dpfi,30,atom_v,8,20260818:4515:400:2:30:2:8
400,dpfi,30,atom_h,9,20260818:4515:400:2:30:1:9
400,dpfi,30,atom_v,9,20260818:4515:400:2:30:2:9
400,dpfi,30,atom_h,10,20260818:4515:400:2:30:1:10
400,dpfi,30,atom_v,10,20260818:4515:400:2:30:2:10
400,dpfi,30,atom_h,11,20260818:4515:400:2:30:1:11
400,dpfi,30,atom_v,11,20260818:4515:400:2:30:2:11
400,dpfi,30,atom_h,12,20260818:4515:400:2:30:1:12
400,dpfi,30,atom_v,12,20260818:4515:400:2:30:2:12
400,dpfi,30,atom_h,13,20260818:4515:400:2:30:1:13
400,dpfi,30,atom_v,13,20260818:4515:400:2:30:2:13
400,dpfi,30,atom_h,14,20260818:4515:400:2:30:1:14
400,dpfi,30,atom_v,14,20260818:4515:400:2:30:2:14
400,dpfi,30,atom_h,15,20260818:4515:400:2:30:1:15
400,dpfi,30,atom_v,15,20260818:4515:400:2:30:2:15
400,dpfi,31,blank_h,0,20260818:4515:400:2:31:3:0
400,dpfi,31,blank_v,0,20260818:4515:400:2:31:4:0
400,dpfi,31,dark_h,0,20260818:4515:400:2:31:5:0
400,dpfi,31,dark_v,0,20260818:4515:400:2:31:6:0
400,dpfi,31,atom_h,1,20260818:4515:400:2:31:1:1
400,dpfi,31,atom_v,1,20260818:4515:400:2:31:2:1
400,dpfi,31,atom_h,2,20260818:4515:400:2:31:1:2
400,dpfi,31,atom_v,2,20260818:4515:400:2:31:2:2
400,dpfi,31,atom_h,3,20260818:4515:400:2:31:1:3
400,dpfi,31,atom_v,3,20260818:4515:400:2:31:2:3
400,dpfi,31,atom_h,4,20260818:4515:400:2:31:1:4
400,dpfi,31,atom_v,4,20260818:4515:400:2:31:2:4
400,dpfi,31,atom_h,5,20260818:4515:400:2:31:1:5
400,dpfi,31,atom_v,5,20260818:4515:400:2:31:2:5
400,dpfi,31,atom_h,6,20260818:4515:400:2:31:1:6
400,dpfi,31,atom_v,6,20260818:4515:400:2:31:2:6
400,dpfi,31,atom_h,7,20260818:4515:400:2:31:1:7
400,dpfi,31,atom_v,7,20260818:4515:400:2:31:2:7
400,dpfi,31,atom_h,8,20260818:4515:400:2:31:1:8
400,dpfi,31,atom_v,8,20260818:4515:400:2:31:2:8
400,dpfi,31,atom_h,9,20260818:4515:400:2:31:1:9
400,dpfi,31,atom_v,9,20260818:4515:400:2:31:2:9
400,dpfi,31,atom_h,10,20260818:4515:400:2:31:1:10
400,dpfi,31,atom_v,10,20260818:4515:400:2:31:2:10
400,dpfi,31,atom_h,11,20260818:4515:400:2:31:1:11
400,dpfi,31,atom_v,11,20260818:4515:400:2:31:2:11
400,dpfi,31,atom_h,12,20260818:4515:400:2:31:1:12
400,dpfi,31,atom_v,12,20260818:4515:400:2:31:2:12
400,dpfi,31,atom_h,13,20260818:4515:400:2:31:1:13
400,dpfi,31,atom_v,13,20260818:4515:400:2:31:2:13
400,dpfi,31,atom_h,14,20260818:4515:400:2:31:1:14
400,dpfi,31,atom_v,14,20260818:4515:400:2:31:2:14
400,dpfi,31,atom_h,15,20260818:4515:400:2:31:1:15
400,dpfi,31,atom_v,15,20260818:4515:400:2:31:2:15
400,dpfi,32,blank_h,0,20260818:4515:400:2:32:3:0
400,dpfi,32,blank_v,0,20260818:4515:400:2:32:4:0
400,dpfi,32,dark_h,0,20260818:4515:400:2:32:5:0
400,dpfi,32,dark_v,0,20260818:4515:400:2:32:6:0
400,dpfi,32,atom_h,1,20260818:4515:400:2:32:1:1
400,dpfi,32,atom_v,1,20260818:4515:400:2:32:2:1
400,dpfi,32,atom_h,2,20260818:4515:400:2:32:1:2
400,dpfi,32,atom_v,2,20260818:4515:400:2:32:2:2
400,dpfi,32,atom_h,3,20260818:4515:400:2:32:1:3
400,dpfi,32,atom_v,3,20260818:4515:400:2:32:2:3
400,dpfi,32,atom_h,4,20260818:4515:400:2:32:1:4
400,dpfi,32,atom_v,4,20260818:4515:400:2:32:2:4
400,dpfi,32,atom_h,5,20260818:4515:400:2:32:1:5
400,dpfi,32,atom_v,5,20260818:4515:400:2:32:2:5
400,dpfi,32,atom_h,6,20260818:4515:400:2:32:1:6
400,dpfi,32,atom_v,6,20260818:4515:400:2:32:2:6
400,dpfi,32,atom_h,7,20260818:4515:400:2:32:1:7
400,dpfi,32,atom_v,7,20260818:4515:400:2:32:2:7
400,dpfi,32,atom_h,8,20260818:4515:400:2:32:1:8
400,dpfi,32,atom_v,8,20260818:4515:400:2:32:2:8
400,dpfi,32,atom_h,9,20260818:4515:400:2:32:1:9
400,dpfi,32,atom_v,9,20260818:4515:400:2:32:2:9
400,dpfi,32,atom_h,10,20260818:4515:400:2:32:1:10
400,dpfi,32,atom_v,10,20260818:4515:400:2:32:2:10
400,dpfi,32,atom_h,11,20260818:4515:400:2:32:1:11
400,dpfi,32,atom_v,11,20260818:4515:400:2:32:2:11
400,dpfi,32,atom_h,12,20260818:4515:400:2:32:1:12
400,dpfi,32,atom_v,12,20260818:4515:400:2:32:2:12
400,dpfi,32,atom_h,13,20260818:4515:400:2:32:1:13
400,dpfi,32,atom_v,13,20260818:4515:400:2:32:2:13
400,dpfi,32,atom_h,14,20260818:4515:400:2:32:1:14
400,dpfi,32,atom_v,14,20260818:4515:400:2:32:2:14
400,dpfi,32,atom_h,15,20260818:4515:400:2:32:1:15
400,dpfi,32,atom_v,15,20260818:4515:400:2:32:2:15
400,dpfi,33,blank_h,0,20260818:4515:400:2:33:3:0
400,dpfi,33,blank_v,0,20260818:4515:400:2:33:4:0
400,dpfi,33,dark_h,0,20260818:4515:400:2:33:5:0
400,dpfi,33,dark_v,0,20260818:4515:400:2:33:6:0
400,dpfi,33,atom_h,1,20260818:4515:400:2:33:1:1
400,dpfi,33,atom_v,1,20260818:4515:400:2:33:2:1
400,dpfi,33,atom_h,2,20260818:4515:400:2:33:1:2
400,dpfi,33,atom_v,2,20260818:4515:400:2:33:2:2
400,dpfi,33,atom_h,3,20260818:4515:400:2:33:1:3
400,dpfi,33,atom_v,3,20260818:4515:400:2:33:2:3
400,dpfi,33,atom_h,4,20260818:4515:400:2:33:1:4
400,dpfi,33,atom_v,4,20260818:4515:400:2:33:2:4
400,dpfi,33,atom_h,5,20260818:4515:400:2:33:1:5
400,dpfi,33,atom_v,5,20260818:4515:400:2:33:2:5
400,dpfi,33,atom_h,6,20260818:4515:400:2:33:1:6
400,dpfi,33,atom_v,6,20260818:4515:400:2:33:2:6
400,dpfi,33,atom_h,7,20260818:4515:400:2:33:1:7
400,dpfi,33,atom_v,7,20260818:4515:400:2:33:2:7
400,dpfi,33,atom_h,8,20260818:4515:400:2:33:1:8
400,dpfi,33,atom_v,8,20260818:4515:400:2:33:2:8
400,dpfi,33,atom_h,9,20260818:4515:400:2:33:1:9
400,dpfi,33,atom_v,9,20260818:4515:400:2:33:2:9
400,dpfi,33,atom_h,10,20260818:4515:400:2:33:1:10
400,dpfi,33,atom_v,10,20260818:4515:400:2:33:2:10
400,dpfi,33,atom_h,11,20260818:4515:400:2:33:1:11
400,dpfi,33,atom_v,11,20260818:4515:400:2:33:2:11
400,dpfi,33,atom_h,12,20260818:4515:400:2:33:1:12
400,dpfi,33,atom_v,12,20260818:4515:400:2:33:2:12
400,dpfi,33,atom_h,13,20260818:4515:400:2:33:1:13
400,dpfi,33,atom_v,13,20260818:4515:400:2:33:2:13
400,dpfi,33,atom_h,14,20260818:4515:400:2:33:1:14
400,dpfi,33,atom_v,14,20260818:4515:400:2:33:2:14
400,dpfi,33,atom_h,15,20260818:4515:400:2:33:1:15
400,dpfi,33,atom_v,15,20260818:4515:400:2:33:2:15
400,dpfi,34,blank_h,0,20260818:4515:400:2:34:3:0
400,dpfi,34,blank_v,0,20260818:4515:400:2:34:4:0
400,dpfi,34,dark_h,0,20260818:4515:400:2:34:5:0
400,dpfi,34,dark_v,0,20260818:4515:400:2:34:6:0
400,dpfi,34,atom_h,1,20260818:4515:400:2:34:1:1
400,dpfi,34,atom_v,1,20260818:4515:400:2:34:2:1
400,dpfi,34,atom_h,2,20260818:4515:400:2:34:1:2
400,dpfi,34,atom_v,2,20260818:4515:400:2:34:2:2
400,dpfi,34,atom_h,3,20260818:4515:400:2:34:1:3
400,dpfi,34,atom_v,3,20260818:4515:400:2:34:2:3
400,dpfi,34,atom_h,4,20260818:4515:400:2:34:1:4
400,dpfi,34,atom_v,4,20260818:4515:400:2:34:2:4
400,dpfi,34,atom_h,5,20260818:4515:400:2:34:1:5
400,dpfi,34,atom_v,5,20260818:4515:400:2:34:2:5
400,dpfi,34,atom_h,6,20260818:4515:400:2:34:1:6
400,dpfi,34,atom_v,6,20260818:4515:400:2:34:2:6
400,dpfi,34,atom_h,7,20260818:4515:400:2:34:1:7
400,dpfi,34,atom_v,7,20260818:4515:400:2:34:2:7
400,dpfi,34,atom_h,8,20260818:4515:400:2:34:1:8
400,dpfi,34,atom_v,8,20260818:4515:400:2:34:2:8
400,dpfi,34,atom_h,9,20260818:4515:400:2:34:1:9
400,dpfi,34,atom_v,9,20260818:4515:400:2:34:2:9
400,dpfi,34,atom_h,10,20260818:4515:400:2:34:1:10
400,dpfi,34,atom_v,10,20260818:4515:400:2:34:2:10
400,dpfi,34,atom_h,11,20260818:4515:400:2:34:1:11
400,dpfi,34,atom_v,11,20260818:4515:400:2:34:2:11
400,dpfi,34,atom_h,12,20260818:4515:400:2:34:1:12
400,dpfi,34,atom_v,12,20260818:4515:400:2:34:2:12
400,dpfi,34,atom_h,13,20260818:4515:400:2:34:1:13
400,dpfi,34,atom_v,13,20260818:4515:400:2:34:2:13
400,dpfi,34,atom_h,14,20260818:4515:400:2:34:1:14
400,dpfi,34,atom_v,14,20260818:4515:400:2:34:2:14
400,dpfi,34,atom_h,15,20260818:4515:400:2:34:1:15
400,dpfi,34,atom_v,15,20260818:4515:400:2:34:2:15
400,dpfi,35,blank_h,0,20260818:4515:400:2:35:3:0
400,dpfi,35,blank_v,0,20260818:4515:400:2:35:4:0
400,dpfi,35,dark_h,0,20260818:4515:400:2:35:5:0
400,dpfi,35,dark_v,0,20260818:4515:400:2:35:6:0
400,dpfi,35,atom_h,1,20260818:4515:400:2:35:1:1
400,dpfi,35,atom_v,1,20260818:4515:400:2:35:2:1
400,dpfi,35,atom_h,2,20260818:4515:400:2:35:1:2
400,dpfi,35,atom_v,2,20260818:4515:400:2:35:2:2
400,dpfi,35,atom_h,3,20260818:4515:400:2:35:1:3
400,dpfi,35,atom_v,3,20260818:4515:400:2:35:2:3
400,dpfi,35,atom_h,4,20260818:4515:400:2:35:1:4
400,dpfi,35,atom_v,4,20260818:4515:400:2:35:2:4
400,dpfi,35,atom_h,5,20260818:4515:400:2:35:1:5
400,dpfi,35,atom_v,5,20260818:4515:400:2:35:2:5
400,dpfi,35,atom_h,6,20260818:4515:400:2:35:1:6
400,dpfi,35,atom_v,6,20260818:4515:400:2:35:2:6
400,dpfi,35,atom_h,7,20260818:4515:400:2:35:1:7
400,dpfi,35,atom_v,7,20260818:4515:400:2:35:2:7
400,dpfi,35,atom_h,8,20260818:4515:400:2:35:1:8
400,dpfi,35,atom_v,8,20260818:4515:400:2:35:2:8
400,dpfi,35,atom_h,9,20260818:4515:400:2:35:1:9
400,dpfi,35,atom_v,9,20260818:4515:400:2:35:2:9
400,dpfi,35,atom_h,10,20260818:4515:400:2:35:1:10
400,dpfi,35,atom_v,10,20260818:4515:400:2:35:2:10
400,dpfi,35,atom_h,11,20260818:4515:400:2:35:1:11
400,dpfi,35,atom_v,11,20260818:4515:400:2:35:2:11
400,dpfi,35,atom_h,12,20260818:4515:400:2:35:1:12
400,dpfi,35,atom_v,12,20260818:4515:400:2:35:2:12
400,dpfi,35,atom_h,13,20260818:4515:400:2:35:1:13
400,dpfi,35,atom_v,13,20260818:4515:400:2:35:2:13
400,dpfi,35,atom_h,14,20260818:4515:400:2:35:1:14
400,dpfi,35,atom_v,14,20260818:4515:400:2:35:2:14
400,dpfi,35,atom_h,15,20260818:4515:400:2:35:1:15
400,dpfi,35,atom_v,15,20260818:4515:400:2:35:2:15
400,dpfi,36,blank_h,0,20260818:4515:400:2:36:3:0
400,dpfi,36,blank_v,0,20260818:4515:400:2:36:4:0
400,dpfi,36,dark_h,0,20260818:4515:400:2:36:5:0
400,dpfi,36,dark_v,0,20260818:4515:400:2:36:6:0
400,dpfi,36,atom_h,1,20260818:4515:400:2:36:1:1
400,dpfi,36,atom_v,1,20260818:4515:400:2:36:2:1
400,dpfi,36,atom_h,2,20260818:4515:400:2:36:1:2
400,dpfi,36,atom_v,2,20260818:4515:400:2:36:2:2
400,dpfi,36,atom_h,3,20260818:4515:400:2:36:1:3
400,dpfi,36,atom_v,3,20260818:4515:400:2:36:2:3
400,dpfi,36,atom_h,4,20260818:4515:400:2:36:1:4
400,dpfi,36,atom_v,4,20260818:4515:400:2:36:2:4
400,dpfi,36,atom_h,5,20260818:4515:400:2:36:1:5
400,dpfi,36,atom_v,5,20260818:4515:400:2:36:2:5
400,dpfi,36,atom_h,6,20260818:4515:400:2:36:1:6
400,dpfi,36,atom_v,6,20260818:4515:400:2:36:2:6
400,dpfi,36,atom_h,7,20260818:4515:400:2:36:1:7
400,dpfi,36,atom_v,7,20260818:4515:400:2:36:2:7
400,dpfi,36,atom_h,8,20260818:4515:400:2:36:1:8
400,dpfi,36,atom_v,8,20260818:4515:400:2:36:2:8
400,dpfi,36,atom_h,9,20260818:4515:400:2:36:1:9
400,dpfi,36,atom_v,9,20260818:4515:400:2:36:2:9
400,dpfi,36,atom_h,10,20260818:4515:400:2:36:1:10
400,dpfi,36,atom_v,10,20260818:4515:400:2:36:2:10
400,dpfi,36,atom_h,11,20260818:4515:400:2:36:1:11
400,dpfi,36,atom_v,11,20260818:4515:400:2:36:2:11
400,dpfi,36,atom_h,12,20260818:4515:400:2:36:1:12
400,dpfi,36,atom_v,12,20260818:4515:400:2:36:2:12
400,dpfi,36,atom_h,13,20260818:4515:400:2:36:1:13
400,dpfi,36,atom_v,13,20260818:4515:400:2:36:2:13
400,dpfi,36,atom_h,14,20260818:4515:400:2:36:1:14
400,dpfi,36,atom_v,14,20260818:4515:400:2:36:2:14
400,dpfi,36,atom_h,15,20260818:4515:400:2:36:1:15
400,dpfi,36,atom_v,15,20260818:4515:400:2:36:2:15
400,dpfi,37,blank_h,0,20260818:4515:400:2:37:3:0
400,dpfi,37,blank_v,0,20260818:4515:400:2:37:4:0
400,dpfi,37,dark_h,0,20260818:4515:400:2:37:5:0
400,dpfi,37,dark_v,0,20260818:4515:400:2:37:6:0
400,dpfi,37,atom_h,1,20260818:4515:400:2:37:1:1
400,dpfi,37,atom_v,1,20260818:4515:400:2:37:2:1
400,dpfi,37,atom_h,2,20260818:4515:400:2:37:1:2
400,dpfi,37,atom_v,2,20260818:4515:400:2:37:2:2
400,dpfi,37,atom_h,3,20260818:4515:400:2:37:1:3
400,dpfi,37,atom_v,3,20260818:4515:400:2:37:2:3
400,dpfi,37,atom_h,4,20260818:4515:400:2:37:1:4
400,dpfi,37,atom_v,4,20260818:4515:400:2:37:2:4
400,dpfi,37,atom_h,5,20260818:4515:400:2:37:1:5
400,dpfi,37,atom_v,5,20260818:4515:400:2:37:2:5
400,dpfi,37,atom_h,6,20260818:4515:400:2:37:1:6
400,dpfi,37,atom_v,6,20260818:4515:400:2:37:2:6
400,dpfi,37,atom_h,7,20260818:4515:400:2:37:1:7
400,dpfi,37,atom_v,7,20260818:4515:400:2:37:2:7
400,dpfi,37,atom_h,8,20260818:4515:400:2:37:1:8
400,dpfi,37,atom_v,8,20260818:4515:400:2:37:2:8
400,dpfi,37,atom_h,9,20260818:4515:400:2:37:1:9
400,dpfi,37,atom_v,9,20260818:4515:400:2:37:2:9
400,dpfi,37,atom_h,10,20260818:4515:400:2:37:1:10
400,dpfi,37,atom_v,10,20260818:4515:400:2:37:2:10
400,dpfi,37,atom_h,11,20260818:4515:400:2:37:1:11
400,dpfi,37,atom_v,11,20260818:4515:400:2:37:2:11
400,dpfi,37,atom_h,12,20260818:4515:400:2:37:1:12
400,dpfi,37,atom_v,12,20260818:4515:400:2:37:2:12
400,dpfi,37,atom_h,13,20260818:4515:400:2:37:1:13
400,dpfi,37,atom_v,13,20260818:4515:400:2:37:2:13
400,dpfi,37,atom_h,14,20260818:4515:400:2:37:1:14
400,dpfi,37,atom_v,14,20260818:4515:400:2:37:2:14
400,dpfi,37,atom_h,15,20260818:4515:400:2:37:1:15
400,dpfi,37,atom_v,15,20260818:4515:400:2:37:2:15
400,dpfi,38,blank_h,0,20260818:4515:400:2:38:3:0
400,dpfi,38,blank_v,0,20260818:4515:400:2:38:4:0
400,dpfi,38,dark_h,0,20260818:4515:400:2:38:5:0
400,dpfi,38,dark_v,0,20260818:4515:400:2:38:6:0
400,dpfi,38,atom_h,1,20260818:4515:400:2:38:1:1
400,dpfi,38,atom_v,1,20260818:4515:400:2:38:2:1
400,dpfi,38,atom_h,2,20260818:4515:400:2:38:1:2
400,dpfi,38,atom_v,2,20260818:4515:400:2:38:2:2
400,dpfi,38,atom_h,3,20260818:4515:400:2:38:1:3
400,dpfi,38,atom_v,3,20260818:4515:400:2:38:2:3
400,dpfi,38,atom_h,4,20260818:4515:400:2:38:1:4
400,dpfi,38,atom_v,4,20260818:4515:400:2:38:2:4
400,dpfi,38,atom_h,5,20260818:4515:400:2:38:1:5
400,dpfi,38,atom_v,5,20260818:4515:400:2:38:2:5
400,dpfi,38,atom_h,6,20260818:4515:400:2:38:1:6
400,dpfi,38,atom_v,6,20260818:4515:400:2:38:2:6
400,dpfi,38,atom_h,7,20260818:4515:400:2:38:1:7
400,dpfi,38,atom_v,7,20260818:4515:400:2:38:2:7
400,dpfi,38,atom_h,8,20260818:4515:400:2:38:1:8
400,dpfi,38,atom_v,8,20260818:4515:400:2:38:2:8
400,dpfi,38,atom_h,9,20260818:4515:400:2:38:1:9
400,dpfi,38,atom_v,9,20260818:4515:400:2:38:2:9
400,dpfi,38,atom_h,10,20260818:4515:400:2:38:1:10
400,dpfi,38,atom_v,10,20260818:4515:400:2:38:2:10
400,dpfi,38,atom_h,11,20260818:4515:400:2:38:1:11
400,dpfi,38,atom_v,11,20260818:4515:400:2:38:2:11
400,dpfi,38,atom_h,12,20260818:4515:400:2:38:1:12
400,dpfi,38,atom_v,12,20260818:4515:400:2:38:2:12
400,dpfi,38,atom_h,13,20260818:4515:400:2:38:1:13
400,dpfi,38,atom_v,13,20260818:4515:400:2:38:2:13
400,dpfi,38,atom_h,14,20260818:4515:400:2:38:1:14
400,dpfi,38,atom_v,14,20260818:4515:400:2:38:2:14
400,dpfi,38,atom_h,15,20260818:4515:400:2:38:1:15
400,dpfi,38,atom_v,15,20260818:4515:400:2:38:2:15
400,dpfi,39,blank_h,0,20260818:4515:400:2:39:3:0
400,dpfi,39,blank_v,0,20260818:4515:400:2:39:4:0
400,dpfi,39,dark_h,0,20260818:4515:400:2:39:5:0
400,dpfi,39,dark_v,0,20260818:4515:400:2:39:6:0
400,dpfi,39,atom_h,1,20260818:4515:400:2:39:1:1
400,dpfi,39,atom_v,1,20260818:4515:400:2:39:2:1
400,dpfi,39,atom_h,2,20260818:4515:400:2:39:1:2
400,dpfi,39,atom_v,2,20260818:4515:400:2:39:2:2
400,dpfi,39,atom_h,3,20260818:4515:400:2:39:1:3
400,dpfi,39,atom_v,3,20260818:4515:400:2:39:2:3
400,dpfi,39,atom_h,4,20260818:4515:400:2:39:1:4
400,dpfi,39,atom_v,4,20260818:4515:400:2:39:2:4
400,dpfi,39,atom_h,5,20260818:4515:400:2:39:1:5
400,dpfi,39,atom_v,5,20260818:4515:400:2:39:2:5
400,dpfi,39,atom_h,6,20260818:4515:400:2:39:1:6
400,dpfi,39,atom_v,6,20260818:4515:400:2:39:2:6
400,dpfi,39,atom_h,7,20260818:4515:400:2:39:1:7
400,dpfi,39,atom_v,7,20260818:4515:400:2:39:2:7
400,dpfi,39,atom_h,8,20260818:4515:400:2:39:1:8
400,dpfi,39,atom_v,8,20260818:4515:400:2:39:2:8
400,dpfi,39,atom_h,9,20260818:4515:400:2:39:1:9
400,dpfi,39,atom_v,9,20260818:4515:400:2:39:2:9
400,dpfi,39,atom_h,10,20260818:4515:400:2:39:1:10
400,dpfi,39,atom_v,10,20260818:4515:400:2:39:2:10
400,dpfi,39,atom_h,11,20260818:4515:400:2:39:1:11
400,dpfi,39,atom_v,11,20260818:4515:400:2:39:2:11
400,dpfi,39,atom_h,12,20260818:4515:400:2:39:1:12
400,dpfi,39,atom_v,12,20260818:4515:400:2:39:2:12
400,dpfi,39,atom_h,13,20260818:4515:400:2:39:1:13
400,dpfi,39,atom_v,13,20260818:4515:400:2:39:2:13
400,dpfi,39,atom_h,14,20260818:4515:400:2:39:1:14
400,dpfi,39,atom_v,14,20260818:4515:400:2:39:2:14
400,dpfi,39,atom_h,15,20260818:4515:400:2:39:1:15
400,dpfi,39,atom_v,15,20260818:4515:400:2:39:2:15
400,dpfi,40,blank_h,0,20260818:4515:400:2:40:3:0
400,dpfi,40,blank_v,0,20260818:4515:400:2:40:4:0
400,dpfi,40,dark_h,0,20260818:4515:400:2:40:5:0
400,dpfi,40,dark_v,0,20260818:4515:400:2:40:6:0
400,dpfi,40,atom_h,1,20260818:4515:400:2:40:1:1
400,dpfi,40,atom_v,1,20260818:4515:400:2:40:2:1
400,dpfi,40,atom_h,2,20260818:4515:400:2:40:1:2
400,dpfi,40,atom_v,2,20260818:4515:400:2:40:2:2
400,dpfi,40,atom_h,3,20260818:4515:400:2:40:1:3
400,dpfi,40,atom_v,3,20260818:4515:400:2:40:2:3
400,dpfi,40,atom_h,4,20260818:4515:400:2:40:1:4
400,dpfi,40,atom_v,4,20260818:4515:400:2:40:2:4
400,dpfi,40,atom_h,5,20260818:4515:400:2:40:1:5
400,dpfi,40,atom_v,5,20260818:4515:400:2:40:2:5
400,dpfi,40,atom_h,6,20260818:4515:400:2:40:1:6
400,dpfi,40,atom_v,6,20260818:4515:400:2:40:2:6
400,dpfi,40,atom_h,7,20260818:4515:400:2:40:1:7
400,dpfi,40,atom_v,7,20260818:4515:400:2:40:2:7
400,dpfi,40,atom_h,8,20260818:4515:400:2:40:1:8
400,dpfi,40,atom_v,8,20260818:4515:400:2:40:2:8
400,dpfi,40,atom_h,9,20260818:4515:400:2:40:1:9
400,dpfi,40,atom_v,9,20260818:4515:400:2:40:2:9
400,dpfi,40,atom_h,10,20260818:4515:400:2:40:1:10
400,dpfi,40,atom_v,10,20260818:4515:400:2:40:2:10
400,dpfi,40,atom_h,11,20260818:4515:400:2:40:1:11
400,dpfi,40,atom_v,11,20260818:4515:400:2:40:2:11
400,dpfi,40,atom_h,12,20260818:4515:400:2:40:1:12
400,dpfi,40,atom_v,12,20260818:4515:400:2:40:2:12
400,dpfi,40,atom_h,13,20260818:4515:400:2:40:1:13
400,dpfi,40,atom_v,13,20260818:4515:400:2:40:2:13
400,dpfi,40,atom_h,14,20260818:4515:400:2:40:1:14
400,dpfi,40,atom_v,14,20260818:4515:400:2:40:2:14
400,dpfi,40,atom_h,15,20260818:4515:400:2:40:1:15
400,dpfi,40,atom_v,15,20260818:4515:400:2:40:2:15
400,dpfi,41,blank_h,0,20260818:4515:400:2:41:3:0
400,dpfi,41,blank_v,0,20260818:4515:400:2:41:4:0
400,dpfi,41,dark_h,0,20260818:4515:400:2:41:5:0
400,dpfi,41,dark_v,0,20260818:4515:400:2:41:6:0
400,dpfi,41,atom_h,1,20260818:4515:400:2:41:1:1
400,dpfi,41,atom_v,1,20260818:4515:400:2:41:2:1
400,dpfi,41,atom_h,2,20260818:4515:400:2:41:1:2
400,dpfi,41,atom_v,2,20260818:4515:400:2:41:2:2
400,dpfi,41,atom_h,3,20260818:4515:400:2:41:1:3
400,dpfi,41,atom_v,3,20260818:4515:400:2:41:2:3
400,dpfi,41,atom_h,4,20260818:4515:400:2:41:1:4
400,dpfi,41,atom_v,4,20260818:4515:400:2:41:2:4
400,dpfi,41,atom_h,5,20260818:4515:400:2:41:1:5
400,dpfi,41,atom_v,5,20260818:4515:400:2:41:2:5
400,dpfi,41,atom_h,6,20260818:4515:400:2:41:1:6
400,dpfi,41,atom_v,6,20260818:4515:400:2:41:2:6
400,dpfi,41,atom_h,7,20260818:4515:400:2:41:1:7
400,dpfi,41,atom_v,7,20260818:4515:400:2:41:2:7
400,dpfi,41,atom_h,8,20260818:4515:400:2:41:1:8
400,dpfi,41,atom_v,8,20260818:4515:400:2:41:2:8
400,dpfi,41,atom_h,9,20260818:4515:400:2:41:1:9
400,dpfi,41,atom_v,9,20260818:4515:400:2:41:2:9
400,dpfi,41,atom_h,10,20260818:4515:400:2:41:1:10
400,dpfi,41,atom_v,10,20260818:4515:400:2:41:2:10
400,dpfi,41,atom_h,11,20260818:4515:400:2:41:1:11
400,dpfi,41,atom_v,11,20260818:4515:400:2:41:2:11
400,dpfi,41,atom_h,12,20260818:4515:400:2:41:1:12
400,dpfi,41,atom_v,12,20260818:4515:400:2:41:2:12
400,dpfi,41,atom_h,13,20260818:4515:400:2:41:1:13
400,dpfi,41,atom_v,13,20260818:4515:400:2:41:2:13
400,dpfi,41,atom_h,14,20260818:4515:400:2:41:1:14
400,dpfi,41,atom_v,14,20260818:4515:400:2:41:2:14
400,dpfi,41,atom_h,15,20260818:4515:400:2:41:1:15
400,dpfi,41,atom_v,15,20260818:4515:400:2:41:2:15
400,dpfi,42,blank_h,0,20260818:4515:400:2:42:3:0
400,dpfi,42,blank_v,0,20260818:4515:400:2:42:4:0
400,dpfi,42,dark_h,0,20260818:4515:400:2:42:5:0
400,dpfi,42,dark_v,0,20260818:4515:400:2:42:6:0
400,dpfi,42,atom_h,1,20260818:4515:400:2:42:1:1
400,dpfi,42,atom_v,1,20260818:4515:400:2:42:2:1
400,dpfi,42,atom_h,2,20260818:4515:400:2:42:1:2
400,dpfi,42,atom_v,2,20260818:4515:400:2:42:2:2
400,dpfi,42,atom_h,3,20260818:4515:400:2:42:1:3
400,dpfi,42,atom_v,3,20260818:4515:400:2:42:2:3
400,dpfi,42,atom_h,4,20260818:4515:400:2:42:1:4
400,dpfi,42,atom_v,4,20260818:4515:400:2:42:2:4
400,dpfi,42,atom_h,5,20260818:4515:400:2:42:1:5
400,dpfi,42,atom_v,5,20260818:4515:400:2:42:2:5
400,dpfi,42,atom_h,6,20260818:4515:400:2:42:1:6
400,dpfi,42,atom_v,6,20260818:4515:400:2:42:2:6
400,dpfi,42,atom_h,7,20260818:4515:400:2:42:1:7
400,dpfi,42,atom_v,7,20260818:4515:400:2:42:2:7
400,dpfi,42,atom_h,8,20260818:4515:400:2:42:1:8
400,dpfi,42,atom_v,8,20260818:4515:400:2:42:2:8
400,dpfi,42,atom_h,9,20260818:4515:400:2:42:1:9
400,dpfi,42,atom_v,9,20260818:4515:400:2:42:2:9
400,dpfi,42,atom_h,10,20260818:4515:400:2:42:1:10
400,dpfi,42,atom_v,10,20260818:4515:400:2:42:2:10
400,dpfi,42,atom_h,11,20260818:4515:400:2:42:1:11
400,dpfi,42,atom_v,11,20260818:4515:400:2:42:2:11
400,dpfi,42,atom_h,12,20260818:4515:400:2:42:1:12
400,dpfi,42,atom_v,12,20260818:4515:400:2:42:2:12
400,dpfi,42,atom_h,13,20260818:4515:400:2:42:1:13
400,dpfi,42,atom_v,13,20260818:4515:400:2:42:2:13
400,dpfi,42,atom_h,14,20260818:4515:400:2:42:1:14
400,dpfi,42,atom_v,14,20260818:4515:400:2:42:2:14
400,dpfi,42,atom_h,15,20260818:4515:400:2:42:1:15
400,dpfi,42,atom_v,15,20260818:4515:400:2:42:2:15
400,dpfi,43,blank_h,0,20260818:4515:400:2:43:3:0
400,dpfi,43,blank_v,0,20260818:4515:400:2:43:4:0
400,dpfi,43,dark_h,0,20260818:4515:400:2:43:5:0
400,dpfi,43,dark_v,0,20260818:4515:400:2:43:6:0
400,dpfi,43,atom_h,1,20260818:4515:400:2:43:1:1
400,dpfi,43,atom_v,1,20260818:4515:400:2:43:2:1
400,dpfi,43,atom_h,2,20260818:4515:400:2:43:1:2
400,dpfi,43,atom_v,2,20260818:4515:400:2:43:2:2
400,dpfi,43,atom_h,3,20260818:4515:400:2:43:1:3
400,dpfi,43,atom_v,3,20260818:4515:400:2:43:2:3
400,dpfi,43,atom_h,4,20260818:4515:400:2:43:1:4
400,dpfi,43,atom_v,4,20260818:4515:400:2:43:2:4
400,dpfi,43,atom_h,5,20260818:4515:400:2:43:1:5
400,dpfi,43,atom_v,5,20260818:4515:400:2:43:2:5
400,dpfi,43,atom_h,6,20260818:4515:400:2:43:1:6
400,dpfi,43,atom_v,6,20260818:4515:400:2:43:2:6
400,dpfi,43,atom_h,7,20260818:4515:400:2:43:1:7
400,dpfi,43,atom_v,7,20260818:4515:400:2:43:2:7
400,dpfi,43,atom_h,8,20260818:4515:400:2:43:1:8
400,dpfi,43,atom_v,8,20260818:4515:400:2:43:2:8
400,dpfi,43,atom_h,9,20260818:4515:400:2:43:1:9
400,dpfi,43,atom_v,9,20260818:4515:400:2:43:2:9
400,dpfi,43,atom_h,10,20260818:4515:400:2:43:1:10
400,dpfi,43,atom_v,10,20260818:4515:400:2:43:2:10
400,dpfi,43,atom_h,11,20260818:4515:400:2:43:1:11
400,dpfi,43,atom_v,11,20260818:4515:400:2:43:2:11
400,dpfi,43,atom_h,12,20260818:4515:400:2:43:1:12
400,dpfi,43,atom_v,12,20260818:4515:400:2:43:2:12
400,dpfi,43,atom_h,13,20260818:4515:400:2:43:1:13
400,dpfi,43,atom_v,13,20260818:4515:400:2:43:2:13
400,dpfi,43,atom_h,14,20260818:4515:400:2:43:1:14
400,dpfi,43,atom_v,14,20260818:4515:400:2:43:2:14
400,dpfi,43,atom_h,15,20260818:4515:400:2:43:1:15
400,dpfi,43,atom_v,15,20260818:4515:400:2:43:2:15
400,dpfi,44,blank_h,0,20260818:4515:400:2:44:3:0
400,dpfi,44,blank_v,0,20260818:4515:400:2:44:4:0
400,dpfi,44,dark_h,0,20260818:4515:400:2:44:5:0
400,dpfi,44,dark_v,0,20260818:4515:400:2:44:6:0
400,dpfi,44,atom_h,1,20260818:4515:400:2:44:1:1
400,dpfi,44,atom_v,1,20260818:4515:400:2:44:2:1
400,dpfi,44,atom_h,2,20260818:4515:400:2:44:1:2
400,dpfi,44,atom_v,2,20260818:4515:400:2:44:2:2
400,dpfi,44,atom_h,3,20260818:4515:400:2:44:1:3
400,dpfi,44,atom_v,3,20260818:4515:400:2:44:2:3
400,dpfi,44,atom_h,4,20260818:4515:400:2:44:1:4
400,dpfi,44,atom_v,4,20260818:4515:400:2:44:2:4
400,dpfi,44,atom_h,5,20260818:4515:400:2:44:1:5
400,dpfi,44,atom_v,5,20260818:4515:400:2:44:2:5
400,dpfi,44,atom_h,6,20260818:4515:400:2:44:1:6
400,dpfi,44,atom_v,6,20260818:4515:400:2:44:2:6
400,dpfi,44,atom_h,7,20260818:4515:400:2:44:1:7
400,dpfi,44,atom_v,7,20260818:4515:400:2:44:2:7
400,dpfi,44,atom_h,8,20260818:4515:400:2:44:1:8
400,dpfi,44,atom_v,8,20260818:4515:400:2:44:2:8
400,dpfi,44,atom_h,9,20260818:4515:400:2:44:1:9
400,dpfi,44,atom_v,9,20260818:4515:400:2:44:2:9
400,dpfi,44,atom_h,10,20260818:4515:400:2:44:1:10
400,dpfi,44,atom_v,10,20260818:4515:400:2:44:2:10
400,dpfi,44,atom_h,11,20260818:4515:400:2:44:1:11
400,dpfi,44,atom_v,11,20260818:4515:400:2:44:2:11
400,dpfi,44,atom_h,12,20260818:4515:400:2:44:1:12
400,dpfi,44,atom_v,12,20260818:4515:400:2:44:2:12
400,dpfi,44,atom_h,13,20260818:4515:400:2:44:1:13
400,dpfi,44,atom_v,13,20260818:4515:400:2:44:2:13
400,dpfi,44,atom_h,14,20260818:4515:400:2:44:1:14
400,dpfi,44,atom_v,14,20260818:4515:400:2:44:2:14
400,dpfi,44,atom_h,15,20260818:4515:400:2:44:1:15
400,dpfi,44,atom_v,15,20260818:4515:400:2:44:2:15
400,dpfi,45,blank_h,0,20260818:4515:400:2:45:3:0
400,dpfi,45,blank_v,0,20260818:4515:400:2:45:4:0
400,dpfi,45,dark_h,0,20260818:4515:400:2:45:5:0
400,dpfi,45,dark_v,0,20260818:4515:400:2:45:6:0
400,dpfi,45,atom_h,1,20260818:4515:400:2:45:1:1
400,dpfi,45,atom_v,1,20260818:4515:400:2:45:2:1
400,dpfi,45,atom_h,2,20260818:4515:400:2:45:1:2
400,dpfi,45,atom_v,2,20260818:4515:400:2:45:2:2
400,dpfi,45,atom_h,3,20260818:4515:400:2:45:1:3
400,dpfi,45,atom_v,3,20260818:4515:400:2:45:2:3
400,dpfi,45,atom_h,4,20260818:4515:400:2:45:1:4
400,dpfi,45,atom_v,4,20260818:4515:400:2:45:2:4
400,dpfi,45,atom_h,5,20260818:4515:400:2:45:1:5
400,dpfi,45,atom_v,5,20260818:4515:400:2:45:2:5
400,dpfi,45,atom_h,6,20260818:4515:400:2:45:1:6
400,dpfi,45,atom_v,6,20260818:4515:400:2:45:2:6
400,dpfi,45,atom_h,7,20260818:4515:400:2:45:1:7
400,dpfi,45,atom_v,7,20260818:4515:400:2:45:2:7
400,dpfi,45,atom_h,8,20260818:4515:400:2:45:1:8
400,dpfi,45,atom_v,8,20260818:4515:400:2:45:2:8
400,dpfi,45,atom_h,9,20260818:4515:400:2:45:1:9
400,dpfi,45,atom_v,9,20260818:4515:400:2:45:2:9
400,dpfi,45,atom_h,10,20260818:4515:400:2:45:1:10
400,dpfi,45,atom_v,10,20260818:4515:400:2:45:2:10
400,dpfi,45,atom_h,11,20260818:4515:400:2:45:1:11
400,dpfi,45,atom_v,11,20260818:4515:400:2:45:2:11
400,dpfi,45,atom_h,12,20260818:4515:400:2:45:1:12
400,dpfi,45,atom_v,12,20260818:4515:400:2:45:2:12
400,dpfi,45,atom_h,13,20260818:4515:400:2:45:1:13
400,dpfi,45,atom_v,13,20260818:4515:400:2:45:2:13
400,dpfi,45,atom_h,14,20260818:4515:400:2:45:1:14
400,dpfi,45,atom_v,14,20260818:4515:400:2:45:2:14
400,dpfi,45,atom_h,15,20260818:4515:400:2:45:1:15
400,dpfi,45,atom_v,15,20260818:4515:400:2:45:2:15
400,dpfi,46,blank_h,0,20260818:4515:400:2:46:3:0
400,dpfi,46,blank_v,0,20260818:4515:400:2:46:4:0
400,dpfi,46,dark_h,0,20260818:4515:400:2:46:5:0
400,dpfi,46,dark_v,0,20260818:4515:400:2:46:6:0
400,dpfi,46,atom_h,1,20260818:4515:400:2:46:1:1
400,dpfi,46,atom_v,1,20260818:4515:400:2:46:2:1
400,dpfi,46,atom_h,2,20260818:4515:400:2:46:1:2
400,dpfi,46,atom_v,2,20260818:4515:400:2:46:2:2
400,dpfi,46,atom_h,3,20260818:4515:400:2:46:1:3
400,dpfi,46,atom_v,3,20260818:4515:400:2:46:2:3
400,dpfi,46,atom_h,4,20260818:4515:400:2:46:1:4
400,dpfi,46,atom_v,4,20260818:4515:400:2:46:2:4
400,dpfi,46,atom_h,5,20260818:4515:400:2:46:1:5
400,dpfi,46,atom_v,5,20260818:4515:400:2:46:2:5
400,dpfi,46,atom_h,6,20260818:4515:400:2:46:1:6
400,dpfi,46,atom_v,6,20260818:4515:400:2:46:2:6
400,dpfi,46,atom_h,7,20260818:4515:400:2:46:1:7
400,dpfi,46,atom_v,7,20260818:4515:400:2:46:2:7
400,dpfi,46,atom_h,8,20260818:4515:400:2:46:1:8
400,dpfi,46,atom_v,8,20260818:4515:400:2:46:2:8
400,dpfi,46,atom_h,9,20260818:4515:400:2:46:1:9
400,dpfi,46,atom_v,9,20260818:4515:400:2:46:2:9
400,dpfi,46,atom_h,10,20260818:4515:400:2:46:1:10
400,dpfi,46,atom_v,10,20260818:4515:400:2:46:2:10
400,dpfi,46,atom_h,11,20260818:4515:400:2:46:1:11
400,dpfi,46,atom_v,11,20260818:4515:400:2:46:2:11
400,dpfi,46,atom_h,12,20260818:4515:400:2:46:1:12
400,dpfi,46,atom_v,12,20260818:4515:400:2:46:2:12
400,dpfi,46,atom_h,13,20260818:4515:400:2:46:1:13
400,dpfi,46,atom_v,13,20260818:4515:400:2:46:2:13
400,dpfi,46,atom_h,14,20260818:4515:400:2:46:1:14
400,dpfi,46,atom_v,14,20260818:4515:400:2:46:2:14
400,dpfi,46,atom_h,15,20260818:4515:400:2:46:1:15
400,dpfi,46,atom_v,15,20260818:4515:400:2:46:2:15
400,dpfi,47,blank_h,0,20260818:4515:400:2:47:3:0
400,dpfi,47,blank_v,0,20260818:4515:400:2:47:4:0
400,dpfi,47,dark_h,0,20260818:4515:400:2:47:5:0
400,dpfi,47,dark_v,0,20260818:4515:400:2:47:6:0
400,dpfi,47,atom_h,1,20260818:4515:400:2:47:1:1
400,dpfi,47,atom_v,1,20260818:4515:400:2:47:2:1
400,dpfi,47,atom_h,2,20260818:4515:400:2:47:1:2
400,dpfi,47,atom_v,2,20260818:4515:400:2:47:2:2
400,dpfi,47,atom_h,3,20260818:4515:400:2:47:1:3
400,dpfi,47,atom_v,3,20260818:4515:400:2:47:2:3
400,dpfi,47,atom_h,4,20260818:4515:400:2:47:1:4
400,dpfi,47,atom_v,4,20260818:4515:400:2:47:2:4
400,dpfi,47,atom_h,5,20260818:4515:400:2:47:1:5
400,dpfi,47,atom_v,5,20260818:4515:400:2:47:2:5
400,dpfi,47,atom_h,6,20260818:4515:400:2:47:1:6
400,dpfi,47,atom_v,6,20260818:4515:400:2:47:2:6
400,dpfi,47,atom_h,7,20260818:4515:400:2:47:1:7
400,dpfi,47,atom_v,7,20260818:4515:400:2:47:2:7
400,dpfi,47,atom_h,8,20260818:4515:400:2:47:1:8
400,dpfi,47,atom_v,8,20260818:4515:400:2:47:2:8
400,dpfi,47,atom_h,9,20260818:4515:400:2:47:1:9
400,dpfi,47,atom_v,9,20260818:4515:400:2:47:2:9
400,dpfi,47,atom_h,10,20260818:4515:400:2:47:1:10
400,dpfi,47,atom_v,10,20260818:4515:400:2:47:2:10
400,dpfi,47,atom_h,11,20260818:4515:400:2:47:1:11
400,dpfi,47,atom_v,11,20260818:4515:400:2:47:2:11
400,dpfi,47,atom_h,12,20260818:4515:400:2:47:1:12
400,dpfi,47,atom_v,12,20260818:4515:400:2:47:2:12
400,dpfi,47,atom_h,13,20260818:4515:400:2:47:1:13
400,dpfi,47,atom_v,13,20260818:4515:400:2:47:2:13
400,dpfi,47,atom_h,14,20260818:4515:400:2:47:1:14
400,dpfi,47,atom_v,14,20260818:4515:400:2:47:2:14
400,dpfi,47,atom_h,15,20260818:4515:400:2:47:1:15
400,dpfi,47,atom_v,15,20260818:4515:400:2:47:2:15
400,dpfi,48,blank_h,0,20260818:4515:400:2:48:3:0
400,dpfi,48,blank_v,0,20260818:4515:400:2:48:4:0
400,dpfi,48,dark_h,0,20260818:4515:400:2:48:5:0
400,dpfi,48,dark_v,0,20260818:4515:400:2:48:6:0
400,dpfi,48,atom_h,1,20260818:4515:400:2:48:1:1
400,dpfi,48,atom_v,1,20260818:4515:400:2:48:2:1
400,dpfi,48,atom_h,2,20260818:4515:400:2:48:1:2
400,dpfi,48,atom_v,2,20260818:4515:400:2:48:2:2
400,dpfi,48,atom_h,3,20260818:4515:400:2:48:1:3
400,dpfi,48,atom_v,3,20260818:4515:400:2:48:2:3
400,dpfi,48,atom_h,4,20260818:4515:400:2:48:1:4
400,dpfi,48,atom_v,4,20260818:4515:400:2:48:2:4
400,dpfi,48,atom_h,5,20260818:4515:400:2:48:1:5
400,dpfi,48,atom_v,5,20260818:4515:400:2:48:2:5
400,dpfi,48,atom_h,6,20260818:4515:400:2:48:1:6
400,dpfi,48,atom_v,6,20260818:4515:400:2:48:2:6
400,dpfi,48,atom_h,7,20260818:4515:400:2:48:1:7
400,dpfi,48,atom_v,7,20260818:4515:400:2:48:2:7
400,dpfi,48,atom_h,8,20260818:4515:400:2:48:1:8
400,dpfi,48,atom_v,8,20260818:4515:400:2:48:2:8
400,dpfi,48,atom_h,9,20260818:4515:400:2:48:1:9
400,dpfi,48,atom_v,9,20260818:4515:400:2:48:2:9
400,dpfi,48,atom_h,10,20260818:4515:400:2:48:1:10
400,dpfi,48,atom_v,10,20260818:4515:400:2:48:2:10
400,dpfi,48,atom_h,11,20260818:4515:400:2:48:1:11
400,dpfi,48,atom_v,11,20260818:4515:400:2:48:2:11
400,dpfi,48,atom_h,12,20260818:4515:400:2:48:1:12
400,dpfi,48,atom_v,12,20260818:4515:400:2:48:2:12
400,dpfi,48,atom_h,13,20260818:4515:400:2:48:1:13
400,dpfi,48,atom_v,13,20260818:4515:400:2:48:2:13
400,dpfi,48,atom_h,14,20260818:4515:400:2:48:1:14
400,dpfi,48,atom_v,14,20260818:4515:400:2:48:2:14
400,dpfi,48,atom_h,15,20260818:4515:400:2:48:1:15
400,dpfi,48,atom_v,15,20260818:4515:400:2:48:2:15
400,dpfi,49,blank_h,0,20260818:4515:400:2:49:3:0
400,dpfi,49,blank_v,0,20260818:4515:400:2:49:4:0
400,dpfi,49,dark_h,0,20260818:4515:400:2:49:5:0
400,dpfi,49,dark_v,0,20260818:4515:400:2:49:6:0
400,dpfi,49,atom_h,1,20260818:4515:400:2:49:1:1
400,dpfi,49,atom_v,1,20260818:4515:400:2:49:2:1
400,dpfi,49,atom_h,2,20260818:4515:400:2:49:1:2
400,dpfi,49,atom_v,2,20260818:4515:400:2:49:2:2
400,dpfi,49,atom_h,3,20260818:4515:400:2:49:1:3
400,dpfi,49,atom_v,3,20260818:4515:400:2:49:2:3
400,dpfi,49,atom_h,4,20260818:4515:400:2:49:1:4
400,dpfi,49,atom_v,4,20260818:4515:400:2:49:2:4
400,dpfi,49,atom_h,5,20260818:4515:400:2:49:1:5
400,dpfi,49,atom_v,5,20260818:4515:400:2:49:2:5
400,dpfi,49,atom_h,6,20260818:4515:400:2:49:1:6
400,dpfi,49,atom_v,6,20260818:4515:400:2:49:2:6
400,dpfi,49,atom_h,7,20260818:4515:400:2:49:1:7
400,dpfi,49,atom_v,7,20260818:4515:400:2:49:2:7
400,dpfi,49,atom_h,8,20260818:4515:400:2:49:1:8
400,dpfi,49,atom_v,8,20260818:4515:400:2:49:2:8
400,dpfi,49,atom_h,9,20260818:4515:400:2:49:1:9
400,dpfi,49,atom_v,9,20260818:4515:400:2:49:2:9
400,dpfi,49,atom_h,10,20260818:4515:400:2:49:1:10
400,dpfi,49,atom_v,10,20260818:4515:400:2:49:2:10
400,dpfi,49,atom_h,11,20260818:4515:400:2:49:1:11
400,dpfi,49,atom_v,11,20260818:4515:400:2:49:2:11
400,dpfi,49,atom_h,12,20260818:4515:400:2:49:1:12
400,dpfi,49,atom_v,12,20260818:4515:400:2:49:2:12
400,dpfi,49,atom_h,13,20260818:4515:400:2:49:1:13
400,dpfi,49,atom_v,13,20260818:4515:400:2:49:2:13
400,dpfi,49,atom_h,14,20260818:4515:400:2:49:1:14
400,dpfi,49,atom_v,14,20260818:4515:400:2:49:2:14
400,dpfi,49,atom_h,15,20260818:4515:400:2:49:1:15
400,dpfi,49,atom_v,15,20260818:4515:400:2:49:2:15
400,dpfi,50,blank_h,0,20260818:4515:400:2:50:3:0
400,dpfi,50,blank_v,0,20260818:4515:400:2:50:4:0
400,dpfi,50,dark_h,0,20260818:4515:400:2:50:5:0
400,dpfi,50,dark_v,0,20260818:4515:400:2:50:6:0
400,dpfi,50,atom_h,1,20260818:4515:400:2:50:1:1
400,dpfi,50,atom_v,1,20260818:4515:400:2:50:2:1
400,dpfi,50,atom_h,2,20260818:4515:400:2:50:1:2
400,dpfi,50,atom_v,2,20260818:4515:400:2:50:2:2
400,dpfi,50,atom_h,3,20260818:4515:400:2:50:1:3
400,dpfi,50,atom_v,3,20260818:4515:400:2:50:2:3
400,dpfi,50,atom_h,4,20260818:4515:400:2:50:1:4
400,dpfi,50,atom_v,4,20260818:4515:400:2:50:2:4
400,dpfi,50,atom_h,5,20260818:4515:400:2:50:1:5
400,dpfi,50,atom_v,5,20260818:4515:400:2:50:2:5
400,dpfi,50,atom_h,6,20260818:4515:400:2:50:1:6
400,dpfi,50,atom_v,6,20260818:4515:400:2:50:2:6
400,dpfi,50,atom_h,7,20260818:4515:400:2:50:1:7
400,dpfi,50,atom_v,7,20260818:4515:400:2:50:2:7
400,dpfi,50,atom_h,8,20260818:4515:400:2:50:1:8
400,dpfi,50,atom_v,8,20260818:4515:400:2:50:2:8
400,dpfi,50,atom_h,9,20260818:4515:400:2:50:1:9
400,dpfi,50,atom_v,9,20260818:4515:400:2:50:2:9
400,dpfi,50,atom_h,10,20260818:4515:400:2:50:1:10
400,dpfi,50,atom_v,10,20260818:4515:400:2:50:2:10
400,dpfi,50,atom_h,11,20260818:4515:400:2:50:1:11
400,dpfi,50,atom_v,11,20260818:4515:400:2:50:2:11
400,dpfi,50,atom_h,12,20260818:4515:400:2:50:1:12
400,dpfi,50,atom_v,12,20260818:4515:400:2:50:2:12
400,dpfi,50,atom_h,13,20260818:4515:400:2:50:1:13
400,dpfi,50,atom_v,13,20260818:4515:400:2:50:2:13
400,dpfi,50,atom_h,14,20260818:4515:400:2:50:1:14
400,dpfi,50,atom_v,14,20260818:4515:400:2:50:2:14
400,dpfi,50,atom_h,15,20260818:4515:400:2:50:1:15
400,dpfi,50,atom_v,15,20260818:4515:400:2:50:2:15
400,dpfi,51,blank_h,0,20260818:4515:400:2:51:3:0
400,dpfi,51,blank_v,0,20260818:4515:400:2:51:4:0
400,dpfi,51,dark_h,0,20260818:4515:400:2:51:5:0
400,dpfi,51,dark_v,0,20260818:4515:400:2:51:6:0
400,dpfi,51,atom_h,1,20260818:4515:400:2:51:1:1
400,dpfi,51,atom_v,1,20260818:4515:400:2:51:2:1
400,dpfi,51,atom_h,2,20260818:4515:400:2:51:1:2
400,dpfi,51,atom_v,2,20260818:4515:400:2:51:2:2
400,dpfi,51,atom_h,3,20260818:4515:400:2:51:1:3
400,dpfi,51,atom_v,3,20260818:4515:400:2:51:2:3
400,dpfi,51,atom_h,4,20260818:4515:400:2:51:1:4
400,dpfi,51,atom_v,4,20260818:4515:400:2:51:2:4
400,dpfi,51,atom_h,5,20260818:4515:400:2:51:1:5
400,dpfi,51,atom_v,5,20260818:4515:400:2:51:2:5
400,dpfi,51,atom_h,6,20260818:4515:400:2:51:1:6
400,dpfi,51,atom_v,6,20260818:4515:400:2:51:2:6
400,dpfi,51,atom_h,7,20260818:4515:400:2:51:1:7
400,dpfi,51,atom_v,7,20260818:4515:400:2:51:2:7
400,dpfi,51,atom_h,8,20260818:4515:400:2:51:1:8
400,dpfi,51,atom_v,8,20260818:4515:400:2:51:2:8
400,dpfi,51,atom_h,9,20260818:4515:400:2:51:1:9
400,dpfi,51,atom_v,9,20260818:4515:400:2:51:2:9
400,dpfi,51,atom_h,10,20260818:4515:400:2:51:1:10
400,dpfi,51,atom_v,10,20260818:4515:400:2:51:2:10
400,dpfi,51,atom_h,11,20260818:4515:400:2:51:1:11
400,dpfi,51,atom_v,11,20260818:4515:400:2:51:2:11
400,dpfi,51,atom_h,12,20260818:4515:400:2:51:1:12
400,dpfi,51,atom_v,12,20260818:4515:400:2:51:2:12
400,dpfi,51,atom_h,13,20260818:4515:400:2:51:1:13
400,dpfi,51,atom_v,13,20260818:4515:400:2:51:2:13
400,dpfi,51,atom_h,14,20260818:4515:400:2:51:1:14
400,dpfi,51,atom_v,14,20260818:4515:400:2:51:2:14
400,dpfi,51,atom_h,15,20260818:4515:400:2:51:1:15
400,dpfi,51,atom_v,15,20260818:4515:400:2:51:2:15
400,dpfi,52,blank_h,0,20260818:4515:400:2:52:3:0
400,dpfi,52,blank_v,0,20260818:4515:400:2:52:4:0
400,dpfi,52,dark_h,0,20260818:4515:400:2:52:5:0
400,dpfi,52,dark_v,0,20260818:4515:400:2:52:6:0
400,dpfi,52,atom_h,1,20260818:4515:400:2:52:1:1
400,dpfi,52,atom_v,1,20260818:4515:400:2:52:2:1
400,dpfi,52,atom_h,2,20260818:4515:400:2:52:1:2
400,dpfi,52,atom_v,2,20260818:4515:400:2:52:2:2
400,dpfi,52,atom_h,3,20260818:4515:400:2:52:1:3
400,dpfi,52,atom_v,3,20260818:4515:400:2:52:2:3
400,dpfi,52,atom_h,4,20260818:4515:400:2:52:1:4
400,dpfi,52,atom_v,4,20260818:4515:400:2:52:2:4
400,dpfi,52,atom_h,5,20260818:4515:400:2:52:1:5
400,dpfi,52,atom_v,5,20260818:4515:400:2:52:2:5
400,dpfi,52,atom_h,6,20260818:4515:400:2:52:1:6
400,dpfi,52,atom_v,6,20260818:4515:400:2:52:2:6
400,dpfi,52,atom_h,7,20260818:4515:400:2:52:1:7
400,dpfi,52,atom_v,7,20260818:4515:400:2:52:2:7
400,dpfi,52,atom_h,8,20260818:4515:400:2:52:1:8
400,dpfi,52,atom_v,8,20260818:4515:400:2:52:2:8
400,dpfi,52,atom_h,9,20260818:4515:400:2:52:1:9
400,dpfi,52,atom_v,9,20260818:4515:400:2:52:2:9
400,dpfi,52,atom_h,10,20260818:4515:400:2:52:1:10
400,dpfi,52,atom_v,10,20260818:4515:400:2:52:2:10
400,dpfi,52,atom_h,11,20260818:4515:400:2:52:1:11
400,dpfi,52,atom_v,11,20260818:4515:400:2:52:2:11
400,dpfi,52,atom_h,12,20260818:4515:400:2:52:1:12
400,dpfi,52,atom_v,12,20260818:4515:400:2:52:2:12
400,dpfi,52,atom_h,13,20260818:4515:400:2:52:1:13
400,dpfi,52,atom_v,13,20260818:4515:400:2:52:2:13
400,dpfi,52,atom_h,14,20260818:4515:400:2:52:1:14
400,dpfi,52,atom_v,14,20260818:4515:400:2:52:2:14
400,dpfi,52,atom_h,15,20260818:4515:400:2:52:1:15
400,dpfi,52,atom_v,15,20260818:4515:400:2:52:2:15
400,dpfi,53,blank_h,0,20260818:4515:400:2:53:3:0
400,dpfi,53,blank_v,0,20260818:4515:400:2:53:4:0
400,dpfi,53,dark_h,0,20260818:4515:400:2:53:5:0
400,dpfi,53,dark_v,0,20260818:4515:400:2:53:6:0
400,dpfi,53,atom_h,1,20260818:4515:400:2:53:1:1
400,dpfi,53,atom_v,1,20260818:4515:400:2:53:2:1
400,dpfi,53,atom_h,2,20260818:4515:400:2:53:1:2
400,dpfi,53,atom_v,2,20260818:4515:400:2:53:2:2
400,dpfi,53,atom_h,3,20260818:4515:400:2:53:1:3
400,dpfi,53,atom_v,3,20260818:4515:400:2:53:2:3
400,dpfi,53,atom_h,4,20260818:4515:400:2:53:1:4
400,dpfi,53,atom_v,4,20260818:4515:400:2:53:2:4
400,dpfi,53,atom_h,5,20260818:4515:400:2:53:1:5
400,dpfi,53,atom_v,5,20260818:4515:400:2:53:2:5
400,dpfi,53,atom_h,6,20260818:4515:400:2:53:1:6
400,dpfi,53,atom_v,6,20260818:4515:400:2:53:2:6
400,dpfi,53,atom_h,7,20260818:4515:400:2:53:1:7
400,dpfi,53,atom_v,7,20260818:4515:400:2:53:2:7
400,dpfi,53,atom_h,8,20260818:4515:400:2:53:1:8
400,dpfi,53,atom_v,8,20260818:4515:400:2:53:2:8
400,dpfi,53,atom_h,9,20260818:4515:400:2:53:1:9
400,dpfi,53,atom_v,9,20260818:4515:400:2:53:2:9
400,dpfi,53,atom_h,10,20260818:4515:400:2:53:1:10
400,dpfi,53,atom_v,10,20260818:4515:400:2:53:2:10
400,dpfi,53,atom_h,11,20260818:4515:400:2:53:1:11
400,dpfi,53,atom_v,11,20260818:4515:400:2:53:2:11
400,dpfi,53,atom_h,12,20260818:4515:400:2:53:1:12
400,dpfi,53,atom_v,12,20260818:4515:400:2:53:2:12
400,dpfi,53,atom_h,13,20260818:4515:400:2:53:1:13
400,dpfi,53,atom_v,13,20260818:4515:400:2:53:2:13
400,dpfi,53,atom_h,14,20260818:4515:400:2:53:1:14
400,dpfi,53,atom_v,14,20260818:4515:400:2:53:2:14
400,dpfi,53,atom_h,15,20260818:4515:400:2:53:1:15
400,dpfi,53,atom_v,15,20260818:4515:400:2:53:2:15
400,dpfi,54,blank_h,0,20260818:4515:400:2:54:3:0
400,dpfi,54,blank_v,0,20260818:4515:400:2:54:4:0
400,dpfi,54,dark_h,0,20260818:4515:400:2:54:5:0
400,dpfi,54,dark_v,0,20260818:4515:400:2:54:6:0
400,dpfi,54,atom_h,1,20260818:4515:400:2:54:1:1
400,dpfi,54,atom_v,1,20260818:4515:400:2:54:2:1
400,dpfi,54,atom_h,2,20260818:4515:400:2:54:1:2
400,dpfi,54,atom_v,2,20260818:4515:400:2:54:2:2
400,dpfi,54,atom_h,3,20260818:4515:400:2:54:1:3
400,dpfi,54,atom_v,3,20260818:4515:400:2:54:2:3
400,dpfi,54,atom_h,4,20260818:4515:400:2:54:1:4
400,dpfi,54,atom_v,4,20260818:4515:400:2:54:2:4
400,dpfi,54,atom_h,5,20260818:4515:400:2:54:1:5
400,dpfi,54,atom_v,5,20260818:4515:400:2:54:2:5
400,dpfi,54,atom_h,6,20260818:4515:400:2:54:1:6
400,dpfi,54,atom_v,6,20260818:4515:400:2:54:2:6
400,dpfi,54,atom_h,7,20260818:4515:400:2:54:1:7
400,dpfi,54,atom_v,7,20260818:4515:400:2:54:2:7
400,dpfi,54,atom_h,8,20260818:4515:400:2:54:1:8
400,dpfi,54,atom_v,8,20260818:4515:400:2:54:2:8
400,dpfi,54,atom_h,9,20260818:4515:400:2:54:1:9
400,dpfi,54,atom_v,9,20260818:4515:400:2:54:2:9
400,dpfi,54,atom_h,10,20260818:4515:400:2:54:1:10
400,dpfi,54,atom_v,10,20260818:4515:400:2:54:2:10
400,dpfi,54,atom_h,11,20260818:4515:400:2:54:1:11
400,dpfi,54,atom_v,11,20260818:4515:400:2:54:2:11
400,dpfi,54,atom_h,12,20260818:4515:400:2:54:1:12
400,dpfi,54,atom_v,12,20260818:4515:400:2:54:2:12
400,dpfi,54,atom_h,13,20260818:4515:400:2:54:1:13
400,dpfi,54,atom_v,13,20260818:4515:400:2:54:2:13
400,dpfi,54,atom_h,14,20260818:4515:400:2:54:1:14
400,dpfi,54,atom_v,14,20260818:4515:400:2:54:2:14
400,dpfi,54,atom_h,15,20260818:4515:400:2:54:1:15
400,dpfi,54,atom_v,15,20260818:4515:400:2:54:2:15
400,dpfi,55,blank_h,0,20260818:4515:400:2:55:3:0
400,dpfi,55,blank_v,0,20260818:4515:400:2:55:4:0
400,dpfi,55,dark_h,0,20260818:4515:400:2:55:5:0
400,dpfi,55,dark_v,0,20260818:4515:400:2:55:6:0
400,dpfi,55,atom_h,1,20260818:4515:400:2:55:1:1
400,dpfi,55,atom_v,1,20260818:4515:400:2:55:2:1
400,dpfi,55,atom_h,2,20260818:4515:400:2:55:1:2
400,dpfi,55,atom_v,2,20260818:4515:400:2:55:2:2
400,dpfi,55,atom_h,3,20260818:4515:400:2:55:1:3
400,dpfi,55,atom_v,3,20260818:4515:400:2:55:2:3
400,dpfi,55,atom_h,4,20260818:4515:400:2:55:1:4
400,dpfi,55,atom_v,4,20260818:4515:400:2:55:2:4
400,dpfi,55,atom_h,5,20260818:4515:400:2:55:1:5
400,dpfi,55,atom_v,5,20260818:4515:400:2:55:2:5
400,dpfi,55,atom_h,6,20260818:4515:400:2:55:1:6
400,dpfi,55,atom_v,6,20260818:4515:400:2:55:2:6
400,dpfi,55,atom_h,7,20260818:4515:400:2:55:1:7
400,dpfi,55,atom_v,7,20260818:4515:400:2:55:2:7
400,dpfi,55,atom_h,8,20260818:4515:400:2:55:1:8
400,dpfi,55,atom_v,8,20260818:4515:400:2:55:2:8
400,dpfi,55,atom_h,9,20260818:4515:400:2:55:1:9
400,dpfi,55,atom_v,9,20260818:4515:400:2:55:2:9
400,dpfi,55,atom_h,10,20260818:4515:400:2:55:1:10
400,dpfi,55,atom_v,10,20260818:4515:400:2:55:2:10
400,dpfi,55,atom_h,11,20260818:4515:400:2:55:1:11
400,dpfi,55,atom_v,11,20260818:4515:400:2:55:2:11
400,dpfi,55,atom_h,12,20260818:4515:400:2:55:1:12
400,dpfi,55,atom_v,12,20260818:4515:400:2:55:2:12
400,dpfi,55,atom_h,13,20260818:4515:400:2:55:1:13
400,dpfi,55,atom_v,13,20260818:4515:400:2:55:2:13
400,dpfi,55,atom_h,14,20260818:4515:400:2:55:1:14
400,dpfi,55,atom_v,14,20260818:4515:400:2:55:2:14
400,dpfi,55,atom_h,15,20260818:4515:400:2:55:1:15
400,dpfi,55,atom_v,15,20260818:4515:400:2:55:2:15
400,dpfi,56,blank_h,0,20260818:4515:400:2:56:3:0
400,dpfi,56,blank_v,0,20260818:4515:400:2:56:4:0
400,dpfi,56,dark_h,0,20260818:4515:400:2:56:5:0
400,dpfi,56,dark_v,0,20260818:4515:400:2:56:6:0
400,dpfi,56,atom_h,1,20260818:4515:400:2:56:1:1
400,dpfi,56,atom_v,1,20260818:4515:400:2:56:2:1
400,dpfi,56,atom_h,2,20260818:4515:400:2:56:1:2
400,dpfi,56,atom_v,2,20260818:4515:400:2:56:2:2
400,dpfi,56,atom_h,3,20260818:4515:400:2:56:1:3
400,dpfi,56,atom_v,3,20260818:4515:400:2:56:2:3
400,dpfi,56,atom_h,4,20260818:4515:400:2:56:1:4
400,dpfi,56,atom_v,4,20260818:4515:400:2:56:2:4
400,dpfi,56,atom_h,5,20260818:4515:400:2:56:1:5
400,dpfi,56,atom_v,5,20260818:4515:400:2:56:2:5
400,dpfi,56,atom_h,6,20260818:4515:400:2:56:1:6
400,dpfi,56,atom_v,6,20260818:4515:400:2:56:2:6
400,dpfi,56,atom_h,7,20260818:4515:400:2:56:1:7
400,dpfi,56,atom_v,7,20260818:4515:400:2:56:2:7
400,dpfi,56,atom_h,8,20260818:4515:400:2:56:1:8
400,dpfi,56,atom_v,8,20260818:4515:400:2:56:2:8
400,dpfi,56,atom_h,9,20260818:4515:400:2:56:1:9
400,dpfi,56,atom_v,9,20260818:4515:400:2:56:2:9
400,dpfi,56,atom_h,10,20260818:4515:400:2:56:1:10
400,dpfi,56,atom_v,10,20260818:4515:400:2:56:2:10
400,dpfi,56,atom_h,11,20260818:4515:400:2:56:1:11
400,dpfi,56,atom_v,11,20260818:4515:400:2:56:2:11
400,dpfi,56,atom_h,12,20260818:4515:400:2:56:1:12
400,dpfi,56,atom_v,12,20260818:4515:400:2:56:2:12
400,dpfi,56,atom_h,13,20260818:4515:400:2:56:1:13
400,dpfi,56,atom_v,13,20260818:4515:400:2:56:2:13
400,dpfi,56,atom_h,14,20260818:4515:400:2:56:1:14
400,dpfi,56,atom_v,14,20260818:4515:400:2:56:2:14
400,dpfi,56,atom_h,15,20260818:4515:400:2:56:1:15
400,dpfi,56,atom_v,15,20260818:4515:400:2:56:2:15
400,dpfi,57,blank_h,0,20260818:4515:400:2:57:3:0
400,dpfi,57,blank_v,0,20260818:4515:400:2:57:4:0
400,dpfi,57,dark_h,0,20260818:4515:400:2:57:5:0
400,dpfi,57,dark_v,0,20260818:4515:400:2:57:6:0
400,dpfi,57,atom_h,1,20260818:4515:400:2:57:1:1
400,dpfi,57,atom_v,1,20260818:4515:400:2:57:2:1
400,dpfi,57,atom_h,2,20260818:4515:400:2:57:1:2
400,dpfi,57,atom_v,2,20260818:4515:400:2:57:2:2
400,dpfi,57,atom_h,3,20260818:4515:400:2:57:1:3
400,dpfi,57,atom_v,3,20260818:4515:400:2:57:2:3
400,dpfi,57,atom_h,4,20260818:4515:400:2:57:1:4
400,dpfi,57,atom_v,4,20260818:4515:400:2:57:2:4
400,dpfi,57,atom_h,5,20260818:4515:400:2:57:1:5
400,dpfi,57,atom_v,5,20260818:4515:400:2:57:2:5
400,dpfi,57,atom_h,6,20260818:4515:400:2:57:1:6
400,dpfi,57,atom_v,6,20260818:4515:400:2:57:2:6
400,dpfi,57,atom_h,7,20260818:4515:400:2:57:1:7
400,dpfi,57,atom_v,7,20260818:4515:400:2:57:2:7
400,dpfi,57,atom_h,8,20260818:4515:400:2:57:1:8
400,dpfi,57,atom_v,8,20260818:4515:400:2:57:2:8
400,dpfi,57,atom_h,9,20260818:4515:400:2:57:1:9
400,dpfi,57,atom_v,9,20260818:4515:400:2:57:2:9
400,dpfi,57,atom_h,10,20260818:4515:400:2:57:1:10
400,dpfi,57,atom_v,10,20260818:4515:400:2:57:2:10
400,dpfi,57,atom_h,11,20260818:4515:400:2:57:1:11
400,dpfi,57,atom_v,11,20260818:4515:400:2:57:2:11
400,dpfi,57,atom_h,12,20260818:4515:400:2:57:1:12
400,dpfi,57,atom_v,12,20260818:4515:400:2:57:2:12
400,dpfi,57,atom_h,13,20260818:4515:400:2:57:1:13
400,dpfi,57,atom_v,13,20260818:4515:400:2:57:2:13
400,dpfi,57,atom_h,14,20260818:4515:400:2:57:1:14
400,dpfi,57,atom_v,14,20260818:4515:400:2:57:2:14
400,dpfi,57,atom_h,15,20260818:4515:400:2:57:1:15
400,dpfi,57,atom_v,15,20260818:4515:400:2:57:2:15
400,dpfi,58,blank_h,0,20260818:4515:400:2:58:3:0
400,dpfi,58,blank_v,0,20260818:4515:400:2:58:4:0
400,dpfi,58,dark_h,0,20260818:4515:400:2:58:5:0
400,dpfi,58,dark_v,0,20260818:4515:400:2:58:6:0
400,dpfi,58,atom_h,1,20260818:4515:400:2:58:1:1
400,dpfi,58,atom_v,1,20260818:4515:400:2:58:2:1
400,dpfi,58,atom_h,2,20260818:4515:400:2:58:1:2
400,dpfi,58,atom_v,2,20260818:4515:400:2:58:2:2
400,dpfi,58,atom_h,3,20260818:4515:400:2:58:1:3
400,dpfi,58,atom_v,3,20260818:4515:400:2:58:2:3
400,dpfi,58,atom_h,4,20260818:4515:400:2:58:1:4
400,dpfi,58,atom_v,4,20260818:4515:400:2:58:2:4
400,dpfi,58,atom_h,5,20260818:4515:400:2:58:1:5
400,dpfi,58,atom_v,5,20260818:4515:400:2:58:2:5
400,dpfi,58,atom_h,6,20260818:4515:400:2:58:1:6
400,dpfi,58,atom_v,6,20260818:4515:400:2:58:2:6
400,dpfi,58,atom_h,7,20260818:4515:400:2:58:1:7
400,dpfi,58,atom_v,7,20260818:4515:400:2:58:2:7
400,dpfi,58,atom_h,8,20260818:4515:400:2:58:1:8
400,dpfi,58,atom_v,8,20260818:4515:400:2:58:2:8
400,dpfi,58,atom_h,9,20260818:4515:400:2:58:1:9
400,dpfi,58,atom_v,9,20260818:4515:400:2:58:2:9
400,dpfi,58,atom_h,10,20260818:4515:400:2:58:1:10
400,dpfi,58,atom_v,10,20260818:4515:400:2:58:2:10
400,dpfi,58,atom_h,11,20260818:4515:400:2:58:1:11
400,dpfi,58,atom_v,11,20260818:4515:400:2:58:2:11
400,dpfi,58,atom_h,12,20260818:4515:400:2:58:1:12
400,dpfi,58,atom_v,12,20260818:4515:400:2:58:2:12
400,dpfi,58,atom_h,13,20260818:4515:400:2:58:1:13
400,dpfi,58,atom_v,13,20260818:4515:400:2:58:2:13
400,dpfi,58,atom_h,14,20260818:4515:400:2:58:1:14
400,dpfi,58,atom_v,14,20260818:4515:400:2:58:2:14
400,dpfi,58,atom_h,15,20260818:4515:400:2:58:1:15
400,dpfi,58,atom_v,15,20260818:4515:400:2:58:2:15
400,dpfi,59,blank_h,0,20260818:4515:400:2:59:3:0
400,dpfi,59,blank_v,0,20260818:4515:400:2:59:4:0
400,dpfi,59,dark_h,0,20260818:4515:400:2:59:5:0
400,dpfi,59,dark_v,0,20260818:4515:400:2:59:6:0
400,dpfi,59,atom_h,1,20260818:4515:400:2:59:1:1
400,dpfi,59,atom_v,1,20260818:4515:400:2:59:2:1
400,dpfi,59,atom_h,2,20260818:4515:400:2:59:1:2
400,dpfi,59,atom_v,2,20260818:4515:400:2:59:2:2
400,dpfi,59,atom_h,3,20260818:4515:400:2:59:1:3
400,dpfi,59,atom_v,3,20260818:4515:400:2:59:2:3
400,dpfi,59,atom_h,4,20260818:4515:400:2:59:1:4
400,dpfi,59,atom_v,4,20260818:4515:400:2:59:2:4
400,dpfi,59,atom_h,5,20260818:4515:400:2:59:1:5
400,dpfi,59,atom_v,5,20260818:4515:400:2:59:2:5
400,dpfi,59,atom_h,6,20260818:4515:400:2:59:1:6
400,dpfi,59,atom_v,6,20260818:4515:400:2:59:2:6
400,dpfi,59,atom_h,7,20260818:4515:400:2:59:1:7
400,dpfi,59,atom_v,7,20260818:4515:400:2:59:2:7
400,dpfi,59,atom_h,8,20260818:4515:400:2:59:1:8
400,dpfi,59,atom_v,8,20260818:4515:400:2:59:2:8
400,dpfi,59,atom_h,9,20260818:4515:400:2:59:1:9
400,dpfi,59,atom_v,9,20260818:4515:400:2:59:2:9
400,dpfi,59,atom_h,10,20260818:4515:400:2:59:1:10
400,dpfi,59,atom_v,10,20260818:4515:400:2:59:2:10
400,dpfi,59,atom_h,11,20260818:4515:400:2:59:1:11
400,dpfi,59,atom_v,11,20260818:4515:400:2:59:2:11
400,dpfi,59,atom_h,12,20260818:4515:400:2:59:1:12
400,dpfi,59,atom_v,12,20260818:4515:400:2:59:2:12
400,dpfi,59,atom_h,13,20260818:4515:400:2:59:1:13
400,dpfi,59,atom_v,13,20260818:4515:400:2:59:2:13
400,dpfi,59,atom_h,14,20260818:4515:400:2:59:1:14
400,dpfi,59,atom_v,14,20260818:4515:400:2:59:2:14
400,dpfi,59,atom_h,15,20260818:4515:400:2:59:1:15
400,dpfi,59,atom_v,15,20260818:4515:400:2:59:2:15
400,dpfi,60,blank_h,0,20260818:4515:400:2:60:3:0
400,dpfi,60,blank_v,0,20260818:4515:400:2:60:4:0
400,dpfi,60,dark_h,0,20260818:4515:400:2:60:5:0
400,dpfi,60,dark_v,0,20260818:4515:400:2:60:6:0
400,dpfi,60,atom_h,1,20260818:4515:400:2:60:1:1
400,dpfi,60,atom_v,1,20260818:4515:400:2:60:2:1
400,dpfi,60,atom_h,2,20260818:4515:400:2:60:1:2
400,dpfi,60,atom_v,2,20260818:4515:400:2:60:2:2
400,dpfi,60,atom_h,3,20260818:4515:400:2:60:1:3
400,dpfi,60,atom_v,3,20260818:4515:400:2:60:2:3
400,dpfi,60,atom_h,4,20260818:4515:400:2:60:1:4
400,dpfi,60,atom_v,4,20260818:4515:400:2:60:2:4
400,dpfi,60,atom_h,5,20260818:4515:400:2:60:1:5
400,dpfi,60,atom_v,5,20260818:4515:400:2:60:2:5
400,dpfi,60,atom_h,6,20260818:4515:400:2:60:1:6
400,dpfi,60,atom_v,6,20260818:4515:400:2:60:2:6
400,dpfi,60,atom_h,7,20260818:4515:400:2:60:1:7
400,dpfi,60,atom_v,7,20260818:4515:400:2:60:2:7
400,dpfi,60,atom_h,8,20260818:4515:400:2:60:1:8
400,dpfi,60,atom_v,8,20260818:4515:400:2:60:2:8
400,dpfi,60,atom_h,9,20260818:4515:400:2:60:1:9
400,dpfi,60,atom_v,9,20260818:4515:400:2:60:2:9
400,dpfi,60,atom_h,10,20260818:4515:400:2:60:1:10
400,dpfi,60,atom_v,10,20260818:4515:400:2:60:2:10
400,dpfi,60,atom_h,11,20260818:4515:400:2:60:1:11
400,dpfi,60,atom_v,11,20260818:4515:400:2:60:2:11
400,dpfi,60,atom_h,12,20260818:4515:400:2:60:1:12
400,dpfi,60,atom_v,12,20260818:4515:400:2:60:2:12
400,dpfi,60,atom_h,13,20260818:4515:400:2:60:1:13
400,dpfi,60,atom_v,13,20260818:4515:400:2:60:2:13
400,dpfi,60,atom_h,14,20260818:4515:400:2:60:1:14
400,dpfi,60,atom_v,14,20260818:4515:400:2:60:2:14
400,dpfi,60,atom_h,15,20260818:4515:400:2:60:1:15
400,dpfi,60,atom_v,15,20260818:4515:400:2:60:2:15
400,dpfi,61,blank_h,0,20260818:4515:400:2:61:3:0
400,dpfi,61,blank_v,0,20260818:4515:400:2:61:4:0
400,dpfi,61,dark_h,0,20260818:4515:400:2:61:5:0
400,dpfi,61,dark_v,0,20260818:4515:400:2:61:6:0
400,dpfi,61,atom_h,1,20260818:4515:400:2:61:1:1
400,dpfi,61,atom_v,1,20260818:4515:400:2:61:2:1
400,dpfi,61,atom_h,2,20260818:4515:400:2:61:1:2
400,dpfi,61,atom_v,2,20260818:4515:400:2:61:2:2
400,dpfi,61,atom_h,3,20260818:4515:400:2:61:1:3
400,dpfi,61,atom_v,3,20260818:4515:400:2:61:2:3
400,dpfi,61,atom_h,4,20260818:4515:400:2:61:1:4
400,dpfi,61,atom_v,4,20260818:4515:400:2:61:2:4
400,dpfi,61,atom_h,5,20260818:4515:400:2:61:1:5
400,dpfi,61,atom_v,5,20260818:4515:400:2:61:2:5
400,dpfi,61,atom_h,6,20260818:4515:400:2:61:1:6
400,dpfi,61,atom_v,6,20260818:4515:400:2:61:2:6
400,dpfi,61,atom_h,7,20260818:4515:400:2:61:1:7
400,dpfi,61,atom_v,7,20260818:4515:400:2:61:2:7
400,dpfi,61,atom_h,8,20260818:4515:400:2:61:1:8
400,dpfi,61,atom_v,8,20260818:4515:400:2:61:2:8
400,dpfi,61,atom_h,9,20260818:4515:400:2:61:1:9
400,dpfi,61,atom_v,9,20260818:4515:400:2:61:2:9
400,dpfi,61,atom_h,10,20260818:4515:400:2:61:1:10
400,dpfi,61,atom_v,10,20260818:4515:400:2:61:2:10
400,dpfi,61,atom_h,11,20260818:4515:400:2:61:1:11
400,dpfi,61,atom_v,11,20260818:4515:400:2:61:2:11
400,dpfi,61,atom_h,12,20260818:4515:400:2:61:1:12
400,dpfi,61,atom_v,12,20260818:4515:400:2:61:2:12
400,dpfi,61,atom_h,13,20260818:4515:400:2:61:1:13
400,dpfi,61,atom_v,13,20260818:4515:400:2:61:2:13
400,dpfi,61,atom_h,14,20260818:4515:400:2:61:1:14
400,dpfi,61,atom_v,14,20260818:4515:400:2:61:2:14
400,dpfi,61,atom_h,15,20260818:4515:400:2:61:1:15
400,dpfi,61,atom_v,15,20260818:4515:400:2:61:2:15
400,dpfi,62,blank_h,0,20260818:4515:400:2:62:3:0
400,dpfi,62,blank_v,0,20260818:4515:400:2:62:4:0
400,dpfi,62,dark_h,0,20260818:4515:400:2:62:5:0
400,dpfi,62,dark_v,0,20260818:4515:400:2:62:6:0
400,dpfi,62,atom_h,1,20260818:4515:400:2:62:1:1
400,dpfi,62,atom_v,1,20260818:4515:400:2:62:2:1
400,dpfi,62,atom_h,2,20260818:4515:400:2:62:1:2
400,dpfi,62,atom_v,2,20260818:4515:400:2:62:2:2
400,dpfi,62,atom_h,3,20260818:4515:400:2:62:1:3
400,dpfi,62,atom_v,3,20260818:4515:400:2:62:2:3
400,dpfi,62,atom_h,4,20260818:4515:400:2:62:1:4
400,dpfi,62,atom_v,4,20260818:4515:400:2:62:2:4
400,dpfi,62,atom_h,5,20260818:4515:400:2:62:1:5
400,dpfi,62,atom_v,5,20260818:4515:400:2:62:2:5
400,dpfi,62,atom_h,6,20260818:4515:400:2:62:1:6
400,dpfi,62,atom_v,6,20260818:4515:400:2:62:2:6
400,dpfi,62,atom_h,7,20260818:4515:400:2:62:1:7
400,dpfi,62,atom_v,7,20260818:4515:400:2:62:2:7
400,dpfi,62,atom_h,8,20260818:4515:400:2:62:1:8
400,dpfi,62,atom_v,8,20260818:4515:400:2:62:2:8
400,dpfi,62,atom_h,9,20260818:4515:400:2:62:1:9
400,dpfi,62,atom_v,9,20260818:4515:400:2:62:2:9
400,dpfi,62,atom_h,10,20260818:4515:400:2:62:1:10
400,dpfi,62,atom_v,10,20260818:4515:400:2:62:2:10
400,dpfi,62,atom_h,11,20260818:4515:400:2:62:1:11
400,dpfi,62,atom_v,11,20260818:4515:400:2:62:2:11
400,dpfi,62,atom_h,12,20260818:4515:400:2:62:1:12
400,dpfi,62,atom_v,12,20260818:4515:400:2:62:2:12
400,dpfi,62,atom_h,13,20260818:4515:400:2:62:1:13
400,dpfi,62,atom_v,13,20260818:4515:400:2:62:2:13
400,dpfi,62,atom_h,14,20260818:4515:400:2:62:1:14
400,dpfi,62,atom_v,14,20260818:4515:400:2:62:2:14
400,dpfi,62,atom_h,15,20260818:4515:400:2:62:1:15
400,dpfi,62,atom_v,15,20260818:4515:400:2:62:2:15
400,dpfi,63,blank_h,0,20260818:4515:400:2:63:3:0
400,dpfi,63,blank_v,0,20260818:4515:400:2:63:4:0
400,dpfi,63,dark_h,0,20260818:4515:400:2:63:5:0
400,dpfi,63,dark_v,0,20260818:4515:400:2:63:6:0
400,dpfi,63,atom_h,1,20260818:4515:400:2:63:1:1
400,dpfi,63,atom_v,1,20260818:4515:400:2:63:2:1
400,dpfi,63,atom_h,2,20260818:4515:400:2:63:1:2
400,dpfi,63,atom_v,2,20260818:4515:400:2:63:2:2
400,dpfi,63,atom_h,3,20260818:4515:400:2:63:1:3
400,dpfi,63,atom_v,3,20260818:4515:400:2:63:2:3
400,dpfi,63,atom_h,4,20260818:4515:400:2:63:1:4
400,dpfi,63,atom_v,4,20260818:4515:400:2:63:2:4
400,dpfi,63,atom_h,5,20260818:4515:400:2:63:1:5
400,dpfi,63,atom_v,5,20260818:4515:400:2:63:2:5
400,dpfi,63,atom_h,6,20260818:4515:400:2:63:1:6
400,dpfi,63,atom_v,6,20260818:4515:400:2:63:2:6
400,dpfi,63,atom_h,7,20260818:4515:400:2:63:1:7
400,dpfi,63,atom_v,7,20260818:4515:400:2:63:2:7
400,dpfi,63,atom_h,8,20260818:4515:400:2:63:1:8
400,dpfi,63,atom_v,8,20260818:4515:400:2:63:2:8
400,dpfi,63,atom_h,9,20260818:4515:400:2:63:1:9
400,dpfi,63,atom_v,9,20260818:4515:400:2:63:2:9
400,dpfi,63,atom_h,10,20260818:4515:400:2:63:1:10
400,dpfi,63,atom_v,10,20260818:4515:400:2:63:2:10
400,dpfi,63,atom_h,11,20260818:4515:400:2:63:1:11
400,dpfi,63,atom_v,11,20260818:4515:400:2:63:2:11
400,dpfi,63,atom_h,12,20260818:4515:400:2:63:1:12
400,dpfi,63,atom_v,12,20260818:4515:400:2:63:2:12
400,dpfi,63,atom_h,13,20260818:4515:400:2:63:1:13
400,dpfi,63,atom_v,13,20260818:4515:400:2:63:2:13
400,dpfi,63,atom_h,14,20260818:4515:400:2:63:1:14
400,dpfi,63,atom_v,14,20260818:4515:400:2:63:2:14
400,dpfi,63,atom_h,15,20260818:4515:400:2:63:1:15
400,dpfi,63,atom_v,15,20260818:4515:400:2:63:2:15
