method,state,display_label,duration_us,draw_id,eta_hat,eta_truth,d_peak_hat_um,d_peak_truth_um,nu_vp_hat,nu_vp_truth,nuisance_censored,d_peak_supported,nu_vp_supported
dgi,connected_modulated,SSP,25,0,0.7844794813080465,1.0,2.7935550574845003,2.751540046488,0.606855898489984,0.6494770333465083,True,False,False
dgi,connected_modulated,SSP,25,1,0.9474344795120138,1.0,2.8011339376690003,2.751540046488,0.6321325514896255,0.6494770333465083,False,True,True
dgi,connected_modulated,SSP,25,2,1.2814161873260956,1.0,2.7404244879795,2.751540046488,0.6940002421602667,0.6494770333465083,False,True,True
dgi,connected_modulated,SSP,25,3,0.7747779204680861,1.0,2.768639275761,2.751540046488,0.6249790367398669,0.6494770333465083,True,False,False
dgi,connected_modulated,SSP,25,4,0.7400525398931453,1.0,2.701807299714,2.751540046488,0.6056237034350316,0.6494770333465083,False,True,True
dgi,connected_modulated,SSP,25,5,1.0776854918771677,1.0,2.8504981806879996,2.751540046488,0.5981947059473047,0.6494770333465083,False,True,True
dgi,connected_modulated,SSP,25,6,1.2281022191840596,1.0,2.731145783214,2.751540046488,0.6354902107455564,0.6494770333465083,False,True,True
dgi,connected_modulated,SSP,25,7,0.7972289636241779,1.0,2.738634432299,2.751540046488,0.6560046118355702,0.6494770333465083,True,False,False
dgi,connected_modulated,SSP,25,8,0.8026509183235782,1.0,2.7858914228985,2.751540046488,0.7412689869342144,0.6494770333465083,False,True,False
dgi,connected_modulated,SSP,25,9,1.1205712014038163,1.0,2.7695157824315,2.751540046488,0.6236118945649998,0.6494770333465083,False,True,True
dgi,connected_modulated,SSP,25,10,1.1504855448094062,1.0,2.7502948319725,2.751540046488,0.6254208252613043,0.6494770333465083,False,True,True
dgi,connected_modulated,SSP,25,11,1.1438237013499033,1.0,2.7528303518259998,2.751540046488,0.6253552525948852,0.6494770333465083,False,True,True
dgi,connected_modulated,SSP,25,12,1.2980060063696308,1.0,2.817734716555,2.751540046488,0.5047393880461529,0.6494770333465083,False,True,True
dgi,connected_modulated,SSP,25,13,0.8017640215211063,1.0,2.738291358194,2.751540046488,0.6263280708512874,0.6494770333465083,True,False,False
dgi,connected_modulated,SSP,25,14,1.1765230592343763,1.0,2.7056293809835,2.751540046488,0.6100409718534272,0.6494770333465083,False,True,True
dgi,connected_modulated,SSP,25,15,1.295931323058937,1.0,2.741033163814,2.751540046488,0.6730905294535092,0.6494770333465083,False,True,True
dgi,connected_modulated,SSP,25,16,0.7871177701849859,1.0,2.808501996756,2.751540046488,0.6332582394310704,0.6494770333465083,True,False,False
dgi,connected_modulated,SSP,25,17,1.0844685463401729,1.0,2.8418056076680003,2.751540046488,0.6136067279126661,0.6494770333465083,False,True,True
dgi,connected_modulated,SSP,25,18,0.8125958313453465,1.0,2.71875953339,2.751540046488,0.6588981907856173,0.6494770333465083,False,True,True
dgi,connected_modulated,SSP,25,19,0.8216485272470431,1.0,2.736842470979,2.751540046488,0.6643483524726056,0.6494770333465083,False,True,True
dgi,connected_modulated,SSP,25,20,1.1301100950494816,1.0,2.7342365728205,2.751540046488,0.5948991939062168,0.6494770333465083,False,True,True
dgi,connected_modulated,SSP,25,21,0.7953984663987163,1.0,2.771668159963,2.751540046488,0.6389316639658318,0.6494770333465083,True,False,False
dgi,connected_modulated,SSP,25,22,0.7755719843137295,1.0,2.6543442029465,2.751540046488,0.7180807983014099,0.6494770333465083,False,True,True
dgi,connected_modulated,SSP,25,23,1.0025400194049392,1.0,2.7759316192405,2.751540046488,0.6524099804327778,0.6494770333465083,False,True,True
dgi,connected_modulated,SSP,25,24,1.149267908007693,1.0,2.7505562343375,2.751540046488,0.5954014652572697,0.6494770333465083,False,True,True
dgi,connected_modulated,SSP,25,25,0.7772152152710675,1.0,2.7202667298575003,2.751540046488,0.6359856260436971,0.6494770333465083,False,True,True
dgi,connected_modulated,SSP,25,26,0.7758433251177127,1.0,2.7076245713505003,2.751540046488,0.6792151129060624,0.6494770333465083,False,True,True
dgi,connected_modulated,SSP,25,27,0.7743043211151126,1.0,2.6660008397809998,2.751540046488,0.7162775688569927,0.6494770333465083,False,True,True
dgi,connected_modulated,SSP,25,28,0.8561347364850371,1.0,2.713692494665,2.751540046488,0.6886133351739526,0.6494770333465083,False,True,True
dgi,connected_modulated,SSP,25,29,1.28529970239227,1.0,2.7291355379324997,2.751540046488,0.6781747065470543,0.6494770333465083,False,True,True
dgi,connected_modulated,SSP,25,30,0.757236130544809,1.0,2.759938964905,2.751540046488,0.624579118995984,0.6494770333465083,False,True,True
dgi,connected_modulated,SSP,25,31,0.7864601231168094,1.0,2.6971183193305,2.751540046488,0.8037544729911694,0.6494770333465083,True,False,False
dgi,connected_modulated,SSP,25,32,1.2382089790852255,1.0,2.7431791849155003,2.751540046488,0.6311956315190812,0.6494770333465083,False,True,True
dgi,connected_modulated,SSP,25,33,0.8925354436368574,1.0,2.7472615343035,2.751540046488,0.7243638889146158,0.6494770333465083,False,True,True
dgi,connected_modulated,SSP,25,34,1.1920088290650228,1.0,2.7585882799185,2.751540046488,0.5551415276882228,0.6494770333465083,False,True,True
dgi,connected_modulated,SSP,25,35,0.7795595288698874,1.0,2.7828213294874997,2.751540046488,0.6668609830337734,0.6494770333465083,True,False,False
dgi,connected_modulated,SSP,25,36,1.160071040337599,1.0,2.703117819388,2.751540046488,0.526093904466054,0.6494770333465083,False,True,True
dgi,connected_modulated,SSP,25,37,0.90766510035195,1.0,2.6901002800865,2.751540046488,0.6990289635564559,0.6494770333465083,False,True,True
dgi,connected_modulated,SSP,25,38,1.0287131841168367,1.0,2.70042312617,2.751540046488,0.6588749014964211,0.6494770333465083,False,True,True
dgi,connected_modulated,SSP,25,39,1.0744936557043017,1.0,2.7281657576335,2.751540046488,0.6260963273005282,0.6494770333465083,False,True,True
dgi,connected_modulated,SSP,25,40,0.7851471914412878,1.0,2.7880363842265004,2.751540046488,0.6595263964247648,0.6494770333465083,False,True,True
dgi,connected_modulated,SSP,25,41,0.8043136645400489,1.0,2.733473649563,2.751540046488,0.6888686841107208,0.6494770333465083,False,True,True
dgi,connected_modulated,SSP,25,42,0.8826675817116582,1.0,2.7501431869445,2.751540046488,0.6300057480977541,0.6494770333465083,False,True,True
dgi,connected_modulated,SSP,25,43,0.864746682872198,1.0,2.7492982750325003,2.751540046488,0.7001121344805245,0.6494770333465083,False,True,True
dgi,connected_modulated,SSP,25,44,1.4803563032135445,1.0,2.7509267259115,2.751540046488,0.5549290551276,0.6494770333465083,False,True,True
dgi,connected_modulated,SSP,25,45,0.8135523786876794,1.0,2.7870673536234998,2.751540046488,0.6416673153259386,0.6494770333465083,False,True,True
dgi,connected_modulated,SSP,25,46,1.3862220805785705,1.0,2.7585953809815,2.751540046488,0.509969303829169,0.6494770333465083,False,True,True
dgi,connected_modulated,SSP,25,47,1.3038524207613615,1.0,2.799122439844,2.751540046488,0.49383236500211003,0.6494770333465083,False,True,True
dgi,connected_modulated,SSP,25,48,1.1242206073760208,1.0,2.6768852660705003,2.751540046488,0.5956066308572178,0.6494770333465083,False,True,True
dgi,connected_modulated,SSP,25,49,1.0057898569092047,1.0,2.7802662720355,2.751540046488,0.6289169549399088,0.6494770333465083,False,True,True
dgi,connected_modulated,SSP,25,50,1.0435649951209651,1.0,2.646548141316,2.751540046488,0.6710818669566725,0.6494770333465083,False,True,True
dgi,connected_modulated,SSP,25,51,0.808903915788377,1.0,2.760277818987,2.751540046488,0.7483045849723122,0.6494770333465083,False,True,True
dgi,connected_modulated,SSP,25,52,1.0221049874423995,1.0,2.7101011904545,2.751540046488,0.69911729428996,0.6494770333465083,False,True,True
dgi,connected_modulated,SSP,25,53,1.2702577491052474,1.0,2.6953864084785,2.751540046488,0.6776839724115998,0.6494770333465083,False,True,True
dgi,connected_modulated,SSP,25,54,1.2189584380912422,1.0,2.711004627345,2.751540046488,0.6114204307723934,0.6494770333465083,False,True,True
dgi,connected_modulated,SSP,25,55,1.0555938683292785,1.0,2.741721063277,2.751540046488,0.6263049389724182,0.6494770333465083,False,True,True
dgi,connected_modulated,SSP,25,56,1.3442745034458798,1.0,2.7304485236925,2.751540046488,0.6255810488962427,0.6494770333465083,False,True,True
dgi,connected_modulated,SSP,25,57,0.8614146105817672,1.0,2.762419390477,2.751540046488,0.6420583593478792,0.6494770333465083,False,True,True
dgi,connected_modulated,SSP,25,58,1.1181051210558828,1.0,2.7462412561585,2.751540046488,0.5640567121278253,0.6494770333465083,False,True,True
dgi,connected_modulated,SSP,25,59,1.273069610385563,1.0,2.712039746212,2.751540046488,0.6383847434774654,0.6494770333465083,False,True,True
dgi,connected_modulated,SSP,25,60,0.7744893588817505,1.0,2.6979686697555,2.751540046488,0.7017464781146727,0.6494770333465083,False,True,True
dgi,connected_modulated,SSP,25,61,1.1961302163648606,1.0,2.7343185254455,2.751540046488,0.7014607439484193,0.6494770333465083,False,True,True
dgi,connected_modulated,SSP,25,62,1.1383979617540283,1.0,2.7115727464625,2.751540046488,0.6381919931638627,0.6494770333465083,False,True,True
dgi,connected_modulated,SSP,25,63,0.9489134207010798,1.0,2.7713637828150004,2.751540046488,0.5770032446545155,0.6494770333465083,False,True,True
dgi,connected_modulated,SSP,50,0,0.8699388433084893,1.0,2.765248435569,2.751540046488,0.6386690685344638,0.6494770333465083,False,True,True
dgi,connected_modulated,SSP,50,1,0.83661378283417,1.0,2.7426747636110003,2.751540046488,0.655623098203175,0.6494770333465083,False,True,True
dgi,connected_modulated,SSP,50,2,0.867652935999431,1.0,2.7632215431039997,2.751540046488,0.6313758218089549,0.6494770333465083,False,True,True
dgi,connected_modulated,SSP,50,3,0.9607196943448856,1.0,2.7824406730165,2.751540046488,0.6149287224973223,0.6494770333465083,False,True,True
dgi,connected_modulated,SSP,50,4,0.8759779957452305,1.0,2.7682173073435,2.751540046488,0.6430482225454743,0.6494770333465083,False,True,True
dgi,connected_modulated,SSP,50,5,0.8379177574741838,1.0,2.7378687979535,2.751540046488,0.7084405030593848,0.6494770333465083,False,True,True
dgi,connected_modulated,SSP,50,6,1.002039287078427,1.0,2.7111979216144997,2.751540046488,0.6426807460429093,0.6494770333465083,False,True,True
dgi,connected_modulated,SSP,50,7,0.9145277902910158,1.0,2.7543212942095,2.751540046488,0.6665362539469668,0.6494770333465083,False,True,True
dgi,connected_modulated,SSP,50,8,1.0131592281495616,1.0,2.698460352983,2.751540046488,0.6716111363602029,0.6494770333465083,False,True,True
dgi,connected_modulated,SSP,50,9,0.8616701087261158,1.0,2.6708300706565,2.751540046488,0.7198650836384914,0.6494770333465083,False,True,True
dgi,connected_modulated,SSP,50,10,1.080314271693935,1.0,2.7571372721225,2.751540046488,0.64345379630343,0.6494770333465083,False,True,True
dgi,connected_modulated,SSP,50,11,1.2211542247311364,1.0,2.7781786008085003,2.751540046488,0.6311296273888675,0.6494770333465083,False,True,True
dgi,connected_modulated,SSP,50,12,0.8013424417170073,1.0,2.7487039236785,2.751540046488,0.679691690081542,0.6494770333465083,True,False,False
dgi,connected_modulated,SSP,50,13,1.0322042276382108,1.0,2.7260054515960004,2.751540046488,0.6504527186007665,0.6494770333465083,False,True,True
dgi,connected_modulated,SSP,50,14,0.9764091521736219,1.0,2.749321222933,2.751540046488,0.5828527902070257,0.6494770333465083,False,True,True
dgi,connected_modulated,SSP,50,15,1.1344865960733488,1.0,2.7649401753495,2.751540046488,0.6485905277394552,0.6494770333465083,False,True,True
dgi,connected_modulated,SSP,50,16,1.3171902472903199,1.0,2.7216610692814998,2.751540046488,0.6660395486975945,0.6494770333465083,False,True,True
dgi,connected_modulated,SSP,50,17,1.1188167505125637,1.0,2.716248671201,2.751540046488,0.6685323850919186,0.6494770333465083,False,True,True
dgi,connected_modulated,SSP,50,18,0.9505967343879282,1.0,2.74942713932,2.751540046488,0.6515302735588879,0.6494770333465083,False,True,True
dgi,connected_modulated,SSP,50,19,1.1099685423482455,1.0,2.7321700794045,2.751540046488,0.5900724545980307,0.6494770333465083,False,True,True
dgi,connected_modulated,SSP,50,20,0.8654436893143168,1.0,2.7844696099835,2.751540046488,0.6352949413075382,0.6494770333465083,False,True,True
dgi,connected_modulated,SSP,50,21,1.1879633325344765,1.0,2.7641676023445,2.751540046488,0.6544983388368787,0.6494770333465083,False,True,True
dgi,connected_modulated,SSP,50,22,0.922826837632925,1.0,2.763791280065,2.751540046488,0.6731648605933537,0.6494770333465083,False,True,True
dgi,connected_modulated,SSP,50,23,1.272218601705689,1.0,2.7378271598439996,2.751540046488,0.6791197547742499,0.6494770333465083,False,True,True
dgi,connected_modulated,SSP,50,24,1.0289703088212667,1.0,2.760230261891,2.751540046488,0.6514357777874615,0.6494770333465083,False,True,True
dgi,connected_modulated,SSP,50,25,1.1231770569656707,1.0,2.762762566067,2.751540046488,0.6195488217674583,0.6494770333465083,False,True,True
dgi,connected_modulated,SSP,50,26,0.8625247449881872,1.0,2.771486141077,2.751540046488,0.6583079654271535,0.6494770333465083,False,True,True
dgi,connected_modulated,SSP,50,27,1.1136573114199897,1.0,2.746754366798,2.751540046488,0.6822971899322772,0.6494770333465083,False,True,True
dgi,connected_modulated,SSP,50,28,1.0065680100700014,1.0,2.7083597547264997,2.751540046488,0.6480024692074363,0.6494770333465083,False,True,True
dgi,connected_modulated,SSP,50,29,1.3150763373707604,1.0,2.7538767326849998,2.751540046488,0.6269293069943991,0.6494770333465083,False,True,True
dgi,connected_modulated,SSP,50,30,1.0747559177034198,1.0,2.7560545418635,2.751540046488,0.628323924912106,0.6494770333465083,False,True,True
dgi,connected_modulated,SSP,50,31,1.0948705065898523,1.0,2.7755905550405,2.751540046488,0.6116206043893728,0.6494770333465083,False,True,True
dgi,connected_modulated,SSP,50,32,0.9858338399925192,1.0,2.7449123165715,2.751540046488,0.6703387678018069,0.6494770333465083,False,True,True
dgi,connected_modulated,SSP,50,33,1.063892846158271,1.0,2.707957822551,2.751540046488,0.6585384053572676,0.6494770333465083,False,True,True
dgi,connected_modulated,SSP,50,34,0.8040719918360707,1.0,2.7408569184865,2.751540046488,0.6835177431723964,0.6494770333465083,False,True,True
dgi,connected_modulated,SSP,50,35,0.8945760211626145,1.0,2.80945585531,2.751540046488,0.6088800948468882,0.6494770333465083,False,True,True
dgi,connected_modulated,SSP,50,36,0.8547389363698812,1.0,2.7334638733275,2.751540046488,0.6958893388608212,0.6494770333465083,False,True,True
dgi,connected_modulated,SSP,50,37,1.0635629461510505,1.0,2.7577846771520003,2.751540046488,0.6383193490320344,0.6494770333465083,False,True,True
dgi,connected_modulated,SSP,50,38,0.8350496497986053,1.0,2.7881520115134997,2.751540046488,0.6580456611399201,0.6494770333465083,False,True,True
dgi,connected_modulated,SSP,50,39,0.7892879096641741,1.0,2.7603912522985,2.751540046488,0.6626137936913035,0.6494770333465083,True,False,False
dgi,connected_modulated,SSP,50,40,1.0962638835292569,1.0,2.7528098118295,2.751540046488,0.6952234034497156,0.6494770333465083,False,True,True
dgi,connected_modulated,SSP,50,41,1.1311893916647726,1.0,2.739880693709,2.751540046488,0.5975923676899371,0.6494770333465083,False,True,True
dgi,connected_modulated,SSP,50,42,0.795578202800753,1.0,2.6752125340074997,2.751540046488,0.7341023868059362,0.6494770333465083,True,False,False
dgi,connected_modulated,SSP,50,43,0.9762332820970032,1.0,2.7324385183124997,2.751540046488,0.6331321410989489,0.6494770333465083,False,True,True
dgi,connected_modulated,SSP,50,44,0.9761373903733954,1.0,2.7797732911675,2.751540046488,0.6391109138262792,0.6494770333465083,False,True,True
dgi,connected_modulated,SSP,50,45,1.0605179330970136,1.0,2.7810351098329997,2.751540046488,0.5807036318455729,0.6494770333465083,False,True,True
dgi,connected_modulated,SSP,50,46,1.1041523982431787,1.0,2.7887369489535,2.751540046488,0.618313954766923,0.6494770333465083,False,True,True
dgi,connected_modulated,SSP,50,47,0.8221060278365474,1.0,2.782847359074,2.751540046488,0.6484881569468246,0.6494770333465083,False,True,True
dgi,connected_modulated,SSP,50,48,1.0692020178678945,1.0,2.7341280320145,2.751540046488,0.6539375868577972,0.6494770333465083,False,True,True
dgi,connected_modulated,SSP,50,49,1.1215159986038592,1.0,2.7873656378805,2.751540046488,0.6293164143983907,0.6494770333465083,False,True,True
dgi,connected_modulated,SSP,50,50,0.9466563128023481,1.0,2.7124807906025,2.751540046488,0.6738856163097782,0.6494770333465083,False,True,True
dgi,connected_modulated,SSP,50,51,0.7920252012446682,1.0,2.7826700282985,2.751540046488,0.637750446338925,0.6494770333465083,True,False,False
dgi,connected_modulated,SSP,50,52,1.280925333644744,1.0,2.7016832412185003,2.751540046488,0.6617650811866418,0.6494770333465083,False,True,True
dgi,connected_modulated,SSP,50,53,1.035277057968484,1.0,2.8015310274044998,2.751540046488,0.6428129432996897,0.6494770333465083,False,True,True
dgi,connected_modulated,SSP,50,54,1.0251806295351023,1.0,2.776585291669,2.751540046488,0.6248584744296205,0.6494770333465083,False,True,True
dgi,connected_modulated,SSP,50,55,0.8947534180133713,1.0,2.776166076536,2.751540046488,0.6575938765236569,0.6494770333465083,False,True,True
dgi,connected_modulated,SSP,50,56,1.2252459706168628,1.0,2.8023645638475,2.751540046488,0.5908100377492909,0.6494770333465083,False,True,True
dgi,connected_modulated,SSP,50,57,0.8381170223119426,1.0,2.779845137453,2.751540046488,0.6745372380277155,0.6494770333465083,False,True,True
dgi,connected_modulated,SSP,50,58,0.7677147138500409,1.0,2.6869120266874997,2.751540046488,0.6441509464551142,0.6494770333465083,True,False,False
dgi,connected_modulated,SSP,50,59,1.0676291705181096,1.0,2.757089164602,2.751540046488,0.6325178546641081,0.6494770333465083,False,True,True
dgi,connected_modulated,SSP,50,60,1.0859949878553148,1.0,2.693397462335,2.751540046488,0.6936952479708045,0.6494770333465083,False,True,True
dgi,connected_modulated,SSP,50,61,1.1647441863405954,1.0,2.7847396552139996,2.751540046488,0.6252371886074457,0.6494770333465083,False,True,True
dgi,connected_modulated,SSP,50,62,0.8807389140808793,1.0,2.771263665703,2.751540046488,0.582439701608798,0.6494770333465083,False,True,True
dgi,connected_modulated,SSP,50,63,1.1670389939673373,1.0,2.7339602199820003,2.751540046488,0.6736339254015286,0.6494770333465083,False,True,True
dgi,connected_modulated,SSP,100,0,0.8819563312407388,1.0,2.7923540483775,2.751540046488,0.6408719273236457,0.6494770333465083,False,True,True
dgi,connected_modulated,SSP,100,1,1.0261689340296716,1.0,2.737191791173,2.751540046488,0.6618423839720018,0.6494770333465083,False,True,True
dgi,connected_modulated,SSP,100,2,0.9144224883618873,1.0,2.7288171635635,2.751540046488,0.6340445488924595,0.6494770333465083,False,True,True
dgi,connected_modulated,SSP,100,3,1.0964556063367972,1.0,2.783858593704,2.751540046488,0.6130422070600827,0.6494770333465083,False,True,True
dgi,connected_modulated,SSP,100,4,1.07917116547025,1.0,2.7618231769875,2.751540046488,0.6509277312893873,0.6494770333465083,False,True,True
dgi,connected_modulated,SSP,100,5,1.1341072573230242,1.0,2.7581099331630003,2.751540046488,0.6282014828603085,0.6494770333465083,False,True,True
dgi,connected_modulated,SSP,100,6,0.9387135689343674,1.0,2.764789029434,2.751540046488,0.6954148550111108,0.6494770333465083,False,True,True
dgi,connected_modulated,SSP,100,7,0.9023976370924192,1.0,2.7678527098285004,2.751540046488,0.6556551692052099,0.6494770333465083,False,True,True
dgi,connected_modulated,SSP,100,8,1.0095827098583838,1.0,2.7246181773395,2.751540046488,0.6398789054638299,0.6494770333465083,False,True,True
dgi,connected_modulated,SSP,100,9,0.8767208086927821,1.0,2.762245029877,2.751540046488,0.6506497849216119,0.6494770333465083,False,True,True
dgi,connected_modulated,SSP,100,10,1.07715256542854,1.0,2.7591494401515,2.751540046488,0.6498327173364356,0.6494770333465083,False,True,True
dgi,connected_modulated,SSP,100,11,0.7852432352804233,1.0,2.732057264892,2.751540046488,0.6774293071394641,0.6494770333465083,False,True,True
dgi,connected_modulated,SSP,100,12,1.070785417757122,1.0,2.788000112593,2.751540046488,0.6410426686457629,0.6494770333465083,False,True,True
dgi,connected_modulated,SSP,100,13,1.1447347455508667,1.0,2.754199170442,2.751540046488,0.6478645706958697,0.6494770333465083,False,True,True
dgi,connected_modulated,SSP,100,14,0.7863254805351525,1.0,2.747872333789,2.751540046488,0.6702046521506396,0.6494770333465083,False,True,True
dgi,connected_modulated,SSP,100,15,1.0088299794386621,1.0,2.7462470324595,2.751540046488,0.6093497121255169,0.6494770333465083,False,True,True
dgi,connected_modulated,SSP,100,16,0.8653768059977315,1.0,2.7248063487214997,2.751540046488,0.6648594223795146,0.6494770333465083,False,True,True
dgi,connected_modulated,SSP,100,17,0.8345166111527799,1.0,2.7646241516965,2.751540046488,0.6506180787848516,0.6494770333465083,False,True,True
dgi,connected_modulated,SSP,100,18,0.9752571208340478,1.0,2.7080290013905,2.751540046488,0.6984410759162711,0.6494770333465083,False,True,True
dgi,connected_modulated,SSP,100,19,0.9736687256275524,1.0,2.7574693841844997,2.751540046488,0.6403402856213747,0.6494770333465083,False,True,True
dgi,connected_modulated,SSP,100,20,0.9109299169615848,1.0,2.760994441305,2.751540046488,0.6555989571435337,0.6494770333465083,False,True,True
dgi,connected_modulated,SSP,100,21,1.0451306834641683,1.0,2.7094177607445,2.751540046488,0.6834513916220066,0.6494770333465083,False,True,True
dgi,connected_modulated,SSP,100,22,0.886908807005033,1.0,2.735923248941,2.751540046488,0.670897634550268,0.6494770333465083,False,True,True
dgi,connected_modulated,SSP,100,23,0.9443091158791083,1.0,2.7391597490104997,2.751540046488,0.6704526018395837,0.6494770333465083,False,True,True
dgi,connected_modulated,SSP,100,24,1.1545218623518454,1.0,2.746864169998,2.751540046488,0.6356650748681909,0.6494770333465083,False,True,True
dgi,connected_modulated,SSP,100,25,1.1021218364761052,1.0,2.7340107304725,2.751540046488,0.657411781192865,0.6494770333465083,False,True,True
dgi,connected_modulated,SSP,100,26,1.0101784161605132,1.0,2.7448427773445,2.751540046488,0.6293181346201923,0.6494770333465083,False,True,True
dgi,connected_modulated,SSP,100,27,0.9172588072387454,1.0,2.761391440407,2.751540046488,0.6373782124596745,0.6494770333465083,False,True,True
dgi,connected_modulated,SSP,100,28,1.1398553717449589,1.0,2.746370632771,2.751540046488,0.6024149213141003,0.6494770333465083,False,True,True
dgi,connected_modulated,SSP,100,29,0.968787332986805,1.0,2.753172186964,2.751540046488,0.653050971519159,0.6494770333465083,False,True,True
dgi,connected_modulated,SSP,100,30,1.1079591137538802,1.0,2.7469979475389996,2.751540046488,0.6440113972911606,0.6494770333465083,False,True,True
dgi,connected_modulated,SSP,100,31,0.9235024557832311,1.0,2.7326899905535003,2.751540046488,0.6462722009066989,0.6494770333465083,False,True,True
dgi,connected_modulated,SSP,100,32,0.9298196571209826,1.0,2.8004676942040003,2.751540046488,0.6295791634180394,0.6494770333465083,False,True,True
dgi,connected_modulated,SSP,100,33,1.1018416196841043,1.0,2.741861733085,2.751540046488,0.6116684708966066,0.6494770333465083,False,True,True
dgi,connected_modulated,SSP,100,34,1.0583157750300964,1.0,2.741722911151,2.751540046488,0.6174137499139494,0.6494770333465083,False,True,True
dgi,connected_modulated,SSP,100,35,0.9966962939854381,1.0,2.788035200081,2.751540046488,0.6454738666420117,0.6494770333465083,False,True,True
dgi,connected_modulated,SSP,100,36,0.8887759587606231,1.0,2.7432215835225,2.751540046488,0.6740648197137955,0.6494770333465083,False,True,True
dgi,connected_modulated,SSP,100,37,1.0166483554258405,1.0,2.7407867506284997,2.751540046488,0.6300825218826727,0.6494770333465083,False,True,True
dgi,connected_modulated,SSP,100,38,1.1228394101778587,1.0,2.7460617820985,2.751540046488,0.6373553117614963,0.6494770333465083,False,True,True
dgi,connected_modulated,SSP,100,39,1.2418556592719165,1.0,2.7690986220765,2.751540046488,0.6512974846524631,0.6494770333465083,False,True,True
dgi,connected_modulated,SSP,100,40,0.923728908159043,1.0,2.7361323456285,2.751540046488,0.6587900422068715,0.6494770333465083,False,True,True
dgi,connected_modulated,SSP,100,41,0.8271950208650392,1.0,2.6910348640195,2.751540046488,0.6844849593380264,0.6494770333465083,False,True,True
dgi,connected_modulated,SSP,100,42,1.0175292280048427,1.0,2.729420085281,2.751540046488,0.637029281193925,0.6494770333465083,False,True,True
dgi,connected_modulated,SSP,100,43,1.0764337294887893,1.0,2.6969783082355,2.751540046488,0.6729888548052614,0.6494770333465083,False,True,True
dgi,connected_modulated,SSP,100,44,0.8964233069421367,1.0,2.770947494256,2.751540046488,0.6410145563334606,0.6494770333465083,False,True,True
dgi,connected_modulated,SSP,100,45,1.0939408006175957,1.0,2.7277617779375003,2.751540046488,0.6669188041916558,0.6494770333465083,False,True,True
dgi,connected_modulated,SSP,100,46,1.0237197089177754,1.0,2.7563047999570003,2.751540046488,0.6329312044188083,0.6494770333465083,False,True,True
dgi,connected_modulated,SSP,100,47,0.8325597507835435,1.0,2.7500678954095,2.751540046488,0.6765955005562332,0.6494770333465083,False,True,True
dgi,connected_modulated,SSP,100,48,0.8836802836955799,1.0,2.752906258116,2.751540046488,0.6756754873300876,0.6494770333465083,False,True,True
dgi,connected_modulated,SSP,100,49,0.956149923012793,1.0,2.724457481392,2.751540046488,0.6443896601467998,0.6494770333465083,False,True,True
dgi,connected_modulated,SSP,100,50,1.127652742981915,1.0,2.7496739992535,2.751540046488,0.6370313480605023,0.6494770333465083,False,True,True
dgi,connected_modulated,SSP,100,51,1.0757629371508055,1.0,2.754311518456,2.751540046488,0.6172854620658828,0.6494770333465083,False,True,True
dgi,connected_modulated,SSP,100,52,0.810188379651038,1.0,2.750934021975,2.751540046488,0.6359657688786698,0.6494770333465083,False,True,True
dgi,connected_modulated,SSP,100,53,1.0559701218804673,1.0,2.745504033179,2.751540046488,0.6587738912561653,0.6494770333465083,False,True,True
dgi,connected_modulated,SSP,100,54,1.0465150846018172,1.0,2.740200187846,2.751540046488,0.6760151857602665,0.6494770333465083,False,True,True
dgi,connected_modulated,SSP,100,55,0.9626520498204743,1.0,2.721833288823,2.751540046488,0.65776283342536,0.6494770333465083,False,True,True
dgi,connected_modulated,SSP,100,56,1.1362308062954092,1.0,2.7367498122100002,2.751540046488,0.6452630196667231,0.6494770333465083,False,True,True
dgi,connected_modulated,SSP,100,57,0.8001134029306959,1.0,2.7532856264315,2.751540046488,0.665595470484478,0.6494770333465083,False,True,True
dgi,connected_modulated,SSP,100,58,0.8595381596080511,1.0,2.753984611951,2.751540046488,0.6618337121880237,0.6494770333465083,False,True,True
dgi,connected_modulated,SSP,100,59,1.1230899672727044,1.0,2.7226949949145,2.751540046488,0.633750643477779,0.6494770333465083,False,True,True
dgi,connected_modulated,SSP,100,60,0.9687871246446705,1.0,2.7585154110715,2.751540046488,0.6065710388200276,0.6494770333465083,False,True,True
dgi,connected_modulated,SSP,100,61,1.1544807037742004,1.0,2.7234530988055,2.751540046488,0.6510448332916001,0.6494770333465083,False,True,True
dgi,connected_modulated,SSP,100,62,1.1189766222430628,1.0,2.6856649017715,2.751540046488,0.6890980657833885,0.6494770333465083,False,True,True
dgi,connected_modulated,SSP,100,63,1.0198114894821797,1.0,2.7110395424895,2.751540046488,0.6228022923279612,0.6494770333465083,False,True,True
dgi,connected_modulated,SSP,200,0,1.0459661073854072,1.0,2.7423024679615002,2.751540046488,0.6418554233052693,0.6494770333465083,False,True,True
dgi,connected_modulated,SSP,200,1,1.0154838294944948,1.0,2.718924727749,2.751540046488,0.6659286023990514,0.6494770333465083,False,True,True
dgi,connected_modulated,SSP,200,2,1.133527455044254,1.0,2.7753814237350003,2.751540046488,0.615344808948606,0.6494770333465083,False,True,True
dgi,connected_modulated,SSP,200,3,0.9528480067953728,1.0,2.7546100166085,2.751540046488,0.6555795342843869,0.6494770333465083,False,True,True
dgi,connected_modulated,SSP,200,4,0.9125586369311405,1.0,2.7495898076095,2.751540046488,0.6675454726336674,0.6494770333465083,False,True,True
dgi,connected_modulated,SSP,200,5,0.9705607270233602,1.0,2.772505522041,2.751540046488,0.6391174073398794,0.6494770333465083,False,True,True
dgi,connected_modulated,SSP,200,6,0.955651958762367,1.0,2.7536261992725,2.751540046488,0.6541742789182934,0.6494770333465083,False,True,True
dgi,connected_modulated,SSP,200,7,1.1655106294068995,1.0,2.7326049872575,2.751540046488,0.6266325399458723,0.6494770333465083,False,True,True
dgi,connected_modulated,SSP,200,8,1.225404588237114,1.0,2.7467715196215,2.751540046488,0.6363525293844629,0.6494770333465083,False,True,True
dgi,connected_modulated,SSP,200,9,1.0724476454115306,1.0,2.7718297367455,2.751540046488,0.6465514030571848,0.6494770333465083,False,True,True
dgi,connected_modulated,SSP,200,10,1.108633297240671,1.0,2.7716492018235,2.751540046488,0.6246617119690178,0.6494770333465083,False,True,True
dgi,connected_modulated,SSP,200,11,0.9496757732345049,1.0,2.758929816484,2.751540046488,0.6514539803430783,0.6494770333465083,False,True,True
dgi,connected_modulated,SSP,200,12,0.9702069550762392,1.0,2.7647697945429996,2.751540046488,0.6485100695123118,0.6494770333465083,False,True,True
dgi,connected_modulated,SSP,200,13,1.0382050453445144,1.0,2.7394684357195,2.751540046488,0.662083713094545,0.6494770333465083,False,True,True
dgi,connected_modulated,SSP,200,14,0.9451959188550817,1.0,2.7385820474745,2.751540046488,0.6419278624122268,0.6494770333465083,False,True,True
dgi,connected_modulated,SSP,200,15,0.9057851424875129,1.0,2.7504623236905,2.751540046488,0.6738592361327636,0.6494770333465083,False,True,True
dgi,connected_modulated,SSP,200,16,1.0316617454816193,1.0,2.7417204066275,2.751540046488,0.6666496673504092,0.6494770333465083,False,True,True
dgi,connected_modulated,SSP,200,17,1.0536123156099548,1.0,2.734187894724,2.751540046488,0.6477144835489401,0.6494770333465083,False,True,True
dgi,connected_modulated,SSP,200,18,1.025808409693265,1.0,2.731420692603,2.751540046488,0.6641828443283904,0.6494770333465083,False,True,True
dgi,connected_modulated,SSP,200,19,0.9826723021622353,1.0,2.7773021162525,2.751540046488,0.654226343134934,0.6494770333465083,False,True,True
dgi,connected_modulated,SSP,200,20,0.9899188083615825,1.0,2.761404613626,2.751540046488,0.6482870352885616,0.6494770333465083,False,True,True
dgi,connected_modulated,SSP,200,21,1.0602737683443482,1.0,2.74459154111,2.751540046488,0.6475462934241163,0.6494770333465083,False,True,True
dgi,connected_modulated,SSP,200,22,0.8945385248867403,1.0,2.7470350136035,2.751540046488,0.6708936291939929,0.6494770333465083,False,True,True
dgi,connected_modulated,SSP,200,23,0.9380150415937321,1.0,2.7481217210805,2.751540046488,0.6659937226558225,0.6494770333465083,False,True,True
dgi,connected_modulated,SSP,200,24,0.9610894978150818,1.0,2.7466747417075004,2.751540046488,0.6471802230752055,0.6494770333465083,False,True,True
dgi,connected_modulated,SSP,200,25,1.107467137253557,1.0,2.7418396092095003,2.751540046488,0.640370722701112,0.6494770333465083,False,True,True
dgi,connected_modulated,SSP,200,26,1.0852061247958686,1.0,2.7465979629085,2.751540046488,0.6646601936855352,0.6494770333465083,False,True,True
dgi,connected_modulated,SSP,200,27,1.0988866233692056,1.0,2.7419859438514997,2.751540046488,0.6559726178081555,0.6494770333465083,False,True,True
dgi,connected_modulated,SSP,200,28,1.023115128773719,1.0,2.7595004270075,2.751540046488,0.6391384584584536,0.6494770333465083,False,True,True
dgi,connected_modulated,SSP,200,29,1.0157043313315486,1.0,2.7438607319655004,2.751540046488,0.6384607344024924,0.6494770333465083,False,True,True
dgi,connected_modulated,SSP,200,30,1.0149636458765257,1.0,2.750886981796,2.751540046488,0.6544619344452465,0.6494770333465083,False,True,True
dgi,connected_modulated,SSP,200,31,0.9378550926156812,1.0,2.754434294584,2.751540046488,0.6701410382570112,0.6494770333465083,False,True,True
dgi,connected_modulated,SSP,200,32,0.8142675684784956,1.0,2.7682168990645,2.751540046488,0.682457573120727,0.6494770333465083,False,True,True
dgi,connected_modulated,SSP,200,33,0.9373951502581447,1.0,2.7687567692915,2.751540046488,0.6536702969256811,0.6494770333465083,False,True,True
dgi,connected_modulated,SSP,200,34,0.9219556941304307,1.0,2.7745594347265,2.751540046488,0.6398952680155079,0.6494770333465083,False,True,True
dgi,connected_modulated,SSP,200,35,1.1762475657106797,1.0,2.7491457168,2.751540046488,0.6415689303552395,0.6494770333465083,False,True,True
dgi,connected_modulated,SSP,200,36,0.9583077361687612,1.0,2.7471821966395,2.751540046488,0.6633108282837799,0.6494770333465083,False,True,True
dgi,connected_modulated,SSP,200,37,0.9084862403793532,1.0,2.7301288221545,2.751540046488,0.6710285577239222,0.6494770333465083,False,True,True
dgi,connected_modulated,SSP,200,38,1.0878754947219125,1.0,2.7401612501695,2.751540046488,0.6762669444469065,0.6494770333465083,False,True,True
dgi,connected_modulated,SSP,200,39,1.089996776281287,1.0,2.745864985504,2.751540046488,0.6442770553116379,0.6494770333465083,False,True,True
dgi,connected_modulated,SSP,200,40,1.0402564786907351,1.0,2.7544424172559996,2.751540046488,0.6529371744146883,0.6494770333465083,False,True,True
dgi,connected_modulated,SSP,200,41,1.1155384188740403,1.0,2.7477204371505,2.751540046488,0.6198823229961525,0.6494770333465083,False,True,True
dgi,connected_modulated,SSP,200,42,1.0085383975971411,1.0,2.758042412949,2.751540046488,0.6316003382565286,0.6494770333465083,False,True,True
dgi,connected_modulated,SSP,200,43,0.8978323263885043,1.0,2.7478883190145,2.751540046488,0.6603766565240526,0.6494770333465083,False,True,True
dgi,connected_modulated,SSP,200,44,0.914746090640144,1.0,2.7592848661645,2.751540046488,0.6220244375228101,0.6494770333465083,False,True,True
dgi,connected_modulated,SSP,200,45,1.1139421443051596,1.0,2.7573213045280003,2.751540046488,0.6313035081281153,0.6494770333465083,False,True,True
dgi,connected_modulated,SSP,200,46,1.0360693368004488,1.0,2.751007464721,2.751540046488,0.6391268283297712,0.6494770333465083,False,True,True
dgi,connected_modulated,SSP,200,47,1.030354959221965,1.0,2.7423864882810003,2.751540046488,0.6436568129953694,0.6494770333465083,False,True,True
dgi,connected_modulated,SSP,200,48,1.0467892941184005,1.0,2.7469204279215003,2.751540046488,0.6552163569792431,0.6494770333465083,False,True,True
dgi,connected_modulated,SSP,200,49,0.9575455137736304,1.0,2.765113872413,2.751540046488,0.6670931379312707,0.6494770333465083,False,True,True
dgi,connected_modulated,SSP,200,50,1.0648836656530172,1.0,2.75646687948,2.751540046488,0.6422787492899472,0.6494770333465083,False,True,True
dgi,connected_modulated,SSP,200,51,0.9870459538728522,1.0,2.7562463729960003,2.751540046488,0.6332956354684243,0.6494770333465083,False,True,True
dgi,connected_modulated,SSP,200,52,1.0671907673804524,1.0,2.7474711691450002,2.751540046488,0.6423848263188537,0.6494770333465083,False,True,True
dgi,connected_modulated,SSP,200,53,1.0031351270592732,1.0,2.738035309056,2.751540046488,0.6754726800215456,0.6494770333465083,False,True,True
dgi,connected_modulated,SSP,200,54,0.9286613785143754,1.0,2.7706947167714997,2.751540046488,0.6687211803428499,0.6494770333465083,False,True,True
dgi,connected_modulated,SSP,200,55,1.1351717397104184,1.0,2.7647038241515,2.751540046488,0.6163520826483638,0.6494770333465083,False,True,True
dgi,connected_modulated,SSP,200,56,1.04873322392537,1.0,2.754197039804,2.751540046488,0.6184387109151103,0.6494770333465083,False,True,True
dgi,connected_modulated,SSP,200,57,0.9901042362609576,1.0,2.7551562458155,2.751540046488,0.6513909627783065,0.6494770333465083,False,True,True
dgi,connected_modulated,SSP,200,58,0.9516384274575446,1.0,2.749559145636,2.751540046488,0.658653051177787,0.6494770333465083,False,True,True
dgi,connected_modulated,SSP,200,59,0.9865328218413241,1.0,2.7719909511825,2.751540046488,0.6198587753657168,0.6494770333465083,False,True,True
dgi,connected_modulated,SSP,200,60,0.9689357805965592,1.0,2.7561628969595002,2.751540046488,0.6550248823423305,0.6494770333465083,False,True,True
dgi,connected_modulated,SSP,200,61,1.013395526355525,1.0,2.7676669431720002,2.751540046488,0.6208043384932951,0.6494770333465083,False,True,True
dgi,connected_modulated,SSP,200,62,0.9089703300003477,1.0,2.7324815146,2.751540046488,0.6642820696231171,0.6494770333465083,False,True,True
dgi,connected_modulated,SSP,200,63,0.8698761108541241,1.0,2.75027559702,2.751540046488,0.6559995805780622,0.6494770333465083,False,True,True
dgi,connected_modulated,SSP,400,0,1.0377825754653804,1.0,2.7552724361795002,2.751540046488,0.6303352171035164,0.6494770333465083,False,True,True
dgi,connected_modulated,SSP,400,1,0.9459301303371473,1.0,2.7556917017915,2.751540046488,0.6568696861566596,0.6494770333465083,False,True,True
dgi,connected_modulated,SSP,400,2,1.0305195963806935,1.0,2.7551463679825003,2.751540046488,0.6484683209569171,0.6494770333465083,False,True,True
dgi,connected_modulated,SSP,400,3,0.9463109000303562,1.0,2.7612933090264997,2.751540046488,0.6541500436969199,0.6494770333465083,False,True,True
dgi,connected_modulated,SSP,400,4,0.986726429831034,1.0,2.7626661589195,2.751540046488,0.6312901810232487,0.6494770333465083,False,True,True
dgi,connected_modulated,SSP,400,5,1.1193728770609808,1.0,2.755669188753,2.751540046488,0.6327338912004242,0.6494770333465083,False,True,True
dgi,connected_modulated,SSP,400,6,0.9188685105212633,1.0,2.7422227206605,2.751540046488,0.661812573792681,0.6494770333465083,False,True,True
dgi,connected_modulated,SSP,400,7,1.0257009657194815,1.0,2.7510254506844998,2.751540046488,0.6492612263476882,0.6494770333465083,False,True,True
dgi,connected_modulated,SSP,400,8,1.0536516196996761,1.0,2.737355820006,2.751540046488,0.6716899105152458,0.6494770333465083,False,True,True
dgi,connected_modulated,SSP,400,9,1.0091219362353698,1.0,2.737065007164,2.751540046488,0.6599988976277636,0.6494770333465083,False,True,True
dgi,connected_modulated,SSP,400,10,1.0006082970626438,1.0,2.744940499882,2.751540046488,0.6665250517392525,0.6494770333465083,False,True,True
dgi,connected_modulated,SSP,400,11,1.0524261479541894,1.0,2.761770210838,2.751540046488,0.6435452143744457,0.6494770333465083,False,True,True
dgi,connected_modulated,SSP,400,12,0.9638531364220732,1.0,2.7534632789995,2.751540046488,0.6503898178460711,0.6494770333465083,False,True,True
dgi,connected_modulated,SSP,400,13,1.0064382088346226,1.0,2.745217803398,2.751540046488,0.640822795590113,0.6494770333465083,False,True,True
dgi,connected_modulated,SSP,400,14,1.0316184626623432,1.0,2.738772240011,2.751540046488,0.6526892060170113,0.6494770333465083,False,True,True
dgi,connected_modulated,SSP,400,15,0.928150867084351,1.0,2.762182069961,2.751540046488,0.6513358413488801,0.6494770333465083,False,True,True
dgi,connected_modulated,SSP,400,16,0.9623312008424695,1.0,2.7423797849394997,2.751540046488,0.6529656628756677,0.6494770333465083,False,True,True
dgi,connected_modulated,SSP,400,17,0.9798682195471606,1.0,2.7478375833779998,2.751540046488,0.6540326244645613,0.6494770333465083,False,True,True
dgi,connected_modulated,SSP,400,18,1.035853671859479,1.0,2.728860404768,2.751540046488,0.6699224136099409,0.6494770333465083,False,True,True
dgi,connected_modulated,SSP,400,19,0.9670506193425548,1.0,2.748112825684,2.751540046488,0.6537860685826689,0.6494770333465083,False,True,True
dgi,connected_modulated,SSP,400,20,1.0323014280045073,1.0,2.7572682222915,2.751540046488,0.6408082675651021,0.6494770333465083,False,True,True
dgi,connected_modulated,SSP,400,21,0.9914668151937855,1.0,2.775116755151,2.751540046488,0.641999802292262,0.6494770333465083,False,True,True
dgi,connected_modulated,SSP,400,22,0.9034926961576953,1.0,2.751732288825,2.751540046488,0.6431840219658951,0.6494770333465083,False,True,True
dgi,connected_modulated,SSP,400,23,1.077224351236527,1.0,2.7514971321145003,2.751540046488,0.6446985838817022,0.6494770333465083,False,True,True
dgi,connected_modulated,SSP,400,24,1.1081297809190898,1.0,2.756601896029,2.751540046488,0.639883094051253,0.6494770333465083,False,True,True
dgi,connected_modulated,SSP,400,25,1.0613903146492487,1.0,2.7463874226915,2.751540046488,0.6380144821061371,0.6494770333465083,False,True,True
dgi,connected_modulated,SSP,400,26,1.0273973158811265,1.0,2.750240566786,2.751540046488,0.6337719892783293,0.6494770333465083,False,True,True
dgi,connected_modulated,SSP,400,27,0.8604150970030351,1.0,2.7552609049675,2.751540046488,0.6551864237066399,0.6494770333465083,False,True,True
dgi,connected_modulated,SSP,400,28,1.015255502662168,1.0,2.7511296812765,2.751540046488,0.648693456784472,0.6494770333465083,False,True,True
dgi,connected_modulated,SSP,400,29,1.093467006557214,1.0,2.7497044076765,2.751540046488,0.6404882672735668,0.6494770333465083,False,True,True
dgi,connected_modulated,SSP,400,30,1.0581046727349228,1.0,2.755342122448,2.751540046488,0.6405648368575638,0.6494770333465083,False,True,True
dgi,connected_modulated,SSP,400,31,1.0698600994633338,1.0,2.748200427138,2.751540046488,0.6339873084609327,0.6494770333465083,False,True,True
dgi,connected_modulated,SSP,400,32,0.9431777871966145,1.0,2.7534797971,2.751540046488,0.6489069227300183,0.6494770333465083,False,True,True
dgi,connected_modulated,SSP,400,33,1.0177704923864015,1.0,2.762642514387,2.751540046488,0.6533469866438361,0.6494770333465083,False,True,True
dgi,connected_modulated,SSP,400,34,0.977125136940732,1.0,2.7573497637625,2.751540046488,0.633198898876963,0.6494770333465083,False,True,True
dgi,connected_modulated,SSP,400,35,0.9753081047516634,1.0,2.7636552176044997,2.751540046488,0.6507234831533117,0.6494770333465083,False,True,True
dgi,connected_modulated,SSP,400,36,1.0203330078892747,1.0,2.7407392154775003,2.751540046488,0.6629918766565928,0.6494770333465083,False,True,True
dgi,connected_modulated,SSP,400,37,1.124634005116143,1.0,2.7349120718855,2.751540046488,0.6422807123245783,0.6494770333465083,False,True,True
dgi,connected_modulated,SSP,400,38,0.9989713077931114,1.0,2.7500712236264997,2.751540046488,0.6464132164261974,0.6494770333465083,False,True,True
dgi,connected_modulated,SSP,400,39,1.0369678141315848,1.0,2.752143124425,2.751540046488,0.6367731957801335,0.6494770333465083,False,True,True
dgi,connected_modulated,SSP,400,40,1.038994357975249,1.0,2.7451962640580003,2.751540046488,0.6536535833692337,0.6494770333465083,False,True,True
dgi,connected_modulated,SSP,400,41,1.0662171642256897,1.0,2.739218071018,2.751540046488,0.6421181196581061,0.6494770333465083,False,True,True
dgi,connected_modulated,SSP,400,42,1.1236479457614867,1.0,2.7414477103649997,2.751540046488,0.6479704333640134,0.6494770333465083,False,True,True
dgi,connected_modulated,SSP,400,43,0.9600115841343093,1.0,2.748454344693,2.751540046488,0.6440566241565184,0.6494770333465083,False,True,True
dgi,connected_modulated,SSP,400,44,1.003287263533011,1.0,2.7351316691985,2.751540046488,0.6590039877659215,0.6494770333465083,False,True,True
dgi,connected_modulated,SSP,400,45,0.9642112399653664,1.0,2.7534163062025,2.751540046488,0.6454275362854964,0.6494770333465083,False,True,True
dgi,connected_modulated,SSP,400,46,0.9297257074614009,1.0,2.7599585741085,2.751540046488,0.6438932077472996,0.6494770333465083,False,True,True
dgi,connected_modulated,SSP,400,47,0.9730995376170671,1.0,2.7397541841845,2.751540046488,0.639913736037002,0.6494770333465083,False,True,True
dgi,connected_modulated,SSP,400,48,0.9339008438121194,1.0,2.747867700702,2.751540046488,0.6701657035880929,0.6494770333465083,False,True,True
dgi,connected_modulated,SSP,400,49,1.0163839508125343,1.0,2.751308110314,2.751540046488,0.6487200815724674,0.6494770333465083,False,True,True
dgi,connected_modulated,SSP,400,50,0.9921691175500202,1.0,2.767415187413,2.751540046488,0.6486411308583311,0.6494770333465083,False,True,True
dgi,connected_modulated,SSP,400,51,0.9970961493883191,1.0,2.750308370548,2.751540046488,0.6491055911431176,0.6494770333465083,False,True,True
dgi,connected_modulated,SSP,400,52,0.9446918897182904,1.0,2.762642774923,2.751540046488,0.6449289528651112,0.6494770333465083,False,True,True
dgi,connected_modulated,SSP,400,53,1.0014329121454029,1.0,2.7520061813375003,2.751540046488,0.6488651344009304,0.6494770333465083,False,True,True
dgi,connected_modulated,SSP,400,54,1.1095660111494334,1.0,2.7582608714745,2.751540046488,0.6330108114128885,0.6494770333465083,False,True,True
dgi,connected_modulated,SSP,400,55,1.0170725067195183,1.0,2.754620476971,2.751540046488,0.6413466935340583,0.6494770333465083,False,True,True
dgi,connected_modulated,SSP,400,56,1.0062902781972847,1.0,2.738613044171,2.751540046488,0.6414628400899349,0.6494770333465083,False,True,True
dgi,connected_modulated,SSP,400,57,1.0127212318036027,1.0,2.7600811563235,2.751540046488,0.6633010393675138,0.6494770333465083,False,True,True
dgi,connected_modulated,SSP,400,58,1.0765821892229774,1.0,2.749470802286,2.751540046488,0.6485275682773116,0.6494770333465083,False,True,True
dgi,connected_modulated,SSP,400,59,0.9583038134835101,1.0,2.743528347893,2.751540046488,0.6661034463651851,0.6494770333465083,False,True,True
dgi,connected_modulated,SSP,400,60,1.0411407905641397,1.0,2.7387948319905,2.751540046488,0.6615566493142603,0.6494770333465083,False,True,True
dgi,connected_modulated,SSP,400,61,1.0426521311130923,1.0,2.758523342969,2.751540046488,0.6379932797795976,0.6494770333465083,False,True,True
dgi,connected_modulated,SSP,400,62,1.0141768929915551,1.0,2.7490559044214997,2.751540046488,0.6238003841565793,0.6494770333465083,False,True,True
dgi,connected_modulated,SSP,400,63,0.8657454994712804,1.0,2.751312859413,2.751540046488,0.6697856589856352,0.6494770333465083,False,True,True
dgi,separated_droplets,ID,25,0,1.1026954981601924,1.0,2.786686095888,2.799987273455,0.07667147951594436,0.08736061642362755,False,True,True
dgi,separated_droplets,ID,25,1,0.9758210778034477,1.0,2.7822761672995,2.799987273455,0.0765714853082779,0.08736061642362755,False,True,True
dgi,separated_droplets,ID,25,2,0.9580915196185757,1.0,2.789276218577,2.799987273455,0.12432754186151594,0.08736061642362755,False,True,True
dgi,separated_droplets,ID,25,3,0.9177271537063068,1.0,2.8042022315085,2.799987273455,0.09296387736261913,0.08736061642362755,False,True,True
dgi,separated_droplets,ID,25,4,0.9053840013024338,1.0,2.8096668237845,2.799987273455,0.09693691259585964,0.08736061642362755,False,True,True
dgi,separated_droplets,ID,25,5,0.989973709474741,1.0,2.7911007964929997,2.799987273455,0.09796501979122563,0.08736061642362755,False,True,True
dgi,separated_droplets,ID,25,6,1.009861344366794,1.0,2.822251275073,2.799987273455,0.10093137437290987,0.08736061642362755,False,True,True
dgi,separated_droplets,ID,25,7,1.0268272541743424,1.0,2.8076467218829997,2.799987273455,0.07787761495896448,0.08736061642362755,False,True,True
dgi,separated_droplets,ID,25,8,1.0475554834095233,1.0,2.7940154188165,2.799987273455,0.11570664818640712,0.08736061642362755,False,True,True
dgi,separated_droplets,ID,25,9,0.9570079089521225,1.0,2.7370879252665,2.799987273455,0.0994661128206986,0.08736061642362755,False,True,True
dgi,separated_droplets,ID,25,10,0.9940248914105496,1.0,2.8062910206135,2.799987273455,0.07560621480033092,0.08736061642362755,False,True,True
dgi,separated_droplets,ID,25,11,1.0479360164109648,1.0,2.7721216139335,2.799987273455,0.09747954777672754,0.08736061642362755,False,True,True
dgi,separated_droplets,ID,25,12,1.1175427912267788,1.0,2.7835090248735,2.799987273455,0.12869767618044764,0.08736061642362755,False,True,True
dgi,separated_droplets,ID,25,13,0.8688718962944854,1.0,2.804676187408,2.799987273455,0.09232742609118183,0.08736061642362755,False,True,True
dgi,separated_droplets,ID,25,14,1.0190404281812042,1.0,2.774801737234,2.799987273455,0.06845516143128869,0.08736061642362755,False,True,True
dgi,separated_droplets,ID,25,15,1.0967175071271988,1.0,2.794087630709,2.799987273455,0.10220907825728114,0.08736061642362755,False,True,True
dgi,separated_droplets,ID,25,16,0.9942027938662538,1.0,2.764402238319,2.799987273455,0.11478740477602664,0.08736061642362755,False,True,True
dgi,separated_droplets,ID,25,17,0.8784719309467031,1.0,2.832492337115,2.799987273455,0.08284321158487863,0.08736061642362755,False,True,True
dgi,separated_droplets,ID,25,18,0.8581710309857521,1.0,2.787049638058,2.799987273455,0.12199434815729324,0.08736061642362755,False,True,True
dgi,separated_droplets,ID,25,19,0.9702482217209136,1.0,2.804081873356,2.799987273455,0.10457044865035914,0.08736061642362755,False,True,True
dgi,separated_droplets,ID,25,20,1.0908548256855226,1.0,2.8081145726525,2.799987273455,0.06296223355722635,0.08736061642362755,False,True,True
dgi,separated_droplets,ID,25,21,1.0222577169479692,1.0,2.773030283272,2.799987273455,0.0953413597062941,0.08736061642362755,False,True,True
dgi,separated_droplets,ID,25,22,0.9086355437339821,1.0,2.79623861774,2.799987273455,0.11771691535257181,0.08736061642362755,False,True,True
dgi,separated_droplets,ID,25,23,0.9322549508956878,1.0,2.8063503987735,2.799987273455,0.12400998863997313,0.08736061642362755,False,True,True
dgi,separated_droplets,ID,25,24,0.9964025712290168,1.0,2.8146909670805,2.799987273455,0.0851097196469046,0.08736061642362755,False,True,True
dgi,separated_droplets,ID,25,25,1.1059733708751531,1.0,2.8383848756995,2.799987273455,0.10238262525022866,0.08736061642362755,False,True,True
dgi,separated_droplets,ID,25,26,0.9529191753932436,1.0,2.818383463222,2.799987273455,0.09512551799665869,0.08736061642362755,False,True,True
dgi,separated_droplets,ID,25,27,0.967322530105893,1.0,2.7820601689145,2.799987273455,0.08558605975509864,0.08736061642362755,False,True,True
dgi,separated_droplets,ID,25,28,0.9524576711669622,1.0,2.8340903823575,2.799987273455,0.08290336379527322,0.08736061642362755,False,True,True
dgi,separated_droplets,ID,25,29,1.0072354273935782,1.0,2.7807162724115,2.799987273455,0.0838008452051951,0.08736061642362755,False,True,True
dgi,separated_droplets,ID,25,30,0.9549243208137514,1.0,2.7505485116940003,2.799987273455,0.08412529837941535,0.08736061642362755,False,True,True
dgi,separated_droplets,ID,25,31,1.014779826379606,1.0,2.8000056481069997,2.799987273455,0.09145294319579847,0.08736061642362755,False,True,True
dgi,separated_droplets,ID,25,32,1.0699842394781724,1.0,2.796772602986,2.799987273455,0.09838453147014875,0.08736061642362755,False,True,True
dgi,separated_droplets,ID,25,33,1.0345322652256796,1.0,2.816300930631,2.799987273455,0.06230918706067404,0.08736061642362755,False,True,True
dgi,separated_droplets,ID,25,34,0.9426125273863788,1.0,2.7743405982300002,2.799987273455,0.10723454558489318,0.08736061642362755,False,True,True
dgi,separated_droplets,ID,25,35,1.1243727234622334,1.0,2.787432114754,2.799987273455,0.07381614610159042,0.08736061642362755,False,True,True
dgi,separated_droplets,ID,25,36,0.9523579160405847,1.0,2.8027726116665,2.799987273455,0.10198622267117508,0.08736061642362755,False,True,True
dgi,separated_droplets,ID,25,37,0.9318338524467937,1.0,2.7763446863025,2.799987273455,0.09941446135379989,0.08736061642362755,False,True,True
dgi,separated_droplets,ID,25,38,1.0157927297360163,1.0,2.8104549017135003,2.799987273455,0.08161796538076266,0.08736061642362755,False,True,False
dgi,separated_droplets,ID,25,39,0.7921372973564929,1.0,2.8069115107530003,2.799987273455,0.10695172528417828,0.08736061642362755,False,True,True
dgi,separated_droplets,ID,25,40,0.8956018673435271,1.0,2.7977509520615,2.799987273455,0.1314997759131335,0.08736061642362755,False,True,True
dgi,separated_droplets,ID,25,41,0.9330966351414302,1.0,2.788184936514,2.799987273455,0.0876320900832048,0.08736061642362755,False,True,True
dgi,separated_droplets,ID,25,42,0.9425064056378367,1.0,2.8273875851175,2.799987273455,0.10258493377757819,0.08736061642362755,False,True,True
dgi,separated_droplets,ID,25,43,0.9271498490195809,1.0,2.7829249699745002,2.799987273455,0.10300826334416274,0.08736061642362755,False,True,True
dgi,separated_droplets,ID,25,44,0.883280847552028,1.0,2.8376255059555,2.799987273455,0.10507738287344703,0.08736061642362755,False,True,True
dgi,separated_droplets,ID,25,45,1.0835983837815995,1.0,2.7760957912424997,2.799987273455,0.0851262760107905,0.08736061642362755,False,True,True
dgi,separated_droplets,ID,25,46,0.8903283961436715,1.0,2.79168179746,2.799987273455,0.1145981664590584,0.08736061642362755,False,True,True
dgi,separated_droplets,ID,25,47,0.8798097141484436,1.0,2.787013542031,2.799987273455,0.10429404684165136,0.08736061642362755,False,True,True
dgi,separated_droplets,ID,25,48,0.9393849866999968,1.0,2.798561301697,2.799987273455,0.07517130185480371,0.08736061642362755,False,True,True
dgi,separated_droplets,ID,25,49,1.1410028511660377,1.0,2.803509839892,2.799987273455,0.08958403997613903,0.08736061642362755,False,True,True
dgi,separated_droplets,ID,25,50,1.126167054787448,1.0,2.7757867445805,2.799987273455,0.09587219799917024,0.08736061642362755,False,True,True
dgi,separated_droplets,ID,25,51,1.0760990352800828,1.0,2.811481336492,2.799987273455,0.05544507253926746,0.08736061642362755,False,True,True
dgi,separated_droplets,ID,25,52,0.9803343409207245,1.0,2.7995200303985,2.799987273455,0.12590495716631264,0.08736061642362755,False,True,True
dgi,separated_droplets,ID,25,53,0.9978025087688119,1.0,2.8310839539805,2.799987273455,0.09651634710080799,0.08736061642362755,False,True,True
dgi,separated_droplets,ID,25,54,1.0665568000988128,1.0,2.8323283977345,2.799987273455,0.07419697322395592,0.08736061642362755,False,True,True
dgi,separated_droplets,ID,25,55,0.9003964207885133,1.0,2.8108758273515,2.799987273455,0.11190406220169644,0.08736061642362755,False,True,True
dgi,separated_droplets,ID,25,56,1.087877630302754,1.0,2.8394643174455,2.799987273455,0.08232101812045753,0.08736061642362755,False,True,True
dgi,separated_droplets,ID,25,57,1.041316684162404,1.0,2.7829701964205,2.799987273455,0.0848727399303204,0.08736061642362755,False,True,True
dgi,separated_droplets,ID,25,58,1.0134801445451043,1.0,2.8269473928010003,2.799987273455,0.07065820705790805,0.08736061642362755,False,True,True
dgi,separated_droplets,ID,25,59,0.9143601141021883,1.0,2.825369975772,2.799987273455,0.09907847183830228,0.08736061642362755,False,True,True
dgi,separated_droplets,ID,25,60,0.991269116368984,1.0,2.7528850088855,2.799987273455,0.10473169076646249,0.08736061642362755,False,True,True
dgi,separated_droplets,ID,25,61,0.9471568690443438,1.0,2.8366245722384997,2.799987273455,0.08209675725245244,0.08736061642362755,False,True,True
dgi,separated_droplets,ID,25,62,0.9994325134885028,1.0,2.7799944841890003,2.799987273455,0.0637265621717085,0.08736061642362755,False,True,True
dgi,separated_droplets,ID,25,63,1.0368552797994828,1.0,2.7886912146795,2.799987273455,0.08654578913814834,0.08736061642362755,False,True,True
dgi,separated_droplets,ID,50,0,0.8873055119903707,1.0,2.787012775182,2.799987273455,0.09300853075952288,0.08736061642362755,False,True,True
dgi,separated_droplets,ID,50,1,0.9982989799971125,1.0,2.771721454665,2.799987273455,0.0858757045688992,0.08736061642362755,False,True,True
dgi,separated_droplets,ID,50,2,1.0096600713600077,1.0,2.7827555129395,2.799987273455,0.09935859905927398,0.08736061642362755,False,True,True
dgi,separated_droplets,ID,50,3,0.9371807535633825,1.0,2.7921576700579998,2.799987273455,0.0897377254080637,0.08736061642362755,False,True,True
dgi,separated_droplets,ID,50,4,1.028112523392101,1.0,2.8007464686335,2.799987273455,0.09501168554317754,0.08736061642362755,False,True,True
dgi,separated_droplets,ID,50,5,0.8902658843362284,1.0,2.8103794114725,2.799987273455,0.08544976488314471,0.08736061642362755,False,True,True
dgi,separated_droplets,ID,50,6,1.0891957028033221,1.0,2.8047126651710004,2.799987273455,0.08150734258135228,0.08736061642362755,False,True,True
dgi,separated_droplets,ID,50,7,1.0751379881022456,1.0,2.79883714625,2.799987273455,0.0984510407513094,0.08736061642362755,False,True,True
dgi,separated_droplets,ID,50,8,0.9099188769532766,1.0,2.786509756449,2.799987273455,0.10077845342696852,0.08736061642362755,False,True,True
dgi,separated_droplets,ID,50,9,0.9451584250281659,1.0,2.783329219194,2.799987273455,0.08522421101192468,0.08736061642362755,False,True,True
dgi,separated_droplets,ID,50,10,1.0440806863876282,1.0,2.78672898658,2.799987273455,0.08158888561000888,0.08736061642362755,False,True,True
dgi,separated_droplets,ID,50,11,0.8402842892063803,1.0,2.7992993297725,2.799987273455,0.09439683733411353,0.08736061642362755,False,True,True
dgi,separated_droplets,ID,50,12,0.8705529728819449,1.0,2.7993621940524998,2.799987273455,0.08851329890699836,0.08736061642362755,False,True,True
dgi,separated_droplets,ID,50,13,1.0028467271114692,1.0,2.797870078461,2.799987273455,0.11246607106819431,0.08736061642362755,False,True,True
dgi,separated_droplets,ID,50,14,1.0889973519234106,1.0,2.7838478847644996,2.799987273455,0.07235192031751515,0.08736061642362755,False,True,True
dgi,separated_droplets,ID,50,15,1.0288371836364751,1.0,2.7722646715434998,2.799987273455,0.08982429473727993,0.08736061642362755,False,True,True
dgi,separated_droplets,ID,50,16,0.9576050610919589,1.0,2.8148946260464998,2.799987273455,0.07866153312603391,0.08736061642362755,False,True,True
dgi,separated_droplets,ID,50,17,0.9480603413405023,1.0,2.8050208655490003,2.799987273455,0.08495536258680411,0.08736061642362755,False,True,True
dgi,separated_droplets,ID,50,18,1.0215850368958705,1.0,2.7900943096655,2.799987273455,0.08849626568742713,0.08736061642362755,False,True,True
dgi,separated_droplets,ID,50,19,0.9935595367819315,1.0,2.8058727979149998,2.799987273455,0.08380251559382847,0.08736061642362755,False,True,True
dgi,separated_droplets,ID,50,20,1.0460313247510122,1.0,2.7939204420175,2.799987273455,0.1043456528442985,0.08736061642362755,False,True,True
dgi,separated_droplets,ID,50,21,0.8671455651525051,1.0,2.754292571023,2.799987273455,0.08616712785798393,0.08736061642362755,False,True,True
dgi,separated_droplets,ID,50,22,0.7381181653478714,1.0,2.8054378106674998,2.799987273455,0.1032534864914337,0.08736061642362755,False,True,True
dgi,separated_droplets,ID,50,23,0.9359165946557951,1.0,2.8266944921385,2.799987273455,0.07863356900598487,0.08736061642362755,False,True,True
dgi,separated_droplets,ID,50,24,1.0086885762539162,1.0,2.826664413879,2.799987273455,0.08371121588522469,0.08736061642362755,False,True,True
dgi,separated_droplets,ID,50,25,1.0098042800500473,1.0,2.8007224118625,2.799987273455,0.0924765650972986,0.08736061642362755,False,True,True
dgi,separated_droplets,ID,50,26,0.8787280151051118,1.0,2.7895995889445,2.799987273455,0.0905522617778304,0.08736061642362755,False,True,True
dgi,separated_droplets,ID,50,27,0.9118370988881016,1.0,2.7783492393835,2.799987273455,0.1121483709990799,0.08736061642362755,False,True,True
dgi,separated_droplets,ID,50,28,1.02771111587225,1.0,2.789142252956,2.799987273455,0.078787630788682,0.08736061642362755,False,True,True
dgi,separated_droplets,ID,50,29,1.02120260758821,1.0,2.820060947251,2.799987273455,0.07582688687454658,0.08736061642362755,False,True,True
dgi,separated_droplets,ID,50,30,0.9999267521500861,1.0,2.7959774418415,2.799987273455,0.09819154807586697,0.08736061642362755,False,True,True
dgi,separated_droplets,ID,50,31,0.9262434039630588,1.0,2.8096189810655,2.799987273455,0.08976129150578559,0.08736061642362755,False,True,True
dgi,separated_droplets,ID,50,32,0.9996317432584096,1.0,2.7847321723164997,2.799987273455,0.09994745633782937,0.08736061642362755,False,True,True
dgi,separated_droplets,ID,50,33,1.0044503842146175,1.0,2.814119823723,2.799987273455,0.08418283114791211,0.08736061642362755,False,True,True
dgi,separated_droplets,ID,50,34,1.0400288797813566,1.0,2.7913322527439997,2.799987273455,0.10279973746630164,0.08736061642362755,False,True,True
dgi,separated_droplets,ID,50,35,1.049422558484725,1.0,2.8066950715475,2.799987273455,0.07613072808769261,0.08736061642362755,False,True,True
dgi,separated_droplets,ID,50,36,0.9619064473966915,1.0,2.797932442256,2.799987273455,0.09049654455145348,0.08736061642362755,False,True,True
dgi,separated_droplets,ID,50,37,1.045936482051272,1.0,2.8101189139905003,2.799987273455,0.07731049101347671,0.08736061642362755,False,True,True
dgi,separated_droplets,ID,50,38,1.0439085505235168,1.0,2.7944160211774998,2.799987273455,0.05613259355227451,0.08736061642362755,False,True,True
dgi,separated_droplets,ID,50,39,0.8893862434579618,1.0,2.79686339094,2.799987273455,0.08459631095425357,0.08736061642362755,False,True,True
dgi,separated_droplets,ID,50,40,0.9785042034409762,1.0,2.8078159772860003,2.799987273455,0.11416897985166505,0.08736061642362755,False,True,True
dgi,separated_droplets,ID,50,41,0.982509205663323,1.0,2.8033265223640003,2.799987273455,0.09548933931375111,0.08736061642362755,False,True,True
dgi,separated_droplets,ID,50,42,1.0821329429505893,1.0,2.7946663653195003,2.799987273455,0.09121158992014719,0.08736061642362755,False,True,True
dgi,separated_droplets,ID,50,43,0.9790860398910636,1.0,2.8128806732075,2.799987273455,0.0767000371303153,0.08736061642362755,False,True,True
dgi,separated_droplets,ID,50,44,1.0024353401876074,1.0,2.7785307962559997,2.799987273455,0.06751402261217997,0.08736061642362755,False,True,True
dgi,separated_droplets,ID,50,45,1.0413361290419527,1.0,2.8144503941755,2.799987273455,0.10450373548061945,0.08736061642362755,False,True,True
dgi,separated_droplets,ID,50,46,1.041036618771984,1.0,2.813772443377,2.799987273455,0.07382200540941708,0.08736061642362755,False,True,True
dgi,separated_droplets,ID,50,47,0.9645201626744682,1.0,2.789697612557,2.799987273455,0.11709637141117088,0.08736061642362755,False,True,True
dgi,separated_droplets,ID,50,48,1.0356074698447373,1.0,2.828117620576,2.799987273455,0.09044641175075135,0.08736061642362755,False,True,True
dgi,separated_droplets,ID,50,49,0.936042316707836,1.0,2.8008181460235,2.799987273455,0.08113921663824815,0.08736061642362755,False,True,True
dgi,separated_droplets,ID,50,50,1.0691242286118179,1.0,2.7962580593105,2.799987273455,0.08047874374126163,0.08736061642362755,False,True,True
dgi,separated_droplets,ID,50,51,0.9792424879885193,1.0,2.8167535316115,2.799987273455,0.0728137458084061,0.08736061642362755,False,True,True
dgi,separated_droplets,ID,50,52,1.078769171611487,1.0,2.8198562139885004,2.799987273455,0.08484130739233067,0.08736061642362755,False,True,True
dgi,separated_droplets,ID,50,53,1.0456000931142415,1.0,2.8182341613219997,2.799987273455,0.07756453884068149,0.08736061642362755,False,True,True
dgi,separated_droplets,ID,50,54,0.9489274726151489,1.0,2.778903089629,2.799987273455,0.10208244797449963,0.08736061642362755,False,True,True
dgi,separated_droplets,ID,50,55,1.0718992606052775,1.0,2.7736228659695,2.799987273455,0.08294971566838424,0.08736061642362755,False,True,True
dgi,separated_droplets,ID,50,56,0.9891163979714819,1.0,2.8038367136274998,2.799987273455,0.08264730640283627,0.08736061642362755,False,True,True
dgi,separated_droplets,ID,50,57,1.0776723478420778,1.0,2.7851150574315,2.799987273455,0.07702627256611212,0.08736061642362755,False,True,True
dgi,separated_droplets,ID,50,58,0.9276315570128335,1.0,2.79542048982,2.799987273455,0.09219169165650037,0.08736061642362755,False,True,True
dgi,separated_droplets,ID,50,59,1.0436805727210217,1.0,2.805403611501,2.799987273455,0.08829658232492746,0.08736061642362755,False,True,True
dgi,separated_droplets,ID,50,60,0.8412730675760468,1.0,2.8003505437455,2.799987273455,0.08640480318300786,0.08736061642362755,False,True,True
dgi,separated_droplets,ID,50,61,1.044916418652617,1.0,2.7946990902045004,2.799987273455,0.08368270072366818,0.08736061642362755,False,True,True
dgi,separated_droplets,ID,50,62,1.1123808725737478,1.0,2.800489448805,2.799987273455,0.08101332114989993,0.08736061642362755,False,True,True
dgi,separated_droplets,ID,50,63,1.0466458993927545,1.0,2.7740080649295003,2.799987273455,0.08463675559366551,0.08736061642362755,False,True,True
dgi,separated_droplets,ID,100,0,0.991168109039043,1.0,2.8028437496145,2.799987273455,0.08551678399664425,0.08736061642362755,False,True,True
dgi,separated_droplets,ID,100,1,1.0102712072432882,1.0,2.799522876516,2.799987273455,0.08703308198862346,0.08736061642362755,False,True,True
dgi,separated_droplets,ID,100,2,1.0123617305779886,1.0,2.809668672782,2.799987273455,0.08509773819362093,0.08736061642362755,False,True,True
dgi,separated_droplets,ID,100,3,0.9962499824741502,1.0,2.797733749411,2.799987273455,0.07667273234997604,0.08736061642362755,False,True,True
dgi,separated_droplets,ID,100,4,1.0334323953422124,1.0,2.792472180447,2.799987273455,0.07496983455286728,0.08736061642362755,False,True,True
dgi,separated_droplets,ID,100,5,1.035619353444397,1.0,2.800103270455,2.799987273455,0.07274084906799193,0.08736061642362755,False,True,True
dgi,separated_droplets,ID,100,6,0.9869865838045638,1.0,2.7934349118905,2.799987273455,0.104256686616889,0.08736061642362755,False,True,True
dgi,separated_droplets,ID,100,7,1.0159229971812622,1.0,2.7918379273919998,2.799987273455,0.0834202531161178,0.08736061642362755,False,True,True
dgi,separated_droplets,ID,100,8,1.0127590674833191,1.0,2.7941320862165,2.799987273455,0.07244238660013519,0.08736061642362755,False,True,True
dgi,separated_droplets,ID,100,9,0.9433579471316412,1.0,2.799771962527,2.799987273455,0.08926990658764813,0.08736061642362755,False,True,True
dgi,separated_droplets,ID,100,10,0.9626525609242949,1.0,2.80549414587,2.799987273455,0.08135647069801677,0.08736061642362755,False,True,True
dgi,separated_droplets,ID,100,11,0.9657038895135274,1.0,2.792807374454,2.799987273455,0.10504176038193641,0.08736061642362755,False,True,True
dgi,separated_droplets,ID,100,12,1.053563593971668,1.0,2.8048123345515004,2.799987273455,0.07826302981285464,0.08736061642362755,False,True,True
dgi,separated_droplets,ID,100,13,0.9515611579024665,1.0,2.8017434321229997,2.799987273455,0.09435423511054766,0.08736061642362755,False,True,True
dgi,separated_droplets,ID,100,14,0.9590163465729372,1.0,2.8000973804105,2.799987273455,0.09058664344107821,0.08736061642362755,False,True,True
dgi,separated_droplets,ID,100,15,1.008582488471776,1.0,2.798219109767,2.799987273455,0.09186885471919887,0.08736061642362755,False,True,True
dgi,separated_droplets,ID,100,16,0.9697278772589611,1.0,2.8053885091605,2.799987273455,0.10367874339651283,0.08736061642362755,False,True,True
dgi,separated_droplets,ID,100,17,1.0020770029472474,1.0,2.805284731076,2.799987273455,0.08204326051602664,0.08736061642362755,False,True,True
dgi,separated_droplets,ID,100,18,1.0065950292004309,1.0,2.788126054668,2.799987273455,0.09755657718891618,0.08736061642362755,False,True,True
dgi,separated_droplets,ID,100,19,1.016072920591054,1.0,2.799769213446,2.799987273455,0.09424996047474785,0.08736061642362755,False,True,True
dgi,separated_droplets,ID,100,20,1.0029862398836127,1.0,2.8029478263265,2.799987273455,0.07706900379768253,0.08736061642362755,False,True,True
dgi,separated_droplets,ID,100,21,1.1124294829710306,1.0,2.8087475779010003,2.799987273455,0.08413774279012154,0.08736061642362755,False,True,True
dgi,separated_droplets,ID,100,22,0.9875485960949866,1.0,2.815116748275,2.799987273455,0.07756993132457157,0.08736061642362755,False,True,True
dgi,separated_droplets,ID,100,23,1.0097291690798318,1.0,2.821385452876,2.799987273455,0.08761081449164757,0.08736061642362755,False,True,True
dgi,separated_droplets,ID,100,24,1.0153747993893913,1.0,2.7928884348395,2.799987273455,0.0948576776711531,0.08736061642362755,False,True,True
dgi,separated_droplets,ID,100,25,1.0666624750019293,1.0,2.8128059356244997,2.799987273455,0.07226587775923056,0.08736061642362755,False,True,True
dgi,separated_droplets,ID,100,26,0.9693503997318039,1.0,2.8184593820429997,2.799987273455,0.09026862667411362,0.08736061642362755,False,True,True
dgi,separated_droplets,ID,100,27,1.0028542430644776,1.0,2.799073617834,2.799987273455,0.08988472227139459,0.08736061642362755,False,True,True
dgi,separated_droplets,ID,100,28,0.9660972608771264,1.0,2.8182403400715,2.799987273455,0.08152570049603089,0.08736061642362755,False,True,True
dgi,separated_droplets,ID,100,29,0.958464807498483,1.0,2.8053131504725,2.799987273455,0.09203336293300074,0.08736061642362755,False,True,True
dgi,separated_droplets,ID,100,30,0.9770337704144173,1.0,2.7917038746165,2.799987273455,0.09122143972472457,0.08736061642362755,False,True,True
dgi,separated_droplets,ID,100,31,0.9957353982071666,1.0,2.7943455007635,2.799987273455,0.08489779444114373,0.08736061642362755,False,True,True
dgi,separated_droplets,ID,100,32,1.00546815859034,1.0,2.790944002776,2.799987273455,0.0946985908529854,0.08736061642362755,False,True,True
dgi,separated_droplets,ID,100,33,0.9884533166387417,1.0,2.7914682277965,2.799987273455,0.07685526009557134,0.08736061642362755,False,True,True
dgi,separated_droplets,ID,100,34,0.9808988216191618,1.0,2.809067237137,2.799987273455,0.07614852416683104,0.08736061642362755,False,True,True
dgi,separated_droplets,ID,100,35,1.0273629285993549,1.0,2.795632319743,2.799987273455,0.0957007708376324,0.08736061642362755,False,True,True
dgi,separated_droplets,ID,100,36,0.9739975664450169,1.0,2.7845058663615,2.799987273455,0.07949569836642545,0.08736061642362755,False,True,True
dgi,separated_droplets,ID,100,37,1.040571351857191,1.0,2.8026922338710003,2.799987273455,0.08427606917813141,0.08736061642362755,False,True,True
dgi,separated_droplets,ID,100,38,1.0462865140149111,1.0,2.7909520724925,2.799987273455,0.08315804081951678,0.08736061642362755,False,True,True
dgi,separated_droplets,ID,100,39,0.991236780913986,1.0,2.8157258886410004,2.799987273455,0.08615471987376856,0.08736061642362755,False,True,True
dgi,separated_droplets,ID,100,40,1.0801742396219898,1.0,2.809599246395,2.799987273455,0.08079468459244868,0.08736061642362755,False,True,True
dgi,separated_droplets,ID,100,41,1.0036040061514593,1.0,2.7851325486615,2.799987273455,0.08958879064021139,0.08736061642362755,False,True,True
dgi,separated_droplets,ID,100,42,1.0217842160353543,1.0,2.78433812021,2.799987273455,0.080236742692277,0.08736061642362755,False,True,True
dgi,separated_droplets,ID,100,43,1.0856809807111458,1.0,2.7954166487105,2.799987273455,0.08407799150164424,0.08736061642362755,False,True,True
dgi,separated_droplets,ID,100,44,1.045725068724043,1.0,2.7990888245105,2.799987273455,0.0843202667975449,0.08736061642362755,False,True,True
dgi,separated_droplets,ID,100,45,1.0084690902337303,1.0,2.788524702549,2.799987273455,0.07648147801102673,0.08736061642362755,False,True,True
dgi,separated_droplets,ID,100,46,0.9568035259229885,1.0,2.8077087389455,2.799987273455,0.0898590984084375,0.08736061642362755,False,True,True
dgi,separated_droplets,ID,100,47,0.9784469958239906,1.0,2.7911186422455,2.799987273455,0.09635454349346283,0.08736061642362755,False,True,True
dgi,separated_droplets,ID,100,48,1.039123366433415,1.0,2.8008040173515,2.799987273455,0.07914890319781753,0.08736061642362755,False,True,True
dgi,separated_droplets,ID,100,49,0.9846973745811246,1.0,2.803414668735,2.799987273455,0.09245704509948277,0.08736061642362755,False,True,True
dgi,separated_droplets,ID,100,50,0.9486924102031311,1.0,2.8114902616365,2.799987273455,0.08579326984824606,0.08736061642362755,False,True,True
dgi,separated_droplets,ID,100,51,1.0069176607007417,1.0,2.785569919398,2.799987273455,0.09620713856490422,0.08736061642362755,False,True,True
dgi,separated_droplets,ID,100,52,1.0166780695941857,1.0,2.8074729055355,2.799987273455,0.09539637913840228,0.08736061642362755,False,True,True
dgi,separated_droplets,ID,100,53,1.0395221041546163,1.0,2.7941044026745,2.799987273455,0.0743187974009176,0.08736061642362755,False,True,True
dgi,separated_droplets,ID,100,54,0.9567443942478125,1.0,2.8023941097555003,2.799987273455,0.09678199177170452,0.08736061642362755,False,True,True
dgi,separated_droplets,ID,100,55,1.0567720544360746,1.0,2.7973631700875,2.799987273455,0.08528446150447888,0.08736061642362755,False,True,True
dgi,separated_droplets,ID,100,56,0.9919878771110093,1.0,2.7949422088539997,2.799987273455,0.09242925279491146,0.08736061642362755,False,True,True
dgi,separated_droplets,ID,100,57,1.0280528535297908,1.0,2.8073791866895004,2.799987273455,0.08054011805985004,0.08736061642362755,False,True,True
dgi,separated_droplets,ID,100,58,1.0129767600270514,1.0,2.7954508112425,2.799987273455,0.09136335078787264,0.08736061642362755,False,True,True
dgi,separated_droplets,ID,100,59,0.9731970188890312,1.0,2.7961506374139997,2.799987273455,0.08581060599312546,0.08736061642362755,False,True,True
dgi,separated_droplets,ID,100,60,1.007551723103438,1.0,2.8100641845745002,2.799987273455,0.09483792437985467,0.08736061642362755,False,True,True
dgi,separated_droplets,ID,100,61,1.004815424585802,1.0,2.7975145441505003,2.799987273455,0.08547431772875501,0.08736061642362755,False,True,True
dgi,separated_droplets,ID,100,62,1.001448280010706,1.0,2.8007056706165,2.799987273455,0.06689297686741989,0.08736061642362755,False,True,True
dgi,separated_droplets,ID,100,63,1.013156672847244,1.0,2.7953910495615,2.799987273455,0.08613990977050201,0.08736061642362755,False,True,True
dgi,separated_droplets,ID,200,0,1.011344005895424,1.0,2.812231363314,2.799987273455,0.08370116332149079,0.08736061642362755,False,True,True
dgi,separated_droplets,ID,200,1,1.023209131967203,1.0,2.8089299433575,2.799987273455,0.08342988376586458,0.08736061642362755,False,True,True
dgi,separated_droplets,ID,200,2,0.9992590235498932,1.0,2.7925648550739997,2.799987273455,0.09506381958505343,0.08736061642362755,False,True,True
dgi,separated_droplets,ID,200,3,1.0071379353879921,1.0,2.7982308077515,2.799987273455,0.09209431466209451,0.08736061642362755,False,False,True
dgi,separated_droplets,ID,200,4,0.9756039203025715,1.0,2.8077044972455,2.799987273455,0.0925910756775752,0.08736061642362755,False,True,True
dgi,separated_droplets,ID,200,5,1.0058848135611214,1.0,2.7915507338005003,2.799987273455,0.07954100258907482,0.08736061642362755,False,True,True
dgi,separated_droplets,ID,200,6,1.0118633680724085,1.0,2.7997772998925,2.799987273455,0.08439756530131921,0.08736061642362755,False,True,True
dgi,separated_droplets,ID,200,7,1.0314163651461297,1.0,2.7940003306615,2.799987273455,0.09778617105587034,0.08736061642362755,False,True,True
dgi,separated_droplets,ID,200,8,1.018020314781587,1.0,2.8029500940395,2.799987273455,0.08569745581672902,0.08736061642362755,False,True,True
dgi,separated_droplets,ID,200,9,0.9826604783487561,1.0,2.7922330970535,2.799987273455,0.09412796198531392,0.08736061642362755,False,True,True
dgi,separated_droplets,ID,200,10,1.0075681645707601,1.0,2.795834845968,2.799987273455,0.0898756235477296,0.08736061642362755,False,True,True
dgi,separated_droplets,ID,200,11,1.0215384778058114,1.0,2.787072415952,2.799987273455,0.08330002961339625,0.08736061642362755,False,True,True
dgi,separated_droplets,ID,200,12,1.0512805209564877,1.0,2.819687036705,2.799987273455,0.08402361433683034,0.08736061642362755,False,True,True
dgi,separated_droplets,ID,200,13,0.9926546879488594,1.0,2.8017071715245,2.799987273455,0.08589812137019578,0.08736061642362755,False,True,True
dgi,separated_droplets,ID,200,14,0.9723366892560777,1.0,2.7964053097969996,2.799987273455,0.09035701498697316,0.08736061642362755,False,True,True
dgi,separated_droplets,ID,200,15,0.9600063575059176,1.0,2.8134564746345,2.799987273455,0.08975556730466588,0.08736061642362755,False,True,True
dgi,separated_droplets,ID,200,16,1.0154027181933962,1.0,2.792839245468,2.799987273455,0.08979803530177438,0.08736061642362755,False,True,True
dgi,separated_droplets,ID,200,17,0.9820994418480111,1.0,2.7860176654935,2.799987273455,0.10093498821736088,0.08736061642362755,False,True,True
dgi,separated_droplets,ID,200,18,0.9759402513099569,1.0,2.8044057922735,2.799987273455,0.09847710322698999,0.08736061642362755,False,True,True
dgi,separated_droplets,ID,200,19,0.9914482196487217,1.0,2.801111646757,2.799987273455,0.08374902518531196,0.08736061642362755,False,True,True
dgi,separated_droplets,ID,200,20,0.9716416750447174,1.0,2.79400741316,2.799987273455,0.08499735360987914,0.08736061642362755,False,True,True
dgi,separated_droplets,ID,200,21,0.9892016340119252,1.0,2.7896499934529997,2.799987273455,0.09462340863868267,0.08736061642362755,False,True,True
dgi,separated_droplets,ID,200,22,0.9912856882992316,1.0,2.7851634189284997,2.799987273455,0.08710376519215057,0.08736061642362755,False,True,True
dgi,separated_droplets,ID,200,23,0.9869758405713306,1.0,2.801510990533,2.799987273455,0.0835498901590806,0.08736061642362755,False,True,True
dgi,separated_droplets,ID,200,24,1.01653392858198,1.0,2.8053781493785,2.799987273455,0.09417098514291242,0.08736061642362755,False,True,True
dgi,separated_droplets,ID,200,25,1.0217882789144817,1.0,2.8197377923265003,2.799987273455,0.09058740451488356,0.08736061642362755,False,True,True
dgi,separated_droplets,ID,200,26,0.9968683220103076,1.0,2.8022098659520003,2.799987273455,0.09103504428769368,0.08736061642362755,False,True,True
dgi,separated_droplets,ID,200,27,1.0198940484991748,1.0,2.8051715738964997,2.799987273455,0.08752178773651095,0.08736061642362755,False,True,True
dgi,separated_droplets,ID,200,28,1.0104465030300844,1.0,2.8037990066995,2.799987273455,0.09293651010179349,0.08736061642362755,False,True,True
dgi,separated_droplets,ID,200,29,1.0075955733616548,1.0,2.7994900340575,2.799987273455,0.08855974544764883,0.08736061642362755,False,True,True
dgi,separated_droplets,ID,200,30,1.002042970746622,1.0,2.803143486703,2.799987273455,0.09655676850252295,0.08736061642362755,False,True,True
dgi,separated_droplets,ID,200,31,1.026672020921683,1.0,2.7864729878279997,2.799987273455,0.08361879048577496,0.08736061642362755,False,True,True
dgi,separated_droplets,ID,200,32,1.0285595214925924,1.0,2.7980284957299997,2.799987273455,0.08346974378364497,0.08736061642362755,False,True,True
dgi,separated_droplets,ID,200,33,0.9839465751999231,1.0,2.795709123409,2.799987273455,0.08553113098276556,0.08736061642362755,False,True,True
dgi,separated_droplets,ID,200,34,1.03756035151287,1.0,2.7931184413235,2.799987273455,0.08686216219239984,0.08736061642362755,False,True,True
dgi,separated_droplets,ID,200,35,1.0083471426119264,1.0,2.798969434391,2.799987273455,0.08717543746921091,0.08736061642362755,False,True,True
dgi,separated_droplets,ID,200,36,0.9900219956038598,1.0,2.7986655392005,2.799987273455,0.08282995292966672,0.08736061642362755,False,True,True
dgi,separated_droplets,ID,200,37,0.9683692408124271,1.0,2.7907206211285,2.799987273455,0.09062347142737952,0.08736061642362755,False,True,True
dgi,separated_droplets,ID,200,38,0.9577029797398413,1.0,2.7899010833449998,2.799987273455,0.08799378766062826,0.08736061642362755,False,True,True
dgi,separated_droplets,ID,200,39,0.9364642923349069,1.0,2.8010274880784998,2.799987273455,0.08393010280917237,0.08736061642362755,False,True,True
dgi,separated_droplets,ID,200,40,0.9779660209959676,1.0,2.802454933599,2.799987273455,0.09748899350034484,0.08736061642362755,False,True,True
dgi,separated_droplets,ID,200,41,0.9868539789657393,1.0,2.805703327704,2.799987273455,0.0903918108838207,0.08736061642362755,False,True,True
dgi,separated_droplets,ID,200,42,0.9569049046277391,1.0,2.7910639382055002,2.799987273455,0.08269303836089992,0.08736061642362755,False,True,True
dgi,separated_droplets,ID,200,43,0.9795024938066798,1.0,2.8030584562080003,2.799987273455,0.08698030195342185,0.08736061642362755,False,True,True
dgi,separated_droplets,ID,200,44,0.9869076306559039,1.0,2.8107016864289998,2.799987273455,0.08211825743549873,0.08736061642362755,False,True,True
dgi,separated_droplets,ID,200,45,1.0213382644160645,1.0,2.8082346775885,2.799987273455,0.0851283879530417,0.08736061642362755,False,True,True
dgi,separated_droplets,ID,200,46,1.036709685272362,1.0,2.788675307066,2.799987273455,0.07761893505952985,0.08736061642362755,False,True,True
dgi,separated_droplets,ID,200,47,0.9900882523238178,1.0,2.792056804526,2.799987273455,0.08968034441083397,0.08736061642362755,False,True,True
dgi,separated_droplets,ID,200,48,0.9788848465824946,1.0,2.8101733008745002,2.799987273455,0.09729800127558007,0.08736061642362755,False,True,True
dgi,separated_droplets,ID,200,49,0.9868459163742328,1.0,2.802926290707,2.799987273455,0.08161572688090117,0.08736061642362755,False,True,True
dgi,separated_droplets,ID,200,50,1.0426070366704365,1.0,2.7915039469245,2.799987273455,0.08866944210756253,0.08736061642362755,False,True,True
dgi,separated_droplets,ID,200,51,0.9980465890175694,1.0,2.789935281649,2.799987273455,0.09156630255608444,0.08736061642362755,False,True,True
dgi,separated_droplets,ID,200,52,1.0328861366356996,1.0,2.8104028181365,2.799987273455,0.08446100101558818,0.08736061642362755,False,True,True
dgi,separated_droplets,ID,200,53,1.041234926049631,1.0,2.7994963733085,2.799987273455,0.08631017761015061,0.08736061642362755,False,True,True
dgi,separated_droplets,ID,200,54,0.9837586921725484,1.0,2.7996105600625,2.799987273455,0.08618954779865022,0.08736061642362755,False,True,True
dgi,separated_droplets,ID,200,55,0.9907966059154324,1.0,2.8068212051385,2.799987273455,0.09578906373203888,0.08736061642362755,False,True,True
dgi,separated_droplets,ID,200,56,1.0221716225249056,1.0,2.8026730151745003,2.799987273455,0.08261910539270029,0.08736061642362755,False,True,True
dgi,separated_droplets,ID,200,57,1.0233674440645761,1.0,2.80637503342,2.799987273455,0.0912522100804519,0.08736061642362755,False,True,True
dgi,separated_droplets,ID,200,58,0.9950666709387109,1.0,2.8049642894745,2.799987273455,0.07911879479308238,0.08736061642362755,False,True,True
dgi,separated_droplets,ID,200,59,0.974239056558438,1.0,2.7932970869365,2.799987273455,0.08666680425573035,0.08736061642362755,False,True,True
dgi,separated_droplets,ID,200,60,0.990141368826543,1.0,2.7957486189615004,2.799987273455,0.0818413582506641,0.08736061642362755,False,True,True
dgi,separated_droplets,ID,200,61,1.0067019545019742,1.0,2.8023246806279998,2.799987273455,0.08631073211459823,0.08736061642362755,False,True,True
dgi,separated_droplets,ID,200,62,1.0008228611715797,1.0,2.802666469439,2.799987273455,0.09009261378818434,0.08736061642362755,False,True,True
dgi,separated_droplets,ID,200,63,1.017756710871066,1.0,2.802770281422,2.799987273455,0.08653441835180059,0.08736061642362755,False,True,True
dgi,separated_droplets,ID,400,0,0.9999418840449139,1.0,2.8064856775114997,2.799987273455,0.07996020758111308,0.08736061642362755,False,True,True
dgi,separated_droplets,ID,400,1,0.9903441824744397,1.0,2.8015257154775,2.799987273455,0.09176813782220467,0.08736061642362755,False,True,True
dgi,separated_droplets,ID,400,2,0.9991082326136561,1.0,2.7999029358770002,2.799987273455,0.0863186209483627,0.08736061642362755,False,True,True
dgi,separated_droplets,ID,400,3,0.9890034597579707,1.0,2.7948706577194997,2.799987273455,0.09106342231858128,0.08736061642362755,False,True,True
dgi,separated_droplets,ID,400,4,0.9921158888083077,1.0,2.7980553489005002,2.799987273455,0.08134318958866107,0.08736061642362755,False,True,True
dgi,separated_droplets,ID,400,5,0.9831904481654848,1.0,2.8082380093995,2.799987273455,0.0849704939453593,0.08736061642362755,False,True,True
dgi,separated_droplets,ID,400,6,0.9741389493826496,1.0,2.8097916102065,2.799987273455,0.09125761606202751,0.08736061642362755,False,True,True
dgi,separated_droplets,ID,400,7,0.9984735640635594,1.0,2.798654737352,2.799987273455,0.08829564879930671,0.08736061642362755,False,True,True
dgi,separated_droplets,ID,400,8,1.033210690214832,1.0,2.7947707029839997,2.799987273455,0.07774924847591931,0.08736061642362755,False,True,True
dgi,separated_droplets,ID,400,9,0.9941273423095512,1.0,2.8006850345315,2.799987273455,0.08185010455860131,0.08736061642362755,False,True,True
dgi,separated_droplets,ID,400,10,1.0298219185456892,1.0,2.7967174584405,2.799987273455,0.07936965351032178,0.08736061642362755,False,True,True
dgi,separated_droplets,ID,400,11,0.9979305217288531,1.0,2.8046008601784997,2.799987273455,0.08640632032899091,0.08736061642362755,False,True,True
dgi,separated_droplets,ID,400,12,1.0045568549080002,1.0,2.8030606602595,2.799987273455,0.09210208318173672,0.08736061642362755,False,True,True
dgi,separated_droplets,ID,400,13,0.9819134785307357,1.0,2.798103471997,2.799987273455,0.089468584117596,0.08736061642362755,False,True,True
dgi,separated_droplets,ID,400,14,1.0022957898411398,1.0,2.7984523698435,2.799987273455,0.08982560202001803,0.08736061642362755,False,True,True
dgi,separated_droplets,ID,400,15,0.9970472965860252,1.0,2.796717717291,2.799987273455,0.08828565137928518,0.08736061642362755,False,True,True
dgi,separated_droplets,ID,400,16,0.9937516465205563,1.0,2.795453318649,2.799987273455,0.08996713574288659,0.08736061642362755,False,True,True
dgi,separated_droplets,ID,400,17,0.9953774104544102,1.0,2.807682145695,2.799987273455,0.09213593996487993,0.08736061642362755,False,True,True
dgi,separated_droplets,ID,400,18,0.9702686224966661,1.0,2.793516142814,2.799987273455,0.09521346473688877,0.08736061642362755,False,True,True
dgi,separated_droplets,ID,400,19,1.0244203060035213,1.0,2.8015295133265,2.799987273455,0.0843822188970087,0.08736061642362755,False,True,True
dgi,separated_droplets,ID,400,20,0.995884756922297,1.0,2.797607478812,2.799987273455,0.08983158475022279,0.08736061642362755,False,True,True
dgi,separated_droplets,ID,400,21,1.0325170328360938,1.0,2.8010869484155,2.799987273455,0.08118900570398008,0.08736061642362755,False,True,True
dgi,separated_droplets,ID,400,22,0.9950149201302819,1.0,2.803199843409,2.799987273455,0.08138279886290302,0.08736061642362755,False,True,True
dgi,separated_droplets,ID,400,23,1.0095697267493289,1.0,2.7994015429775,2.799987273455,0.0856020331242959,0.08736061642362755,False,True,True
dgi,separated_droplets,ID,400,24,0.9971110184485186,1.0,2.7984308878085002,2.799987273455,0.09159589883299478,0.08736061642362755,False,True,True
dgi,separated_droplets,ID,400,25,1.0022441125184733,1.0,2.8039805346755,2.799987273455,0.0882390593592341,0.08736061642362755,False,True,True
dgi,separated_droplets,ID,400,26,0.9953827033975858,1.0,2.7986813341185,2.799987273455,0.09414704738295489,0.08736061642362755,False,True,True
dgi,separated_droplets,ID,400,27,1.0343319384351743,1.0,2.797724755968,2.799987273455,0.08596550776849729,0.08736061642362755,False,True,True
dgi,separated_droplets,ID,400,28,0.9848813697811083,1.0,2.798526989629,2.799987273455,0.09348004963560685,0.08736061642362755,False,True,True
dgi,separated_droplets,ID,400,29,0.9882255847424343,1.0,2.801589459163,2.799987273455,0.08937855100947759,0.08736061642362755,False,True,True
dgi,separated_droplets,ID,400,30,1.001820676094168,1.0,2.789721447731,2.799987273455,0.08669072889845904,0.08736061642362755,False,True,True
dgi,separated_droplets,ID,400,31,1.0025585722759287,1.0,2.8034368311455,2.799987273455,0.08771956348646652,0.08736061642362755,False,True,True
dgi,separated_droplets,ID,400,32,1.0182333544527056,1.0,2.8008816626965,2.799987273455,0.07972329311183618,0.08736061642362755,False,True,True
dgi,separated_droplets,ID,400,33,1.0077165464192794,1.0,2.8035616396789997,2.799987273455,0.08767889217395408,0.08736061642362755,False,True,True
dgi,separated_droplets,ID,400,34,1.0102429750310107,1.0,2.7958220533620004,2.799987273455,0.08800567233092502,0.08736061642362755,False,True,True
dgi,separated_droplets,ID,400,35,0.9992844136430609,1.0,2.8032128987235003,2.799987273455,0.08241460023447447,0.08736061642362755,False,True,True
dgi,separated_droplets,ID,400,36,0.9785220980322098,1.0,2.8054696932135004,2.799987273455,0.09159150172135203,0.08736061642362755,False,True,True
dgi,separated_droplets,ID,400,37,1.005821424492159,1.0,2.7945167369285002,2.799987273455,0.08793691204270572,0.08736061642362755,False,True,True
dgi,separated_droplets,ID,400,38,1.0031895406415805,1.0,2.795924291803,2.799987273455,0.08566443476108368,0.08736061642362755,False,True,True
dgi,separated_droplets,ID,400,39,1.0189731816609564,1.0,2.8049326965235,2.799987273455,0.07936664795000847,0.08736061642362755,False,True,True
dgi,separated_droplets,ID,400,40,0.9834351885689374,1.0,2.8048898027435003,2.799987273455,0.09315792165733192,0.08736061642362755,False,True,True
dgi,separated_droplets,ID,400,41,0.9937662446143276,1.0,2.798492369853,2.799987273455,0.085641253919331,0.08736061642362755,False,True,True
dgi,separated_droplets,ID,400,42,1.0088792939874267,1.0,2.7972626211165004,2.799987273455,0.09309526062006598,0.08736061642362755,False,True,True
dgi,separated_droplets,ID,400,43,1.0072095830340906,1.0,2.809551864578,2.799987273455,0.08560042204347075,0.08736061642362755,False,True,True
dgi,separated_droplets,ID,400,44,1.00773245345647,1.0,2.798441230861,2.799987273455,0.08563931568624752,0.08736061642362755,False,True,True
dgi,separated_droplets,ID,400,45,0.9655361172736655,1.0,2.807940188422,2.799987273455,0.09181505555369121,0.08736061642362755,False,True,True
dgi,separated_droplets,ID,400,46,0.9972330623525336,1.0,2.8013116838455,2.799987273455,0.09017601748451119,0.08736061642362755,False,True,True
dgi,separated_droplets,ID,400,47,1.0216854826268675,1.0,2.7921791345265,2.799987273455,0.08438470012080757,0.08736061642362755,False,True,True
dgi,separated_droplets,ID,400,48,1.0094054559723082,1.0,2.809467386842,2.799987273455,0.0864405669122422,0.08736061642362755,False,True,True
dgi,separated_droplets,ID,400,49,1.0151433972050503,1.0,2.8048524901545,2.799987273455,0.08283238805268049,0.08736061642362755,False,True,True
dgi,separated_droplets,ID,400,50,1.030845654928341,1.0,2.7951846939219998,2.799987273455,0.09065003360646726,0.08736061642362755,False,True,True
dgi,separated_droplets,ID,400,51,0.998029330760204,1.0,2.7936847398585,2.799987273455,0.09379985278901116,0.08736061642362755,False,True,True
dgi,separated_droplets,ID,400,52,0.9910560841665588,1.0,2.794258420641,2.799987273455,0.09559187793050675,0.08736061642362755,False,True,True
dgi,separated_droplets,ID,400,53,1.0192838019818584,1.0,2.8001364759515,2.799987273455,0.08656587169913789,0.08736061642362755,False,True,True
dgi,separated_droplets,ID,400,54,0.9568045514660731,1.0,2.8023662463020003,2.799987273455,0.0868749327493143,0.08736061642362755,False,True,True
dgi,separated_droplets,ID,400,55,0.9892548938495688,1.0,2.801439193482,2.799987273455,0.08518790916298791,0.08736061642362755,False,True,True
dgi,separated_droplets,ID,400,56,0.9704007260539231,1.0,2.79815934455,2.799987273455,0.09098638006800874,0.08736061642362755,False,True,True
dgi,separated_droplets,ID,400,57,0.9572930378986241,1.0,2.8070680913799997,2.799987273455,0.0924127682862815,0.08736061642362755,False,True,True
dgi,separated_droplets,ID,400,58,0.9996132132333417,1.0,2.8016796589329998,2.799987273455,0.09079226350419092,0.08736061642362755,False,True,True
dgi,separated_droplets,ID,400,59,0.9797013126938577,1.0,2.796167865913,2.799987273455,0.09019276695519254,0.08736061642362755,False,True,True
dgi,separated_droplets,ID,400,60,0.9790934040860437,1.0,2.7959730666100002,2.799987273455,0.08483464701820848,0.08736061642362755,False,True,True
dgi,separated_droplets,ID,400,61,0.9838257674228128,1.0,2.798602934233,2.799987273455,0.08935188727307555,0.08736061642362755,False,True,True
dgi,separated_droplets,ID,400,62,0.9818725156855435,1.0,2.803321388672,2.799987273455,0.08615913569717135,0.08736061642362755,False,True,True
dgi,separated_droplets,ID,400,63,0.9745862746969601,1.0,2.8048246616685,2.799987273455,0.08331056764905959,0.08736061642362755,False,True,True
dpfi,connected_modulated,SSP,25,0,1.006310988666273,1.0,2.8045103096175,2.751540046488,0.6258467040637289,0.6494770333465083,False,True,True
dpfi,connected_modulated,SSP,25,1,1.0173849603430083,1.0,2.7591496902765,2.751540046488,0.5398433671772305,0.6494770333465083,False,True,True
dpfi,connected_modulated,SSP,25,2,0.9939451089681643,1.0,2.7230549172875,2.751540046488,0.6929277940976158,0.6494770333465083,False,True,True
dpfi,connected_modulated,SSP,25,3,0.9618031123098291,1.0,2.7358948108780003,2.751540046488,0.6178022986917544,0.6494770333465083,False,True,True
dpfi,connected_modulated,SSP,25,4,1.034671608196202,1.0,2.709302026244,2.751540046488,0.645532556309755,0.6494770333465083,False,True,True
dpfi,connected_modulated,SSP,25,5,0.9841872690993343,1.0,2.5914845728299998,2.751540046488,0.6872894261796316,0.6494770333465083,False,True,True
dpfi,connected_modulated,SSP,25,6,0.9700127868399068,1.0,2.764784156927,2.751540046488,0.6299276153468087,0.6494770333465083,False,True,True
dpfi,connected_modulated,SSP,25,7,1.0138945794110747,1.0,2.7546792839625,2.751540046488,0.6745604502384399,0.6494770333465083,False,True,True
dpfi,connected_modulated,SSP,25,8,1.0069396393623062,1.0,2.6945124584635,2.751540046488,0.6927707880998913,0.6494770333465083,False,True,True
dpfi,connected_modulated,SSP,25,9,0.9682233766011286,1.0,2.7007983431585,2.751540046488,0.6698032636077405,0.6494770333465083,False,True,True
dpfi,connected_modulated,SSP,25,10,1.0344186625535983,1.0,2.693996806889,2.751540046488,0.7477977357082262,0.6494770333465083,False,True,True
dpfi,connected_modulated,SSP,25,11,1.115618688615099,1.0,2.8230478866295003,2.751540046488,0.6619416287602375,0.6494770333465083,False,False,True
dpfi,connected_modulated,SSP,25,12,1.035507867645389,1.0,2.6431263692165,2.751540046488,0.6246863652909314,0.6494770333465083,False,True,True
dpfi,connected_modulated,SSP,25,13,1.0676748498204187,1.0,2.7778734066995,2.751540046488,0.6340588182041463,0.6494770333465083,False,True,True
dpfi,connected_modulated,SSP,25,14,0.9902335988614327,1.0,2.802539171965,2.751540046488,0.6081949132890442,0.6494770333465083,False,True,True
dpfi,connected_modulated,SSP,25,15,1.0320448108611386,1.0,2.6983705039585,2.751540046488,0.6895548147848972,0.6494770333465083,False,True,True
dpfi,connected_modulated,SSP,25,16,1.0386757125117467,1.0,2.7486334454245,2.751540046488,0.6749965076896451,0.6494770333465083,False,True,True
dpfi,connected_modulated,SSP,25,17,1.0478613651323767,1.0,2.7099958039720002,2.751540046488,0.7172562381913472,0.6494770333465083,False,True,True
dpfi,connected_modulated,SSP,25,18,1.0474843573220582,1.0,2.7481470371965,2.751540046488,0.6828207573989789,0.6494770333465083,False,True,True
dpfi,connected_modulated,SSP,25,19,1.0170071175256863,1.0,2.7926865453780003,2.751540046488,0.5584796232886919,0.6494770333465083,False,True,True
dpfi,connected_modulated,SSP,25,20,0.9786118702987541,1.0,2.675940187195,2.751540046488,0.6419156494923841,0.6494770333465083,False,True,True
dpfi,connected_modulated,SSP,25,21,0.9907014929386883,1.0,2.6990588133255002,2.751540046488,0.6625525719319427,0.6494770333465083,False,True,True
dpfi,connected_modulated,SSP,25,22,0.9769796243829193,1.0,2.733011557287,2.751540046488,0.6588930466648721,0.6494770333465083,False,True,True
dpfi,connected_modulated,SSP,25,23,1.0123993752543294,1.0,2.7689581750565,2.751540046488,0.6091505705664655,0.6494770333465083,False,True,True
dpfi,connected_modulated,SSP,25,24,0.9628482282856349,1.0,2.758888428068,2.751540046488,0.7189282749612567,0.6494770333465083,False,True,True
dpfi,connected_modulated,SSP,25,25,1.046810388141132,1.0,2.7808174682265,2.751540046488,0.6169075627399194,0.6494770333465083,False,True,True
dpfi,connected_modulated,SSP,25,26,1.0422465241275936,1.0,2.742612474134,2.751540046488,0.723416219073963,0.6494770333465083,False,True,True
dpfi,connected_modulated,SSP,25,27,0.9994964012680972,1.0,2.6712337673305,2.751540046488,0.7114711639682242,0.6494770333465083,False,True,True
dpfi,connected_modulated,SSP,25,28,0.9714242331920531,1.0,2.799233628568,2.751540046488,0.6468293457057201,0.6494770333465083,False,True,True
dpfi,connected_modulated,SSP,25,29,0.9644831775172178,1.0,2.7100949865275,2.751540046488,0.6658087188920654,0.6494770333465083,False,True,True
dpfi,connected_modulated,SSP,25,30,1.0365320126408157,1.0,2.7471053097724996,2.751540046488,0.7546768949406264,0.6494770333465083,False,True,True
dpfi,connected_modulated,SSP,25,31,0.9817016633983744,1.0,2.7608172754730003,2.751540046488,0.6816369901669724,0.6494770333465083,False,True,True
dpfi,connected_modulated,SSP,25,32,0.98085403886901,1.0,2.5860651797539997,2.751540046488,0.7147086239945869,0.6494770333465083,False,True,True
dpfi,connected_modulated,SSP,25,33,0.9794840866263994,1.0,2.7979989864715,2.751540046488,0.6918724787728225,0.6494770333465083,False,True,True
dpfi,connected_modulated,SSP,25,34,0.9712994785028151,1.0,2.7594510605764997,2.751540046488,0.6423826047706394,0.6494770333465083,False,True,True
dpfi,connected_modulated,SSP,25,35,1.0195410696025433,1.0,2.7199852029724996,2.751540046488,0.5702727399926348,0.6494770333465083,False,True,True
dpfi,connected_modulated,SSP,25,36,0.9821140368878783,1.0,2.688820163964,2.751540046488,0.689978445066855,0.6494770333465083,False,True,True
dpfi,connected_modulated,SSP,25,37,1.0338805963556073,1.0,2.7838312466475,2.751540046488,0.6382050403172668,0.6494770333465083,False,True,True
dpfi,connected_modulated,SSP,25,38,0.9548457840907276,1.0,2.714583453244,2.751540046488,0.6394504682295137,0.6494770333465083,False,True,True
dpfi,connected_modulated,SSP,25,39,1.009859679576841,1.0,2.7420411437655,2.751540046488,0.7574432067106829,0.6494770333465083,False,True,True
dpfi,connected_modulated,SSP,25,40,0.9903958100182632,1.0,2.6744846669775,2.751540046488,0.7668264885666458,0.6494770333465083,False,True,True
dpfi,connected_modulated,SSP,25,41,1.016029602474016,1.0,2.733579086228,2.751540046488,0.6522788223201281,0.6494770333465083,False,True,True
dpfi,connected_modulated,SSP,25,42,0.9581629880355436,1.0,2.6936586825855002,2.751540046488,0.626884744706317,0.6494770333465083,False,True,True
dpfi,connected_modulated,SSP,25,43,0.9979184857553323,1.0,2.739695581728,2.751540046488,0.6746551516998193,0.6494770333465083,False,True,True
dpfi,connected_modulated,SSP,25,44,1.0682677478704974,1.0,2.6811966947985,2.751540046488,0.7200084215963423,0.6494770333465083,False,True,True
dpfi,connected_modulated,SSP,25,45,0.979499756568556,1.0,2.768425141394,2.751540046488,0.7550025636951703,0.6494770333465083,False,True,True
dpfi,connected_modulated,SSP,25,46,1.0033574508768341,1.0,2.749222355213,2.751540046488,0.5495703211814793,0.6494770333465083,False,True,True
dpfi,connected_modulated,SSP,25,47,0.9753552001336274,1.0,2.7620783285900004,2.751540046488,0.6489268245437315,0.6494770333465083,False,True,True
dpfi,connected_modulated,SSP,25,48,0.9934844391665201,1.0,2.67561261891,2.751540046488,0.6930189761737702,0.6494770333465083,False,True,True
dpfi,connected_modulated,SSP,25,49,0.963701948811058,1.0,2.7434046982905,2.751540046488,0.6623698332036896,0.6494770333465083,False,True,True
dpfi,connected_modulated,SSP,25,50,1.0157748547538563,1.0,2.8244386611375,2.751540046488,0.6125498838712543,0.6494770333465083,False,True,True
dpfi,connected_modulated,SSP,25,51,1.0202819443792084,1.0,2.7048621457240003,2.751540046488,0.7118306388133048,0.6494770333465083,False,True,True
dpfi,connected_modulated,SSP,25,52,1.0350016690998516,1.0,2.9190859863855003,2.751540046488,0.5873749234401058,0.6494770333465083,False,True,True
dpfi,connected_modulated,SSP,25,53,0.9856047035596167,1.0,2.700231568465,2.751540046488,0.6020856577568999,0.6494770333465083,False,True,True
dpfi,connected_modulated,SSP,25,54,1.0259640948332465,1.0,2.761491003813,2.751540046488,0.6148125390498501,0.6494770333465083,False,True,True
dpfi,connected_modulated,SSP,25,55,1.007023795008458,1.0,2.732372014439,2.751540046488,0.6214535140895292,0.6494770333465083,False,True,True
dpfi,connected_modulated,SSP,25,56,1.0399632059912627,1.0,2.884393154571,2.751540046488,0.6060045667989767,0.6494770333465083,False,True,True
dpfi,connected_modulated,SSP,25,57,1.0140709128893102,1.0,2.8078827043940002,2.751540046488,0.652988968128107,0.6494770333465083,False,True,True
dpfi,connected_modulated,SSP,25,58,0.9974239460136504,1.0,2.7079126281850003,2.751540046488,0.680754373795549,0.6494770333465083,False,True,True
dpfi,connected_modulated,SSP,25,59,0.9708094201364554,1.0,2.673266123997,2.751540046488,0.7343773597650982,0.6494770333465083,False,True,True
dpfi,connected_modulated,SSP,25,60,1.0243287567964607,1.0,2.8025745584435002,2.751540046488,0.5903610551508145,0.6494770333465083,False,True,True
dpfi,connected_modulated,SSP,25,61,1.02316960334829,1.0,2.601729917375,2.751540046488,0.7724824067281038,0.6494770333465083,False,True,True
dpfi,connected_modulated,SSP,25,62,0.9799587888751968,1.0,2.7644268404395,2.751540046488,0.620574346350218,0.6494770333465083,False,True,True
dpfi,connected_modulated,SSP,25,63,0.9786532897187628,1.0,2.7519612075369997,2.751540046488,0.5549050068743209,0.6494770333465083,False,True,True
dpfi,connected_modulated,SSP,50,0,0.9750302188201073,1.0,2.8253613144005003,2.751540046488,0.593512141228162,0.6494770333465083,False,True,True
dpfi,connected_modulated,SSP,50,1,1.032378840399536,1.0,2.780749019895,2.751540046488,0.6769937235220912,0.6494770333465083,False,True,True
dpfi,connected_modulated,SSP,50,2,0.9964586051462294,1.0,2.8203255773644997,2.751540046488,0.6213435184885805,0.6494770333465083,False,True,True
dpfi,connected_modulated,SSP,50,3,1.0051838117991312,1.0,2.7362909351665,2.751540046488,0.692018342362958,0.6494770333465083,False,True,True
dpfi,connected_modulated,SSP,50,4,0.9991337993215473,1.0,2.7858510075445,2.751540046488,0.6522463448882012,0.6494770333465083,False,True,True
dpfi,connected_modulated,SSP,50,5,0.9910494502450383,1.0,2.7372962905250002,2.751540046488,0.7086837532830226,0.6494770333465083,False,True,True
dpfi,connected_modulated,SSP,50,6,1.021856590334665,1.0,2.7891391202015,2.751540046488,0.7258158374263947,0.6494770333465083,False,True,True
dpfi,connected_modulated,SSP,50,7,1.0326537451584972,1.0,2.749894090864,2.751540046488,0.7123229014927487,0.6494770333465083,False,True,True
dpfi,connected_modulated,SSP,50,8,1.0414803485425905,1.0,2.7597853246410002,2.751540046488,0.5873170304238646,0.6494770333465083,False,True,True
dpfi,connected_modulated,SSP,50,9,1.0402310291635861,1.0,2.7498957045,2.751540046488,0.6571853954084276,0.6494770333465083,False,True,True
dpfi,connected_modulated,SSP,50,10,1.0046294176429293,1.0,2.7061824909089998,2.751540046488,0.6499228745117527,0.6494770333465083,False,True,True
dpfi,connected_modulated,SSP,50,11,0.9787936988388307,1.0,2.7762721969550004,2.751540046488,0.5764687391346,0.6494770333465083,False,True,True
dpfi,connected_modulated,SSP,50,12,0.9916586542025517,1.0,2.7303498553195,2.751540046488,0.6752788199580189,0.6494770333465083,False,True,True
dpfi,connected_modulated,SSP,50,13,1.0153533262460679,1.0,2.7716530087805,2.751540046488,0.5934102695917781,0.6494770333465083,False,True,True
dpfi,connected_modulated,SSP,50,14,1.0061929960093587,1.0,2.752432648238,2.751540046488,0.6338679807449865,0.6494770333465083,False,True,True
dpfi,connected_modulated,SSP,50,15,1.0056186996330572,1.0,2.7468376928355003,2.751540046488,0.6702924154080157,0.6494770333465083,False,True,True
dpfi,connected_modulated,SSP,50,16,1.029898509674777,1.0,2.7259199597035,2.751540046488,0.669536905512119,0.6494770333465083,False,True,True
dpfi,connected_modulated,SSP,50,17,0.9897470799893248,1.0,2.775278875655,2.751540046488,0.6180554857439562,0.6494770333465083,False,True,True
dpfi,connected_modulated,SSP,50,18,1.0204441070660855,1.0,2.7156493437635003,2.751540046488,0.6317864408680095,0.6494770333465083,False,True,True
dpfi,connected_modulated,SSP,50,19,1.0333842013254277,1.0,2.7367195753005,2.751540046488,0.6507034617159417,0.6494770333465083,False,True,True
dpfi,connected_modulated,SSP,50,20,0.9986516544955998,1.0,2.7578514021525002,2.751540046488,0.6699431512061478,0.6494770333465083,False,True,True
dpfi,connected_modulated,SSP,50,21,1.0109032562367684,1.0,2.725797829919,2.751540046488,0.7381480864428034,0.6494770333465083,False,True,True
dpfi,connected_modulated,SSP,50,22,1.0154414834784191,1.0,2.7699029167705,2.751540046488,0.636351814821949,0.6494770333465083,False,True,True
dpfi,connected_modulated,SSP,50,23,1.0001399165922664,1.0,2.75035200531,2.751540046488,0.6181875717396084,0.6494770333465083,False,True,True
dpfi,connected_modulated,SSP,50,24,1.018122083953803,1.0,2.7688179488025,2.751540046488,0.6619580607810261,0.6494770333465083,False,True,True
dpfi,connected_modulated,SSP,50,25,0.9792804004301106,1.0,2.7230922899045,2.751540046488,0.6764731230798348,0.6494770333465083,False,True,True
dpfi,connected_modulated,SSP,50,26,1.0035493465380105,1.0,2.7345874646635,2.751540046488,0.6398422679270217,0.6494770333465083,False,True,True
dpfi,connected_modulated,SSP,50,27,0.9732931263645361,1.0,2.737518979253,2.751540046488,0.6460108690177829,0.6494770333465083,False,True,False
dpfi,connected_modulated,SSP,50,28,1.0055699844745174,1.0,2.767041375592,2.751540046488,0.6547227342799541,0.6494770333465083,False,True,True
dpfi,connected_modulated,SSP,50,29,1.0270658506215362,1.0,2.776206346956,2.751540046488,0.6380497059212555,0.6494770333465083,False,False,True
dpfi,connected_modulated,SSP,50,30,1.021158094738694,1.0,2.6676837220815,2.751540046488,0.6971308837858785,0.6494770333465083,False,True,True
dpfi,connected_modulated,SSP,50,31,1.0009163176804803,1.0,2.7207422750954997,2.751540046488,0.6211738277704741,0.6494770333465083,False,True,True
dpfi,connected_modulated,SSP,50,32,0.9875660365739644,1.0,2.799651738963,2.751540046488,0.6214248258171944,0.6494770333465083,False,True,True
dpfi,connected_modulated,SSP,50,33,1.005030805613141,1.0,2.8027105838975,2.751540046488,0.5611539594091502,0.6494770333465083,False,True,True
dpfi,connected_modulated,SSP,50,34,1.0080592190959634,1.0,2.7219657296945,2.751540046488,0.6749834881903283,0.6494770333465083,False,True,True
dpfi,connected_modulated,SSP,50,35,1.0028251988268868,1.0,2.78826513907,2.751540046488,0.6519159306187536,0.6494770333465083,False,True,True
dpfi,connected_modulated,SSP,50,36,1.0110699863274368,1.0,2.818900227564,2.751540046488,0.6375469918397172,0.6494770333465083,False,True,True
dpfi,connected_modulated,SSP,50,37,1.0190980775716494,1.0,2.7590174674515,2.751540046488,0.6594877759191308,0.6494770333465083,False,True,True
dpfi,connected_modulated,SSP,50,38,1.027326571631657,1.0,2.7131002272065,2.751540046488,0.6921604351039665,0.6494770333465083,False,True,True
dpfi,connected_modulated,SSP,50,39,1.0090846411949612,1.0,2.7395113165905,2.751540046488,0.6815620074063276,0.6494770333465083,False,True,True
dpfi,connected_modulated,SSP,50,40,0.9974268181582963,1.0,2.7994966206825,2.751540046488,0.5696222456540585,0.6494770333465083,False,True,True
dpfi,connected_modulated,SSP,50,41,0.9674935946264882,1.0,2.751137508453,2.751540046488,0.6731303863152661,0.6494770333465083,False,True,True
dpfi,connected_modulated,SSP,50,42,0.9709649126473034,1.0,2.779901025407,2.751540046488,0.6523390291309402,0.6494770333465083,False,True,True
dpfi,connected_modulated,SSP,50,43,1.005780457647989,1.0,2.7923163024335,2.751540046488,0.5986631588259375,0.6494770333465083,False,True,True
dpfi,connected_modulated,SSP,50,44,0.9922449928989093,1.0,2.7326672378490002,2.751540046488,0.6122483450782956,0.6494770333465083,False,True,True
dpfi,connected_modulated,SSP,50,45,0.9868221017953888,1.0,2.746661037235,2.751540046488,0.6135944140249278,0.6494770333465083,False,True,True
dpfi,connected_modulated,SSP,50,46,1.0116290485514219,1.0,2.84911315564,2.751540046488,0.5632311224154438,0.6494770333465083,False,True,True
dpfi,connected_modulated,SSP,50,47,0.9804789292376491,1.0,2.7430930887634997,2.751540046488,0.6908385197124516,0.6494770333465083,False,True,True
dpfi,connected_modulated,SSP,50,48,0.9995476500193293,1.0,2.7744045797765002,2.751540046488,0.646163986337528,0.6494770333465083,False,True,True
dpfi,connected_modulated,SSP,50,49,0.9809969749561749,1.0,2.7335747429515003,2.751540046488,0.610627840589554,0.6494770333465083,False,True,True
dpfi,connected_modulated,SSP,50,50,1.0105503804031426,1.0,2.7472927808655,2.751540046488,0.6278801053452093,0.6494770333465083,False,True,True
dpfi,connected_modulated,SSP,50,51,1.013565656111997,1.0,2.696558671108,2.751540046488,0.6635175152591375,0.6494770333465083,False,True,True
dpfi,connected_modulated,SSP,50,52,1.0134422022715104,1.0,2.7772684646265002,2.751540046488,0.6744636839034392,0.6494770333465083,False,True,True
dpfi,connected_modulated,SSP,50,53,1.0060416952878057,1.0,2.726098548232,2.751540046488,0.6697121112537778,0.6494770333465083,False,True,True
dpfi,connected_modulated,SSP,50,54,1.0235692281612625,1.0,2.73266148146,2.751540046488,0.63056087617485,0.6494770333465083,False,True,True
dpfi,connected_modulated,SSP,50,55,1.0093504298752696,1.0,2.7994544973115,2.751540046488,0.612505308214792,0.6494770333465083,False,True,True
dpfi,connected_modulated,SSP,50,56,1.0260069389713633,1.0,2.7172636043565,2.751540046488,0.6283569682837982,0.6494770333465083,False,True,True
dpfi,connected_modulated,SSP,50,57,1.016777296884292,1.0,2.8148146001575,2.751540046488,0.6125257212843376,0.6494770333465083,False,True,True
dpfi,connected_modulated,SSP,50,58,1.0398690740587038,1.0,2.7594420318095,2.751540046488,0.6753900113111077,0.6494770333465083,False,True,True
dpfi,connected_modulated,SSP,50,59,1.0012169998596647,1.0,2.788941581509,2.751540046488,0.6782028797668982,0.6494770333465083,False,True,True
dpfi,connected_modulated,SSP,50,60,0.9854450450872639,1.0,2.7630923224685002,2.751540046488,0.6172462932955689,0.6494770333465083,False,True,True
dpfi,connected_modulated,SSP,50,61,0.9876703167678437,1.0,2.7514076188045,2.751540046488,0.6788665508368023,0.6494770333465083,False,True,True
dpfi,connected_modulated,SSP,50,62,0.9979434541977827,1.0,2.7739725338075,2.751540046488,0.6437949753959318,0.6494770333465083,False,True,True
dpfi,connected_modulated,SSP,50,63,0.9756280352505485,1.0,2.7475568805865,2.751540046488,0.6852226265937095,0.6494770333465083,False,True,True
dpfi,connected_modulated,SSP,100,0,1.0143270417660342,1.0,2.7584193718309997,2.751540046488,0.6351858632562302,0.6494770333465083,False,True,True
dpfi,connected_modulated,SSP,100,1,1.0113118113143196,1.0,2.747012623627,2.751540046488,0.6460576693900315,0.6494770333465083,False,True,True
dpfi,connected_modulated,SSP,100,2,0.9951012054477744,1.0,2.714400798014,2.751540046488,0.6605385096950926,0.6494770333465083,False,True,True
dpfi,connected_modulated,SSP,100,3,1.0143772723384585,1.0,2.781087229673,2.751540046488,0.6599582678041818,0.6494770333465083,False,True,True
dpfi,connected_modulated,SSP,100,4,1.0194492867536893,1.0,2.773545171935,2.751540046488,0.6026386983066713,0.6494770333465083,False,True,True
dpfi,connected_modulated,SSP,100,5,0.9908811646636558,1.0,2.7600491688775,2.751540046488,0.6008826081615446,0.6494770333465083,False,True,True
dpfi,connected_modulated,SSP,100,6,0.9846146530752355,1.0,2.7545765883640003,2.751540046488,0.6593899050386106,0.6494770333465083,False,True,True
dpfi,connected_modulated,SSP,100,7,0.9920242479548171,1.0,2.72181992086,2.751540046488,0.6878546508962922,0.6494770333465083,False,True,True
dpfi,connected_modulated,SSP,100,8,0.9959364167965317,1.0,2.7021675189604997,2.751540046488,0.6698199558251738,0.6494770333465083,False,True,True
dpfi,connected_modulated,SSP,100,9,0.9919767399578583,1.0,2.7468207841945,2.751540046488,0.6779603531493837,0.6494770333465083,False,True,True
dpfi,connected_modulated,SSP,100,10,1.0011404044937928,1.0,2.745541791644,2.751540046488,0.6237540578026308,0.6494770333465083,False,True,True
dpfi,connected_modulated,SSP,100,11,0.9733771594545919,1.0,2.7291092699175,2.751540046488,0.6619694781566137,0.6494770333465083,False,True,True
dpfi,connected_modulated,SSP,100,12,1.0137951388834339,1.0,2.7109867030625,2.751540046488,0.6995273437671304,0.6494770333465083,False,True,True
dpfi,connected_modulated,SSP,100,13,1.0033324197613704,1.0,2.7673186022819998,2.751540046488,0.6238978734057808,0.6494770333465083,False,True,True
dpfi,connected_modulated,SSP,100,14,1.0108818570075395,1.0,2.753239549679,2.751540046488,0.6703966237650727,0.6494770333465083,False,True,True
dpfi,connected_modulated,SSP,100,15,1.002417706024805,1.0,2.754027231895,2.751540046488,0.5800941478072454,0.6494770333465083,False,True,True
dpfi,connected_modulated,SSP,100,16,1.0084229333458812,1.0,2.758455035054,2.751540046488,0.5678715765139027,0.6494770333465083,False,True,True
dpfi,connected_modulated,SSP,100,17,0.9799209473784901,1.0,2.767172435502,2.751540046488,0.6425346828025696,0.6494770333465083,False,True,True
dpfi,connected_modulated,SSP,100,18,0.9882948354541954,1.0,2.7073961176695,2.751540046488,0.6704165253353842,0.6494770333465083,False,True,True
dpfi,connected_modulated,SSP,100,19,1.013614016771061,1.0,2.7140911327154997,2.751540046488,0.664014491663605,0.6494770333465083,False,True,True
dpfi,connected_modulated,SSP,100,20,0.9955334770289108,1.0,2.720567489675,2.751540046488,0.6216674716040638,0.6494770333465083,False,True,True
dpfi,connected_modulated,SSP,100,21,0.9899875732185339,1.0,2.7886932518965,2.751540046488,0.643316153765938,0.6494770333465083,False,True,True
dpfi,connected_modulated,SSP,100,22,0.9849760851195868,1.0,2.790208283374,2.751540046488,0.6246075896900061,0.6494770333465083,False,True,True
dpfi,connected_modulated,SSP,100,23,1.0231278677431594,1.0,2.746310381366,2.751540046488,0.6904919816425762,0.6494770333465083,False,True,True
dpfi,connected_modulated,SSP,100,24,0.997383014096843,1.0,2.7460195817015,2.751540046488,0.6767701181192703,0.6494770333465083,False,True,True
dpfi,connected_modulated,SSP,100,25,1.0114526639744656,1.0,2.769815345464,2.751540046488,0.595724132651885,0.6494770333465083,False,True,True
dpfi,connected_modulated,SSP,100,26,1.0083848796542194,1.0,2.7823886603735,2.751540046488,0.6290669984171506,0.6494770333465083,False,True,True
dpfi,connected_modulated,SSP,100,27,1.0074125314254752,1.0,2.786908182739,2.751540046488,0.6241125052259334,0.6494770333465083,False,True,True
dpfi,connected_modulated,SSP,100,28,0.9851494979631387,1.0,2.713975820411,2.751540046488,0.6506777219536285,0.6494770333465083,False,True,True
dpfi,connected_modulated,SSP,100,29,1.0017788874653597,1.0,2.725969727992,2.751540046488,0.665483549217861,0.6494770333465083,False,True,True
dpfi,connected_modulated,SSP,100,30,0.9786276775458014,1.0,2.7091309439155,2.751540046488,0.7037184472195062,0.6494770333465083,False,True,True
dpfi,connected_modulated,SSP,100,31,0.9995447921236973,1.0,2.7213142584125,2.751540046488,0.6530931270195983,0.6494770333465083,False,True,True
dpfi,connected_modulated,SSP,100,32,1.0050636099647412,1.0,2.7962927725115,2.751540046488,0.658497901992659,0.6494770333465083,False,True,True
dpfi,connected_modulated,SSP,100,33,1.00445125796837,1.0,2.7539655280615003,2.751540046488,0.6251516595604358,0.6494770333465083,False,True,True
dpfi,connected_modulated,SSP,100,34,1.0268449971214806,1.0,2.7579712744685,2.751540046488,0.6592008117470622,0.6494770333465083,False,True,True
dpfi,connected_modulated,SSP,100,35,0.9961413680576631,1.0,2.7894267610495,2.751540046488,0.6283841903361487,0.6494770333465083,False,True,True
dpfi,connected_modulated,SSP,100,36,0.9849168425261918,1.0,2.6978013478745,2.751540046488,0.6728694473749688,0.6494770333465083,False,True,True
dpfi,connected_modulated,SSP,100,37,0.9719413610894392,1.0,2.781702547952,2.751540046488,0.6628742808815333,0.6494770333465083,False,True,True
dpfi,connected_modulated,SSP,100,38,0.9905079190161294,1.0,2.7345176301205,2.751540046488,0.6249538302114956,0.6494770333465083,False,True,True
dpfi,connected_modulated,SSP,100,39,1.0126633375715688,1.0,2.7518782917035,2.751540046488,0.6387662149113194,0.6494770333465083,False,True,True
dpfi,connected_modulated,SSP,100,40,0.9909884351960346,1.0,2.747801300754,2.751540046488,0.6666840712400014,0.6494770333465083,False,True,True
dpfi,connected_modulated,SSP,100,41,1.0046123606931823,1.0,2.7651998450745,2.751540046488,0.6844054953597147,0.6494770333465083,False,True,True
dpfi,connected_modulated,SSP,100,42,0.9974788437574312,1.0,2.7274278938085,2.751540046488,0.6893807921006486,0.6494770333465083,False,True,True
dpfi,connected_modulated,SSP,100,43,1.012540090878462,1.0,2.7678773840015003,2.751540046488,0.6654905170855037,0.6494770333465083,False,True,True
dpfi,connected_modulated,SSP,100,44,0.9827499408585403,1.0,2.7502273054895,2.751540046488,0.6758764863569111,0.6494770333465083,False,True,True
dpfi,connected_modulated,SSP,100,45,0.9777557561090253,1.0,2.6963996348909998,2.751540046488,0.6356202381982741,0.6494770333465083,False,True,True
dpfi,connected_modulated,SSP,100,46,0.9897450287789945,1.0,2.7070055254709997,2.751540046488,0.6539787163704207,0.6494770333465083,False,True,True
dpfi,connected_modulated,SSP,100,47,0.992589239309159,1.0,2.7304597381565,2.751540046488,0.664500806437726,0.6494770333465083,False,True,True
dpfi,connected_modulated,SSP,100,48,0.996950714619492,1.0,2.726643786195,2.751540046488,0.6950736698712228,0.6494770333465083,False,True,True
dpfi,connected_modulated,SSP,100,49,1.0031527463960204,1.0,2.7495881589125,2.751540046488,0.6609864740882787,0.6494770333465083,False,True,True
dpfi,connected_modulated,SSP,100,50,1.000178586590431,1.0,2.7547846080165,2.751540046488,0.6470811128079309,0.6494770333465083,False,True,True
dpfi,connected_modulated,SSP,100,51,0.9984564359079438,1.0,2.7654591398555,2.751540046488,0.6702909977318388,0.6494770333465083,False,True,True
dpfi,connected_modulated,SSP,100,52,1.023689603128704,1.0,2.7594140700755,2.751540046488,0.6252225386474065,0.6494770333465083,False,True,True
dpfi,connected_modulated,SSP,100,53,1.0045565576691466,1.0,2.779975142112,2.751540046488,0.6465872749840922,0.6494770333465083,False,True,True
dpfi,connected_modulated,SSP,100,54,1.0142420875604807,1.0,2.751566087756,2.751540046488,0.653477374824659,0.6494770333465083,False,True,True
dpfi,connected_modulated,SSP,100,55,1.004780153729447,1.0,2.718474781019,2.751540046488,0.6637864935179775,0.6494770333465083,False,True,True
dpfi,connected_modulated,SSP,100,56,0.9924901329519437,1.0,2.7680814165319996,2.751540046488,0.637474624601038,0.6494770333465083,False,True,True
dpfi,connected_modulated,SSP,100,57,1.0050317397538926,1.0,2.760981731169,2.751540046488,0.6153557741709561,0.6494770333465083,False,True,True
dpfi,connected_modulated,SSP,100,58,0.9994214799303877,1.0,2.7587632608790003,2.751540046488,0.6349007471302468,0.6494770333465083,False,True,True
dpfi,connected_modulated,SSP,100,59,1.0144816590891617,1.0,2.7599338850385,2.751540046488,0.6407477305105789,0.6494770333465083,False,True,True
dpfi,connected_modulated,SSP,100,60,1.0045936752313995,1.0,2.768268919374,2.751540046488,0.6230149534500745,0.6494770333465083,False,True,True
dpfi,connected_modulated,SSP,100,61,0.9906076822790806,1.0,2.7312839529275,2.751540046488,0.6490868778311112,0.6494770333465083,False,True,True
dpfi,connected_modulated,SSP,100,62,1.0053956785511,1.0,2.6534881548585,2.751540046488,0.7251116978404017,0.6494770333465083,False,True,True
dpfi,connected_modulated,SSP,100,63,1.0031963440275409,1.0,2.771458567378,2.751540046488,0.6387793497886075,0.6494770333465083,False,True,True
dpfi,connected_modulated,SSP,200,0,0.9956975289958904,1.0,2.7415495873194997,2.751540046488,0.6490279213589261,0.6494770333465083,False,True,True
dpfi,connected_modulated,SSP,200,1,0.9914846018172387,1.0,2.743009787749,2.751540046488,0.6615809332963789,0.6494770333465083,False,True,True
dpfi,connected_modulated,SSP,200,2,0.9971867612142066,1.0,2.7719720364185,2.751540046488,0.6257849983192274,0.6494770333465083,False,True,True
dpfi,connected_modulated,SSP,200,3,0.986979110596595,1.0,2.775564107263,2.751540046488,0.6578149405632343,0.6494770333465083,False,True,True
dpfi,connected_modulated,SSP,200,4,0.98851082041787,1.0,2.7446583218439997,2.751540046488,0.6580489062001496,0.6494770333465083,False,True,True
dpfi,connected_modulated,SSP,200,5,1.0052634205371818,1.0,2.748596118924,2.751540046488,0.642291495625287,0.6494770333465083,False,True,True
dpfi,connected_modulated,SSP,200,6,1.0031252659741297,1.0,2.700114552159,2.751540046488,0.6876057577137957,0.6494770333465083,False,True,True
dpfi,connected_modulated,SSP,200,7,0.9944134349581679,1.0,2.783511442249,2.751540046488,0.5903020504363535,0.6494770333465083,False,True,True
dpfi,connected_modulated,SSP,200,8,0.9818788604552978,1.0,2.7490223758544996,2.751540046488,0.647872344989058,0.6494770333465083,False,True,True
dpfi,connected_modulated,SSP,200,9,0.9802586793143832,1.0,2.712773009622,2.751540046488,0.628056952010021,0.6494770333465083,False,True,True
dpfi,connected_modulated,SSP,200,10,1.0041390628204772,1.0,2.7793571451425,2.751540046488,0.628428915601173,0.6494770333465083,False,True,True
dpfi,connected_modulated,SSP,200,11,1.0032037103074458,1.0,2.780233079974,2.751540046488,0.6734253199608299,0.6494770333465083,False,True,True
dpfi,connected_modulated,SSP,200,12,0.9904444870616277,1.0,2.7312915824145003,2.751540046488,0.6679733716985455,0.6494770333465083,False,True,True
dpfi,connected_modulated,SSP,200,13,1.0061973971961917,1.0,2.746795771064,2.751540046488,0.6679371586788719,0.6494770333465083,False,True,True
dpfi,connected_modulated,SSP,200,14,1.0121430345464715,1.0,2.722676800398,2.751540046488,0.6821185589439092,0.6494770333465083,False,True,True
dpfi,connected_modulated,SSP,200,15,0.9945658944616067,1.0,2.728897262698,2.751540046488,0.6436379965799592,0.6494770333465083,False,True,True
dpfi,connected_modulated,SSP,200,16,0.9966455407333445,1.0,2.724489794049,2.751540046488,0.6633734715816719,0.6494770333465083,False,True,True
dpfi,connected_modulated,SSP,200,17,0.9941203529115854,1.0,2.7252429019935,2.751540046488,0.6588915354199331,0.6494770333465083,False,True,True
dpfi,connected_modulated,SSP,200,18,1.0097030817118062,1.0,2.7183051414315003,2.751540046488,0.6814867741747812,0.6494770333465083,False,True,True
dpfi,connected_modulated,SSP,200,19,1.0093800223798859,1.0,2.7288270279290003,2.751540046488,0.6865268946080307,0.6494770333465083,False,True,True
dpfi,connected_modulated,SSP,200,20,1.0154188538368594,1.0,2.7055550613105,2.751540046488,0.6934539384292803,0.6494770333465083,False,True,True
dpfi,connected_modulated,SSP,200,21,0.9987282451357009,1.0,2.7631052917205,2.751540046488,0.6440959239569057,0.6494770333465083,False,True,True
dpfi,connected_modulated,SSP,200,22,1.011012918925504,1.0,2.7410142107165,2.751540046488,0.6642944979750784,0.6494770333465083,False,True,True
dpfi,connected_modulated,SSP,200,23,0.9859457755410352,1.0,2.7392492869674996,2.751540046488,0.6478281230417883,0.6494770333465083,False,True,True
dpfi,connected_modulated,SSP,200,24,1.007702527467523,1.0,2.7664485333485,2.751540046488,0.6654892659281383,0.6494770333465083,False,True,True
dpfi,connected_modulated,SSP,200,25,1.0008054259588666,1.0,2.7265181971095,2.751540046488,0.6917245238200779,0.6494770333465083,False,True,True
dpfi,connected_modulated,SSP,200,26,1.0018245005831217,1.0,2.7303292389855,2.751540046488,0.6631088703746281,0.6494770333465083,False,True,True
dpfi,connected_modulated,SSP,200,27,1.0007618818650825,1.0,2.730339259645,2.751540046488,0.6523606751562078,0.6494770333465083,False,True,True
dpfi,connected_modulated,SSP,200,28,0.9926092021730792,1.0,2.739015332556,2.751540046488,0.6519519018025393,0.6494770333465083,False,True,True
dpfi,connected_modulated,SSP,200,29,1.0069784981115757,1.0,2.7773708007105,2.751540046488,0.660656345531001,0.6494770333465083,False,True,True
dpfi,connected_modulated,SSP,200,30,1.013122659368214,1.0,2.7910553474735,2.751540046488,0.6431408374041255,0.6494770333465083,False,True,True
dpfi,connected_modulated,SSP,200,31,0.9955961424497538,1.0,2.7599116152575,2.751540046488,0.6333487206227255,0.6494770333465083,False,True,True
dpfi,connected_modulated,SSP,200,32,0.9945007623119216,1.0,2.750964548951,2.751540046488,0.6683180249227755,0.6494770333465083,False,True,True
dpfi,connected_modulated,SSP,200,33,1.0021752831307456,1.0,2.7340797312119998,2.751540046488,0.6662636513856863,0.6494770333465083,False,True,True
dpfi,connected_modulated,SSP,200,34,0.9947752065761138,1.0,2.719036799501,2.751540046488,0.6664233221641481,0.6494770333465083,False,True,True
dpfi,connected_modulated,SSP,200,35,1.0045065493641612,1.0,2.7330448947935,2.751540046488,0.6361886303748586,0.6494770333465083,False,True,True
dpfi,connected_modulated,SSP,200,36,1.0071852964054093,1.0,2.7611582170134996,2.751540046488,0.6509182650183025,0.6494770333465083,False,True,True
dpfi,connected_modulated,SSP,200,37,1.0022198999451173,1.0,2.737899408508,2.751540046488,0.6207106110034952,0.6494770333465083,False,True,True
dpfi,connected_modulated,SSP,200,38,1.0125022542027575,1.0,2.7464731822855,2.751540046488,0.6701827456485396,0.6494770333465083,False,True,True
dpfi,connected_modulated,SSP,200,39,1.002242248532967,1.0,2.767492696925,2.751540046488,0.6341599011078847,0.6494770333465083,False,True,True
dpfi,connected_modulated,SSP,200,40,1.0052323660413207,1.0,2.7540632837940002,2.751540046488,0.624900666575037,0.6494770333465083,False,True,True
dpfi,connected_modulated,SSP,200,41,1.0037651502975045,1.0,2.753700367441,2.751540046488,0.6142913768163369,0.6494770333465083,False,True,True
dpfi,connected_modulated,SSP,200,42,1.0028419161215476,1.0,2.7444072476435,2.751540046488,0.6610521970328901,0.6494770333465083,False,True,True
dpfi,connected_modulated,SSP,200,43,0.99254652836444,1.0,2.72663575967,2.751540046488,0.6616550872486684,0.6494770333465083,False,True,True
dpfi,connected_modulated,SSP,200,44,1.0032515770166406,1.0,2.7499422150305,2.751540046488,0.6882049687036286,0.6494770333465083,False,True,True
dpfi,connected_modulated,SSP,200,45,0.9965203492393951,1.0,2.7772023786144997,2.751540046488,0.6458236403596802,0.6494770333465083,False,True,True
dpfi,connected_modulated,SSP,200,46,0.9866899055454239,1.0,2.780413257167,2.751540046488,0.6218837807529474,0.6494770333465083,False,True,True
dpfi,connected_modulated,SSP,200,47,0.9874510821144123,1.0,2.7485418232320002,2.751540046488,0.6533487216382611,0.6494770333465083,False,True,True
dpfi,connected_modulated,SSP,200,48,0.9879527350696357,1.0,2.7224338671805,2.751540046488,0.6708093379040974,0.6494770333465083,False,True,True
dpfi,connected_modulated,SSP,200,49,1.0012851373400236,1.0,2.7547986342465,2.751540046488,0.6694190309316973,0.6494770333465083,False,True,True
dpfi,connected_modulated,SSP,200,50,1.0110095126444796,1.0,2.733601587111,2.751540046488,0.6579621163269509,0.6494770333465083,False,True,True
dpfi,connected_modulated,SSP,200,51,1.0196872076833705,1.0,2.7478000134345,2.751540046488,0.6484272640535296,0.6494770333465083,False,True,True
dpfi,connected_modulated,SSP,200,52,0.9998507793298467,1.0,2.7694482303215002,2.751540046488,0.6303861297742414,0.6494770333465083,False,True,True
dpfi,connected_modulated,SSP,200,53,0.9985805755936331,1.0,2.723947049947,2.751540046488,0.6741913476086572,0.6494770333465083,False,True,True
dpfi,connected_modulated,SSP,200,54,1.0089995758293047,1.0,2.7813459014395,2.751540046488,0.6295145624917613,0.6494770333465083,False,True,True
dpfi,connected_modulated,SSP,200,55,1.0027153793884818,1.0,2.748324202547,2.751540046488,0.6325920056973648,0.6494770333465083,False,True,True
dpfi,connected_modulated,SSP,200,56,0.991553963616111,1.0,2.7705921088589998,2.751540046488,0.6561346309121976,0.6494770333465083,False,True,True
dpfi,connected_modulated,SSP,200,57,0.9947922154142578,1.0,2.7353365104655003,2.751540046488,0.6566824201799842,0.6494770333465083,False,True,True
dpfi,connected_modulated,SSP,200,58,0.9946101910566221,1.0,2.717623374693,2.751540046488,0.6842644735507677,0.6494770333465083,False,True,True
dpfi,connected_modulated,SSP,200,59,0.9929288227124624,1.0,2.7826150058825,2.751540046488,0.6201365477270759,0.6494770333465083,False,True,True
dpfi,connected_modulated,SSP,200,60,0.9818788948370739,1.0,2.723049633943,2.751540046488,0.6534772819161319,0.6494770333465083,False,True,True
dpfi,connected_modulated,SSP,200,61,1.0007821329800755,1.0,2.7299103579204997,2.751540046488,0.6820980832221597,0.6494770333465083,False,True,True
dpfi,connected_modulated,SSP,200,62,0.9919156144373571,1.0,2.7502356991575,2.751540046488,0.6573609721102651,0.6494770333465083,False,True,True
dpfi,connected_modulated,SSP,200,63,1.0005116173207904,1.0,2.7765370937045,2.751540046488,0.6289063182220258,0.6494770333465083,False,True,True
dpfi,connected_modulated,SSP,400,0,1.0013101743684591,1.0,2.748370260388,2.751540046488,0.6465211683769971,0.6494770333465083,False,True,True
dpfi,connected_modulated,SSP,400,1,1.0048650439324616,1.0,2.748596733056,2.751540046488,0.6574947874689504,0.6494770333465083,False,True,True
dpfi,connected_modulated,SSP,400,2,1.0013990801537793,1.0,2.7389452149434996,2.751540046488,0.6471101931774335,0.6494770333465083,False,True,True
dpfi,connected_modulated,SSP,400,3,0.9952680979807206,1.0,2.7536929652205,2.751540046488,0.6470566502006897,0.6494770333465083,False,True,True
dpfi,connected_modulated,SSP,400,4,0.9891036398435155,1.0,2.7629609384925002,2.751540046488,0.6508923769618558,0.6494770333465083,False,True,True
dpfi,connected_modulated,SSP,400,5,1.0092280854734612,1.0,2.737673096539,2.751540046488,0.6345393590405801,0.6494770333465083,False,True,True
dpfi,connected_modulated,SSP,400,6,0.9958016034182983,1.0,2.7531023967020003,2.751540046488,0.6546508753995883,0.6494770333465083,False,True,True
dpfi,connected_modulated,SSP,400,7,1.005890042623403,1.0,2.7409665749074996,2.751540046488,0.657468926014295,0.6494770333465083,False,True,True
dpfi,connected_modulated,SSP,400,8,1.0084999338907006,1.0,2.7536171677974997,2.751540046488,0.6606319138162463,0.6494770333465083,False,True,True
dpfi,connected_modulated,SSP,400,9,0.993103531287156,1.0,2.7595019997905004,2.751540046488,0.6218761232012683,0.6494770333465083,False,True,True
dpfi,connected_modulated,SSP,400,10,1.0063203586056255,1.0,2.7509979587865,2.751540046488,0.6319837907874167,0.6494770333465083,False,True,True
dpfi,connected_modulated,SSP,400,11,0.9875866361635145,1.0,2.7509401334315,2.751540046488,0.6557092237413777,0.6494770333465083,False,True,True
dpfi,connected_modulated,SSP,400,12,1.0090676034267239,1.0,2.739582055477,2.751540046488,0.6542781253671841,0.6494770333465083,False,True,True
dpfi,connected_modulated,SSP,400,13,0.9997420029021877,1.0,2.7397043191675,2.751540046488,0.6834044590529611,0.6494770333465083,False,True,True
dpfi,connected_modulated,SSP,400,14,0.9894379751845124,1.0,2.7445306080435,2.751540046488,0.6327999620347569,0.6494770333465083,False,True,True
dpfi,connected_modulated,SSP,400,15,1.0016464014350643,1.0,2.757908592615,2.751540046488,0.6609223442785652,0.6494770333465083,False,True,True
dpfi,connected_modulated,SSP,400,16,0.9931281935108758,1.0,2.7493542013945,2.751540046488,0.6284715455853753,0.6494770333465083,False,True,True
dpfi,connected_modulated,SSP,400,17,0.9977551873425123,1.0,2.7393310799005,2.751540046488,0.684509585679351,0.6494770333465083,False,True,True
dpfi,connected_modulated,SSP,400,18,0.9987554656389213,1.0,2.7430528378435,2.751540046488,0.6606540716851017,0.6494770333465083,False,True,True
dpfi,connected_modulated,SSP,400,19,1.0022653042365586,1.0,2.746339780526,2.751540046488,0.656342006409167,0.6494770333465083,False,True,True
dpfi,connected_modulated,SSP,400,20,0.9978024970477354,1.0,2.7610391060195,2.751540046488,0.6366279098129264,0.6494770333465083,False,True,True
dpfi,connected_modulated,SSP,400,21,0.9916490937169934,1.0,2.7256322311980004,2.751540046488,0.636203148588458,0.6494770333465083,False,True,True
dpfi,connected_modulated,SSP,400,22,0.9963095590492076,1.0,2.7559225090705,2.751540046488,0.6604781742883008,0.6494770333465083,False,True,True
dpfi,connected_modulated,SSP,400,23,0.9995727446944744,1.0,2.756276994108,2.751540046488,0.6428026165138743,0.6494770333465083,False,True,True
dpfi,connected_modulated,SSP,400,24,0.9984195554303593,1.0,2.728610968097,2.751540046488,0.6645613464501863,0.6494770333465083,False,True,True
dpfi,connected_modulated,SSP,400,25,0.9983853477930821,1.0,2.7297251437705,2.751540046488,0.6887535314997288,0.6494770333465083,False,True,True
dpfi,connected_modulated,SSP,400,26,0.9967738824500142,1.0,2.7455887785044997,2.751540046488,0.6510766050225453,0.6494770333465083,False,True,True
dpfi,connected_modulated,SSP,400,27,1.007851328000928,1.0,2.7606215155405,2.751540046488,0.6457530658749169,0.6494770333465083,False,True,True
dpfi,connected_modulated,SSP,400,28,0.9960942401736199,1.0,2.7536075638834996,2.751540046488,0.6503635897084934,0.6494770333465083,False,True,True
dpfi,connected_modulated,SSP,400,29,1.0050607894599004,1.0,2.7723217626585,2.751540046488,0.6382007182211844,0.6494770333465083,False,True,True
dpfi,connected_modulated,SSP,400,30,0.9971222408764732,1.0,2.7786541434765,2.751540046488,0.6331036439717406,0.6494770333465083,False,True,True
dpfi,connected_modulated,SSP,400,31,0.9955733788486483,1.0,2.7607775802245,2.751540046488,0.653772465710773,0.6494770333465083,False,True,True
dpfi,connected_modulated,SSP,400,32,0.9946123525391541,1.0,2.760055976148,2.751540046488,0.6417710600998452,0.6494770333465083,False,True,True
dpfi,connected_modulated,SSP,400,33,0.989952024465572,1.0,2.7384084554335,2.751540046488,0.6314574766601391,0.6494770333465083,False,True,True
dpfi,connected_modulated,SSP,400,34,1.009264717412003,1.0,2.7558008976919997,2.751540046488,0.650376414785172,0.6494770333465083,False,True,True
dpfi,connected_modulated,SSP,400,35,1.0076074082690527,1.0,2.7732767024265,2.751540046488,0.6396220943537886,0.6494770333465083,False,True,True
dpfi,connected_modulated,SSP,400,36,1.0031043785512275,1.0,2.7513792997355,2.751540046488,0.6376967792438946,0.6494770333465083,False,True,True
dpfi,connected_modulated,SSP,400,37,1.013054283999697,1.0,2.7468342504805,2.751540046488,0.6534200303135966,0.6494770333465083,False,True,True
dpfi,connected_modulated,SSP,400,38,1.0063117113040645,1.0,2.7532744072325,2.751540046488,0.6591974615129197,0.6494770333465083,False,True,True
dpfi,connected_modulated,SSP,400,39,1.0007469328774627,1.0,2.7507187706655003,2.751540046488,0.6415587850057771,0.6494770333465083,False,True,True
dpfi,connected_modulated,SSP,400,40,0.9993702981048513,1.0,2.750290287001,2.751540046488,0.6520126731556652,0.6494770333465083,False,True,True
dpfi,connected_modulated,SSP,400,41,0.9938948454829022,1.0,2.7559495694435,2.751540046488,0.6391341822223373,0.6494770333465083,False,True,True
dpfi,connected_modulated,SSP,400,42,0.9978246372493553,1.0,2.7204694461305,2.751540046488,0.6727901351010792,0.6494770333465083,False,True,True
dpfi,connected_modulated,SSP,400,43,1.0004844312817993,1.0,2.7474609380560002,2.751540046488,0.6537277093834901,0.6494770333465083,False,True,True
dpfi,connected_modulated,SSP,400,44,1.007542683746813,1.0,2.7708304880525,2.751540046488,0.6280033013410552,0.6494770333465083,False,True,True
dpfi,connected_modulated,SSP,400,45,1.0060749724334772,1.0,2.7553449597815,2.751540046488,0.6461134973522964,0.6494770333465083,False,True,True
dpfi,connected_modulated,SSP,400,46,1.0107419644390436,1.0,2.738243459954,2.751540046488,0.656075179161272,0.6494770333465083,False,True,True
dpfi,connected_modulated,SSP,400,47,1.0018780795189017,1.0,2.767023834712,2.751540046488,0.6402545947589149,0.6494770333465083,False,True,True
dpfi,connected_modulated,SSP,400,48,0.999625323499192,1.0,2.749400330853,2.751540046488,0.6357025544337974,0.6494770333465083,False,True,True
dpfi,connected_modulated,SSP,400,49,1.008259905288828,1.0,2.750479229185,2.751540046488,0.6486434544936746,0.6494770333465083,False,True,True
dpfi,connected_modulated,SSP,400,50,1.0038065238605092,1.0,2.7382331938945,2.751540046488,0.6654085895890901,0.6494770333465083,False,True,True
dpfi,connected_modulated,SSP,400,51,1.001958290770709,1.0,2.784805449544,2.751540046488,0.6371311416665075,0.6494770333465083,False,True,True
dpfi,connected_modulated,SSP,400,52,0.9937661839112032,1.0,2.7388427417275,2.751540046488,0.6523170372358963,0.6494770333465083,False,True,True
dpfi,connected_modulated,SSP,400,53,1.0088812835534176,1.0,2.7529966802065,2.751540046488,0.6332346318565663,0.6494770333465083,False,True,True
dpfi,connected_modulated,SSP,400,54,1.0041086662599292,1.0,2.7711898503465,2.751540046488,0.6471387743871747,0.6494770333465083,False,True,True
dpfi,connected_modulated,SSP,400,55,0.996848052473983,1.0,2.7603775183805004,2.751540046488,0.648396046921162,0.6494770333465083,False,True,True
dpfi,connected_modulated,SSP,400,56,0.9927382388710942,1.0,2.750553610696,2.751540046488,0.6322007839983442,0.6494770333465083,False,True,True
dpfi,connected_modulated,SSP,400,57,0.9945909092150692,1.0,2.7385741944395,2.751540046488,0.6600022843242381,0.6494770333465083,False,True,True
dpfi,connected_modulated,SSP,400,58,1.0058475759730499,1.0,2.7591176030535,2.751540046488,0.6580397882135439,0.6494770333465083,False,True,True
dpfi,connected_modulated,SSP,400,59,0.9999366037187355,1.0,2.741802476147,2.751540046488,0.6758052620983419,0.6494770333465083,False,True,True
dpfi,connected_modulated,SSP,400,60,1.0027609385713512,1.0,2.7698358286285,2.751540046488,0.6517264797547107,0.6494770333465083,False,True,True
dpfi,connected_modulated,SSP,400,61,0.9978408463934745,1.0,2.7494889598815,2.751540046488,0.6494880484958077,0.6494770333465083,False,True,True
dpfi,connected_modulated,SSP,400,62,1.006595683431893,1.0,2.7229443441005,2.751540046488,0.6862955067333825,0.6494770333465083,False,True,True
dpfi,connected_modulated,SSP,400,63,0.999913521773408,1.0,2.731013849082,2.751540046488,0.6528999449834643,0.6494770333465083,False,True,True
dpfi,separated_droplets,ID,25,0,0.9749135636280143,1.0,2.7634934388005004,2.799987273455,0.06303806657630912,0.08736061642362755,False,True,True
dpfi,separated_droplets,ID,25,1,1.006760352624062,1.0,2.7853463225095,2.799987273455,0.08454723370964784,0.08736061642362755,False,True,True
dpfi,separated_droplets,ID,25,2,1.0397174688998976,1.0,2.734077377936,2.799987273455,0.06976977244788748,0.08736061642362755,False,True,False
dpfi,separated_droplets,ID,25,3,1.0020014921352087,1.0,2.7935840481795,2.799987273455,0.10445229716687084,0.08736061642362755,False,True,True
dpfi,separated_droplets,ID,25,4,0.9816349982163411,1.0,2.8462604720874998,2.799987273455,0.07745213859321179,0.08736061642362755,False,True,True
dpfi,separated_droplets,ID,25,5,0.9624329204891291,1.0,2.820771868729,2.799987273455,0.10179152600614529,0.08736061642362755,False,True,True
dpfi,separated_droplets,ID,25,6,0.9990831143215727,1.0,2.787736346701,2.799987273455,0.07270930140710585,0.08736061642362755,False,True,True
dpfi,separated_droplets,ID,25,7,0.9285610741294511,1.0,2.7708090219640003,2.799987273455,0.06888905397281923,0.08736061642362755,False,True,True
dpfi,separated_droplets,ID,25,8,0.9504843052326698,1.0,2.8172655395605,2.799987273455,0.06492139497143201,0.08736061642362755,False,True,True
dpfi,separated_droplets,ID,25,9,1.0260441426437903,1.0,2.803363966341,2.799987273455,0.10026358997544789,0.08736061642362755,False,True,True
dpfi,separated_droplets,ID,25,10,1.0013559554801483,1.0,2.8248710821475003,2.799987273455,0.07383287216310708,0.08736061642362755,False,True,True
dpfi,separated_droplets,ID,25,11,1.0416776820008804,1.0,2.807971318106,2.799987273455,0.0995207429079126,0.08736061642362755,False,True,True
dpfi,separated_droplets,ID,25,12,0.9136492177553164,1.0,2.784923663931,2.799987273455,0.06868511198921631,0.08736061642362755,False,True,True
dpfi,separated_droplets,ID,25,13,1.0068689539768758,1.0,2.79755884163,2.799987273455,0.10119935444711636,0.08736061642362755,False,True,True
dpfi,separated_droplets,ID,25,14,0.9599739209274097,1.0,2.829808788771,2.799987273455,0.06773206500044246,0.08736061642362755,False,True,True
dpfi,separated_droplets,ID,25,15,0.9946847830147906,1.0,2.821263388992,2.799987273455,0.11124632082197483,0.08736061642362755,False,True,True
dpfi,separated_droplets,ID,25,16,0.9736550444735425,1.0,2.7068343122645,2.799987273455,0.08488039774769518,0.08736061642362755,False,True,True
dpfi,separated_droplets,ID,25,17,0.9605504473649814,1.0,2.7959590012745,2.799987273455,0.06062951007048,0.08736061642362755,False,True,True
dpfi,separated_droplets,ID,25,18,0.9644832592482683,1.0,2.789485068365,2.799987273455,0.07720115139952152,0.08736061642362755,False,True,True
dpfi,separated_droplets,ID,25,19,0.9696998992806707,1.0,2.782597268328,2.799987273455,0.08760895612914543,0.08736061642362755,False,True,True
dpfi,separated_droplets,ID,25,20,1.0093667556997943,1.0,2.773488124771,2.799987273455,0.1007625320488019,0.08736061642362755,False,True,True
dpfi,separated_droplets,ID,25,21,1.0213070199744445,1.0,2.7990972159155003,2.799987273455,0.10229672749468284,0.08736061642362755,False,True,True
dpfi,separated_droplets,ID,25,22,1.0204322127934513,1.0,2.8478801594750003,2.799987273455,0.1158779881493518,0.08736061642362755,False,True,True
dpfi,separated_droplets,ID,25,23,1.005053347246107,1.0,2.77852128416,2.799987273455,0.08112415708989651,0.08736061642362755,False,True,True
dpfi,separated_droplets,ID,25,24,1.0005646049923378,1.0,2.82764907872,2.799987273455,0.09006604228326684,0.08736061642362755,False,True,True
dpfi,separated_droplets,ID,25,25,1.0143758983791695,1.0,2.8819636933724997,2.799987273455,0.057533546345249376,0.08736061642362755,False,True,True
dpfi,separated_droplets,ID,25,26,1.007138429768555,1.0,2.767032497079,2.799987273455,0.11697362754026794,0.08736061642362755,False,True,True
dpfi,separated_droplets,ID,25,27,1.0327267036370635,1.0,2.825009907187,2.799987273455,0.10208642012457081,0.08736061642362755,False,True,True
dpfi,separated_droplets,ID,25,28,0.9897291860595302,1.0,2.8159902214535,2.799987273455,0.09806054136649058,0.08736061642362755,False,True,True
dpfi,separated_droplets,ID,25,29,0.9899110774641935,1.0,2.8019648565815,2.799987273455,0.08223550563849583,0.08736061642362755,False,True,True
dpfi,separated_droplets,ID,25,30,1.0157457564152892,1.0,2.867359947451,2.799987273455,0.08451278840972314,0.08736061642362755,False,True,True
dpfi,separated_droplets,ID,25,31,1.0375026668326062,1.0,2.8061977317649998,2.799987273455,0.09818018110281057,0.08736061642362755,False,True,True
dpfi,separated_droplets,ID,25,32,1.0682882749279663,1.0,2.775525280544,2.799987273455,0.10053291478224502,0.08736061642362755,False,True,True
dpfi,separated_droplets,ID,25,33,0.9668990356455398,1.0,2.8525342155355,2.799987273455,0.07051586165482487,0.08736061642362755,False,True,True
dpfi,separated_droplets,ID,25,34,0.9759156766892183,1.0,2.7333411565155,2.799987273455,0.058099449132212475,0.08736061642362755,False,True,True
dpfi,separated_droplets,ID,25,35,1.0736518433605986,1.0,2.8136799995089996,2.799987273455,0.09409742560934992,0.08736061642362755,False,True,True
dpfi,separated_droplets,ID,25,36,1.0159067260566659,1.0,2.7575086049525,2.799987273455,0.07961595456422732,0.08736061642362755,False,False,True
dpfi,separated_droplets,ID,25,37,1.053076496913844,1.0,2.8596111356035,2.799987273455,0.09795630071112774,0.08736061642362755,False,True,True
dpfi,separated_droplets,ID,25,38,0.9429843445116239,1.0,2.784040412115,2.799987273455,0.07169487136310362,0.08736061642362755,False,True,True
dpfi,separated_droplets,ID,25,39,1.002689750936626,1.0,2.808729790349,2.799987273455,0.08606851803219388,0.08736061642362755,False,True,True
dpfi,separated_droplets,ID,25,40,0.9843184532187964,1.0,2.8347514292825,2.799987273455,0.07563309797914872,0.08736061642362755,False,True,True
dpfi,separated_droplets,ID,25,41,0.9439422463441175,1.0,2.805449385158,2.799987273455,0.0659049935531099,0.08736061642362755,False,True,True
dpfi,separated_droplets,ID,25,42,0.9870075456731713,1.0,2.85155786018,2.799987273455,0.06861268952975805,0.08736061642362755,False,True,True
dpfi,separated_droplets,ID,25,43,1.0118283408391453,1.0,2.8534139017615,2.799987273455,0.10970230215289788,0.08736061642362755,False,True,True
dpfi,separated_droplets,ID,25,44,0.972139094460241,1.0,2.738152133667,2.799987273455,0.1028318694787432,0.08736061642362755,False,True,True
dpfi,separated_droplets,ID,25,45,1.010191359289325,1.0,2.7881860852455,2.799987273455,0.07246027061929802,0.08736061642362755,False,True,True
dpfi,separated_droplets,ID,25,46,1.000283983417808,1.0,2.7635448156805,2.799987273455,0.07466576775982267,0.08736061642362755,False,True,True
dpfi,separated_droplets,ID,25,47,0.96953315144786,1.0,2.8254922757955,2.799987273455,0.07970596992777121,0.08736061642362755,False,True,True
dpfi,separated_droplets,ID,25,48,1.015815944326931,1.0,2.808794347732,2.799987273455,0.08037242241823304,0.08736061642362755,False,True,True
dpfi,separated_droplets,ID,25,49,0.9896468083476715,1.0,2.7740328629419997,2.799987273455,0.09575091944672204,0.08736061642362755,False,True,True
dpfi,separated_droplets,ID,25,50,0.951207116805852,1.0,2.8198330636169997,2.799987273455,0.057396155456669554,0.08736061642362755,False,True,True
dpfi,separated_droplets,ID,25,51,1.0243258299511704,1.0,2.8123911869975,2.799987273455,0.0689708128636354,0.08736061642362755,False,True,True
dpfi,separated_droplets,ID,25,52,1.039045614009404,1.0,2.7986214451985,2.799987273455,0.09732842953063048,0.08736061642362755,False,True,True
dpfi,separated_droplets,ID,25,53,0.9494606065524579,1.0,2.8019297113045,2.799987273455,0.076104935994398,0.08736061642362755,False,True,True
dpfi,separated_droplets,ID,25,54,0.9560897699228601,1.0,2.815542870362,2.799987273455,0.07910798065365598,0.08736061642362755,False,True,True
dpfi,separated_droplets,ID,25,55,0.9698038244376984,1.0,2.7605767653299997,2.799987273455,0.09815452895625584,0.08736061642362755,False,True,True
dpfi,separated_droplets,ID,25,56,1.0229174814581745,1.0,2.765486898956,2.799987273455,0.08284018645094003,0.08736061642362755,False,True,True
dpfi,separated_droplets,ID,25,57,1.0722355437575257,1.0,2.748535948303,2.799987273455,0.11542466605940091,0.08736061642362755,False,True,True
dpfi,separated_droplets,ID,25,58,0.9925821000183959,1.0,2.8448875166285,2.799987273455,0.07890152441251738,0.08736061642362755,False,True,True
dpfi,separated_droplets,ID,25,59,0.9964000860231204,1.0,2.796761399665,2.799987273455,0.07811091074918955,0.08736061642362755,False,True,True
dpfi,separated_droplets,ID,25,60,0.9956086137666478,1.0,2.8103299470085004,2.799987273455,0.08784885413416232,0.08736061642362755,False,True,True
dpfi,separated_droplets,ID,25,61,1.0105121294495372,1.0,2.790531244834,2.799987273455,0.093446898226965,0.08736061642362755,False,True,True
dpfi,separated_droplets,ID,25,62,0.9467599119553886,1.0,2.77250694445,2.799987273455,0.0794253153322563,0.08736061642362755,False,True,True
dpfi,separated_droplets,ID,25,63,1.046119711846154,1.0,2.7772111178525,2.799987273455,0.11351403398736945,0.08736061642362755,False,True,True
dpfi,separated_droplets,ID,50,0,1.0283600077569603,1.0,2.809897344893,2.799987273455,0.10115745412061819,0.08736061642362755,False,True,True
dpfi,separated_droplets,ID,50,1,0.9806438248765385,1.0,2.7902723537660004,2.799987273455,0.06996508813615973,0.08736061642362755,False,True,True
dpfi,separated_droplets,ID,50,2,0.9873059940393335,1.0,2.8227080360915,2.799987273455,0.07012840626712585,0.08736061642362755,False,True,True
dpfi,separated_droplets,ID,50,3,0.9878357176603001,1.0,2.7397345111585,2.799987273455,0.07941635694390459,0.08736061642362755,False,True,True
dpfi,separated_droplets,ID,50,4,1.0028297289105295,1.0,2.7986970104599997,2.799987273455,0.08286727026500386,0.08736061642362755,False,True,True
dpfi,separated_droplets,ID,50,5,1.0021751607441274,1.0,2.7677025577815,2.799987273455,0.10239446829584861,0.08736061642362755,False,True,True
dpfi,separated_droplets,ID,50,6,0.9812882148196932,1.0,2.8152886832929997,2.799987273455,0.08221733072987436,0.08736061642362755,False,True,True
dpfi,separated_droplets,ID,50,7,0.990180454199088,1.0,2.773304452354,2.799987273455,0.10747635454076701,0.08736061642362755,False,True,True
dpfi,separated_droplets,ID,50,8,0.9844192362676839,1.0,2.769131042871,2.799987273455,0.08467135373166679,0.08736061642362755,False,True,True
dpfi,separated_droplets,ID,50,9,0.9969921945883145,1.0,2.8022921957595,2.799987273455,0.08890393425773105,0.08736061642362755,False,True,True
dpfi,separated_droplets,ID,50,10,1.0070796589034479,1.0,2.795991870478,2.799987273455,0.0919326929432053,0.08736061642362755,False,True,True
dpfi,separated_droplets,ID,50,11,1.0112165325777496,1.0,2.820784323543,2.799987273455,0.07858423555517896,0.08736061642362755,False,True,True
dpfi,separated_droplets,ID,50,12,1.0123952892300747,1.0,2.795921540822,2.799987273455,0.09225035351716748,0.08736061642362755,False,True,True
dpfi,separated_droplets,ID,50,13,1.0102085119270612,1.0,2.774631764438,2.799987273455,0.08105307813680791,0.08736061642362755,False,True,True
dpfi,separated_droplets,ID,50,14,1.0257581145588779,1.0,2.815751319692,2.799987273455,0.10261078703925697,0.08736061642362755,False,True,True
dpfi,separated_droplets,ID,50,15,0.986074565512414,1.0,2.7952987747185,2.799987273455,0.08131816796384757,0.08736061642362755,False,True,True
dpfi,separated_droplets,ID,50,16,1.0080236375467686,1.0,2.776654184347,2.799987273455,0.12066241988928367,0.08736061642362755,False,True,True
dpfi,separated_droplets,ID,50,17,0.9938796292345884,1.0,2.795757425842,2.799987273455,0.07410331610318906,0.08736061642362755,False,True,True
dpfi,separated_droplets,ID,50,18,0.9986463778640172,1.0,2.8032579408740004,2.799987273455,0.09460677766634959,0.08736061642362755,False,True,True
dpfi,separated_droplets,ID,50,19,1.030630885934936,1.0,2.7821289673344998,2.799987273455,0.08238408063163269,0.08736061642362755,False,True,True
dpfi,separated_droplets,ID,50,20,0.991771430489224,1.0,2.7846304642465,2.799987273455,0.08571359467716849,0.08736061642362755,False,True,True
dpfi,separated_droplets,ID,50,21,1.0034507193896982,1.0,2.8314156926985,2.799987273455,0.08947577707443623,0.08736061642362755,False,True,True
dpfi,separated_droplets,ID,50,22,0.9863581999288089,1.0,2.813264157967,2.799987273455,0.07894305437844704,0.08736061642362755,False,True,True
dpfi,separated_droplets,ID,50,23,1.0338786099192603,1.0,2.8319446371385,2.799987273455,0.0899330132802051,0.08736061642362755,False,True,True
dpfi,separated_droplets,ID,50,24,0.9889060959158725,1.0,2.756466493296,2.799987273455,0.08229103173047625,0.08736061642362755,False,True,True
dpfi,separated_droplets,ID,50,25,0.9620852831693999,1.0,2.786731011012,2.799987273455,0.07853766533864716,0.08736061642362755,False,True,True
dpfi,separated_droplets,ID,50,26,0.9953372025624229,1.0,2.8161389182630003,2.799987273455,0.07963554259322236,0.08736061642362755,False,True,True
dpfi,separated_droplets,ID,50,27,0.9739887389224773,1.0,2.782233995106,2.799987273455,0.0876138760004737,0.08736061642362755,False,True,True
dpfi,separated_droplets,ID,50,28,1.0061169651544752,1.0,2.7736640017729997,2.799987273455,0.08647764627892639,0.08736061642362755,False,True,True
dpfi,separated_droplets,ID,50,29,0.9926670306603109,1.0,2.7716598386165003,2.799987273455,0.08189218238081827,0.08736061642362755,False,True,True
dpfi,separated_droplets,ID,50,30,1.0046707633075538,1.0,2.771895949119,2.799987273455,0.08547084391670773,0.08736061642362755,False,True,True
dpfi,separated_droplets,ID,50,31,1.0063261681544353,1.0,2.794256389652,2.799987273455,0.08829416032900034,0.08736061642362755,False,True,True
dpfi,separated_droplets,ID,50,32,1.0026174453823247,1.0,2.8030570817490004,2.799987273455,0.09295161332124693,0.08736061642362755,False,True,True
dpfi,separated_droplets,ID,50,33,0.9850710997107646,1.0,2.7923451029699997,2.799987273455,0.09003934567846095,0.08736061642362755,False,True,True
dpfi,separated_droplets,ID,50,34,0.9634057509041388,1.0,2.8098165819555,2.799987273455,0.06856697347523555,0.08736061642362755,False,True,True
dpfi,separated_droplets,ID,50,35,1.0193683488996836,1.0,2.820688388046,2.799987273455,0.0849861744731894,0.08736061642362755,False,True,True
dpfi,separated_droplets,ID,50,36,0.9980300551911773,1.0,2.8195798077785,2.799987273455,0.07923628098900537,0.08736061642362755,False,True,True
dpfi,separated_droplets,ID,50,37,1.0191487061225826,1.0,2.8014783657085003,2.799987273455,0.08183273313250221,0.08736061642362755,False,True,True
dpfi,separated_droplets,ID,50,38,0.9655664977332371,1.0,2.783144268974,2.799987273455,0.0777397704945309,0.08736061642362755,False,True,True
dpfi,separated_droplets,ID,50,39,1.0051041659657112,1.0,2.788582481483,2.799987273455,0.0936460348737094,0.08736061642362755,False,True,True
dpfi,separated_droplets,ID,50,40,1.0165991124508695,1.0,2.7812342103464998,2.799987273455,0.10450196638141361,0.08736061642362755,False,True,True
dpfi,separated_droplets,ID,50,41,0.9734297236085186,1.0,2.8185130838605,2.799987273455,0.07593667898491786,0.08736061642362755,False,True,True
dpfi,separated_droplets,ID,50,42,0.9936562785808188,1.0,2.8246801329544997,2.799987273455,0.09931390202680382,0.08736061642362755,False,True,True
dpfi,separated_droplets,ID,50,43,0.9936181475985488,1.0,2.778872338162,2.799987273455,0.08237523871360904,0.08736061642362755,False,True,True
dpfi,separated_droplets,ID,50,44,0.9997169996813016,1.0,2.8202381745430003,2.799987273455,0.09924404921371449,0.08736061642362755,False,True,True
dpfi,separated_droplets,ID,50,45,0.9846566495650801,1.0,2.7939850335255,2.799987273455,0.08355468472990646,0.08736061642362755,False,True,True
dpfi,separated_droplets,ID,50,46,0.9938421373198306,1.0,2.788067548196,2.799987273455,0.08987351302621635,0.08736061642362755,False,True,True
dpfi,separated_droplets,ID,50,47,0.9890437439028794,1.0,2.7965415461055,2.799987273455,0.06956643462139767,0.08736061642362755,False,True,True
dpfi,separated_droplets,ID,50,48,1.019456086253505,1.0,2.812893115715,2.799987273455,0.08908950566721022,0.08736061642362755,False,True,True
dpfi,separated_droplets,ID,50,49,1.0030297335579124,1.0,2.812800621519,2.799987273455,0.0984044976693137,0.08736061642362755,False,True,True
dpfi,separated_droplets,ID,50,50,1.0097395202388544,1.0,2.7798291078115,2.799987273455,0.0911173087457421,0.08736061642362755,False,True,True
dpfi,separated_droplets,ID,50,51,0.9596395275181374,1.0,2.7865087590544997,2.799987273455,0.08879915618325204,0.08736061642362755,False,True,True
dpfi,separated_droplets,ID,50,52,1.0182225175887032,1.0,2.802588571405,2.799987273455,0.09315648574210796,0.08736061642362755,False,True,True
dpfi,separated_droplets,ID,50,53,0.9737139111038751,1.0,2.8048919756129997,2.799987273455,0.07645541747586887,0.08736061642362755,False,True,True
dpfi,separated_droplets,ID,50,54,0.9943494475109637,1.0,2.7695732209815,2.799987273455,0.09810885066607183,0.08736061642362755,False,True,True
dpfi,separated_droplets,ID,50,55,0.9806121601150349,1.0,2.8364554013629997,2.799987273455,0.07970478417798316,0.08736061642362755,False,True,True
dpfi,separated_droplets,ID,50,56,0.9953595116805658,1.0,2.821847803919,2.799987273455,0.08514510132236525,0.08736061642362755,False,True,True
dpfi,separated_droplets,ID,50,57,0.9914041048682956,1.0,2.833894769966,2.799987273455,0.08626468268789392,0.08736061642362755,False,True,True
dpfi,separated_droplets,ID,50,58,0.9760709597191004,1.0,2.7825688084185,2.799987273455,0.08349839981062955,0.08736061642362755,False,True,True
dpfi,separated_droplets,ID,50,59,0.999861071327951,1.0,2.762306626703,2.799987273455,0.0803982326240811,0.08736061642362755,False,True,True
dpfi,separated_droplets,ID,50,60,1.0022856598001997,1.0,2.7990573826645,2.799987273455,0.08842881355988462,0.08736061642362755,False,True,True
dpfi,separated_droplets,ID,50,61,1.0289372981997242,1.0,2.7661061055219998,2.799987273455,0.08207773665531001,0.08736061642362755,False,True,True
dpfi,separated_droplets,ID,50,62,0.9551456509928414,1.0,2.8022694312,2.799987273455,0.07089849694452502,0.08736061642362755,False,True,True
dpfi,separated_droplets,ID,50,63,0.9845456009892479,1.0,2.8168137488785003,2.799987273455,0.06570136767035184,0.08736061642362755,False,True,True
dpfi,separated_droplets,ID,100,0,1.008701946348552,1.0,2.8039133964035,2.799987273455,0.09274770641264318,0.08736061642362755,False,True,True
dpfi,separated_droplets,ID,100,1,0.9758198675195735,1.0,2.770974298325,2.799987273455,0.07694775321920763,0.08736061642362755,False,True,True
dpfi,separated_droplets,ID,100,2,1.0255141425258867,1.0,2.8107304108465003,2.799987273455,0.09659550535886749,0.08736061642362755,False,True,True
dpfi,separated_droplets,ID,100,3,0.9802782628855418,1.0,2.7867783539295,2.799987273455,0.08462952100089399,0.08736061642362755,False,True,True
dpfi,separated_droplets,ID,100,4,0.9912253346145011,1.0,2.7789004150715,2.799987273455,0.08702751406088538,0.08736061642362755,False,True,True
dpfi,separated_droplets,ID,100,5,1.0200767433405935,1.0,2.8126069846275,2.799987273455,0.08633070776932816,0.08736061642362755,False,True,True
dpfi,separated_droplets,ID,100,6,0.996863589757303,1.0,2.783930016548,2.799987273455,0.0842138995626248,0.08736061642362755,False,True,True
dpfi,separated_droplets,ID,100,7,1.0166281036015514,1.0,2.7669820907,2.799987273455,0.09438700705873407,0.08736061642362755,False,True,True
dpfi,separated_droplets,ID,100,8,0.991253483768774,1.0,2.7803736379645,2.799987273455,0.08988308841733467,0.08736061642362755,False,True,True
dpfi,separated_droplets,ID,100,9,1.0009761827049555,1.0,2.8010770376105,2.799987273455,0.0814159157067608,0.08736061642362755,False,True,True
dpfi,separated_droplets,ID,100,10,0.9803024653058748,1.0,2.807176395318,2.799987273455,0.0830781652186123,0.08736061642362755,False,True,True
dpfi,separated_droplets,ID,100,11,1.0027934001376204,1.0,2.7840860484735,2.799987273455,0.0883981875369132,0.08736061642362755,False,True,True
dpfi,separated_droplets,ID,100,12,0.9926101054619542,1.0,2.8177207492585,2.799987273455,0.09371405963900668,0.08736061642362755,False,True,True
dpfi,separated_droplets,ID,100,13,0.9869544399291789,1.0,2.787860221397,2.799987273455,0.08032114966029352,0.08736061642362755,False,True,True
dpfi,separated_droplets,ID,100,14,1.0196612504967153,1.0,2.822620172411,2.799987273455,0.09284347428474987,0.08736061642362755,False,True,True
dpfi,separated_droplets,ID,100,15,1.013954917302817,1.0,2.774553816001,2.799987273455,0.1049066739734518,0.08736061642362755,False,True,True
dpfi,separated_droplets,ID,100,16,0.960700584776889,1.0,2.818393879886,2.799987273455,0.08213347197304935,0.08736061642362755,False,True,True
dpfi,separated_droplets,ID,100,17,0.9971620089760892,1.0,2.785623565636,2.799987273455,0.08688387003024893,0.08736061642362755,False,True,True
dpfi,separated_droplets,ID,100,18,1.0177032653465676,1.0,2.7728375110185,2.799987273455,0.10854698518145327,0.08736061642362755,False,True,True
dpfi,separated_droplets,ID,100,19,0.9812819358601165,1.0,2.807229791757,2.799987273455,0.08419742871516808,0.08736061642362755,False,True,True
dpfi,separated_droplets,ID,100,20,0.9787087211595881,1.0,2.803319369144,2.799987273455,0.08295956833524294,0.08736061642362755,False,True,True
dpfi,separated_droplets,ID,100,21,0.9931691904727814,1.0,2.8015723539675,2.799987273455,0.09376086355097799,0.08736061642362755,False,True,True
dpfi,separated_droplets,ID,100,22,0.9971188270420696,1.0,2.791940495461,2.799987273455,0.07824075481305005,0.08736061642362755,False,True,True
dpfi,separated_droplets,ID,100,23,1.0189063663498192,1.0,2.8125286563435,2.799987273455,0.08927003925970642,0.08736061642362755,False,True,True
dpfi,separated_droplets,ID,100,24,0.9850471066262205,1.0,2.8146575571875,2.799987273455,0.08644853392950066,0.08736061642362755,False,True,True
dpfi,separated_droplets,ID,100,25,1.033588607842783,1.0,2.8032208240555,2.799987273455,0.09037709876930486,0.08736061642362755,False,True,True
dpfi,separated_droplets,ID,100,26,1.0037422590506824,1.0,2.8084464770195,2.799987273455,0.07786243829686054,0.08736061642362755,False,True,True
dpfi,separated_droplets,ID,100,27,0.9917559601943494,1.0,2.774433650392,2.799987273455,0.10491209249004177,0.08736061642362755,False,True,True
dpfi,separated_droplets,ID,100,28,0.9958624844022111,1.0,2.805013218587,2.799987273455,0.0797408042123301,0.08736061642362755,False,True,True
dpfi,separated_droplets,ID,100,29,1.006597471395637,1.0,2.7907711104694997,2.799987273455,0.09075671823432924,0.08736061642362755,False,True,True
dpfi,separated_droplets,ID,100,30,0.9913520782186155,1.0,2.7991006646495,2.799987273455,0.07999479745582949,0.08736061642362755,False,True,True
dpfi,separated_droplets,ID,100,31,0.9741854779618175,1.0,2.8345056675444997,2.799987273455,0.07656909496809575,0.08736061642362755,False,True,True
dpfi,separated_droplets,ID,100,32,0.9988829590939164,1.0,2.8130401315955,2.799987273455,0.08326826909381162,0.08736061642362755,False,True,True
dpfi,separated_droplets,ID,100,33,0.9766853655600174,1.0,2.7992939696965,2.799987273455,0.09186743031023235,0.08736061642362755,False,True,True
dpfi,separated_droplets,ID,100,34,1.005321194687868,1.0,2.8289050770305,2.799987273455,0.09159036117544586,0.08736061642362755,False,True,True
dpfi,separated_droplets,ID,100,35,1.0026562500777494,1.0,2.7972226379030003,2.799987273455,0.08362033455250718,0.08736061642362755,False,True,True
dpfi,separated_droplets,ID,100,36,1.0160565114212852,1.0,2.806088480584,2.799987273455,0.09153053475006456,0.08736061642362755,False,True,True
dpfi,separated_droplets,ID,100,37,0.9818739678114777,1.0,2.772587862502,2.799987273455,0.08761740182060074,0.08736061642362755,False,True,True
dpfi,separated_droplets,ID,100,38,0.9980950128326842,1.0,2.8262267341955,2.799987273455,0.0822227299859378,0.08736061642362755,False,True,True
dpfi,separated_droplets,ID,100,39,1.0135140254814197,1.0,2.7853075946040002,2.799987273455,0.09058723420449788,0.08736061642362755,False,True,True
dpfi,separated_droplets,ID,100,40,1.021814529166706,1.0,2.801385075947,2.799987273455,0.09537188289085081,0.08736061642362755,False,True,True
dpfi,separated_droplets,ID,100,41,0.998586988343064,1.0,2.7949460129125,2.799987273455,0.09321506440727859,0.08736061642362755,False,True,True
dpfi,separated_droplets,ID,100,42,1.0019161188047294,1.0,2.7917210861159996,2.799987273455,0.08677494091768875,0.08736061642362755,False,True,True
dpfi,separated_droplets,ID,100,43,1.0037730024096458,1.0,2.800691465371,2.799987273455,0.08465502221820723,0.08736061642362755,False,True,True
dpfi,separated_droplets,ID,100,44,0.9973114520541063,1.0,2.8232766024245,2.799987273455,0.0712367879194298,0.08736061642362755,False,True,True
dpfi,separated_droplets,ID,100,45,0.9952934892572354,1.0,2.8005012422325,2.799987273455,0.090738591090373,0.08736061642362755,False,True,True
dpfi,separated_droplets,ID,100,46,1.006868719686695,1.0,2.7886296768665,2.799987273455,0.07972367520962087,0.08736061642362755,False,True,True
dpfi,separated_droplets,ID,100,47,1.0133333584728232,1.0,2.7893200206615,2.799987273455,0.09476603930612387,0.08736061642362755,False,True,True
dpfi,separated_droplets,ID,100,48,1.0120524311195072,1.0,2.7931933348055002,2.799987273455,0.09637915964562907,0.08736061642362755,False,True,True
dpfi,separated_droplets,ID,100,49,0.9774067602008637,1.0,2.802888132149,2.799987273455,0.09124473416599889,0.08736061642362755,False,True,True
dpfi,separated_droplets,ID,100,50,1.0051205898652176,1.0,2.7901684300425,2.799987273455,0.08702530730630495,0.08736061642362755,False,True,True
dpfi,separated_droplets,ID,100,51,1.0172645580923074,1.0,2.7951794026770003,2.799987273455,0.0984274387923949,0.08736061642362755,False,True,True
dpfi,separated_droplets,ID,100,52,0.9981776659501961,1.0,2.7966449734724996,2.799987273455,0.09708260240727362,0.08736061642362755,False,True,True
dpfi,separated_droplets,ID,100,53,0.9888393884620688,1.0,2.8044492045695,2.799987273455,0.07708884288964113,0.08736061642362755,False,True,True
dpfi,separated_droplets,ID,100,54,0.9856058149119056,1.0,2.79631540921,2.799987273455,0.08721382427166514,0.08736061642362755,False,True,True
dpfi,separated_droplets,ID,100,55,0.990990859630742,1.0,2.7972883753930002,2.799987273455,0.08234909313587943,0.08736061642362755,False,True,True
dpfi,separated_droplets,ID,100,56,0.9767886010597748,1.0,2.7907518798845,2.799987273455,0.08455221890371957,0.08736061642362755,False,True,True
dpfi,separated_droplets,ID,100,57,1.0187756268450245,1.0,2.8330007884889996,2.799987273455,0.07895451070143919,0.08736061642362755,False,True,True
dpfi,separated_droplets,ID,100,58,0.9945697177648012,1.0,2.799561738515,2.799987273455,0.08682850620003649,0.08736061642362755,False,True,True
dpfi,separated_droplets,ID,100,59,0.9890131094808106,1.0,2.8001834429915,2.799987273455,0.07816589777187712,0.08736061642362755,False,True,True
dpfi,separated_droplets,ID,100,60,0.9970610523537105,1.0,2.808951059851,2.799987273455,0.08403946511572559,0.08736061642362755,False,True,True
dpfi,separated_droplets,ID,100,61,1.0020522581131044,1.0,2.7739129225885,2.799987273455,0.09089180685794813,0.08736061642362755,False,True,True
dpfi,separated_droplets,ID,100,62,0.9984889538438447,1.0,2.7735836586455,2.799987273455,0.08668314074019548,0.08736061642362755,False,True,True
dpfi,separated_droplets,ID,100,63,0.9998935243593429,1.0,2.8056477597205003,2.799987273455,0.08573427563540942,0.08736061642362755,False,True,True
dpfi,separated_droplets,ID,200,0,1.0008266747777528,1.0,2.7897633452450004,2.799987273455,0.09723363946585817,0.08736061642362755,False,True,True
dpfi,separated_droplets,ID,200,1,1.000301386854903,1.0,2.8045750893449997,2.799987273455,0.09157769262854745,0.08736061642362755,False,True,True
dpfi,separated_droplets,ID,200,2,0.9944038509424499,1.0,2.8143889176085,2.799987273455,0.0750806844588032,0.08736061642362755,False,True,True
dpfi,separated_droplets,ID,200,3,1.0101516028086976,1.0,2.7948826926195,2.799987273455,0.08830661203581176,0.08736061642362755,False,True,True
dpfi,separated_droplets,ID,200,4,1.0241553189008674,1.0,2.8224440195455003,2.799987273455,0.09441807928730386,0.08736061642362755,False,True,True
dpfi,separated_droplets,ID,200,5,0.9895373193046888,1.0,2.8036813553295,2.799987273455,0.07993741875593233,0.08736061642362755,False,True,True
dpfi,separated_droplets,ID,200,6,1.0237487535640504,1.0,2.7892903839185,2.799987273455,0.09758116374132356,0.08736061642362755,False,True,True
dpfi,separated_droplets,ID,200,7,0.9919815277135159,1.0,2.793335593202,2.799987273455,0.08295904659590546,0.08736061642362755,False,True,True
dpfi,separated_droplets,ID,200,8,1.0093132558440125,1.0,2.822825213874,2.799987273455,0.08149892912755827,0.08736061642362755,False,True,True
dpfi,separated_droplets,ID,200,9,0.9964830818538793,1.0,2.7953184419975,2.799987273455,0.08168612923491247,0.08736061642362755,False,True,True
dpfi,separated_droplets,ID,200,10,0.9899367628270174,1.0,2.803347151148,2.799987273455,0.08733060808591984,0.08736061642362755,False,True,True
dpfi,separated_droplets,ID,200,11,0.9985116304009175,1.0,2.786129726344,2.799987273455,0.09154895583731984,0.08736061642362755,False,True,True
dpfi,separated_droplets,ID,200,12,1.0148750259269188,1.0,2.7890463240135,2.799987273455,0.0948860345884043,0.08736061642362755,False,True,True
dpfi,separated_droplets,ID,200,13,1.0036350983950164,1.0,2.7903146088134996,2.799987273455,0.09026664781012361,0.08736061642362755,False,True,True
dpfi,separated_droplets,ID,200,14,0.9935874673007636,1.0,2.806791056684,2.799987273455,0.08648982283837042,0.08736061642362755,False,True,True
dpfi,separated_droplets,ID,200,15,0.9781723534728325,1.0,2.7720440296974997,2.799987273455,0.08832548172152811,0.08736061642362755,False,True,True
dpfi,separated_droplets,ID,200,16,1.006777760787028,1.0,2.7996160398205,2.799987273455,0.08770399906855568,0.08736061642362755,False,True,True
dpfi,separated_droplets,ID,200,17,0.9971917070422759,1.0,2.7861942957209997,2.799987273455,0.08824495733372562,0.08736061642362755,False,True,True
dpfi,separated_droplets,ID,200,18,1.002453026206915,1.0,2.8031863420245,2.799987273455,0.08641583066296342,0.08736061642362755,False,True,True
dpfi,separated_droplets,ID,200,19,0.9865411316729317,1.0,2.795083822574,2.799987273455,0.08779678650382677,0.08736061642362755,False,True,True
dpfi,separated_droplets,ID,200,20,0.9895587011790733,1.0,2.8021010210824997,2.799987273455,0.08577946946289894,0.08736061642362755,False,True,True
dpfi,separated_droplets,ID,200,21,0.9916360731905525,1.0,2.7823156556170003,2.799987273455,0.08148006155182155,0.08736061642362755,False,True,True
dpfi,separated_droplets,ID,200,22,1.003064397122162,1.0,2.8348589291465,2.799987273455,0.08384901883007523,0.08736061642362755,False,True,True
dpfi,separated_droplets,ID,200,23,1.000484250255505,1.0,2.8015642513195003,2.799987273455,0.08099186941271476,0.08736061642362755,False,True,True
dpfi,separated_droplets,ID,200,24,0.9915379177760957,1.0,2.8104345792645002,2.799987273455,0.08191494357924738,0.08736061642362755,False,True,True
dpfi,separated_droplets,ID,200,25,0.9913711555517057,1.0,2.804198241701,2.799987273455,0.0836599798883434,0.08736061642362755,False,True,True
dpfi,separated_droplets,ID,200,26,0.9845350086889523,1.0,2.7832441327975,2.799987273455,0.08882595417706535,0.08736061642362755,False,True,True
dpfi,separated_droplets,ID,200,27,1.0177493767992523,1.0,2.8047670245115,2.799987273455,0.09483153794980488,0.08736061642362755,False,True,True
dpfi,separated_droplets,ID,200,28,1.0180195362781517,1.0,2.804042385,2.799987273455,0.08496299200340085,0.08736061642362755,False,True,True
dpfi,separated_droplets,ID,200,29,1.0236777658900644,1.0,2.818748191341,2.799987273455,0.09517496106028751,0.08736061642362755,False,True,True
dpfi,separated_droplets,ID,200,30,0.9957659088966371,1.0,2.8017611791315,2.799987273455,0.09851102676532972,0.08736061642362755,False,True,True
dpfi,separated_droplets,ID,200,31,1.003192901373021,1.0,2.7983959913065,2.799987273455,0.09195495224045155,0.08736061642362755,False,True,True
dpfi,separated_droplets,ID,200,32,1.0197863715803643,1.0,2.8068677901795,2.799987273455,0.08839047638465333,0.08736061642362755,False,True,True
dpfi,separated_droplets,ID,200,33,0.9946959073866419,1.0,2.7923547497855,2.799987273455,0.09200997460534752,0.08736061642362755,False,True,True
dpfi,separated_droplets,ID,200,34,0.994999635880278,1.0,2.816847197703,2.799987273455,0.08302731554053092,0.08736061642362755,False,True,True
dpfi,separated_droplets,ID,200,35,1.0044261373041399,1.0,2.7835634759375,2.799987273455,0.08894208399566428,0.08736061642362755,False,True,True
dpfi,separated_droplets,ID,200,36,1.0035829557390867,1.0,2.7977069329865003,2.799987273455,0.09110627394100224,0.08736061642362755,False,True,True
dpfi,separated_droplets,ID,200,37,0.9972803267221623,1.0,2.7941889329175,2.799987273455,0.08272900160929827,0.08736061642362755,False,True,True
dpfi,separated_droplets,ID,200,38,1.0046520941334427,1.0,2.8121743492375,2.799987273455,0.0887207078642334,0.08736061642362755,False,True,True
dpfi,separated_droplets,ID,200,39,1.0032221708145956,1.0,2.8050833003860003,2.799987273455,0.0873973223383399,0.08736061642362755,False,True,True
dpfi,separated_droplets,ID,200,40,1.0012907643981845,1.0,2.801247200149,2.799987273455,0.09026668501182197,0.08736061642362755,False,True,True
dpfi,separated_droplets,ID,200,41,1.008249140411074,1.0,2.796731089705,2.799987273455,0.09105711347124218,0.08736061642362755,False,True,True
dpfi,separated_droplets,ID,200,42,1.0113056943299759,1.0,2.797952254307,2.799987273455,0.08789279033567378,0.08736061642362755,False,True,True
dpfi,separated_droplets,ID,200,43,1.0234887606320084,1.0,2.791616161857,2.799987273455,0.08884419952592751,0.08736061642362755,False,True,True
dpfi,separated_droplets,ID,200,44,0.9870716479620185,1.0,2.7963877039150002,2.799987273455,0.08730358940039021,0.08736061642362755,False,True,True
dpfi,separated_droplets,ID,200,45,1.011366921290463,1.0,2.8094464086865,2.799987273455,0.08660823202004042,0.08736061642362755,False,True,True
dpfi,separated_droplets,ID,200,46,0.9801568191655834,1.0,2.7942865725384998,2.799987273455,0.09083473432025219,0.08736061642362755,False,True,True
dpfi,separated_droplets,ID,200,47,0.9999589060756033,1.0,2.7737573492805,2.799987273455,0.09203023703419307,0.08736061642362755,False,True,True
dpfi,separated_droplets,ID,200,48,0.9968021400671604,1.0,2.7884004529885003,2.799987273455,0.083628684800502,0.08736061642362755,False,True,True
dpfi,separated_droplets,ID,200,49,0.9991562790053272,1.0,2.7828481164415,2.799987273455,0.09052552479896114,0.08736061642362755,False,True,True
dpfi,separated_droplets,ID,200,50,0.9891623845578164,1.0,2.8171320359115004,2.799987273455,0.07681017450573657,0.08736061642362755,False,True,True
dpfi,separated_droplets,ID,200,51,0.9970238136278654,1.0,2.800784787865,2.799987273455,0.08834556355210817,0.08736061642362755,False,True,True
dpfi,separated_droplets,ID,200,52,1.0000086306518576,1.0,2.8013203583115,2.799987273455,0.08329192782873479,0.08736061642362755,False,True,True
dpfi,separated_droplets,ID,200,53,1.002390902770901,1.0,2.7884858213449997,2.799987273455,0.0978526924337518,0.08736061642362755,False,True,True
dpfi,separated_droplets,ID,200,54,1.0026547944784432,1.0,2.8067404803234997,2.799987273455,0.08148569404862284,0.08736061642362755,False,True,True
dpfi,separated_droplets,ID,200,55,0.9875268630484378,1.0,2.804742527667,2.799987273455,0.08343493161038709,0.08736061642362755,False,True,True
dpfi,separated_droplets,ID,200,56,1.011471998297981,1.0,2.812123107492,2.799987273455,0.0852258692212014,0.08736061642362755,False,True,True
dpfi,separated_droplets,ID,200,57,0.9852378991847033,1.0,2.7984848011005,2.799987273455,0.08451380814438558,0.08736061642362755,False,True,True
dpfi,separated_droplets,ID,200,58,1.0124652035458939,1.0,2.8176432634779998,2.799987273455,0.0856932528922754,0.08736061642362755,False,True,True
dpfi,separated_droplets,ID,200,59,1.011234374943338,1.0,2.8005234558405,2.799987273455,0.08587992730891884,0.08736061642362755,False,True,True
dpfi,separated_droplets,ID,200,60,1.0215067316739783,1.0,2.798272454692,2.799987273455,0.09111604997435341,0.08736061642362755,False,True,True
dpfi,separated_droplets,ID,200,61,1.0148017508942633,1.0,2.7991707176235,2.799987273455,0.0890529202403811,0.08736061642362755,False,True,True
dpfi,separated_droplets,ID,200,62,0.9900552571213563,1.0,2.7941353871045003,2.799987273455,0.08136120463159754,0.08736061642362755,False,True,True
dpfi,separated_droplets,ID,200,63,0.9972185841450764,1.0,2.820113598732,2.799987273455,0.08004322379939122,0.08736061642362755,False,True,True
dpfi,separated_droplets,ID,400,0,0.9980845702975361,1.0,2.7893077906570003,2.799987273455,0.09034883443904994,0.08736061642362755,False,True,True
dpfi,separated_droplets,ID,400,1,0.9933722227640462,1.0,2.8091345712165,2.799987273455,0.08402047066522736,0.08736061642362755,False,True,True
dpfi,separated_droplets,ID,400,2,1.0054517231221238,1.0,2.8001256593545003,2.799987273455,0.08895078371757928,0.08736061642362755,False,True,True
dpfi,separated_droplets,ID,400,3,0.9915157286208928,1.0,2.8108831187425,2.799987273455,0.08455528659754799,0.08736061642362755,False,True,True
dpfi,separated_droplets,ID,400,4,0.9918596861271256,1.0,2.7946939520200003,2.799987273455,0.08607408863799992,0.08736061642362755,False,True,True
dpfi,separated_droplets,ID,400,5,0.9857019544676247,1.0,2.7853962861220003,2.799987273455,0.09068436700997656,0.08736061642362755,False,True,True
dpfi,separated_droplets,ID,400,6,0.9951248272577038,1.0,2.8018594199385003,2.799987273455,0.08334270274343404,0.08736061642362755,False,True,True
dpfi,separated_droplets,ID,400,7,1.0000544985488669,1.0,2.8020969294344997,2.799987273455,0.08723868947597654,0.08736061642362755,False,True,True
dpfi,separated_droplets,ID,400,8,0.9951919277185383,1.0,2.8145769705059998,2.799987273455,0.08135149617982218,0.08736061642362755,False,True,True
dpfi,separated_droplets,ID,400,9,0.9926067211204173,1.0,2.7891381775285,2.799987273455,0.09109897091576843,0.08736061642362755,False,True,True
dpfi,separated_droplets,ID,400,10,1.0020085428494108,1.0,2.8092609715185,2.799987273455,0.08973663004635218,0.08736061642362755,False,True,True
dpfi,separated_droplets,ID,400,11,1.0089997793634295,1.0,2.7932634529125,2.799987273455,0.08815167263211687,0.08736061642362755,False,True,True
dpfi,separated_droplets,ID,400,12,1.0056794905714275,1.0,2.792749085479,2.799987273455,0.09042621312323773,0.08736061642362755,False,True,True
dpfi,separated_droplets,ID,400,13,1.0105262329017997,1.0,2.8022956856784997,2.799987273455,0.08627987281279922,0.08736061642362755,False,True,True
dpfi,separated_droplets,ID,400,14,0.996045022531859,1.0,2.8066732089695003,2.799987273455,0.08686138830208015,0.08736061642362755,False,True,True
dpfi,separated_droplets,ID,400,15,1.0017780793223052,1.0,2.797839546164,2.799987273455,0.08554753405291829,0.08736061642362755,False,True,True
dpfi,separated_droplets,ID,400,16,1.004809429390222,1.0,2.7979353627475003,2.799987273455,0.09094360970222333,0.08736061642362755,False,True,True
dpfi,separated_droplets,ID,400,17,0.9888502035686919,1.0,2.7970275002,2.799987273455,0.0855197620140196,0.08736061642362755,False,True,True
dpfi,separated_droplets,ID,400,18,0.9863903370047713,1.0,2.7961849279315,2.799987273455,0.08853011291954328,0.08736061642362755,False,True,True
dpfi,separated_droplets,ID,400,19,1.005299044102208,1.0,2.8038120882965,2.799987273455,0.08889566225360598,0.08736061642362755,False,True,True
dpfi,separated_droplets,ID,400,20,0.993829193011911,1.0,2.7963155505010002,2.799987273455,0.08793648046664325,0.08736061642362755,False,True,True
dpfi,separated_droplets,ID,400,21,1.0029639306278895,1.0,2.8005225760170003,2.799987273455,0.08673927480012764,0.08736061642362755,False,True,True
dpfi,separated_droplets,ID,400,22,1.0022142974054014,1.0,2.7887804511320002,2.799987273455,0.09086615497162076,0.08736061642362755,False,True,True
dpfi,separated_droplets,ID,400,23,0.997437004618972,1.0,2.7830624542319997,2.799987273455,0.09048714811062353,0.08736061642362755,False,True,True
dpfi,separated_droplets,ID,400,24,0.9997426791677118,1.0,2.820751673468,2.799987273455,0.08449436466255926,0.08736061642362755,False,True,True
dpfi,separated_droplets,ID,400,25,0.9980914670691072,1.0,2.793828339504,2.799987273455,0.08836441294502254,0.08736061642362755,False,True,True
dpfi,separated_droplets,ID,400,26,1.0042701887847543,1.0,2.791110235615,2.799987273455,0.09398990340529491,0.08736061642362755,False,True,True
dpfi,separated_droplets,ID,400,27,0.9892193256177638,1.0,2.8058682486824997,2.799987273455,0.08732069501517448,0.08736061642362755,False,True,True
dpfi,separated_droplets,ID,400,28,1.004489350195142,1.0,2.79942268821,2.799987273455,0.08800015967023976,0.08736061642362755,False,True,True
dpfi,separated_droplets,ID,400,29,0.9955738086657858,1.0,2.795961765715,2.799987273455,0.0891499958873361,0.08736061642362755,False,True,True
dpfi,separated_droplets,ID,400,30,0.9998387655212819,1.0,2.800859740103,2.799987273455,0.09204168450371833,0.08736061642362755,False,True,True
dpfi,separated_droplets,ID,400,31,0.995220317624622,1.0,2.8074835505999998,2.799987273455,0.08691320319336115,0.08736061642362755,False,True,True
dpfi,separated_droplets,ID,400,32,0.9929873878914421,1.0,2.8040445605190003,2.799987273455,0.08633476449236141,0.08736061642362755,False,True,True
dpfi,separated_droplets,ID,400,33,0.9994201070713701,1.0,2.7917906135455,2.799987273455,0.09829874215847459,0.08736061642362755,False,True,True
dpfi,separated_droplets,ID,400,34,1.0106746973169638,1.0,2.7993608090805,2.799987273455,0.08703274253327814,0.08736061642362755,False,True,True
dpfi,separated_droplets,ID,400,35,0.9987748262091456,1.0,2.8007936860819997,2.799987273455,0.09400142821694589,0.08736061642362755,False,True,True
dpfi,separated_droplets,ID,400,36,0.9972642551055663,1.0,2.8073919863425,2.799987273455,0.08804128318083601,0.08736061642362755,False,True,True
dpfi,separated_droplets,ID,400,37,0.9952456842458631,1.0,2.7896508663145,2.799987273455,0.09038312623410885,0.08736061642362755,False,True,True
dpfi,separated_droplets,ID,400,38,1.0090832413215256,1.0,2.8057278619990003,2.799987273455,0.0908881532077433,0.08736061642362755,False,True,True
dpfi,separated_droplets,ID,400,39,0.9983404833631274,1.0,2.8031831654295,2.799987273455,0.09415825232637726,0.08736061642362755,False,True,True
dpfi,separated_droplets,ID,400,40,1.0007289244154989,1.0,2.784507852126,2.799987273455,0.0965202851429798,0.08736061642362755,False,True,True
dpfi,separated_droplets,ID,400,41,0.999004227653679,1.0,2.788698782123,2.799987273455,0.09053370271585033,0.08736061642362755,False,True,True
dpfi,separated_droplets,ID,400,42,1.0084315384635805,1.0,2.7932498163975,2.799987273455,0.08977169599603647,0.08736061642362755,False,True,True
dpfi,separated_droplets,ID,400,43,1.0002107838733312,1.0,2.7968995055240002,2.799987273455,0.0866378402769144,0.08736061642362755,False,True,True
dpfi,separated_droplets,ID,400,44,0.9989206769024911,1.0,2.7948309107775,2.799987273455,0.08828181449461842,0.08736061642362755,False,True,True
dpfi,separated_droplets,ID,400,45,1.001133742190189,1.0,2.801625223025,2.799987273455,0.09124597481593194,0.08736061642362755,False,True,True
dpfi,separated_droplets,ID,400,46,0.9975187033383052,1.0,2.8055552213299997,2.799987273455,0.08465740142404293,0.08736061642362755,False,True,True
dpfi,separated_droplets,ID,400,47,0.989914629498091,1.0,2.8072629857414997,2.799987273455,0.08217729674806454,0.08736061642362755,False,True,True
dpfi,separated_droplets,ID,400,48,0.9917778758107062,1.0,2.8054647865315,2.799987273455,0.08563676634423428,0.08736061642362755,False,True,True
dpfi,separated_droplets,ID,400,49,1.0112494288945533,1.0,2.819513424404,2.799987273455,0.08742466267518992,0.08736061642362755,False,True,True
dpfi,separated_droplets,ID,400,50,0.9868461084483835,1.0,2.8052118859490003,2.799987273455,0.08284439525352105,0.08736061642362755,False,True,True
dpfi,separated_droplets,ID,400,51,1.0075132025628422,1.0,2.812439105834,2.799987273455,0.09279799366595767,0.08736061642362755,False,True,True
dpfi,separated_droplets,ID,400,52,0.9986588743958262,1.0,2.791836120639,2.799987273455,0.08535315581848536,0.08736061642362755,False,True,True
dpfi,separated_droplets,ID,400,53,1.004613235010333,1.0,2.7969631007220004,2.799987273455,0.09008071422063818,0.08736061642362755,False,True,True
dpfi,separated_droplets,ID,400,54,1.0017221407566426,1.0,2.8054831940889997,2.799987273455,0.08886884327081429,0.08736061642362755,False,True,True
dpfi,separated_droplets,ID,400,55,1.00701838265996,1.0,2.7889705433775,2.799987273455,0.0927081457289103,0.08736061642362755,False,True,True
dpfi,separated_droplets,ID,400,56,1.001867366479003,1.0,2.8046797162040003,2.799987273455,0.08961424270215912,0.08736061642362755,False,True,True
dpfi,separated_droplets,ID,400,57,1.0102618506577885,1.0,2.7944149042855,2.799987273455,0.09271611479689693,0.08736061642362755,False,True,True
dpfi,separated_droplets,ID,400,58,0.9780499517039162,1.0,2.7945350272344998,2.799987273455,0.08568579801693768,0.08736061642362755,False,True,True
dpfi,separated_droplets,ID,400,59,0.991413025736482,1.0,2.799215799384,2.799987273455,0.08650876826499009,0.08736061642362755,False,True,True
dpfi,separated_droplets,ID,400,60,0.9989325779705778,1.0,2.7891204008669996,2.799987273455,0.08443415960023634,0.08736061642362755,False,True,True
dpfi,separated_droplets,ID,400,61,1.0002640743319002,1.0,2.8023848126189996,2.799987273455,0.09224495260635132,0.08736061642362755,False,True,True
dpfi,separated_droplets,ID,400,62,1.0122065942011504,1.0,2.8052509773375,2.799987273455,0.08867236052151437,0.08736061642362755,False,True,True
dpfi,separated_droplets,ID,400,63,1.0165072666531054,1.0,2.792064336316,2.799987273455,0.08796477480862179,0.08736061642362755,False,True,True
